time,open,high,low,close,Volume
1337779800,0.30025,0.3115,0.295625,0.311,495832800
1337866200,0.31275,0.31325,0.3005,0.30275,520433120
1337952600,0.3025,0.3125,0.3025,0.31,391754840
1338298200,0.315,0.32,0.31375,0.318,310017520
1338384600,0.3145,0.31675,0.30875,0.31425,379791720
1338471000,0.31425,0.3155,0.30675,0.31075,358192800
1338557400,0.30425,0.30725,0.299,0.2995,441098760
1338816600,0.301,0.30275,0.29075,0.29325,432972640
1338903000,0.29175,0.3025,0.29175,0.301625,365238120
1338989400,0.304,0.3105,0.30175,0.30975,369005480
1339075800,0.31425,0.316,0.297,0.29725,526863760
1339162200,0.29825,0.304,0.29775,0.303,370605320
1339421400,0.31275,0.31825,0.30575,0.3065,839227520
1339507800,0.31,0.31575,0.3095,0.31275,496409680
1339594200,0.3125,0.31325,0.303,0.3045,494800160
1339680600,0.304,0.3065,0.29775,0.30075,590061720
1339767000,0.303,0.3075,0.30025,0.30725,385483120
1340026200,0.305,0.3125,0.3025,0.31,304422640
1340112600,0.32275,0.33575,0.32125,0.330875,960560640
1340199000,0.33425,0.3425,0.33225,0.33625,972887040
1340285400,0.336,0.336,0.32025,0.320875,516495000
1340371800,0.325,0.32875,0.3205,0.324875,865357440
1340631000,0.32525,0.32625,0.3135,0.31475,494613600
1340717400,0.3165,0.3205,0.312,0.31825,437207520
1340803800,0.3185,0.33075,0.3185,0.3285,506203600
1340890200,0.3255,0.333,0.32275,0.331,546039840
1340976600,0.33875,0.34625,0.3385,0.3455,616585320
1341235800,0.34725,0.3475,0.3335025,0.336125,581696880
1341322200,0.33625,0.34575,0.336,0.345,219350920
1341495000,0.34275,0.34425,0.33625,0.3415,280117040
1341581400,0.339,0.34,0.33125,0.335,382759520
1341840600,0.333,0.3345,0.32775,0.3305,306389840
1341927000,0.327,0.33675,0.318,0.3205,512035480
1342013400,0.3215,0.3255,0.31375,0.31525,485426240
1342099800,0.31175,0.31225,0.307125,0.31,472159360
1342186200,0.31025,0.315375,0.30825,0.313875,324273120
1342445400,0.312,0.3175,0.309,0.314875,334499680
1342531800,0.316,0.31775,0.304,0.30925,447478760
1342618200,0.3085,0.331,0.307,0.3265,616132640
1342704600,0.32875,0.334,0.3265,0.329625,403035920
1342791000,0.32775,0.33,0.31675,0.320125,451070800
1343050200,0.31175,0.3267125,0.30825,0.3245,451741240
1343136600,0.325,0.327,0.317125,0.321,351170480
1343223000,0.32,0.3305275,0.3185,0.32725,415081400
1343309400,0.33325,0.337,0.32625,0.32875,338456560
1343395800,0.33,0.338,0.3275,0.336875,376514680
1343655000,0.337,0.34125,0.3305,0.33325,363548440
1343741400,0.33325,0.34325,0.332825,0.3385,387785160
1343827800,0.3405,0.34375,0.33325,0.33475,335911080
1343914200,0.333,0.341,0.3275,0.336,367910800
1344000600,0.34125,0.3465,0.33325,0.343,326545480
1344259800,0.34625,0.352,0.34575,0.35025,360470160
1344346200,0.3545,0.3575,0.35175,0.35375,407418280
1344432600,0.3535,0.3595,0.3525,0.35575,517367520
1344519000,0.35625,0.3685,0.35575,0.36775,822299520
1344605400,0.3775,0.3805,0.36075,0.365525,1278872320
1344864600,0.366,0.3705,0.3645,0.37025,447317040
1344951000,0.3715,0.372,0.36325,0.36475,388996080
1345037400,0.366,0.368965,0.360125,0.362,594416400
1345123800,0.36525,0.370625,0.364,0.3695,371146080
1345210200,0.3695,0.3695,0.363,0.36625,309921400
1345469400,0.365,0.36675,0.36075,0.36625,314649080
1345555800,0.3675,0.36975,0.3615,0.36525,340246240
1345642200,0.363,0.3675,0.36175,0.366,313591400
1345728600,0.36525,0.3655,0.35625,0.357625,379236080
1345815000,0.35775,0.36675,0.357,0.365,347722360
1346074200,0.36475,0.3657475,0.3585,0.35875,340946080
1346160600,0.356,0.36075,0.35525,0.35725,310793280
1346247000,0.357,0.36025,0.35625,0.358,250446400
1346333400,0.35725,0.3585,0.3495,0.35125,307511240
1346419800,0.35375,0.35625,0.34725,0.35075,485071560
1346765400,0.345,0.34625,0.32875,0.331875,694487680
1346851800,0.33325,0.338,0.3295,0.333,480253280
1346938200,0.3355,0.35225,0.33525,0.34325,657360640
1347024600,0.3345,0.33725,0.32375,0.335,781134080
1347283800,0.33425,0.339,0.33125,0.332,371136560
1347370200,0.33175,0.34125,0.3305,0.336,382927800
1347456600,0.33875,0.3415,0.3355,0.33975,322609360
1347543000,0.34275,0.344,0.3355,0.341875,433981720
1347629400,0.34175,0.352,0.34175,0.346,339467800
1347888600,0.34675,0.34675,0.33275,0.3365,493362520
1347975000,0.33275,0.34275,0.332375,0.33875,360006880
1348061400,0.3395,0.3475,0.3355,0.34275,451975920
1348147800,0.342,0.34375,0.3375,0.34025,320607040
1348234200,0.34075,0.34375,0.3395,0.341625,340134080
1348493400,0.33625,0.342,0.335625,0.3415,357871560
1348579800,0.346,0.3475,0.33475,0.33525,481543120
1348666200,0.334,0.334125,0.3255,0.3295,436813920
1348752600,0.33025,0.3325,0.3275,0.331875,558891400
1348839000,0.3305,0.33825,0.326125,0.3335,485521080
1349098200,0.335,0.337,0.32675,0.327875,504235320
1349184600,0.33025,0.33025,0.3255,0.32925,295488920
1349271000,0.33,0.331,0.32425,0.325875,430872960
1349357400,0.32675,0.3425,0.325,0.3405,502614200
1349443800,0.3415,0.345,0.33125,0.3325,483064680
1349703000,0.33125,0.33275,0.32675,0.32925,240593280
1349789400,0.32875,0.32975,0.32125,0.32225,366379840
1349875800,0.32075,0.32225,0.3155,0.31675,326567640
1349962200,0.31975,0.32075,0.31603,0.3185,320557520
1350048600,0.31625,0.31875,0.31375,0.31575,260692200
1350307800,0.31625,0.32,0.3125,0.31975,249577200
1350394200,0.3225,0.33,0.3195,0.328995,367757200
1350480600,0.325,0.328,0.32175,0.3265,391750640
1350567000,0.32575,0.32575,0.320125,0.3215,254775160
1350653400,0.31675,0.319,0.300875,0.302625,709768320
1350912600,0.304,0.30575,0.29675,0.29925,480857520
1350999000,0.2965,0.31025,0.29575,0.30825,573961880
1351085400,0.31025,0.3115,0.30125,0.30425,332912360
1351171800,0.30675,0.31,0.30325,0.3045,307356240
1351258200,0.305,0.30675,0.30125,0.30125,389382520
1351690200,0.3025,0.305,0.29875,0.299375,347111880
1351776600,0.301,0.314,0.30075,0.31375,473237800
1351863000,0.317,0.3175,0.31025,0.31225,256699520
1352125800,0.3115,0.32675,0.3115,0.3255,444838440
1352212200,0.32625,0.32625,0.31975,0.32525,350803760
1352298600,0.32275,0.32475,0.31375,0.315245,324616080
1352385000,0.31875,0.327,0.31625,0.317,839021440
1352471400,0.31875,0.322375,0.30375,0.30475,846322560
1352730600,0.30525,0.3065,0.295,0.297875,643726400
1352817000,0.2965,0.30325,0.2954975,0.29575,492125320
1352903400,0.2975,0.3005,0.28825,0.2885,619402960
1352989800,0.29025,0.29775,0.28775,0.28975,466746720
1353076200,0.28975,0.29075,0.27875,0.2845,624591240
1353335400,0.28975,0.2935,0.28625,0.2924575,404127800
1353421800,0.2895,0.29075,0.28425,0.28725,337043280
1353508200,0.28725,0.29625,0.287,0.2955,422310640
1353681000,0.29675,0.301,0.295125,0.2975,276930480
1353940200,0.298,0.3035,0.2975,0.302625,364610920
1354026600,0.3015,0.3085,0.299,0.303875,451402040
1354113000,0.30275,0.308,0.299,0.3065,398355000
1354199400,0.307,0.3085,0.3,0.301,488695160
1354285800,0.30075,0.303,0.2975,0.29925,460527360
1354545000,0.303,0.303,0.293,0.29375,391416080
1354631400,0.29425,0.303,0.2925,0.302375,528125920
1354717800,0.3,0.302,0.29475,0.299005,633060640
1354804200,0.29825,0.3015,0.297125,0.2995,412892640
1354890600,0.29975,0.30125,0.2955,0.298875,338297640
1355149800,0.299,0.31125,0.29825,0.309,513671720
1355236200,0.31,0.32025,0.30925,0.31625,816744320
1355322600,0.31725,0.319,0.31175,0.313,399403920
1355409000,0.3125,0.31925,0.31025,0.31325,377760920
1355495400,0.3145,0.318,0.31225,0.31475,338659680
1355754600,0.314,0.31575,0.30875,0.313375,445260480
1355841000,0.3135,0.3175,0.3125,0.314,416476880
1355927400,0.31625,0.32,0.315,0.31625,458552040
1356013800,0.3175,0.31775,0.3125,0.316,334331400
1356100200,0.31175,0.31175,0.30525,0.30875,462208760
1356359400,0.3085,0.3095,0.30525,0.30625,127526560
1356532200,0.3055,0.3104975,0.30475,0.306,196800920
1356618600,0.3065,0.307,0.3005,0.304,299801240
1356705000,0.30125,0.30725,0.30075,0.3025,220599080
1356964200,0.3015,0.30775,0.30075,0.3065,326702040
1357137000,0.314,0.31825,0.31275,0.318,478843440
1357223400,0.318,0.32175,0.3145,0.31825,298886880
1357309800,0.31875,0.32975,0.31775,0.32875,525062960
1357569000,0.3285,0.3295,0.317,0.31925,610879200
1357655400,0.32,0.321,0.31,0.3122875,466424080
1357741800,0.31475,0.31625,0.30325,0.30525,695127680
1357828200,0.308,0.3095,0.304,0.30575,506388600
1357914600,0.307,0.30725,0.30225,0.30525,513214200
1358173800,0.30725,0.30725,0.3015,0.305,305715920
1358260200,0.3035,0.3035,0.29775,0.2995,375959520
1358346600,0.299,0.30475,0.299,0.30225,337379680
1358433000,0.30325,0.3075,0.3025,0.30625,580849520
1358519400,0.30625,0.30625,0.3005,0.30425,397105320
1358865000,0.304,0.30675,0.30125,0.30275,308221080
1358951400,0.30375,0.304,0.3,0.30325,422028920
1359037800,0.30225,0.306,0.30075,0.30475,397083760
1359124200,0.30525,0.3105,0.30375,0.31025,393918120
1359383400,0.31175,0.31725,0.311,0.31525,422488280
1359469800,0.314,0.31475,0.30725,0.3085,389047960
1359556200,0.30875,0.313,0.306875,0.308,287620800
1359642600,0.308,0.3115,0.3045,0.3065,470648440
1359729000,0.309,0.31025,0.3065,0.30925,288824840
1359988200,0.3075,0.31375,0.30375,0.304,511763920
1360074600,0.3055,0.31275,0.3045,0.311,367348280
1360161000,0.3034975,0.311,0.30175,0.3085,530817960
1360247400,0.3075,0.31,0.30425,0.30725,440161240
1360333800,0.30925,0.3117475,0.30725,0.30925,307251400
1360593000,0.31175,0.315875,0.30875,0.31275,408320000
1360679400,0.309875,0.314125,0.3095,0.31075,277830640
1360765800,0.311,0.316625,0.30825,0.30925,856392960
1360852200,0.305,0.3185,0.30125,0.31825,882053120
1360938600,0.3175,0.31975,0.31125,0.318275,733874560
1361284200,0.3185,0.31875,0.312,0.313875,433552800
1361370600,0.315,0.32,0.3085,0.3095,713058560
1361457000,0.309,0.3125,0.3065,0.30725,580405320
1361543400,0.30925,0.31325,0.3075,0.313,370146560
1361802600,0.31375,0.31625,0.307,0.3075,644441240
1361889000,0.30625,0.310875,0.3052275,0.30925,487504080
1361975400,0.30925,0.31725,0.3085,0.315,476976400
1362061800,0.314,0.32125,0.31275,0.3165,591393600
1362148200,0.31425,0.31875,0.311375,0.31775,389392960
1362407400,0.3155,0.319375,0.313,0.316375,353688600
1362493800,0.31825,0.3205,0.316625,0.32,366199680
1362580200,0.322,0.325,0.31825,0.31975,342927360
1362666600,0.3215,0.32475,0.3171775,0.319,315022040
1362753000,0.31975,0.322,0.31825,0.3205,246483280
1363008600,0.31725,0.31875,0.31475,0.317375,299745480
1363095000,0.317,0.3195,0.314,0.3185,310855920
1363181400,0.3185,0.323905,0.3155,0.3185,485839840
1363267800,0.3205,0.3215,0.31675,0.31875,383301560
1363354200,0.31875,0.31875,0.31475,0.316,355792360
1363613400,0.314,0.31675,0.3115,0.31375,298311720
1363699800,0.314,0.3155,0.3095,0.31175,355476400
1363786200,0.31475,0.3165,0.311875,0.3155,340587960
1363872600,0.31375,0.31425,0.31,0.3105,339038120
1363959000,0.3115,0.31325,0.31025,0.312,232473920
1364218200,0.31375,0.314,0.308,0.31025,362080000
1364304600,0.311,0.31275,0.30975,0.3125,232563920
1364391000,0.31125,0.318,0.3105,0.31625,254950480
1364477400,0.3155,0.321,0.31325,0.32075,349273120
1364823000,0.32,0.32,0.308,0.31025,442829360
1364909400,0.3105,0.31125,0.305,0.306875,371527040
1364995800,0.3065,0.30825,0.301,0.30315,353153920
1365082200,0.30225,0.30725,0.30125,0.306125,294730000
1365168600,0.30175,0.3115,0.301,0.3115,551355000
1365427800,0.31175,0.31175,0.304875,0.31075,326656720
1365514200,0.311,0.318,0.30875,0.31575,380588920
1365600600,0.316,0.32125,0.31525,0.32075,384684200
1365687000,0.31625,0.32125,0.3075,0.31925,969226240
1365773400,0.32075,0.33075,0.318,0.32725,770570240
1366032600,0.32625,0.32725,0.3185,0.3205,430466720
1366119000,0.3235,0.32625,0.32175,0.324,468845160
1366205400,0.3215,0.3245,0.31775,0.319625,533013120
1366291800,0.3205,0.3225,0.3135,0.3135,402547520
1366378200,0.31325,0.315125,0.30925,0.31425,303031880
1366637400,0.314,0.3175,0.3115,0.31475,245564680
1366723800,0.3175,0.32625,0.317,0.323,377017640
1366810200,0.324,0.33675,0.32375,0.334,556591720
1366896600,0.33575,0.3375,0.33275,0.33675,353226400
1366983000,0.33625,0.33675,0.333375,0.33525,324350800
1367242200,0.33575,0.3405,0.33425,0.33925,269710000
1367328600,0.34,0.34425,0.33775,0.34425,276715160
1367415000,0.34425,0.3465,0.3400625,0.34125,341312800
1367501400,0.341,0.34625,0.339,0.34525,323490000
1367587800,0.3475,0.34925,0.3455,0.34675,293863760
1367847000,0.34675,0.348625,0.34375,0.34575,217135920
1367933400,0.34575,0.3465,0.338,0.34125,448066400
1368019800,0.34175,0.3495,0.3405,0.347475,334101560
1368106200,0.34125,0.34925,0.34075,0.34775,566798600
1368192600,0.355,0.365,0.355,0.3635,861259520
1368451800,0.361,0.3625,0.3545,0.356,290057800
1368538200,0.36025,0.36425,0.356625,0.36125,454136880
1368624600,0.3595,0.36875,0.3595,0.367375,313220000
1368711000,0.367,0.37075,0.3645,0.36575,308370480
1368797400,0.3675,0.37425,0.36475,0.37175,312151240
1369056600,0.37025,0.372375,0.369,0.371,236378920
1369143000,0.37125,0.3745,0.366875,0.373,357802200
1369229400,0.3745,0.3745,0.3585,0.36,480405480
1369315800,0.35575,0.366875,0.35475,0.36575,393882360
1369402200,0.36375,0.36675,0.3595,0.3635,283301240
1369747800,0.36625,0.36725,0.35975,0.36325,279296560
1369834200,0.361,0.3632525,0.3595,0.361,335048280
1369920600,0.3605,0.369375,0.3595,0.36575,284520160
1370007000,0.36375,0.369,0.36175,0.36175,577517640
1370266200,0.36225,0.365,0.35375,0.36125,444480920
1370352600,0.3635,0.37,0.3595,0.36175,363672200
1370439000,0.36125,0.364,0.353,0.354,464537800
1370525400,0.354,0.359,0.35375,0.35625,341083600
1370611800,0.35875,0.3635,0.35725,0.361125,274581880
1370871000,0.36025,0.36325,0.35825,0.361,224157040
1370957400,0.35625,0.36125,0.35425,0.35425,296349360
1371043800,0.356,0.358875,0.34925,0.35125,312584840
1371130200,0.35,0.361,0.34975,0.35925,236301560
1371216600,0.3605,0.361025,0.35625,0.35875,236010480
1371475800,0.3615,0.3655,0.3595,0.36225,255332200
1371562200,0.364,0.368,0.357,0.36,486771400
1371648600,0.36325,0.387,0.362,0.371,1159730560
1371735000,0.368,0.3685,0.358375,0.361,628693760
1371821400,0.363,0.36425,0.3545,0.360375,714262400
1372080600,0.35525,0.35975,0.34775,0.353,580770800
1372167000,0.35675,0.3575,0.35175,0.3555,457411560
1372253400,0.3595,0.359875,0.352,0.3535,579816560
1372339800,0.3545,0.355,0.3465,0.35025,808033920
1372426200,0.35025,0.3545,0.34575,0.351,431534200
1372685400,0.3535,0.35425,0.3503725,0.3525,199523600
1372771800,0.3505,0.3575,0.349,0.35225,256390920
1372858200,0.34925,0.3575,0.34925,0.35325,140385040
1373031000,0.35425,0.35675,0.351875,0.356,184696080
1373290200,0.357,0.35875,0.35225,0.354125,262083600
1373376600,0.355,0.3581875,0.354,0.356025,157362680
1373463000,0.356,0.36175,0.355,0.36075,208313280
1373549400,0.36275,0.36625,0.362,0.36575,239842200
1373635800,0.365,0.3695,0.36375,0.366,216359080
1373895000,0.36675,0.36675,0.3595,0.36525,201330920
1373981400,0.36675,0.36925,0.364875,0.36725,162566960
1374067800,0.36725,0.3685,0.36425,0.36525,166215480
1374154200,0.36475,0.366,0.359,0.36375,344574200
1374240600,0.3615,0.36325,0.35225,0.356,480540480
1374499800,0.35875,0.362,0.35425,0.35575,292392640
1374586200,0.36025,0.36025,0.3535,0.35525,246791400
1374672600,0.3585,0.3595,0.35475,0.35525,284250800
1374759000,0.355,0.361125,0.3525,0.3565,243317360
1374845400,0.35225,0.357125,0.35225,0.355,227360000
1375104600,0.35425,0.35875,0.35325,0.35425,179539200
1375191000,0.3555,0.365,0.35525,0.36025,266114520
1375277400,0.3585,0.3645,0.35825,0.360875,270159680
1375363800,0.36225,0.36675,0.358,0.366,277645160
1375450200,0.36525,0.36975,0.36275,0.369,209627040
1375709400,0.368,0.372,0.366125,0.37075,185208600
1375795800,0.371,0.37175,0.3645,0.36525,206609200
1375882200,0.36325,0.36875,0.363,0.365,244528280
1375968600,0.367,0.369125,0.36275,0.367475,345695480
1376055000,0.353,0.36775,0.35275,0.36225,906233600
1376314200,0.3475,0.3645,0.32775,0.35925,257566560
1376400600,0.35975,0.362,0.3575,0.3605,197678120
1376487000,0.35975,0.378,0.3595,0.37575,828800000
1376573400,0.37175,0.38125,0.37025,0.378125,723615360
1376659800,0.3775,0.385,0.37675,0.379725,660454520
1376919000,0.3775,0.37875,0.3735,0.37375,393432360
1377005400,0.37175,0.37625,0.37125,0.37375,234214840
1377091800,0.3715,0.37625,0.3705,0.372,261548920
1377178200,0.37175,0.3775,0.37175,0.374,129100000
1377264600,0.3745,0.3775,0.37325,0.374,245273280
1377523800,0.37425,0.37575,0.37325,0.374875,300330800
1377610200,0.37125,0.37375,0.36875,0.370125,277460920
1377696600,0.37075,0.3735,0.3685,0.37,318824200
1377783000,0.36875,0.37275,0.36775,0.36925,276217960
1377869400,0.3695,0.3705,0.367,0.36875,378119520
1378215000,0.36975,0.37425,0.36675,0.369,284682040
1378301400,0.369,0.37475,0.3685,0.3725,222107800
1378387800,0.371,0.375,0.37075,0.3735,174901240
1378474200,0.37375,0.37575,0.369125,0.372,226760640
1378733400,0.375,0.37825,0.374,0.378125,246454360
1378819800,0.381,0.3865,0.37925,0.38625,292242960
1378906200,0.38575,0.39375,0.383075,0.39275,396165640
1378992600,0.39075,0.3975,0.39075,0.3925,303817200
1379079000,0.39375,0.39675,0.391,0.395,159696720
1379338200,0.39825,0.4009998,0.39375,0.39525,235574360
1379424600,0.39675,0.39975,0.395,0.3965,168627360
1379511000,0.39675,0.4009998,0.39475,0.399975,268173760
1379597400,0.4017503,0.4025003,0.3965,0.398125,227571240
1379683800,0.39925,0.401725,0.394,0.394875,356033440
1379943000,0.3945,0.39775,0.38875,0.391,271249200
1380029400,0.39125,0.394,0.389,0.3925,229730320
1380115800,0.39175,0.396,0.39,0.393125,233375000
1380202200,0.394,0.39475,0.3895,0.39175,148814680
1380288600,0.38875,0.392,0.38725,0.3895,151931040
1380547800,0.3855,0.39175,0.38325,0.389,226766400
1380634200,0.3895,0.391375,0.386625,0.38875,227096080
1380720600,0.38475,0.39,0.38475,0.3885,162035760
1380807000,0.38875,0.3923,0.382625,0.3845,436766240
1380893400,0.384,0.393,0.383,0.38975,246228920
1381152600,0.38825,0.3925,0.38625,0.38975,169951880
1381239000,0.38875,0.39425,0.3835,0.3865,290719680
1381325400,0.389,0.38925,0.3785,0.3805,275862040
1381411800,0.38325,0.38575,0.3805,0.384625,223493760
1381498200,0.37875,0.3835,0.3775,0.3815,213704520
1381757400,0.3805,0.38725,0.3805,0.38725,166628120
1381843800,0.38725,0.3894975,0.385,0.38525,208867800
1381930200,0.3875,0.3915,0.387,0.39,210071240
1382016600,0.387,0.39175,0.387,0.39075,213322520
1382103000,0.39,0.3965,0.3885,0.39525,255066080
1382362200,0.4,0.4002497,0.395,0.39625,195009680
1382448600,0.39625,0.3965,0.39075,0.39425,179465920
1382535000,0.3935,0.3935,0.38625,0.387525,252231080
1382621400,0.3885,0.391,0.3841,0.384625,236435920
1382707800,0.38675,0.387,0.37975,0.381,330502040
1382967000,0.3805,0.38225,0.375,0.38025,394022640
1383053400,0.37975,0.3815,0.37625,0.38075,387952600
1383139800,0.382,0.38375,0.37725,0.3805,204030520
1383226200,0.381,0.38375,0.379,0.379725,293369120
1383312600,0.38175,0.38325,0.37875,0.381375,206137080
1383575400,0.38275,0.38275,0.36975,0.3705,410284760
1383661800,0.36825,0.371625,0.36425,0.37,422375160
1383748200,0.37,0.37275,0.36625,0.3725,198044280
1383834600,0.37125,0.37225,0.363,0.363625,553076360
1383921000,0.375,0.39025,0.373375,0.389,734575160
1384180200,0.3875,0.39325,0.38675,0.39225,297689000
1384266600,0.394,0.39625,0.3885,0.392875,316045520
1384353000,0.392,0.40375,0.39125,0.40375,332797680
1384439400,0.4025,0.407875,0.40225,0.4055,307980240
1384525800,0.407,0.4075,0.40025,0.40425,450331640
1384785000,0.3955,0.399,0.3935,0.3945,316994560
1384871400,0.3905,0.394,0.3855,0.386,206717360
1384957800,0.38625,0.38725,0.3795,0.38025,204774120
1385044200,0.38075,0.384,0.379,0.38325,213566240
1385130600,0.38375,0.38375,0.37875,0.3795,158667360
1385389800,0.3795,0.38825,0.3795,0.38775,248207760
1385476200,0.392,0.395125,0.389375,0.391,753215160
1385562600,0.39075,0.393625,0.38825,0.3925,181273480
1385735400,0.3925,0.3935,0.3875,0.39,116963680
1385994600,0.3885,0.3965,0.38775,0.39375,373873920
1386081000,0.39375,0.398875,0.391,0.3935,290560840
1386167400,0.3925,0.39975,0.391375,0.399,493177080
1386253800,0.39975,0.39975,0.392,0.3925,271812560
1386340200,0.39725,0.39725,0.38575,0.38675,281000560
1386599400,0.38675,0.388,0.3795,0.380125,385311200
1386685800,0.38025,0.39075,0.37975,0.389,524272840
1386772200,0.38975,0.39025,0.3845,0.38525,414155800
1386858600,0.384,0.386,0.377,0.37775,258722840
1386945000,0.3785,0.38125,0.375,0.3755,184592960
1387204200,0.37575,0.37925,0.3755,0.376,237780120
1387290600,0.37575,0.37875,0.3725,0.37775,274271480
1387377000,0.3785,0.38375,0.37375,0.383,426231480
1387463400,0.3825,0.385,0.38,0.3845,258621280
1387549800,0.38525,0.3925,0.38425,0.392125,382080680
1387809000,0.3945,0.39775,0.39125,0.3945,168567520
1387895400,0.39675,0.39675,0.3915,0.3955,79601360
1388068200,0.397,0.398125,0.39075,0.39175,168920160
1388154600,0.39375,0.39475,0.3915,0.394,210977000
1388413800,0.39425,0.3995,0.39375,0.39925,248210680
1388500200,0.4,0.4025,0.3975,0.4005,235785240
1388673000,0.398,0.3995,0.393,0.3965,260091840
1388759400,0.39725,0.3980025,0.3905,0.39175,259331520
1389018600,0.39575,0.4,0.392,0.397,409496680
1389105000,0.401,0.405,0.398125,0.4035,333286800
1389191400,0.405,0.411,0.4035,0.409,308199200
1389277800,0.40275,0.4035,0.3925,0.39375,292203160
1389364200,0.395,0.39775,0.38975,0.39325,218493360
1389623400,0.39325,0.395625,0.38325,0.384,243331960
1389709800,0.386,0.39675,0.38425,0.396,241826520
1389796200,0.39775,0.401625,0.396,0.40025,175042840
1389882600,0.40025,0.40225,0.3985025,0.4015,220655960
1389969000,0.4015,0.40625,0.39725,0.39975,340400760
1390314600,0.40025,0.40375,0.397,0.40125,246076640
1390401000,0.402,0.4025,0.396,0.40075,337939800
1390487400,0.3995,0.40375,0.39625,0.39925,185026880
1390573800,0.396,0.3975,0.389,0.389,248247480
1390833000,0.389,0.3945,0.38425,0.3865,233812400
1390919400,0.38575,0.3905,0.38425,0.39025,167994040
1391005800,0.38875,0.391,0.38625,0.3865,158521520
1391092200,0.38875,0.39375,0.3875,0.393,202894240
1391178600,0.3875,0.39475,0.38725,0.3925,335346400
1391437800,0.39525,0.39575,0.38575,0.38725,431727600
1391524200,0.387,0.39025,0.385,0.3895,280693480
1391610600,0.38675,0.388,0.383,0.386,214677280
1391697000,0.3865,0.392,0.386,0.391,168381640
1391783400,0.392,0.39725,0.3885,0.39675,157366240
1392042600,0.39625,0.40325,0.395875,0.398,324373480
1392129000,0.40025,0.40725,0.3982525,0.40625,235490920
1392215400,0.4075,0.42375,0.4075,0.42075,745630040
1392301800,0.43125,0.4365,0.42375,0.434,902896200
1392388200,0.43,0.44875,0.42975,0.44775,817698120
1392733800,0.448,0.4495,0.44375,0.4475,429095000
1392820200,0.4475,0.4575,0.4455,0.4535,450460600
1392906600,0.4545,0.470375,0.45375,0.4695,398091800
1392993000,0.46875,0.47475,0.463,0.466,451053040
1393252200,0.465,0.47625,0.46075,0.47275,403258400
1393338600,0.47,0.472,0.4635,0.4685,242521320
1393425000,0.4675,0.4745,0.46625,0.46775,360897440
1393511400,0.46775,0.4725,0.46125,0.4625,388846720
1393597800,0.46,0.4645,0.45286,0.4595,321690720
1393857000,0.44925,0.45725,0.44525,0.45725,375946920
1393943400,0.4595,0.465,0.45875,0.462,260517120
1394029800,0.4615,0.46625,0.4595,0.466,241493920
1394116200,0.46675,0.46925,0.45875,0.4595,290143720
1394202600,0.4615,0.46225,0.455375,0.459,268455240
1394458200,0.4575,0.4595,0.45025,0.45225,300893960
1394544600,0.4545,0.46075,0.453,0.45675,297339080
1394631000,0.4545,0.46075,0.45275,0.458,239537400
1394717400,0.459,0.46075,0.44125,0.4435,385172120
1394803800,0.439,0.4495,0.439,0.4455,460046040
1395063000,0.44675,0.45,0.445,0.4455,299712400
1395149400,0.44725,0.459,0.44525,0.456,293904640
1395235800,0.4595,0.47275,0.45825,0.463875,366166560
1395322200,0.4615,0.46825,0.4595,0.46425,191801400
1395408600,0.46825,0.472,0.461,0.4635,566117040
1395667800,0.46375,0.4675,0.4545,0.46125,306095440
1395754200,0.46625,0.46675,0.45775,0.46125,304424200
1395840600,0.4655,0.47425,0.44675,0.45075,557777560
1395927000,0.44975,0.4535,0.439625,0.44475,540735120
1396013400,0.444,0.45025,0.44275,0.4475,398829480
1396272600,0.44825,0.45225,0.445125,0.44775,273402320
1396359000,0.462,0.47175,0.4565,0.46625,656322320
1396445400,0.46625,0.46725,0.46125,0.46325,239946640
1396531800,0.46425,0.479625,0.464,0.46825,599664040
1396618200,0.47075,0.4735,0.451625,0.45375,368033040
1396877400,0.454,0.464,0.4515,0.45525,428576280
1396963800,0.45525,0.47275,0.4545075,0.4715,470693680
1397050200,0.47375,0.47775,0.46725,0.471,421967680
1397136600,0.469,0.4755,0.458,0.4595,372875200
1397223000,0.456,0.463,0.447,0.453,353111640
1397482200,0.456,0.45975,0.453,0.458,290185920
1397568600,0.4585,0.46375,0.454,0.46125,304636840
1397655000,0.4635,0.464,0.456375,0.46225,235137320
1397741400,0.4605,0.46825,0.4595,0.464,153533000
1398087000,0.46425,0.469,0.46125,0.46775,117003400
1398173400,0.4685,0.47475,0.466,0.47175,255162400
1398259800,0.4725,0.4785,0.47175,0.47725,261584320
1398346200,0.4805,0.4865,0.4805,0.4815,391500120
1398432600,0.4805,0.485,0.46725,0.46825,313600480
1398691800,0.472,0.4745,0.4605,0.46625,226787960
1398778200,0.468,0.468925,0.462,0.46725,171319760
1398864600,0.4665,0.467,0.46075,0.46175,305778960
1398951000,0.46875,0.46975,0.4605,0.46425,198107560
1399037400,0.4665,0.4665,0.458,0.46075,156375120
1399296600,0.46025,0.46925,0.45975,0.46575,239258280
1399383000,0.47025,0.47425,0.455,0.45625,416189680
1399469400,0.45625,0.4605,0.45175,0.456875,294017600
1399555800,0.455,0.46975,0.45275,0.4625,432739600
1399642200,0.4485,0.45275,0.44275,0.45125,539530400
1399901400,0.45225,0.4655,0.452,0.4645,299854120
1399987800,0.45825,0.46575,0.4555,0.457,221103880
1400074200,0.45725,0.459,0.45225,0.4525,214321360
1400160600,0.4515,0.454,0.4455,0.45,325914480
1400247000,0.4465,0.45225,0.4465,0.449,283958320
1400506200,0.45375,0.466,0.45175,0.4635,360081040
1400592600,0.4615,0.46275,0.45375,0.456,256200200
1400679000,0.45775,0.461625,0.453125,0.456,216711000
1400765400,0.455,0.4605,0.455,0.458,130383520
1400851800,0.4605,0.4645,0.45775,0.46225,182657520
1401197400,0.465,0.4705,0.4635,0.4705,209680200
1401283800,0.47225,0.4775,0.46775,0.4745,224714080
1401370200,0.47425,0.47825,0.47275,0.47375,171883200
1401456600,0.47375,0.47625,0.47125,0.475,239116520
1401715800,0.4765,0.4795,0.4695,0.4735,181498840
1401802200,0.4745,0.475,0.46525,0.4715,243210360
1401888600,0.47025,0.4755,0.47,0.472,161234320
1401975000,0.47275,0.4755,0.47,0.474,188694960
1402061400,0.47625,0.48,0.4745,0.47575,161050760
1402320600,0.47525,0.48075,0.472,0.47625,247454240
1402407000,0.4745,0.481,0.4725,0.47875,217606480
1402493400,0.477,0.486125,0.477,0.485,266230920
1402579800,0.485,0.49025,0.48075,0.488,337161880
1402666200,0.493,0.49325,0.48375,0.4885,227851240
1402925400,0.48625,0.49025,0.48275,0.487,198618880
1403011800,0.4875,0.49225,0.485,0.49025,157614120
1403098200,0.489,0.492,0.4845,0.48975,215535240
1403184600,0.48075,0.48325,0.475,0.47845,474592880
1403271000,0.47975,0.481375,0.4695,0.47325,353146320
1403530200,0.467,0.468,0.4615,0.46775,414201280
1403616600,0.467,0.47075,0.4585,0.4605,275779200
1403703000,0.46175,0.4655,0.4575,0.46525,215419560
1403789400,0.46525,0.4655,0.4575,0.459,256906840
1403875800,0.4585,0.46225,0.45575,0.4595,302820640
1404135000,0.45775,0.46475,0.45775,0.4635,180567360
1404221400,0.463,0.471375,0.4615,0.46875,321185000
1404307800,0.467,0.469,0.46425,0.4670625,179283840
1404394200,0.46275,0.4725,0.46275,0.47125,136890240
1404739800,0.472,0.47225,0.46675,0.4675,127499320
1404826200,0.46625,0.46825,0.45925,0.46375,222001400
1404912600,0.46775,0.47975,0.46425,0.47775,387670600
1404999000,0.46875,0.47725,0.465,0.475125,266309560
1405085400,0.47575,0.47775,0.474,0.47625,191216720
1405344600,0.47825,0.4835,0.4765,0.48225,272634680
1405431000,0.483,0.4855,0.47975,0.48425,395439240
1405517400,0.48625,0.49,0.481,0.48375,319728400
1405603800,0.47825,0.4875,0.47825,0.4825,324916800
1405690200,0.4725,0.47625,0.46025,0.461,567856680
1405949400,0.45925,0.467,0.45925,0.46375,243368920
1406035800,0.46725,0.46975,0.46075,0.46175,298816800
1406122200,0.462,0.46225,0.4515,0.452,297351800
1406208600,0.4545,0.45575,0.4495,0.45275,254577320
1406295000,0.45125,0.45225,0.444,0.44475,266134680
1406554200,0.44675,0.44675,0.435375,0.443,330353960
1406640600,0.44325,0.4505,0.443,0.4445,217973080
1406727000,0.44725,0.45325,0.446,0.452,246202920
1406813400,0.4465,0.45,0.436625,0.4375,401916680
1406899800,0.4375,0.44475,0.436,0.44225,219882400
1407159000,0.44175,0.4455,0.439,0.44125,241742160
1407245400,0.44,0.448,0.43625,0.4415,298337360
1407331800,0.4385,0.4465,0.43525,0.441,223458800
1407418200,0.44475,0.44875,0.4335,0.4365,408013800
1407504600,0.4555,0.4775,0.4555,0.475,894643240
1407763800,0.4755,0.4775,0.47125,0.4725,344622280
1407850200,0.47225,0.475,0.46725,0.4725,296151360
1407936600,0.47325,0.47925,0.47025,0.47525,256594960
1408023000,0.477,0.477,0.468,0.47,255991240
1408109400,0.4715,0.478625,0.467,0.476,369975320
1408368600,0.478,0.483,0.47325,0.4825,284115800
1408455000,0.4805,0.48675,0.47875,0.48425,248259960
1408541400,0.4825,0.48475,0.480125,0.48125,221469840
1408627800,0.48,0.4825,0.476,0.47675,272795280
1408714200,0.47625,0.481,0.47325,0.477,251223280
1408973400,0.479,0.48225,0.47675,0.47775,153378160
1409059800,0.479,0.48725,0.47725,0.486375,269638320
1409146200,0.48325,0.486875,0.48,0.48075,182973440
1409232600,0.47975,0.48575,0.47825,0.48475,179705120
1409319000,0.4865,0.48725,0.48125,0.48625,207950440
1409664600,0.4875,0.4875,0.482875,0.487375,192635320
1409751000,0.49,0.49375,0.48675,0.492125,259457160
1409837400,0.49125,0.50375,0.491,0.50075,491832200
1409923800,0.50025,0.5025,0.496,0.49925,253795840
1410183000,0.49875,0.49975,0.49275,0.49475,319289800
1410269400,0.4925,0.49575,0.488,0.4885,198592240
1410355800,0.49125,0.492125,0.485625,0.49025,172377400
1410442200,0.48675,0.4885,0.48,0.48525,250719440
1410528600,0.48825,0.48825,0.477375,0.478,262536360
1410787800,0.4795,0.48025,0.4695,0.4715,294156080
1410874200,0.47025,0.481,0.46875,0.478375,219939080
1410960600,0.47725,0.48325,0.475,0.47875,173584040
1411047000,0.48175,0.4865,0.48025,0.486,219604800
1411133400,0.4875,0.488,0.47625,0.477,601336960
1411392600,0.48675,0.48675,0.47175,0.47225,221463920
1411479000,0.46975,0.4755,0.468,0.47025,196144160
1411565400,0.47,0.4745,0.4695,0.473,159598440
1411651800,0.4725,0.47375,0.46175,0.46275,298439760
1411738200,0.46425,0.46725,0.46225,0.463625,241188080
1411997400,0.46,0.46625,0.45559,0.462875,208543400
1412083800,0.461,0.4645,0.4557525,0.46125,277205200
1412170200,0.462,0.46525,0.4555,0.45675,351004840
1412256600,0.456,0.45825,0.44425,0.45475,288994440
1412343000,0.4575,0.46375,0.45575,0.45575,239138960
1412602200,0.4575,0.46125,0.45,0.453,199031080
1412688600,0.451,0.455375,0.447625,0.448125,301897560
1412775000,0.44775,0.45875,0.44425,0.4565,260171360
1412861400,0.4545,0.454875,0.444,0.44775,306999280
1412947800,0.44425,0.44575,0.421,0.421125,691376880
1413207000,0.424,0.4325,0.41925,0.419625,397629200
1413293400,0.4255,0.44125,0.423,0.429375,376619520
1413379800,0.42325,0.43825,0.420375,0.436,404439120
1413466200,0.42825,0.44125,0.42725,0.43625,351117760
1413552600,0.4415,0.446625,0.43375,0.4355,290740760
1413811800,0.4355,0.443125,0.4325,0.43925,200336160
1413898200,0.4425,0.4585,0.44125,0.458,351130880
1413984600,0.45725,0.45875,0.44725,0.44725,239516840
1414071000,0.455,0.4605,0.45175,0.457125,214699760
1414157400,0.46,0.46475,0.457125,0.462,210166080
1414416600,0.46175,0.464,0.45675,0.46225,145111280
1414503000,0.461,0.473875,0.4605,0.47325,192578120
1414589400,0.47125,0.474,0.466,0.470125,168340160
1414675800,0.469,0.471,0.46125,0.46725,170258040
1414762200,0.478,0.48875,0.4755,0.4885,256330640
1415025000,0.49975,0.5015,0.49425,0.49675,308794040
1415111400,0.5,0.505,0.49175,0.50325,360195440
1415197800,0.50625,0.506375,0.4995,0.50325,335650280
1415284200,0.50425,0.50625,0.4965,0.5055,394088040
1415370600,0.51125,0.5171475,0.48975,0.49475,450798480
1415629800,0.49425,0.5037525,0.493,0.5005,293388960
1415716200,0.4975,0.50025,0.490125,0.4945,213010800
1415802600,0.49275,0.494,0.4845,0.491125,204582760
1415889000,0.493,0.493725,0.48475,0.48875,225329560
1415975400,0.48925,0.49475,0.484375,0.494625,160247240
1416234600,0.4925,0.49775,0.48925,0.492375,158731800
1416321000,0.49275,0.5055,0.4915,0.50425,207772480
1416407400,0.5025,0.504,0.495,0.50025,240301680
1416493800,0.49675,0.509,0.49525,0.5085,220969040
1416580200,0.513,0.51375,0.507,0.511375,198977640
1416839400,0.5125,0.51675,0.5105,0.5145,136005000
1416925800,0.5135,0.518,0.5125,0.51425,190240840
1417012200,0.51125,0.5235,0.511,0.522875,219265360
1417185000,0.52475,0.52725,0.52007,0.52425,124831240
1417444200,0.522,0.525,0.51375,0.5145,190060280
1417530600,0.514,0.5175,0.50925,0.51525,245951920
1417617000,0.51775,0.52875,0.51625,0.5285,284457040
1417703400,0.52775,0.52975,0.52025,0.52375,186631080
1417789800,0.524,0.5295,0.52375,0.52675,165681120
1418049000,0.526,0.53125,0.51575,0.52,227068400
1418135400,0.51675,0.5195,0.509,0.51825,239447520
1418221800,0.51675,0.51875,0.506125,0.50675,204714240
1418308200,0.50975,0.51325,0.5055,0.5065,135652080
1418394600,0.49975,0.50425,0.49025,0.49075,324146480
1418653800,0.4965,0.5055,0.487775,0.48925,254696720
1418740200,0.48875,0.4965,0.4835,0.483625,185309040
1418826600,0.4935,0.50425,0.4775,0.5035,345597400
1418913000,0.50975,0.51575,0.50075,0.5055,226157560
1418999400,0.509,0.5125,0.50425,0.5105,325529200
1419258600,0.51,0.5195,0.50825,0.5195,148974280
1419345000,0.5235,0.526,0.515625,0.51625,109279320
1419431400,0.5175,0.518125,0.51375,0.51425,45645120
1419604200,0.51425,0.5175,0.513,0.51475,52644000
1419863400,0.51325,0.5175,0.51075,0.514,83325120
1419949800,0.5105,0.513,0.5085,0.50925,112120400
1420036200,0.51,0.51275,0.49975,0.50125,166318320
1420209000,0.50325,0.507,0.495275,0.50325,113680480
1420468200,0.50325,0.50475,0.4925,0.49475,197951960
1420554600,0.4955,0.496,0.47925,0.47975,197764840
1420641000,0.48325,0.4875,0.477,0.478375,321807440
1420727400,0.484,0.4995,0.48375,0.4965,283781360
1420813800,0.49825,0.50225,0.491375,0.4985,209544040
1421073000,0.49975,0.499875,0.48775,0.49225,190732280
1421159400,0.496,0.506,0.488125,0.491375,236718400
1421245800,0.48625,0.495,0.485,0.4935,155261240
1421332200,0.497,0.5,0.48975,0.49,188950280
1421418600,0.48925,0.4995,0.48775,0.499,181512000
1421764200,0.5025,0.50525,0.49425,0.5005,140308760
1421850600,0.49775,0.50875,0.49425,0.5075,144779760
1421937000,0.5085,0.517625,0.50325,0.51625,159712400
1422023400,0.51675,0.518625,0.5125,0.51775,120415560
1422282600,0.5155,0.518,0.51225,0.515375,133240320
1422369000,0.5075,0.508,0.48975,0.49075,357948840
1422455400,0.49675,0.49875,0.4825,0.48275,272728560
1422541800,0.483,0.49725,0.48075,0.4945,235341240
1422628200,0.491,0.496725,0.47925,0.480125,298198720
1422887400,0.483,0.4925,0.4735,0.4905,259605960
1422973800,0.494,0.50325,0.4915,0.50275,183466800
1423060200,0.50125,0.509625,0.499625,0.504,181514880
1423146600,0.5045,0.5125,0.504,0.512125,140447800
1423233000,0.51175,0.51775,0.50775,0.51,210522920
1423492200,0.507,0.511,0.50375,0.5095,273967720
1423578600,0.51,0.524,0.50775,0.52375,226204520
1423665000,0.525,0.525,0.51675,0.52025,320831120
1423751400,0.55,0.5625,0.54675,0.5575,676903520
1423837800,0.55625,0.5585,0.54775,0.55775,310085960
1424183400,0.55675,0.56225,0.55325,0.559375,203338640
1424269800,0.55875,0.55975,0.552,0.553,170959880
1424356200,0.56,0.561,0.552,0.554375,169430400
1424442600,0.554,0.55875,0.55,0.558375,157752800
1424701800,0.55825,0.55825,0.55125,0.554,125036720
1424788200,0.554,0.55775,0.549,0.55775,149332720
1424874600,0.5555,0.558,0.550875,0.5535,123821040
1424961000,0.554,0.558125,0.5505,0.555,152863880
1425047400,0.5535,0.55475,0.549525,0.5515,157490920
1425306600,0.55,0.568,0.549275,0.564875,301511240
1425393000,0.56075,0.5635,0.55275,0.5545,160345520
1425479400,0.5525,0.562,0.55025,0.56075,226839880
1425565800,0.56075,0.5725,0.55925,0.5715,323057000
1425652200,0.56825,0.571,0.563125,0.56375,257392280
1425907800,0.564,0.5695,0.56275,0.56525,222387720
1425994200,0.56775,0.578725,0.56675,0.574875,527210680
1426080600,0.575,0.5825,0.570375,0.572,262118600
1426167000,0.5665,0.57075,0.556,0.56675,406970400
1426253400,0.564,0.569,0.55625,0.5675,359287520
1426512600,0.572,0.57775,0.56825,0.57425,236954560
1426599000,0.573,0.5815,0.569,0.58125,299942240
1426685400,0.58125,0.58425,0.5665,0.57175,413843360
1426771800,0.57375,0.5825,0.5695,0.580375,310754360
1426858200,0.58525,0.590125,0.57975,0.58675,462084760
1427117400,0.56925,0.57675,0.5675,0.56775,426011080
1427203800,0.566,0.57,0.5575,0.56,330481000
1427290200,0.55975,0.55975,0.52425,0.526,542553600
1427376600,0.51525,0.526375,0.5115,0.524125,311919880
1427463000,0.52725,0.5365,0.51875,0.5345,318286080
1427722200,0.537,0.5395,0.53,0.53675,253250240
1427808600,0.53525,0.53575,0.52275,0.523125,357277680
1427895000,0.52525,0.527,0.51625,0.52525,330768920
1427981400,0.52825,0.52975,0.522,0.5265,192203440
1428327000,0.52425,0.5435,0.51875,0.541625,515863360
1428413400,0.54175,0.5525,0.53875,0.5465,413962760
1428499800,0.547,0.5525,0.54175,0.5505,366431440
1428586200,0.54625,0.565,0.546,0.563125,379433080
1428672600,0.56375,0.56925,0.56175,0.569,258728760
1428931800,0.56775,0.571,0.56125,0.56375,236724240
1429018200,0.5615,0.56375,0.553595,0.559,220274080
1429104600,0.5605,0.569875,0.55775,0.56575,243558400
1429191000,0.5625,0.56725,0.55825,0.56225,155282320
1429277400,0.5505,0.5605,0.55025,0.555,293636680
1429536600,0.5575,0.561,0.55125,0.55225,231625840
1429623000,0.559,0.559,0.54875,0.551375,230454600
1429709400,0.55475,0.5585,0.54625,0.55775,207419240
1429795800,0.5475,0.56075,0.54125,0.5555,259378760
1429882200,0.55525,0.5555,0.5445,0.55075,240958880
1430141400,0.5525,0.56475,0.54775,0.555,248454240
1430227800,0.554,0.559625,0.54875,0.557625,234484240
1430314200,0.55375,0.55925,0.55125,0.5535,195156760
1430400600,0.55075,0.557625,0.5495,0.554875,218843320
1430487000,0.5595,0.5705,0.557,0.56875,256967400
1430746200,0.56825,0.572,0.5635,0.56525,200720960
1430832600,0.56325,0.564,0.54825,0.55075,292927800
1430919000,0.55375,0.559,0.54525,0.5525,316484440
1431005400,0.55025,0.564,0.5485025,0.56225,534563080
1431091800,0.52525,0.546,0.51225,0.520625,1146551120
1431351000,0.5135,0.521,0.5095,0.51575,544145760
1431437400,0.512,0.525,0.51175,0.52075,388799760
1431523800,0.5245,0.5285,0.51875,0.52375,308522800
1431610200,0.52525,0.535,0.524,0.53225,293051200
1431696600,0.5345,0.537,0.52925,0.5325,215824760
1431955800,0.53125,0.535,0.52875,0.53175,324971680
1432042200,0.53,0.53175,0.525,0.526,253808880
1432128600,0.52625,0.5325,0.5255,0.526,196823240
1432215000,0.52625,0.5285,0.52175,0.52225,239690000
1432301400,0.5235,0.525375,0.52025,0.5215,212611280
1432647000,0.519,0.5225,0.51435,0.51825,259731080
1432733400,0.52175,0.548375,0.52,0.546,432330840
1432819800,0.546,0.5553475,0.545,0.5535,327657240
1432906200,0.5535,0.557,0.5525,0.55325,335169760
1433165400,0.55675,0.5650025,0.55325,0.5595,372660160
1433251800,0.556,0.559,0.548,0.548375,224303280
1433338200,0.55,0.55425,0.5415,0.5425,250787680
1433424600,0.53925,0.554,0.53925,0.55225,323710600
1433511000,0.5505,0.559,0.54475,0.5565,313320040
1433770200,0.55475,0.5585,0.5375,0.54375,342812040
1433856600,0.54425,0.5505,0.54325,0.5465,256888880
1433943000,0.54,0.5435,0.53375,0.53675,529461040
1434029400,0.53675,0.54625,0.53675,0.5425,283051840
1434115800,0.539,0.54225,0.5265,0.52775,323726560
1434375000,0.525,0.529125,0.521,0.52675,306546920
1434461400,0.52575,0.534,0.5205,0.53325,256890120
1434547800,0.533,0.5425,0.53175,0.5395,233545920
1434634200,0.544,0.552,0.5425,0.5485,299403600
1434720600,0.5485,0.553,0.54175,0.54675,355657080
1434979800,0.54775,0.55075,0.53625,0.544375,514237160
1435066200,0.5455,0.54975,0.52625,0.5305,414065080
1435152600,0.52975,0.5325,0.52275,0.52525,253368160
1435239000,0.52525,0.5325,0.52525,0.52925,350461920
1435325400,0.525,0.52925,0.51625,0.5185,421294920
1435584600,0.5125,0.51775,0.50225,0.503,391723840
1435671000,0.506,0.50825,0.49925,0.50275,315914280
1435757400,0.51525,0.5225,0.5055,0.51,302920040
1435843800,0.50975,0.51375,0.50725,0.5105,145764600
1436189400,0.50625,0.51325,0.500375,0.50425,214776520
1436275800,0.50125,0.50325,0.479,0.49475,594253080
1436362200,0.492,0.495,0.48725,0.49125,332491480
1436448600,0.499,0.50125,0.4822525,0.48525,357589800
1436535000,0.4915,0.49825,0.49025,0.49375,216708680
1436794200,0.49875,0.4997475,0.493625,0.497,212471640
1436880600,0.49775,0.49825,0.49075,0.49725,249217160
1436967000,0.496,0.49925,0.48925,0.49375,265733920
1437053400,0.49675,0.50475,0.495,0.50475,282891640
1437139800,0.503,0.5035,0.4952475,0.50175,220372320
1437399000,0.50175,0.50375,0.49125,0.4925,188410360
1437485400,0.4915,0.50175,0.4915,0.49475,149720400
1437571800,0.49125,0.49125,0.47925,0.485125,356472760
1437658200,0.48625,0.4985,0.48525,0.49125,169914880
1437744600,0.49475,0.49525,0.4835,0.4855,188843960
1438003800,0.48125,0.48825,0.47725,0.48275,192420800
1438090200,0.484,0.4965,0.479,0.49325,198309320
1438176600,0.49225,0.50325,0.49025,0.49925,232681320
1438263000,0.498,0.5055,0.498,0.5005,190179160
1438349400,0.5025,0.50275,0.49575,0.49875,218368440
1438608600,0.50275,0.50775,0.49625,0.50725,397131120
1438695000,0.5055,0.51075,0.5035,0.50925,260100560
1438781400,0.52175,0.52225,0.513375,0.5145,234626080
1438867800,0.51325,0.517,0.50275,0.51125,655675600
1438954200,0.5615,0.58425,0.547,0.5745,1405246840
1439213400,0.5705,0.59875,0.567,0.5945,662305440
1439299800,0.58575,0.59725,0.58575,0.5915,435008360
1439386200,0.582,0.59725,0.582,0.593,384080480
1439472600,0.59375,0.595,0.5865,0.588,276885840
1439559000,0.5875,0.592,0.584,0.5885,214650440
1439818200,0.5875,0.5875,0.5775,0.58475,273878920
1439904600,0.5805,0.5845,0.5725,0.577,287082200
1439991000,0.57625,0.582625,0.5685,0.57475,249273680
1440077400,0.56825,0.571,0.55125,0.554,426933160
1440163800,0.55,0.55925,0.53625,0.53675,382665560
1440423000,0.50675,0.54575,0.5,0.51775,682282920
1440509400,0.5405,0.5425,0.507,0.507,622684400
1440595800,0.5235,0.54575,0.5195,0.54525,614977560
1440682200,0.551,0.566,0.54775,0.56575,463763320
1440768600,0.56575,0.57175,0.561625,0.56825,320945280
1441027800,0.5655,0.5695,0.559625,0.562,219352400
1441114200,0.54575,0.555,0.535,0.539,353408800
1441200600,0.55375,0.5555,0.5445,0.55525,344042600
1441287000,0.5635,0.56625,0.55575,0.55675,262557520
1441373400,0.54725,0.556,0.5435,0.54375,288009800
1441719000,0.557,0.56925,0.5548,0.567,238448720
1441805400,0.56875,0.5735,0.5545,0.55575,289393960
1441891800,0.5525,0.5715,0.549875,0.5645,357075840
1441978200,0.55825,0.57,0.555875,0.56625,301584320
1442237400,0.569,0.57075,0.5642525,0.56725,192465440
1442323800,0.5675,0.5765,0.56575,0.5735,327976480
1442410200,0.5725,0.58075,0.568125,0.5775,173507360
1442496600,0.5875,0.59275,0.5815,0.58275,268710760
1442583000,0.57475,0.58725,0.57125,0.58225,326410200
1442842200,0.583,0.5895,0.58,0.58825,281864640
1442928600,0.5755,0.5795,0.569125,0.57225,228356920
1443015000,0.57275,0.5785,0.5705025,0.575,161633960
1443101400,0.5715,0.592,0.5625,0.586,382441240
1443187800,0.59325,0.60175,0.5845,0.59025,369690720
1443447000,0.59025,0.593875,0.57875,0.5825,395583040
1443533400,0.58875,0.59375,0.5805,0.59275,380734920
1443619800,0.59825,0.617,0.59475,0.61625,556381640
1443706200,0.61625,0.618,0.58675,0.60425,489297080
1443792600,0.601,0.620015,0.59475,0.62,386145560
1444051800,0.624,0.64325,0.62075,0.6355,482022840
1444138200,0.62875,0.6465,0.62625,0.64375,454421040
1444224600,0.64525,0.657,0.63475,0.6505,310151960
1444311000,0.64775,0.6559975,0.63675,0.65425,460069640
1444397400,0.65075,0.657,0.6395,0.65175,423248400
1444656600,0.6525,0.6625,0.647625,0.65875,227589080
1444743000,0.6535,0.663875,0.65125,0.66,298442840
1444829400,0.66075,0.694625,0.66,0.684,612190240
1444915800,0.68525,0.69975,0.67825,0.68575,526046040
1445002200,0.688,0.703,0.68625,0.6965,448395880
1445261400,0.69875,0.701875,0.68725,0.69525,294711200
1445347800,0.69225,0.6975,0.687,0.69425,264824560
1445434200,0.6985,0.70275,0.684,0.68525,386681960
1445520600,0.69325,0.71225,0.69225,0.71,306883640
1445607000,0.71625,0.7195,0.7055,0.71475,381774280
1445866200,0.71525,0.717,0.705,0.7115,247437400
1445952600,0.708,0.7154375,0.7075,0.711,208267120
1446039000,0.7155,0.71675,0.705,0.71675,217034080
1446125400,0.70525,0.7125,0.69075,0.692,327167080
1446211800,0.6995,0.71425,0.69425,0.70925,301158600
1446474600,0.7115,0.71825,0.70725,0.7175,190087880
1446561000,0.71325,0.71725,0.7045,0.7125,376769200
1446647400,0.7105,0.71575,0.6975,0.70075,442262840
1446733800,0.70425,0.706125,0.69075,0.69275,478798960
1446820200,0.76125,0.7985,0.7455,0.78875,1172271080
1447079400,0.781,0.7875,0.77425,0.78525,492569000
1447165800,0.775,0.77925,0.7537525,0.77025,552259880
1447252200,0.77075,0.77625,0.76,0.76275,620126280
1447338600,0.761,0.768,0.75675,0.76,291080680
1447425000,0.76075,0.764,0.74125,0.745,292940040
1447684200,0.75475,0.7605,0.74875,0.76,344280320
1447770600,0.762,0.7665,0.7568375,0.76,257049400
1447857000,0.76025,0.77675,0.751875,0.77575,350214320
1447943400,0.7785,0.78575,0.7722475,0.778,254072120
1448029800,0.78375,0.78925,0.779,0.78475,239743480
1448289000,0.79125,0.79125,0.770125,0.773,242550040
1448375400,0.773,0.786,0.7695,0.77925,195427680
1448461800,0.77775,0.787,0.7755,0.77825,138299040
1448634600,0.77975,0.78725,0.77575,0.78475,87008080
1448893800,0.7855,0.7965,0.78475,0.793,327243200
1448980200,0.8,0.8195,0.79925,0.81875,409497320
1449066600,0.82,0.8285,0.81075,0.8125,294240160
1449153000,0.819,0.8275,0.80675,0.81075,246656200
1449239400,0.81075,0.84525,0.81075,0.84375,458756960
1449498600,0.8435,0.8435,0.82525,0.82775,333587160
1449585000,0.8175,0.8425,0.81225,0.839,314489320
1449671400,0.83875,0.84375,0.80925,0.81775,372674840
1449757800,0.82025,0.829,0.8175,0.8245,236596920
1449844200,0.81625,0.822,0.8105,0.81225,227321520
1450103400,0.813,0.81875,0.8045,0.81425,276345800
1450189800,0.8235,0.83,0.819,0.82425,307294160
1450276200,0.826,0.832,0.81875,0.82925,236354960
1450362600,0.8305,0.839,0.81625,0.81675,254161760
1450449000,0.811,0.81925,0.8025,0.8035,395896960
1450708200,0.81225,0.82325,0.805,0.822375,284214920
1450794600,0.825,0.8315,0.81825,0.82325,130010760
1450881000,0.8245,0.829625,0.823,0.826375,122525560
1450967400,0.824,0.83125,0.82275,0.82925,52449240
1451313000,0.8205,0.8285,0.809,0.8285,142028120
1451399400,0.829,0.8445,0.82675,0.842,203660480
1451485800,0.84125,0.8485,0.8345,0.83475,180342800
1451572200,0.8335,0.83725,0.824,0.824,148528080
1451917800,0.80725,0.8145,0.801,0.80925,358076280
1452004200,0.8245,0.836,0.8125,0.82225,490272560
1452090600,0.80875,0.8125,0.779,0.78825,449344160
1452177000,0.7685,0.773825,0.747,0.757,645303000
1452263400,0.76675,0.7675,0.739125,0.74075,398471280
1452522600,0.7415,0.74725,0.72875,0.742,409403800
1452609000,0.75525,0.7655,0.74925,0.7545,469355720
1452695400,0.76025,0.76525,0.73075,0.7315,481670480
1452781800,0.7165,0.725,0.6955,0.71675,600234560
1452868200,0.688,0.69625,0.666,0.67775,841452120
1453213800,0.69175,0.71125,0.680375,0.68325,457141480
1453300200,0.67025,0.69575,0.66125,0.687,481178280
1453386600,0.6945,0.70575,0.68025,0.695,481456880
1453473000,0.70825,0.716,0.70675,0.71125,258012480
1453732200,0.711,0.719125,0.708875,0.7105,270728120
1453818600,0.712,0.7205,0.704625,0.7175,227967280
1453905000,0.7165,0.718625,0.695375,0.709,231701120
1453991400,0.71475,0.71725,0.6875,0.70125,276778040
1454077800,0.70725,0.733625,0.7045,0.73225,310504880
1454337000,0.7315,0.73625,0.72525,0.7325,289883960
1454423400,0.725,0.72875,0.6965,0.7015,341908400
1454509800,0.707,0.71125,0.68875,0.705,326774040
1454596200,0.706,0.72125,0.69825,0.70525,348138000
1454682600,0.7005,0.70825,0.65875,0.66075,600427400
1454941800,0.65075,0.654,0.62125,0.6305,608852800
1455028200,0.623,0.66375,0.62,0.63725,425372560
1455114600,0.64125,0.65975,0.63225,0.63575,335799200
1455201000,0.6195,0.639,0.6195,0.6325,340145400
1455287400,0.6425,0.6445,0.61875,0.64325,340814680
1455633000,0.6525,0.67575,0.6505,0.67475,485351800
1455719400,0.68325,0.698,0.6805,0.6915,771466640
1455805800,0.74825,0.774375,0.7475,0.751,1068659560
1455892200,0.747,0.76775,0.74125,0.761,525629280
1456151400,0.772,0.79675,0.7705,0.788,449667880
1456237800,0.78175,0.7975,0.778,0.79,369378000
1456324200,0.78675,0.7966975,0.765,0.7955,336853440
1456410600,0.7985,0.80125,0.783,0.79725,349614680
1456497000,0.801,0.802905,0.784,0.792,361962920
1456756200,0.79025,0.8005,0.7835,0.784,323344720
1456842600,0.786,0.81875,0.78475,0.81875,348700480
1456929000,0.81425,0.8265,0.81275,0.8235,233837320
1457015400,0.8225,0.826,0.80525,0.81625,302003520
1457101800,0.8225,0.82325,0.8075,0.81375,175305360
1457361000,0.80925,0.81475,0.797875,0.8085,240219800
1457447400,0.80025,0.805,0.791125,0.79375,274939120
1457533800,0.80075,0.801875,0.783,0.79325,222789480
1457620200,0.798,0.8025,0.776,0.792,286085480
1457706600,0.80375,0.80575,0.79425,0.8055,277399440
1457962200,0.80175,0.81075,0.798,0.8075,190314720
1458048600,0.80325,0.8085,0.78925,0.8035,226216800
1458135000,0.7975,0.83025,0.79375,0.8275,363642720
1458221400,0.8245,0.8285,0.8093475,0.8205,353678360
1458307800,0.83025,0.85625,0.825,0.84525,545512080
1458567000,0.83775,0.848,0.82875,0.84775,337781560
1458653400,0.845,0.852125,0.83575,0.84625,242010640
1458739800,0.85,0.867,0.84625,0.86075,429006840
1458826200,0.853,0.8635,0.85025,0.862,244954160
1459171800,0.8605,0.8745,0.8595,0.87075,265388000
1459258200,0.867,0.88675,0.865,0.88475,261810640
1459344600,0.888,0.90625,0.8875,0.894,376698960
1459431000,0.898,0.9,0.88375,0.89075,379882080
1459517400,0.88525,0.90425,0.8785,0.90375,348292760
1459776600,0.91125,0.916,0.8915,0.895,393942040
1459863000,0.887,0.902,0.8835,0.89375,339568600
1459949400,0.8825,0.8955,0.86575,0.895,453375160
1460035800,0.88925,0.89725,0.882,0.88575,378105760
1460122200,0.893,0.89875,0.882625,0.8915,255934920
1460381400,0.89675,0.91175,0.894,0.897,387523920
1460467800,0.9,0.90125,0.8785,0.896,292763080
1460554200,0.9,0.91875,0.9,0.9185,350714440
1460640600,0.916,0.925,0.91225,0.921,416565240
1460727000,0.92075,0.9365,0.9178,0.92825,436970920
1460986200,0.9265,0.9265,0.91525,0.92425,307321760
1461072600,0.92775,0.9295,0.902,0.90775,309151080
1461159000,0.90625,0.91675,0.90525,0.91125,200177360
1461245400,0.9115,0.91575,0.90625,0.91025,178279560
1461331800,0.91325,0.9195,0.903625,0.90675,223541560
1461591000,0.907,0.91625,0.9045,0.91125,191990600
1461677400,0.91675,0.92725,0.908,0.912,214534560
1461763800,0.90975,0.93325,0.908075,0.93275,352394320
1461850200,0.927,0.9325,0.90275,0.905,381222040
1461936600,0.90125,0.90325,0.8785,0.88825,321902480
1462195800,0.89675,0.9055,0.8925,0.9,256076800
1462282200,0.88975,0.8935,0.881525,0.88925,224023400
1462368600,0.8785,0.87925,0.86,0.869,525762600
1462455000,0.87625,0.8845,0.86775,0.87425,246884520
1462541400,0.87275,0.885625,0.871,0.88325,183240000
1462800600,0.8855,0.88925,0.87475,0.882,333336440
1462887000,0.8875,0.9005,0.879,0.899,269677160
1462973400,0.90175,0.9115,0.89675,0.9015,328177640
1463059800,0.908,0.912,0.87325,0.88925,670541320
1463146200,0.97975,1.025,0.975,1.0245,2110256160
1463405400,1.01675,1.07,1.0135,1.05475,973030280
1463491800,1.05,1.0645,1.0365025,1.057,628390480
1463578200,1.05,1.09625,1.05,1.084,541071880
1463664600,1.07975,1.096465,1.07825,1.08875,398879240
1463751000,1.0955,1.11275,1.09375,1.10825,391083600
1464010200,1.113,1.11725,1.10325,1.11,413635080
1464096600,1.1105,1.1375,1.1075,1.134,415788840
1464183000,1.1375,1.14225,1.12025,1.12925,458776440
1464269400,1.13125,1.1495,1.128,1.14125,309963240
1464355800,1.1425,1.14925,1.13875,1.1475,277415560
1464701400,1.1525,1.170375,1.15175,1.168,412525240
1464787800,1.1625,1.1815,1.159,1.17025,387130680
1464874200,1.1765,1.1885,1.165,1.1785,329208080
1464960600,1.167,1.1685,1.1415,1.162,461074560
1465219800,1.165,1.174,1.15,1.156,322513640
1465306200,1.163,1.1695,1.15775,1.15825,193400680
1465392600,1.1585,1.16275,1.145,1.1545,234617240
1465479000,1.1505,1.18625,1.148,1.1845,472166680
1465565400,1.1705,1.181,1.1535,1.155,400023680
1465824600,1.15625,1.192465,1.15625,1.16975,475586960
1465911000,1.167,1.1775,1.153875,1.172,298345560
1465997400,1.18175,1.19425,1.16875,1.184,301034720
1466083800,1.17525,1.19075,1.163775,1.18875,246457120
1466170200,1.19025,1.1905,1.16325,1.168,471001920
1466429400,1.18675,1.20425,1.186,1.189,293769200
1466515800,1.194,1.19725,1.18,1.18175,212506440
1466602200,1.18425,1.192,1.17875,1.18075,202620640
1466688600,1.192,1.2135,1.19125,1.21225,297879760
1466775000,1.1625,1.184,1.1325,1.14325,1017684440
1467034200,1.13375,1.1425,1.11425,1.131,450339480
1467120600,1.1525,1.1537475,1.13175,1.1475,381919200
1467207000,1.1575,1.17525,1.1545,1.16625,318930560
1467293400,1.16825,1.1825,1.15875,1.17525,430939000
1467379800,1.16875,1.184,1.1625,1.1665,218487920
1467725400,1.16,1.18575,1.15075,1.18375,371082440
1467811800,1.1755,1.198125,1.1695,1.19125,273103760
1467898200,1.19925,1.2265,1.19375,1.22225,395399680
1467984600,1.23525,1.277275,1.2305,1.27125,481930920
1468243800,1.2895,1.31,1.288,1.3005,448777480
1468330200,1.315,1.332,1.2985,1.32,436761800
1468416600,1.3225,1.33,1.3175,1.3195,324605200
1468503000,1.3265,1.345,1.3155,1.333,316891320
1468589400,1.316,1.323375,1.296025,1.3175,428614280
1468848600,1.33375,1.33575,1.31925,1.32425,252993520
1468935000,1.3235,1.3432325,1.321,1.338,382650000
1469021400,1.3425,1.362625,1.337,1.3555,296460080
1469107800,1.3525,1.35675,1.326,1.3305,361307880
1469194200,1.33525,1.36675,1.3255,1.36675,315766600
1469453400,1.375,1.39525,1.369,1.392,312528440
1469539800,1.40425,1.423,1.40225,1.41575,514509560
1469626200,1.428,1.4305,1.393,1.4015,446675440
1469712600,1.40475,1.415,1.4003425,1.4045,221917360
1469799000,1.40975,1.43125,1.3845,1.4275,409586560
1470058200,1.4335,1.43875,1.409,1.41825,301118800
1470144600,1.425,1.42575,1.3875,1.401,282748800
1470231000,1.39925,1.4075,1.3915,1.40475,299828360
1470317400,1.4115,1.43725,1.40875,1.43075,272712120
1470403800,1.44725,1.45575,1.44025,1.455,371589400
1470663000,1.475,1.4785,1.453,1.4685,305064120
1470749400,1.47575,1.4865,1.4685,1.47225,372342360
1470835800,1.48525,1.4875,1.4580925,1.46275,375738120
1470922200,1.4705,1.49875,1.4675,1.4925,681062240
1471008600,1.5475,1.5845,1.51575,1.576,1425745680
1471267800,1.57775,1.58741,1.553255,1.5745,573304680
1471354200,1.57225,1.57475,1.56025,1.565,287653800
1471440600,1.565,1.5685,1.516375,1.52875,595212160
1471527000,1.5265,1.555,1.5205,1.5525,331683800
1471613400,1.55175,1.56825,1.545,1.5565,291559120
1471872600,1.56125,1.5653,1.542775,1.563,244747320
1471959000,1.576,1.583,1.56825,1.57275,339762320
1472045400,1.57825,1.579,1.54125,1.5485,298449760
1472131800,1.549,1.54975,1.519,1.53825,406031320
1472218200,1.54225,1.5595,1.53,1.55075,300024960
1472477400,1.557,1.56325,1.547125,1.54975,274651160
1472563800,1.54775,1.556065,1.5365,1.54075,285544880
1472650200,1.54375,1.548,1.529,1.5335,388545680
1472736600,1.53475,1.5845,1.5335,1.57875,428492200
1472823000,1.582,1.58375,1.5455,1.56325,323149680
1473168600,1.56875,1.578,1.560725,1.578,306812800
1473255000,1.573,1.5807125,1.54575,1.55475,397988000
1473341400,1.55325,1.5685,1.5355,1.566,315808760
1473427800,1.54875,1.5575,1.475,1.488,697758640
1473687000,1.46825,1.521625,1.432875,1.51875,598260960
1473773400,1.515,1.5325,1.48825,1.49675,471767320
1473859800,1.50025,1.515,1.48775,1.51,319373040
1473946200,1.5125,1.569,1.509,1.56725,515391960
1474032600,1.57275,1.58125,1.553,1.571,902445960
1474291800,1.5875,1.6315,1.58025,1.59175,417128280
1474378200,1.61,1.61,1.5685,1.57725,331113280
1474464600,1.582,1.6245,1.58175,1.6215,336213480
1474551000,1.631,1.636,1.61625,1.6255,308731480
1474637400,1.6275,1.63225,1.6165,1.62375,276133760
1474896600,1.60525,1.615,1.58825,1.6085,230041400
1474983000,1.60225,1.666,1.6015,1.6635,402750760
1475069400,1.666,1.67075,1.64825,1.6695,319788040
1475155800,1.66675,1.69025,1.651285,1.685,336685440
1475242200,1.69425,1.72975,1.68425,1.713,429932160
1475501400,1.713,1.73775,1.708275,1.71125,242594120
1475587800,1.71375,1.7425,1.69475,1.7075,281625800
1475674200,1.722,1.7395,1.7005,1.70575,305440360
1475760600,1.68525,1.69575,1.6565,1.6835,360212680
1475847000,1.69475,1.69925,1.6665,1.67125,286260080
1476106200,1.68,1.689,1.66175,1.6775,287874720
1476192600,1.672,1.6745,1.6405,1.65325,388539040
1476279000,1.6465,1.6694775,1.63275,1.66075,419921000
1476365400,1.64125,1.645,1.5925,1.63375,390116400
1476451800,1.65375,1.665,1.64,1.64975,330634040
1476711000,1.6495,1.665,1.638,1.64025,195326400
1476797400,1.663,1.67475,1.65625,1.66525,269370960
1476883800,1.654,1.6695,1.6455,1.66175,199058480
1476970200,1.68125,1.69875,1.6575,1.69325,312082880
1477056600,1.68725,1.6915,1.6725,1.6885,279506160
1477315800,1.7,1.76975,1.69975,1.76775,339837840
1477402200,1.76475,1.8075,1.75625,1.79675,397461280
1477488600,1.78175,1.82375,1.78,1.804,333791240
1477575000,1.81775,1.82125,1.759625,1.767,388664880
1477661400,1.7755,1.8025,1.76075,1.764,290854960
1477920600,1.76975,1.790625,1.76875,1.779,252388720
1478007000,1.7855,1.79525,1.70725,1.72625,473225160
1478093400,1.7395,1.763,1.7158875,1.719,295849240
1478179800,1.727,1.7285,1.666,1.699,309663720
1478266200,1.68775,1.7182625,1.664375,1.68925,328779600
1478529000,1.73875,1.793,1.7375,1.78175,487580960
1478615400,1.7885,1.79425,1.7625,1.779,429884280
1478701800,1.73075,1.7725,1.718,1.749,456530160
1478788200,1.78725,1.7875,1.669,1.69425,869281560
1478874600,1.98775,2.21925,1.9625,2.19925,2175345320
1479133800,2.20225,2.20475,2.0905,2.091,1348796520
1479220200,2.10725,2.18625,2.09825,2.15475,626090320
1479306600,2.1835,2.313875,2.15863,2.29075,987985760
1479393000,2.30775,2.3698075,2.26625,2.30975,832989760
1479479400,2.30975,2.35825,2.295,2.334,576059960
1479738600,2.35225,2.35875,2.31,2.3245,436434720
1479825000,2.3325,2.34349,2.3095,2.34125,330369280
1479911400,2.343,2.3812475,2.31925,2.34925,443234280
1480084200,2.3605,2.3775,2.33525,2.354,195563120
1480343400,2.34675,2.3685,2.34,2.35275,278734800
1480429800,2.35,2.361,2.31325,2.33125,444567480
1480516200,2.34,2.354,2.3025,2.305,440501800
1480602600,2.3025,2.30425,2.11925,2.191,1035522960
1480689000,2.15625,2.22,2.128,2.21125,478292000
1480948200,2.24975,2.31525,2.225,2.297,602285000
1481034600,2.30525,2.34325,2.28925,2.33475,498795000
1481121000,2.321,2.3825,2.3025,2.37675,480803720
1481207400,2.37975,2.4155,2.3263275,2.337,381544080
1481293800,2.355,2.35675,2.26775,2.2955,382311960
1481553000,2.24625,2.24875,2.1885,2.23975,601332000
1481639400,2.25225,2.30725,2.25125,2.27925,387794960
1481725800,2.3135,2.42775,2.28925,2.41125,983981520
1481812200,2.4225,2.4985,2.415,2.46775,746546120
1481898600,2.49575,2.5175,2.44315,2.51025,1089527320
1482157800,2.4925,2.5612475,2.475,2.54075,744657240
1482244200,2.6145,2.65325,2.603,2.62925,848057320
1482330600,2.641,2.64875,2.59275,2.64575,576134440
1482417000,2.6705,2.72175,2.66325,2.67775,718610360
1482503400,2.6595,2.745875,2.65675,2.7445,647693240
1482849000,2.8015,2.934,2.7805,2.933,1194273680
1482935400,2.99,2.99825,2.71725,2.73125,2295764640
1483021800,2.6225,2.78725,2.57,2.78575,2175367280
1483108200,2.78375,2.798,2.6575,2.6685,1212930360
1483453800,2.61,2.65925,2.4845,2.55025,1501995040
1483540200,2.585,2.6375,2.53825,2.60975,1199220240
1483626600,2.61325,2.6455,2.52625,2.5435,984295280
1483713000,2.57125,2.60625,2.53,2.5775,822856640
1483972200,2.5875,2.7,2.5875,2.682,916249000
1484058600,2.69525,2.72975,2.64075,2.66175,880918760
1484145000,2.65,2.655,2.60375,2.629,525663520
1484231400,2.60575,2.6175,2.5405,2.586,625616560
1484317800,2.59,2.625,2.5765,2.58575,457821720
1484663400,2.575,2.58,2.51425,2.52775,580610360
1484749800,2.506,2.58075,2.47775,2.57375,654424600
1484836200,2.57675,2.6615,2.5745,2.629,644871120
1484922600,2.652,2.67,2.578,2.60025,492022280
1485181800,2.595,2.6475,2.5925,2.62725,369905560
1485268200,2.6375,2.6895,2.6225,2.68325,428050840
1485354600,2.72625,2.7325,2.658365,2.69475,523379960
1485441000,2.6975,2.74875,2.6675,2.74125,458798800
1485527400,2.74825,2.79725,2.72125,2.79425,471997160
1485786600,2.773,2.77525,2.697765,2.7505,496003360
1485873000,2.72375,2.75125,2.705,2.7295,362754600
1485959400,2.7645,2.853,2.7465,2.84875,590003280
1486045800,2.8325,2.8935,2.8015,2.88475,483241600
1486132200,2.88625,2.8975,2.8475,2.8595,372745320
1486391400,2.85,2.9331525,2.85,2.93275,506768200
1486477800,2.9675,3.023,2.9475,2.97825,746222680
1486564200,2.96,2.98275,2.9095,2.96525,449579480
1486650600,2.9715,2.9765,2.89,2.9095,842567120
1486737000,2.99825,3.0175,2.815,2.8405,1651093640
1486996200,2.83475,2.8495,2.705,2.7095,1180722840
1487082600,2.69975,2.75375,2.65725,2.7195,850631480
1487169000,2.7225,2.745,2.694,2.725,373020480
1487255400,2.73475,2.736,2.6415,2.68125,647175440
1487341800,2.6675,2.68525,2.61975,2.68075,563738600
1487687400,2.70575,2.78075,2.7055,2.77675,551951320
1487773800,2.7855,2.795,2.74975,2.769,433770240
1487860200,2.6375,2.65975,2.492,2.51225,1592888520
1487946600,2.42675,2.55,2.3925,2.5365,1029903880
1488205800,2.555,2.6255,2.539,2.61025,715400760
1488292200,2.62,2.63,2.519375,2.537,625358720
1488378600,2.59475,2.60925,2.52775,2.56975,504805560
1488465000,2.55675,2.571,2.47225,2.475,754331120
1488551400,2.46425,2.46925,2.4055,2.46075,865456960
1488810600,2.424,2.4525,2.37925,2.44175,883566760
1488897000,2.44175,2.48825,2.42875,2.4685,603400280
1488983400,2.5175,2.5325,2.46175,2.464,638712880
1489069800,2.44775,2.48625,2.435,2.4635,478058840
1489156200,2.49025,2.50225,2.4595,2.478,499740520
1489411800,2.4885,2.55625,2.48775,2.54625,774136080
1489498200,2.55925,2.56875,2.51175,2.5445,522016600
1489584600,2.55625,2.57475,2.508,2.56375,615034080
1489671000,2.5745,2.59575,2.56025,2.59525,523099800
1489757400,2.613,2.653,2.59525,2.65175,1119686760
1490016600,2.6695,2.74025,2.65325,2.73625,748566080
1490103000,2.71875,2.749,2.639625,2.64775,913484120
1490189400,2.6365,2.7065,2.6325,2.70175,616764240
1490275800,2.69375,2.71393,2.6675,2.67725,533941680
1490362200,2.72425,2.73225,2.6605,2.68675,439501840
1490621400,2.6395,2.710125,2.589375,2.70625,506644000
1490707800,2.7075,2.72225,2.68175,2.69225,432444360
1490794200,2.69975,2.71225,2.68125,2.6835,349616920
1490880600,2.69075,2.75,2.685,2.735,525533960
1490967000,2.72525,2.74725,2.7100525,2.72325,440806600
1491226200,2.72375,2.74125,2.6855,2.7095,445232520
1491312600,2.585,2.6105,2.5085,2.5195,1271280160
1491399000,2.500375,2.55925,2.4875,2.50075,747049280
1491485400,2.506,2.53125,2.46025,2.519,635120160
1491571800,2.5255,2.54325,2.493,2.50825,429066000
1491831000,2.509,2.51575,2.44,2.44425,756330560
1491917400,2.41375,2.4724975,2.40875,2.453,618149880
1492003800,2.453,2.4675,2.4275,2.43275,414091840
1492090200,2.40825,2.43025,2.38725,2.38725,506893800
1492435800,2.40025,2.481,2.395,2.48075,497292200
1492522200,2.46625,2.4885,2.44,2.48225,370117760
1492608600,2.5,2.5245,2.48525,2.492,380826360
1492695000,2.50675,2.53616,2.48525,2.5315,404014320
1492781400,2.521,2.54475,2.509,2.542,341895600
1493040600,2.574,2.587,2.55275,2.57375,371819600
1493127000,2.5885,2.63325,2.56675,2.6185,388033800
1493213400,2.63225,2.63475,2.5985,2.6005,327005800
1493299800,2.608,2.6495,2.58975,2.641,319698600
1493386200,2.634,2.641,2.60175,2.6075,348246280
1493645400,2.6185,2.67125,2.61125,2.666,307733320
1493731800,2.63875,2.6398875,2.564,2.587,629973080
1493818200,2.58,2.616,2.565,2.60625,336905320
1493904600,2.6125,2.62375,2.58825,2.59625,209787680
1493991000,2.5845,2.60375,2.56875,2.5965,228429440
1494250200,2.6085,2.61,2.55775,2.56925,365239600
1494336600,2.575,2.62325,2.5665,2.5735,847671680
1494423000,2.85725,3.0455,2.8505,3.03225,2129097360
1494509400,3.00125,3.26075,2.99775,3.1625,1939792320
1494595800,3.16575,3.24,3.1445,3.19725,962618360
1494855000,3.239,3.36025,3.2345,3.35775,1087541920
1494941400,3.4095,3.436,3.3340875,3.42025,1120698840
1495027800,3.3525,3.3715,3.18875,3.193,1271366320
1495114200,3.2375,3.33575,3.17625,3.32675,1156030280
1495200600,3.425625,3.4555,3.3805,3.4,1018370840
1495459800,3.44425,3.487,3.43325,3.4725,836609000
1495546200,3.4925,3.49475,3.39275,3.42575,681249880
1495632600,3.524,3.52675,3.452,3.46425,817379800
1495719000,3.5,3.50075,3.411,3.4565,608228040
1495805400,3.44825,3.632,3.42775,3.546,779139880
1496151000,3.5925,3.6572775,3.57625,3.62175,989651920
1496237400,3.66725,3.675,3.55125,3.60875,887315760
1496323800,3.62475,3.62575,3.563,3.609,503338680
1496410200,3.606,3.6325,3.585,3.591,487457360
1496669400,3.5745,3.71325,3.56275,3.70025,817377680
1496755800,3.6955,3.74225,3.67,3.6835,758727560
1496842200,3.70825,3.747,3.6925,3.728,612611720
1496928600,3.8365,4,3.79475,3.9985,1161744200
1497015000,4.1185,4.2125,3.56875,3.74,3692927840
1497274200,3.647,3.7925,3.55275,3.74925,1697531200
1497360600,3.86,3.86925,3.64125,3.785,1672503200
1497447000,3.788,3.8515,3.7125,3.793,1184641440
1497533400,3.674,3.84,3.6625,3.80925,963824480
1497619800,3.819,3.8675,3.756,3.7905,924958000
1497879000,3.83525,3.93825,3.8315,3.933,778177560
1497965400,3.97575,4.0435,3.923,3.92725,1095443440
1498051800,3.95525,3.9905,3.8925,3.98675,682651160
1498138200,3.995,4.0085,3.935,3.95925,469132960
1498224600,3.967,3.983,3.8305,3.84575,1088588080
1498483800,3.879,3.915,3.70825,3.80375,1063959840
1498570200,3.786,3.79475,3.65875,3.6645,999492520
1498656600,3.733,3.7985,3.64375,3.79375,994947160
1498743000,3.765,3.768,3.602,3.667,1064425240
1498829400,3.6845,3.69825,3.5875,3.614,731061040
1499088600,3.62625,3.6413425,3.4645,3.48325,709072840
1499261400,3.5475,3.6055,3.52825,3.57625,820189520
1499347800,3.54675,3.6344975,3.494,3.587,746285280
1499434200,3.6445,3.6875,3.62125,3.669,654972080
1499693400,3.7435,3.85,3.717105,3.8425,958490760
1499779800,3.84625,3.90475,3.80375,3.897,757955320
1499866200,3.9575,4.075,3.914,4.06275,1145208520
1499952600,4.075,4.1575,3.96875,4.01575,1369133320
1500039000,4.03225,4.12525,4.02525,4.12375,941948320
1500298200,4.15825,4.1875,4.04375,4.10625,930790360
1500384600,4.0445,4.16375,4.0325,4.149,776639480
1500471000,4.15825,4.185,4.11525,4.1275,687045600
1500557400,4.14825,4.18775,4.0978025,4.1875,699595560
1500643800,4.16675,4.2325,4.15225,4.2025,648330280
1500903000,4.20975,4.2195,4.143,4.15375,652522080
1500989400,4.1305,4.14825,4.089525,4.13375,496555840
1501075800,4.192,4.248175,4.14625,4.1815,640404520
1501162200,4.20675,4.2185,3.939,4.0435,782855160
1501248600,4.00725,4.1345,3.982,4.10975,513349480
1501507800,4.1235,4.16,4.0155,4.06275,559672080
1501594200,4.053125,4.114,4.025,4.11225,431383120
1501680600,4.14375,4.14775,4.03175,4.10975,478443280
1501767000,4.10925,4.16575,4.092,4.162,442421640
1501853400,4.185,4.25175,4.162,4.18025,589094120
1502112600,4.20975,4.30925,4.2,4.30875,717411200
1502199000,4.34725,4.364,4.21775,4.2575,755334160
1502285400,4.21075,4.30525,4.19175,4.30275,530784920
1502371800,4.304,4.3165,4.10825,4.1185,1328087960
1502458200,3.9285,3.975,3.82275,3.899,1497194360
1502717400,3.99175,4.21375,3.98,4.21,1279021640
1502803800,4.21525,4.24175,4.13975,4.1745,764530520
1502890200,4.18975,4.2135,4.096,4.12875,596631440
1502976600,4.12025,4.1375,4.0345,4.03675,525442600
1503063000,4.09175,4.109,3.991,4.0375,601204280
1503322200,4.06225,4.07375,3.93425,3.97875,623670680
1503408600,4.01225,4.06975,3.99275,4.06375,450456120
1503495000,4.03,4.15625,4.02125,4.145,579519840
1503581400,4.1775,4.182,4.103,4.12975,469700040
1503667800,4.15425,4.1645,4.08875,4.09525,357200880
1503927000,4.1145,4.1275,4.05825,4.12425,389495720
1504013400,4.06475,4.1395,4.056525,4.1175,324094280
1504099800,4.1375,4.15325,4.10675,4.142,384401560
1504186200,4.1625,4.24,4.155,4.236,612684200
1504272600,4.24875,4.2975,4.24,4.2615,445431480
1504618200,4.2095,4.2146075,4.0890625,4.14775,696695680
1504704600,4.181,4.195,4.11,4.14525,397671320
1504791000,4.16225,4.19725,4.12375,4.1645,352868080
1504877400,4.15275,4.16775,4.06775,4.09225,498856880
1505136600,4.1385,4.2358125,4.133,4.225,567443120
1505223000,4.25,4.25,4.17425,4.24025,411488120
1505309400,4.21475,4.2885,4.182,4.25925,580958920
1505395800,4.21975,4.314,4.195,4.235,513713480
1505482200,4.3215,4.50275,4.31625,4.50275,1364790560
1505741400,4.6285,4.78,4.6215,4.68875,1684460640
1505827800,4.63775,4.74625,4.615375,4.68375,874279760
1505914200,4.6875,4.7355,4.60525,4.646,724919640
1506000600,4.541,4.5675,4.44025,4.519,1075599760
1506087000,4.5075,4.55775,4.465,4.475,491230840
1506346200,4.44375,4.445,4.254,4.275,874579040
1506432600,4.41125,4.467,4.25875,4.299,1125620440
1506519000,4.3905,4.40675,4.31875,4.39325,713718680
1506605400,4.4005,4.4045,4.344,4.392,435242600
1506691800,4.477,4.49325,4.43125,4.46925,619091720
1506951000,4.52,4.5495,4.425,4.475,503478400
1507037400,4.48125,4.5145,4.4395,4.48425,390330720
1507123800,4.4905,4.54425,4.4535,4.52175,427848800
1507210200,4.5465,4.55,4.489,4.51925,437364200
1507296600,4.49125,4.546,4.475,4.5325,318798280
1507555800,4.56975,4.66825,4.55075,4.63475,563490880
1507642200,4.78575,4.82375,4.6815,4.72325,974876080
1507728600,4.74,4.775,4.6935,4.7735,529509360
1507815000,4.777,4.82725,4.7482525,4.77575,528292600
1507901400,4.83875,4.875,4.79125,4.86475,628729320
1508160600,4.895,4.9512,4.831,4.94825,576638320
1508247000,4.92725,4.9725,4.90875,4.94375,478594680
1508333400,4.95275,4.9535,4.833,4.9395,567316280
1508419800,4.861,4.95,4.8112525,4.945,570770120
1508506200,4.96225,4.98975,4.9135,4.9225,451618480
1508765400,4.9445,4.97125,4.895,4.9155,428695040
1508851800,4.92475,4.96875,4.8985,4.967,407245280
1508938200,4.927,4.9805,4.77925,4.8415,828161200
1509024600,4.8695,4.904,4.84525,4.89225,322742520
1509111000,4.945,5.04675,4.91875,5.0465,572193400
1509370200,5.0465,5.1522475,5.0305,5.096,504056680
1509456600,5.12825,5.19725,5.1225,5.17025,411908280
1509543000,5.23375,5.24925,5.115,5.18,502577840
1509629400,5.15,5.19525,5.09125,5.1485,342309520
1509715800,5.18,5.21725,5.133525,5.21725,353640960
1509978600,5.18,5.2495,5.1675,5.24075,389944640
1510065000,5.26375,5.3225,5.25139,5.30075,427701680
1510151400,5.29625,5.3,5.1810025,5.229,522988200
1510237800,5.13175,5.15825,5.00925,5.133,978562680
1510324200,5.327,5.46675,5.29075,5.4035,1253254960
1510583400,5.4035,5.42925,5.30025,5.31575,582376520
1510669800,5.325,5.37,5.28075,5.3545,529292760
1510756200,5.29875,5.3,5.195,5.2495,501949240
1510842600,5.3245,5.355,5.28125,5.29025,441767320
1510929000,5.348,5.38375,5.26875,5.284,515662720
1511188200,5.29975,5.36425,5.2625,5.352,396100440
1511274600,5.39225,5.413,5.36,5.40125,399174320
1511361000,5.425,5.425,5.34025,5.37325,356639920
1511533800,5.38975,5.425,5.365,5.424,180285160
1511793000,5.43275,5.434,5.35025,5.3535,422894560
1511879400,5.35875,5.36825,5.206,5.26775,512752160
1511965800,5.25025,5.253065,4.78075,4.9105,1396789640
1512052200,4.98,5.067,4.91625,5.01775,823767960
1512138600,4.98275,5.00325,4.81175,4.942,811549920
1512397800,5.00125,5.0075,4.6125,4.6665,1240844920
1512484200,4.56,4.8175,4.5145,4.6935,981487760
1512570600,4.6425,4.7535,4.621,4.7315,467030400
1512657000,4.799,4.84,4.753,4.79975,542599520
1512743400,4.85025,4.8695,4.77875,4.78725,466874240
1513002600,4.8015,4.8695,4.7855,4.8665,372749640
1513089000,4.8225,4.846,4.74725,4.771,455017800
1513175400,4.8125,4.81375,4.647,4.6545,554279680
1513261800,4.648,4.7335,4.615,4.66175,438162240
1513348200,4.706275,4.8095,4.6405,4.789,670035120
1513607400,4.83,4.9505,4.8,4.9475,477702320
1513693800,4.938,4.94325,4.874,4.90275,373099720
1513780200,4.9425,4.95175,4.86375,4.92,288818240
1513866600,4.9235,4.94875,4.88875,4.89725,300905040
1513953000,4.86,4.89125,4.78125,4.88175,466274840
1514298600,4.82575,4.94375,4.7955,4.936,355081320
1514385000,4.9225,4.99925,4.90775,4.92925,329488920
1514471400,4.95325,4.9845,4.928785,4.935,240249920
1514557800,4.9615,4.9615,4.8375,4.8375,279964640
1514903400,4.8945,4.9875,4.8625,4.98375,355616680
1514989800,5.1025,5.3425,5.09375,5.31175,914703640
1515076200,5.394,5.45125,5.31725,5.33975,583268800
1515162600,5.35475,5.42275,5.277,5.385,580124120
1515421800,5.51,5.625,5.4645,5.55,881216880
1515508200,5.5555,5.5955,5.466,5.5485,496999800
1515594600,5.455,5.5955,5.4,5.592,582665040
1515681000,5.625,5.65675,5.58025,5.602,406030680
1515767400,5.59,5.62475,5.5335,5.5745,359916080
1516113000,5.60125,5.68775,5.41725,5.50275,702347480
1516199400,5.5175,5.628,5.4225,5.618,538408880
1516285800,5.5985,5.666,5.567,5.611,408633640
1516372200,5.70225,5.77725,5.675,5.75275,609379440
1516631400,5.76075,5.844,5.7025,5.84225,550942440
1516717800,5.89625,5.99575,5.877525,5.97275,475228200
1516804200,5.976,6.01234,5.83875,5.895,579972360
1516890600,5.95,5.99375,5.89375,5.90875,409883640
1516977000,5.953,6.0835,5.94,6.08325,516354160
1517236200,6.0685,6.20275,6.01525,6.17125,455114120
1517322600,6.02775,6.1605,5.96025,6.068,570833760
1517409000,6.14425,6.23175,6.11125,6.145,478577760
1517495400,5.963,6.1725,5.9515,6.0125,519222880
1517581800,5.925,5.94925,5.77925,5.838,718462200
1517841000,5.675,5.83075,5.125,5.3425,1165205600
1517927400,5.11,5.6425,5.1,5.6395,1114801240
1518013800,5.7395,5.87425,5.6675,5.72,802932640
1518100200,5.847,5.8805,5.43775,5.438,1143999040
1518186600,5.95625,5.97225,5.438,5.802,1674603080
1518445800,5.883875,5.887,5.6257625,5.70075,1093173680
1518532200,5.664,5.8625,5.63125,5.81575,625524760
1518618600,5.775,6.0648125,5.76375,6.0355,744989960
1518705000,6.119625,6.20925,6.038,6.1625,698900600
1518791400,6.135,6.25,6.08675,6.096,637657040
1519137000,6.11875,6.29675,6.115,6.227,686238480
1519223400,6.29225,6.2991875,6.034,6.03775,892293760
1519309800,6.06825,6.14075,5.9875,6.05375,534365320
1519396200,6.11425,6.14825,6.0630025,6.14825,415300400
1519655400,6.195,6.1995,6.1015,6.1645,469313760
1519741800,6.1375,6.22275,6.12825,6.1515,455435960
1519828200,6.1625,6.2025,6.03825,6.05,523115120
1519914600,6.04775,6.10225,5.70312,5.80525,1040118880
1520001000,5.6965,5.92,5.54625,5.9135,913427400
1520260200,5.86275,5.93125,5.738025,5.89125,620776520
1520346600,5.9775,6.0735,5.934,6.054,636809720
1520433000,5.95,6.09875,5.94875,6.046,581209040
1520519400,6.07375,6.07375,5.9847675,6.0295,411910440
1520605800,6.0775,6.14625,6.0612525,6.13325,505525920
1520861400,6.175,6.325,6.1668075,6.244,605061640
1520947800,6.28725,6.3625,6.151,6.19275,619772360
1521034200,6.23625,6.26375,6.1555,6.2185,505494440
1521120600,6.23225,6.3155,6.191,6.2335,401953480
1521207000,6.25,6.28125,6.212,6.262,399457280
1521466200,6.2045,6.23375,5.925,6.025,713773520
1521552600,6.028,6.27875,6.028,6.2395,554696360
1521639000,6.233,6.3,6.18325,6.214,438688640
1521725400,6.15,6.197,6.008525,6.04625,551196760
1521811800,6.06,6.06675,5.813,5.82425,735618440
1522071000,5.95,6.11325,5.8975,6.112,611425600
1522157400,6.19375,6.25,5.496125,5.638,1409000480
1522243800,5.60325,5.73475,5.425,5.53375,945905920
1522330200,5.602625,5.8875,5.517505,5.78975,916627680
1522675800,5.7185,5.86625,5.4375,5.52625,922092600
1522762200,5.695,5.75875,5.53375,5.63375,667430360
1522848600,5.37525,5.666515,5.35,5.656,789166440
1522935000,5.715,5.72825,5.46225,5.5345,701238920
1523021400,5.43075,5.54,5.3268375,5.35625,662988800
1523280600,5.42,5.54925,5.365,5.38525,499524800
1523367000,5.618,5.725,5.56025,5.69775,764752280
1523453400,5.68275,5.7244,5.623025,5.656,460242280
1523539800,5.75,5.883,5.7053725,5.865,593918000
1523626200,5.92925,5.93775,5.73875,5.7875,503035680
1523885400,5.7943,5.821,5.692,5.78725,350791040
1523971800,5.84,5.96,5.78375,5.9385,447225520
1524058200,5.8875,5.98125,5.81925,5.90925,391362320
1524144600,5.79363,5.8275,5.67,5.726,471997320
1524231000,5.71725,5.8025,5.68625,5.71775,386198640
1524490200,5.73575,5.7875,5.57075,5.597,427508920
1524576600,5.623,5.72,5.464,5.53,414595760
1524663000,5.5,5.539375,5.2575,5.4165,588493720
1524749400,5.58,5.63875,5.51325,5.6305,375822960
1524835800,5.7375,5.7575,5.6155,5.65825,400849800
1525095000,5.67475,5.725,5.603,5.6225,327842680
1525181400,5.61425,5.68125,5.555,5.6785,253789080
1525267800,5.675,5.72,5.63125,5.65775,268247400
1525354200,5.69,5.85125,5.64425,5.82475,443145600
1525440600,5.79575,5.9797225,5.77825,5.9765,400661520
1525699800,6.0823675,6.27475,6.07225,6.217,687615120
1525786200,6.21725,6.26275,6.16775,6.26,506614960
1525872600,6.28025,6.39675,6.25275,6.3945,596759200
1525959000,6.448,6.5125,6.43,6.50325,994081160
1526045400,6.3195,6.49475,6.2635,6.36325,1214456240
1526304600,6.40175,6.46225,6.36,6.384,523139080
1526391000,6.31975,6.3225,6.0375,6.139,963528400
1526477400,6.1,6.213,6.06275,6.15025,553828240
1526563800,6.1521,6.2875,6.13575,6.19275,519784200
1526650200,6.24525,6.30925,6.1435,6.1485,483717680
1526909400,6.247,6.25075,6.01225,6.106,640624800
1526995800,6.1195,6.1449975,6.00625,6.0675,518265480
1527082200,6.007,6.18975,6.00625,6.1885,442957040
1527168600,6.18475,6.235,6.131025,6.19225,437371800
1527255000,6.205,6.2485,6.169,6.232,292111280
1527600600,6.21375,6.2835,6.1675,6.21475,352683320
1527687000,6.24875,6.3335,6.2237875,6.32475,390994560
1527773400,6.2925,6.38,6.28175,6.30475,493868360
1527859800,6.35,6.44675,6.34125,6.4405,421969920
1528119000,6.475,6.6435,6.4425,6.62125,642025640
1528205400,6.6245,6.66475,6.57925,6.62675,391712040
1528291800,6.53575,6.632,6.51925,6.62875,371354240
1528378200,6.625,6.6369625,6.48125,6.5725,369448640
1528464600,6.499,6.6,6.48,6.557,360457720
1528723800,6.54425,6.58625,6.5025,6.5155,265370120
1528810200,6.54225,6.57675,6.4915,6.5645,319159400
1528896600,6.566,6.64175,6.550775,6.56,338206360
1528983000,6.6055,6.73,6.5905,6.67275,430016440
1529069400,6.615,6.687,6.58371,6.6315,432259520
1529328600,6.587,6.645,6.5595,6.62725,356266960
1529415000,6.523,6.591,6.3755,6.50425,594932960
1529501400,6.5458,6.61125,6.50702,6.55775,369779760
1529587800,6.59,6.6085,6.42,6.42775,359516240
1529674200,6.44875,6.46225,6.2582525,6.27375,434158160
1529933400,6.16625,6.17,5.8885,5.978,665817240
1530019800,6.0925,6.14125,5.9977525,6.04975,478885480
1530106200,6.09375,6.16075,5.8875,5.893,453892120
1530192600,5.883,6.0335,5.87525,6.0215,338011880
1530279000,6.08725,6.1,5.92125,5.9225,392299080
1530538200,5.85225,6.05975,5.8316225,6.056,357573920
1530624600,6.091,6.097,5.9125,5.921,222733000
1530797400,5.97675,6.07325,5.9375,6.06825,306217920
1530883800,6.0435,6.191625,6.022,6.18325,296352880
1531143000,6.2582425,6.268,6.1517675,6.23125,303880880
1531229400,6.24375,6.3535,6.203,6.33125,360015600
1531315800,6.2375,6.2725,6.1775,6.18825,367506400
1531402200,6.234,6.32925,6.224,6.28075,345506920
1531488600,6.2995,6.2995,6.1905,6.233,247163120
1531747800,6.205,6.2585,6.1925,6.205,197037040
1531834200,6.15525,6.3575,6.1295,6.34225,362135800
1531920600,6.33475,6.34875,6.241,6.2925,277641640
1532007000,6.2735,6.33475,6.25825,6.30075,235751320
1532093400,6.29825,6.3375,6.26125,6.27225,222486440
1532352600,6.2455,6.24725,6.082,6.23525,301584840
1532439000,6.28375,6.37125,6.2,6.21775,354621800
1532525400,6.22725,6.3095,6.16875,6.29675,320182040
1532611800,6.2765,6.40825,6.2595,6.371,325125120
1532698200,6.408,6.415,6.246,6.3005,295421400
1532957400,6.31475,6.32075,6.068,6.10325,340341560
1533043800,6.09275,6.197,6.0535275,6.1215,283987840
1533130200,6.15325,6.2089975,6.09715,6.16175,283555560
1533216600,6.08975,6.2695,6.03025,6.2655,269667560
1533303000,6.29025,6.3265,6.27325,6.3025,214288080
1533562200,6.28975,6.35425,6.2426475,6.35075,207506600
1533648600,6.4,6.4425,6.3730025,6.42375,258130400
1533735000,6.425,6.506,6.38975,6.4605,262098480
1533821400,6.4785,6.48125,6.40375,6.4115,204278480
1533907800,6.32875,6.4025,6.3175,6.36975,256626720
1534167000,6.3785,6.525,6.37675,6.403,375206320
1534253400,6.5095,6.55,6.4255,6.53575,466219440
1534339800,6.55675,6.590975,6.3975,6.477,591135760
1534426200,6.5475,6.55,6.37525,6.436,801259040
1534512600,6.3235,6.32425,6.09325,6.1205,1143187760
1534771800,6.0795,6.33,5.968,6.196,854386200
1534858200,6.2125,6.3375,6.1925,6.333,673988400
1534944600,6.3,6.5755,6.2965,6.5705,749856880
1535031000,6.5315,6.737,6.51753,6.671,720684560
1535117400,6.6795,6.82025,6.675,6.8055,531510480
1535376600,6.8355,6.9725,6.803625,6.8975,505777480
1535463000,6.8915,6.9145,6.73825,6.8595,475383800
1535549400,6.848,6.9875,6.827,6.96225,420109640
1535635800,6.93075,7.042925,6.908,6.94525,346609200
1535722200,6.925,7.03,6.915,7.017,306590000
1536067800,7.00375,7.1305,6.975,7.0925,391721080
1536154200,7.07475,7.1105,6.87875,6.9605,393156760
1536240600,6.944,6.9465,6.784775,6.818,322795560
1536327000,6.725,6.92325,6.67975,6.7965,295418720
1536586200,6.81925,6.89825,6.775,6.86825,220138280
1536672600,6.8215,6.9099975,6.8005,6.82,243112720
1536759000,6.77975,6.7995,6.548,6.705,419090360
1536845400,6.7715,6.875,6.754025,6.7835,305535480
1536931800,6.87475,6.9775,6.8375,6.91075,386935200
1537191000,6.8850475,6.9345,6.82875,6.84825,205527560
1537277400,6.85225,6.956,6.76875,6.7755,299520920
1537363800,6.7568125,6.817475,6.70625,6.7995,224858600
1537450200,6.67625,6.719,6.6025,6.657,430582760
1537536600,6.669,6.715,6.55275,6.58625,435126280
1537795800,6.555,6.646,6.467,6.6425,293913040
1537882200,6.70925,6.7355,6.62275,6.71025,280389840
1537968600,6.71525,6.756,6.657,6.673,268547520
1538055000,6.7085,6.73,6.6532375,6.685,214428680
1538141400,6.81825,7.04788,6.79,7.0255,709396560
1538400600,7.104,7.3015,7.065,7.234,622058120
1538487000,7.20625,7.319,7.1395,7.162,383964720
1538573400,7.233,7.2405,7.06325,7.16825,320550760
1538659800,7.13175,7.15625,6.9045,6.98225,391219560
1538746200,6.95725,7.02,6.6885,6.7465,426634440
1539005400,6.6625,6.779,6.502,6.64425,408610600
1539091800,6.6235,6.719,6.57,6.6385,273499720
1539178200,6.5315,6.57775,6.14,6.14225,684938160
1539264600,6.05425,6.189,5.856525,5.87825,725437160
1539351000,6.137665,6.23853,5.99125,6.1635,608236680
1539610200,6.15,6.15,5.8835,5.8845,449761280
1539696600,5.99825,6.157,5.9485,6.14575,408711800
1539783000,6.2085,6.247,6.027,6.0765,329668040
1539869400,6.1465,6.18525,5.92725,5.98825,524021920
1539955800,6.044,6.06375,5.6925,5.72925,613609960
1540215000,5.782,5.883,5.67675,5.7805,368843640
1540301400,5.51075,5.60475,5.41775,5.5265,626437800
1540387800,5.48775,5.53475,4.97125,4.98525,884287960
1540474200,4.88675,5.24375,4.8420375,5.196,951721600
1540560600,4.95775,5.12105,4.828,4.95725,664785120
1540819800,5.09975,5.10325,4.40025,4.6405,758017640
1540906200,4.66375,5.085,4.6405,5.075,807190720
1540992600,5.24125,5.31475,5.10025,5.27075,745772160
1541079000,5.3075,5.46225,5.17975,5.45275,566528320
1541165400,5.44325,5.55,5.25527,5.373,452960080
1541428200,5.35975,5.38325,5.132,5.29425,379330400
1541514600,5.28625,5.37125,5.23912,5.2765,299010360
1541601000,5.34375,5.43525,5.2795,5.34475,483812040
1541687400,5.285,5.28575,5.09575,5.14975,511352920
1541773800,5.06,5.233,5.026,5.14175,413241960
1542033000,5.0495,5.07175,4.7165,4.7385,617117880
1542119400,4.83725,5.10525,4.8309225,4.98275,644711000
1542205800,5.1575,5.172,4.820755,4.92975,526578840
1542292200,4.92375,5.1325,4.8875,5.05975,840708640
1542378600,4.083,4.2665,4.04025,4.11075,1963519080
1542637800,4.04475,4.0455,3.61575,3.6175,1697820200
1542724200,3.3515,3.8565,3.33275,3.727,1692033120
1542810600,3.8655,3.8825,3.59025,3.61775,1025494000
1542983400,3.58275,3.73975,3.56973,3.625,411968440
1543242600,3.74725,3.83675,3.664,3.82625,814832240
1543329000,3.8,3.92525,3.76375,3.84325,738060240
1543415400,3.962,4.007,3.828125,4.00175,804525480
1543501800,4,4.0375,3.9035,3.934,549173600
1543588200,3.94375,4.0964975,3.893,4.08575,729564560
1543847400,4.315,4.367,4.1835,4.251,890804360
1543933800,4.206,4.211,3.9125,3.92775,812111480
1544106600,3.786,3.9623,3.77025,3.95725,692309640
1544193000,3.9615,3.97175,3.6404,3.69025,681677960
1544452200,3.645,3.8214975,3.64125,3.7965,629473400
1544538600,3.889,3.89725,3.625,3.70475,671913280
1544625000,3.7105,3.8195,3.6205,3.7225,654135920
1544711400,3.76975,3.8345,3.686,3.72225,471384960
1544797800,3.68025,3.76475,3.6375,3.66125,471821240
1545057000,3.631,3.70375,3.531,3.5895,662867320
1545143400,3.63375,3.75825,3.60625,3.6735,564370040
1545229800,3.6395,3.6936125,3.41075,3.46275,745365880
1545316200,3.45425,3.545,3.3172,3.3775,749587880
1545402600,3.40425,3.4375,3.2115,3.23925,863741000
1545661800,3.16225,3.2494975,3.1125,3.177,463839120
1545834600,3.2235,3.3285,3.1115,3.3275,695099360
1545921000,3.27475,3.3095,3.1295,3.27925,637043200
1546007400,3.3,3.43475,3.25775,3.34125,628492760
1546266600,3.385,3.41775,3.3065,3.3375,465140120
1546439400,3.266,3.462,3.25125,3.4055,508753600
1546525800,3.34475,3.379,3.19233,3.19975,705551440
1546612200,3.2735,3.44325,3.2425,3.40475,585619320
1546871400,3.4625,3.62225,3.41075,3.585,709159200
1546957800,3.66725,3.6695,3.4225,3.49575,786017160
1547044200,3.5475,3.61225,3.4965,3.5645,617259000
1547130600,3.545,3.6395,3.484,3.63075,523156240
1547217000,3.60825,3.74375,3.58025,3.72075,874762640
1547476200,3.668,3.7865,3.64425,3.761,730169960
1547562600,3.794,3.83375,3.72825,3.74675,617010040
1547649000,3.77425,3.8075,3.715375,3.721,470103680
1547735400,3.68775,3.83325,3.66025,3.793,493436200
1547821800,3.84325,3.9495,3.79125,3.92325,651336920
1548167400,3.89275,3.9045,3.6887675,3.71925,661551040
1548253800,3.775,3.8645,3.70075,3.73225,591021800
1548340200,3.8175,3.96375,3.81275,3.946,708970440
1548426600,3.886,4.022,3.7825,4.00375,1155221880
1548685800,3.41375,3.541,3.275,3.45025,2511526760
1548772200,3.40375,3.4525,3.27525,3.29,1153933880
1548858600,3.36675,3.44925,3.2865,3.43475,974229560
1548945000,3.4315,3.62975,3.40958,3.59375,842853520
1549031400,3.6125,3.66975,3.5645,3.61825,625047000
1549290600,3.63425,3.767,3.612,3.7295,528600720
1549377000,3.7415,3.78575,3.7075,3.74875,542425000
1549463400,3.78225,3.89,3.77675,3.825,702465880
1549549800,3.7782,3.7805,3.64225,3.6855,637120000
1549636200,3.61775,3.715,3.60325,3.70425,461605480
1549895400,3.65975,3.7145,3.6125,3.66125,495180600
1549981800,3.7,3.795,3.6855,3.77925,591060520
1550068200,3.809,3.89575,3.79525,3.822,605372080
1550154600,3.821,3.891625,3.7775,3.86325,827262960
1550241000,4.07375,4.09675,3.9105,3.9335,1516749360
1550586600,3.92275,3.99725,3.9035,3.916,551892640
1550673000,3.9455,4.0315,3.93425,3.96375,540989480
1550759400,3.9765,4.00125,3.8795,3.89425,448546720
1550845800,3.9465,3.99875,3.93275,3.97975,401741240
1551105000,4.064,4.132,3.9585,3.96725,656019240
1551191400,3.9625,4.019,3.89375,3.9275,488462840
1551277800,3.913,3.93975,3.82775,3.88525,500255240
1551364200,3.875,3.8975,3.834,3.8565,324942600
1551450600,3.90675,3.9537225,3.848,3.91125,357187120
1551709800,3.95,3.973,3.8625,3.9195,409990000
1551796200,3.90375,3.9514275,3.849,3.913,362924760
1551882600,3.904,3.9125,3.7985,3.80125,403525960
1551969000,3.7775,3.78725,3.6850025,3.7315,450105320
1552055400,3.6415,3.77675,3.62,3.766,422414840
1552311000,3.78975,4.0515,3.74225,4.0285,859726000
1552397400,4.0565,4.10975,3.97975,4.063,579574720
1552483800,4.10075,4.245,4.09325,4.2155,768900720
1552570200,4.22475,4.23675,4.13125,4.139,519385200
1552656600,4.1825,4.28825,4.179,4.24525,661459280
1552915800,4.277,4.33125,4.1964425,4.22375,486993160
1553002200,4.319,4.4375,4.302,4.39275,854972400
1553088600,4.422,4.47575,4.325,4.36,719148600
1553175000,4.38325,4.625,4.37825,4.5985,824310680
1553261400,4.571,4.6199925,4.4235,4.4375,747643480
1553520600,4.3965,4.46125,4.27775,4.3445,525212040
1553607000,4.487225,4.54375,4.3649225,4.42175,703507120
1553693400,4.4475,4.49425,4.3425,4.4125,474371760
1553779800,4.43875,4.4975,4.37775,4.43125,480264080
1553866200,4.4985,4.5135,4.44775,4.489,456895160
1554125400,4.5815,4.5875,4.5093625,4.557,483824480
1554211800,4.58125,4.6197175,4.538,4.575,440919840
1554298200,4.625,4.775,4.62,4.7155,788778720
1554384600,4.7,4.74925,4.64325,4.7065,457376760
1554471000,4.75,4.79125,4.71325,4.77375,481745960
1554730200,4.743,4.82,4.71875,4.79475,424193920
1554816600,4.761,4.77225,4.689,4.7315,439972800
1554903000,4.73075,4.8285,4.72625,4.8025,444772280
1554989400,4.805,4.83675,4.73875,4.7885,374601480
1555075800,4.8275,4.8315,4.7415,4.75025,471706560
1555335000,4.7425,4.7475,4.5775,4.6175,440093800
1555421400,4.657,4.72425,4.6241025,4.70525,394963640
1555507800,4.7405,4.7615,4.65975,4.68225,351002720
1555594200,4.689,4.72325,4.6295,4.6575,380988160
1555939800,4.63375,4.7275,4.602,4.71175,279935520
1556026200,4.725,4.79825,4.71525,4.76675,346855240
1556112600,4.77725,4.82025,4.716,4.77925,318204800
1556199000,4.73875,4.76125,4.5925,4.67275,499297480
1556285400,4.51775,4.52219,4.3325,4.45225,868989160
1556544600,4.46025,4.51125,4.3875,4.48325,391919320
1556631000,4.45075,4.55075,4.4315,4.525,362921600
1556717400,4.57775,4.62025,4.5115,4.51175,354281240
1556803800,4.5215,4.62175,4.477875,4.57975,394685400
1556890200,4.58825,4.59825,4.51325,4.57525,336823480
1557149400,4.3875,4.5085,4.35,4.49625,422177800
1557235800,4.4475,4.4475,4.27925,4.32775,555218320
1557322200,4.3,4.42875,4.288,4.348,419166160
1557408600,4.2785,4.28825,4.135,4.25475,660246560
1557495000,4.22375,4.28975,4.1,4.2205,569498040
1557754200,4.0875,4.11075,3.94525,3.96125,656912760
1557840600,4.00125,4.0865,3.96226,4.051,524878880
1557927000,3.995,4.02625,3.93525,3.9895,502320040
1558013400,3.984,4.047625,3.94125,4.00475,781088160
1558099800,3.9625,4.09275,3.8735,3.91325,1022067920
1558359000,3.81375,3.86925,3.76875,3.79375,572065360
1558445400,3.855,3.8925,3.816,3.8765,361849880
1558531800,3.8375,3.86375,3.794,3.805,325869600
1558618200,3.74225,3.74225,3.62278,3.683,591844360
1558704600,3.702,3.7375,3.622,3.62875,357585280
1559050200,3.6465,3.6795,3.58125,3.58325,428354080
1559136600,3.53525,3.5705,3.4735,3.5085,559801480
1559223000,3.50775,3.5437475,3.43925,3.47775,394299600
1559309400,3.4285,3.4612275,3.38475,3.3865,389719680
1559568600,3.39775,3.43675,3.315,3.3445,478643200
1559655000,3.409,3.58025,3.3866875,3.575,641835400
1559741400,3.64925,3.65475,3.4955,3.532,511615400
1559827800,3.53625,3.61925,3.53375,3.5945,408138480
1559914200,3.6005,3.672,3.58125,3.6375,348857520
1560173400,3.694,3.77975,3.694,3.71075,402780880
1560259800,3.771,3.809,3.729,3.76875,383870040
1560346200,3.725,3.73125,3.63975,3.655,358891920
1560432600,3.67725,3.725,3.6595,3.7065,308081080
1560519000,3.61275,3.63725,3.5709,3.616,394426240
1560778200,3.61425,3.663015,3.59125,3.62575,276041480
1560864600,3.6875,3.87775,3.6765,3.822,581918000
1560951000,3.8575,3.86892,3.801845,3.828,331643960
1561037400,3.91925,3.93325,3.837945,3.8525,350167280
1561123800,3.8375,3.887,3.7875,3.794,434426880
1561383000,3.8155,3.84625,3.768,3.8165,282948720
1561469400,3.8215,3.897,3.78425,3.787,311866440
1561555800,3.91525,4.043,3.90225,3.9815,584073000
1561642200,4.06775,4.1,4.0315,4.08075,445441520
1561728600,4.125,4.13425,4.05875,4.10575,397666360
1561987800,4.31425,4.34875,4.1165,4.15425,711533080
1562074200,4.1375,4.1587325,4.0425,4.05575,400227520
1562160600,4.07925,4.085,4.0085375,4.06875,246634240
1562333400,4.01,4.0145,3.942,4.00575,396553880
1562592600,3.94575,3.96475,3.9,3.93025,329786760
1562679000,3.88775,3.961,3.875,3.93275,342860480
1562765400,3.9765,4.0592225,3.9625,4.0015,452075960
1562851800,4.075,4.198,4.0375,4.157,682558560
1562938200,4.185,4.26175,4.185,4.19025,506392640
1563197400,4.2115,4.227645,4.15325,4.18175,289839720
1563283800,4.16675,4.20425,4.1210625,4.177,341443920
1563370200,4.17875,4.24975,4.14935,4.24275,348204280
1563456600,4.253125,4.31775,4.19625,4.2545,443178960
1563543000,4.293,4.2995,4.205,4.211,344895800
1563802200,4.2325,4.296,4.225,4.283,315939920
1563888600,4.3225,4.3935,4.30675,4.3915,428176560
1563975000,4.435,4.47225,4.3585,4.4665,366237480
1564061400,4.42475,4.4375,4.311,4.3345,392698120
1564147800,4.36175,4.42375,4.36175,4.37675,274159880
1564407000,4.3695,4.3867425,4.28175,4.3705,248161960
1564493400,4.32375,4.3985,4.30925,4.38625,197770440
1564579800,4.3545,4.355375,4.1755,4.218,359415640
1564666200,4.2285,4.3195,4.07051,4.123,421212560
1564752600,4.02975,4.0995,3.982,4.02975,428349280
1565011800,3.845,3.84625,3.7225,3.76975,589157440
1565098200,3.845,3.89075,3.76075,3.80875,361270680
1565184600,3.7475,3.85925,3.73,3.84725,372561800
1565271000,3.90525,3.95775,3.8475,3.9565,309298880
1565357400,3.91525,3.91875,3.80375,3.8545,341816720
1565616600,3.802,3.8545,3.76425,3.78625,279200480
1565703000,3.78475,3.9475,3.7455025,3.90125,360512440
1565789400,3.8125875,3.82375,3.7077775,3.75175,419881320
1565875800,3.77075,3.79075,3.68485,3.71925,554462040
1565962200,3.98375,4.0385,3.922,3.989,1015385120
1566221400,4.103,4.2855,4.08675,4.2695,816322440
1566307800,4.264,4.2645,4.1755,4.19675,463521600
1566394200,4.26325,4.33625,4.2415,4.28075,427910920
1566480600,4.2905,4.33325,4.2476125,4.287,303756720
1566567000,4.21,4.26475,4.041,4.061,569497320
1566826200,4.14025,4.1645,4.09775,4.13625,318594160
1566912600,4.17475,4.1775,4.0155,4.045,291549560
1566999000,4.0145,4.0835,3.975,4.0305,255828120
1567085400,4.1225,4.2075,4.119,4.175,358373040
1567171800,4.2215,4.2715,4.1695,4.18775,290908480
1567517400,4.1145,4.14775,4.0813,4.10425,296510800
1567603800,4.16525,4.2265,4.16525,4.219,228120360
1567690200,4.321625,4.49975,4.32,4.4935,696485000
1567776600,4.47,4.52725,4.428,4.46625,376976760
1568035800,4.4975,4.5995,4.496,4.5125,417525320
1568122200,4.4795,4.60625,4.46975,4.5795,352812200
1568208600,4.59425,4.65675,4.565015,4.60825,361511280
1568295000,4.655,4.71,4.59875,4.60675,327841000
1568381400,4.53975,4.577,4.5045,4.5485,324591480
1568640600,4.473,4.54,4.4625,4.50525,231831840
1568727000,4.512,4.53089,4.46525,4.52675,228473120
1568813400,4.51975,4.5355,4.4125,4.4995,264037680
1568899800,4.5055,4.524,4.4127525,4.4235,256342760
1568986200,4.4225,4.44625,4.307,4.31725,357251800
1569245400,4.3175,4.41675,4.31375,4.371,255825880
1569331800,4.4025,4.43225,4.2775,4.31325,321241800
1569418200,4.31275,4.4755,4.26775,4.45575,313106880
1569504600,4.446,4.45475,4.38225,4.4335,237825920
1569591000,4.3915,4.4425,4.233,4.294,365958960
1569850200,4.32,4.362,4.2885025,4.35175,193199080
1569936600,4.375,4.525,4.34525,4.35,367566000
1570023000,4.328,4.34,4.25325,4.326,295661760
1570109400,4.3305,4.539,4.3,4.53275,462730600
1570195800,4.535,4.57875,4.4695,4.54925,267960200
1570455000,4.6145,4.7085,4.60575,4.60825,488313560
1570541400,4.516,4.516,4.4125,4.43075,449342640
1570627800,4.508,4.5675,4.4790025,4.51775,307883280
1570714200,4.5155,4.627,4.51025,4.57575,327515560
1570800600,4.66025,4.7335,4.64125,4.64975,450866720
1571059800,4.641,4.68425,4.609625,4.66325,210335760
1571146200,4.754,4.98225,4.74,4.90925,667985320
1571232600,4.875,4.9805,4.84375,4.85525,432753120
1571319000,4.9,4.9453575,4.8025,4.85725,264316960
1571405400,4.85775,4.8905,4.6875,4.76225,307624200
1571664600,4.824,4.91375,4.805,4.90025,266967240
1571751000,4.9575,5.06325,4.8825,4.89025,337369120
1571837400,4.80775,4.8915,4.77575,4.87725,285770000
1571923800,4.91875,4.95525,4.8845,4.9215,239037320
1572010200,5.0025,5.13451,4.99475,5.1135,423091520
1572269400,5.1575,5.2225,5.12792,5.16975,330791640
1572355800,5.15575,5.16225,5.0535,5.073,211236800
1572442200,5.1,5.10575,5.0065,5.075,205961520
1572528600,5.054,5.075,4.94525,5.0255,209732600
1572615000,4.99,5.09725,4.9648125,5.06475,283638240
1572877800,5.14625,5.275,5.1230075,5.2625,376716200
1572964200,5.26225,5.2885,5.192,5.24025,300868480
1573050600,5.216,5.24175,5.10275,5.19075,269013400
1573137000,5.27765,5.2925,5.1635,5.2085,280339920
1573223400,5.1915,5.22625,5.15375,5.1945,189407480
1573482600,5.19375,5.22775,5.1070025,5.2045,243789440
1573569000,5.243,5.2965,5.20775,5.24025,283838840
1573655400,5.20875,5.2365,5.1475,5.21425,302364960
1573741800,5.22325,5.247,5.1629,5.24475,527006840
1573828200,5.2425,5.2944975,5.0159425,5.10475,1054216360
1574087400,5.09725,5.33375,5.09425,5.307,575318520
1574173800,5.2758,5.2995,5.14125,5.19975,415380240
1574260200,5.17675,5.36375,5.1641075,5.2795,473017520
1574346600,5.275,5.331,5.23275,5.2545,288389200
1574433000,5.27725,5.3240825,5.2485,5.27225,224098800
1574692200,5.401,5.53525,5.388,5.53025,507347440
1574778600,5.5125,5.5172425,5.4185,5.425,385680920
1574865000,5.46675,5.50125,5.4295,5.456,216428720
1575037800,5.425,5.4535,5.3945,5.4185,141556960
1575297000,5.4115,5.425,5.216,5.23125,373869680
1575383400,5.04675,5.1955,5.00925,5.1915,474146120
1575469800,5.2755,5.298,5.20675,5.2355,273618360
1575556200,5.2575,5.27325,5.1877075,5.2185,185137760
1575642600,5.288,5.33725,5.278,5.30425,232418280
1575901800,5.28125,5.35925,5.2725,5.30425,215132800
1575988200,5.3345,5.4015,5.2815,5.3495,256689120
1576074600,5.36,5.439,5.3575,5.4335,234009880
1576161000,5.4045,5.62,5.3955,5.60175,406083360
1576247400,5.60475,5.7245,5.5455,5.59975,454967320
1576506600,5.6475,5.701605,5.61925,5.62875,321307360
1576593000,5.6475,5.73,5.638,5.70725,323263920
1576679400,5.74225,5.7985,5.73375,5.73775,344278760
1576765800,5.7725,5.9,5.7675,5.8865,453106960
1576852200,5.95325,6.00975,5.933875,5.98425,603384280
1577111400,6.013,6.04525,5.95975,5.9705,355392600
1577197800,5.955,5.98275,5.9205,5.9655,138863880
1577370600,5.969,6.008,5.95,5.97975,183218040
1577457000,5.995,6.0085,5.89525,5.92175,254810040
1577716200,5.89975,5.905,5.7765,5.808,258247120
1577802600,5.7725,5.891875,5.75325,5.8825,231211320
1577975400,5.96875,5.99775,5.918,5.99775,237678760
1578061800,5.8775,5.94575,5.8525,5.90175,205772320
1578321000,5.808,5.93175,5.78175,5.9265,262912480
1578407400,5.955,6.04425,5.90975,5.99825,319205760
1578493800,5.994,6.051,5.953725,6.0095,277240680
1578580200,6.09625,6.1482425,6.021375,6.0755,255442120
1578666600,6.18325,6.21375,6.09375,6.108,316462400
1578925800,6.1915,6.32471,6.16875,6.2995,320338040
1579012200,6.2565,6.282,6.16875,6.182,359579320
1579098600,6.19475,6.2172275,6.11325,6.13925,263105440
1579185000,6.193,6.22925,6.169375,6.22325,284191640
1579271400,6.2425,6.25,6.18425,6.232,253790560
1579617000,6.195125,6.23225,6.1642575,6.1985,217917000
1579703400,6.244,6.33975,6.225,6.25125,239238680
1579789800,6.293,6.33,6.20375,6.3215,244514440
1579876200,6.4375,6.4875,6.2075,6.262,373513560
1580135400,5.956,6.05625,5.80575,6.005,470534160
1580221800,6.07125,6.23175,6.0178575,6.19925,310976040
1580308200,6.18475,6.221,6.0985,6.1385,259451160
1580394600,6.04025,6.15875,5.985,6.14525,290503600
1580481000,6.09925,6.11125,5.86875,5.91075,370419720
1580740200,5.8925,6.0277775,5.88625,6.00825,255928200
1580826600,6.15075,6.1975,6.1005,6.17825,271543560
1580913000,6.29975,6.31,6.18525,6.269,208220080
1580999400,6.3035,6.35625,6.222,6.356125,218282040
1581085800,6.316,6.33825,6.2643,6.28975,189752120
1581345000,6.3125,6.575,6.3075,6.57425,529607760
1581431400,6.683,6.8125,6.62075,6.69725,638556880
1581517800,6.75025,6.82,6.711185,6.8135,374644720
1581604200,6.75525,6.837,6.72775,6.7695,528015360
1581690600,7.1815,7.37425,7.15,7.24475,1041923720
1582036200,7.1410875,7.43275,7.1215,7.41425,621881000
1582122600,7.53725,7.88525,7.53714,7.8675,694331240
1582209000,7.819125,7.908,7.40875,7.7175,810050360
1582295400,7.60475,7.63,7.2665,7.35175,769293240
1582554600,6.75475,7.0468075,6.7,6.832,856914920
1582641000,6.9075875,6.96975,6.449,6.55125,1055497680
1582727400,6.5515,6.88625,6.55,6.69125,749661440
1582813800,6.3725,6.675,6.22225,6.315,906414920
1582900200,6.061375,6.8115,6.04475,6.75175,1134675280
1583159400,6.9225,6.93975,6.525,6.91075,890745560
1583245800,6.9666625,7.02675,6.5615025,6.64725,652793120
1583332200,6.755,7.12225,6.68,7.11275,597407360
1583418600,6.9125,7.08,6.7875,6.83225,540327480
1583505000,6.652,6.70975,6.45,6.651,515412280
1583760600,5.9975,6.485,5.9545,6.136,614158400
1583847000,6.4135,6.527,6.14975,6.527,580648720
1583933400,6.386375,6.415,6.06425,6.16175,502067720
1584019800,5.6365,5.902975,5.395,5.40775,816541400
1584106200,5.7625,6.0255,5.49025,6.021,634837720
1584365400,5.31025,5.6525,4.85,4.91,726972120
1584451800,5.02275,5.5215,4.775,5.43175,833631960
1584538200,5.002375,5.2485,4.5170175,5.0705,874266280
1584624600,5.049,5.41825,4.83475,5.32425,765513880
1584711000,5.475,5.758,5.12825,5.14375,804634160
1584970200,5.14275,5.412,4.963,5.31725,643874640
1585056600,5.725,6.3165,5.70125,6.2295,1101643800
1585143000,6.345,6.5455,6.0915,6.1405,793430680
1585229400,6.3485,6.5555,6.25,6.431,697587680
1585315800,6.25,6.5779425,6.217,6.31825,638829760
1585575000,6.384,6.649,6.33975,6.63975,602250120
1585661400,6.68,6.8849975,6.44375,6.59,949960560
1585747800,6.39125,6.53825,6.032,6.07675,656913120
1585834200,6.106,6.4,6.05775,6.38675,675764520
1585920600,6.349,6.39075,5.95975,6.09775,663213840
1586179800,6.381,6.747,6.32325,6.71,727882480
1586266200,6.9325,6.95625,6.4325,6.47575,784521880
1586352600,6.58525,6.69875,6.515,6.67375,542444520
1586439000,6.8,6.823,6.5105,6.57375,526247800
1586784600,6.51375,6.755,6.425,6.74625,398407280
1586871000,6.875,7.133,6.8472325,7.09875,530946680
1586957400,6.93,7.1041775,6.8845,7.021,366148840
1587043800,7.177,7.475,7.16375,7.3675,745620400
1587130200,7.45,7.4715,7.1735,7.308,539121960
1587389400,7.181,7.3375,7.13175,7.17625,449388200
1587475800,7.05775,7.11925,6.67775,6.73775,735159840
1587562200,6.93075,7.19675,6.885,7.15375,484729120
1587648600,7.196,7.3284375,7.075,7.10025,424159520
1587735000,7.09,7.24175,7.015,7.23975,352645480
1587994200,7.37475,7.5875,7.35,7.427,479387960
1588080600,7.575,7.605,7.2785,7.284,442904120
1588167000,7.41925,7.5145,7.34375,7.4615,379161880
1588253400,7.407315,7.4615,7.293,7.307,375917720
1588339800,7.10875,7.2225,7.02108,7.0695,342097800
1588599000,7.022,7.296,7.022,7.282125,317555200
1588685400,7.38675,7.50675,7.28225,7.3435,368895640
1588771800,7.42325,7.55,7.38525,7.44475,323465560
1588858200,7.5845,7.68525,7.533075,7.62175,373730520
1588944600,7.69375,7.81875,7.65975,7.8125,339907120
1589203800,7.8075,8.1125,7.77875,8.0655,469060160
1589290200,8.1235,8.1725,7.79275,7.8025,493059280
1589376600,7.9175,8.0785,7.59475,7.78,625850080
1589463000,7.841625,8.036,7.6875,8.0305,602312360
1589549400,7.88975,8.5005,7.874,8.49075,987661720
1589808600,8.7605,8.9165,8.6805025,8.75025,776403440
1589895000,8.79025,9.0875,8.76275,8.8055,717321960
1589981400,8.991,9.043,8.88875,8.97,587536200
1590067800,9.0515,9.052405,8.7375,8.77525,761069640
1590154200,8.82525,9.093,8.71325,9.02625,1038765000
1590499800,9.15675,9.18175,8.672,8.71775,770779040
1590586200,8.625,8.63275,7.99675,8.52525,1175892240
1590672600,8.41225,8.7605,8.37925,8.487,736128160
1590759000,8.5545,8.8755,8.485,8.8755,745919760
1591018200,8.83325,8.84075,8.6895,8.80625,390511000
1591104600,8.79625,8.83725,8.658,8.82525,391320560
1591191000,8.82225,8.86625,8.7,8.7695,365438880
1591277400,8.728,8.94325,8.6775,8.7665,424278400
1591363800,8.7945,8.997,8.70798,8.92,481746040
1591623000,8.87725,8.889625,8.68575,8.805,387737240
1591709400,8.8,9.1097475,8.75125,9.046,468488840
1591795800,9.16775,9.5,9.1535,9.36675,632181480
1591882200,9.15,9.26125,8.786,8.79625,583650240
1591968600,9.1625,9.18725,8.703345,8.9325,570908160
1592227800,8.81525,9.18225,8.74375,9.17375,400002160
1592314200,9.225,9.26675,8.8387525,9.0685,535715000
1592400600,9.11375,9.299,9.07025,9.236,408305640
1592487000,9.227,9.2825,9.1145,9.218,254409520
1592573400,9.2425,9.445,9.2273375,9.26125,524160520
1592832600,9.3,9.53125,9.2733,9.52675,398466480
1592919000,9.551,9.6425,9.4075,9.45,375107400
1593005400,9.47625,9.55638,9.144505,9.2355,449370880
1593091800,9.35575,9.505,9.18225,9.49,376072000
1593178200,9.5,9.5,9.125,9.155,592085760
1593437400,9.16975,9.2045,8.9,9.2,342248120
1593523800,9.3139925,9.52625,9.2665025,9.49775,367892000
1593610200,9.52075,9.5756725,9.413,9.53,326646800
1593696600,9.639,9.7375,9.57825,9.61225,364054080
1594042200,9.74175,9.90875,9.7125,9.83925,315893720
1594128600,9.94625,10.07,9.85075,9.87175,357799720
1594215000,9.99375,10.225,9.9655,10.216,365480520
1594301400,10.38025,10.57,10.2335,10.509,494547200
1594387800,10.58875,10.65525,10.37875,10.47925,497674760
1594647000,10.595,10.7922475,10.025,10.05225,457074960
1594733400,10.075,10.40275,9.7855,10.377,542674200
1594819800,10.41425,10.433,10.05575,10.22725,403984920
1594906200,10.015,10.2067475,9.8955,10.13475,344964720
1594992600,10.2255,10.2485,10.0877525,10.2015,266284640
1595251800,10.27425,10.53125,10.15675,10.51075,284850840
1595338200,10.513,10.5599275,10.28675,10.3285,277666840
1595424600,10.3675,10.6025,10.2915575,10.43875,367290840
1595511000,10.45,10.547,10.03125,10.12975,411661280
1595597400,9.875,10.36475,9.777,10.1945,473292000
1595856600,10.23225,10.44175,10.21775,10.4215,292130200
1595943000,10.37425,10.382,10.20925,10.2155,271636040
1596029400,10.3908,10.51625,10.347,10.4655,284507680
1596115800,10.375,10.623045,10.29525,10.614,308880160
1596202200,10.56325,10.7665,10.433,10.61475,386286000
1596461400,10.7325,11.09875,10.71525,11.01025,413018240
1596547800,11.05,11.22775,10.9060025,11.22775,310335600
1596634200,11.244,11.37168,11.16625,11.28675,250499720
1596720600,11.34975,11.358,11.17875,11.3355,244315680
1596807000,11.3125,11.50475,11.0375,11.1995,342515960
1597066200,11.33425,11.40825,10.8565,11.165,427795920
1597152600,11.07375,11.13675,10.79575,10.85,354510520
1597239000,10.99075,11.467,10.95825,11.44025,464942920
1597325400,11.546,11.72175,11.35575,11.443,374459560
1597411800,11.53,11.70475,11.4405,11.564,366436160
1597671000,11.85125,12.40975,11.81719,12.337,621300920
1597757400,12.45,12.496,12.08625,12.26075,503446200
1597843800,12.2965,12.315,12.098,12.1385,622622320
1597930200,11.975,12.375,11.87875,12.141,921386240
1598016600,12.20175,12.8087,12.19516,12.6835,999869520
1598275800,12.88375,12.9125,12.5075,12.72025,490564200
1598362200,12.63075,12.76125,12.57375,12.75,289076800
1598448600,12.799235,12.86849,12.67775,12.773,321242920
1598535000,12.7815,12.85,12.5664325,12.62825,317602920
1598621400,12.6749125,13.148,12.6425,13.14775,537158520
1598880600,13.182785,13.575,13.03775,13.3745,500841200
1598967000,13.48,13.99375,13.4365,13.821,512473960
1599053400,14.70375,14.7267475,13.9,14.3465,874012880
1599139800,13.828635,13.8845,12.87875,13.0155,945126040
1599226200,12.78375,13.175,11.70475,12.6225,1463682840
1599571800,11.7345,12.55,11.70425,11.913,795729480
1599658200,12.4,12.80925,12.23175,12.715,736198280
1599744600,12.98925,13.06525,12.167,12.31175,698684440
1599831000,12.4855,12.6525,11.89575,12.1645,636926880
1600090200,13.081,13.315,12.6311425,12.87225,1201744960
1600176600,13.28,13.29875,12.82775,12.991,727556560
1600263000,12.95725,13.09275,12.51375,12.5145,557599400
1600349400,12.132235,12.58975,12.03475,12.4635,792511760
1600435800,12.59375,12.6325,11.98875,12.18925,698461920
1600695000,11.925,12.5225,11.9045,12.51725,721042440
1600781400,12.575,12.6479975,12.15555,12.63775,646452080
1600867800,12.5755,12.727,12.07925,12.12375,647012320
1600954200,12.07225,12.5695,12.014,12.348,731240320
1601040600,12.4475,12.8835,12.24575,12.87375,588016280
1601299800,13.04025,13.05175,12.75,13.035,573809120
1601386200,12.9375,13.44275,12.93325,13.22575,623004960
1601472600,13.1575,13.6225,13.15025,13.5305,689184120
1601559000,13.758,13.7627375,13.4607525,13.6145,525002360
1601645400,13.225,13.5195,13.051,13.06225,552495880
1601904600,13.236,13.64425,13.222765,13.6425,479818280
1601991000,13.83,14.142,13.665,13.7365,784419840
1602077400,13.99975,14.11925,13.8635,13.964,418085160
1602163800,14.075,14.0845,13.758,13.83875,378900880
1602250200,13.767,13.82425,13.66075,13.76275,346890920
1602509400,13.9895,14.347,13.9125,14.226,434743800
1602595800,14.2965,14.3484975,14.018625,14.24825,344603120
1602682200,14.2905,14.34275,13.96,14.09525,276647120
1602768600,13.81068,14.00575,13.76775,13.97,267225120
1602855000,14.03675,14.1215,13.7925,13.8115,242639600
1603114200,13.902875,13.9834975,13.40675,13.49775,298068560
1603200600,13.5835,13.79975,13.5070025,13.6455,229212040
1603287000,13.625,13.7915,13.4775025,13.52475,219597320
1603373400,13.5225,13.61175,13.23175,13.361,290479440
1603459800,13.45,13.59325,13.29125,13.59025,233484280
1603719000,13.427,13.6927925,13.0385,13.14125,336894320
1603805400,13.306,13.442,13.1915,13.39675,250519680
1603891800,13.198,13.26,12.609,12.627,376518080
1603978200,12.8385,13.19275,12.75,13.024,320081840
1604064600,12.85,12.936375,12.3,12.534,417396000
1604327400,12.65775,12.8366575,12.395,12.58075,299652640
1604413800,12.7085,13.105,12.60275,13.0195,272901080
1604500200,13.38925,13.8275,13.336875,13.79425,410229280
1604586600,14.1625,14.339,13.991,14.16,319028320
1604673000,14.10975,14.58875,13.895,14.562,383349280
1604932200,14.5525,14.6915,13.61075,13.63075,582977880
1605018600,13.6065,13.6065,12.62825,12.77,644067200
1605105000,13.05375,13.434875,12.94825,13.418,404743440
1605191400,13.4789225,13.766,13.316,13.45675,366635000
1605277800,13.6272775,13.6687475,13.05925,13.297,346762320
1605537000,13.1725,13.6495,13.1560025,13.51525,413774800
1605623400,13.5525,13.59625,13.3038725,13.42225,312027960
1605709800,13.46525,13.60575,13.185,13.42875,510925320
1605796200,13.21275,13.4875,13.1,13.44025,565934200
1605882600,13.454,13.4944975,13.065,13.08775,341089800
1606141800,13.17113,13.3825,13.0155,13.14,361354200
1606228200,13.1425,13.162,12.885,12.95775,346499960
1606314600,13.0325,13.26939,13.02,13.23475,259916400
1606487400,13.375,13.4075,13.170545,13.26125,167275200
1606746600,13.265,13.4125,12.9723525,13.4015,286952000
1606833000,13.49225,13.52875,13.22825,13.39,297571280
1606919400,13.3505,13.6734425,13.23425,13.5445,283361200
1607005800,13.5875,13.66,13.329,13.396,199520640
1607092200,13.4485,13.5599975,13.38869,13.55825,202243400
1607351400,13.60125,13.73125,13.5,13.60675,223243240
1607437800,13.585,13.59875,13.2815,13.35,271920880
1607524200,13.3005,13.414,12.8682375,12.93075,401301200
1607610600,12.869,13.0687475,12.849375,12.97225,207764720
1607697000,12.96725,13.02,12.823,13.01325,209265640
1607956200,13.087875,13.38875,13.0775,13.30875,270157880
1608042600,13.43975,13.464,13.18675,13.3605,193485920
1608129000,13.4224975,13.43725,13.2125,13.2425,223114680
1608215400,13.36675,13.3795,13.1785,13.34125,231383880
1608301800,13.379,13.405,13.0705,13.272,342064640
1608561000,13.07475,13.37,12.9675,13.33225,302332160
1608647400,13.31925,13.3372475,13.05388,13.27825,186314880
1608733800,13.256,13.275,13.005,13.00925,179142760
1608820200,13.03725,13.1325,12.93875,12.99375,97883520
1609165800,13.0625,13.0625,12.763175,12.9,212565640
1609252200,12.925,13.0725,12.84225,12.94325,170372160
1609338600,12.99031,13.21375,12.89675,13.14575,225397160
1609425000,13.1365,13.151125,12.915,13.055,192424400
1609770600,13.10425,13.6524975,12.9625,13.1135,560641800
1609857000,13.09975,13.4435,13.087,13.40475,322759920
1609943400,13.2225,13.245,12.586,12.6145,580423000
1610029800,12.9675,13.37775,12.8865025,13.344,461481480
1610116200,13.3625,13.4209975,13.042,13.27675,292528600
1610375400,13.41875,13.961,13.3625,13.6215,519028800
1610461800,13.7525,13.7545,13.345,13.48475,291477720
1610548200,13.489965,13.6249975,13.3850025,13.53175,210028440
1610634600,13.575,13.59975,13.1805,13.20025,283120280
1610721000,13.228,13.32525,12.8485,12.8595,277781280
1611066600,13.01625,13.0939825,12.844,13.02525,226186880
1611153000,13.11175,13.4305,13.05675,13.36575,258570880
1611239400,13.418605,13.9993575,13.2530025,13.8675,338339600
1611325800,13.7400875,13.8417325,13.62725,13.7125,246818560
1611585000,13.78175,13.8285,13.23648,13.65325,251111160
1611671400,13.58044,13.64475,13.3875,13.43525,163980400
1611757800,13.23,13.23275,12.79375,12.91775,371272840
1611844200,12.99625,13.33975,12.9605,13.051,228315960
1611930600,13.075,13.33475,12.911505,12.98975,271552040
1612189800,13.0533375,13.27075,12.90275,13.237,217204320
1612276200,13.39875,13.572,13.2854975,13.55675,220438280
1612362600,13.636,13.93175,13.5165,13.5305,245409280
1612449000,13.531,13.6735,13.3378625,13.66425,201338480
1612535400,13.725,13.73725,13.54575,13.591,169153640
1612794600,13.727215,14.47375,13.727215,14.43875,434622840
1612881000,14.340625,14.58325,14.2225,14.26325,287560120
1612967400,14.46325,14.905,14.341375,14.76425,485352320
1613053800,14.98025,15.27225,14.925,15.25075,450827720
1613140200,15.05,15.2911375,14.775,14.96125,374757480
1613485800,15.06425,15.3725,14.95,15.33025,321959520
1613572200,15.171,15.2235175,14.78,14.906,275698680
1613658600,14.729,14.87325,14.575,14.829,234080800
1613745000,15.0245,15.1769975,14.8467,14.9265,271724120
1614004200,14.77475,15.13325,14.325,14.35575,325885560
1614090600,14.07525,14.23875,13.3895,14.142,391779320
1614177000,14.12275,14.50675,13.756,14.499,448319080
1614263400,14.0454175,14.37475,13.21625,13.3075,824436040
1614349800,13.7525,13.8545,13.361,13.7145,500930400
1614609000,13.875,13.925,13.5532475,13.84175,353183000
1614695400,13.9,13.9205,13.396,13.40625,264114120
1614781800,13.42625,13.4515,12.79875,12.80475,377590280
1614868200,12.80075,12.975,12.08375,12.37025,573345160
1614954600,12.55,12.55,11.67925,12.4615,542838840
1615213800,12.45,12.47125,11.5665,11.59325,543111680
1615300200,12.13025,12.61675,12.05925,12.52025,521825520
1615386600,12.8405,12.98,12.4575,12.46825,384376560
1615473000,12.95,13.04625,12.7345,12.9935,299914280
1615559400,12.64825,12.88875,12.59,12.856,243963960
1615815000,12.86475,13.20675,12.767125,13.19125,222520440
1615901400,13.3565,13.5125,13.11675,13.29125,272129600
1615987800,13.03975,13.45325,12.9895,13.34125,243864200
1616074200,13.1365,13.184,12.7170425,12.7225,294188080
1616160600,12.75,12.9215,12.6125,12.84575,299206960
1616419800,12.91275,13.3945,12.90675,13.18625,297803080
1616506200,13.25425,13.3445,13.02125,13.07075,222046080
1616592600,13.15125,13.159125,12.63675,12.643,245838520
1616679000,12.4995,12.71475,12.272,12.53525,295144560
1616765400,12.5545,12.85625,12.3735,12.83925,363968960
1617024600,12.82025,13.0625,12.7,12.94825,273519880
1617111000,12.84195,12.97525,12.705,12.87175,200202480
1617197400,13.0155,13.4705,12.9825,13.34825,314777520
1617283800,13.57225,13.87,13.51125,13.81175,308274600
1617629400,13.8675,14.0139625,13.733,13.9875,255671400
1617715800,13.9996775,14.054125,13.7736225,13.8615,191745960
1617802200,13.88075,14.2434975,13.7115,14.1435,251284360
1617888600,14.25275,14.4715,14.2489425,14.317,244414920
1617975000,14.214,14.408,14.175,14.4,195170880
1618234200,14.28975,15.3525,14.13925,15.209,869322000
1618320600,15.2315,15.7,15.12575,15.6795,676211880
1618407000,15.625,15.72046,15.2275,15.277,385501920
1618493400,15.6625,16.21415,15.6315,16.13725,598480680
1618579800,16.0530875,16.16575,15.86525,15.9125,335207560
1618839000,15.53654,15.8075,15.2330025,15.36175,404418080
1618925400,15.32325,15.497,14.963,15.17125,334133040
1619011800,15.11875,15.3625,15.10225,15.3605,216777040
1619098200,15.375,15.4385675,14.7835,14.85025,277786280
1619184600,14.9343625,15.334875,14.90025,15.26525,227772200
1619443800,15.185045,15.479,15.125,15.478,197797080
1619530200,15.5785,15.6705,15.3545,15.38175,164573000
1619616600,15.3645,15.53225,15.2155175,15.27675,209416200
1619703000,15.4,15.4365,15.0715,15.32475,173196480
1619789400,15.1745,15.3649975,14.997,15.0095,201910080
1620048600,15.125,15.24675,14.7875,14.83675,203911840
1620135000,14.63725,14.6375,14.0102525,14.35125,405324800
1620221400,14.709,14.8135,14.3875,14.4585,292023040
1620307800,14.49525,14.57125,14.21809,14.523,193380920
1620394200,14.80825,14.97075,14.6717075,14.81225,229327320
1620653400,14.78725,14.806,14.25,14.26575,268903800
1620739800,13.825,14.35475,13.75,14.30625,285585360
1620826200,14.0095,14.26025,13.70925,13.7585,303409320
1620912600,14.03375,14.08075,13.459,13.66525,285727480
1620999000,13.89,14.328105,13.7485,14.243,258615000
1621258200,14.157,14.16925,13.8535,14.1655,216980840
1621344600,14.267,14.40425,14.004,14.01575,186254240
1621431000,13.5665,14.0795,13.54325,14.06575,343999360
1621517400,14.3025,14.683785,14.2705,14.6125,321591920
1621603800,15.16375,15.222,14.86939,14.99175,672992000
1621863000,15.2125,15.745,15.176,15.612,554816200
1621949400,15.766,15.8184975,15.4825,15.64775,435406880
1622035800,15.73425,15.79375,15.58625,15.7,370438640
1622122200,15.69975,15.75,15.46,15.488,581475200
1622208600,15.501,16.277475,15.501,16.2445,644535600
1622554200,16.27,16.388125,15.90325,16.2645,472803000
1622640600,16.25225,16.9188675,16.2355,16.77825,594167560
1622727000,16.70075,17.259,16.583,16.96975,580006800
1622813400,17.1125,17.661,17.0955,17.57825,617120280
1623072600,17.57114,17.8125,17.19275,17.619,575754920
1623159000,17.52725,17.6215875,17.251,17.457,323846760
1623245400,17.51575,17.575,17.25575,17.35825,381657480
1623331800,17.35,17.492,17.1760025,17.425,287770440
1623418200,17.4795,17.939225,17.44375,17.82525,416307640
1623677400,17.906,18.0395,17.6627525,18.01875,321374280
1623763800,17.915,18.01625,17.72795,17.7885,243030440
1623850200,17.79075,17.9546775,17.584425,17.81025,307122600
1623936600,17.7745675,18.835,17.7562525,18.65725,809654880
1624023000,18.784,19.375,18.584,18.63875,968854280
1624282200,18.43525,18.5365,17.82265,18.42725,672382160
1624368600,18.4715,18.96375,18.385875,18.88675,580145560
1624455000,19.00775,19.15275,18.90775,19.05725,332357040
1624541400,19.22775,19.42,19.08825,19.2055,320922400
1624627800,19.2805,19.3455,18.894375,19.031,278365920
1624887000,19.36125,20.07875,19.319,19.985,495436560
1624973400,19.8825,20.09875,19.656875,20.02675,367633840
1625059800,19.999125,20.1625,19.86375,20.0025,326566160
1625146200,20.125,20.456,20.019,20.212,480134960
1625232600,20.440125,20.50525,20.28775,20.487,343396680
1625578200,20.7375,20.842,20.35025,20.6985,446707480
1625664600,20.8535,20.875,20.33205,20.37175,418427280
1625751000,19.8565,20.133,19.70075,19.90275,503299680
1625837400,19.9625,20.080125,19.75425,20.05025,296622680
1626096600,20.24,20.53275,20.18775,20.5125,321984760
1626183000,20.4005,20.46125,20.1140025,20.25,290706320
1626269400,20.35775,20.41775,19.75275,19.8415,380099200
1626355800,19.81175,19.847,18.8585025,18.96625,550564520
1626442200,19.0305,19.15711,18.073,18.161,688222640
1626701400,17.91525,19.042,17.8655,18.77975,749058760
1626787800,18.73,18.838,18.164,18.612,434686540
1626874200,18.882,19.527,18.742,19.41,371017360
1626960600,19.642,19.887,19.276,19.594,323825950
1627047000,19.65635,19.7,19.25,19.558,195671980
1627306200,19.311,19.442,18.914,19.294,203943160
1627392600,19.265,19.622,18.741,19.208,248862580
1627479000,19.3192,19.646,18.995,19.503,202191150
1627565400,19.519,19.853,19.32803,19.662,190780880
1627651800,19.418,19.63,19.263,19.499,183497460
1627911000,19.7,19.961,19.361,19.75,217443970
1627997400,19.74,20.222,19.22,19.815,301810740
1628083800,19.99,20.318,19.828,20.274,231309400
1628170200,20.5,20.733,20.342,20.637,211435370
1628256600,20.524,20.57,20.21,20.366,178496610
1628515800,20.446,20.50799,20.143,20.295,146443100
1628602200,20.322,20.43,19.83454,19.936,179237780
1628688600,20.043,20.049,19.43,19.699,185924840
1628775000,19.87,20.02899,19.62,19.905,151861550
1628861400,19.905,20.21381,19.851,20.188,183062860
1629120600,20.135,20.287,19.453,19.95,211152800
1629207000,19.685,19.77,19.267,19.458,204584850
1629293400,19.5,19.63365,19,19.04,285913480
1629379800,19.494,20.495,18.762,19.798,766554770
1629466200,19.991,20.86506,19.933,20.816,675741310
1629725400,20.971,21.997,20.95,21.958,575806580
1629811800,21.753,21.959,21.535,21.793,297298920
1629898200,21.737,22.47,21.722,22.213,347701040
1629984600,22.2,22.34,21.79,22.068,237940420
1630071000,22.184,22.722,22.167,22.636,304722190
1630330200,22.82997,23.043,22.551,22.688,262579900
1630416600,22.695,22.695,22.12,22.385,259849680
1630503000,22.485,22.697,22.3565,22.441,201766950
1630589400,22.518,22.59299,22.2945,22.396,188109570
1630675800,22.325,22.986,22.2,22.843,280831980
1631021400,22.833,22.899,22.5224,22.662,198107160
1631107800,22.513,22.61,21.977,22.339,254434210
1631194200,22.312,22.538,22.131,22.177,196856010
1631280600,22.34831,22.626,22.27,22.478,248375740
1631539800,22.684,22.964,21.858,22.152,297499900
1631626200,22.275,22.41,22.086,22.242,199754600
1631712600,22.309,22.36699,21.966,22.341,166538010
1631799000,22.18345,22.277,21.927,22.242,156033440
1631885400,22.3,22.321,21.83,21.9,294502840
1632144600,21.146,21.433,20.662,21.113,349440450
1632231000,21.4165,21.425,20.95,21.246,204688100
1632317400,21.3655,21.96,21.196,21.941,268725560
1632403800,22.14,22.5345,21.89,22.482,248554910
1632490200,22.07,22.149,21.861,22.081,217655450
1632749400,21.71035,21.799,21.325,21.66,245215140
1632835800,21.2135,21.419,20.651,20.699,343068950
1632922200,20.9395,21.017,20.467,20.517,218393630
1633008600,20.7684,21.066,20.688,20.716,221009120
1633095000,20.75,20.859,20.203,20.742,240977960
1633354200,20.504,20.54179,19.555,19.732,345634970
1633440600,19.95,20.648,19.854,20.451,279281650
1633527000,20.12,20.72,20.08,20.7,297201750
1633613400,21.092,21.322,20.972,21.075,256918930
1633699800,21.101,21.206,20.775,20.831,151257910
1633959000,20.575,21.063,20.511,20.695,163387540
1634045400,20.8275,21.057,20.528,20.671,162133540
1634131800,20.918,20.99,20.713,20.939,180651880
1634218200,21.288,21.755,21.12201,21.746,243588810
1634304600,21.81,21.931,21.662,21.862,226994010
1634563800,21.749,22.291,21.644,22.222,189493560
1634650200,22.276,22.379,22.037,22.29,161473290
1634736600,22.3045,22.433,21.982,22.103,146275940
1634823000,22.097,22.711,22.083,22.692,187590320
1634909400,22.823,23.13,22.561,22.726,249383790
1635168600,22.973,23.35499,22.77,23.166,230234830
1635255000,23.989,25.259,23.924,24.717,485898300
1635341400,24.474,25.09,24.28201,24.451,245989890
1635427800,24.878,24.95,24.523,24.941,234204310
1635514200,25.0005,25.709,25,25.567,292502840
1635773400,25.649,25.894,25.227,25.827,265739760
1635859800,25.822,26.678,25.8,26.401,294112390
1635946200,26.67,26.784,26.235,26.598,239910330
1636032600,27.229,31.365,27.118,29.801,1153631150
1636119000,30.187,31.4,29.41,29.752,851260150
1636381800,30.149,31.1,29.907,30.804,503100930
1636468200,32.282,32.31,29.964,30.657,646746210
1636554600,29.356,30.85,28.778,29.459,636205720
1636641000,30.468,30.59,29.77701,30.39,332172110
1636727400,30.01,30.68,29.63,30.39,413054280
1636986600,30.552,30.644,29.247,30.025,384909000
1637073000,29.759,30.39,29.70587,30.203,264483670
1637159400,30.418,30.509,28.8,29.261,428507990
1637245800,32.367,32.76,31.321,31.675,781710750
1637332200,32.243,33.088,31.905,32.985,533866650
1637591400,33.517,34.647,31.9,31.956,754335240
1637677800,31.535,32.36,30.88,31.746,532162700
1637764200,31.461,32.855,30.928,32.674,435162260
1637937000,32.6,32.71,31.35,31.503,283068860
1638196200,32.366,33.412,32.036,33.376,454963980
1638282600,33.169,33.353,31.86401,32.676,622066470
1638369000,33.21947,33.28934,31.38,31.435,485802040
1638455400,31.214,32.47799,31.025,32.126,472890330
1638541800,32,32.129,30.13,30.693,544325050
1638801000,29.88,30.241,28.038,30.037,658938450
1638887400,30.957,32.449,30.651,32.427,593053480
1638973800,31.999,32.29,31.42101,31.826,475551450
1639060200,31.734,32.205,30.428,30.49,488507160
1639146600,31.15,31.305,29.861,30.198,488825090
1639405800,30.249,30.294,28.116,28.161,598343660
1639492200,27.699,28.678,27.25,28.337,667035370
1639578600,28.4,30.5,27.838,30.459,698296880
1639665000,31.152,31.16,28.093,28.387,707365950
1639751400,27.985,28.922,27.76,27.801,716622390
1640010600,27.305,28.144,27.145,27.719,461846760
1640097000,28.374,29.12,27.401,29.075,524384940
1640183400,28.891,29.555,28.449,29.4,395184380
1640269800,29.755,30.059,29.43101,29.64,343021740
1640615400,29.66,31.0865,29.64,30.945,403685870
1640701800,31.312,31.33,30.01181,30.322,420591210
1640788200,30.2725,30.548,29.366,30.001,343139280
1640874600,29.827,30.457,29.54,29.586,308864220
1640961000,29.674,30.03,29.33057,29.411,266529910
1641220200,29.815,30.711,29.785,30.121,392402940
1641306600,30.277,30.468,28.349,29.29,527154400
1641393000,28.949,29.416,27.533,27.604,498063880
1641479400,27.64,28.43799,27.065,28.178,454186370
1641565800,28.141,28.422,27.057,27.247,409938510
1641825000,26.581,27.469,25.64384,27.4,594680950
1641911400,27.3225,28.065,26.839,27.817,404089290
1641997800,28.0665,28.595,27.608,27.999,383413480
1642084200,28.379,28.48,26.498,26.575,538868090
1642170600,26.3,27.1969,26.21001,26.942,395832350
1642516200,26.26,26.638,25.77,25.903,425306170
1642602600,26.079,26.54317,25.052,25.067,488314510
1642689000,25.304,25.57904,24.078,24.15,435180730
1642775400,23.507,24.823,23.263,23.374,718957840
1643034600,22.33,23.38,20.888,23.372,915810630
1643121000,22.546,22.943,22,22.324,664616360
1643207400,23.24,24.057,22.3,22.772,755958730
1643293800,23.568,23.995,21.675,21.944,573352720
1643380200,22.01215,22.858,21.296,22.84,543774250
1643639400,23.182,24.509,23.052,24.486,564679680
1643725800,25.104,25.145,23.89001,24.638,518925170
1643812200,25.794,25.817,24.55301,25.242,543419410
1643898600,24.458,25.077,23.78,23.948,410177780
1643985000,23.972,24.635,23.632,24.319,354828500
1644244200,24.372,25.182,24.202,24.728,376867500
1644330600,24.359,25.23,23.98,25.108,410358640
1644417000,25.622,26.725,25.353,26.705,524281660
1644503400,25.995,26.92499,25.6,25.824,513199720
1644589800,25.916,26.152,23.773,23.949,605471980
1644849000,23.934,24.875,23.755,24.267,440424430
1644935400,24.949,26.545,24.784,26.495,701752800
1645021800,26.259,26.582,25.552,26.511,732676330
1645108200,25.63,25.785,24.165,24.507,810595080
1645194600,24.6675,24.986,23.1,23.642,761254910
1645540200,23.035,24.06399,23,23.39,633422440
1645626600,23.802,24.15499,22.301,22.387,566510770
1645713000,21.015,23.8,20.89,23.748,735800630
1645799400,23.721,24.217,23.381,24.157,528865510
1646058600,23.992,24.665,23.70701,24.385,477318610
1646145000,24.291,24.377,23.132,23.477,412055980
1646231400,23.756,24.409,23.415,24.22,389641850
1646317800,24.2615,24.32599,23.469,23.714,365095040
1646404200,23.384,23.68,22.482,22.936,432010700
1646663400,22.817,23.033,21.33,21.352,450820890
1646749800,21.309,22.37299,20.65,21.514,557467190
1646836200,22.387,23.22,22.247,23.014,492741950
1646922600,22.531,22.788,21.882,22.658,428065650
1647009000,23.022,23.145,22.046,22.1,367208570
1647264600,21.869,22.262,21.15901,21.33,385354240
1647351000,21.518,23.038,21.32201,22.973,491995690
1647437400,23.5,24.597,23.172,24.496,671421740
1647523800,24.12,24.842,23.906,24.766,471941190
1647610200,24.799,26.56899,24.624,26.453,730718560
1647869400,26.507,27.15199,25.967,26.734,591727080
1647955800,26.727,27.238,26.072,26.524,547007100
1648042200,26.126,26.6115,25.57501,25.634,502119860
1648128600,26.166,28.31999,25.907,28.15,877379140
1648215000,27.886,28.358,27.271,27.692,579016180
1648474200,27.7555,28.25,27.206,28.219,425493920
1648560600,28.6945,28.946,27.98,28.656,488984400
1648647000,28.304,28.4955,27.503,27.69,463487130
1648733400,27.782,28.248,27.27,27.286,523440220
1648819800,27.375,27.496,26.267,26.712,517235110
1649079000,26.728,27.558,26.613,27.36,397707820
1649165400,27.254,27.319,25.82,25.931,436614730
1649251800,24.934,25.3,24.003,24.407,703832560
1649338200,24.441,24.722,23.478,24.208,557992360
1649424600,23.917,23.923,23.06201,23.119,524780640
1649683800,22.214,22.31994,21.66,21.917,575206840
1649770200,22.537,22.725,21.28204,21.504,662258070
1649856600,21.728,22.5,21.455,22.203,516943440
1649943000,22.505,22.777,21.163,21.258,569096850
1650288600,21.2,22.088,21.079,21.783,525700610
1650375000,21.72,22.373,21.314,22.198,512780580
1650461400,22.5171,22.67037,21.2,21.482,468974440
1650547800,21.70915,22.392,20,20.183,656209440
1650634200,20.303,20.486,19.5,19.515,624713430
1650893400,19.202,19.945,19.096,19.902,641565610
1650979800,19.718,19.788,18.67,18.788,653142500
1651066200,18.598,19.167,18.29,18.415,499460170
1651152600,18.967,20.037,18.48957,19.782,570326710
1651239000,19.402,20.12848,18.517,18.547,500434910
1651498200,18.5405,19.574,18.391,19.533,572048680
1651584600,19.4,19.825,19.133,19.602,475750840
1651671000,19.923,20.4,18.751,20.334,648854630
1651757400,19.867,19.925,18.5,18.844,626331410
1651843800,18.736,19.512,17.99,18.675,633296720
1652103000,18.034,18.255,16.827,16.95,644454510
1652189400,17.689,18.198,17.025,17.595,761474290
1652275800,17.347,17.753,16.568,16.63,670167030
1652362200,16.2191,16.788,15.567,16.175,708728370
1652448600,16.788,17.92843,16.5925,17.706,670436510
1652707800,17.509,17.788,17.106,17.264,521445980
1652794200,18.074,18.371,17.634,18.177,585829710
1652880600,17.705,18.118,16.864,16.938,545161060
1652967000,16.937,17.687,16.73405,17.124,621309590
1653053400,17.332,17.41,15.755,16.694,739105260
1653312600,16.274,16.915,16.17901,16.898,639888690
1653399000,16.51,16.597,15.78,16.154,588550020
1653485400,16.02,17.11099,16,16.975,781131900
1653571800,16.036,18.092,16.022,17.851,996574520
1653658200,18.186,18.881,18.1,18.811,738379350
1654003800,18.98,19.2,18.35,18.672,664099510
1654090200,18.724,19.05318,18.122,18.32,544513900
1654176600,18.292,19.619,18.198,19.592,648655800
1654263000,19.0815,19.3323,18.52156,18.72,598778700
1654522200,19.139,19.337,18.5642,18.786,422406150
1654608600,18.472,19,18.188,18.926,388914110
1654695000,18.799,19.18,18.535,18.648,363252460
1654781400,18.481,18.933,18.041,18.048,395573790
1654867800,17.6,17.697,16.869,16.974,465649660
1655127000,16,16.312,15.606,15.647,604153380
1655213400,15.731,16.066,15.412,15.836,469679520
1655299800,16.095,16.868,15.926,16.527,563935650
1655386200,15.86,15.94232,15.401,15.601,545748670
1655472600,15.648,15.995,15.328,15.88,630333970
1655818200,16.4745,17.008,16.407,16.566,483088880
1655904600,16.226,16.662,16.18,16.36,437997440
1655991000,16.5185,16.585,15.853,16.225,463679590
1656077400,16.5,17.14,16.31,17.126,472152830
1656336600,17.312,17.33,16.6255,16.869,427967880
1656423000,16.9,17.20199,15.945,15.982,461859360
1656509400,15.814,15.82,15.17,15.542,482352280
1656595800,15.361,15.567,14.862,15.159,686070030
1656682200,14.899,15.06291,14.392,14.523,577610080
1657027800,14.175,14.971,14.055,14.964,652207610
1657114200,15.01,15.31899,14.789,15.13,529065860
1657200600,15.4555,15.945,15.389,15.858,492902760
1657287000,15.43,16.03699,15.389,15.838,467971760
1657546200,15.526,15.52699,15.03801,15.152,438388730
1657632600,15.268,15.431,14.877,15.082,458483100
1657719000,14.59,15.375,14.465,15.164,521918340
1657805400,15.108,15.47299,14.728,15.372,456234840
1657891800,15.659,15.782,15.445,15.762,385935470
1658151000,16.302,16.897,16.002,16.101,670517450
1658237400,16.486,17.11,16.17201,16.992,702366080
1658323800,16.947,17.9325,16.801,17.807,760537790
1658410200,17.885,18.144,17.54456,18.05,557049280
1658496600,17.893,17.967,17.1365,17.319,536670880
1658755800,17.019,17.124,16.649,17.024,480747510
1658842200,16.889,16.919,16.478,16.533,397864910
1658928600,17.032,17.936,16.91301,17.79,569776230
1659015000,17.975,18.14,17.44,17.984,474646280
1659101400,17.813,18.244,17.692,18.163,435460420
1659360600,18.182,18.846,17.99,18.441,476469040
1659447000,18.122,18.93753,18.092,18.526,489526920
1659533400,18.184,18.968,18.137,18.893,418145570
1659619800,18.849,19.274,18.76,19.215,409652270
1659706200,18.81,19.22892,18.666,18.989,386068290
1659965400,17.502,18.239,17.242,17.793,983783180
1660051800,17.252,17.44719,16.724,17.086,668262650
1660138200,17.698,18.118,17.31701,18.097,597422460
1660224600,18.131,18.707,17.876,17.942,509326550
1660311000,18.16,18.718,17.953,18.709,478094150
1660570200,18.701,19.164,18.613,19.032,457665560
1660656600,18.9195,19.142,18.501,18.879,451239640
1660743000,18.523,18.688,18.145,18.335,446799110
1660829400,18.301,18.86499,18.183,18.773,415446560
1660915800,18.406,18.52,17.77,17.849,441588330
1661175000,17.49,17.558,16.966,17.034,409592710
1661261400,16.9885,17.465,16.97,17.181,369985770
1661347800,17.012,17.406,16.895,17.222,522660710
1661434200,16.844,17.947,16.833,17.913,770691330
1661520600,17.857,17.924,16.237,16.26,769127430
1661779800,16.02,16.338,15.767,15.801,496131940
1661866200,15.96,16.039,15.182,15.468,530180690
1661952600,15.384,15.54,14.95851,15.094,573709860
1662039000,14.209,14.38,13.27021,13.937,1178865140
1662125400,14.1,14.171,13.591,13.647,743157460
1662471000,13.731,13.779,13.351,13.465,535751180
1662557400,13.563,13.838,13.346,13.714,512657460
1662643800,13.459,14.008,13.369,13.99,624873120
1662730200,14.157,14.474,14.126,14.387,487128420
1662989400,14.369,14.547,14.198,14.505,484159240
1663075800,13.802,13.922,13.099,13.131,714955630
1663162200,13.254,13.28999,12.913,13.128,588506540
1663248600,13.0152,13.23299,12.79,12.929,523625160
1663335000,12.7415,13.212,12.617,13.198,670751400
1663594200,13.012,13.463,13.01,13.382,569685280
1663680600,13.2145,13.48276,13.057,13.176,524817750
1663767000,13.213,14.031,13.11,13.261,807679400
1663853400,13.07,13.14897,12.428,12.561,759162160
1663939800,12.42,12.611,12.257,12.516,663309310
1664199000,12.491,12.659,12.214,12.228,547342690
1664285400,12.507,12.736,12.258,12.413,553854060
1664371800,12.41,12.823,12.35386,12.736,542413880
1664458200,12.448,12.5,11.94601,12.22,532763120
1664544600,12.087,12.633,12.075,12.139,565638420
1664803800,12.347,12.678,12.105,12.512,547478470
1664890200,12.879,13.22,12.879,13.167,584181670
1664976600,12.9107,13.321,12.621,13.209,507130730
1665063000,13.22,13.656,13.103,13.13,644156890
1665149400,12.505,12.67,12.022,12.076,672478160
1665408600,12.037,12.12432,11.40812,11.67,698699250
1665495000,11.561,11.846,11.283,11.586,667481630
1665581400,11.579,11.735,11.345,11.5,492590190
1665667800,10.971,12.07799,10.813,11.96,850103010
1665754200,12.057,12.111,11.204,11.227,713431990
1666013400,11.518,11.948,11.517,11.888,580774170
1666099800,12.344,12.492,11.618,11.967,659362060
1666186200,11.879,12.35,11.834,12.051,523130610
1666272600,12.113,12.769,12.105,12.194,652397610
1666359000,12.0982,12.498,11.887,12.466,609494410
1666618200,12.508,12.71,12.064,12.599,517457400
1666704600,12.6935,13.3,12.664,13.261,505482330
1666791000,12.869,13.388,12.708,12.896,535533290
1666877400,13.63,13.838,13.122,13.176,583113080
1666963800,13.104,13.85,13.061,13.834,521039930
1667223000,13.778,13.838,13.297,13.497,486340990
1667309400,13.811,13.925,13.519,13.543,432816900
1667395800,13.85,14.21,13.21124,13.219,672627840
1667482200,13.043,13.781,12.956,13.421,500064860
1667568600,13.986,14.229,13.697,14.156,612575910
1667831400,14.228,14.412,13.954,14.301,410060950
1667917800,14.801,14.89101,14.216,14.602,595291990
1668004200,14.1615,14.211,13.75901,13.776,454413660
1668090600,14.8,15.773,14.547,15.75,700819250
1668177000,15.8075,16.389,15.482,16.327,655487470
1668436200,16.218,16.54,15.922,16.295,527852450
1668522600,16.7215,16.998,16.382,16.666,545875500
1668609000,16.1615,16.362,15.873,15.91,649546840
1668695400,15.715,16.266,15.535,15.677,710893560
1668781800,15.966,16.002,15.12001,15.409,492071650
1669041000,15.147,15.477,15.08,15.317,404739310
1669127400,15.328,16.05757,15.1216,16.038,472866070
1669213800,16.098,16.527,16.04801,16.519,427240930
1669386600,16.318,16.487,16.172,16.27,167934300
1669645800,16.026,16.357,15.725,15.827,304152010
1669732200,15.827,15.932,15.52,15.639,298384490
1669818600,15.697,16.93,15.597,16.923,565298220
1669905000,16.999,17.265,16.635,17.135,470976570
1669991400,16.659,16.93257,16.445,16.876,371388580
1670250600,16.679,16.995,16.47201,16.61,352255170
1670337000,16.53,16.573,15.819,15.987,352694270
1670423400,15.772,16.186,15.667,16.12,372387580
1670509800,16.273,17.179,15.959,17.169,515455540
1670596200,17.16,17.583,16.975,17.001,465338190
1670855400,17.037,17.538,16.797,17.535,457327800
1670941800,18.531,18.79,17.711,18.072,656588760
1671028200,17.987,18.252,17.42,17.674,496888100
1671114600,17.146,17.32,16.7,16.952,478542100
1671201000,16.8642,17.041,16.41,16.571,478231930
1671460200,16.572,16.609,16.145,16.254,354038770
1671546600,16.064,16.31,15.852,16.085,403259790
1671633000,16.114,16.627,16.102,16.501,325025380
1671719400,16.0935,16.138,14.882,15.339,565045270
1671805800,15.196,15.339,14.883,15.206,349325630
1672151400,15.074,15.1,14.056,14.121,464902260
1672237800,13.927,14.262,13.884,14.036,351066450
1672324200,14.402,14.683,14.227,14.603,354923240
1672410600,14.334,14.62899,14.233,14.614,310489830
1672756200,14.851,14.996,14.096,14.315,401276580
1672842600,14.567,14.853,14.241,14.749,431323600
1672929000,14.491,14.564,14.14795,14.265,389168110
1673015400,14.474,15.01,14.034,14.859,405043620
1673274600,15.284,16.056,15.141,15.628,504230560
1673361000,15.507,15.96199,15.472,15.909,384101260
1673447400,15.83951,16.028,15.563,16.001,353284930
1673533800,16.1,16.637,15.492,16.511,551409060
1673620200,16.278,16.922,16.165,16.899,447287060
1673965800,16.899,17.728,16.899,17.702,511102160
1674052200,17.667,17.873,17.282,17.377,439623550
1674138600,17.036,17.197,16.731,16.765,452931600
1674225000,17.011,17.856,16.825,17.839,564967120
1674484200,18.064,19.245,17.8175,19.193,655162590
1674570600,18.827,19.495,18.82,19.265,496204100
1674657000,18.9125,19.37,18.58,19.323,449537110
1674743400,19.701,20.166,19.278,19.802,489535420
1674829800,19.462,20.628,19.405,20.365,542141980
1675089000,19.95,20.14,19.15,19.162,488611150
1675175400,19.1695,19.687,18.95,19.537,498016580
1675261800,19.691,21.192,19.611,20.943,660477040
1675348200,21,21.949,20.7,21.709,564275800
1675434600,21,21.74499,20.789,21.1,429365950
1675693800,20.806,21.57,20.786,21.089,452197090
1675780200,21.382,22.259,21.15,22.173,664149610
1675866600,22.387,22.878,22.00801,22.205,559651220
1675953000,22.606,23.02,22.12,22.337,523875780
1676039400,21.69,22.07764,20.811,21.265,550736750
1676298600,21.538,22.048,20.962,21.788,474918620
1676385000,21.578,23.0488,21.366,22.971,675473500
1676471400,22.549,22.855,22.106,22.764,421188260
1676557800,22.133,22.55,21.9268,22.002,412026280
1676644200,21.631,21.74,20.975,21.388,465887640
1676989800,21,21.4938,20.618,20.655,410014550
1677076200,20.707,21.104,20.421,20.754,513184320
1677162600,23.44,23.888,23.025,23.664,1117995410
1677249000,23.225,23.474,22.947,23.286,589715910
1677508200,23.67,23.87994,23.454,23.501,452993670
1677594600,23.372,23.825,23.206,23.216,455962800
1677681000,23.192,23.25557,22.508,22.698,460025620
1677767400,22.488,23.3804,22.432,23.314,390074650
1677853800,23.32,23.9,23.13,23.89,412393300
1678113000,23.891,24.248,23.487,23.554,437429230
1678199400,23.6,24.125,23.241,23.288,515153880
1678285800,23.487,24.2,23.4235,24.181,513573390
1678372200,24.175,24.454,23.38284,23.436,501256990
1678458600,23.409,23.627,22.726,22.965,474865650
1678714200,22.752,23.298,22.297,22.966,421890320
1678800600,23.496,24.219,23.46,24.063,474910130
1678887000,23.761,24.286,23.36,24.228,524485740
1678973400,24.027,25.588,23.894,25.541,584946260
1679059800,25.982,26.399,25.668,25.725,848546560
1679319000,25.615,26.024,25.12983,25.9,432747190
1679405400,26.18,26.392,25.381,26.199,547407760
1679491800,26.425,27.589,26.237,26.468,797295110
1679578200,27.1155,27.499,26.69,27.191,564888760
1679664600,27.031,27.167,26.355,26.779,455414070
1679923800,26.837,27,26.365,26.531,361025740
1680010200,26.447,26.513,25.85,26.41,356103780
1680096600,26.825,27.078,26.597,26.984,393693870
1680183000,27.229,27.499,27.102,27.383,364515740
1680269400,27.14,27.83431,27.105,27.777,433932770
1680528600,27.509,28,27.336,27.965,398715600
1680615000,27.966,28,27.307,27.453,368591530
1680701400,26.829,26.998,26.395,26.881,515014740
1680787800,26.584,27.08,26.427,27.037,397654340
1681133400,26.823,27.62099,26.669,27.579,395278550
1681219800,27.7235,27.79,27.126,27.169,314378170
1681306200,27.37,27.46799,26.4475,26.495,446258950
1681392600,26.734,26.8869,26.329,26.463,353615280
1681479000,26.504,26.883,26.22,26.758,395660130
1681738200,26.5655,27.006,26.43318,27.002,321471300
1681824600,27.5335,28.11,27.357,27.667,604811540
1681911000,27.361,28,27.232,27.931,358660410
1681997400,27.671,28.03,27,27.104,427713260
1682083800,26.952,27.183,26.722,27.119,345102770
1682343000,27.013,27.36599,26.67101,27.042,339281860
1682429400,27.078,27.247,26.225,26.241,378527160
1682515800,27.002,27.33,26.7051,26.956,406336810
1682602200,27.363,27.495,26.62501,27.226,377161190
1682688600,27.225,27.758,27.07148,27.749,292216140
1682947800,27.84,29.05844,27.78,28.91,570328530
1683034200,28.68,28.83599,28.083,28.21,402729570
1683120600,27.84,28.367,27.472,27.802,383387400
1683207000,27.651,27.859,27.24,27.562,321850410
1683293400,27.8255,28.755,27.731,28.68,361494080
1683552600,28.522,29.22,28.35,29.151,344978900
1683639000,28.899,28.973,28.45,28.571,314869460
1683725400,29.005,29.113,28.46128,28.885,369349980
1683811800,28.896,28.95,28.246,28.578,322149030
1683898200,28.529,28.78,28.046,28.34,274222250
1684157400,28.5085,28.969,28.152,28.953,293925870
1684243800,28.841,29.87,28.832,29.213,449404940
1684330200,29.584,30.199,29.43001,30.178,432535410
1684416600,30.41,31.828,30.32,31.678,748725010
1684503000,31.536,31.58,30.916,31.264,473907650
1684762200,30.901,31.52,30.68,31.176,371999670
1684848600,31,31.288,30.631,30.688,356253260
1684935000,30.21,30.607,29.806,30.538,721418510
1685021400,38.523,39.48,36.635,37.98,1543910670
1685107800,37.89,39.17,37.55,38.946,714396760
1685453400,40.595,41.938,39.949,40.111,923401100
1685539800,39.488,40.295,37.822,37.834,1002580200
1685626200,38.489,40.05,38.34,39.77,635872950
1685712600,40.097,40.5,39.05801,39.327,482731210
1685971800,38.909,39.56503,38.707,39.171,396093810
1686058200,38.83,39.16,38.148,38.654,388729140
1686144600,38.915,39.499,37.356,37.475,511997890
1686231000,37.724,38.864,37.505,38.51,417772400
1686317400,39.037,39.711,38.567,38.77,427717470
1686576600,39.2,39.52999,38.618,39.482,389673350
1686663000,40.186,41.101,39.74,41.022,613208160
1686749400,40.824,43,40.552,42.997,740465020
1686835800,42.602,43.289,42.147,42.653,568622040
1686922200,43.45,43.721,42.6605,42.692,655709410
1687267800,42.998,43.99,42.674,43.808,451153110
1687354200,43.501,43.615,42.08,43.045,551602910
1687440600,42.253,43.4255,42.234,43.025,417737430
1687527000,42.464,42.809,42.015,42.209,358139840
1687786200,42.461,42.764,40.1,40.632,594321920
1687872600,40.799,41.94,40.448,41.876,462174700
1687959000,40.66,41.845,40.518,41.117,582639270
1688045400,41.558,41.6,40.6,40.822,380514300
1688131800,41.68,42.55,41.501,42.302,501147750
1688391000,42.517,42.898,42.202,42.413,198209190
1688563800,42.135,43.177,42.085,42.317,323617560
1688650200,41.844,42.179,41.346,42.103,304138790
1688736600,42.322,43.214,42.18,42.503,355881470
1688995800,42.657,42.811,41.649,42.18,353908110
1689082200,42.481,42.758,42.067,42.405,298244060
1689168600,43.033,43.935,42.77728,43.902,481277020
1689255000,44.518,46.155,44.492,45.977,478203690
1689341400,46.58281,48.088,45.06,45.469,772075330
1689600600,46.289,46.496,45.26241,46.461,510488220
1689687000,46.701,47.89599,45.734,47.494,570190420
1689773400,47.464,47.818,46.742,47.077,427501790
1689859800,46.507,47.087,45.062,45.52,537864510
1689946200,45.788,45.866,44.1,44.309,963768630
1690205400,44.731,45.109,44.04,44.612,383099740
1690291800,44.941,46.1825,44.923,45.679,348080910
1690378200,46.021,46.053,44.63,45.452,364237260
1690464600,46.519,47.395,45.75,45.9,455975520
1690551000,46.668,47.027,46.381,46.75,331194240
1690810200,46.754,47.13,46.50601,46.729,251055280
1690896600,46.4595,46.9,46.027,46.507,239275970
1690983000,45.831,45.84,43.387,44.269,530141570
1691069400,43.8,45.118,43.8,44.515,325076600
1691155800,44.985,45.642,44.393,44.68,362666180
1691415000,45.111,45.54,44.56345,45.4165,322153540
1691501400,44.853,45.242,44.05601,44.664,353843430
1691587800,44.274,44.312,42.134,42.554,586449070
1691674200,42.16,43.574,41.835,42.388,492705300
1691760600,41.751,42.018,40.639,40.855,533085260
1692019800,40.486,43.8,40.311,43.753,690285830
1692106200,44.56,45.268,43.71,43.94,676511510
1692192600,44.52,44.675,43.406,43.486,527450680
1692279000,43.97,44.062,43.001,43.3435,452394820
1692365400,42.635,43.57799,41.66,43.299,583767870
1692624600,44.494,47.065,44.222,46.967,692573370
1692711000,48.135,48.187,45.3331,45.668,757206910
1692797400,45.866,47.2,45.208,47.116,779046080
1692883800,50.216,50.266,47.159,47.163,1156044090
1692970200,47.012,47.805,45.024,46.018,925340520
1693229400,46.482,46.98,44.888,46.835,685192230
1693315800,46.666,49.081,46.39101,48.784,701396990
1693402200,49.044,49.927,48.425,49.264,735205980
1693488600,49.38,49.744,48.958,49.355,528569770
1693575000,49.762,49.8,48.1416,48.509,463830300
1693920600,48.223,48.85081,47.86,48.548,382652580
1694007000,48.441,48.549,46.58,47.061,468669570
1694093400,45.525,46.344,45.152,46.241,433329890
1694179800,45.942,46.606,45.271,45.572,473899940
1694439000,46.148,46.163,44.312,45.178,473965550
1694525400,44.738,45.673,44.531,44.87,349256340
1694611800,44.6,45.93,44.503,45.485,398355350
1694698200,45.95,45.98699,45.131,45.581,370097200
1694784600,45.341,45.599,43.808,43.9,506830510
1695043800,42.748,44.242,42,43.966,500270790
1695130200,43.833,43.966,43.002,43.52,373064240
1695216600,43.6,43.903,42.223,42.239,367107690
1695303000,41.583,42.1,40.98,41.017,450735960
1695389400,41.572,42.115,41.231,41.61,479236310
1695648600,41.591,42.536,41.177,42.222,419090960
1695735000,42.001,42.82,41.655,41.911,402282090
1695821400,42.33,42.872,41.62901,42.468,444935200
1695907800,42.46,43.44631,42.115,43.089,424662790
1695994200,43.827,44.144,43.30694,43.499,397829930
1696253400,44.03,45.175,43.861,44.782,433298210
1696339800,44.808,45.13,43.246,43.517,470849540
1696426200,43.742,44.143,43.29201,44.041,361820860
1696512600,44.05,44.9,43.888,44.688,393483090
1696599000,44.193,45.789,44.026,45.762,434436020
1696858200,44.842,45.605,44.368,45.273,409674720
1696944600,45.31,46.259,45.088,45.798,368582080
1697031000,46.196,46.859,46.05,46.806,378136890
1697117400,46.777,47.609,46.33,46.945,481325000
1697203800,46.96,47.116,45.28,45.461,475425990
1697463000,45.063,46.225,44.912,46.095,375099240
1697549400,44,44.754,42.48,43.938,812332670
1697635800,42.591,43.219,41.825,42.196,627294340
1697722200,42.811,43.297,41.882,42.101,501233080
1697808600,41.89,42.47,41.078,41.387,477266050
1698067800,41.229,43.24799,40.945,42.975,478530490
1698154200,43.077,43.697,42.691,43.663,401463370
1698240600,43.398,43.65,41.555,41.779,398379220
1698327000,41.853,42.25555,39.88019,40.326,541001320
1698413400,41.13,41.206,40.015,40.5,416784410
1698672600,41.087,41.766,40.481,41.161,388028140
1698759000,40.45,40.879,39.23001,40.78,517968700
1698845400,40.884,42.381,40.869,42.325,437592900
1698931800,43.328,43.884,42.894,43.506,409171870
1699018200,44.02,45.30899,43.723,45.005,424609590
1699281000,45.2845,45.935,44.899,45.751,400733350
1699367400,45.719,46.218,45.1575,45.955,343165470
1699453800,46.1,46.867,45.968,46.574,346718940
1699540200,47.467,48.23,46.75,46.95,540495970
1699626600,47.5,48.472,47.28301,48.335,422441560
1699885800,48.32,49.116,48.09901,48.62,384135700
1699972200,49.68,49.834,49.04001,49.656,416953870
1700058600,49.935,49.96,48.2,48.888,475497350
1700145000,48.679,49.52469,48.33,49.48,339756240
1700231400,49.524,49.717,49.007,49.298,325896910
1700490600,49.312,50.548,49.18101,50.409,416142600
1700577000,50.126,50.517,49.222,49.944,565746870
1700663400,49.852,50.33494,47.69,48.716,900642330
1700836200,48.47001,48.921,47.745,47.776,294644640
1701095400,47.8,48.53,47.652,48.242,395661900
1701181800,48.236,48.3229,47.473,47.821,401490850
1701268200,48.379,48.762,47.86,48.14,382004650
1701354600,48.024,48.11,46.422,46.77,526246630
1701441000,46.525,47.2,46.187,46.765,369317010
1701700200,46.077,46.077,45.01,45.51,437543440
1701786600,45.466,46.6,45.271,46.566,371717620
1701873000,47.2145,47.387,45.412,45.503,380589550
1701959400,45.7,46.629,45.604,46.596,350822550
1702045800,46.595,47.74085,46.55,47.506,359223700
1702305000,47.491,47.531,45.83,46.627,509728090
1702391400,46.046,47.666,46.046,47.657,372386860
1702477800,47.629,48.594,47.608,48.088,447791860
1702564200,48.39,48.67,47.422,48.35,391231740
1702650600,48.194,49.404,48.12,48.89,479947580
1702909800,49.4,50.43299,49.15,50.077,412587170
1702996200,49.424,49.7,48.895,49.604,464444460
1703082600,49.655,49.999,48.098,48.111,397894390
1703169000,48.811,49.095,48.419,48.99,300425350
1703255400,49.195,49.383,48.467,48.83,252506760
1703601000,48.968,49.6,48.96,49.279,244199520
1703687400,49.511,49.68,49.085,49.417,233647980
1703773800,49.643,49.88399,49.412,49.522,246587480
1703860200,49.813,49.997,48.751,49.522,389293300
1704205800,49.244,49.295,47.595,48.168,411254220
1704292200,47.485,48.1841,47.32,47.569,320896170
1704378600,47.767,48.5,47.508,47.998,306534890
1704465000,48.462,49.547,48.30601,49.097,415039270
1704724200,49.512,52.275,49.479,52.253,642509900
1704810600,52.401,54.325,51.69,53.14,773100060
1704897000,53.616,54.6,53.489,54.35,533795760
1704983400,54.999,55.346,53.56,54.822,596758770
1705069800,54.62,54.97,54.33008,54.71,352993600
1705415400,55.018,56.83499,54.9,56.382,449579730
1705501800,56.347,56.47068,54.74,56.053,474394440
1705588200,57.26,57.6,56.107,57.107,491650360
1705674600,57.989,59.5,57.225,59.491,543501480
1705933800,60.049,60.331,59.07,59.654,452954630
1706020200,59.57,59.91,58.585,59.873,294654450
1706106600,60.304,62.849,59.938,61.362,560270760
1706193000,62.35,62.719,60.85,61.617,482776840
1706279400,60.96,61.783,60.573,61.031,390308590
1706538600,61.232,62.489,60.907,62.465,348732980
1706625000,62.9,63.493,62.26,62.774,410735300
1706711400,61.44,62.26902,60.7,61.527,453794870
1706797800,62.1,63.191,61.65,63.027,369145790
1706884200,63.974,66.6,63.69,66.16,476577650
1707143400,68.225,69.497,67.205,69.332,680078010
1707229800,69.63,69.75399,66.3,68.223,683111360
1707316200,68.319,70.22,67.6,70.099,495574550
1707402600,70.074,70.794,69.455,69.641,414422110
1707489000,70.533,72.185,70.212,72.133,436636890
1707748200,72.6,74.611,71.25,72.248,613710180
1707834600,70.4,73.45,69.62,72.128,602580150
1707921000,73.202,74.236,71.938,73.9,504917420
1708007400,73.869,73.975,72.4,72.658,420121810
1708093800,74.1,74.402,72.501,72.613,495326620
1708439400,71.947,71.956,67.734,69.452,704833100
1708525800,68.006,68.888,66.248,67.472,690298130
1708612200,75.025,78.575,74.22,78.538,865099740
1708698600,80.79,82.394,77.57,78.817,829388370
1708957800,79.7,80.64599,78.505,79.092,503972730
1709044200,79.381,79.48,77.162,78.701,391705240
1709130600,77.62,78.933,77.125,77.663,393110400
1709217000,79.094,79.99,78.35,79.112,507288980
1709303400,80,82.3,79.43503,82.279,479135100
1709562600,84.13,87.695,83.719,85.237,615616450
1709649000,85.27,86.097,83.41701,85.964,520639300
1709735400,88.022,89.724,87.03001,88.7,582520300
1709821800,90.158,92.767,89.60201,92.669,608119160
1709908200,95.1379,97.4,86.506,87.528,1142269060
1710163800,86.429,88.797,84.166,85.774,678364120
1710250200,88.049,91.96,86.1501,91.913,668075150
1710336600,91.055,91.504,88.435,90.888,635712890
1710423000,89.577,90.646,86.6,87.944,602318160
1710509400,86.93,89.546,86.257,87.8365,642086160
1710768600,90.388,92.405,87.085,88.455,668975930
1710855000,86.7,90.544,85.01,89.398,672171270
1710941400,89.797,90.41,88.223,90.372,479062790
1711027800,92.3,92.648,90.405,91.435,480372310
1711114200,91.141,94.77799,90.83401,94.289,586719360
1711373400,93.941,96.76599,93.51,95.002,552136080
1711459800,95.851,96.375,92.502,92.561,513647580
1711546200,93.112,93.24,89.123,90.25,586067230
1711632600,90,91.3,89.193,90.356,435212270
1711978200,90.299,92.225,89.204,90.363,452441490
1712064600,88.448,90.094,87.62,89.452,433063550
1712151000,88.484,90.374,88.4,88.964,370066550
1712237400,90.406,90.63399,85.88,85.905,434964920
1712323800,86.866,88.481,85.926,88.008,399678460
1712583000,88.7,88.83,86.732,87.133,283220000
1712669400,87.442,87.635,83.022,85.354,503547350
1712755800,83.926,87.4,83.709,87.039,431928530
1712842200,87.42,90.73899,86.926,90.616,431637270
1712928600,89.699,90.17499,87.53,88.186,426804790
1713187800,89.098,90.613,85.92901,86.001,443076950
1713274200,86.4325,88.118,86.0639,87.415,370453020
1713360600,88.34,88.775,83.95,84.035,495399510
1713447000,84.97,86.18999,82.402,84.671,447260340
1713533400,83.15,84.324,75.606,76.2,875198000
1713792600,78.104,80.073,76.4,79.518,596340510
1713879000,80.769,82.769,80.264,82.423,438559370
1713965400,83.95,84.082,79.183,79.677,512207530
1714051800,78.86801,83.32299,78.223,82.632,424640730
1714138200,83.818,88.33093,83.387,87.735,551010780
1714397400,87.595,87.992,85.266,87.757,388970760
1714483800,87.24,88.819,86.3,86.402,363708700
1714570200,85.077,86,81.25456,83.041,559863170
1714656600,84.449,86.237,83.2,85.817,377897540
1714743000,87.789,89.281,87.04,88.789,398340720
1715002200,89.39,92.22,89.055,92.14,376202550
1715088600,91.098,91.78099,89.011,90.554,437341610
1715175000,89.4825,91.194,89.42,90.412,325721020
1715261400,90.529,91.072,88.231,88.747,378012680
1715347800,90.3045,91.401,89.227,89.878,335325410
1715607000,90.478,90.998,88.529,90.399,289680170
1715693400,89.599,91.651,88.934,91.356,296507080
1715779800,92.472,94.862,91.599,94.63,417735450
1715866200,94.91,95.81899,94.103,94.359,323951820
1715952600,94.369,94.74,91.806,92.479,359691030
1716211800,93.75,95.2,93.44,94.78,318764460
1716298200,93.599,95.4,93.18,95.386,328946460
1716384600,95.459,96.02,93.249,94.95,548647990
1716471000,102.028,106.32,101.52,103.799,835065280
1716557400,104.449,106.475,103,106.469,429493670
1716903000,110.244,114.939,109.883,113.901,652727890
1716989400,113.05,115.492,110.901,114.825,557441930
1717075800,114.65,115.81915,109.663,110.5,487350330
1717162200,112.52,112.717,106.94,109.633,613262500
1717421400,113.621,115,112.003,115,438391760
1717507800,115.716,116.6,114.045,116.437,403324010
1717594200,118.371,122.4495,117.468,122.44,528401780
1717680600,124.048,125.587,118.32,120.998,664696190
1717767000,119.77,121.69171,118.022,120.888,412385800
1718026200,120.37,123.1,117.01,121.79,314162650
1718112600,121.77,122.87,118.74,120.91,222551158
1718199000,123.06,126.88,122.57,125.2,299595001
1718285400,129.39,129.8,127.16,129.61,260704537
1718371800,129.96,132.84,128.32,131.88,309320376
1718631000,132.99,133.73,129.58,130.98,288504444
1718717400,131.14,136.33,130.69,135.58,294335054
1718890200,139.8,140.76,129.52,130.78,517768425
1718976600,127.12,130.63,124.3,126.57,655484664
1719235800,123.24,124.46,118.04,118.11,476060866
1719322200,121.2,126.5,119.32,126.09,425787456
1719408600,126.13,128.12,122.6,126.4,362975918
1719495000,124.1,126.41,122.92,123.99,252571693
1719581400,124.58,127.71,122.75,123.54,315516740
1719840600,123.47,124.84,118.83,124.3,284885534
1719927000,121.13,123.41,121.03,122.67,218373969
1720013400,121.66,128.28,121.36,128.28,215748955
1720186200,127.38,128.85,125.68,125.83,214176689
1720445400,127.49,130.77,127.04,128.2,237677322
1720531800,130.35,133.82,128.65,131.38,287020820
1720618200,134.03,135.1,132.42,134.91,248978569
1720704600,135.75,136.15,127.05,127.4,374782738
1720791000,128.26,131.92,127.22,129.24,252680535
1721050200,130.56,131.39,127.18,128.44,208326164
1721136600,128.44,129.04,124.58,126.36,214769515
1721223000,121.35,121.85,116.72,117.99,390086189
1721309400,121.85,122.4,116.56,121.09,320979530
1721395800,120.35,121.6,117.37,117.93,217223800
1721655000,120.35,124.07,119.86,123.54,258068943
1721741400,122.78,124.69,122.1,122.59,173910983
1721827800,119.17,119.95,113.44,114.25,327776884
1721914200,113.04,116.63,106.3,112.28,460067019
1722000600,116.19,116.2,111.58,113.06,293399073
1722259800,113.69,116.28,111.3,111.59,248152068
1722346200,111.52,111.99,102.54,103.73,486833274
1722432600,112.9,118.34,110.88,117.02,473174182
1722519000,117.53,120.16,106.8104,109.21,523462326
1722605400,103.76,108.72,101.37,107.27,482027464
1722864600,92.06,103.41,90.69,100.45,552842375
1722951000,103.84,107.71,100.55,104.25,409012089
1723037400,107.81,108.8,98.69,98.91,411440423
1723123800,102,105.5,97.52,104.97,391910023
1723210200,105.64,106.6,103.43,104.75,290844157
1723469400,106.32,111.07,106.26,109.02,325559870
1723555800,112.44,116.23,111.58,116.14,312646660
1723642200,118.53,118.6,114.07,118.08,339246407
1723728600,118.76,123.24,117.47,122.86,318086673
1723815000,121.94,125,121.18,124.58,302589872
1724074200,124.28,130,123.42,130,318333577
1724160600,128.4,129.88,125.89,127.25,300087415
1724247000,127.315,129.35,126.66,128.5,257883572
1724333400,130.02,130.75,123.1,123.74,376189076
1724419800,125.86,129.6,125.22,129.37,323230332
1724679000,129.57,131.26,124.37,126.46,331964672
1724765400,125.05,129.2,123.88,128.3,303134573
1724851800,128.12,128.33,122.64,125.61,448101115
1724938200,121.355,124.43,116.71,117.59,453023305
1725024600,119.53,121.75,117.22,119.37,333751583
1725370200,116.01,116.21,107.29,108,477155100
1725456600,105.41,113.27,104.12,106.21,372470291
1725543000,104.985,109.65,104.76,107.21,306850696
1725629400,108.04,108.15,100.95,102.83,413638098
1725888600,104.88,106.55,103.69,106.47,273912015
1725975000,107.81,109.4,104.95,108.1,268283736
1726061400,109.39,117.19,107.42,116.91,441422370
1726147800,116.84,120.79,115.38,119.14,367100496
1726234200,119.08,119.955,117.6,119.1,238358328
1726493400,116.79,118.18,114.36,116.78,248772308
1726579800,118.17,118.8,114.83,115.59,231925876
1726666200,115.89,117.7,113.22,113.37,310318937
1726752600,117.35,119.66,117.25,117.87,293506438
1726839000,117.06,118.6181,115.3901,116,382462428
1727098200,116.55,116.99,114.86,116.26,206228490
1727184600,116.515,121.8,115.38,120.87,354966772
1727271000,122.02,124.94,121.61,123.51,284692948
1727357400,126.8,127.665,121.8,124.04,302582868
1727443800,123.97,124.03,119.26,121.4,271009175
1727703000,118.31,121.5,118.15,121.44,227053651
1727789400,121.765,122.4351,115.79,117,302094485
1727875800,116.44,119.38,115.14,118.85,221845887
1727962200,120.92,124.36,120.3401,122.85,277117973
1728048600,124.94,125.04,121.83,124.92,244465552
1728307800,124.99,130.64,124.95,127.72,346250233
1728394200,130.26,133.48,129.42,132.89,285722485
1728480600,134.11,134.52,131.38,132.65,246191612
1728567000,131.91,135,131,134.81,242311337
1728653400,134.01,135.78,133.66,134.8,170209474
1728912600,136.47,139.6,136.3,138.07,232347668
1728999000,137.87,138.57,128.74,131.6,377831021
1729085400,133.98,136.62,131.58,135.72,264879720
1729171800,139.34,140.89,136.87,136.93,306435921
1729258200,138.665,138.9,137.28,138,176090184
1729517400,138.13,143.71,138,143.71,264554514
1729603800,142.91,144.42,141.78,143.59,226311589
1729690200,142.03,142.43,137.46,139.56,285930038
1729776600,140.82,141.35,138.46,140.41,172354888
1729863000,140.93,144.13,140.8,141.54,205122109
1730122200,143,143.14,140.05,140.52,173586745
1730208600,140.285,142.2598,138.9,141.25,157593634
1730295000,139.54,140.33,136.81,139.335,179418082
1730381400,137.6,137.61,132.1106,132.76,270039641
1730467800,134.7,137.31,134.57,135.4,207127838
1730730600,137.21,138.96,135.57,136.05,187528173
1730817000,137.45,140.3701,137.33,139.91,160537373
1730903400,142.96,146.49,141.96,145.61,242043945
1730989800,146.39,148.93,146.17,148.88,207323303
1731076200,148.77,149.77,146.26,147.63,175665830
1731335400,148.68,148.85,143.57,145.26,182325620
1731421800,146.78,149.65,146.01,148.29,198634738
1731508200,149.07,149.33,145.9,146.27,191903267
1731594600,147.64,149,145.55,146.76,194463301
1731681000,144.87,145.24,140.08,141.98,250132869
1731940200,139.5,141.55,137.15,140.15,221865993
1732026600,141.32,147.13,140.99,147.01,227834912
1732113000,147.41,147.56,142.73,145.89,309871654
1732199400,149.35,152.89,140.7,146.67,400946570
1732285800,145.93,147.16,141.1,141.95,236406154
1732545000,141.99,142.05,135.82,136.02,344941875
1732631400,137.7,139.3,135.67,136.92,190287654
1732717800,135.01,137.22,131.8,135.34,226370912
1732890600,136.78,139.35,136.05,138.25,141863156
1733149800,138.83,140.45,137.825,138.63,171682777
1733236200,138.26,140.54,137.95,140.26,164413965
1733322600,141.995,145.79,140.29,145.14,231224295
1733409000,145.11,146.54,143.95,145.06,172621180
1733495400,144.6,145.7,141.31,142.44,188505573
1733754600,138.97,139.95,137.13,138.81,189308625
1733841000,139.01,141.82,133.79,135.07,210020888
1733927400,137.36,140.17,135.21,139.31,184905192
1734013800,137.08,138.44,135.8,137.34,159211393
1734100200,138.94,139.6,132.54,134.25,231514881
1734359400,134.18,134.4,130.42,132,237951130
1734445800,129.09,131.59,126.86,130.39,259410263
1734532200,133.86,136.7,128.28,128.91,277444533
1734618600,131.76,134.03,129.55,130.68,209719210
1734705000,129.81,135.28,128.22,134.7,306528553
1734964200,136.28,139.79,135.1201,139.67,176053506
1735050600,140,141.9,138.65,140.22,105156989
1735223400,139.7,140.85,137.73,139.93,116519090
1735309800,138.55,139.02,134.71,137.01,170582603
1735569000,134.83,140.27,134.02,137.49,167734700
1735655400,138.03,138.07,133.83,134.29,155659211
1735828200,136,138.88,134.63,138.31,198247166
1735914600,140.01,144.9,139.73,144.47,229322478
1736173800,148.59,152.156,147.8201,149.43,265377359
1736260200,153.03,153.13,140.01,140.14,351782174
1736346600,142.58,143.95,137.56,140.11,227349948
1736519400,137.45,139.92,134.22,135.91,207602514
1736778600,129.99,133.49,129.51,133.23,204808914
1736865000,136.05,136.38,130.05,131.76,195590485
1736951400,133.65,136.45,131.29,136.24,185217338
1737037800,138.64,138.75,133.49,133.57,209235583
1737124200,136.69,138.5,135.4649,137.71,201188760
1737469800,139.16,141.83,137.09,140.83,197748985
1737556200,144.66,147.79,143.67,147.07,237651395
1737642600,145.05,147.23,143.72,147.22,155915549
1737729000,148.37,148.97,141.88,142.62,234657635
1737988200,124.8,128.4,116.7,118.42,818830895
1738074600,121.81,129,116.25,128.99,579666350
1738161000,126.5,126.89,120.05,123.7,467120640
1738247400,123.1,125,118.1,124.65,392925469
1738333800,123.78,127.85,119.19,120.07,390372899
1738593000,114.75,118.57,113.01,116.66,371235677
1738679400,116.96,121.2,116.7,118.65,256550040
1738765800,121.76,125,120.76,124.83,263110629
1738852200,127.42,128.77,125.21,128.68,251483574
1738938600,129.22,130.37,125,129.84,228186298
1739197800,130.09,135,129.96,133.57,216989086
1739284200,132.58,134.48,131.02,132.8,178902379
1739370600,130.02,132.24,129.08,131.14,160278552
1739457000,131.555,136.5,131.17,135.29,197429975
1739543400,136.48,139.25,135.5,138.85,195479557
1739889000,141.27,143.44,137.925,139.4,219176627
1739975400,139.51,141.36,137.22,139.23,167536006
1740061800,140.03,140.66,136.7901,140.11,143903583
1740148200,140.04,141.46,134.03,134.43,228217585
1740407400,136.56,138.59,130.08,130.28,251381137
1740493800,129.98,130.2,124.44,126.63,271428711
1740580200,129.985,133.73,128.49,131.28,322553814
1740666600,135,135.01,120.01,120.15,443175846
1740753000,118.02,125.09,116.4,124.92,389091145
1741012200,123.51,123.7,112.28,114.06,411381373
1741098600,110.645,119.31,110.11,115.99,398163305
1741185000,117.58,118.2781,114.51,117.3,284337886
1741271400,113.53,115.35,110.22,110.57,321181861
1741357800,111.25,113.48,107.56,112.69,341755468
1741613400,109.9,111.85,105.46,106.98,366487363
1741699800,106.99,112.236,104.77,108.76,354865692
1741786200,114.12,116.76,112.88,115.74,323857454
1741872600,117.03,117.76,113.79,115.58,299033131
1741959000,118.61,121.88,118.15,121.67,277593455
1742218200,122.74,122.89,118.03,119.53,255501481
1742304600,118,119.02,114.54,115.43,299686944
1742391000,117.27,120.445,115.68,117.52,273426225
1742477400,116.55,120.2,116.47,118.53,248829749
1742563800,116.94,117.99,115.42,117.7,266498528
1742823000,119.88,122.22,119.34,121.41,228452534
1742909400,120.545,121.29,118.92,120.69,167447198
1742995800,118.73,118.84,112.71,113.76,296431667
1743082200,111.35,114.45,110.66,111.43,236902055
1743168600,111.485,112.87,109.0701,109.67,229872549
1743427800,105.13,110.955,103.65,108.38,299212653
1743514200,108.515,110.2,106.47,110.15,222614034
1743600600,107.29,111.98,106.79,110.42,220601243
1743687000,103.51,105.63,101.6,101.8,338769412
1743773400,98.91,100.13,92.11,94.31,532273810
1744032600,87.46,101.75,86.62,97.64,611041347
1744119000,103.805,105.85,94.46,96.3,476243392
1744205400,98.89,115.1,97.5301,114.33,612918336
1744291800,109.37,110.86,99.15,107.57,437812353
1744378200,108.5,111.5499,107.48,110.93,313417265
1744637400,114.11,114.29,109.07,110.71,264705049
1744723800,110.97,113.615,110.5,112.2,228966900
1744810200,104.55,106.79,100.45,104.49,397016870
1744896600,104.45,104.47,100.05,101.49,292517465
1745242200,98.77,99.44,95.04,96.91,288501136
1745328600,98.78,99.811,97.28,98.89,241004784
1745415000,104.52,104.8,102.02,102.71,247525971
1745501400,103.475,106.54,103.11,106.43,220815041
1745587800,106.85,111.92,105.73,111.01,251064672
1745847000,109.69,110.3699,106.02,108.73,207708479
1745933400,107.67,110.1999,107.44,109.02,170444263
1746019800,104.47,108.92,104.08,108.92,235044611
1746106200,113.08,114.94,111.3,111.61,236121507
1746192600,114.18,115.4,113.37,114.5,190194778
1746451800,112.905,114.665,112.66,113.82,133163241
1746538200,111.48,114.74,110.822,113.54,158525621
1746624600,113.045,117.68,112.2818,117.06,207827821
1746711000,118.25,118.68,115.85,117.37,198428122
1746797400,117.35,118.23,115.21,116.65,132972189
1747056600,121.97,123,120.28,123,225023345
1747143000,124.98,131.2189,124.47,129.93,330430105
1747229400,133.195,135.435,131.68,135.34,281180830
1747315800,134.295,136.3,132.66,134.83,226632563
1747402200,136.22,136.35,133.46,135.4,226542451
1747661400,132.39,135.87,132.39,135.57,193154571
1747747800,134.29,134.58,132.62,134.38,161514247
1747834200,133.06,137.4,130.59,131.8,270608738
1747920600,132.23,134.25,131.55,132.83,187343954
1748007000,130,132.68,129.16,131.29,198821324
1748352600,134.15,135.66,133.31,135.5,192953613
1748439000,136.025,137.25,134.79,134.81,304021146
1748525400,142.245,143.49,137.91,139.19,370615167
1748611800,138.715,139.62,132.92,135.13,333170851
1748871000,135.49,138.12,135.4,137.38,197663116
1748957400,138.78,142,137.95,141.22,225578783
1749043800,142.19,142.39,139.545,141.92,167120819
1749130200,142.17,144,138.83,139.99,232410759
1749216600,142.51,143.27,141.51,141.72,153986153
1749475800,143.19,145,141.94,142.63,185114494
1749562200,142.69,144.29,141.525,143.96,155881897
1749648600,144.61,144.99,141.87,142.83,167694044
1749735000,141.97,145,141.85,145,162364991
1749821400,142.48,143.58,140.855,141.97,180820565
1750080600,143.345,146.175,143.2001,144.69,183133666
1750167000,144.49,145.22,143.78,144.12,139108000
1750253400,144.005,145.65,143.12,145.48,161494121
1750426200,145.45,146.2,142.65,143.85,242956157
1750685400,142.5,144.78,142.03,144.17,154308941
1750771800,145.56,147.96,145.5,147.9,187566121
1750858200,149.27,154.45,149.26,154.31,269146471
1750944600,155.975,156.715,154,155.02,198145746
1751031000,156.04,158.71,155.255,157.75,263234539
1751290200,158.4,158.66,155.96,157.99,194580316
1751376600,156.29,157.2,151.49,153.3,213143621
1751463000,152.98,157.6,152.97,157.25,171224111
1751549400,158.37,160.98,157.77,159.34,143716055
1751895000,158.2,159.31,157.342,158.24,140138975
1751981400,159.33,160.22,158.39,160,138133025
1752067800,161.22,164.42,161.16,162.88,183656443
1752154200,164.32,164.5,161.61,164.1,167704075
1752240600,163.715,167.89,163.47,164.92,193633263
1752499800,165.37,165.49,162.02,164.07,136975754
1752586200,171.19,172.4,169.195,170.7,230627350
1752672600,171.06,171.75,168.9,171.37,158831509
1752759000,172.02,174.16,170.83,173,160841119
1752845400,173.64,174.25,171.26,172.41,146456416
1753104600,172.75,173.38,171,171.38,123126136
1753191000,171.34,171.39,164.58,167.03,193114327
1753277400,169.53,171.26,167.97,170.78,154082197
1753363800,172.44,173.83,171.3,173.74,128984628
1753450200,173.61,174.72,172.96,173.5,122316792
1753709400,174.02,177,173.97,176.75,140023521
1753795800,177.96,179.38,175.02,175.51,154077512
1753882200,176.51,179.89,176.04,179.27,174312208
1753968600,182.9,183.3,175.93,177.87,221685446
1754055000,174.09,176.54,170.89,173.72,204528985
1754314200,175.16,180.2,174.52,180,148174609
1754400600,179.62,180.26,175.9,178.26,156407621
1754487000,176.325,179.9,176.25,179.42,137192265
1754573400,181.57,183.88,178.795,180.77,151878365
1754659800,181.55,183.3,180.4,182.7,123396679
1754919000,182.05,183.84,180.25,182.06,138323191
1755005400,182.96,184.48,179.46,183.16,145729202
1755091800,182.615,183.97,179.35,181.59,179871724
1755178200,179.75,183.02,179.46,182.02,129553959
1755264600,181.88,181.9,178.0417,180.45,156602161
1755523800,180.6,182.9375,180.59,182.01,132007959
1755610200,182.43,182.5,175.49,175.64,185229219
1755696600,175.165,176,168.801,175.4,215142725
1755783000,174.85,176.9,173.81,174.98,140040850
1755869400,172.61,178.59,171.2,177.99,172789427
1756128600,178.35,181.91,176.57,179.81,163012789
1756215000,180.055,182.39,178.81,181.77,168688186
1756301400,181.98,182.49,179.1,181.6,235518949
1756387800,180.82,184.47,176.41,180.17,281787824
1756474200,178.11,178.15,173.145,174.18,243257873
1756819800,170,172.379,167.22,170.78,231164853
1756906200,171.06,172.41,168.875,170.62,164424873
1756992600,170.57,171.86,169.41,171.66,141670144
1757079000,168.03,169.03,164.07,167.02,224441435
1757338200,167.55,170.96,167.35,168.31,163769133
1757424600,169.09,170.98,166.7401,170.76,157548392
1757511000,176.64,179.29,175.47,177.33,226852020
1757597400,179.68,180.28,176.48,177.17,151159274
1757683800,177.77,178.595,176.45,177.82,124911026
1757943000,175.67,178.85,174.51,177.75,147061559
1758029400,177,177.5,174.38,174.88,140737775
1758115800,172.64,173.2,168.41,170.29,211843817
1758202200,173.98,177.1,172.96,176.24,191763313
1758288600,175.77,178.08,175.18,176.67,237182143
1758547800,175.3,184.55,174.7053,183.61,269637001
1758634200,181.97,182.42,176.21,178.43,192559552
1758720600,179.77,179.78,175.4,176.97,143564116
1758807000,174.48,180.26,173.125,177.69,191586733
1758893400,178.17,179.77,174.93,178.19,148573732
1759152600,180.425,184,180.32,181.85,193063455
1759239000,182.08,187.35,181.48,186.58,236981032
1759325400,185.24,188.14,183.9,187.24,173844901
1759411800,189.6,191.05,188.06,188.89,136805821
1759498200,189.19,190.36,185.38,187.62,137596896
1759757400,185.5,187.23,183.33,185.54,157678104
1759843800,186.23,189.06,184,185.04,140088008
1759930200,186.57,189.6,186.54,189.11,130168861
1760016600,192.225,195.3,191.06,192.57,182997234
1760103000,193.505,195.62,182.05,183.16,268774359
1760362200,187.965,190.1099,185.96,188.32,153482755
1760448600,184.77,184.8,179.7,180.03,205641380
1760535000,184.8,184.87,177.29,179.83,214450482
1760621400,182.23,183.28,179.77,181.81,179723309
1760707800,180.18,184.1,179.75,183.22,173135217
1760967000,183.13,185.2,181.73,182.64,128544711
1761053400,182.785,182.785,179.8,181.16,124240168
1761139800,181.14,183.44,176.76,180.28,162249552
1761226200,180.42,183.03,179.7901,182.16,111363718
1761312600,183.835,187.47,183.5,186.26,131296677
1761571800,189.99,192,188.4318,191.49,153452704
1761658200,193.05,203.15,191.91,201.03,297986180
1761744600,207.98,212.1899,204.775,207.04,308829564
1761831000,205.15,206.16,201.41,202.89,178864443
1761917400,206.45,207.97,202.07,202.49,179802178
1762180200,208.08,211.335,205.56,206.88,180267285
1762266600,203,203.9699,197.93,198.69,188919320
1762353000,198.77,202.92,194.65,195.21,171350332
1762439400,196.42,197.62,186.38,188.08,223029778
1762525800,184.9,188.32,178.91,188.15,264942255
1762785000,195.11,199.94,193.79,199.05,198897134
1762871400,195.155,195.42,191.3,193.16,176483327
1762957800,195.72,195.89,191.13,193.8,154935263
1763044200,191.05,191.44,183.85,186.86,207423074
1763130600,182.86,191.01,180.58,190.17,186591856
1763389800,185.965,189,184.32,186.6,173628858
1763476200,183.375,184.8,179.65,181.36,213598877
1763562600,184.79,187.855,182.8301,186.52,247246436
1763649000,195.95,196,179.85,180.64,343504849
1763735400,181.235,184.56,172.93,178.88,346926153
1763994600,179.49,183.5,176.48,182.55,256618335
1764081000,174.91,178.16,169.55,177.82,320600271
1764167400,181.63,182.91,178.24,180.26,183852010
1764340200,179.01,179.29,176.5,177,121332776
1764599400,174.76,180.3,173.68,179.92,188130955
1764685800,181.76,185.66,180,181.46,182632230
1764772200,181.08,182.45,179.1101,179.59,165138023
1764858600,181.62,184.515,179.96,183.38,167364857
1764945000,183.89,184.66,180.91,182.41,143971098
1765204200,182.64,188,182.4,185.55,204378106
1765290600,185.56,185.7167,183.32,184.97,144719705
1765377000,184.965,185.48,182.035,183.78,162785370
1765463400,180.275,181.32,176.62,180.93,182136641
1765549800,181.11,182.82,174.62,175.02,204274918
1765809000,177.936,178.415,175.03,176.29,164775636
1765895400,176.26,178.49,174.9,177.72,148588098
1765981800,176.1,176.13,170.31,170.94,222775464
1766068200,174.53,176.15,171.82,174.14,176096001
1766154600,176.665,181.45,176.34,180.99,324925927
1766413800,183.92,184.16,182.35,183.69,129064369
1766500200,182.97,189.33,182.9,189.21,174873621
1766586600,187.94,188.91,186.59,188.61,65528545
1766759400,189.92,192.69,188,190.53,139740292
1767018600,187.71,188.755,185.91,188.22,120006103
1767105000,188.24,188.99,186.93,187.54,97687274
1767191400,189.57,190.56,186.49,186.5,120100484
1767364200,189.835,192.9299,188.26,188.85,148240462
1767623400,191.76,193.63,186.15,188.12,183529733
1767709800,190.52,192.174,186.82,187.24,176862604
1767796200,188.57,191.37,186.56,189.11,153543174
1767882600,189.11,189.55,183.71,185.04,172457048
1767969000,185.08,186.34,183.6701,184.86,131327534
1768228200,183.22,187.12,183.02,184.94,137968453
1768314600,184.995,188.1099,183.4,185.81,160128939
1768401000,184.32,184.46,180.8,183.14,159586135
1768487400,186.5,189.7,186.33,187.05,206188642
1768573800,189.075,190.44,186.08,186.23,187967169
1768919400,181.9,182.3786,177.61,178.07,223345257
1769005800,179.05,185.379,178.4,183.32,200380959
1769092200,184.75,186.17,183.93,184.84,139636626
1769178600,187.5,189.6,186.8233,187.67,142748076
1769437800,187.16,189.12,185.99,186.47,124799649
1769524200,187.24,190,185.7,188.52,143711557
1769610600,191.27,192.35,189.84,191.52,148552677
1769697000,191.34,193.48,186.06,192.51,171764375
1769783400,191.21,194.49,189.47,191.13,179489463
1770042600,187.2,190.3,184.88,185.61,165794054
1770129000,186.24,186.27,176.23,180.34,204019589
1770215400,179.46,179.58,171.91,174.19,207014116
1770301800,174.925,176.815,171.03,171.88,206312890
1770388200,176.69,187,174.6,185.41,231346241
1770647400,184.26,193.66,183.95,190.04,196387351
1770733800,191.38,192.48,188.12,188.54,136764825
1770820200,192.45,193.26,188.77,190.05,144192685
1770906600,193.03,193.61,186.51,186.94,189932491
1770993000,187.475,187.5,181.59,182.81,161888021
1771338600,181.75,187.15,179.18,184.97,162276860
1771425000,188.75,190.37,186.76,187.98,164749125
1771511400,187.055,188.43,185.66,187.9,126554526
1771597800,186.57,190.33,185.9378,189.82,178422337
1771857000,191.4,193.95,189.575,191.55,171584839
1771943400,191.49,193.77,187.4,192.85,175123602
1772029800,194.45,197.6299,193.79,195.56,250637102
1772116200,194.27,194.29,184.315,184.89,360807907
1772202600,181.25,182.59,176.38,177.19,311636494
1772461800,175.01,183.46,174.64,182.48,209095331
1772548200,178.49,180.9,176.92,180.05,178099430