time,open,high,low,close,Volume
1357569000,2.61,2.7,2.6,2.67,25575168
1357655400,2.72,2.76,2.64,2.67,29147456
1357741800,2.7,2.72,2.6,2.63,16675086
1357828200,2.69,2.7,2.61,2.62,19435168
1357914600,2.63,2.68,2.55,2.67,20039376
1358173800,2.68,2.7,2.62,2.64,17305008
1358260200,2.62,2.7,2.6,2.68,23696320
1358346600,2.67,2.76,2.63,2.72,31384608
1358433000,2.76,2.78,2.71,2.74,17872144
1358519400,2.65,2.68,2.43,2.46,41786160
1358865000,2.52,2.54,2.43,2.45,35142992
1358951400,2.62,2.75,2.586,2.73,69200432
1359037800,2.7,2.84,2.67,2.79,32503584
1359124200,2.84,2.93,2.82,2.85,33639632
1359383400,2.89,2.92,2.78,2.82,23636672
1359469800,2.86,2.86,2.69,2.74,20080400
1359556200,2.75,2.78,2.63,2.65,19781184
1359642600,2.7,2.71,2.45,2.6,27852336
1359729000,2.63,2.68,2.57,2.6,18808544
1359988200,2.63,2.64,2.52,2.52,15383336
1360074600,2.55,2.6,2.49,2.6,12440324
1360161000,2.59,2.64,2.56,2.6,8831172
1360247400,2.61,2.63,2.56,2.57,6780148
1360333800,2.58,2.6,2.58,2.59,5977957
1360593000,2.59,2.7,2.59,2.67,22416544
1360679400,2.705,2.78,2.69,2.77,13678742
1360765800,2.81,2.83,2.73,2.75,11496613
1360852200,2.74,2.75,2.69,2.75,13295961
1360938600,2.77,2.79,2.7,2.71,10718781
1361284200,2.75,2.82,2.73,2.82,19819120
1361370600,2.84,2.84,2.68,2.7,21386848
1361457000,2.69,2.69,2.52,2.6,30784544
1361543400,2.64,2.67,2.55,2.61,20254112
1361802600,2.64,2.65,2.53,2.53,16946512
1361889000,2.54,2.545,2.44,2.46,17584720
1361975400,2.48,2.55,2.45,2.53,10656180
1362061800,2.56,2.57,2.48,2.49,11380340
1362148200,2.5,2.51,2.42,2.42,19690304
1362407400,2.44,2.45,2.36,2.4,14576980
1362493800,2.45,2.47,2.4,2.43,13958813
1362580200,2.45,2.46,2.4,2.43,10841977
1362666600,2.44,2.57,2.43,2.55,21089744
1362753000,2.57,2.6409,2.52,2.56,11332707
1363008600,2.57,2.6038,2.51,2.59,13395465
1363095000,2.59,2.63,2.57,2.61,9511082
1363181400,2.62,2.63,2.57,2.6,7489664
1363267800,2.62,2.63,2.58,2.63,9228129
1363354200,2.6,2.62,2.58,2.6,15805090
1363613400,2.59,2.68,2.55,2.65,12998004
1363699800,2.66,2.7,2.62,2.67,19317184
1363786200,2.7,2.75,2.69,2.75,13508465
1363872600,2.73,2.75,2.63,2.64,17024512
1363959000,2.66,2.67,2.53,2.54,18524096
1364218200,2.57,2.6,2.49,2.51,11266051
1364304600,2.52,2.54,2.5,2.54,6330246
1364391000,2.5,2.6182,2.5,2.55,5903148
1364477400,2.55,2.57,2.52,2.55,4878000
1364823000,2.54,2.57,2.42,2.44,14465379
1364909400,2.445,2.45,2.38,2.39,11427391
1364995800,2.4,2.41,2.32,2.32,14485711
1365082200,2.34,2.37,2.32,2.33,11177695
1365168600,2.3,2.31,2.28,2.29,13726637
1365427800,2.31,2.61,2.26,2.59,44767728
1365514200,2.58,2.63,2.44,2.63,33886528
1365600600,2.65,2.66,2.57,2.61,20691216
1365687000,2.55,2.57,2.46,2.52,12946664
1365773400,2.5,2.5,2.43,2.48,10722680
1366032600,2.45,2.465,2.4,2.4,11525965
1366119000,2.43,2.44,2.4,2.44,10961914
1366205400,2.41,2.47,2.4,2.4,14829184
1366291800,2.4,2.56,2.2887,2.51,27340448
1366378200,2.44,2.5,2.39,2.47,25047136
1366637400,2.47,2.51,2.43,2.46,14131637
1366723800,2.5,2.55,2.47,2.53,14552953
1366810200,2.54,2.62,2.5222,2.61,16547781
1366896600,2.63,2.72,2.63,2.68,20970912
1366983000,2.66,2.68,2.6,2.64,17317216
1367242200,2.66,2.7,2.65,2.68,11219918
1367328600,2.68,2.82,2.67,2.82,32647376
1367415000,2.81,3.28,2.79,3.22,88018624
1367501400,3.16,3.48,3.14,3.41,74195376
1367587800,3.47,3.8,3.47,3.6,87328688
1367847000,3.72,3.75,3.53,3.61,51378096
1367933400,3.65,3.669,3.44,3.54,35339424
1368019800,3.54,3.85,3.47,3.83,57017184
1368106200,3.91,3.99,3.83,3.86,47232272
1368192600,3.79,3.97,3.79,3.95,30586528
1368451800,3.95,4.22,3.94,4.17,54889376
1368538200,4.31,4.32,4.18,4.26,53292736
1368624600,4.29,4.42,4.26,4.38,39347232
1368711000,3.9,3.94,3.66,3.83,80221440
1368797400,3.93,4.095,3.9,4.07,33952608
1369056600,4.18,4.2,4.07,4.1,35458512
1369143000,4.15,4.2,3.95,4.02,36560400
1369229400,4.08,4.1,3.91,3.96,28771424
1369315800,3.81,4.05,3.79,4.01,33152560
1369402200,4.03,4.06,3.97,4.05,20655520
1369747800,4.13,4.15,4.02,4.05,19603760
1369834200,4.01,4.05,3.96,3.98,16285934
1369920600,4,4.06,3.99,4.04,15229422
1370007000,4.07,4.11,3.99,4,17715008
1370266200,4.02,4.03,3.81,3.96,23938128
1370352600,3.95,4.04,3.94,4.01,19612592
1370439000,4.01,4.03,3.89,3.91,15411141
1370525400,3.87,3.94,3.81,3.94,20863632
1370611800,3.98,3.99,3.875,3.91,12030215
1370871000,3.95,4.08,3.92,4.06,32378080
1370957400,4,4.11,3.96,3.96,20201184
1371043800,4,4.03,3.9,3.9,14606305
1371130200,3.9,3.96,3.87,3.95,14201848
1371216600,3.98,4.04,3.91,3.94,14397500
1371475800,4.12,4.14,4.015,4.05,31973232
1371562200,4.1,4.11,4.05,4.09,22841600
1371648600,4.15,4.18,4.04,4.07,24193456
1371735000,4.02,4.03,3.86,3.87,26704032
1371821400,3.97,4.04,3.9,4,32806208
1372080600,4.07,4.09,3.99,4.05,29135568
1372167000,4.11,4.15,4.06,4.15,26690560
1372253400,4.2,4.21,4.1207,4.14,19841328
1372339800,4.19,4.19,4.06,4.08,17435504
1372426200,4.08,4.12,4.02,4.08,13334531
1372685400,4.11,4.13,4.07,4.1,10712145
1372771800,4.09,4.12,3.95,3.97,17766528
1372858200,4,4.07,3.955,4.06,11320781
1373031000,4.08,4.1,4.03,4.07,8969223
1373290200,4.08,4.085,3.98,4,16930816
1373376600,4.02,4.08,4.01,4.05,9558383
1373463000,4.06,4.06,3.96,3.98,19121392
1373549400,4.215,4.45,4.16,4.45,106977312
1373635800,4.48,4.5,4.26,4.32,50289024
1373895000,4.34,4.4,4.31,4.4,21953696
1373981400,4.41,4.49,4.25,4.43,39716624
1374067800,4.44,4.45,4.33,4.38,17002112
1374154200,4.38,4.65,4.37,4.64,70346944
1374240600,3.99,4.08,3.85,4.03,151528256
1374499800,4.005,4.01,3.885,3.9,50011120
1374586200,3.88,3.88,3.64,3.66,76847680
1374672600,3.69,3.75,3.58,3.63,50913632
1374759000,3.64,3.74,3.6,3.7,29399808
1374845400,3.7,3.83,3.66,3.82,42575728
1375104600,3.87,3.89,3.75,3.75,32312064
1375191000,3.79,3.85,3.75,3.82,19611504
1375277400,3.85,3.9,3.77,3.77,34345824
1375363800,3.81,3.87,3.78,3.81,22276688
1375450200,3.8,3.84,3.77,3.8,13481059
1375709400,3.83,3.84,3.8,3.82,11734227
1375795800,3.81,3.82,3.71,3.72,19462768
1375882200,3.68,3.7,3.57,3.69,27553104
1375968600,3.71,3.73,3.61,3.71,16994384
1376055000,3.69,3.7,3.63,3.65,13666926
1376314200,3.615,3.72,3.61,3.65,10665219
1376400600,3.67,3.71,3.63,3.69,12387348
1376487000,3.68,3.83,3.65,3.82,32081488
1376573400,3.76,3.84,3.65,3.69,28245840
1376659800,3.69,3.71,3.65,3.66,11659586
1376919000,3.67,3.68,3.59,3.6,14415430
1377005400,3.62,3.69,3.59,3.63,16665016
1377091800,3.62,3.68,3.6,3.61,13992738
1377178200,3.63,3.65,3.6,3.63,10079613
1377264600,3.67,3.74,3.61,3.65,22498816
1377523800,3.65,3.66,3.58,3.58,22463936
1377610200,3.55,3.55,3.33,3.39,51647072
1377696600,3.35,3.49,3.33,3.42,19463184
1377783000,3.43,3.48,3.37,3.38,13448078
1377869400,3.38,3.41,3.25,3.27,31721472
1378215000,3.32,3.35,3.25,3.27,15543578
1378301400,3.28,3.34,3.25,3.31,29586112
1378387800,3.32,3.49,3.3,3.41,23102080
1378474200,3.54,3.6,3.43,3.57,35974784
1378733400,3.63,3.72,3.62,3.69,23646112
1378819800,3.78,3.87,3.77,3.87,33201056
1378906200,3.87,3.89,3.7367,3.82,24009008
1378992600,3.76,3.8,3.69,3.75,28947696
1379079000,3.75,3.87,3.72,3.83,25332576
1379338200,3.9,3.9,3.79,3.82,30602880
1379424600,3.83,3.9,3.77,3.85,25594016
1379511000,3.85,3.95,3.83,3.93,24083392
1379597400,3.96,4,3.915,3.95,24274624
1379683800,3.91,3.96,3.79,3.83,94605808
1379943000,3.81,3.87,3.77,3.79,20920448
1380029400,3.79,3.89,3.75,3.8,21462704
1380115800,3.82,3.94,3.79,3.91,23560656
1380202200,3.94,3.98,3.88,3.89,17460256
1380288600,3.87,3.91,3.83,3.86,11436039
1380547800,3.79,3.86,3.75,3.81,16556941
1380634200,3.82,3.94,3.81,3.86,26056400
1380720600,3.83,3.94,3.82,3.9,18583328
1380807000,3.93,3.94,3.86,3.9,25498528
1380893400,3.91,3.95,3.89,3.91,17134432
1381152600,3.87,3.91,3.83,3.86,16733996
1381239000,3.87,3.89,3.68,3.72,35910432
1381325400,3.75,3.75,3.55,3.65,36053696
1381411800,3.72,3.8,3.72,3.79,24019360
1381498200,3.78,3.85,3.75,3.83,17384576
1381757400,3.87,4.05,3.85,3.97,63648432
1381843800,4.03,4.1,4.01,4.02,52027488
1381930200,4.1,4.1,4.025,4.09,34138336
1382016600,4.12,4.13,4.06,4.09,45838000
1382103000,3.56,3.66,3.51,3.53,108913680
1382362200,3.56,3.56,3.3,3.37,68891008
1382448600,3.32,3.34,3.12,3.18,92506560
1382535000,3.2,3.25,3.04,3.14,65948000
1382621400,3.205,3.3,3.16,3.23,43033232
1382707800,3.29,3.39,3.29,3.34,43320128
1382967000,3.38,3.39,3.32,3.32,23820484
1383053400,3.34,3.37,3.32,3.33,15816457
1383139800,3.35,3.36,3.3,3.3,16207967
1383226200,3.31,3.35,3.25,3.34,18062739
1383312600,3.37,3.37,3.3,3.31,14422036
1383575400,3.34,3.38,3.29,3.32,16749364
1383661800,3.32,3.35,3.29,3.33,14003075
1383748200,3.33,3.35,3.3,3.32,15065294
1383834600,3.33,3.33,3.23,3.28,18856239
1383921000,3.26,3.29,3.2,3.27,12072004
1384180200,3.29,3.34,3.25,3.34,12991432
1384266600,3.34,3.45,3.33,3.44,20185782
1384353000,3.5,3.55,3.46,3.54,28913954
1384439400,3.55,3.57,3.47,3.52,15123192
1384525800,3.5299,3.53,3.48,3.5,11578144
1384785000,3.53,3.54,3.47,3.47,13170893
1384871400,3.46,3.48,3.36,3.42,20169769
1384957800,3.44,3.46,3.4,3.42,9937360
1385044200,3.43,3.44,3.35,3.37,13648029
1385130600,3.38,3.39,3.325,3.34,11315320
1385389800,3.36,3.4,3.34,3.39,11611724
1385476200,3.42,3.48,3.4,3.45,16989264
1385562600,3.475,3.58,3.46,3.56,19876435
1385735400,3.6,3.68,3.58,3.64,15448409
1385994600,3.65,3.7,3.56,3.66,24119708
1386081000,3.64,3.71,3.58,3.62,23331326
1386167400,3.57,3.63,3.48,3.57,21613937
1386253800,3.56,3.65,3.55,3.64,14465719
1386340200,3.67,3.7,3.63,3.66,15825332
1386599400,3.66,3.7,3.63,3.63,10470670
1386685800,3.63,3.78,3.6,3.72,29571477
1386772200,3.74,3.77,3.66,3.68,13436717
1386858600,3.68,3.75,3.645,3.69,10013887
1386945000,3.7,3.72,3.6467,3.69,9074203
1387204200,3.64,3.66,3.51,3.59,22228578
1387290600,3.6,3.67,3.58,3.65,14836380
1387377000,3.64,3.67,3.6,3.65,12658143
1387463400,3.64,3.68,3.5959,3.65,10421404
1387549800,3.64,3.7,3.64,3.69,12766705
1387809000,3.74,3.78,3.72,3.75,14531045
1387895400,3.77,3.8,3.75,3.77,5798855
1388068200,3.8,3.85,3.79,3.8,9887552
1388154600,3.82,3.829,3.76,3.78,8248819
1388413800,3.79,3.88,3.78,3.85,17519322
1388500200,3.87,3.88,3.83,3.87,12348590
1388673000,3.85,3.98,3.84,3.95,20569754
1388759400,3.98,4,3.88,4,22922478
1389018600,4.01,4.18,3.99,4.13,42430476
1389105000,4.19,4.25,4.11,4.18,42963496
1389191400,4.23,4.26,4.14,4.18,30695472
1389277800,4.2,4.23,4.05,4.09,30691932
1389364200,4.09,4.2,4.07,4.17,20889496
1389623400,4.19,4.2,4.09,4.13,22882208
1389709800,4.14,4.3,4.13,4.3,42473444
1389796200,4.34,4.6,4.32,4.47,66673256
1389882600,4.5,4.51,4.32,4.38,47551923
1389969000,4.1501,4.35,4.11,4.18,45888891
1390314600,4.31,4.34,4.13,4.17,59709005
1390401000,3.79,3.82,3.66,3.67,86595469
1390487400,3.67,3.68,3.58,3.62,29894494
1390573800,3.6,3.61,3.41,3.47,48345256
1390833000,3.48,3.49,3.35,3.41,31356889
1390919400,3.43,3.57,3.41,3.54,28005291
1391005800,3.52,3.56,3.45,3.48,21791126
1391092200,3.51,3.52,3.45,3.48,17113312
1391178600,3.45,3.47,3.43,3.43,13991089
1391437800,3.43,3.44,3.33,3.33,22362916
1391524200,3.35,3.43,3.3,3.37,22702814
1391610600,3.36,3.37,3.2915,3.31,14917677
1391697000,3.32,3.46,3.32,3.41,16120622
1391783400,3.46,3.5,3.42,3.47,23147052
1392042600,3.5,3.64,3.45,3.63,21270432
1392129000,3.66,3.75,3.65,3.7,34241678
1392215400,3.71,3.73,3.63,3.69,18344812
1392301800,3.64,3.71,3.64,3.7,13369550
1392388200,3.7,3.72,3.64,3.69,12407198
1392733800,3.69,3.72,3.65,3.7,11969897
1392820200,3.7,3.74,3.68,3.72,14191899
1392906600,3.72,3.75,3.66,3.69,13333914
1392993000,3.71,3.75,3.66,3.69,13621903
1393252200,3.71,3.73,3.7,3.71,10724503
1393338600,3.73,3.735,3.66,3.69,9175398
1393425000,3.7,3.72,3.63,3.7,13223358
1393511400,3.69,3.77,3.68,3.71,18237447
1393597800,3.73,3.77,3.7,3.71,14655246
1393857000,3.66,3.7,3.6,3.67,19564949
1393943400,3.7,3.73,3.68,3.7,10535359
1394029800,3.7,3.73,3.69,3.71,10750403
1394116200,3.72,3.745,3.71,3.73,10835025
1394202600,3.75,4.02,3.75,3.95,55470575
1394458200,4.04,4.06,3.8,3.81,42225664
1394544600,3.86,4.01,3.83,3.85,34992924
1394631000,3.86,3.93,3.85,3.91,14745331
1394717400,3.94,3.99,3.84,3.86,19802985
1394803800,3.84,3.9,3.82,3.85,18169146
1395063000,3.88,3.91,3.78,3.8,20004146
1395149400,3.82,3.91,3.81,3.89,15273746
1395235800,3.91,4,3.9,3.98,28516911
1395322200,3.96,4.05,3.9,4.05,23600569
1395408600,4.07,4.14,4.01,4.04,23985330
1395667800,4.05,4.14,3.98,4.05,20670291
1395754200,4.09,4.12,4.02,4.05,14517029
1395840600,4.08,4.1,4.02,4.05,14808603
1395927000,3.99,4.07,3.87,3.91,24531988
1396013400,3.93,3.97,3.87,3.88,13189192
1396272600,3.93,4.02,3.9,4.01,15385970
1396359000,4.04,4.1,4.02,4.07,18778751
1396445400,4.12,4.12,4.06,4.06,14839491
1396531800,4.07,4.1,3.97,4,16802336
1396618200,4.03,4.11,3.92,4.01,23426954
1396877400,3.98,3.99,3.83,3.88,24874646
1396963800,3.89,4,3.83,3.99,17345569
1397050200,4.01,4.02,3.95,3.98,11276634
1397136600,3.97,4.01,3.84,3.85,21364259
1397223000,3.82,3.85,3.65,3.65,34428811
1397482200,3.72,3.78,3.65,3.71,22736913
1397568600,3.7401,3.82,3.715,3.79,21754258
1397655000,3.81,3.83,3.73,3.76,18173275
1397741400,3.78,3.795,3.69,3.69,32048060
1398087000,4.01,4.2,3.955,4.12,102651524
1398173400,4.13,4.31,4.11,4.3,52806842
1398259800,4.28,4.3,4.155,4.25,29136254
1398346200,4.27,4.35,4.2,4.28,27532799
1398432600,4.22,4.26,4.04,4.05,37810215
1398691800,4.09,4.12,3.87,3.96,31737060
1398778200,4.02,4.03,3.96,4.03,14584689
1398864600,4,4.1,3.99,4.09,18419193
1398951000,4.13,4.24,4.1,4.2,37807284
1399037400,4.17,4.2,4.1,4.12,14479712
1399296600,4.1,4.14,4.06,4.09,9015375
1399383000,4.06,4.13,3.98,4.01,17929309
1399469400,4.04,4.04,3.89,3.97,22381223
1399555800,3.95,4.03,3.91,3.93,14554485
1399642200,3.91,3.93,3.85,3.87,15982941
1399901400,3.87,4,3.86,3.97,14788132
1399987800,3.99,4.09,3.98,4.03,11224010
1400074200,4.03,4.06,3.98,3.98,10353036
1400160600,3.96,3.98,3.89,3.96,18005650
1400247000,3.95,4.05,3.91,4.02,17166629
1400506200,4,4.1,3.96,4.09,18175213
1400592600,4.09,4.11,4,4.05,15648653
1400679000,4.06,4.1,4.05,4.1,13378582
1400765400,4.09,4.09,4.01,4.01,11903117
1400851800,4.03,4.06,3.97,4.02,9831127
1401197400,4.05,4.06,4.03,4.04,6922762
1401283800,4.04,4.06,3.99,4,12297671
1401370200,4.02,4.06,4.01,4.03,8877728
1401456600,4.02,4.03,3.98,4,10030744
1401715800,4.03,4.03,3.94,3.97,10861890
1401802200,3.96,3.975,3.92,3.94,10858764
1401888600,3.93,4.05,3.93,4.04,13286017
1401975000,4.04,4.09,4.02,4.08,13723807
1402061400,4.09,4.11,4.06,4.06,8471954
1402320600,4.05,4.1,4.04,4.07,7598296
1402407000,4.1,4.23,4.1,4.2,28322067
1402493400,4.18,4.3,4.17,4.29,20596161
1402579800,4.33,4.44,4.28,4.29,26709456
1402666200,4.36,4.39,4.24,4.28,17741533
1402925400,4.26,4.44,4.26,4.44,26192762
1403011800,4.41,4.5,4.41,4.47,19445026
1403098200,4.5,4.5,4.35,4.4,14702403
1403184600,4.42,4.45,4.33,4.36,10889007
1403271000,4.34,4.37,4.07,4.1,54721590
1403530200,4.06,4.075,3.9,4.01,49638333
1403616600,4.005,4.07,3.93,3.94,20402398
1403703000,3.95,4,3.94,3.96,13844703
1403789400,3.95,4.09,3.94,4.03,21640483
1403875800,4.06,4.11,4.04,4.11,16043832
1404135000,4.12,4.25,4.08,4.19,25845516
1404221400,4.21,4.26,4.17,4.22,29412634
1404307800,4.23,4.35,4.22,4.34,20486477
1404394200,4.36,4.4,4.14,4.24,22521686
1404739800,4.23,4.31,4.21,4.26,21168195
1404826200,4.25,4.3,4.1,4.22,41685779
1404912600,4.21,4.29,4.2,4.23,18467376
1404999000,4.18,4.36,4.14,4.29,39245492
1405085400,4.3,4.4,4.29,4.37,22425618
1405344600,4.44,4.65,4.39,4.64,73046037
1405431000,4.63,4.8,4.41,4.53,156257503
1405517400,4.6,4.77,4.57,4.66,61927482
1405603800,4.66,4.68,4.5,4.57,51309835
1405690200,3.73,3.84,3.67,3.83,137577726
1405949400,3.86,3.87,3.75,3.78,34219149
1406035800,3.82,3.86,3.78,3.8,34004819
1406122200,3.82,3.83,3.75,3.76,31748175
1406208600,3.75,3.8,3.71,3.73,27967555
1406295000,3.73,3.79,3.69,3.76,31793650
1406554200,3.77,3.78,3.68,3.73,31447375
1406640600,3.74,3.84,3.73,3.79,36157432
1406727000,3.82,3.88,3.77,3.82,42981161
1406813400,3.8001,3.99,3.78,3.91,112162894
1406899800,3.91,4.015,3.87,3.97,33714228
1407159000,3.97,4.02,3.93,4,21493197
1407245400,3.99,4.11,3.97,4.08,40338382
1407331800,4.06,4.14,4.03,4.12,16274466
1407418200,4.14,4.1997,4.07,4.1,32712281
1407504600,4.1,4.15,4.05,4.12,27166946
1407763800,4.03,4.19,3.99,4.14,29561659
1407850200,4.12,4.14,4.08,4.08,27369868
1407936600,4.08,4.15,4.03,4.11,30401163
1408023000,4.1,4.17,4.075,4.08,26148058
1408109400,4.12,4.14,4.07,4.13,33350187
1408368600,4.14,4.22,4.14,4.21,45386525
1408455000,4.2,4.3,4.2,4.27,23222062
1408541400,4.25,4.32,4.22,4.28,11988557
1408627800,4.29,4.29,4.21,4.24,11940449
1408714200,4.22,4.28,4.21,4.25,8364801
1408973400,4.27,4.27,4.18,4.18,8999567
1409059800,4.17,4.22,4.13,4.19,9183890
1409146200,4.2,4.21,4.15,4.16,7305774
1409232600,4.14,4.19,4.07,4.14,10332157
1409319000,4.15,4.19,4.14,4.17,7347175
1409664600,4.16,4.25,4.15,4.16,12603414
1409751000,4.17,4.23,4.17,4.19,9601144
1409837400,4.185,4.25,4.15,4.15,12796439
1409923800,4.17,4.19,4.15,4.15,6634343
1410183000,4.13,4.18,4.1,4.13,8397368
1410269400,4.15,4.16,4.08,4.08,8964799
1410355800,4.08,4.11,4.01,4.08,13277610
1410442200,4.03,4.08,4.02,4.08,8087351
1410528600,4.06,4.11,3.96,3.96,14188822
1410787800,3.98,4.02,3.9,3.91,18257027
1410874200,3.89,3.9,3.795,3.81,40156448
1410960600,3.82,3.88,3.8,3.82,24894592
1411047000,3.88,3.94,3.695,3.88,16141381
1411133400,3.93,3.94,3.81,3.81,23030039
1411392600,3.81,3.83,3.75,3.76,14202679
1411479000,3.76,3.79,3.69,3.69,16287982
1411565400,3.71,3.75,3.69,3.7,11792590
1411651800,3.7,3.72,3.6,3.63,17556480
1411738200,3.63,3.67,3.6,3.6,12976329
1411997400,3.56,3.66,3.54,3.55,26857638
1412083800,3.56,3.58,3.4,3.41,55952173
1412170200,3.39,3.42,3.3,3.35,33655009
1412256600,3.37,3.44,3.28,3.39,27904965
1412343000,3.43,3.46,3.37,3.4,16797013
1412602200,3.415,3.44,3.3,3.36,17867784
1412688600,3.35,3.38,3.28,3.28,17720617
1412775000,3.3,3.3052,3.18,3.28,27999950
1412861400,3.03,3.2,2.94,2.95,69528861
1412947800,2.95,2.95,2.71,2.72,41062499
1413207000,2.78,2.845,2.73,2.74,38269373
1413293400,2.61,2.75,2.6,2.62,39964185
1413379800,2.62,2.705,2.54,2.61,36924628
1413466200,2.56,2.715,2.54,2.64,38795420
1413552600,2.67,2.86,2.66,2.72,75956587
1413811800,2.7905,2.795,2.6,2.67,28716992
1413898200,2.695,2.78,2.68,2.77,24033801
1413984600,2.79,2.795,2.64,2.64,23034842
1414071000,2.68,2.71,2.6497,2.69,23739082
1414157400,2.69,2.73,2.67,2.68,11952802
1414416600,2.68,2.71,2.65,2.66,13307479
1414503000,2.69,2.77,2.67,2.72,22879276
1414589400,2.75,2.81,2.73,2.77,15601066
1414675800,2.79,2.79,2.7,2.75,13026110
1414762200,2.79,2.83,2.75,2.8,14704782
1415025000,2.81,2.9,2.81,2.87,11739620
1415111400,2.9,2.905,2.75,2.83,12524608
1415197800,2.85,2.87,2.77,2.8,9635141
1415284200,2.78,2.8,2.75,2.76,8932899
1415370600,2.77,2.8,2.76,2.78,7293780
1415629800,2.78,2.81,2.75,2.76,12593116
1415716200,2.78,2.79,2.72,2.73,8113460
1415802600,2.73,2.75,2.65,2.71,15875393
1415889000,2.71,2.74,2.65,2.66,10915428
1415975400,2.675,2.7,2.61,2.61,12373026
1416234600,2.62,2.69,2.61,2.67,12593812
1416321000,2.69,2.73,2.63,2.65,14975259
1416407400,2.68,2.68,2.61,2.63,10323256
1416493800,2.6,2.72,2.59,2.69,15043856
1416580200,2.72,2.77,2.71,2.77,11311580
1416839400,2.8,2.85,2.8,2.83,12293891
1416925800,2.84,2.86,2.76,2.83,11073557
1417012200,2.81,2.84,2.8,2.84,10560747
1417185000,2.85,2.85,2.77,2.79,5665011
1417444200,2.77,2.79,2.64,2.67,16025136
1417530600,2.69,2.71,2.61,2.68,12438764
1417617000,2.71,2.82,2.69,2.74,18259992
1417703400,2.75,2.75,2.66,2.69,15542199
1417789800,2.69,2.7,2.66,2.66,9479344
1418049000,2.65,2.68,2.52,2.58,25402055
1418135400,2.55,2.59,2.49,2.59,22926434
1418221800,2.58,2.58,2.46,2.48,17690050
1418308200,2.51,2.54,2.46,2.49,10151618
1418394600,2.46,2.55,2.35,2.52,21211623
1418653800,2.52,2.6,2.46,2.47,19636438
1418740200,2.44,2.53,2.42,2.5,17051582
1418826600,2.5,2.57,2.46,2.55,12521460
1418913000,2.58,2.59,2.54,2.55,12423873
1418999400,2.53,2.57,2.51,2.57,14701505
1419258600,2.55,2.68,2.52,2.66,15044885
1419345000,2.69,2.72,2.66,2.67,8276449
1419431400,2.63,2.7,2.63,2.65,4624005
1419604200,2.65,2.685,2.65,2.65,4029605
1419863400,2.64,2.66,2.63,2.66,8526993
1419949800,2.64,2.695,2.63,2.63,7783709
1420036200,2.64,2.7,2.64,2.67,11177917
1420209000,2.7,2.73,2.64,2.69,8330255
1420468200,2.67,2.7,2.64,2.66,8878176
1420554600,2.65,2.66,2.55,2.63,13916645
1420641000,2.63,2.65,2.54,2.58,12377554
1420727400,2.59,2.645,2.56,2.61,11136587
1420813800,2.63,2.64,2.58,2.63,8907618
1421073000,2.62,2.64,2.55,2.63,9979638
1421159400,2.64,2.68,2.6,2.66,17907354
1421245800,2.6,2.66,2.58,2.63,9989870
1421332200,2.62,2.65,2.49,2.52,17744035
1421418600,2.52,2.53,2.39,2.39,30192441
1421764200,2.39,2.43,2.19,2.24,56713301
1421850600,2.18,2.45,2.14,2.45,46530825
1421937000,2.42,2.5,2.37,2.47,36169577
1422023400,2.48,2.5,2.43,2.45,11107160
1422282600,2.44,2.64,2.44,2.61,36571306
1422369000,2.58,2.84,2.56,2.7,51805831
1422455400,2.71,2.75,2.6,2.63,24786168
1422541800,2.63,2.69,2.51,2.61,17790203
1422628200,2.56,2.6,2.51,2.57,12908182
1422887400,2.69,2.75,2.65,2.67,25688696
1422973800,2.7,2.8,2.68,2.76,22592285
1423060200,2.78,2.92,2.76,2.85,34829278
1423146600,2.88,3.37,2.87,3.31,73355631
1423233000,3.2,3.21,3,3.03,38299959
1423492200,3.03,3.07,2.93,3.04,24133773
1423578600,3.07,3.1,3.01,3.04,13995062
1423665000,3.03,3.1,3,3.07,11741088
1423751400,3.08,3.15,3.05,3.12,12974994
1423837800,3.13,3.18,3.11,3.15,9627555
1424183400,3.16,3.17,3.08,3.11,8678124
1424269800,3.11,3.135,3.06,3.08,7286117
1424356200,3.06,3.08,3.01,3.055,6573575
1424442600,3.03,3.13,3.02,3.06,10667514
1424701800,3.05,3.1,3.03,3.06,6323536
1424788200,3.06,3.115,3.02,3.11,10916320
1424874600,3.08,3.14,3.06,3.1,6151341
1424961000,3.1,3.125,3.06,3.08,8680872
1425047400,3.07,3.12,3.07,3.11,7150249
1425306600,3.13,3.23,3.11,3.21,15638083
1425393000,3.2,3.23,3.13,3.14,8645029
1425479400,3.14,3.14,3.01,3.05,12122102
1425565800,3.1,3.1,2.98,2.98,11472270
1425652200,2.96,2.99,2.83,2.92,16785236
1425907800,2.92,2.98,2.9,2.93,12405937
1425994200,2.97,2.98,2.92,2.92,10312381
1426080600,2.92,2.945,2.8,2.84,11772832
1426167000,2.76,2.79,2.715,2.76,13847187
1426253400,2.74,2.78,2.71,2.75,8099030
1426512600,2.75,2.81,2.75,2.76,6132875
1426599000,2.75,2.795,2.7399,2.77,7742219
1426685400,2.77,2.82,2.72,2.75,11385190
1426771800,2.76,2.78,2.73,2.74,8819433
1426858200,2.76,2.8,2.74,2.8,10764776
1427117400,2.81,2.85,2.8,2.84,7450247
1427203800,2.85,2.85,2.76,2.79,8724501
1427290200,2.78,2.79,2.56,2.63,26985252
1427376600,2.59,2.7,2.53,2.65,28286331
1427463000,2.7,2.8,2.63,2.72,16844090
1427722200,2.73,2.76,2.655,2.7,8558207
1427808600,2.66,2.7,2.65,2.68,7025016
1427895000,2.66,2.75,2.65,2.69,11240503
1427981400,2.66,2.7,2.65,2.69,7047568
1428327000,2.68,2.73,2.68,2.7,8178519
1428413400,2.7,2.74,2.69,2.7,5738069
1428499800,2.68,2.74,2.68,2.71,4348995
1428586200,2.69,2.75,2.69,2.72,7127564
1428672600,2.74,2.78,2.73,2.76,6184822
1428931800,2.76,2.8,2.73,2.78,8391501
1429018200,2.77,2.79,2.65,2.67,13364127
1429104600,2.7,2.74,2.65,2.7,15281419
1429191000,2.72,2.94,2.7,2.87,28617313
1429277400,2.535,2.58,2.45,2.575,53185288
1429536600,2.56,2.57,2.45,2.49,29164284
1429623000,2.53,2.53,2.35,2.35,31279416
1429709400,2.35,2.36,2.25,2.28,27634939
1429795800,2.28,2.36,2.26,2.33,15130407
1429882200,2.36,2.38,2.3,2.3,15001242
1430141400,2.3,2.36,2.29,2.34,13486896
1430227800,2.36,2.37,2.31,2.31,11448708
1430314200,2.3,2.33,2.27,2.28,11870217
1430400600,2.28,2.31,2.26,2.26,11465305
1430487000,2.26,2.31,2.25,2.31,11662803
1430746200,2.31,2.36,2.3,2.31,9670083
1430832600,2.34,2.34,2.25,2.28,12371555
1430919000,2.29,2.305,2.24,2.29,18492059
1431005400,2.32,2.32,2.26,2.32,15015605
1431091800,2.33,2.36,2.3,2.31,9758803
1431351000,2.31,2.35,2.31,2.32,10046911
1431437400,2.32,2.35,2.3,2.35,10017533
1431523800,2.36,2.38,2.35,2.37,7575944
1431610200,2.38,2.39,2.33,2.33,8865090
1431696600,2.33,2.38,2.32,2.32,8054813
1431955800,2.35,2.36,2.33,2.35,4732781
1432042200,2.36,2.37,2.28,2.28,9588414
1432128600,2.3,2.33,2.28,2.32,6947688
1432215000,2.31,2.35,2.28,2.28,7127745
1432301400,2.3,2.31,2.27,2.28,12845410
1432647000,2.27,2.28,2.22,2.22,10007826
1432733400,2.24,2.28,2.2,2.28,17511026
1432819800,2.28,2.33,2.27,2.27,12354612
1432906200,2.27,2.32,2.25,2.28,7750487
1433165400,2.29,2.3,2.25,2.25,6803664
1433251800,2.26,2.3,2.25,2.3,7105950
1433338200,2.3,2.32,2.28,2.28,8062307
1433424600,2.28,2.33,2.26,2.33,11575844
1433511000,2.31,2.34,2.29,2.33,7349686
1433770200,2.31,2.33,2.29,2.31,6212876
1433856600,2.35,2.36,2.28,2.29,12282656
1433943000,2.31,2.35,2.3,2.32,8161224
1434029400,2.34,2.35,2.31,2.32,7671032
1434115800,2.31,2.33,2.3,2.31,4557596
1434375000,2.32,2.35,2.29,2.32,8627827
1434461400,2.32,2.37,2.32,2.35,9795010
1434547800,2.37,2.54,2.35,2.47,27497874
1434634200,2.5,2.59,2.48,2.52,25400150
1434720600,2.53,2.59,2.46,2.58,25551695
1434979800,2.61,2.67,2.58,2.62,19410133
1435066200,2.62,2.64,2.55,2.61,17919551
1435152600,2.6,2.66,2.5699,2.62,17516734
1435239000,2.62,2.66,2.57,2.58,18360175
1435325400,2.54,2.55,2.37,2.47,97054249
1435584600,2.41,2.42,2.31,2.34,22971506
1435671000,2.43,2.43,2.35,2.4,19381262
1435757400,2.47,2.48,2.36,2.42,19374972
1435843800,2.43,2.63,2.39,2.53,31185949
1436189400,2.46,2.54,2.44,2.47,20349371
1436275800,2.04,2.14,2.02,2.09,46418656
1436362200,2.07,2.07,2.01,2.01,15302900
1436448600,2.04,2.06,1.93,1.98,23378175
1436535000,2,2.03,1.95,1.96,17520833
1436794200,1.97,1.99,1.95,1.96,9080930
1436880600,2.03,2.06,1.97,2.05,15812298
1436967000,2.07,2.09,1.95,1.96,13517822
1437053400,1.97,2,1.87,1.87,20653274
1437139800,1.87,1.9,1.74,1.79,28127072
1437399000,1.82,1.84,1.77,1.8,12142361
1437485400,1.82,1.83,1.78,1.8,15034469
1437571800,1.8,1.81,1.76,1.79,16043360
1437658200,1.8,1.81,1.75,1.76,10641876
1437744600,1.76,1.77,1.65,1.67,16478376
1438003800,1.67,1.7,1.61,1.62,11916468
1438090200,1.62,1.77,1.62,1.77,14614569
1438176600,1.77,1.99,1.76,1.96,25582209
1438263000,1.94,1.99,1.88,1.93,15837969
1438349400,1.94,1.985,1.92,1.93,7733694
1438608600,1.93,2.2,1.9,2.2,26218162
1438695000,2.18,2.18,2.05,2.13,14328420
1438781400,2.11,2.21,2.1,2.16,13236010
1438867800,2.15,2.17,2.1,2.11,9475686
1438954200,2.1,2.14,2.06,2.09,7680811
1439213400,1.92,1.98,1.82,1.93,29926180
1439299800,1.91,1.93,1.88,1.9,7479178
1439386200,1.88,1.93,1.84,1.9,8527768
1439472600,1.9,1.91,1.79,1.79,7839742
1439559000,1.8,1.85,1.79,1.84,6183360
1439818200,1.82,1.88,1.795,1.8,9062449
1439904600,1.79,1.82,1.75,1.8,9751946
1439991000,1.8,1.81,1.76,1.8,7441178
1440077400,1.79,1.8,1.7,1.7,13745659
1440163800,1.68,1.8,1.68,1.78,12529458
1440423000,1.69,1.83,1.65,1.75,17217369
1440509400,1.82,1.82,1.66,1.66,12097696
1440595800,1.69,1.73,1.66,1.72,10715268
1440682200,1.74,1.835,1.74,1.78,11839293
1440768600,1.75,1.87,1.75,1.85,10924564
1441027800,1.82,1.87,1.79,1.81,6516004
1441114200,1.77,1.82,1.71,1.71,8470710
1441200600,1.75,1.77,1.72,1.77,6306136
1441287000,1.76,1.85,1.76,1.79,7154356
1441373400,1.76,1.84,1.76,1.82,6725294
1441719000,1.85,1.88,1.83,1.88,6009499
1441805400,1.9,1.97,1.83,1.85,12612253
1441891800,1.84,1.88,1.83,1.84,4290423
1441978200,1.88,2.14,1.81,2.01,31010289
1442237400,2,2,1.81,1.82,16458540
1442323800,1.84,1.87,1.81,1.86,6524360
1442410200,1.87,1.9,1.85,1.89,4928291
1442496600,1.9,1.94,1.87,1.89,5831567
1442583000,1.87,1.92,1.85,1.87,11814043
1442842200,1.87,1.8969,1.81,1.81,5377758
1442928600,1.8,1.8351,1.715,1.73,9975166
1443015000,1.76,1.775,1.69,1.7,9649200
1443101400,1.68,1.73,1.66,1.72,11247701
1443187800,1.75,1.75,1.68,1.71,5644642
1443447000,1.69,1.7,1.66,1.66,5693063
1443533400,1.67,1.69,1.65,1.67,7005323
1443619800,1.7,1.72,1.68,1.72,5739499
1443706200,1.77,1.77,1.72,1.74,5531739
1443792600,1.76,1.83,1.72,1.83,7146087
1444051800,1.82,1.87,1.77,1.8,7595560
1444138200,1.8,1.86,1.8,1.83,8665487
1444224600,1.82,1.87,1.82,1.86,7859214
1444311000,1.87,1.9475,1.85,1.93,9198667
1444397400,1.92,1.96,1.89,1.96,8629061
1444656600,1.96,1.96,1.85,1.87,7687701
1444743000,1.87,1.94,1.86,1.92,6698446
1444829400,1.92,1.96,1.92,1.95,10184322
1444915800,1.97,2.06,1.95,1.97,27327109
1445002200,2,2,1.89,1.94,21544863
1445261400,1.91,2.01,1.91,2.01,10670760
1445347800,2,2.03,1.97,2.02,5584188
1445434200,2.02,2.12,2.01,2.1,14966473
1445520600,2.1,2.16,2.09,2.14,8208419
1445607000,2.1,2.21,2.1,2.21,9564205
1445866200,2.21,2.21,2.12,2.15,6313499
1445952600,2.12,2.16,2.1,2.15,5755594
1446039000,2.14,2.2,2.12,2.18,6950607
1446125400,2.15,2.18,2.11,2.13,4500419
1446211800,2.14,2.15,2.12,2.12,4897116
1446474600,2.13,2.19,2.11,2.19,5858746
1446561000,2.16,2.29,2.16,2.28,8705832
1446647400,2.27,2.3,2.18,2.2,8205318
1446733800,2.21,2.24,2.17,2.2,4302179
1446820200,2.19,2.21,2.13,2.15,8997105
1447079400,2.15,2.18,2.1,2.11,6231734
1447165800,2.09,2.1,2.02,2.02,6162153
1447252200,2.02,2.09,2.02,2.07,3532050
1447338600,2.05,2.07,2,2,3576805
1447425000,1.99,2.04,1.94,1.99,5920191
1447684200,1.99,2.02,1.95,1.99,4149664
1447770600,2.01,2.04,1.97,1.98,5825098
1447857000,1.99,2.15,1.98,2.12,9384658
1447943400,2.1,2.16,2.09,2.14,4704259
1448029800,2.14,2.25,2.13,2.22,10727076
1448289000,2.22,2.24,2.18,2.22,4863244
1448375400,2.2,2.4,2.17,2.34,15859712
1448461800,2.36,2.395,2.31,2.38,6915207
1448634600,2.37,2.38,2.32,2.33,2606577
1448893800,2.34,2.37,2.25,2.36,9924441
1448980200,2.36,2.37,2.31,2.34,5646364
1449066600,2.31,2.335,2.23,2.27,7501680
1449153000,2.25,2.31,2.2,2.23,7059859
1449239400,2.23,2.29,2.21,2.28,4573578
1449498600,2.26,2.36,2.21,2.355,8479583
1449585000,2.34,2.4,2.25,2.39,9056162
1449671400,2.37,2.4,2.32,2.35,8709960
1449757800,2.36,2.5,2.33,2.45,13069423
1449844200,2.41,2.47,2.36,2.36,11890021
1450103400,2.36,2.39,2.3,2.34,7700690
1450189800,2.35,2.43,2.32,2.36,7423859
1450276200,2.39,2.55,2.365,2.54,19543566
1450362600,2.52,2.6,2.52,2.56,11374071
1450449000,2.51,2.55,2.42,2.45,17988100
1450708200,2.47,2.53,2.43,2.53,6876564
1450794600,2.55,2.78,2.54,2.77,24893205
1450881000,2.76,2.94,2.75,2.83,30365300
1450967400,2.88,3,2.86,2.92,11900888
1451313000,2.91,3.02,2.86,3,16050492
1451399400,3.04,3.06,2.97,3,15300911
1451485800,2.99,3.04,2.93,2.98,10046610
1451572200,2.97,3.01,2.87,2.87,11086106
1451917800,2.77,2.82,2.63,2.77,32516771
1452004200,2.77,2.8,2.64,2.75,12972260
1452090600,2.66,2.71,2.47,2.505,23759374
1452177000,2.43,2.48,2.26,2.275,22203514
1452263400,2.36,2.425,2.1,2.14,31822424
1452522600,2.16,2.36,2.12,2.34,19629314
1452609000,2.4,2.46,2.28,2.39,17986135
1452695400,2.4,2.45,2.21,2.25,12749689
1452781800,2.29,2.35,2.21,2.21,15666568
1452868200,2.1,2.13,1.99,2.03,21199273
1453213800,2.08,2.11,1.9,1.95,18978876
1453300200,1.81,1.95,1.75,1.8,29243601
1453386600,1.82,2.18,1.81,2.09,26387931
1453473000,2.11,2.17,1.98,2.02,16245515
1453732200,2.01,2.15,2.01,2.12,13080926
1453818600,2.14,2.15,2.03,2.07,11097391
1453905000,2.08,2.18,2.07,2.13,10833249
1453991400,2.16,2.17,2.07,2.08,7118372
1454077800,2.09,2.2,2.07,2.2,11998088
1454337000,2.17,2.19,2.11,2.14,8816117
1454423400,2.11,2.14,1.96,1.99,11224069
1454509800,2.04,2.075,1.95,2.07,9978631
1454596200,2.06,2.17,2.03,2.09,8284838
1454682600,2.06,2.075,1.98,1.98,7914421
1454941800,1.97,1.98,1.87,1.93,11588981
1455028200,1.89,1.995,1.85,1.9,14991465
1455114600,1.92,1.98,1.83,1.84,9466130
1455201000,1.82,1.94,1.81,1.86,7858282
1455287400,1.89,1.91,1.82,1.83,9957298
1455633000,1.86,1.9,1.82,1.83,11853372
1455719400,1.85,1.94,1.85,1.9,13770167
1455805800,1.93,1.98,1.9,1.91,10823412
1455892200,1.93,1.93,1.83,1.91,7784114
1456151400,1.94,2.04,1.925,2.01,9895491
1456237800,2.04,2.06,1.97,1.97,6710579
1456324200,1.98,2.04,1.93,2.02,6906231
1456410600,2.02,2.04,1.98,2.03,5614399
1456497000,2.04,2.1,2.03,2.07,7911456
1456756200,2.06,2.15,2.05,2.14,11400321
1456842600,2.16,2.2,2.12,2.18,9011185
1456929000,2.2,2.33,2.18,2.32,10845691
1457015400,2.32,2.55,2.295,2.46,22092400
1457101800,2.42,2.5,2.34,2.37,15448987
1457361000,2.36,2.47,2.36,2.47,8801832
1457447400,2.44,2.46,2.3,2.3,10026930
1457533800,2.32,2.35,2.2,2.26,13082444
1457620200,2.29,2.31,2.15,2.26,9625514
1457706600,2.29,2.54,2.29,2.52,21382383
1457962200,2.53,2.75,2.5,2.72,33848017
1458048600,2.67,2.69,2.45,2.49,21573551
1458135000,2.5,2.64,2.49,2.63,13015657
1458221400,2.77,2.81,2.7,2.8,29000838
1458307800,2.8,2.93,2.77,2.93,26330503
1458567000,2.9,2.9,2.75,2.8,13464942
1458653400,2.73,2.85,2.71,2.79,10315800
1458739800,2.8,2.825,2.68,2.68,10167129
1458826200,2.69,2.81,2.62,2.79,10040161
1459171800,2.81,2.84,2.73,2.78,7683731
1459258200,2.74,2.88,2.7,2.86,13616186
1459344600,2.88,2.98,2.85,2.86,14945925
1459431000,2.84,2.88,2.8,2.85,9071495
1459517400,2.79,2.88,2.76,2.83,8257676
1459776600,2.83,2.87,2.8,2.83,5591055
1459863000,2.76,2.84,2.72,2.76,9640183
1459949400,2.75,2.8,2.72,2.8,12534644
1460035800,2.76,2.83,2.61,2.64,13479207
1460122200,2.7,2.76,2.68,2.74,8489046
1460381400,2.76,2.82,2.74,2.76,9045056
1460467800,2.79,2.85,2.76,2.81,16131946
1460554200,2.78,2.82,2.73,2.8,8047980
1460640600,2.77,2.79,2.7,2.72,8985330
1460727000,2.72,2.75,2.68,2.7,7487498
1460986200,2.67,2.8,2.65,2.76,8938814
1461072600,2.78,2.78,2.61,2.62,11719940
1461159000,2.62,2.72,2.61,2.7,7926104
1461245400,2.65,2.7,2.6,2.62,13957207
1461331800,3.19,3.99,3.18,3.99,143265305
1461591000,3.81,3.82,3.31,3.45,80607909
1461677400,3.45,3.75,3.44,3.66,36336919
1461763800,3.55,3.75,3.53,3.73,24186756
1461850200,3.69,3.8,3.6,3.61,20230013
1461936600,3.69,3.69,3.45,3.55,17717828
1462195800,3.58,3.75,3.57,3.74,16972770
1462282200,3.7,3.71,3.58,3.6,13784844
1462368600,3.54,3.67,3.54,3.6,8688477
1462455000,3.64,3.8,3.605,3.66,21529565
1462541400,3.65,3.75,3.64,3.68,11839343
1462800600,3.66,3.68,3.45,3.65,16299366
1462887000,3.66,3.68,3.56,3.64,9415073
1462973400,3.61,3.68,3.6,3.65,7540251
1463059800,3.65,3.68,3.55,3.59,9255810
1463146200,3.56,3.73,3.55,3.67,16470076
1463405400,3.67,3.85,3.65,3.79,14703837
1463491800,3.8,3.98,3.69,3.79,20066139
1463578200,3.79,3.97,3.77,3.84,19506922
1463664600,3.83,3.85,3.69,3.77,17696860
1463751000,3.83,3.9,3.81,3.87,13799647
1464010200,3.9,4.2,3.88,4.04,35467015
1464096600,4.09,4.21,3.92,4.2,34283908
1464183000,4.24,4.35,4.15,4.18,24719916
1464269400,4.19,4.38,4.17,4.35,22625701
1464355800,4.39,4.63,4.37,4.6,34429620
1464701400,4.67,4.71,4.5,4.57,25379192
1464787800,4.6,4.64,4.38,4.43,29696360
1464874200,4.37,4.4,4.07,4.24,35335045
1464960600,4.16,4.2,4.08,4.16,17561799
1465219800,4.2,4.51,4.17,4.47,21329634
1465306200,4.56,4.67,4.47,4.51,20676178
1465392600,4.54,4.56,4.38,4.46,16074328
1465479000,4.41,4.54,4.315,4.52,16219074
1465565400,4.4,4.47,4.3,4.32,15106516
1465824600,4.32,4.48,4.32,4.4,13540907
1465911000,4.4,4.51,4.33,4.39,16757413
1465997400,4.44,4.48,4.3,4.42,11575250
1466083800,4.5,4.75,4.455,4.75,34182650
1466170200,4.75,5.27,4.68,5.26,64894090
1466429400,5.39,5.45,5.09,5.1,43541305
1466515800,5.1,5.5,5.09,5.45,35864591
1466602200,5.46,5.52,4.96,5.02,47943335
1466688600,5.17,5.26,5.05,5.21,29159174
1466775000,4.82,5.0675,4.76,4.88,36735157
1467034200,4.88,5.05,4.65,4.72,31187599
1467120600,4.95,5.185,4.91,5.12,29221367
1467207000,5.31,5.4,5.1,5.13,33118283
1467293400,5.13,5.19,4.95,5.14,26124847
1467379800,5.09,5.14,5,5.07,18255878
1467725400,5.03,5.05,4.875,4.96,16332466
1467811800,4.91,5.11,4.9,5.04,19392887
1467898200,5.07,5.1,4.94,5.02,15813768
1467984600,4.84,5.15,4.82,5.1,28140749
1468243800,5.13,5.19,5,5.01,21027948
1468330200,5.01,5.17,5.01,5.14,20832476
1468416600,5.14,5.19,5.04,5.09,14032518
1468503000,5.15,5.235,5.06,5.17,20050141
1468589400,5.2,5.2,5.1,5.14,14219263
1468848600,5.19,5.57,5.13,5.51,38619404
1468935000,5.5,5.55,5.34,5.41,23439607
1469021400,5.48,5.5,5.4,5.41,20102373
1469107800,5.43,5.45,5.1,5.22,40242023
1469194200,5.73,5.97,5.45,5.84,101838278
1469453400,5.93,6.95,5.92,6.7,118328614
1469539800,6.76,7.1599,6.71,6.98,81230638
1469626200,6.93,6.98,6.68,6.85,38567259
1469712600,6.79,6.98,6.735,6.82,27515622
1469799000,6.88,6.96,6.75,6.86,22580538
1470058200,6.89,6.92,6.57,6.64,26729026
1470144600,6.56,6.6,6.15,6.26,40816397
1470231000,6.18,6.45,6.15,6.3,23807809
1470317400,6.39,6.61,6.37,6.47,22411032
1470403800,6.56,6.76,6.47,6.61,20163999
1470663000,6.7,6.85,6.65,6.68,21462238
1470749400,6.75,6.78,6.54,6.6,16772428
1470835800,6.35,6.58,6.25,6.49,29070733
1470922200,6.5,6.59,6.46,6.58,13240292
1471008600,6.6,6.79,6.55,6.73,25466386
1471267800,6.79,6.97,6.78,6.95,28339380
1471354200,6.94,6.94,6.65,6.78,26768769
1471440600,6.7,6.75,6.61,6.68,13791311
1471527000,6.74,7.07,6.725,7.04,30783305
1471613400,7.24,8,7.22,7.62,75129305
1471872600,7.83,7.95,7.37,7.58,41519225
1471959000,7.66,7.74,7.53,7.67,27531065
1472045400,7.67,7.67,7.37,7.43,22943869
1472131800,7.49,7.49,7.2,7.465,16451281
1472218200,7.49,7.8,7.46,7.67,31387878
1472477400,7.72,7.79,7.57,7.59,16916273
1472563800,7.61,7.64,7.41,7.49,16088129
1472650200,7.52,7.52,7.28,7.4,18808801
1472736600,7.18,7.44,7.09,7.35,22284592
1472823000,7.49,7.64,7.38,7.51,18538362
1473168600,7.56,7.6,7.25,7.34,24994613
1473255000,7.05,7.07,6.78,6.84,57721907
1473341400,6.64,6.65,6.15,6.225,90814651
1473427800,6.23,6.24,5.85,5.9,170828036
1473687000,5.83,6.065,5.77,5.94,78014372
1473773400,5.92,5.95,5.66,5.74,50819506
1473859800,5.75,6.0766,5.75,6.04,64344764
1473946200,6.09,6.2,5.95,6.02,52718477
1474032600,6.22,6.22,5.97,6.05,47829445
1474291800,6.12,6.275,6.08,6.16,37837160
1474378200,6.23,6.28,6.12,6.17,28990858
1474464600,6.2,6.32,6.14,6.29,33450003
1474551000,6.35,6.44,6.33,6.37,35848186
1474637400,6.31,6.65,6.31,6.55,61022355
1474896600,6.54,6.54,6.31,6.32,29875788
1474983000,6.45,6.58,6.29,6.54,30035862
1475069400,6.57,6.65,6.48,6.59,27878252
1475155800,6.57,6.73,6.54,6.67,30746101
1475242200,6.7,7.04,6.7,6.91,47453145
1475501400,6.95,7.15,6.87,6.95,30456683
1475587800,7,7.09,6.89,6.97,25770031
1475674200,6.97,7.01,6.7,6.78,31235592
1475760600,6.72,6.98,6.63,6.96,27059688
1475847000,6.92,6.96,6.62,6.75,33058999
1476106200,6.82,6.94,6.8,6.84,13800510
1476192600,6.8,6.84,6.38,6.5,32510803
1476279000,6.64,6.77,6.42,6.62,33592702
1476365400,6.5,6.54,6.24,6.49,30401706
1476451800,6.92,7.12,6.74,6.75,66934374
1476711000,6.92,6.97,6.64,6.67,24261489
1476797400,6.76,6.89,6.69,6.73,25314837
1476883800,6.7,6.8,6.57,6.77,29420227
1476970200,6.81,6.98,6.77,6.96,64607539
1477056600,6.5,6.65,6.37,6.52,64243549
1477315800,6.57,7.01,6.54,7.005,52998430
1477402200,6.9,7.5,6.87,7.5,78862046
1477488600,7.4,7.48,7.26,7.29,47619312
1477575000,7.44,7.46,7.1,7.11,37804176
1477661400,7.1,7.53,7.02,7.2,77261334
1477920600,7.24,7.46,7.2,7.23,42345904
1478007000,7.32,7.425,6.92,7.09,39906861
1478093400,7.03,7.055,6.67,6.76,33852218
1478179800,6.78,6.79,6.56,6.7,33673558
1478266200,6.69,6.72,6.46,6.56,32215709
1478529000,6.79,6.99,6.76,6.96,36999238
1478615400,6.85,7.18,6.75,7,37728535
1478701800,6.7,7.05,6.64,6.94,38479532
1478788200,6.82,6.91,6.22,6.295,71749547
1478874600,6.64,6.69,6.47,6.685,39492150
1479133800,6.83,6.84,6.61,6.79,29596401
1479220200,6.82,7.08,6.79,6.97,28909399
1479306600,7.09,7.75,7.07,7.67,78083174
1479393000,7.79,8.77,7.77,8.46,124235450
1479479400,8.68,8.83,8.4,8.71,62336214
1479738600,8.87,9.22,8.86,8.94,65595921
1479825000,9.05,9.06,8.54,8.69,71312775
1479911400,8.72,8.86,8.5,8.8,34645960
1480084200,8.8,8.91,8.69,8.77,14214120
1480343400,8.72,8.98,8.72,8.83,25907789
1480429800,9,9.23,8.85,8.93,54831388
1480516200,9.02,9.12,8.9,8.91,36511914
1480602600,8.92,9.03,8.26,8.39,56682384
1480689000,8.38,8.74,8.38,8.53,42398936
1480948200,8.69,8.71,8.45,8.68,31410058
1481034600,8.95,9.54,8.82,9.45,92242854
1481121000,9.65,9.79,9.24,9.56,54897332
1481207400,9.9,10.66,9.8,10.34,104613009
1481293800,10.38,10.54,9.87,10.34,60600759
1481553000,10.4,10.93,10.38,10.68,63342940
1481639400,10.75,10.8,10.4,10.54,46967790
1481725800,10.43,10.74,10.27,10.55,46968552
1481812200,10.68,10.93,10.64,10.86,48871302
1481898600,10.94,11.23,10.595,10.66,77777741
1482157800,10.81,11,10.52,10.95,46085840
1482244200,11.19,11.51,11.15,11.51,59314159
1482330600,11.61,11.72,11.31,11.47,44814131
1482417000,11.65,11.75,11.47,11.6,36450756
1482503400,11.3,11.6,11.26,11.58,32288235
1482849000,11.65,12.08,11.6,12.07,44336488
1482935400,12.28,12.42,11.46,11.55,71254459
1483021800,11.24,11.62,11.01,11.59,50234261
1483108200,11.7,11.78,11.25,11.34,44095368
1483453800,11.42,11.65,11.02,11.43,55181960
1483540200,11.45,11.5204,11.235,11.43,40781190
1483626600,11.43,11.69,11.23,11.24,38855214
1483713000,11.29,11.49,11.11,11.32,34453462
1483972200,11.37,11.64,11.31,11.49,37304797
1484058600,11.55,11.63,11.33,11.44,29201580
1484145000,11.39,11.41,11.15,11.2,39377016
1484231400,10.98,11.0376,10.33,10.76,75244087
1484317800,10.79,10.87,10.56,10.58,38377455
1484663400,10.17,10.23,9.78,9.82,70491802
1484749800,9.54,10.1,9.42,9.88,51797592
1484836200,9.92,10.25,9.75,9.77,46151282
1484922600,9.88,9.96,9.67,9.75,27982147
1485181800,9.68,10.06,9.68,9.91,27905681
1485268200,9.95,10.49,9.95,10.44,43991188
1485354600,10.74,10.975,10.15,10.35,61886202
1485441000,10.35,10.66,10.3,10.52,35866570
1485527400,10.6,10.73,10.52,10.67,32719173
1485786600,10.62,10.68,10.3,10.61,37724991
1485873000,10.6,10.67,10.22,10.37,53704949
1485959400,10.9,12.14,10.81,12.06,165939278
1486045800,11.98,12.66,11.95,12.28,116324549
1486132200,12.37,12.5,12.04,12.24,60036740
1486391400,12.46,13.7,12.38,13.63,140474084
1486477800,14.05,14.27,13.06,13.29,158683771
1486564200,13.21,13.75,13.08,13.56,75942906
1486650600,13.78,13.89,13.4,13.42,73339932
1486737000,13.86,13.86,13.25,13.58,54579343
1486996200,13.7,13.95,13.38,13.49,57413113
1487082600,13.43,13.49,13.19,13.26,40479052
1487169000,13.2,13.44,13.15,13.3,33722253
1487255400,13.25,13.35,12.84,12.97,52502531
1487341800,12.79,13.14,12.6,13.13,40887978
1487687400,13.41,14.1,13.4,14,66357063
1487773800,14.3,14.5,14.04,14.28,71505039
1487860200,14.2,14.45,13.82,14.32,80317617
1487946600,14,14.32,13.86,14.12,46288614
1488205800,14.27,15.35,14.27,15.2,95422869
1488292200,15.45,15.55,14.35,14.46,141782979
1488378600,15.08,15.09,14.52,14.96,73450388
1488465000,14.59,14.78,13.87,13.9,104330930
1488551400,13.55,13.58,12.79,13.03,163641702
1488810600,13,13.34,12.38,13.04,117192621
1488897000,13.07,13.37,12.79,13.05,76666266
1488983400,13.25,13.55,13.1,13.22,71294747
1489069800,13.45,13.45,13.11,13.33,45244233
1489156200,13.5,13.93,13.45,13.91,65142157
1489411800,14.475,14.68,14.18,14.28,73078146
1489498200,14,14.15,13.6401,14.1,52554505
1489584600,14.03,14.06,13.62,13.98,55179561
1489671000,13.79,13.88,13.65,13.65,44494793
1489757400,13.62,13.74,13.36,13.49,224892327
1490016600,13.68,14.5,13.54,14.4,91565591
1490103000,14.4,14.49,13.78,13.82,72552725
1490189400,13.7,14.145,13.55,14.1,61239502
1490275800,13.96,14.115,13.77,13.79,44549945
1490362200,14.16,14.18,13.54,13.7,50099472
1490621400,13.35,13.78,13.21,13.7,42686840
1490707800,13.75,13.86,13.55,13.69,37420153
1490794200,13.74,13.87,13.63,13.71,37820375
1490880600,13.73,14.05,13.65,14.05,44132830
1490967000,14.1,14.75,14.01,14.55,84566239
1491226200,14.6,14.74,14.3,14.64,48423677
1491312600,14.31,14.67,14.03,14.16,58413020
1491399000,14.28,14.64,14.1,14.17,58816711
1491485400,13.42,13.46,12.83,13.27,139500105
1491571800,13.33,13.68,13.22,13.52,70440981
1491831000,13.52,13.59,13.04,13.1,47178017
1491917400,13.02,13.29,12.71,13.1,59916607
1492003800,12.94,13.1,12.74,12.76,37385363
1492090200,12.505,12.72,12.22,12.31,53442631
1492435800,12.53,12.8,12.37,12.79,38188238
1492522200,12.63,12.97,12.58,12.95,37172004
1492608600,13.09,13.205,12.8,12.84,36491056
1492695000,12.98,13.15,12.88,13.11,41946228
1492781400,13.08,13.12,12.9,13,25689590
1493040600,13.23,13.23,13.045,13.13,36120264
1493127000,13.24,13.525,13.16,13.49,35735442
1493213400,13.42,13.53,13.22,13.41,36644522
1493299800,13.43,13.7,13.37,13.62,31327634
1493386200,13.73,13.755,13.16,13.3,50375992
1493645400,13.43,13.63,13.25,13.62,68036349
1493731800,11.73,11.76,10.3,10.32,268336455
1493818200,10.29,10.68,9.85,10.39,140899380
1493904600,10.55,10.55,9.94,10.1,77031372
1493991000,10.13,10.26,9.94,10.19,51758963
1494250200,10.22,10.22,10,10.04,35101132
1494336600,10.04,10.4,10.04,10.18,51017346
1494423000,10.455,10.85,10.45,10.79,65995889
1494509400,10.74,11.26,10.51,11.07,72946523
1494595800,11.2,11.4,11.08,11.26,56072619
1494855000,11.41,11.6,11.3,11.42,52564965
1494941400,11.66,12.77,11.63,12.75,164186884
1495027800,11.81,12.2855,11.16,11.2,160109462
1495114200,10.99,11.49,10.81,11.275,86900076
1495200600,11.47,11.62,11.35,11.41,50319692
1495459800,11.49,11.55,10.77,11.04,78696444
1495546200,10.97,11.055,10.62,10.89,49799586
1495632600,11.05,11.06,10.71,10.89,43028139
1495719000,11.01,11.01,10.8,10.98,33584259
1495805400,10.85,11.02,10.74,11,31907640
1496151000,10.95,11.27,10.9,11.12,35338977
1496237400,11.29,11.49,11.1,11.19,42929027
1496323800,11.25,11.285,10.81,10.93,48001971
1496410200,10.93,10.96,10.565,10.9,43056165
1496669400,10.84,11.34,10.8,11.24,66207307
1496755800,11.27,12.24,11.24,12.03,114998567
1496842200,12.42,12.96,12.2348,12.38,151005890
1496928600,12.81,12.91,12.4,12.9,89515129
1497015000,13.1,13.4,11.63,12.28,167454433
1497274200,11.75,12.35,11.27,12.09,125781768
1497360600,12.33,12.48,11.67,11.96,87302253
1497447000,11.91,12.05,11.65,11.77,51909425
1497533400,11.34,11.58,11.21,11.5,61665981
1497619800,11.66,11.83,11.28,11.44,59779528
1497879000,11.63,12.12,11.62,11.93,61803552
1497965400,12.19,12.93,12.18,12.64,118001536
1498051800,13.36,14.01,13.13,13.98,188796125
1498138200,14.1,14.5,13.56,14.38,149594245
1498224600,14.15,14.67,13.9,14.17,200777337
1498483800,14.39,14.49,13.84,14.08,101012533
1498570200,13.76,14.04,13.37,13.4,89319697
1498656600,13.65,13.7,13.09,13.23,85266909
1498743000,13.06,13.15,12.45,12.6,87634359
1498829400,12.57,12.83,12.36,12.48,59267384
1499088600,12.57,12.73,12.13,12.15,39929101
1499261400,12.36,13.21,12.32,13.19,99450235
1499347800,12.94,13.32,12.665,13.02,88927822
1499434200,13.27,13.745,13.18,13.36,88392137
1499693400,13.61,13.88,13.27,13.81,78320196
1499779800,13.77,14.099,13.62,13.89,71102292
1499866200,14.17,14.39,13.96,14.29,78508397
1499952600,14.33,14.49,13.43,13.53,111656888
1500039000,13.46,13.93,13.32,13.92,82084552
1500298200,14.03,14.12,13.51,13.8,71690790
1500384600,13.29,13.53,13.15,13.48,78366510
1500471000,13.62,13.74,13.41,13.55,51957812
1500557400,13.61,13.89,13.45,13.8,47707464
1500643800,13.7,14.05,13.62,13.88,51045674
1500903000,14,14.44,13.97,14.16,71014864
1500989400,14.2895,14.32,13.87,14.11,98047389
1501075800,15.13,15.65,14.4,14.76,236082958
1501162200,14.99,15.04,13.7,14.12,130303657
1501248600,13.845,14.1,13.68,13.95,66763754
1501507800,14.09,14.22,13.47,13.61,69108676
1501594200,13.72,13.86,13.45,13.71,49149861
1501680600,13.81,13.93,13.12,13.37,67502194
1501767000,13.42,13.52,13.08,13.24,52557354
1501853400,13.2,13.36,13.02,13.12,64254045
1502112600,13.33,13.57,13.27,13.43,57486768
1502199000,13.48,13.55,13.08,13.11,47338001
1502285400,12.76,12.89,12.54,12.83,58861491
1502371800,12.7,12.92,12.11,12.12,83113365
1502458200,12.04,12.39,11.88,12.23,63558840
1502717400,12.58,12.845,12.58,12.76,64426061
1502803800,13.01,13.14,12.75,13.02,57990255
1502890200,13.17,13.19,12.52,12.63,64639428
1502976600,12.46,12.65,12.32,12.34,47370978
1503063000,12.43,12.555,12.25,12.37,37521694
1503322200,12.42,12.42,11.86,12.05,58888505
1503408600,12.2,12.33,12.1,12.17,39033223
1503495000,12,12.535,11.95,12.48,44345380
1503581400,12.69,12.71,12.39,12.5,37269674
1503667800,12.51,12.57,12.25,12.43,29732049
1503927000,12.53,12.55,12.16,12.23,35969587
1504013400,12,12.18,11.93,12.15,33618112
1504099800,12.19,12.68,12.16,12.67,43932966
1504186200,12.82,13.16,12.79,13,51822102
1504272600,13.12,13.485,13.04,13.19,53158562
1504618200,12.88,13.18,12.65,12.92,51578710
1504704600,13.02,13.08,12.75,12.86,34182430
1504791000,12.84,12.94,12.6,12.63,35816911
1504877400,12.5712,12.61,12.035,12.25,60886232
1505136600,12.46,12.74,12.4001,12.55,43346052
1505223000,12.66,12.68,12.213,12.3,54413148
1505309400,12.22,12.36,12.12,12.22,37210654
1505395800,12.15,12.46,12.11,12.26,37220155
1505482200,12.33,12.66,12.31,12.52,50337411
1505741400,12.77,13.3,12.74,13.08,83517385
1505827800,13.25,13.29,12.88,13.12,65455230
1505914200,13.07,13.8,12.8,13.74,102682437
1506000600,14,14.24,13.32,13.41,166821947
1506087000,13.2,13.4,13.12,13.3,50546957
1506346200,13.25,13.28,12.49,12.61,84172237
1506432600,12.85,12.93,12.43,12.45,68302025
1506519000,12.65,12.87,12.5,12.74,59947247
1506605400,12.76,12.84,12.55,12.74,35812311
1506691800,12.765,12.82,12.6,12.75,33926900
1506951000,12.8,12.85,12.62,12.71,34461080
1507037400,12.73,13.48,12.7,13.42,85174031
1507123800,13.31,13.5,13.15,13.31,42303159
1507210200,13.38,13.46,13.21,13.34,34758604
1507296600,13.22,13.39,13.18,13.23,28258656
1507555800,13.26,13.83,13.26,13.47,54032528
1507642200,13.72,13.79,13.44,13.7,43303955
1507728600,13.62,13.96,13.61,13.88,38746553
1507815000,13.85,14.37,13.81,14.2,69874095
1507901400,14.32,14.41,14.12,14.22,37515843
1508160600,14.25,14.35,14.12,14.26,34136783
1508247000,14.24,14.345,14.135,14.16,28995567
1508333400,14.2,14.279,13.76,14.07,39020286
1508419800,13.85,14.04,13.69,13.95,33795708
1508506200,14.03,14.09,13.8,13.81,32538937
1508765400,13.94,14.19,13.8999,14.1,49838009
1508851800,14.2,14.36,14.15,14.25,84891583
1508938200,12.95,13.13,12.29,12.33,166762120
1509024600,12.45,12.46,12,12.005,87625437
1509111000,12.17,12.19,11.35,11.84,115650373
1509370200,11.255,11.42,10.65,10.89,137785101
1509456600,10.76,11.31,10.69,10.985,78600023
1509543000,11.25,11.29,10.72,10.8,66875483
1509629400,10.87,10.99,10.66,10.85,47942464
1509715800,10.95,11.13,10.82,11.12,44264291
1509978600,12.04,12.09,11.64,11.93,96349758
1510065000,11.94,12.27,11.92,12.05,67900203
1510151400,11.94,11.95,11.51,11.71,59065041
1510237800,11.25,11.35,11.03,11.12,76821154
1510324200,11.22,11.43,11.115,11.26,50209909
1510583400,11.18,11.2,10.92,11.09,54068315
1510669800,11.03,11.26,11,11.12,37245039
1510756200,11.01,11.13,10.77,11.07,33524701
1510842600,11.13,11.32,11.13,11.25,31800408
1510929000,11.3,11.75,11.28,11.38,56775579
1511188200,11.47,11.505,11.19,11.34,35960204
1511274600,11.421,11.49,11.24,11.4,31881681
1511361000,11.41,11.49,11.3,11.37,23816482
1511533800,11.38,11.42,11.3,11.38,10976998
1511793000,11.34,11.74,11.3358,11.55,41798250
1511879400,11.45,11.54,11,11.17,65325749
1511965800,11.08,11.17,10.73,10.83,63333806
1512052200,10.87,11.03,10.76,10.89,43205030
1512138600,10.81,10.97,10.53,10.73,42128778
1512397800,10.85,10.86,9.82,10.03,97328281
1512484200,9.89,10.34,9.7,9.91,67304144
1512570600,9.9,10.05,9.71,10,38952174
1512657000,10.0705,10.19,9.95,10.04,32665616
1512743400,10.15,10.2,9.92,9.94,34896958
1513002600,9.97,10.16,9.96,10.16,29956421
1513089000,10.13,10.14,9.88,9.9,36211043
1513175400,9.97,10.21,9.95,10.11,41494800
1513261800,10.1,10.17,9.96,10.13,29006846
1513348200,10.13,10.32,10.02,10.29,45462280
1513607400,10.6,11,10.51,10.98,63797732
1513693800,11,11.19,10.87,10.95,43852949
1513780200,11.1,11.18,10.8,10.98,31420328
1513866600,10.98,11.0793,10.87,10.89,21884331
1513953000,10.75,10.77,10.2,10.54,50744495
1514298600,10.38,10.579,10.34,10.46,20437891
1514385000,10.45,10.74,10.4,10.53,22921775
1514471400,10.57,10.64,10.43,10.55,18609365
1514557800,10.57,10.58,10.27,10.28,26678928
1514903400,10.42,11.02,10.34,10.98,44146332
1514989800,11.61,12.14,11.36,11.55,154066661
1515076200,12.095,12.43,11.97,12.12,109502970
1515162600,12.19,12.22,11.66,11.88,63808946
1515421800,12.01,12.3,11.85,12.28,63346034
1515508200,12,12.02,11.71,11.82,62560940
1515594600,11.63,12.15,11.56,11.96,52561170
1515681000,12.07,12.19,11.9001,12.14,38354916
1515767400,11.82,12.07,11.8,12.02,47149344
1516113000,12.05,12.2,11.8,11.91,42686623
1516199400,11.9,12.19,11.82,12.18,39020825
1516285800,12.18,12.68,12.15,12.47,62086151
1516372200,12.56,12.88,12.54,12.59,46800669
1516631400,12.61,12.74,12.37,12.65,34758615
1516717800,12.82,12.995,12.76,12.94,46417226
1516804200,13.02,13.05,12.6,12.71,41956439
1516890600,12.78,12.94,12.32,12.41,42966567
1516977000,12.7,12.95,12.62,12.95,44238971
1517236200,13.13,13.47,13.05,13.32,66645418
1517322600,13.12,13.27,12.69,12.87,91236383
1517409000,13.24,13.85,13.15,13.74,140977843
1517495400,13.62,13.84,13.21,13.25,67543333
1517581800,13.05,13.06,12.43,12.45,79432558
1517841000,12.05,12.18,10.93,11.57,116568862
1517927400,11.04,11.74,11,11.65,87123202
1518013800,11.7,11.9,11.53,11.6,55758364
1518100200,11.72,11.85,11.21,11.22,56471761
1518186600,11.54,11.57,10.63,11.31,85458235
1518445800,11.47,11.8,11.43,11.68,63160875
1518532200,11.6,11.82,11.53,11.78,33661383
1518618600,11.72,12.31,11.63,12.2,51756817
1518705000,12.4,12.625,12.07,12.19,59593761
1518791400,12.11,12.225,11.82,11.82,47332348
1519137000,11.72,12.19,11.71,12.02,47096492
1519223400,12.12,12.12,11.72,11.72,40195847
1519309800,11.82,11.995,11.63,11.84,37886263
1519396200,11.95,12.16,11.94,12.07,33317579
1519655400,12.14,12.43,12.05,12.42,42265208
1519741800,12.43,12.88,12.39,12.53,55975268
1519828200,12.66,12.73,12.1,12.11,43387460
1519914600,12.26,12.27,11.66,11.9,63207377
1520001000,11.67,11.93,11.43,11.81,58123518
1520260200,11.69,12.055,11.61,11.91,43734836
1520346600,12.01,12.045,11.71,11.76,46751179
1520433000,11.58,12.82,11.55,12.24,127603194
1520519400,12.395,12.59,11.74,11.97,76011217
1520605800,12.03,12.0392,11.58,11.7,89674365
1520861400,11.76,11.82,11.48,11.52,83748671
1520947800,11.5,12.035,11.095,11.64,174302560
1521034200,11.7,11.72,11.26,11.36,80540846
1521120600,11.43,11.55,11.19,11.46,66373911
1521207000,11.49,11.55,11.32,11.47,37590983
1521466200,11.41,11.74,11.351,11.43,53308617
1521552600,11.41,11.52,11,11.11,65116930
1521639000,11.16,11.34,11.11,11.26,44691711
1521725400,11.1,11.26,10.85,10.91,59944232
1521811800,10.91,10.97,10.57,10.63,54844461
1522071000,10.71,10.8,10.18,10.44,75878505
1522157400,10.51,10.59,9.9,10,68551265
1522243800,9.99,10.1689,9.79,9.81,64832148
1522330200,9.94,10.08,9.81,10.05,48681415
1522675800,9.99,10.14,9.51,9.53,64824596
1522762200,9.63,9.77,9.3,9.55,54891576
1522848600,9.08,9.81,9.04,9.77,67356888
1522935000,10.05,10.2,9.91,10.02,65758791
1523021400,9.83,10.1,9.5,9.61,51087146
1523280600,9.75,9.84,9.52,9.53,38382608
1523367000,9.75,10.04,9.71,9.98,43036502
1523453400,9.87,10.03,9.79,9.82,29169324
1523539800,9.98,10.1,9.82,10.08,47784419
1523626200,10.2,10.22,9.88,9.93,38935658
1523885400,10,10.17,9.9,10.09,28875069
1523971800,10.28,10.53,10.2,10.52,45360314
1524058200,10.51,10.65,10.33,10.36,42449590
1524144600,10.18,10.3284,9.99,10.11,57841640
1524231000,10.05,10.14,9.95,9.99,39011902
1524490200,10.09,10.19,9.97,10.04,42971272
1524576600,10.19,10.35,9.95,10.09,44992223
1524663000,10.06,10.09,9.56,9.71,90577981
1524749400,10.87,11.19,10.61,11.04,145284090
1524835800,11.2,11.36,11.02,11.11,74347782
1525095000,11.055,11.14,10.87,10.88,50608764
1525181400,10.83,11.15,10.77,11.13,43441602
1525267800,11.1,11.155,10.97,10.97,29267302
1525354200,10.902,11.06,10.83,10.93,33310596
1525440600,10.88,11.29,10.8701,11.28,47884940
1525699800,11.32,11.68,11.3,11.59,54001692
1525786200,11.49,11.66,11.4,11.61,35218414
1525872600,11.65,11.98,11.57,11.95,49605743
1525959000,11.98,12.18,11.95,12.13,49744484
1526045400,11.89,12.03,11.69,11.95,43863746
1526304600,12.14,12.36,12.11,12.23,50263792
1526391000,12.18,12.46,12.16,12.45,44183179
1526477400,12.64,12.98,12.62,12.82,73363996
1526563800,12.79,12.9,12.66,12.82,38692510
1526650200,13.06,13.26,12.91,13,54063411
1526909400,13.25,13.31,12.88,12.99,49714221
1526995800,13,13.14,12.71,12.98,43267033
1527082200,12.93,13.18,12.9,13.1,44517762
1527168600,13.06,13.43,13.03,13.41,47785726
1527255000,13.4,13.72,13.36,13.54,43850067
1527600600,13.45,13.63,13.26,13.36,39578498
1527687000,13.48,13.95,13.48,13.82,58186435
1527773400,13.74,13.93,13.69,13.73,46797677
1527859800,13.98,14.4,13.92,14.4,71677869
1528119000,14.76,14.98,14.52,14.85,74545986
1528205400,14.85,14.9185,14.63,14.85,56122654
1528291800,15.07,15.74,15.04,15.67,97089040
1528378200,15.83,15.97,14.85,14.89,99860297
1528464600,14.52,15.33,14.31,15.25,81930486
1528723800,15.21,15.89,15.01,15.73,80737640
1528810200,15.84,15.95,15.43,15.85,67002592
1528896600,15.81,16.52,15.78,16.32,90227322
1528983000,16.62,16.79,15.58,16.25,113048551
1529069400,16.06,16.52,15.82,16.34,77612174
1529328600,16.18,17.34,16.13,17.11,104317396
1529415000,16.85,17.29,16.31,16.69,92542859
1529501400,16.83,17.13,16.37,16.52,76280646
1529587800,16.65,16.87,15.46,15.65,95638369
1529674200,15.78,15.91,15.56,15.8,59257099
1529933400,15.64,15.74,14.54,15.11,94418420
1530019800,15.32,15.6,15.1,15.5,54213466
1530106200,15.65,15.76,14.96,14.97,56014335
1530192600,14.85,15.36,14.75,15.31,48716794
1530279000,15.41,15.49,14.98,14.99,41527791
1530538200,14.8,15.18,14.74,15.16,43398768
1530624600,15.21,15.34,14.96,15,32094031
1530797400,15.13,15.5,15.02,15.5,40703271
1530883800,15.52,16.39,15.48,16.36,65101672
1531143000,16.73,16.84,16.17,16.61,58525542
1531229400,16.59,16.65,16.31,16.55,37092975
1531315800,16.15,16.53,16.02,16.27,42544103
1531402200,16.41,16.79,16.38,16.56,44188137
1531488600,16.68,16.69,16.22,16.27,40698475
1531747800,16.42,17,16.41,16.58,65275291
1531834200,16.5,16.88,16.48,16.87,42313518
1531920600,16.94,16.99,16.55,16.85,40881493
1532007000,16.71,16.88,16.55,16.71,41267829
1532093400,16.66,16.88,16.44,16.5,42906009
1532352600,16.47,16.68,15.895,16.66,44940819
1532439000,16.75,16.86,16.11,16.19,58201458
1532525400,16.3,16.39,15.72,16.05,83639684
1532611800,17.16,18.45,16.83,18.35,192661124
1532698200,19.07,19.88,18.31,18.94,161903789
1532957400,19.4,20.18,19.31,19.42,160823407
1533043800,19.35,19.5,18.27,18.33,118403405
1533130200,18.34,18.95,18.32,18.48,75495240
1533216600,18.17,18.83,18,18.79,52867121
1533303000,18.94,19.0566,18.37,18.49,53232065
1533562200,18.89,19.44,18.46,19.43,83579668
1533648600,19.53,19.71,19.08,19.56,72822590
1533735000,19.46,19.77,19.255,19.58,52081364
1533821400,19.58,19.71,19.08,19.1,46653358
1533907800,19.09,19.48,18.85,19.06,65821056
1534167000,19.16,19.93,19.12,19.73,81411331
1534253400,19.97,20.28,19.63,20.02,89195509
1534339800,19.86,20.1,19.2,19.7,86355654
1534426200,19.86,20.07,19.25,19.33,69733708
1534512600,19.12,19.82,18.73,19.77,60616638
1534771800,19.79,20.08,19.35,19.98,62983236
1534858200,19.98,20.415,19.86,20.4,55628983
1534944600,20.28,20.92,20.21,20.9,62002721
1535031000,21.19,22.32,21.14,22.29,113444117
1535117400,22.91,24,22.67,23.98,164328182
1535376600,24.94,27.3,24.6261,25.26,325058420
1535463000,25.51,26.18,24.04,25.05,215771220
1535549400,24.36,25.41,24.01,25.2,143223187
1535635800,25.29,25.67,24.76,24.89,103607291
1535722200,24.89,25.24,24.72,25.17,65206352
1536067800,25.62,28.11,25.5675,28.06,192541253
1536154200,29.41,29.94,26.84,28.51,257349007
1536240600,28.12,28.58,27.19,27.84,143942935
1536327000,26.96,28.27,26.8,27.38,123348744
1536586200,28.15,29.925,27.84,29.89,162253798
1536672600,30.02,30.59,29.37,30.1,159902483
1536759000,29.91,32.29,29.45,32.21,197889598
1536845400,33.16,34.14,29.87,30.48,304147110
1536931800,31.43,33.09,30.54,32.72,217762820
1537191000,31.75,33.23,31.6,32.43,180410560
1537277400,32.99,33.37,31.2,31.93,176673169
1537363800,31.52,31.83,30.51,31.21,124287022
1537450200,32.1,32.2,30.64,31.18,123116549
1537536600,31.19,32.42,30.91,31.02,129792949
1537795800,31.13,32.65,30.91,32.61,118332614
1537882200,33.18,33.6,32.19,32.57,118570163
1537968600,32.4,32.6,31.72,32.19,79347320
1538055000,31.86,32.63,31.39,32.59,87934428
1538141400,32.24,32.78,29.98,30.89,165453485
1538400600,30.69,31.91,30.25,31.42,94742859
1538487000,30.73,30.82,28.65,29.02,145276455
1538573400,29.035,29.22,26.54,28.43,190137198
1538659800,27.99,28.83,27.37,27.78,95831156
1538746200,28.07,28.47,26.93,27.35,88008487
1539005400,26.73,27.54,25.96,26.46,103789499
1539091800,26.15,27.71,26,27.24,105461756
1539178200,27.38,27.4,24.91,25,147682923
1539264600,24.74,26.2,24.55,25.3,147013774
1539351000,26.77,26.9697,25.67,26.34,111059406
1539610200,26.38,26.77,25.75,26.26,70523486
1539696600,26.63,28.23,26.17,28.18,92528973
1539783000,28.41,28.53,26.9199,27.3,89466946
1539869400,27.08,27.75,26.4,26.62,79623723
1539955800,27.03,27.1,23.6,23.66,130799866
1540215000,24.46,25.64,24.0901,25.03,114158919
1540301400,24.18,25.26,23.85,25.09,101763018
1540387800,25.04,25.1,22.75,22.79,134489106
1540474200,17.92,20.15,17.72,19.27,189173672
1540560600,18.49,18.78,17.05,17.63,119688961
1540819800,18.21,18.23,16.27,16.85,94479590
1540906200,16.38,17.24,16.17,17.2,99049408
1540992600,17.87,18.34,17.12,18.21,110463663
1541079000,18.41,20.33,18.08,20.22,136896463
1541165400,20.59,21.06,19.47,20.23,123787953
1541428200,20.12,20.18,18.88,19.9,108016703
1541514600,19.5,21.65,19.48,20.68,144995728
1541601000,21.42,22.2235,21.07,21.84,121115776
1541687400,21.77,22.08,20.97,21.2,92387565
1541773800,20.77,21.19,20.11,21.03,85900699
1542033000,20.68,20.85,18.8,19.03,95948176
1542119400,19.28,20.02,18.97,19.61,76125994
1542205800,20.18,21.11,19.7599,20.81,106344252
1542292200,20.72,21.77,20.42,21.49,97715488
1542378600,19.87,20.97,19.72,20.66,112376589
1542637800,20.4,20.59,19.09,19.11,93578236
1542724200,17.4,19.58,17.18,19.21,109869425
1542810600,20.05,20.31,18.5,18.73,81585649
1542983400,18.61,19.83,18.56,19.38,54611295
1543242600,19.96,20.19,19.1101,20.08,83210988
1543329000,19.77,21.45,19.73,21.05,119230147
1543415400,21.82,21.88,20.18,21.34,134425292
1543501800,21.19,21.61,20.73,21.43,79853746
1543588200,21.3,21.36,20.52,21.3,82370737
1543847400,22.48,23.75,22.37,23.71,139605406
1543933800,23.35,23.42,21.07,21.12,127392924
1544106600,20.22,21.41,20.06,21.3,103434674
1544193000,21.3,21.3799,19.17,19.46,105764534
1544452200,19.35,20.13,19.27,19.99,77984520
1544538600,20.71,21.14,19.69,19.98,88027392
1544625000,20.32,21.02,19.71,20.48,100340657
1544711400,20.63,20.865,19.76,19.86,88108070
1544797800,19.58,20.7,19.52,19.9,84713551
1545057000,20.01,20.025,18.635,18.83,115437927
1545143400,19.15,19.84,18.88,19.5,101512938
1545229800,19.44,19.72,18,18.16,120644490
1545316200,18.11,18.86,17.34,17.94,119394487
1545402600,18.12,18.34,16.76,16.93,132245996
1545661800,16.52,17.2199,16.37,16.65,62933126
1545834600,16.88,17.91,16.03,17.9,108811809
1545921000,17.43,17.74,16.44,17.49,111373008
1546007400,17.53,18.31,17.135,17.82,109214352
1546266600,18.15,18.5101,17.85,18.46,84732181
1546439400,18.01,19,17.98,18.83,87148693
1546525800,18.42,18.68,16.94,17.05,117277563
1546612200,17.55,19.07,17.43,19,111878582
1546871400,19.44,20.68,19,20.57,107157014
1546957800,21.19,21.2,19.68,20.75,121270986
1547044200,20.89,21.44,20.07,20.19,163944073
1547130600,19.76,19.8342,18.9,19.74,115629372
1547217000,19.47,20.35,19.19,20.27,85110766
1547476200,19.96,20.62,19.75,20.23,71350248
1547562600,20.44,20.68,20.26,20.38,62785800
1547649000,20.4,20.54,19.71,19.73,70849266
1547735400,19.49,20.51,19.02,20.25,85018421
1547821800,20.37,21.05,20.02,20.77,88130950
1548167400,20.48,20.9199,19.7,19.76,78513667
1548253800,20.03,20.48,19.55,19.8,77811255
1548340200,20.06,21.01,20.04,20.85,97433423
1548426600,20.99,22.03,20.79,21.93,110555157
1548685800,20.315,21.01,20.02,20.18,135164064
1548772200,20.26,20.39,19.05,19.25,131202535
1548858600,21.49,23.13,21.37,23.09,211421150
1548945000,23.02,25.14,22.83,24.41,182575629
1549031400,24.61,24.84,24.065,24.51,105356175
1549290600,24.43,24.66,24.07,24.13,70843958
1549377000,23.42,23.86,22.98,23.31,122226034
1549463400,23.63,24.14,23.22,23.26,78684325
1549549800,22.99,23.22,22.32,22.67,86723886
1549636200,22.33,23.28,22.27,23.05,78129280
1549895400,23.05,23.2827,22.66,22.96,60578705
1549981800,23.43,23.56,22.75,22.82,67595405
1550068200,22.98,23.24,22.7138,22.85,57544167
1550154600,22.74,23.37,22.59,23.13,64441243
1550241000,23.58,24.05,23.2,23.68,78644109
1550586600,23.625,24.405,23.605,23.95,57517907
1550673000,24.14,24.37,23.9,23.95,57091617
1550759400,24.04,24.33,23.85,23.92,49608176
1550845800,24.05,24.36,23.88,24.36,52650728
1551105000,25.01,25.52,24.68,24.71,63221028
1551191400,24.65,24.72,24.15,24.21,48470089
1551277800,24.11,24.2299,23.21,23.48,62649329
1551364200,23.21,23.67,23.11,23.53,39384901
1551450600,23.97,24.19,23.45,23.68,48083975
1551709800,23.89,24.13,23.01,23.37,48147714
1551796200,23.34,23.68,23.01,23.5,35462587
1551882600,23.47,23.53,22.4,22.41,60479430
1551969000,22.33,22.4101,21.73,22.08,52186289
1552055400,21.35,22.085,21.035,22.01,49967725
1552311000,22.15,23.075,21.98,22.96,54420188
1552397400,23.1,23.795,22.78,23.49,56410616
1552483800,23.66,24.15,23.35,23.38,56705777
1552570200,23.37,23.49,22.8,22.82,42818582
1552656600,23.1,23.65,23.01,23.29,46519912
1552915800,23.3,23.62,23.04,23.25,34731839
1553002200,23.6,26.08,23.59,26,156052222
1553088600,26.49,26.88,25.31,25.7,151292138
1553175000,25.78,28.11,25.71,27.89,129610272
1553261400,27.54,27.75,26.33,26.37,115323257
1553520600,26.29,26.99,25.54,25.97,78438159
1553607000,26.69,26.98,25.46,25.69,75754079
1553693400,25.7,25.88,24.55,24.89,88585265
1553779800,25.1,25.56,24.65,25.06,64667453
1553866200,25.58,25.73,25.25,25.52,53502807
1554125400,26.42,26.555,25.83,26.36,63000322
1554211800,26.51,26.8,26.09,26.75,53358772
1554298200,28.02,29.9498,27.88,29.02,197650478
1554384600,28.88,29.385,28.61,29.09,82191092
1554471000,29.64,29.69,28.8,28.98,65662738
1554730200,28.69,28.95,28.18,28.53,58002493
1554816600,28.24,28.38,27.19,27.24,75539793
1554903000,27.46,28.12,27.32,27.83,64368144
1554989400,27.81,28.05,27.46,27.79,44801179
1555075800,28.21,28.38,27.66,27.85,41048838
1555335000,27.8,27.84,26.96,27.33,40812497
1555421400,27.72,28.18,27.49,27.93,47340055
1555507800,28.21,28.27,27.22,27.49,48240768
1555594200,27.6,27.88,27.34,27.68,39880890
1555939800,27.62,28.23,27.39,28.18,36477286
1556026200,28.18,28.49,27.79,27.97,41777470
1556112600,28.1,28.85,27.93,28.46,51784738
1556199000,28.67,28.86,27.36,27.66,57329711
1556285400,27.66,27.9,27.05,27.88,48827903
1556544600,27.9,28.14,27.5,27.69,44532725
1556631000,27.59,27.8,26.94,27.63,73165869
1556717400,28.95,29.15,26.78,26.81,136066941
1556803800,26.94,28.64,26.61,28.29,100514792
1556890200,28.3,28.4201,27.66,28.22,55503062
1557149400,26.72,27.5,26.45,27.42,70344092
1557235800,27.2,27.35,26.21,26.66,75868821
1557322200,26.41,27.71,26.27,27.09,65967544
1557408600,26.7,27.38,26.03,27.21,73150883
1557495000,27.03,28.1,26.93,27.96,82930144
1557754200,26.98,27.23,26.1,26.24,99017893
1557840600,26.53,27.48,26.15,27.32,82980397
1557927000,26.87,27.79,26.73,27.58,55689874
1558013400,27.37,28.37,27.2699,28.01,67330064
1558099800,27.69,28.46,27.4,27.5,65385351
1558359000,26.98,27.24,26.49,26.68,69757402
1558445400,27.18,27.37,26.93,27.35,46079177
1558531800,27.12,27.59,27.07,27.41,40035288
1558618200,26.99,27.1,26.03,26.36,67809153
1558704600,26.61,26.925,26.4,26.44,39835788
1559050200,27.27,29.67,27.06,29.03,146949629
1559136600,29,29.32,27.73,28.09,99969597
1559223000,28.4,28.56,27.6,28.03,65289093
1559309400,27.57,28.36,27.4,27.41,68667809
1559568600,28.75,29.62,27.29,27.58,147532180
1559655000,28.39,29.59,27.91,29.57,107549523
1559741400,29.93,29.99,29.03,29.5,79481540
1559827800,29.87,31.98,29.84,31.82,131267796
1559914200,31.94,32.6,31.57,32.41,86841098
1560173400,33.53,34.3,33.08,33.23,97668791
1560259800,33.43,33.49,31.82,32.41,82834914
1560346200,32,32.57,31.92,32.18,56298671
1560432600,32.39,32.5,31.06,31.39,63555986
1560519000,30.7,30.96,30.02,30.36,70373015
1560778200,30.25,30.45,29.18,29.2,70865743
1560864600,29.76,30.97,29.58,30.45,86444542
1560951000,30.665,30.79,30.06,30.5,63233939
1561037400,31.24,31.36,29.84,30.01,72418162
1561123800,29.65,30.35,28.97,29.1,81861322
1561383000,29.32,29.4,28.67,29.26,55724826
1561469400,29.26,29.72,28.8,28.86,53680887
1561555800,29.98,30.48,29.78,29.92,65064199
1561642200,30.41,30.96,30.21,30.74,55623309
1561728600,31.08,31.11,30.33,30.37,50090925
1561987800,31.79,32.04,30.87,31.2,60525532
1562074200,30.96,31.26,30.73,31.24,37721679
1562160600,31.13,31.33,30.74,31.19,23462004
1562333400,30.88,31.56,30.75,31.5,34011867
1562592600,31.8,32.15,31.26,32.04,49689399
1562679000,31.76,33.18,31.71,33.15,61419773
1562765400,33.56,34.03,33.36,33.79,60388439
1562851800,33.91,34,32.76,33.06,63081800
1562938200,32.76,33.39,32.59,33.21,51509682
1563197400,33.34,34.55,33.27,34.39,65565248
1563283800,34.3,34.86,33.8,33.85,66912699
1563370200,34.01,34.3,33.49,33.6,42557903
1563456600,33.03,33.46,32.42,33,58610857
1563543000,33.08,33.35,32.45,32.51,44617702
1563802200,32.8,33.31,32.735,32.85,37777312
1563888600,33.17,33.5,32.93,33.49,38532460
1563975000,33.64,34.36,33.45,34.11,41952256
1564061400,34.05,34.25,33.62,33.67,36705616
1564147800,34.23,34.77,33.865,34.02,43502776
1564407000,34.14,34.18,32.98,33.48,45921978
1564493400,33.21,33.94,32.94,33.87,72198880
1564579800,32.08,32.3,30.3,30.45,119190001
1564666200,30.5,31.48,29.1,29.86,80878890
1564752600,29.48,29.7301,28.94,29.44,60410852
1565011800,28.26,28.49,27.65,27.99,74333240
1565098200,28.86,29.05,28.2,28.86,60578444
1565184600,28.47,29.28,28.37,29.19,58577543
1565271000,31.53,34.27,31.48,33.92,167278810
1565357400,33.45,35.55,33.08,34.19,132483947
1565616600,34.16,34.65,32.08,32.43,106936040
1565703000,32.36,33.14,31.72,32.11,102579321
1565789400,31,31.05,29.51,30.24,127521456
1565875800,30.63,30.73,29.21,29.67,72606817
1565962200,30.305,31.48,30.21,31.18,71588978
1566221400,32,32.19,31.42,31.48,67781613
1566307800,30.94,31.305,30.45,30.72,48016381
1566394200,31.05,31.74,30.84,31.7,41635046
1566480600,31.76,31.92,30.98,31.9,47742174
1566567000,31.3,31.83,29.4,29.54,83931683
1566826200,30.34,30.72,29.94,30.28,50858859
1566912600,30.6,30.89,29.6,30.2,53351711
1566999000,29.92,31.1801,29.7,30.78,55896445
1567085400,31.47,31.83,31.33,31.45,44485479
1567171800,31.6,31.865,31.13,31.45,40347321
1567517400,30.83,31.14,30.68,30.9,38080254
1567603800,31.32,31.83,30.85,30.95,46709780
1567690200,31.79,32.05,31.12,31.5,57932080
1567776600,31.5,31.51,30.48,30.56,51672982
1568035800,30.93,31.1752,30.24,30.5,54413163
1568122200,30.22,30.38,29.77,30.23,48604766
1568208600,30.38,30.43,29.51,29.76,50631683
1568295000,30.08,30.84,29.95,30.21,53618344
1568381400,30.27,30.85,29.95,30.69,47758753
1568640600,30.37,31.15,30.26,30.83,52248540
1568727000,31.07,31.32,30.74,30.99,35125750
1568813400,30.75,30.893,29.88,30.42,47277309
1568899800,30.57,30.96,30.14,30.29,41930831
1568986200,30.36,30.47,29.65,30.05,83555555
1569245400,30.12,30.8,30.07,30.64,45185837
1569331800,30.54,30.75,29.29,29.52,73220942
1569418200,29.48,29.65,28.5501,29.54,58691579
1569504600,29.67,29.77,29,29.47,41182228
1569591000,29.17,29.77,28.35,28.72,54144672
1569850200,28.89,29.05,28.36,28.99,40332052
1569936600,29.05,29.54,28.64,28.76,37366072
1570023000,28.5,28.85,28.03,28.31,44048752
1570109400,28.28,28.778,27.43,28.68,56905408
1570195800,28.83,29.06,28.57,29.01,34609211
1570455000,28.9,29.63,28.8431,28.93,39745268
1570541400,28.55,28.64,27.92,28.23,44432078
1570627800,28.8,28.95,28.35,28.46,36321583
1570714200,28.52,28.89,28,28.38,41171995
1570800600,28.83,30.2,28.81,29.75,66632445
1571059800,29.71,30.61,29.38,30.53,44818233
1571146200,30.7,30.92,30.17,30.72,42142385
1571232600,30.6,31.41,30.53,30.81,43064255
1571319000,31.3,31.4,30.86,31.14,37010205
1571405400,31.06,31.33,30.29,30.97,39711244
1571664600,31.5,32.26,31.41,32.03,52648067
1571751000,32.06,32.15,31.5,31.51,36860307
1571837400,31.09,31.65,30.83,31.36,26858110
1571923800,31.58,31.86,31.34,31.72,28448977
1572010200,31.9,32.86,31.83,32.71,45368837
1572269400,33.16,33.9103,33.15,33.69,51223609
1572355800,33.73,33.9,32.7,33.03,78700076
1572442200,32.93,33.34,32.035,33.13,78228769
1572528600,32.98,34.34,32.82,33.93,67881623
1572615000,34.37,35,34.1,34.89,64238609
1572877800,35.19,36.45,34.76,36.29,83343783
1572964200,36.56,37.18,35.98,36.15,84848638
1573050600,36.06,36.48,35.52,35.93,51675119
1573137000,36.52,36.99,36.03,36.28,54350178
1573223400,36.06,36.58,36,36.29,39396230
1573482600,35.96,36.6648,35.58,36.31,43572264
1573569000,36.43,37.13,36.4,36.71,58664523
1573655400,36.65,37.96,36.5779,37.52,69178093
1573741800,37.51,38.5,37.36,38.35,65936947
1573828200,38.94,39.37,38.34,38.56,63020866
1574087400,38.65,39.985,38.6,39.88,66332767
1574173800,40.14,41.79,39.685,41.29,94600235
1574260200,40.96,41.75,40.07,40.98,79968318
1574346600,40.42,40.7095,38.64,39.52,88069355
1574433000,39.36,39.89,38.19,39.15,56931883
1574692200,39.5,40.17,39.495,39.79,45879404
1574778600,39.3,39.48,38.81,38.99,43764146
1574865000,39.46,39.76,39.07,39.41,33733792
1575037800,39.1,39.515,39.02,39.15,17609932
1575297000,39.32,39.41,38.44,38.73,37942678
1575383400,37.34,38.93,37.15,38.9,52991201
1575469800,39.38,39.82,39.13,39.69,44372195
1575556200,39.95,40.22,39.55,39.62,35710943
1575642600,40.1,40.19,39.56,39.63,31150377
1575901800,39.46,39.84,38.91,38.93,28035391
1575988200,39.2,39.73,38.82,39.44,33863025
1576074600,39.44,39.61,39.04,39.47,31794689
1576161000,39.4,42.62,39.25,42.59,87398169
1576247400,42.35,42.95,41.06,41.15,79985411
1576506600,41.73,42.98,41.73,42.35,58890776
1576593000,42.51,43.105,42.15,42.77,44935574
1576679400,42.79,43.06,42.24,42.3,39182983
1576765800,42.63,43.34,42.6,42.83,45950709
1576852200,43.44,44.26,43.26,44.15,68216726
1577111400,44.58,45.625,44.39,45.46,56065288
1577197800,46.1,46.61,45.77,46.54,44432192
1577370600,46.99,47.31,45.66,46.63,57712693
1577457000,46.85,46.88,45.975,46.18,36624234
1577716200,46.14,46.17,44.66,45.52,41235735
1577802600,45.07,46.09,44.9223,45.86,31791204
1577975400,46.86,49.25,46.63,49.1,80764599
1578061800,48.03,49.39,47.54,48.6,73362157
1578321000,48.02,48.86,47.86,48.39,48176286
1578407400,49.35,49.39,48.04,48.25,59935556
1578493800,47.85,48.3,47.14,47.83,53868957
1578580200,48.94,49.96,48.39,48.97,76649637
1578666600,49.26,49.29,48,48.165,44215594
1578925800,48.66,48.86,48.24,48.745,34474728
1579012200,48.64,49.035,47.91,48.21,38694180
1579098600,48.23,49.08,48.12,48.545,40199943
1579185000,49.17,50.31,48.99,49.77,58898926
1579271400,50.2,51.05,49.9,50.93,57722501
1579617000,50.96,51.81,50.7,51.05,49094965
1579703400,51.63,51.875,51.195,51.43,40772219
1579789800,51.34,51.745,50.74,51.71,40135442
1579876200,52.2803,52.81,49.47,50.35,80004909
1580135400,48.45,49.79,47.9,49.26,48878578
1580221800,50.03,50.85,49.48,50.53,62343844
1580308200,47.84,48.07,46.1,47.51,112559197
1580394600,46.49,48.81,46.13,48.78,70460163
1580481000,48.4,48.58,46.79,47,60322431
1580740200,46.4,48.1,46.23,48.02,47076956
1580826600,49.21,49.75,48.61,49.45,46302078
1580913000,50.29,50.42,49.31,49.84,42737104
1580999400,48.8,49.39,47.63,49.32,48670617
1581085800,48.91,50.665,48.635,49.73,53107582
1581345000,49.47,52.3,49.35,52.26,60971719
1581431400,53.22,54.48,52.91,53.8,74719054
1581517800,54.53,54.85,53.53,53.89,45994933
1581604200,53.43,55.03,53.34,54.53,51640035
1581690600,55.19,55.4,54.56,55.31,52365370
1582036200,54.94,58.13,54.84,56.89,70346387
1582122600,57.99,59.27,57.51,58.9,58597294
1582209000,58.44,59.02,56.15,57.27,74203373
1582295400,56.71,56.8,52.89,53.28,88553374
1582554600,48.175,50.275,47.49,49.12,86624116
1582641000,51.14,51.24,47.12,47.57,88699382
1582727400,47.7,49.29,47.07,47.49,86897680
1582813800,45.38,46.24,42.21,44.01,106416222
1582900200,41.355,46.15,41.04,45.48,100667707
1583159400,47.42,47.68,44.66,47.46,102324726
1583245800,49.03,50.2,45.67,46.75,141972288
1583332200,48.25,50.14,47.2101,50.11,93311779
1583418600,48.68,49.72,47.51,48.11,98302748
1583505000,49.44,49.54,46.74,48.59,124590861
1583760600,43.03,46.34,42.51,43.27,80859774
1583847000,45.41,45.44,43.1,45.38,76228247
1583933400,44.19,45.97,43.8,45.7,102319010
1584019800,42,42.5,39,39.01,107461521
1584106200,42.2,43.91,39.6,43.9,86689681
1584365400,39.08,43.37,38.51,38.71,84545868
1584451800,40.19,42.88,38.3,41.88,92741881
1584538200,39.54,41.95,36.75,39.12,106949287
1584624600,39.56,41.7,37.69,39.82,88939024
1584711000,41.51,42.4825,39.58,39.61,106859502
1584970200,40.62,42.32,38.95,41.64,101704663
1585056600,44.04,46.81,43.99,46.22,106794151
1585143000,46.79,47.875,44.425,44.63,93760389
1585229400,45.78,47.5,45.4,47.5,73915608
1585315800,46.32,47.975,45.9,46.58,74599218
1585575000,47.24,48.46,46.66,47.86,68486602
1585661400,47.925,48.53,45.16,45.48,83483749
1585747800,44.18,46.85,43.16,43.66,92083081
1585834200,43.4,45.28,43.1,44.49,79024133
1585920600,44.3,44.8393,41.7,42.59,79334966
1586179800,44.3,47.58,44.06,47.52,82293964
1586266200,48.96,49.65,46.675,47.56,102098689
1586352600,48.07,49,47.61,48.79,64930779
1586439000,49.65,50.25,47.72,48.38,80357393
1586784600,48.47,51.07,48.23,50.94,64290112
1586871000,52.235,55.14,52.11,54.93,85306750
1586957400,53.73,55.5699,53.41,54.99,83814033
1587043800,55.96,58.08,55.63,56.95,103106456
1587130200,57.35,57.755,55.55,56.6,76908783
1587389400,55.98,58.63,55.85,56.97,72367258
1587475800,56.9,57.73,51.41,52.92,123906390
1587562200,54.91,56.15,54.34,55.92,63164076
1587648600,56.65,57.285,55.64,55.9,69662688
1587735000,55.1,56.78,54.42,56.18,72854752
1587994200,57.44,58,56.25,56.49,62568062
1588080600,57.16,57.35,55.3,55.51,80501820
1588167000,54.53,54.86,52.74,53.66,110800859
1588253400,53.43,54.29,52.03,52.39,65543944
1588339800,51.07,51.95,49.09,49.88,69562656
1588599000,49.815,52.61,49.73,52.56,62590577
1588685400,53.43,53.51,51.29,52.19,56560532
1588771800,52.42,53.31,51.88,52.16,48138123
1588858200,52.93,52.9666,51.62,51.95,48956641
1588944600,52.15,53.27,51.81,53.19,40774186
1589203800,52.9,55.89,52.75,55.74,68746373
1589290200,56.2065,56.58,53.75,53.76,55631098
1589376600,54.04,55.22,51.295,52.18,76824714
1589463000,52.1,54.54,51.61,54.51,73813999
1589549400,53.32,54.435,52.86,54.2,66950863
1589808600,54.98,55.25,54.24,54.59,48679061
1589895000,54.39,56.73,54.36,55.47,60388543
1589981400,56.55,56.98,55.625,56.39,50888191
1590067800,56.68,56.72,54.61,54.65,48496114
1590154200,54.77,55.3748,53.78,55.17,43524110
1590499800,56.01,56.08,53.02,53.19,51618865
1590586200,53.27,53.28,49.09,52.74,102414487
1590672600,52.25,53.54,51.25,51.74,53754227
1590759000,52.07,53.8,51.85,53.8,64948312
1591018200,53.31,54.11,52.89,53.63,36949860
1591104600,53.45,53.57,52.01,53.54,42855210
1591191000,53.5965,53.65,52.33,52.73,46765332
1591277400,52.59,53.74,52.2,52.63,44869090
1591363800,52.99,53.57,52.08,53.1,53908273
1591623000,53.3,53.35,52.26,52.97,39681749
1591709400,52.9497,56.46,52.72,56.39,79919140
1591795800,57.2,59,57.03,57.44,78719416
1591882200,55.94,56.68,52.8,52.83,78715402
1591968600,55.01,55.6,52.11,53.5,71189070
1592227800,52.58,54.73,52.4128,54.68,56740683
1592314200,55.72,56.07,53.59,54.46,50949745
1592400600,54.79,55.82,54.3,54.55,45146545
1592487000,54.62,55.1225,53.65,54.04,40354724
1592573400,54.41,55.455,53.815,54.23,52801461
1592832600,54.67,55.17,53.74,54.76,44704781
1592919000,55.05,55.37,53.87,53.99,48089011
1593005400,53.94,54.74,51.92,52.39,53535548
1593091800,52.56,52.7,50.54,51.93,51129614
1593178200,51.85,51.95,49.45,50.1,65485729
1593437400,50.15,50.28,48.42,50.28,49905813
1593523800,51.16,52.77,50.82,52.61,42275739
1593610200,52.63,52.87,51.6,52.58,32370945
1593696600,53.0335,53.19,52.0508,52.34,29081425
1594042200,52.9,53.52,52.33,53.4,36769425
1594128600,53.28,54.17,52.86,52.93,32153094
1594215000,53.01,53.47,52.07,53.43,35608338
1594301400,53.52,57.58,53.31,57.255,87216264
1594387800,57.54,58.15,55.51,55.88,59839688
1594647000,56.68,58.35,53.38,53.59,57741821
1594733400,53.3,54.86,52.26,54.72,54890110
1594819800,54.96,55.37,53.59,55.34,42360279
1594906200,54.68,55.15,53.74,54.92,36887082
1594992600,55.31,55.81,54.68,55.04,34710407
1595251800,55.23,57.53,54.83,57.46,45034250
1595338200,57.805,58.5,56.3173,57,44800687
1595424600,57.07,62,56.97,61.79,135159420
1595511000,61.63,62.33,58.6342,59.57,106829109
1595597400,64.18,69.94,64.05,69.4,205314531
1595856600,69.28,71.63,67.79,68.97,107918075
1595943000,68.1,69.8,67.02,67.61,94181374
1596029400,75.5,77.19,73.9,76.09,132969679
1596115800,75.37,78.96,75.07,78.2,80286888
1596202200,78.67,78.96,75.36,77.43,71699667
1596461400,78.19,78.5,77.06,77.67,42628817
1596547800,78.03,85.805,77.99,85.04,155676106
1596634200,84.96,86.32,83.32,85.31,65737306
1596720600,85.49,86.98,84.7801,86.71,53961739
1596807000,86.67,87.29,82.6702,84.85,66543157
1597066200,85.05,85.16,79.3221,82.24,70536143
1597152600,80.71,80.71,76.1,76.88,77877661
1597239000,78.43,82.88,77.55,82.61,88607829
1597325400,82.88,84.02,81.54,81.84,57407355
1597411800,81.81,83.24,80.88,81.3,42389477
1597671000,82.09,83.06,81.552,82.42,31450155
1597757400,82.8,82.88,81.03,81.66,30970483
1597843800,81.7757,81.85,80.45,81.09,37507391
1597930200,79.74,82.84,79.12,82.77,42948860
1598016600,83.29,84.41,82.23,83.81,48280318
1598275800,84.55,85.33,82.55,83.08,38036068
1598362200,83.36,86.62,82.35,86.35,49234399
1598448600,86.9694,87.72,85.2,86.02,47157273
1598535000,86.35,86.58,82.94,83.8,42194222
1598621400,84.3,86.04,84.19,85.55,40723268
1598880600,85.05,92.64,85.05,90.82,90655945
1598967000,91.92,92.51,90.1899,92.18,56117100
1599053400,94.01,94.28,88.74,90.22,50366918
1599139800,87.84,88.47,81.59,82.54,87462687
1599226200,81.45,84.39,76.33,82.01,82267760
1599571800,78.05,81.88,78,78.69,54955672
1599658200,81.4,82.44,79.28,81.91,54163878
1599744600,83.07,83.31,78.38,78.98,51499396
1599831000,79.82,79.99,75.04,76.34,54762990
1600090200,76.8,78.82,76.26,77.9,47448681
1600176600,77.66,80.33,75.97,78.93,57874428
1600263000,79.35,79.72,76.54,76.66,38445668
1600349400,74.88,76.625,74.2,76.55,55619100
1600435800,77,77.4,73.85,74.93,51082857
1600695000,74.23,77.98,73.88,77.94,61311970
1600781400,78.365,78.79,75.27,77.7,56044742
1600867800,77.39,77.91,74.34,74.73,42327514
1600954200,74.54,77.25,73.9,75.82,57540926
1601040600,76.35,78.2,74.67,78.055,48206242
1601299800,79.1165,79.57,77.52,79.48,48005488
1601386200,79.3,82.55,79.3,81.77,61633672
1601472600,81.75,82.94,80.66,81.99,51533664
1601559000,83.06,85.25,82.86,84.86,52177123
1601645400,82.58,84.65,81.66,81.8,52855053
1601904600,82.55,86.2819,82.55,86.15,47056522
1601991000,86.21,87.25,83.54,84.48,52725432
1602077400,86.1,87.79,85.65,86.69,43045723
1602163800,88.11,88.72,85.95,86.51,54240704
1602250200,84.74,85.75,82.3465,83.1,80354389
1602509400,83.65,85.13,83.12,84.29,47669699
1602595800,84.86,86.09,83.9733,85.28,42764096
1602682200,85.86,85.96,83.46,84.21,40446735
1602768600,83.4,84.7201,82.42,83.13,33696414
1602855000,83.54,83.99,82.41,83.17,31474294
1603114200,83.62,84.65,81.53,82,36689114
1603200600,82.16,82.69,80.58,81.56,38219415
1603287000,81.72,81.9299,79.19,79.2,36426409
1603373400,79.65,80.82,78.42,79.42,38006798
1603459800,80.93,81.99,79.33,81.96,46557675
1603719000,82.55,84.97,80.86,82.23,69423675
1603805400,82,82.37,77.57,78.88,156669494
1603891800,78.73,78.96,75.76,76.4,76529910
1603978200,76.75,79.18,76.29,78.02,52784087
1604064600,77.09,77.7,74.23,75.29,51426174
1604327400,75.85,76.3398,73.7573,74.7,45760659
1604413800,74.93,77.08,74.6,76.58,41231803
1604500200,80.25,81.85,78.975,81.35,66579711
1604586600,83.27,83.5,81.85,83,46542267
1604673000,83.52,86.09,82.67,85.88,53829936
1604932200,84.24,87.05,82.77,83.12,58580684
1605018600,81.93,82.13,77.63,77.99,67137196
1605105000,79.39,81.47,78.97,81.28,44611250
1605191400,81.32,83,80.3,81.84,37303106
1605277800,82.73,83.11,80.7,81.43,30448461
1605537000,81.21,83.78,80.48,83.73,38640842
1605623400,83.9298,84.81,82.91,83.36,29473512
1605709800,83.0135,83.955,82.22,82.54,29967958
1605796200,82.39,85.64,81.72,85.54,50116759
1605882600,85.28,86.1,84.47,84.64,35008427
1606141800,85.52,87.54,84.615,85.31,46504964
1606228200,85.7235,86.11,83.32,85.07,36839174
1606314600,85.76,87.84,85.52,86.71,41349727
1606487400,87.99,88,86.3598,87.19,22717638
1606746600,87.33,92.74,86.53,92.66,84482979
1606833000,92.25,93.9,90.78,92.63,58670527
1606919400,92.89,96.37,92.5253,93.74,57988822
1607005800,94.06,94.7,92.01,92.31,35859716
1607092200,92.58,94.58,90.63,94.04,45570273
1607351400,94.95,95,92.97,94.07,39815654
1607437800,94.05,94.74,91.9,92.92,33907510
1607524200,92.76,94.7,89.16,89.83,52170379
1607610600,89.55,92.09,89.0297,91.66,33804412
1607697000,91.54,92.33,90.16,91.65,28368145
1607956200,92.205,95.41,91.85,94.78,48026426
1608042600,95.93,97.98,95.45,97.12,57305100
1608129000,97.04,97.27,95.46,96.85,34909037
1608215400,97.55,97.92,96.25,96.84,32023734
1608301800,97.27,97.68,93.56,95.92,51823103
1608561000,94.25,95.28,91.08,93.23,47093891
1608647400,93.36,93.55,90.53,93.16,35717836
1608733800,93.08,93.13,91.46,91.55,25993348
1608820200,91.8,92.51,91.31,91.81,16705909
1609165800,92.93,93.14,90.82,91.6,30627297
1609252200,91.66,92.46,89.4301,90.62,31748211
1609338600,90.78,92.85,90.19,92.29,25844973
1609425000,92.1,92.3,90.87,91.71,24930684
1609770600,92.11,96.06,90.915,92.3,51802552
1609857000,92.1,93.2077,91.41,92.77,34207989
1609943400,91.62,92.28,89.46,90.33,51911657
1610029800,91.33,95.51,91.2,95.16,42897157
1610116200,95.98,96.4,93.27,94.58,39816400
1610375400,94.025,99.23,93.76,97.25,48669103
1610461800,97.86,98.97,94.07,95.355,67672311
1610548200,93.01,93.89,90.84,91.78,60712896
1610634600,91.77,92.36,90.45,90.79,53408241
1610721000,90.75,91.59,87.86,88.21,49340338
1611066600,89.56,89.58,87.24,89.45,45115055
1611153000,90.55,90.78,88.6,88.75,35185810
1611239400,89.34,92.07,88.43,91.53,54596079
1611325800,94.42,95.95,91.88,92.79,71294707
1611585000,94.14,95.74,91.4,94.13,55086943
1611671400,94.91,95.7171,93.63,94.71,59449053
1611757800,91.1,91.88,86.22,88.84,73341193
1611844200,89.83,89.88,87.3,87.52,47048362
1611930600,87.56,88.33,85.02,85.64,56735828
1612189800,86.83,87.95,84.66,87.66,42359344
1612276200,88.49,89.28,86.95,88.86,33850049
1612362600,88.6,89.48,87.34,87.89,32312885
1612449000,88.22,88.6,87.06,87.84,30791641
1612535400,88.15,88.36,86.875,87.9,30268677
1612794600,88.31,91.99,87.98,91.47,47639887
1612881000,91.39,93.3,90.55,90.91,37596446
1612967400,91.5,93.27,90.46,92.35,42441300
1613053800,92.9,93.65,91.33,92.66,35571025
1613140200,92.75,94.22,91.9,93.77,38538353
1613485800,93.9,94,90.7499,91.46,35105917
1613572200,90.56,90.96,88.5701,89.94,32284075
1613658600,89.09,89.6,87.31,88.64,35624948
1613745000,89.75,90.4163,88.69,89.58,29548273
1614004200,88.15,88.3,85.21,85.37,36930182
1614090600,83.4,85.11,79.36,84.74,49720914
1614177000,84.33,87.09,82.81,86.94,40821150
1614263400,86.17,87.09,81.92,82.42,54625140
1614349800,83.565,85.59,82.91,84.51,48962907
1614609000,85.365,86.5,83.97,86.39,32746181
1614695400,86.92,86.95,84.04,84.13,34828157
1614781800,84.28,84.38,80.85,80.86,43541041
1614868200,80.23,81.8067,76.78,77.75,60549371
1614954600,79,79.48,74.2,78.52,58548912
1615213800,78.03,79,73.86,73.96,54563874
1615300200,76.73,79.215,75.77,78.53,45088336
1615386600,79.75,80.04,77.41,77.52,45416616
1615473000,79.4,81.89,79.37,81.23,43583719
1615559400,79.73,81.19,79.23,81.05,32937950
1615815000,81.91,83.39,81.2,82.5,39365424
1615901400,83.66,84.75,82.255,82.75,42971552
1615987800,81.75,83.25,80.411,82.63,43320573
1616074200,81.055,81.62,78.01,78.12,51036502
1616160600,78.49,79.34,77.59,79.06,42283391
1616419800,79.99,81.265,79.22,80.3,39648614
1616506200,80.13,80.34,77.95,78.38,40466635
1616592600,77.55,78.8,76.4,76.48,43753642
1616679000,75.85,76.95,74.96,76.22,44735103
1616765400,76.62,77.4995,75.03,77.41,49148659
1617024600,77.03,78.02,76.26,77.14,37144298
1617111000,76.47,76.56,74.85,76,39169250
1617197400,76.57,79.13,76.52,78.5,43659455
1617283800,80.155,81.31,79.48,81.09,40182380
1617629400,81.74,81.9,80.39,81.43,32610554
1617715800,81.21,82.455,80.88,81.44,29327948
1617802200,81.32,83.1,80.35,82.2,35590925
1617888600,83.32,83.79,82.435,83.35,41925284
1617975000,82.8,83.59,82.16,82.76,32759867
1618234200,82.055,82.18,78.03,78.58,62098804
1618320600,79.67,80.72,78.98,80.19,37767257
1618407000,79.88,80.13,77.935,78.55,34263832
1618493400,80.32,83.95,79.97,83.01,68942819
1618579800,83.3,83.59,81.53,82.15,47280570
1618839000,82.13,83.18,80.39,81.11,39115461
1618925400,80.82,81.11,78.51,79.27,34977750
1619011800,78.99,81.66,78.86,81.61,35068955
1619098200,81.61,81.79,78.59,79.06,38846050
1619184600,80.21,83.3,79.96,82.76,49267281
1619443800,83.35,85.9,82.7,85.41,57594535
1619530200,85.67,87.15,85.13,85.21,61909865
1619616600,88.85,89.2,83.92,84.02,108920306
1619703000,84.7,85.27,82.63,83.91,51294528
1619789400,82.97,84.1,81.415,81.62,46601858
1620048600,81.97,82,78.46,78.55,66323268
1620135000,77.95,78.67,77.04,78.61,59194328
1620221400,79.05,79.3,77.36,77.83,42310154
1620307800,77.63,78.0599,76.47,77.89,38661325
1620394200,78.75,79.5718,78.22,78.81,36954179
1620653400,78.2,78.3,75.92,75.99,45134490
1620739800,73.57,76.93,72.75,76.83,51008239
1620826200,75.09,76.13,74.16,74.64,42531423
1620912600,75.21,75.7,72.5,73.09,48646754
1620999000,74.02,75.0274,72.72,74.59,38355787
1621258200,74.215,75.52,73.41,74.65,40779244
1621344600,74.74,75.7699,74.24,74.44,31982482
1621431000,73.16,76.97,72.76,76.23,73966162
1621517400,76.81,78.27,76.25,78.06,49135012
1621603800,78.55,78.81,77.04,77.17,40201088
1621863000,77.26,78.01,76.8,77.44,33194287
1621949400,77.33,78.77,76.8365,77.86,47353101
1622035800,77.83,78.59,77.59,78.34,30353997
1622122200,78.11,78.43,77.47,78.42,35883219
1622208600,78.66,81.09,78.66,80.08,40952663
1622554200,81.01,82.91,80.66,80.81,43433042
1622640600,81,82.6,80.66,81.97,35203224
1622727000,81.13,81.89,80.26,80.28,29811969
1622813400,80.92,82.19,80.81,81.58,26387799
1623072600,81.4,81.68,80.38,81.35,29006782
1623159000,81.87,82.645,80.45,80.89,26956625
1623245400,81.09,81.677,79.8,79.96,28454646
1623331800,80.02,81.71,79.7,81.56,28606356
1623418200,81.61,82.33,80.7,81.31,24310894
1623677400,81.51,81.55,80.2,81.55,27830243
1623763800,81.59,81.68,80.225,80.47,26194342
1623850200,80.75,81.45,78.96,80.11,29598309
1623936600,80.77,85.37,80.57,84.56,77822823
1624023000,84.28,85.77,83.48,84.65,58736805
1624282200,83.49,84.19,82.21,82.59,44417112
1624368600,82.9,84.04,82.48,83.58,32107700
1624455000,83.83,84.485,83.1603,83.82,25992435
1624541400,84.39,87.1399,84.365,86.1,42217665
1624627800,86.34,86.36,85.1,85.62,27804535
1624887000,86.38,88,86.15,87.08,30262042
1624973400,87.41,90.3,86.66,89.52,46181000
1625059800,90.82,94.335,90.6,93.93,70721525
1625146200,94.04,94.175,91.7,93.31,58059019
1625232600,93.28,95.27,92.205,94.7,51342975
1625578200,94.875,95.41,93.32,94.47,44930119
1625664600,95.02,95.44,90.31,90.54,51498481
1625751000,87.86,90.3399,87.45,89.74,45673454
1625837400,90.04,91.26,88.53,90.9,35278416
1626096600,91.22,91.9,89.65,90.81,28526559
1626183000,90.48,91.41,89.8299,90.26,30367595
1626269400,90.76,91.395,88.94,89.05,28108505
1626355800,89.78,89.78,86.1801,86.93,38944741
1626442200,87.32,88.03,85.68,85.89,35860740
1626701400,84.99,87.2294,84.24,86.58,39244796
1626787800,87.09,87.77,85.165,87.11,28088956
1626874200,87.25,89.49,86.9,89.41,29469864
1626960600,89.4,91.36,89.08,91.21,33730078
1627047000,91.3484,92.37,90.19,92.15,31708899
1627306200,92.01,92.75,91.12,91.82,27668459
1627392600,92.94,94.1,89.1,91.03,69427021
1627479000,93.44,98.71,89.65,97.93,140561028
1627565400,96.58,105.74,96.58,102.95,164091761
1627651800,101.6,106.97,101.38,106.19,125632018
1627911000,105.93,110.33,103.83,108.63,115581854
1627997400,108.15,114.85,107.66,112.56,157723142
1628083800,114.36,122.49,114.16,118.77,225368699
1628170200,116.63,117.68,111.59,112.35,137860865
1628256600,110.55,116.2599,109.7,110.11,143899026
1628515800,111.31,112.33,107.06,107.58,115749943
1628602200,107.895,109.17,104.36,106.48,113012297
1628688600,107.6,109.79,105.62,107.68,91788289
1628775000,107.39,108.44,105.86,106.5,60625725
1628861400,107.17,111.71,106.57,110.55,100135745
1629120600,110.2,111.58,105.865,107.48,73398938
1629207000,106.6435,108.7,105.35,107.56,74053905
1629293400,107.35,108.07,103.27,103.44,79387943
1629379800,103.315,106.18,101.975,103.7,71117494
1629466200,104.32,105.98,103.99,104.65,55227562
1629725400,105.295,109.02,104.86,108.77,68835281
1629811800,109.45,109.61,107.28,107.65,51239297
1629898200,108.13,109.91,107.45,108.3,45485504
1629984600,108.57,109.2299,106.84,107.27,51442548
1630071000,108.01,111.78,107.8,111.4,61030014
1630330200,112.61,114.4899,111.26,111.32,56130467
1630416600,111.26,111.26,109.0343,110.72,49338955
1630503000,111.3,111.85,109.85,109.99,38579559
1630589400,110.32,110.88,108.77,109.2,40108763
1630675800,108.85,111.17,108.5,109.92,42623780
1631021400,109.955,110.58,108.66,109.15,28815232
1631107800,108.88,109.3,105.52,106.17,43067911
1631194200,106.56,107.2953,105.84,106.15,31857873
1631280600,106.99,106.9913,104.98,105.2,32602293
1631539800,105.26,105.28,102.63,104.8,37767787
1631626200,105.52,106.82,104.42,105.73,40629527
1631712600,106,106.32,104.03,105.6,37998941
1631799000,104.915,106.75,103.76,106.22,38150269
1631885400,105.555,105.98,103.71,103.88,44528337
1632144600,101.58,102.51,99.51,101.55,45228411
1632231000,102.15,103.4299,101.18,102.82,35481501
1632317400,102.815,104.56,102.21,104.38,34126280
1632403800,104.89,106.86,103.89,106.15,32816657
1632490200,105.185,106.0499,104.68,105.8,26482610
1632749400,105.065,108.44,103.44,108.16,51944349
1632835800,106.835,107.65,101.42,101.52,74468968
1632922200,102.295,102.66,99.81,100.35,52224721
1633008600,102.08,104.44,101.99,102.9,57636700
1633095000,102.6,103,100.64,102.45,41491585
1633354200,101.742,101.85,99.82,100.34,41967149
1633440600,100.92,102.8699,100.6101,101.81,31455249
1633527000,100.445,103.72,100.35,103.64,39071703
1633613400,104.6,107.95,104.46,106.45,41543109
1633699800,106.55,107.28,104.89,105.06,30623047
1633959000,104.62,107.2,104.022,104.68,31284389
1634045400,105.165,106.04,104.34,105.04,34039906
1634131800,106.275,109.88,106.25,109.16,55631917
1634218200,110.5,112.22,109.6301,111.99,46900157
1634304600,112.505,112.835,111.11,112.12,34203008
1634563800,111.9,116.88,111.37,116.43,47537763
1634650200,116.16,117.17,114.47,116.33,39593938
1634736600,116.29,118.3001,115.421,116.39,34244811
1634823000,116.5,119.68,116.26,119.33,34794945
1634909400,120.825,121.56,118.37,119.82,38992694
1635168600,120.515,123.4599,118.6,122.36,47834118
1635255000,122.99,127.2,122.5782,122.93,59458928
1635341400,121.63,128.08,121.05,122.28,98245324
1635427800,122.855,123.5,120.26,121.16,58002459
1635514200,120.95,122.57,119.88,120.23,43320125
1635773400,119.45,125.67,118.1301,125.23,54559780
1635859800,124.98,128.455,124.2,127.63,53491937
1635946200,127.75,130.6,126.7901,130.53,59537815
1636032600,132.01,139,130.77,137.5,84825156
1636119000,139.185,141.22,134.42,136.34,64920597
1636381800,137.7,153.6,137.7,150.16,141493842
1636468200,154.01,155.65,143.89,148.92,98442597
1636554600,143.93,146.3,138.52,139.87,82989151
1636641000,142.955,146.47,140.84,146.01,67934845
1636727400,146.025,148.59,144.25,147.89,52162136
1636986600,148,148.98,142.86,146.49,52271271
1637073000,145.93,153.08,145.34,152.45,53100810
1637159400,151.98,154.6599,149.69,151.34,54527482
1637245800,157.07,158.89,152.56,155.02,60612733
1637332200,155.76,156.92,153.445,155.41,41668862
1637591400,157.14,161.8799,152.39,152.52,58674078
1637677800,150.41,152.66,145.2996,149.92,62852705
1637764200,149.46,157.93,147.19,157.8,60677062
1637937000,155.8,158.1,152.81,154.81,36245068
1638196200,157.5,162.505,156.1,161.91,57438867
1638282600,163.28,164.4599,155.6801,158.37,75182545
1638369000,160.37,160.88,148.92,149.11,64185119
1638455400,147.675,152.53,146.47,150.68,56161216
1638541800,151.645,152.38,140.72,144.01,65910028
1638801000,141.135,141.31,134.2,139.06,66776493
1638887400,143.9,145.76,141.0001,144.85,53359432
1638973800,144.96,147.04,142.7,145.24,40977478
1639060200,145.16,146.69,137.8,138.1,53019926
1639146600,141.29,141.365,135.82,138.55,42224275
1639405800,138.25,139.4,133.415,133.8,42173963
1639492200,131.67,137.24,130.6,135.6,50754642
1639578600,135.11,146.69,133.81,146.5,72425783
1639665000,147,147.93,137.02,138.64,63369550
1639751400,136.3,142.04,136.11,137.75,55692280
1640010600,135.97,138.26,133.52,135.8,38195396
1640097000,138.185,144.5,135.15,144.25,57785243
1640183400,142.65,144.5,140.27,143.88,46923682
1640269800,143.89,149.018,143.85,146.14,48653789
1640615400,147.51,154.89,147.25,154.36,53296375
1640701800,155.88,156.73,151.38,153.15,58699069
1640788200,152.82,154.3399,147.29,148.26,51300205
1640874600,147.44,148.85,144.85,145.15,44357997
1640961000,146.16,148.61,143.55,143.9,49448144
1641220200,145.135,151.65,145.02,150.24,59477667
1641306600,151.01,152.42,140.7,144.42,80200455
1641393000,142.815,143.76,135.29,136.15,65403174
1641479400,136.19,138,131.77,136.23,64802937
1641565800,136.28,137.44,131.13,132,58441104
1641825000,129.08,132.42,125.03,132,84671336
1641911400,133.45,138.99,131.59,137.31,77153906
1641997800,138.585,140.57,135.77,137.47,69669598
1642084200,139.44,141.25,131.81,132.74,76618059
1642170600,131.68,137,131.43,136.88,71078438
1642516200,134.5,136.3893,131.59,131.93,56589456
1642602600,133.55,134.57,128.02,128.27,69831849
1642689000,126.04,128.51,121.41,121.89,91157293
1642775400,120.14,125.02,118.39,118.81,95685268
1643034600,115.4,116.77,107.5,116.53,116301816
1643121000,114.1,114.82,109.86,111.13,85102907
1643207400,114.55,117.16,108.63,110.71,94752613
1643293800,111.96,112.75,101.94,102.6,125954124
1643380200,101.55,105.4,99.35,105.24,98749521
1643639400,107.93,114.31,106.9,114.25,97205994
1643725800,116.75,117.26,112.73,116.78,122467874
1643812200,129.89,130.06,120.64,122.76,180064993
1643898600,120.32,125.37,118.816,120.08,103599467
1643985000,120.34,124.96,118.58,123.6,86212008
1644244200,123.56,127.63,122.785,123.67,81672504
1644330600,122.38,128.705,122.05,128.23,84902753
1644417000,129.6,132.96,127.65,132.85,92948862
1644503400,128.84,131.7589,124.61,125.77,108939859
1644589800,126.14,127.1699,111.81,113.18,164723241
1644849000,115.51,118.37,113.46,114.27,135146410
1644935400,117.19,121.88,114.36,121.47,144139671
1645021800,119.05,119.54,114.22,117.69,119109631
1645108200,116.26,116.98,112.26,112.37,98179641
1645194600,113.9,115.635,109.89,113.83,114321231
1645540200,115.27,119.2,113.61,115.65,141648454
1645626600,117.4,118.65,109.04,109.76,120299433
1645713000,104.56,116.96,104.26,116.61,142956572
1645799400,117.16,121.23,116.0421,121.06,127820983
1646058600,120.31,124.61,119.2,123.34,124666142
1646145000,122.33,122.43,112.8,113.83,126552244
1646231400,115.47,119.48,113.31,118.28,118354509
1646317800,118.13,118.26,111.05,111.98,123916721
1646404200,112,113,106.81,108.41,100671339
1646663400,108.53,109.53,102.82,102.95,92599972
1646749800,102.81,109.9,100.08,105.53,135348316
1646836200,108.41,111.71,106.85,111.05,102310329
1646922600,108.89,109.07,103.07,106.46,102557375
1647009000,108.13,108.19,104.08,104.29,87584432
1647264600,102.99,105.2397,101.04,102.25,89731676
1647351000,102.66,109.69,101.79,109.33,112425543
1647437400,111.6,115.42,109.89,115.37,113689804
1647523800,112.14,114.27,109.71,111.69,103201695
1647610200,111.28,114.93,110.55,113.46,105834793
1647869400,113.73,117.57,112.54,115.92,101905850
1647955800,115.43,117.95,113.81,114.78,101672560
1648042200,114.29,117.55,112.21,113.92,90579150
1648128600,114.96,120.55,113.71,120.53,121961329
1648215000,119.915,121.4,117.2533,119.67,95852381
1648474200,117.7,120.41,116.71,120.24,92966149
1648560600,122.28,123.71,119.59,123.23,94143028
1648647000,123.04,125.67,118.59,119.22,99476946
1648733400,116.31,116.38,109.02,109.34,147004790
1648819800,110.48,111.42,106.102,108.19,111867074
1649079000,109.97,110.9391,107.03,110.53,90220034
1649165400,109.685,110.48,106.05,106.82,79531959
1649251800,104.45,105.744,101.7106,103.67,105256602
1649338200,103.92,105.24,100.91,103.72,91895526
1649424600,102.51,102.99,100.4205,101,92746663
1649683800,98.6,98.67,95.94,97.37,95527655
1649770200,98.78,99.59,94.6,95.1,89246449
1649856600,95.3,98.33,94.71,97.74,77728418
1649943000,98.37,98.39,92.92,93.06,73354367
1650288600,92.03,95.16,91.64,93.89,80605752
1650375000,93.385,97.07,92.84,96.93,77069496
1650461400,97.84,97.91,93.2,94.02,62489047
1650547800,95.16,96.23,89.24,89.85,76680635
1650634200,90.03,91.46,87.935,88.14,75017652
1650893400,89.86,91.37,88.61,90.69,93481042
1650979800,89.74,90.12,85.08,85.16,89127399
1651066200,84.25,87.9,84.02,84.91,83125054
1651152600,86.67,90.58,84.78,89.64,91495449
1651239000,88.05,91.79,85.38,85.52,82647701
1651498200,85.655,90.37,85.3201,89.84,98304091
1651584600,89.85,92.21,89.01,91.13,126381846
1651671000,98.18,99.69,91.7,99.42,225394075
1651757400,97.65,97.84,92.17,93.87,153129770
1651843800,94.34,98.18,92.65,95.34,144286560
1652103000,92.865,93.74,85.38,86.36,144523668
1652189400,89.18,90.7721,85.41,88.73,137235451
1652275800,87.84,93.46,86.53,87.92,136137858
1652362200,86.6,88.55,83.27,87.06,129214223
1652448600,88.3,96.57,88.22,95.12,138068073
1652707800,93.86,98.169,93.0801,94.24,131065665
1652794200,97.88,103.2,97.54,102.47,164227181
1652880600,100,104.22,95.71,96.28,142603246
1652967000,96.69,100.69,95.09,96.67,141506169
1653053400,98.385,98.64,88.26,93.5,164126807
1653312600,91.66,95.19,90.92,95.07,128773040
1653399000,92.54,93.42,89.62,91.16,123341410
1653485400,90.425,93.89,89.52,92.65,111771116
1653571800,91.34,100.33,90.74,98.75,128792745
1653658200,100.14,102.4,99.38,102.26,104348440
1654003800,102.43,104.55,100.04,101.86,125102894
1654090200,102.13,103.57,99.55,101.22,99351389
1654176600,100.78,109.5,100.78,108.59,120953796
1654263000,105.8,109.39,104.65,106.3,110844697
1654522200,108.27,109.57,104.225,105.65,96726891
1654608600,104.24,106.24,102.61,105.28,79022851
1654695000,104.57,105.848,100.41,101.9,97641865
1654781400,101.57,103.94,98.74,98.8,95298975
1654867800,98.82,99.928,94.25,94.82,102212244
1655127000,91.26,92.03,86.64,86.99,98148812
1655213400,87.41,88.3,85.8201,86.99,84066567
1655299800,87.9,90.86,86.19,89.3,95774807
1655386200,86.63,86.73,80.64,82.05,102433342
1655472600,82.19,82.94,79.43,81.57,105212293
1655818200,84.17,85.81,82.6,83.79,87780567
1655904600,84.4,86.375,83.3001,83.75,86634716
1655991000,84.315,84.41,80.2251,82.43,100614559
1656077400,83.56,87.53,83.0801,87.08,88553886
1656336600,87.355,88.22,85.25,86.16,74663487
1656423000,85.71,86.73,80.43,80.78,95752533
1656509400,79.55,79.75,76.51,77.99,104140895
1656595800,77.73,78.91,75.48,76.47,105368616
1656682200,75.185,75.45,72.69,73.67,87734237
1657027800,71.98,75.21,71.6,75.2,95685751
1657114200,75.17,76.28,73.55,75.35,85458857
1657200600,77.195,79.99,76.9,79.3,83640945
1657287000,78.31,80.47,77.4,79.35,83405931
1657546200,77.845,78.29,75.8417,76.95,76247536
1657632600,76.98,77.44,74.43,76.36,77873214
1657719000,74.94,79.11,74.48,77.52,79354976
1657805400,78.23,79.25,76,78.6,83493646
1657891800,79.36,81.2,77.9,81.11,76050597
1658151000,82.21,84.47,80.94,81.43,90464334
1658237400,82.76,86.41,82.19,85.88,85047506
1658323800,85.39,89.9198,85.08,89.43,88348558
1658410200,89.6,91.58,88.22,91.09,90449338
1658496600,90.2,90.69,87.04,88.1,76989702
1658755800,86.57,87.6,85.12,87.54,70083006
1658842200,87,87.749,84.71,85.25,69180367
1658928600,86.94,90.62,86.29,89.82,78301564
1659015000,90.415,92.22,88.5909,91.67,79009185
1659101400,90.7,94.81,90.56,94.47,76630707
1659360600,95.59,98.39,93.96,96.78,96477499
1659447000,95.71,100.915,95.36,99.29,116734097
1659533400,94.83,98.7693,93.62,98.09,131142046
1659619800,97.5,104.59,97.26,103.91,125855773
1659706200,101.05,103.86,100.98,102.31,93859876
1659965400,100.06,101.8,97.99,100.07,92692592
1660051800,97.95,98.0461,93.67,95.54,89473663
1660138200,98.45,99.35,95.61,99.05,83416119
1660224600,99.93,102.37,98,98.12,77516860
1660311000,99.2,101.4,98.48,100.83,72316345
1660570200,100.505,101.85,99.8002,101.01,61327142
1660656600,100.84,101.45,98.3201,100.2,60220671
1660743000,99.26,99.64,96.725,98.27,63735583
1660829400,97.74,101.07,96.7342,100.44,76059523
1660915800,98.67,99.245,94.59,95.95,67221693
1661175000,94.4,95.02,92.36,92.84,61837284
1661261400,92.39,94.44,92.11,92.49,52590673
1661347800,92.21,93.38,90.9,92.73,56520431
1661434200,93.14,97.57,93.14,97.18,61016201
1661520600,96.29,97.5999,91.12,91.18,65552540
1661779800,90.05,91.19,88.26,88.49,61142538
1661866200,90.055,90.15,85.34,86.94,69087118
1661952600,86.28,86.72,83.72,84.87,64991720
1662039000,82.345,82.755,78.52,82.33,94854710
1662125400,83.315,83.65,79.805,80.24,84924445
1662471000,80.41,80.89,78.3724,78.72,68727299
1662557400,79.24,80.25,77.74,79.61,67891169
1662643800,80.03,83.45,79.24,82.78,89089304
1662730200,84.03,85.68,83.84,85.45,68936919
1662989400,84.89,85.3488,83.46,84.64,71922542
1663075800,80.955,81.47,76.8,77.03,80921218
1663162200,77.1,78.08,75.87,77.45,71482997
1663248600,76.64,77.97,74.905,76.66,81817966
1663335000,75.62,76.82,74.68,76.51,75300178
1663594200,75.39,77.34,75.35,76.77,64966909
1663680600,76.08,76.58,74.7312,75.25,51129084
1663767000,75.435,78.41,74.45,74.48,82069703
1663853400,73.89,74.29,69.17,69.5,101436851
1663939800,68,69.0801,66.8216,67.96,87689951
1664199000,67.87,68.74,66.25,66.3,82898693
1664285400,67.9,68.78,66,67.17,94871793
1664371800,67.11,68.7979,66.56,68.36,72389462
1664458200,67.15,67.2,62.8301,64.14,102552389
1664544600,63.615,65.91,63.34,63.36,81664125
1664803800,64.46,66.91,63.39,66.11,83841632
1664890200,68.27,69.18,67.33,67.9,77160479
1664976600,66.59,68.69,64.515,67.94,87127384
1665063000,67.82,70.29,67.661,67.85,98325917
1665149400,64.0101,64.03,58.22,58.44,163786265
1665408600,57.31,58.79,56.3,57.81,112241785
1665495000,57.21,58.915,56.05,57.63,114054838
1665581400,57.45,58.32,56.32,57.85,89264184
1665667800,55.52,60.14,54.57,58.94,131159784
1665754200,59.6,59.94,55.835,55.94,96959299
1666013400,57.35,58.51,57.1,57.96,76977604
1666099800,59.91,60.49,56.4,57.92,103064529
1666186200,57.325,59.0376,56.57,57.23,75704837
1666272600,57.47,60.2,57.4,57.77,79552604
1666359000,57.215,58.91,55.71,58.82,95366369
1666618200,58.57,59,56.66,58.7,76305381
1666704600,58.765,61.975,58.69,61.47,85501881
1666791000,59.69,61.77,59.15,59.73,79915891
1666877400,61.6,62.72,58.51,58.6,83871440
1666963800,59.1,62.35,58.92,62.01,78198605
1667223000,60.75,61.86,59.525,60.06,73274137
1667309400,61.485,61.99,59.425,59.66,83806667
1667395800,62.9999,63.93,58.57,58.63,142669440
1667482200,58.11,62.28,58.03,60.11,95279891
1667568600,62.5,63,60.53,62.19,84791349
1667831400,62.93,63.53,61.4,63.08,62722498
1667917800,64.09,64.96,62.3678,63.85,75938045
1668004200,62.28,63.05,59.8,59.92,62940338
1668090600,64.3,68.8,63.62,68.47,107996331
1668177000,69.58,73.32,68.29,72.37,111709462
1668436200,75.22,75.25,72.67,73.53,108892750
1668522600,77.26,79.16,75.39,76.37,108946318
1668609000,73.655,74.8268,71.925,72.7,79967998
1668695400,70.56,74.38,70.16,73.9,82320829
1668781800,75.07,75.3499,72.18,73.57,73223214
1669041000,72.21,72.98,71.57,72.46,51536349
1669127400,72.72,75.33,72.1091,75.25,55450160
1669213800,75.49,78.22,75.3,76.4,81623628
1669386600,75.67,76.0393,74.7495,75.14,26018911
1669645800,73.81,75.4699,72.57,73.19,45448323
1669732200,73.62,74.4899,72.78,73.39,51846449
1669818600,73.38,77.7,72.8131,77.63,88468439
1669905000,78.31,79.23,76.44,77.48,59833354
1669991400,75.05,76.28,73.65,74.98,64377175
1670250600,74.54,75.17,72.82,73.62,47022185
1670337000,73.08,73.3911,69.4,70.27,64965235
1670423400,69.53,71.37,69.28,70.14,59180109
1670509800,70.14,71.225,69,70.47,56734096
1670596200,69.49,70.67,68.52,68.59,59058319
1670855400,68.54,70.67,67.53,70.67,60968341
1670941800,74.87,75.21,70.66,71.65,72458043
1671028200,70.93,72,68.32,68.93,67277981
1671114600,67.604,68.21,66.12,66.53,58557045
1671201000,66.25,67.19,64.8,65.41,62438574
1671460200,65.12,65.59,63.71,64.59,46246911
1671546600,63.76,66.06,63.52,65.05,52431257
1671633000,65.43,67.845,65.21,67.68,44167575
1671719400,66.08,66.31,62.2601,63.86,73917667
1671805800,63.11,64.66,62.72,64.52,45923000
1672151400,63.87,64.28,62.97,63.27,36085981
1672237800,62.54,63.54,61.96,62.57,39526483
1672324200,63.635,65.18,63.06,64.82,41428481
1672410600,63.77,64.82,63.1437,64.77,37126975
1672756200,65.998,66.88,63.59,64.02,46851844
1672842600,65,65.79,63.31,64.66,47477139
1672929000,64.15,64.35,62.3,62.33,46159549
1673015400,63.145,64.3,60.05,63.96,70161340
1673274600,66.22,69.32,65.67,67.24,69741257
1673361000,66.67,68.15,66.56,68.05,41149630
1673447400,68.39,69.13,67.2201,69.06,44470060
1673533800,70.07,71.65,67.18,70.8,70066161
1673620200,69.84,71.1,69.23,71,45757358
1673965800,70.87,72.66,70.653,71.59,42621340
1674052200,71.87,72.78,70.5,70.53,39538725
1674138600,68.975,69.2536,67.265,67.71,47189852
1674225000,68.01,70.13,67.45,70.07,47757593
1674484200,72.225,76.59,71.54,76.53,84293199
1674570600,73.75,75.6412,73.42,74.7,60822606
1674657000,72.9,75.12,72.09,74.91,49932595
1674743400,76.5,77.0798,74.28,75.16,49583948
1674829800,73.7,76.74,73.49,75.4,58118610
1675089000,74.23,74.64,72.4,72.45,48105243
1675175400,72.26,75.2,72.03,75.15,71669107
1675261800,78.47,85.48,77.88,84.64,152548240
1675348200,84.29,88.9388,83.2,88.31,97762091
1675434600,86.655,88.8014,85.83,86.09,66557818
1675693800,84.63,86.28,83.224,83.68,53008890
1675780200,84.32,86.25,82.52,85.91,65291914
1675866600,85.88,88,84.54,84.69,54140448
1675953000,85.88,86.67,82.76,83.21,46525397
1676039400,82.29,82.71,80.47,81.48,49332598
1676298600,81.57,84.15,80.9,83.13,45400008
1676385000,82.7,86.185,81.7672,85.95,55979653
1676471400,85.1,85.89,83.32,85.18,46483152
1676557800,82.98,83.35,80.05,80.08,57755166
1676644200,79.6,79.6498,77.37,78.5,47826602
1676989800,77.15,78.455,76.45,76.77,44045643
1677076200,76.93,78.1299,75.9201,76.61,50286804
1677162600,80.63,81.79,77.965,79.75,76391342
1677249000,77.75,78.81,76.94,78.09,46700007
1677508200,79.64,80.12,78.53,78.77,45617297
1677594600,77.872,80.14,77.42,78.58,44220135
1677681000,78.55,80.2869,77.8813,78.29,44265984
1677767400,77.57,80.92,76.65,80.44,60185875
1677853800,80.4,81.63,79.34,81.52,54536217
1678113000,82.03,83.2986,81.04,81.16,54541281
1678199400,81.07,84.85,80.665,82.11,70959009
1678285800,82.79,85.77,82.28,85.37,69529838
1678372200,85.29,87.81,83.59,84.03,79496691
1678458600,84.47,85.45,81.63,82.67,70273562
1678714200,81.39,83.83,78.515,82.01,65269120
1678800600,83.67,88.3,83.59,87.45,66616320
1678887000,86.77,90.42,86.215,89.68,86177424
1678973400,89.72,96.69,89.02,96.6,115980649
1679059800,96.66,98.75,95.9364,97.84,94080842
1679319000,96.3,96.94,92.9,96.81,92008949
1679405400,97,99.4646,93.64,95.93,85285333
1679491800,95.65,101.7,95.64,97.58,110816317
1679578200,100.05,102.43,98.671,100.28,84088899
1679664600,99.18,99.52,96.74,97.95,64743698
1679923800,98.02,98.93,95.425,96.61,57461354
1680010200,96.77,96.94,92.87,94.56,59150100
1680096600,96.07,96.91,94.87,96.09,55325974
1680183000,98,99.53,97.25,97.88,59678531
1680269400,96.34,98.36,95.27,98.01,55861066
1680528600,96.695,96.79,94.81,96.56,50655332
1680615000,97.038,97.27,95.21,95.87,43195876
1680701400,94.35,94.5,91.36,92.56,52979281
1680787800,91.47,92.9148,90.62,92.47,47778378
1681133400,91.32,95.795,91.02,95.48,52536324
1681219800,96.06,96.07,92.69,94.03,51935800
1681306200,94.97,95,91.74,92.33,53383124
1681392600,92.79,93.16,91.83,92.09,40572482
1681479000,91.82,92.97,90.5,91.75,38734794
1681738200,90.23,90.69,88.3,89.87,47250782
1681824600,91.61,92.16,89.33,89.78,46246286
1681911000,88.51,90.54,88.22,89.94,37344502
1681997400,88.825,91.5795,88.73,90.11,47082684
1682083800,89.8,89.8,88.055,88.43,41118264
1682343000,88.11,88.64,86.34,87.57,40423789
1682429400,86.9,87.06,83.76,83.8,52771477
1682515800,86.51,87.35,85.32,85.94,47786564
1682602200,86.41,87.565,84.09,87.44,53087213
1682688600,87.02,89.75,86.44,89.37,50686053
1682947800,91.03,91.04,88.61,89.69,59358710
1683034200,89.32,90.455,88.12,89.91,70483508
1683120600,83.54,85.48,81.02,81.62,109482172
1683207000,81.57,91.64,81.11,86.61,122840488
1683293400,84.99,90.425,84.72,89.84,78491108
1683552600,89.99,95.655,89.17,95.04,95503215
1683639000,94.89,96.16,93.4281,95.06,68674788
1683725400,96.42,99.94,96.12,97.02,95619496
1683811800,98.155,99.19,96.14,97.1,57061034
1683898200,96.83,97.45,93.68,95.26,53829709
1684157400,95.2,97.43,93.45,97.4,51749212
1684243800,97.39,103.28,97.31,101.48,90622884
1684330200,101.79,104.14,100.05,103.75,75240894
1684416600,103.98,108.1,103.93,107.93,74338722
1684503000,106.36,107.29,104.6201,105.82,67880217
1684762200,104.68,108.79,103.4923,108,65424234
1684848600,107.25,110.99,107.19,108.12,73099114
1684935000,105.98,108.91,105.64,108.27,65910464
1685021400,117.305,120.69,115.8,120.35,108514669
1685107800,122.46,127.43,120.89,127.03,92922750
1685453400,130.415,130.79,123.51,125.27,98902282
1685539800,122.42,123.96,117.86,118.21,87552221
1685626200,117.29,121.28,116.6,119.47,66032924
1685712600,120.75,121.66,117.675,117.86,52382424
1685971800,116.59,119.32,116.42,117.93,52602861
1686058200,117.91,124.42,117.74,124.23,75257497
1686144600,124.025,125.34,117.07,117.83,81755152
1686231000,118.295,122.21,117.05,121.05,65246930
1686317400,123.57,127.25,123.55,124.92,75105039
1686576600,128.52,130.48,126.4,129.19,85673077
1686663000,132.32,132.83,122.45,124.53,132461926
1686749400,126.525,127.725,123.81,127.33,95888117
1686835800,125.39,125.7,122.26,124.24,85587115
1686922200,125.82,125.85,119.9,120.08,82007083
1687267800,119.085,121.75,117.7,118.93,58851777
1687354200,118.485,119.1888,111.67,112.11,82835622
1687440600,112.24,114,109.85,110.7,70754783
1687527000,109.31,111.0957,107.46,110.01,73621951
1687786200,110.95,112.55,107.2,107.51,68556976
1687872600,108.565,110.97,107.08,110.39,59381646
1687959000,108.21,111.78,107.63,110.17,67534134
1688045400,112.065,112.7599,109.84,111.24,58347174
1688131800,113.03,114.69,112.41,113.91,53378774
1688391000,115.16,116.73,114.51,115.82,31859976
1688563800,116.1,117.662,113.855,113.95,49501584
1688650200,112.07,113.79,110.31,113.48,42411840
1688736600,114.16,115.33,113.04,113.17,37211287
1688995800,113,113.61,109.88,113.58,49330204
1689082200,111.66,113.27,109.5,111.32,59899536
1689168600,112.89,115.3999,112.3101,114.58,57993090
1689255000,115.76,116.16,113.575,115.92,49206695
1689341400,116.17,122.12,115.25,115.94,91927197
1689600600,115.95,118.8399,112.73,118.32,68593288
1689687000,117.55,118.43,115.192,117.93,57980077
1689773400,121.3,121.6699,115.55,116.43,70363051
1689859800,114.96,115.05,109.24,110.25,76340398
1689946200,110.97,112.3,109.54,110.95,76815378
1690205400,110.617,111.31,108.55,110.61,45637998
1690291800,111.14,114.05,111,113,44916262
1690378200,111.91,112.36,109.3,110.09,51721689
1690464600,111.79,115.08,110.51,111.1,70677972
1690551000,113.38,114.86,112.44,112.96,55525965
1690810200,114.16,114.68,112.35,114.4,54187286
1690896600,114.26,118.19,113.16,117.6,97284727
1690983000,119.49,119.5,107.38,109.35,173372010
1691069400,108.95,114.96,108.95,113.15,90811558
1691155800,114.48,118.85,113.96,115.82,83169686
1691415000,116.36,119.08,115.49,116.81,65854765
1691501400,114.94,115.46,111.41,113.23,54141829
1691587800,112.89,113.15,108.78,110.47,56257067
1691674200,111.3,113.89,109.47,110.23,57297792
1691760600,108.85,109.07,106.48,107.57,55667745
1692019800,106.75,111.99,105.42,111.98,57421820
1692106200,111.99,113.18,110.17,111.35,53816569
1692192600,110.0863,110.4388,106.98,107.19,54327298
1692279000,107.62,107.85,104.1,104.44,59064275
1692365400,102.4,106.07,101.68,105.45,59916675
1692624600,106.2,108.54,105.67,108.22,49319240
1692711000,109.4,109.72,104.85,105.66,47335086
1692797400,105.65,110.08,105,109.43,54656329
1692883800,111.06,111.64,100.871,101.8,109179129
1692970200,101.165,104.12,99.58,102.25,74793086
1693229400,103.47,104.07,100.8944,102.61,55386803
1693315800,102.11,106.57,101.79,105.92,50850289
1693402200,105.402,107.67,104.5,106.59,54847348
1693488600,106.19,108.06,104.86,105.72,58918970
1693575000,107,110.06,106.61,109.45,54856148
1693920600,109,111.82,106.3,110.78,66042191
1694007000,110.56,111.33,108.22,109.28,47736701
1694093400,106.14,107.69,105.09,106.59,49080149
1694179800,107.02,109.737,105.75,106.09,46271558
1694439000,107.315,107.51,103,105.32,50611285
1694525400,104.2,106.74,103.18,105.31,44413572
1694611800,105.1,108.74,104.83,107.71,44702254
1694698200,108.43,109.1494,106.2212,106.63,45920612
1694784600,106.07,106.76,101.28,101.49,71103616
1695043800,100.815,102.99,99.45,102.37,49061310
1695130200,101.75,102.8582,100.7,101.61,41704110
1695216600,102.36,103.94,100.28,100.34,55180576
1695303000,98.6,98.87,95.84,96.11,59704335
1695389400,96.92,98.42,95.61,96.2,52169395
1695648600,95.95,97.45,94.46,97.38,43223749
1695735000,96.5,97.83,95.27,95.96,42866460
1695821400,96.82,99.23,96.35,98.07,51261502
1695907800,97.94,104.2,97.76,102.76,72542056
1695994200,104.69,104.94,102.56,102.82,56078641
1696253400,102.21,103.71,101.7,103.27,45118574
1696339800,101.7963,103.29,99.17,100.08,48116980
1696426200,100.65,104.4,100.34,104.07,51023246
1696512600,103.405,103.74,100.27,102.91,51789731
1696599000,102.16,107.87,102.03,107.24,64864077
1696858200,106.01,107.31,104.79,106.97,39593192
1696944600,107.49,110.12,106.4,109.01,57105529
1697031000,109.14,110.1,106.93,108.31,51085635
1697117400,108.4,111.31,107.5101,108.79,60959430
1697203800,108.65,108.97,104.75,105.09,52925932
1697463000,105.42,107.48,105.03,106.46,42464511
1697549400,103.54,106.29,101.6601,105.14,49642114
1697635800,103.38,104.78,101.74,102.17,50449952
1697722200,103.81,105.6,101.84,102.4,52734201
1697808600,102.28,104.34,101.44,101.81,61317927
1698067800,100.812,102.42,99.315,100.01,50817440
1698154200,100.97,101.7899,99.38,101.67,51982918
1698240600,100.42,101.03,95.23,96.055,53424477
1698327000,95.99,97.52,93.115,93.67,49896360
1698413400,95.8,97.35,94.59,96.43,52458653
1698672600,96.14,97.04,94.7,96.18,43716642
1698759000,96.235,98.8188,94.07,98.5,79547126
1698845400,98.58,108.15,98.5,108.04,138641522
1698931800,107.96,109.405,105.91,107.83,71376954
1699018200,109.05,113.39,107.86,112.25,65632202
1699281000,112.6,113.08,110.22,111.75,49270370
1699367400,111.86,114.65,111.22,113.45,50550151
1699453800,113.55,115.3166,112.88,113.59,41880606
1699540200,114.095,115.81,113.06,113.49,61146862
1699626600,114.35,119.7,114.03,118.59,75204072
1699885800,118.34,118.68,116,116.79,46741889
1699972200,119.7,122.11,119.22,119.88,61017449
1700058600,120.54,120.59,116.8701,118,59555593
1700145000,117.2,120.726,116.41,119.83,49661870
1700231400,119.64,121.49,118.82,120.62,38538695
1700490600,120.7,121.93,120.07,121.53,43173925
1700577000,120.54,120.65,117.94,119.16,41064750
1700663400,120,124.7623,119.9516,122.51,56894486
1700836200,122.03,123.25,121.54,122.31,19001007
1701095400,122.07,123.89,121.772,122.65,32743006
1701181800,121.98,122.54,120.79,122.01,32047063
1701268200,123.98,125.725,123.48,123.85,37876317
1701354600,123.61,124.05,119.65,121.16,44494211
1701441000,119.88,121.4001,118.645,121.39,37048002
1701700200,119.75,119.9,116.37,118.57,39854418
1701786600,117.43,118.49,116.45,118.38,39191565
1701873000,120.69,122.8313,116.38,116.82,60599029
1701959400,120.785,128.68,119.56,128.37,118579097
1702045800,129.54,131,126.89,128.92,89341014
1702305000,130.56,135.04,128.25,134.41,98668281
1702391400,132.25,139.89,131.9,137.61,111677821
1702477800,137.97,139.24,136.0303,138.19,70651603
1702564200,138.89,141.82,135.725,138,76115174
1702650600,139.52,140.89,137.25,139.15,70211795
1702909800,139.15,139.79,137.65,138.9,45199453
1702996200,138.57,143.47,138.555,140.15,63739781
1703082600,139,139.58,135.37,135.47,54671715
1703169000,138.14,139.98,137.38,139.91,47179362
1703255400,140.48,140.7,138.31,139.6,35396582
1703601000,140.07,143.85,139.92,143.41,47157430
1703687400,144.72,146.25,143.18,146.07,49033420
1703773800,146.8,150.41,145.9506,148.76,63800680
1703860200,149.5,151.05,147.2,147.41,62079185
1704205800,144.28,144.4,137.43,138.58,64902029
1704292200,135.71,137.43,133.7413,135.32,61988583
1704378600,134.3,137.7,134,136.01,58610286
1704465000,136.78,141.01,136.4377,138.58,69657676
1704724200,140.36,147.15,140.15,146.18,71756913
1704810600,145.95,149.86,145.08,149.26,67875666
1704897000,150.07,150.88,146.65,148.54,56951243
1704983400,148.52,150.38,143.69,148.02,62764597
1705069800,148.04,148.75,145,146.56,48293089
1705415400,150.36,159.715,149.98,158.74,112711434
1705501800,158.45,160.64,154.4,160.17,104084985
1705588200,166.2,168.6,158.22,162.67,131864888
1705674600,165.8,174.25,162.2,174.23,140367915
1705933800,174.39,174.72,164.15,168.18,122973822
1706020200,166.5,169.6299,164.27,168.42,76830455
1706106600,172.55,180.58,170.56,178.29,125516387
1706193000,183.41,184.92,177.63,180.33,127171448
1706279400,175.29,181.23,174.15,177.25,107381172
1706538600,178.77,178.885,174.4,177.83,89384452
1706625000,176.13,178.48,169.52,172.06,122265677
1706711400,165.74,171.3,162.5602,167.69,133157264
1706797800,169.27,171.14,165.86,170.48,91576685
1706884200,173.79,179,173.05,177.66,82134266
1707143400,179.09,180.01,171.11,174.23,76349244
1707229800,173.15,173.88,165.5,167.88,68854127
1707316200,169.47,172.97,168.2,170.94,53665418
1707402600,170.33,172.17,168.6,169.35,43385275
1707489000,171,175.1,168.6601,172.48,56375713
1707748200,172.68,177.405,170.67,171.91,58177053
1707834600,167.94,173.17,164.3,171.54,63071311
1707921000,173.47,178.74,172.88,178.7,57402522
1708007400,179.14,180.5,175.26,176.76,51126437
1708093800,177.45,180.3301,173.25,173.87,53940342
1708439400,171.14,171.81,162,165.69,66549992
1708525800,162.74,164.9,161.81,164.29,48774556
1708612200,173.2,183.83,172,181.86,100684733
1708698600,181.86,183.8,174.55,176.52,69207367
1708957800,178.78,179.84,174.81,176.01,45435093
1709044200,175.92,178.46,172.49,178,43665241
1709130600,176.25,176.84,173.59,176.54,35914414
1709217000,179.82,193,179.82,192.53,105538483
1709303400,197.91,202.72,195.42,202.64,103820773
1709562600,205.16,211.01,203.5,205.36,86835338
1709649000,200.5,205.33,199.15,205.13,65407112
1709735400,210.43,214.8109,207.32,210.63,86686987
1709821800,212.52,213.83,208.22,211.38,63869038
1709908200,213.41,227.3,205.6,207.39,120815222
1710163800,203.01,203.55,196.701,198.39,73098616
1710250200,200.52,202.8499,194.27,202.76,68951657
1710336600,198.73,198.83,192.7001,194.79,70526879
1710423000,192.92,196.93,184.03,187.06,84490526
1710509400,184.83,193.7999,184.48,191.06,95289509
1710768600,193.285,193.5,188.05,190.65,59306865
1710855000,183.16,185.6127,177.3602,181.42,83509459
1710941400,182.03,182.68,174,179.73,81773114
1711027800,185.97,187.69,177.66,178.68,75265596
1711114200,177.21,180.76,175.05,179.65,57899071
1711373400,172.9,182.8,172,178.63,71935313
1711459800,179.54,182.5983,176.33,177.87,65322445
1711546200,179.96,181.23,175.4,179.59,55685645
1711632600,179.47,183.4,178.3,180.49,57628614
1711978200,180.1,187.24,179.9,183.34,74299905
1712064600,179.47,180.1,174.83,178.7,61598817
1712151000,177.54,182.05,176.7,180.77,49835064
1712237400,182.92,183.02,165.65,165.83,88279957
1712323800,168.1,172.69,165.58,170.42,66080261
1712583000,168.2,171.6599,166.82,169.9,43997546
1712669400,170.21,171.6,167.29,170.78,42927985
1712755800,166.71,169.7752,164,167.14,59599958
1712842200,167.545,170.9499,166.5492,170.5,48994531
1712928600,164.53,165.7,161.825,163.28,63519643
1713187800,164.43,164.44,158.76,160.32,61461150
1713274200,162.28,164.8799,161.67,163.46,55302100
1713360600,163.97,164.45,153.88,154.02,75908969
1713447000,155.51,156.96,152.32,155.08,52669816
1713533400,151.59,154.25,145.29,146.64,71618197
1713792600,148.15,149.89,145.63,148.64,49397034
1713879000,151.65,153.495,150.35,152.27,46051911
1713965400,156.56,157.6598,150.63,151.74,43412550
1714051800,149.15,155.14,146.75,153.76,41471423
1714138200,154.24,158.63,153.4252,157.4,42510708
1714397400,159.08,160.77,156.26,160.2,43478221
1714483800,160.63,162.29,158.35,158.38,60742834
1714570200,148.11,151.37,142.14,144.27,89413168
1714656600,145.51,147.62,141.155,146.16,50034730
1714743000,148.75,150.79,147.2384,150.6,49361081
1715002200,153.1,156.65,151.26,155.78,44624546
1715088600,156.32,157.7,153.66,154.43,37374906
1715175000,153.4,155.33,152.52,153.62,28727963
1715261400,153.13,154.092,150.61,152.39,33017962
1715347800,154.2874,156.37,151.31,151.92,37652770
1715607000,151.28,153.33,150.4,150.56,27859183
1715693400,150.43,153.4879,148.78,153.16,31938277
1715779800,155.588,159.69,154.7,159.67,43195901
1715866200,160.92,168.06,159.9,162.62,76726728
1715952600,168.43,169.72,162.32,164.47,65944362
1716211800,165.55,168.49,164.47,166.33,45618044
1716298200,164,165.83,163.1,164.66,30005478
1716384600,167.41,169.8148,163.86,165.52,47426719
1716471000,170.18,173.14,158.27,160.43,91888841
1716557400,161.412,167.66,160.25,166.36,54868646
1716903000,169.42,174.55,164.96,171.61,66495414
1716989400,167.46,168.48,162.91,165.14,56537503
1717075800,167.9,168.7469,163.8,166.75,46479934
1717162200,166.65,169.5,160.07,166.9,64331946
1717421400,170.82,171.08,160.9101,163.55,59157590
1717507800,162.84,164.83,158.8729,159.99,48157209
1717594200,162.07,167.12,161.38,166.17,60507494
1717680600,165.46,169.51,163.86,166.78,47153676
1717767000,166.59,169.45,165.86,167.87,44795998
1718026200,162.48,165.55,159.61,160.34,67575627
1718112600,160.5,161.54,156.92,158.96,40497092
1718199000,160.32,162.24,158.62,160.24,48325813
1718285400,160.4,162.66,157.31,159.9,44442511
1718371800,158.5,161.3399,157.61,159.63,34054023
1718631000,158,159.23,154.135,158.4,44507742
1718717400,156.99,157.24,153.34,154.63,51852033
1718890200,155.825,166.82,155.5,161.78,93245732
1718976600,161.75,163.2,157.89,161.23,61334699
1719235800,159.75,163.4,158.19,160.25,45954054
1719322200,160.73,161,156.45,160.25,40975277
1719408600,160.6,160.74,156,157.54,36973440
1719495000,157.18,160.61,156.81,159.47,34018216
1719581400,160.23,166.45,159.41,162.21,56204617
1719840600,161.25,161.5068,153.64,157.69,50436691
1719927000,157.04,164.58,156.7,164.31,57838610
1720013400,164.2,165.26,162.51,163.9,26980906
1720186200,165.97,174.0396,165.68,171.9,61857052
1720445400,174.9,178.95,173.22,178.69,60223422
1720531800,177.97,180.41,174.7,177.1,43471169
1720618200,179.99,187.28,177.8,183.96,90246965
1720704600,184.07,187.11,177.25,181.94,59231412
1720791000,182.015,186.99,179.69,181.61,50827368
1721050200,184.45,185.5,178.54,179.83,42202726
1721136600,179.69,179.75,174.53,177.55,40633058
1721223000,169.8,169.8,159.37,159.43,76954198
1721309400,163.41,163.41,153.2,155.77,69420335
1721395800,154.86,155.81,150.62,151.58,47513063
1721655000,154.23,156.7,152.545,155.87,43912459
1721741400,154.95,157.05,153.8,154,31950579
1721827800,152.72,153.68,144.53,144.63,49203120
1721914200,144.07,144.75,136.81,138.32,60578529
1722000600,140.32,141.29,138.27,139.99,49435825
1722259800,141.19,144.585,138.75,139.75,47447194
1722346200,139.88,141.7,134.05,138.44,68801709
1722432600,150.73,153.603,140.03,144.48,114306763
1722519000,145,147.29,130.24,132.54,94731931
1722605400,133.5,137.1,131.33,132.5,78561997
1722864600,122.16,139.14,121.825,134.82,76089361
1722951000,135.15,136.44,129.1,130.18,64455613
1723037400,133.75,136.24,128.37,128.67,54676492
1723123800,131.97,136.48,128.94,136.32,49037454
1723210200,134.69,135.5,132.44,134.27,40582992
1723469400,134.44,137.99,133.23,136.77,39724343
1723555800,138.12,141.19,137.52,141.13,42218019
1723642200,143,143.25,137.64,140.75,35506434
1723728600,143,147.96,141.81,147.36,43582387
1723815000,145.7,149.3693,145.2,148.56,31123927
1724074200,148.43,155.365,147.72,155.28,60766854
1724160600,156.49,162.04,154.51,156.4,76851158
1724247000,156.12,158.65,155.07,157.81,42791246
1724333400,158.87,159.84,151.01,151.7,45737257
1724419800,153.6,156.4,151.83,154.98,43694642
1724679000,154.7,158.28,148.9101,149.99,49893259
1724765400,150.13,151.7,148.44,150.5,35102650
1724851800,149.4,150.43,144.72,146.36,34075823
1724938200,146.59,149.49,144.47,145.49,31602113
1725024600,147.52,148.99,145.25,148.56,31169069
1725370200,146.41,146.49,136.1,136.94,42172672
1725456600,140.505,143.37,138.51,140.87,42130648
1725543000,138.2,141.71,137.83,139.44,25023021
1725629400,138.7,139.13,132.1101,134.35,39993507
1725888600,136.1,138.445,134.86,138.15,27194508
1725975000,139.06,143.08,137.25,142.84,37217528
1726061400,145.325,150.16,140.71,149.86,50935390
1726147800,148.43,151.54,147.65,150.77,29286166
1726234200,152.32,153.03,150.7,152.31,25117241
1726493400,151.7,154.44,150.912,152.08,27677761
1726579800,153.55,154.045,149.225,150.82,29888994
1726666200,150.9,152.82,148.01,148.29,26320083
1726752600,153.81,159.25,152.77,156.74,44499983
1726839000,156,157.45,152.47,155.95,40248201
1727098200,156.445,157.19,154.97,156.75,21728542
1727184600,157.46,159.64,154.58,158.32,27531200
1727271000,158.5,162.95,158.18,162.02,35233264
1727357400,167.055,168.68,164.05,167.49,38044919
1727443800,167.48,168.7286,163.74,164.35,27876037
1727703000,163.1,165.08,162.18,164.08,21920300
1727789400,164.48,165.4,158.08,159.75,31831860
1727875800,159.31,163.1,158.6689,159.78,24630431
1727962200,159.71,166.7894,159.4,162.85,29598787
1728048600,166.533,171.21,164.42,170.9,44640296
1728307800,171.08,172.41,168.21,170.97,38379930
1728394200,171.75,173.6,170,172.8,34730152
1728480600,174.05,174.05,169.55,171.02,33890735
1728567000,169.76,172.01,162,164.18,75113590
1728653400,164.185,169.35,163.0101,167.89,42136175
1728912600,167.77,168.9,165.15,165.27,31757205
1728999000,163.21,164.13,155.74,156.64,50768024
1729085400,158.075,158.28,154.9159,156.13,30575773
1729171800,160,160.44,156.2,156.25,29491853
1729258200,157.41,158.01,155.56,155.97,23822985
1729517400,155.76,158,154.15,157.9,25781212
1729603800,156.6,156.74,151.91,154.09,34997352
1729690200,153,153.445,150.52,152.91,26095933
1729776600,154.74,155.19,152.35,153.44,22877016
1729863000,155.4,158.91,155.05,156.23,29758489
1730122200,158.5,160.28,157.045,159.92,36010134
1730208600,161.1,167.5099,158.94,166.25,71896038
1730295000,153.01,153.12,148.1,148.6,87701674
1730381400,147.8,148.68,143.33,144.07,44386597
1730467800,144.44,144.54,141.32,141.86,39027430
1730730600,141.7,143.64,139.72,140.71,29117421
1730817000,141.94,143.08,140.8,141.66,27067330
1730903400,144.95,145.625,141.52,145.1,32911499
1730989800,146.68,150.12,145.66,149.82,30326430
1731076200,149.39,150.71,147.525,147.95,27560342
1731335400,147.38,148.57,144.91,147.35,29868125
1731421800,147,147.45,141.5501,143.63,33560287
1731508200,142.86,144.49,139.07,139.3,35146648
1731594600,140.34,141.4,138.56,138.84,31681410
1731681000,136.575,137.35,133.65,134.9,44217530
1731940200,138.185,140.9,137.21,138.93,38782434
1732026600,137.41,139.75,137.14,139.39,23131352
1732113000,138.96,140.77,135.48,137.6,28843065
1732199400,138.87,140.2799,134.93,137.49,29311442
1732285800,137.35,139.13,137.04,138.35,21784728
1732545000,140.49,142.35,139.05,141.13,30923110
1732631400,142.55,142.8,136.62,137.72,32092378
1732717800,137.2,137.94,132.96,136.24,30175287
1732890600,136.24,138.5876,135.78,137.175,16085714
1733149800,137.915,142.82,137.8,142.06,33102438
1733236200,142.58,143.4495,141.0801,141.98,22665348
1733322600,142.96,144.12,141.18,143.99,25942650
1733409000,143.68,143.95,140.38,141.36,29576925
1733495400,141.48,142.7852,137.4,138.59,33576839
1733754600,135.71,135.77,130,130.87,57055558
1733841000,131.56,131.56,127.07,127.74,38907198
1733927400,128.52,131.21,126.2201,130.15,45588138
1734013800,130,132.32,129.07,130.6,34267091
1734100200,131.3,131.3,124.77,126.91,67544738
1734359400,126.01,127.76,123.12,126.69,42090277
1734445800,124.45,127.08,123.15,125.02,43314939
1734532200,125.43,127.75,120.43,121.41,49724442
1734618600,122.16,123.38,118.45,118.88,46160667
1734705000,118,121.86,117.9,119.21,53591212
1734964200,120.71,126.3387,120.47,124.6,47777898
1735050600,127.51,127.51,124.66,126.29,24829564
1735223400,125.52,127.2999,125.05,125.06,25139138
1735309800,124.37,126.18,122.26,125.19,32924011
1735569000,123.562,124.1,122.35,122.44,30501637
1735655400,123.1,123.55,120.138,120.79,30203428
1735828200,122.29,123.14,119.44,120.63,34256182
1735914600,121.65,125.56,121.42,125.37,36785299
1736173800,129.07,130.73,127.36,129.55,48020190
1736260200,130.51,131.71,126.8537,127.33,39220408
1736346600,124.51,125.3,120.1201,121.84,46723136
1736519400,118.18,118.71,114.4501,116.04,59415614
1736778600,115.28,117.48,114.41,117.32,39128897
1736865000,118,118.66,114.5,116.09,37005279
1736951400,117.55,120.42,117.46,119.96,38185819
1737037800,120.24,121.09,118.25,118.44,29414126
1737124200,120.78,122.74,120.55,121.46,35765924
1737469800,122.39,123.75,121.1201,122.28,31578832
1737556200,123.08,125.65,121.912,123.75,35023842
1737642600,121.425,123.71,120.63,123.04,24921108
1737729000,124.55,125.25,122.23,122.84,31570300
1737988200,117.8,118.08,112.8,115.01,61067888
1738074600,115.175,116.15,112.95,114.17,40554760
1738161000,115.77,118.52,114.96,117.35,40199052
1738247400,118.53,120.44,117.09,118.86,29788383
1738333800,119.14,119.565,115.33,115.95,40533565
1738593000,113.875,115.16,112.98,114.27,34586051
1738679400,115.45,119.85,114.79,119.5,69412094
1738765800,107.61,112.09,106.5,112.01,110609343
1738852200,110.93,112.56,109.02,110.16,50426590
1738938600,109.13,109.92,106.79,107.56,46082499
1739197800,108.44,111.4,108.15,110.48,34905359
1739284200,108.98,113.07,108.94,111.1,35033759
1739370600,109.52,111.8356,109.0649,111.72,25319729
1739457000,112,114.6,110.4,111.81,40911804
1739543400,112.65,114.63,111.7,113.1,32477159
1739889000,114.05,115.55,113.45,114.28,31720307
1739975400,114.245,116.11,113.14,114.69,28807709
1740061800,115.01,116.55,113.105,114.17,27219565
1740148200,114.845,115.76,110.43,110.84,41353683
1740407400,111.49,111.6,107.98,108.11,29072208
1740493800,107.885,108.64,103.62,103.96,39169161
1740580200,104.945,105.7999,103.99,104.74,29178213
1740666600,105.08,105.76,99.5,99.51,47263727
1740753000,99.56,101.8,98.69,99.86,45194576
1741012200,101.515,102.34,97.09,98.23,38957988
1741098600,96,103.18,95.89,100.75,54156941
1741185000,100.36,101.84,98.87,101.67,27855488
1741271400,99.05,101.08,98.27,98.85,28984978
1741357800,98.88,100.65,96.39,100.31,33254367
1741613400,98.57,101.29,95.83,96.63,38733186
1741699800,96.79,98.1599,94.73,96.76,34078300
1741786200,99.045,101.715,98.17,100.79,34241287
1741872600,99.715,100.07,97.27,98.11,28575150
1741959000,99.64,101.22,99.58,100.97,24715265
1742218200,102.6,106.15,102.6,104.59,43689523
1742304600,103.85,104.55,102.97,103.51,27152827
1742391000,104.42,107.9,101.96,106.23,32287496
1742477400,105.12,108.26,105.12,107.14,26871839
1742563800,105.33,107.25,104.33,106.44,30767938
1742823000,109.73,114.85,109.4,113.85,53342002
1742909400,113.265,114.95,112.71,114.81,29077507
1742995800,114.11,115.8999,108.68,110.19,39976485
1743082200,106.11,107.62,105.5499,106.65,32773714
1743168600,105.525,106.51,102.48,103.22,31069114
1743427800,100.235,102.82,98.8,102.74,30865342
1743514200,102.16,102.83,100.93,102.78,23523230
1743600600,101.52,104.185,100.76,102.96,20793989
1743687000,97.79,99.4499,93.64,93.8,50472542
1743773400,90.1,91.08,83.67,85.76,65847021
1744032600,80.68,89,77.75,83.64,70515429
1744119000,86.145,88.93,76.48,78.21,69910233
1744205400,79.22,97.91,78.87,96.84,97827352
1744291800,91,92.95,85.06,88.7,65210565
1744378200,90.51,94.76,90.5,93.4,57892600
1744637400,97.11,97.3699,93.45,94.5,36002970
1744723800,94.66,96.85,94.62,95.29,28116536
1744810200,87.61,90.47,85.295,88.29,62109016
1744896600,88.84,89.03,86.515,87.5,34801437
1745242200,86.015,86.14,83.75,85.56,33855392
1745328600,86.12,87.17,85.17,86.26,35236735
1745415000,91.875,93.74,90.12,90.39,41102589
1745501400,91.59,94.75,90.37,94.47,33681919
1745587800,93.275,97.1,92.85,96.645,28575343
1745847000,95.575,97.4865,94.27,96.39,30456683
1745933400,95.755,97.1767,95.33,96.06,20700637
1746019800,92.81,97.55,91.87,97.35,29730729
1746106200,99.265,100.1,96.45,96.65,29591507
1746192600,98.4,99.88,98.3,98.8,29957888
1746451800,99,102.05,98.76,100.59,41268886
1746538200,98.41,100.07,97.44,98.62,54264254
1746624600,100.75,103.42,96.88,100.36,86648749
1746711000,101.92,105.44,101.56,101.7,54231362
1746797400,102.585,103.54,101.6,102.84,31704261
1747056600,110.415,110.667,106.98,108.12,50543396
1747143000,109.6,113.1277,109,112.46,55659513
1747229400,119.83,122.52,116.59,117.72,86743700
1747315800,117.02,117.5,114.01,114.99,43843235
1747402200,118.07,118.24,116.01,117.17,43419695
1747661400,115.015,115.53,114.06,114.74,37737373
1747747800,114.35,114.51,112.08,113.51,29030815
1747834200,113.85,116.1,111.09,112.06,43594606
1747920600,111.9,112.64,110.61,110.71,29251957
1748007000,108.085,111.015,107.6671,110.31,30867274
1748352600,113.175,115.395,112.27,114.56,37885019
1748439000,114.915,114.948,112.66,112.86,27483741
1748525400,115.485,115.54,112.13,113.03,30572131
1748611800,111.584,112.11,108.6154,110.73,36088472
1748871000,111.06,114.86,111.01,114.63,34078358
1748957400,114.5,117.68,113.28,117.31,37161484
1749043800,117.41,119.295,115.73,118.58,31024986
1749130200,118.95,119.2448,114.71,115.69,34182902
1749216600,117.685,118.38,115.88,116.19,27042083
1749475800,119.18,122.3699,119.04,121.73,55437652
1749562200,121.105,124.09,120.8,123.24,41691908
1749648600,124.44,124.47,119.88,121.14,32261863
1749735000,120.615,122.25,118.03,118.5,44718365
1749821400,116.045,117.883,115.06,116.16,39702742
1750080600,118.635,128.1393,117.78,126.39,100968478
1750167000,127.93,130.7,126.58,127.1,86623910
1750253400,128.01,129.21,125.77,126.79,49627112
1750426200,129,132.805,127.55,128.24,79930980
1750685400,130.47,133.25,126.82,129.58,65152874
1750771800,133.43,138.79,132.93,138.43,78571997
1750858200,140.94,144.18,139.46,143.4,74607219
1750944600,145.97,146,141.91,143.68,58180081
1751031000,144.18,147.7504,141.63,143.81,61937853
1751290200,144,146,141.01,141.9,42972468
1751376600,138.77,140.23,135.1202,136.11,55257237
1751463000,135.53,139.78,135.22,138.52,39227986
1751549400,139.11,139.5,137.32,137.91,28645993
1751895000,136.56,137.44,133.5,134.8,37395010
1751981400,137.32,139.15,135.91,137.82,36124612
1752067800,138.69,140.65,137.59,138.41,37013130
1752154200,143,145.82,141.85,144.16,61101465
1752240600,142.6,147.4,141.6,146.42,50049179
1752499800,145.09,147.58,141.9,146.24,44718554
1752586200,153.75,158.68,153.56,155.61,93370081
1752672600,155.31,160.36,152.85,160.08,59492760
1752759000,161.81,161.96,158.68,160.41,50605117
1752845400,159.59,160.83,155.81,156.99,48859835
1753104600,157.62,160.34,156.92,157,39021130
1753191000,156.2,156.2291,149.34,154.72,49028017
1753277400,156.315,159.4485,156,158.65,41510896
1753363800,159.12,163.93,158.36,162.12,48440112
1753450200,163.505,167.175,162.36,166.47,53432260
1753709400,169.08,174.7,168.67,173.66,68267835
1753795800,175.205,182.31,174.68,177.44,108154838
1753882200,175.605,180.37,173.8,179.51,64820291
1753968600,182.015,182.5,173,176.31,71765285
1754055000,170.16,174.4,166.82,171.7,75396130
1754314200,174.605,177.86,173.56,176.78,52951044
1754400600,177.565,177.99,171.8,174.31,88808520
1754487000,165.05,166.18,157.8,163.12,133641835
1754573400,166.835,175.75,166.7,172.4,95448310
1754659800,174.04,176.48,170.52,172.76,68866692
1754919000,170.04,178.82,169.38,172.28,70651033
1755005400,173.32,175.16,168.5,174.95,52335746
1755091800,179.91,186.65,179.38,184.42,108305129
1755178200,179.83,185.44,179.56,180.95,66308821
1755264600,180.06,180.14,176.25,177.51,51543136
1755523800,176.755,178.7953,174.36,176.14,35937528
1755610200,173.1,173.17,166.1,166.55,64455006
1755696600,164.1,166.65,158.25,165.2,60233226
1755783000,165.86,165.8799,162.2558,163.71,37880461
1755869400,162.17,168.53,161.8,167.76,43998605
1756128600,165.55,165.59,161.72,163.36,36134684
1756215000,168.65,169.77,164.91,166.62,52138562
1756301400,166.04,167.68,164.65,167.13,37031044
1756387800,168.5,170.99,166.65,168.58,36285192
1756474200,166.81,168.57,161.9,162.63,37516824
1756819800,158.42,162.3916,156.62,162.32,38656131
1756906200,161.81,164.75,160.58,162.13,30752786
1756992600,159.935,162.05,157.79,161.79,32103496
1757079000,157.12,157.14,150.18,151.14,78255950
1757338200,151.8,152.6388,149.22,151.41,41848995
1757424600,151.99,156.66,151.93,155.82,42802472
1757511000,163.54,164.525,158,159.54,52465270
1757597400,158.62,160.21,154.99,155.67,48817715
1757683800,157,160.41,154.92,158.57,42232777
1757943000,160.01,162.3,157.6012,161.16,36808726
1758029400,161.37,161.95,159.22,160.46,27946478
1758115800,159.28,161.63,155.76,159.16,41823842
1758202200,150.96,158.7699,149.85,157.92,84549468
1758288600,157.38,159.84,155.9,157.39,55448076
1758547800,157.42,162.68,157.42,159.79,46505480
1758634200,160.52,163.39,159.21,160.9,39448320
1758720600,162.98,165.1,158.43,160.88,38464120
1758807000,157.135,161.63,154.7798,161.27,36809877
1758893400,160.52,162.11,157.05,159.46,30316931
1759152600,160.12,164.3,159.9,161.36,39828794
1759239000,160.795,162.28,159.33,161.79,29669331
1759325400,160.93,164.18,160.49,164.01,39895177
1759411800,168.675,171.06,166.12,169.73,55475228
1759498200,170.68,170.68,163.14,164.67,42699147
1759757400,226.445,226.709,203.01,203.71,248859576
1759843800,214.85,218.9,209.28,211.51,115748143
1759930200,212.95,235.87,210.695,235.56,159983459
1760016600,236.3,240.1,229.53,232.89,94290740
1760103000,232.77,234.22,213.2001,214.9,118656636
1760362200,220.2,224.1899,214.9,216.42,63104021
1760448600,219.2,224.98,215.9,218.09,71216269
1760535000,222.705,239.24,220.7601,238.6,108480962
1760621400,236.285,241.2,232.24,234.56,69726437
1760707800,233.26,235.38,227.91,233.08,55804203
1760967000,236.465,242.88,234.4,240.56,56741695
1761053400,239.39,242.26,234.02,238.03,47122393
1761139800,236.85,240.1324,224.88,230.23,59668778
1761226200,230.16,235.9,228.54,234.99,39024429
1761312600,243.36,253.39,241.95,252.92,71221144
1761571800,257.88,260.42,249.8001,259.67,65613111
1761658200,259.14,264.58,257,258.01,47448669
1761744600,264.19,267.0799,257.4044,264.33,49335594
1761831000,259.92,263.88,252.31,254.84,45162492
1761917400,259.6,262.13,253.4064,256.12,34449205
1762180200,259.33,260.91,253.89,259.65,36351420
1762266600,250.35,257.38,247.39,250.05,56491830
1762353000,243.24,259.65,242.805,256.33,67366572
1762439400,253.465,253.51,235.74,237.7,66049698
1762525800,230.94,235.87,224.6401,233.54,52162576
1762785000,242.135,248.9,240.5,243.98,43361641
1762871400,241.655,248.46,234.64,237.52,61336768
1762957800,253.13,263.51,250,258.89,108941979
1763044200,251.9,259.6309,246.06,247.96,63178592
1763130600,240.11,253.44,235.08,246.81,47655644
1763389800,242.745,248.77,237.15,240.52,37942206
1763476200,236.78,238,224.71,230.29,45619850
1763562600,230.26,235.2799,219.7101,223.55,52093445
1763649000,232.7,234.25,204.53,206.02,66342870
1763735400,208.805,208.83,195,203.78,67421145
1763994600,207.16,217.13,205.85,215.05,46749561
1764081000,201.475,206.58,194.275,206.13,69773496
1764167400,210.05,215.5899,207,214.24,43270240
1764340200,216.135,218.3,214.02,217.53,18657987
1764599400,213.875,220.98,213.5,219.76,30768722
1764685800,221.79,225.98,214.39,215.24,42002462
1764772200,216.26,218.2,211.7686,217.6,28545180
1764858600,216.875,219.12,214.14,215.98,24478204
1764945000,217.165,223.642,216.24,217.97,33292396
1765204200,219.085,223.71,218.36,221.11,30943182
1765290600,221.04,224.84,217.907,221.62,25166128
1765377000,222,222.605,218.67,221.42,23279366
1765463400,217.81,221.4989,210.1901,221.43,30694649
1765549800,218.37,222.49,209.06,210.78,37073910
1765809000,212.28,215.36,206.58,207.58,27222196
1765895400,206.92,210.22,205.11,209.17,23467569
1765981800,210.035,211.5,197.53,198.11,31595409
1766068200,203.815,206.36,200.5001,201.06,29720136
1766154600,204.6,215.18,204.2001,213.43,58445450
1766413800,220,220.17,213.31,214.95,24950728
1766500200,212.855,217.03,212.28,214.9,20272288
1766586600,214.98,216.54,213.97,215.04,7956797
1766759400,215.43,216.83,213.03,214.99,15792558
1767018600,211.575,216.047,209.24,215.61,20326855
1767105000,215.865,216.82,214.33,215.34,16409566
1767191400,215.815,217.64,213.8,214.16,17591581
1767364200,218.9,227.15,218.895,223.47,36446169
1767623400,230.245,234.02,220.48,221.08,31941147
1767709800,222.71,222.92,211.25,214.35,40033208
1767796200,212.125,212.125,207.17,210.02,29715483
1767882600,210.9,210.94,203.33,204.68,27505031
1767969000,205.72,207.3,203.07,203.17,24217339
1768228200,201.18,209.88,199.8,207.69,27287274
1768314600,215.1,223.11,214.975,220.97,56894937
1768401000,217.54,224.09,215.11,223.6,40466520
1768487400,227.9,238.35,227.22,227.92,55270210
1768573800,234.3,234.49,228.86,231.83,42545614
1768919400,226.08,239.5,225.4105,231.92,44327712
1769005800,235.99,252.9,235.78,249.8,62385578
1769092200,251.745,256.08,246.632,253.73,37945005
1769178600,261.18,266.96,256.25,259.68,47525928
1769437800,256.745,258.2899,250.3,251.31,30672461
1769524200,252.16,255.55,247.96,252.03,25691598
1769610600,254.125,257.4,250.21,252.74,27061187
1769697000,254.655,260.5298,240.91,252.18,31685168
1769783400,236.93,245.24,234.55,236.73,40035670
1770042600,235.77,249.97,235,246.27,36308106
1770129000,251.55,252.65,237.0376,242.11,53097051
1770215400,215,218.58,199.1501,200.19,107173293
1770301800,201.855,204.04,190.72,192.5,62196419
1770388200,197.13,209.27,196.43,208.44,54504470
1770647400,206.895,217.6,204.15,216,38810841
1770733800,215.14,219.39,213.13,213.57,25326694
1770820200,217.88,219.65,209.21,213.58,33384744
1770906600,215.83,218.4564,205.14,205.94,32180957
1770993000,204.02,210.05,203.8801,207.32,26123882
1771338600,202.145,205.3,194.83,203.08,33712081
1771425000,198.405,203.2,195.0001,200.12,35664087
1771511400,200.11,204.1,198.2939,203.37,25842274
1771597800,200.115,204.87,198.56,200.15,36317256
1771857000,198.09,199.38,194.15,196.6,28187909
1771943400,211.63,216.71,206.5,213.84,81367020
1772029800,214.82,216.7,210.33,210.86,44588059
1772116200,208.8,209.79,201.46,203.68,35020472
1772202600,200.105,201.89,197.74,200.21,31312396
1772461800,193.845,198.74,190,198.62,34120155
1772548200,191.46,193.64,188.22,190.95,37785697