time,open,high,low,close,Volume
1432215000,2.8,2.874,2.411,2.568,123052230
1432301400,2.617,3.11,2.6,2.831,28427810
1432647000,2.98,3.034,2.908,2.965,8202140
1432733400,3.067,3.081,2.7,2.75,7980260
1432819800,2.755,2.774,2.648,2.745,4003670
1432906200,2.725,2.738,2.687,2.72,2559750
1433165400,2.72,2.744,2.66,2.733,2570400
1433251800,2.747,2.747,2.665,2.695,3797840
1433338200,2.676,2.75,2.65,2.744,3029480
1433424600,2.742,2.749,2.551,2.678,3225770
1433511000,2.666,2.739,2.61,2.739,1295600
1433770200,2.69,2.748,2.682,2.698,2809250
1433856600,2.664,2.846,2.664,2.834,3377850
1433943000,2.845,2.888,2.795,2.81,2735880
1434029400,2.849,3.073,2.849,3.073,4617190
1434115800,3.132,3.37,3.125,3.363,8483520
1434375000,3.397,3.812,3.29201,3.55,16944600
1434461400,3.606,3.8379,3.584,3.811,11095420
1434547800,3.963,4.213,3.801,3.863,15957020
1434634200,3.842,3.88899,3.43265,3.555,11481730
1434720600,3.633,3.674,3.255,3.552,9796920
1434979800,3.676,3.85,3.609,3.694,7922380
1435066200,3.775,3.81,3.517,3.543,2942270
1435152600,3.512,3.7429,3.414,3.596,5643670
1435239000,3.634,3.65,3.48,3.484,2081830
1435325400,3.487,3.532,3.263,3.352,3465330
1435584600,3.252,3.351,3.12,3.132,3155200
1435671000,3.15,3.444,3.15,3.395,4735870
1435757400,3.403,3.497,2.988,3.111,10126140
1435843800,3.151,3.173,3.062,3.131,3042530
1436189400,3.107,3.174,3.038,3.053,1493360
1436275800,3.047,3.083,2.85,3.076,3489450
1436362200,3.002,3.03599,2.903,2.919,1873640
1436448600,2.973,3.038,2.88,2.906,2491000
1436535000,2.932,3.029,2.91,2.96,2804860
1436794200,2.985,3.099,2.976,3.042,2200530
1436880600,3.078,3.13268,3.05,3.086,1455200
1436967000,3.089,3.101,2.891,2.934,3571370
1437053400,2.906,2.987,2.89307,2.939,1482650
1437139800,2.932,3.235,2.915,3.227,16198180
1437399000,3.237,3.393,3.16413,3.375,4141540
1437485400,3.395,3.46599,3.209,3.322,4147690
1437571800,3.299,3.349,3.136,3.214,2557000
1437658200,3.259,3.443,3.258,3.311,2657710
1437744600,3.345,3.475,3.324,3.357,3577210
1438003800,3.34,3.395,3.205,3.287,2004950
1438090200,3.35,3.448,3.283,3.406,1750340
1438176600,3.41,3.485,3.32,3.416,2015440
1438263000,3.8655,4.025,3.701,3.813,11627880
1438349400,3.813,3.825,3.635,3.739,5258880
1438608600,3.749,4.049,3.66,4.036,5351200
1438695000,4.011,4.111,3.813,3.841,5733500
1438781400,3.902,3.997,3.816,3.845,2910940
1438867800,3.84,3.875,3.52,3.628,3830390
1438954200,3.627,3.627,3.425,3.516,3215480
1439213400,3.53,3.614,3.287,3.347,4803930
1439299800,3.366,3.559,3.29637,3.514,2693000
1439386200,3.485,3.521,3.375,3.473,2368720
1439472600,3.479,3.649,3.451,3.531,2262280
1439559000,3.5,3.575,3.409,3.456,1437130
1439818200,3.477,3.5,3.33,3.441,1623230
1439904600,3.418,3.418,3.248,3.26,1869960
1439991000,3.237,3.247,3.06,3.11,4447100
1440077400,3.076,3.11,2.915,2.922,2698450
1440163800,2.875,2.997,2.731,2.777,4041950
1440423000,2.551,2.849,2.27,2.628,4271010
1440509400,2.829,2.978,2.685,2.693,3042940
1440595800,2.85,2.857,2.63001,2.822,3900640
1440682200,2.894,2.96,2.78,2.851,2682240
1440768600,2.836,2.9008,2.772,2.8,1370400
1441027800,2.814,2.877,2.709,2.754,1305240
1441114200,2.729,2.729,2.639,2.66,1300890
1441200600,2.673,2.7549,2.606,2.67,1670110
1441287000,2.656,2.8,2.65101,2.715,1324960
1441373400,2.698,2.723,2.637,2.681,1290800
1441719000,2.703,2.7645,2.6745,2.714,1074370
1441805400,2.79,2.851,2.589,2.601,3203890
1441891800,2.605,2.64743,2.55801,2.577,1390500
1441978200,2.555,2.647,2.555,2.636,1873530
1442237400,2.627,2.726,2.601,2.721,2208900
1442323800,2.714,2.846,2.71,2.811,2511460
1442410200,2.813,2.926,2.804,2.891,1331050
1442496600,2.989,3.795,2.985,3.555,21122540
1442583000,3.5725,3.747,3.452,3.566,7869080
1442842200,3.57,3.7,3.475,3.483,3934550
1442928600,3.45,3.45,3.281,3.366,3327110
1443015000,3.353,3.467,3.283,3.35,3400410
1443101400,3.298,3.40899,3.209,3.347,2447870
1443187800,3.385,3.564,3.312,3.391,3551650
1443447000,3.364,3.39672,3.25,3.305,2048930
1443533400,3.241,3.3985,3.241,3.364,2213000
1443619800,3.569,3.5765,3.366,3.52,2999430
1443706200,3.537,3.575,3.373,3.507,2479520
1443792600,3.465,3.61,3.419,3.581,2365830
1444051800,3.605,3.929,3.605,3.676,6644340
1444138200,3.672,3.74199,3.50101,3.621,2812380
1444224600,3.601,3.737,3.5902,3.733,2363480
1444311000,3.721,3.9,3.64501,3.824,4720610
1444397400,3.84,3.88723,3.66001,3.702,1640360
1444656600,3.704,3.7342,3.05,3.431,8193860
1444743000,3.497,3.56,3.306,3.312,1912410
1444829400,3.349,3.45,3.2235,3.364,2947160
1444915800,3.364,3.442,3.32,3.414,2626010
1445002200,3.451,3.459,3.34,3.433,2689760
1445261400,3.428,3.489,3.311,3.336,2958780
1445347800,3.344,3.353,3.119,3.15,2847000
1445434200,3.154,3.254,3.132,3.195,1533740
1445520600,3.227,3.245,3.171,3.201,2293370
1445607000,3.198,3.24336,3.109,3.166,1997750
1445866200,3.166,3.175,3.076,3.107,1079850
1445952600,3.068,3.104,2.972,3.104,2961540
1446039000,3.062,3.124,3.026,3.112,1090600
1446125400,3.082,3.202,3.011,3.159,1715090
1446211800,3.149,3.249,3.10001,3.222,2607460
1446474600,3.236,3.362,3.091,3.096,3020040
1446561000,3.105,3.175,2.964,3.144,5541610
1446647400,3.373,3.393,2.963,3.175,9636760
1446733800,3.251,3.354,3.135,3.162,5644790
1446820200,3.16,3.241,3.149,3.154,4023290
1447079400,3.163,3.164,2.974,3.023,2992430
1447165800,3.01,3.045,2.82,2.859,3445010
1447252200,2.883,2.9,2.77,2.818,3107690
1447338600,2.8,2.98899,2.75801,2.886,5408120
1447425000,2.893,3,2.817,2.833,3687570
1447684200,2.826,2.863,2.638,2.735,7291570
1447770600,2.65,2.7,2.553,2.639,26040990
1447857000,2.687,2.8,2.65,2.8,19073760
1447943400,2.8,2.972,2.784,2.945,12338330
1448029800,2.95,2.96,2.772,2.823,8841760
1448289000,2.815,2.9,2.7861,2.887,3863030
1448375400,2.846,2.846,2.681,2.695,11926200
1448461800,2.725,2.76783,2.626,2.644,9344560
1448634600,2.68,2.698,2.63,2.671,3141460
1448893800,2.69,2.696,2.622,2.634,5097680
1448980200,2.618,2.67,2.618,2.628,4329790
1449066600,2.632,2.657,2.58,2.641,3854990
1449153000,2.65,2.688,2.613,2.683,6136970
1449239400,2.685,2.74,2.654,2.712,6292950
1449498600,2.663,2.715,2.654,2.688,6162490
1449585000,2.64,2.679,2.604,2.648,4731640
1449671400,2.628,2.628,2.442,2.481,9383180
1449757800,2.481,2.5205,2.455,2.496,5648180
1449844200,2.463,2.528,2.454,2.476,1911890
1450103400,2.463,2.5,2.416,2.456,2903650
1450189800,2.449,2.557,2.44,2.536,5266150
1450276200,2.55,2.636,2.529,2.621,6100960
1450362600,2.629,2.68,2.616,2.653,3737490
1450449000,2.617,2.637,2.531,2.531,3531200
1450708200,2.55,2.574,2.406,2.445,2730190
1450794600,2.45,2.483,2.42222,2.466,1837980
1450881000,2.469,2.529,2.457,2.492,1417770
1450967400,2.494,2.545,2.493,2.534,1039430
1451313000,2.527,2.546,2.476,2.484,1124560
1451399400,2.501,2.568,2.4881,2.518,1845740
1451485800,2.512,2.656,2.512,2.598,2428790
1451572200,2.585,2.61999,2.522,2.58,2349420
1451917800,2.542,2.5835,2.452,2.572,6017720
1452004200,2.55,2.65,2.526,2.531,4182030
1452090600,2.495,2.534,2.418,2.53,2565650
1452177000,2.5,2.558,2.463,2.467,4159830
1452263400,2.5,2.537,2.47,2.493,1373940
1452522600,2.495,2.503,2.353,2.387,2945400
1452609000,2.415,2.472,2.341,2.374,3697780
1452695400,2.373,2.3925,2.125,2.138,5105160
1452781800,2.144,2.144,1.985,2.064,8137220
1452868200,2.024,2.024,1.848,1.989,9212680
1453213800,2.143,2.155,2.018,2.03,8834990
1453300200,2,2.09499,1.861,2.053,5026230
1453386600,2.093,2.34,2.056,2.279,11028310
1453473000,2.347,2.371,2.264,2.307,7820460
1453732200,2.313,2.368,2.266,2.313,3380280
1453818600,2.344,2.351,2.2385,2.309,1756160
1453905000,2.292,2.324,2.2,2.2,2890160
1453991400,2.227,2.29,2.201,2.25,3153480
1454077800,2.249,2.33,2.237,2.322,5384150
1454337000,2.326,2.371,2.286,2.353,3733710
1454423400,2.327,2.3515,2.219,2.262,5386600
1454509800,2.289,2.303,2.172,2.3,5558140
1454596200,2.286,2.379,2.281,2.348,3637060
1454682600,2.333,2.3435,2.127,2.187,13917630
1454941800,2.152,2.175,1.992,2.038,6236530
1455028200,2.032,2.103,1.969,1.985,3926940
1455114600,2.001,2.057,1.9845,1.997,1602110
1455201000,1.95,1.999,1.89,1.937,2126310
1455287400,1.939,1.985,1.858,1.933,4952430
1455633000,2.054,2.142,1.982,2.05,11851080
1455719400,2.42,2.481,2.164,2.237,34919580
1455805800,2.299,2.317,2.055,2.059,14587460
1455892200,2.022,2.075,1.984,2.057,6386610
1456151400,2.08,2.139,2.061,2.121,7639850
1456237800,2.106,2.137,1.951,2.004,13057940
1456324200,1.977,2.119,1.968,2.102,9714770
1456410600,2.133,2.183,2.077,2.166,12715270
1456497000,2.169,2.212,2.13201,2.2,11061870
1456756200,2.203,2.29,2.19,2.238,6481480
1456842600,2.267,2.287,2.201,2.269,6926790
1456929000,2.264,2.444,2.247,2.436,14957690
1457015400,2.436,2.571,2.3675,2.427,12104500
1457101800,2.451,2.55,2.44,2.516,8772190
1457361000,2.5,2.591,2.477,2.587,8618930
1457447400,2.621,2.699,2.595,2.679,13481780
1457533800,2.691,2.691,2.602,2.607,9498960
1457620200,2.643,2.645,2.531,2.539,4906200
1457706600,2.575,2.677,2.564,2.67,6347410
1457962200,2.693,2.7,2.625,2.658,2149780
1458048600,2.635,2.6454,2.56555,2.583,2693320
1458135000,2.584,2.695,2.557,2.68,4010240
1458221400,2.689,2.724,2.656,2.715,5607980
1458307800,2.809,2.878,2.752,2.849,14563020
1458567000,2.848,2.863,2.765,2.804,4082720
1458653400,2.776,2.814,2.706,2.751,6681960
1458739800,2.728,2.75899,2.609,2.62,3823560
1458826200,2.75,2.778,2.612,2.699,6822720
1459171800,2.768,2.781,2.688,2.759,5444010
1459258200,2.753,2.808,2.735,2.797,4029940
1459344600,2.825,2.862,2.774,2.777,5441320
1459431000,2.796,2.85989,2.796,2.821,5311080
1459517400,2.788,2.867,2.7565,2.845,6528220
1459776600,2.902,2.99889,2.875,2.93,16197590
1459863000,2.924,2.924,2.864,2.875,5586700
1459949400,2.883,2.97399,2.878,2.95,4937830
1460035800,2.947,2.969,2.8941,2.921,3204220
1460122200,2.942,3,2.924,2.955,4433680
1460381400,2.994,3.001,2.95,2.952,5687290
1460467800,2.95,3.009,2.928,2.977,4081450
1460554200,2.996,3.028,2.975,2.98,4950880
1460640600,3.027,3.099,2.985,3.096,6278050
1460727000,3.102,3.109,3.055,3.097,2903610
1460986200,3.107,3.195,3.023,3.153,6210520
1461072600,3.193,3.239,3.15,3.205,4837530
1461159000,3.226,3.23102,3.15,3.15,4421050
1461245400,3.165,3.196,3.135,3.153,2628570
1461331800,3.153,3.199,3.12,3.181,2241960
1461591000,3.19,3.19883,3.08,3.113,3262460
1461677400,3.139,3.159,3.089,3.147,2169200
1461763800,3.149,3.2,3.125,3.183,2407090
1461850200,3.206,3.21,3.149,3.175,2825110
1461936600,3.186,3.228,3.165,3.185,3652190
1462195800,3.188,3.188,3.08201,3.141,5063720
1462282200,3.1,3.1343,3.065,3.074,4247780
1462368600,3.073,3.11399,2.805,2.961,18394390
1462455000,2.953,2.98,2.81,2.852,10547660
1462541400,2.84,2.84,2.743,2.772,7288350
1462800600,2.743,2.75,2.57,2.646,16236150
1462887000,2.657,2.674,2.616,2.663,5850610
1462973400,2.663,2.663,2.596,2.627,4103020
1463059800,2.631,2.714,2.631,2.695,6329800
1463146200,2.691,2.718,2.496,2.629,3965840
1463405400,2.644,2.66,2.601,2.616,5207690
1463491800,2.617,2.695,2.601,2.68,6886630
1463578200,2.665,2.748,2.615,2.634,6252520
1463664600,2.607,2.629,2.57,2.597,7604490
1463751000,2.6,2.639,2.6,2.61,3666260
1464010200,2.615,2.729,2.609,2.682,7126830
1464096600,2.668,2.737,2.641,2.706,8433290
1464183000,2.71,2.833,2.704,2.82,9244430
1464269400,2.84,2.84,2.76,2.776,3637940
1464355800,2.767,2.869,2.762,2.857,3977690
1464701400,2.879,2.941,2.86,2.929,8525590
1464787800,3.015,3.131,2.99001,3.107,27179560
1464874200,3.025,3.09,2.98,2.984,12774070
1464960600,2.999,3.015,2.93,2.958,4964890
1465219800,2.972,3.008,2.945,3,9871720
1465306200,2.99,3.01399,2.959,2.986,10184210
1465392600,2.992,3.038,2.983,3.009,6772910
1465479000,2.992,3.012,2.935,2.941,4981500
1465565400,2.902,2.92,2.813,2.828,6365270
1465824600,2.815,2.843,2.775,2.799,3264190
1465911000,2.785,2.907,2.775,2.905,4149970
1465997400,2.901,2.948,2.862,2.866,3753620
1466083800,2.864,2.864,2.776,2.837,2869700
1466170200,2.853,2.912,2.821,2.894,3441920
1466429400,2.926,3.008,2.89,2.977,9537320
1466515800,2.966,3.002,2.947,2.987,6176850
1466602200,2.976,3.0155,2.954,2.981,3831180
1466688600,3.006,3.151,2.975,3.12,9710620
1466775000,2.907,3.014,2.844,2.907,5885620
1467034200,2.86,2.903,2.635,2.716,8878960
1467120600,2.779,2.854,2.724,2.854,6409340
1467207000,2.916,3.035,2.91,3.032,6407530
1467293400,3.042,3.111,2.9965,3.076,9009320
1467379800,3.075,3.102,3.065,3.083,5490620
1467725400,3.097,3.097,3.025,3.061,6591940
1467811800,3.026,3.07,3,3.065,3820750
1467898200,3.062,3.084,3.025,3.037,3052410
1467984600,3.06,3.111,3.0541,3.1,8898000
1468243800,3.1,3.2,3.088,3.185,10496680
1468330200,3.2,3.325,3.19501,3.249,14485540
1468416600,3.278,3.3,3.181,3.199,5939210
1468503000,3.241,3.25,3.189,3.21,6115930
1468589400,3.222,3.246,3.182,3.232,11516730
1468848600,3.279,3.2879,3.191,3.22,7798520
1468935000,3.234,3.335,3.228,3.326,15700830
1469021400,3.281,3.357,3.273,3.309,12393290
1469107800,3.321,3.349,3.225,3.273,9945280
1469194200,3.29,3.346,3.247,3.287,16369730
1469453400,3.296,3.31,3.25,3.26,5406460
1469539800,3.254,3.273,3.183,3.255,8027450
1469626200,3.298,3.352,3.279,3.321,8568660
1469712600,3.351,3.457,3.343,3.427,10468900
1469799000,3.431,3.476,3.35,3.427,6725410
1470058200,3.442,3.448,3.3091,3.405,7302720
1470144600,3.422,3.455,3.285,3.353,12038380
1470231000,3.497,3.715,3.32,3.679,33537170
1470317400,3.585,3.695,3.555,3.685,15616060
1470403800,3.706,3.74,3.636,3.701,9321630
1470663000,3.753,3.874,3.7325,3.831,12032950
1470749400,3.833,3.923,3.801,3.879,13567950
1470835800,3.913,3.975,3.912,3.929,10584710
1470922200,3.955,4.093,3.955,3.991,21463900
1471008600,3.992,4.055,3.901,3.938,9703670
1471267800,3.986,3.99,3.888,3.908,11992020
1471354200,3.802,3.948,3.7,3.837,19243210
1471440600,3.89,3.957,3.86,3.874,58121080
1471527000,3.873,4.065,3.868,4.025,21969180
1471613400,4.037,4.279,4.025,4.241,17385120
1471872600,4.271,4.271,4.139,4.247,10157740
1471959000,4.298,4.362,4.169,4.176,17032530
1472045400,4.188,4.265,4.071,4.094,7926210
1472131800,4.078,4.107,4.021,4.063,9426490
1472218200,4.081,4.197,4.081,4.152,5865160
1472477400,4.152,4.18099,4.107,4.139,3897420
1472563800,4.142,4.155,4.088,4.129,3926970
1472650200,4.114,4.141,4.08,4.136,6719250
1472736600,4.12,4.14,3.991,4.067,9715020
1472823000,4.095,4.378,4.095,4.242,14498110
1473168600,4.282,4.357,4.25,4.319,8102300
1473255000,4.345,4.368,4.232,4.278,5233900
1473341400,4.27,4.348,4.239,4.321,6511790
1473427800,4.265,4.2825,4.074,4.104,9505640
1473687000,4.008,4.233,3.978,4.163,10294960
1473773400,4.118,4.154,3.995,4.057,5910310
1473859800,4.074,4.17437,4.056,4.09,5796600
1473946200,4.121,4.21,4.077,4.177,5236950
1474032600,4.186,4.186,4.081,4.149,6893530
1474291800,4.198,4.487,4.179,4.295,16824280
1474378200,4.313,4.332,4.152,4.246,9734770
1474464600,4.293,4.465,4.275,4.45,10570180
1474551000,4.499,4.52,4.36001,4.386,10216440
1474637400,4.386,4.397,4.286,4.335,6278370
1474896600,4.312,4.347,4.29,4.32,4230360
1474983000,4.317,4.4,4.302,4.387,4647380
1475069400,4.27,4.316,4.074,4.275,14681690
1475155800,4.301,4.41199,4.263,4.296,6664150
1475242200,4.303,4.339,4.277,4.292,3848180
1475501400,4.324,4.376,4.2277,4.303,5829920
1475587800,4.367,4.409,4.314,4.341,5605140
1475674200,4.382,4.43,4.326,4.377,4930420
1475760600,4.394,4.394,4.321,4.368,3130940
1475847000,4.407,4.454,4.351,4.436,7354200
1476106200,4.487,4.5,4.353,4.373,4308280
1476192600,4.437,4.437,4.191,4.23,5561250
1476279000,4.212,4.273,4.167,4.239,3380750
1476365400,4.2,4.233,4.015,4.209,9197550
1476451800,4.247,4.363,4.215,4.282,5012720
1476711000,4.221,4.275,4.169,4.202,4449750
1476797400,4.255,4.264,4.214,4.248,2307890
1476883800,4.253,4.424,4.242,4.339,5021440
1476970200,4.341,4.35,4.28,4.315,2480910
1477056600,4.272,4.367,4.272,4.348,3306170
1477315800,4.375,4.424,4.355,4.386,3313490
1477402200,4.421,4.421,4.315,4.349,4567510
1477488600,4.331,4.369,4.288,4.303,6837770
1477575000,4.313,4.35758,4.134,4.135,6025750
1477661400,4.131,4.162,4.083,4.084,8141520
1477920600,4.103,4.175,4.08649,4.145,6556970
1478007000,4.131,4.189,4.069,4.078,9371730
1478093400,4.2,4.518,4.184,4.357,21510350
1478179800,4.295,4.335,3.875,4.041,25538990
1478266200,4.018,4.067,3.897,3.915,9358490
1478529000,4.047,4.047,3.954,4.015,8248070
1478615400,4.014,4.156,3.977,4.135,8012040
1478701800,3.979,4.113,3.953,4.058,10861370
1478788200,4.073,4.154,3.95,4.009,9394020
1478874600,3.988,4.005,3.892,3.966,8913550
1479133800,3.995,3.995,3.774,3.79,11786550
1479220200,3.798,4.036,3.79,3.992,9416900
1479306600,3.989,4.0729,3.945,4.036,5641990
1479393000,4.108,4.234,4.036,4.202,11617140
1479479400,4.249,4.424,4.209,4.405,14244800
1479738600,4.403,4.545,4.376,4.489,12719670
1479825000,4.483,4.523,4.255,4.296,16992930
1479911400,4.293,4.3415,4.259,4.305,7846290
1480084200,4.346,4.36754,4.305,4.327,2070670
1480343400,4.371,4.375,4.232,4.249,5005810
1480429800,4.288,4.32,4.235,4.259,4452430
1480516200,4.307,4.325,4.159,4.167,8208670
1480602600,4.181,4.206,3.962,3.967,11175190
1480689000,3.973,4.038,3.869,3.905,12779330
1480948200,3.947,4.123,3.947,4.057,8898770
1481034600,4.095,4.14235,4.019,4.09,3945860
1481121000,4.117,4.121,4.005,4.072,5356050
1481207400,4.109,4.2985,4.05394,4.263,11161940
1481293800,4.3,4.367,4.178,4.222,7131000
1481553000,4.275,4.287,4.187,4.204,5055680
1481639400,4.201,4.273,4.1895,4.227,5479230
1481725800,4.231,4.252,4.138,4.175,5342880
1481812200,4.162,4.283,4.135,4.241,7037170
1481898600,4.25,4.262,4.189,4.205,4460440
1482157800,4.235,4.292,4.175,4.187,5219150
1482244200,4.187,4.196,4.11001,4.142,5156350
1482330600,4.152,4.152,4.064,4.08,6494930
1482417000,4.08,4.0909,3.9851,4.017,5025630
1482503400,4.004,4.138,4.004,4.134,6398290
1482849000,4.154,4.38,4.15198,4.364,7515730
1482935400,4.353,4.424,4.283,4.322,8692190
1483021800,4.339,4.39,4.252,4.31,5326160
1483108200,4.328,4.348,4.261,4.287,4068680
1483453800,4.328,4.346,4.2135,4.282,7059340
1483540200,4.326,4.442,4.285,4.414,8481400
1483626600,4.447,4.794,4.425,4.768,50701930
1483713000,4.736,4.765,4.57,4.69,20614770
1483972200,4.711,4.754,4.67,4.718,9211220
1484058600,4.702,4.913,4.702,4.787,16010420
1484145000,4.793,4.871,4.7281,4.833,9476440
1484231400,4.864,4.885,4.761,4.858,9289480
1484317800,4.858,4.943,4.802,4.81,10541740
1484663400,4.883,4.975,4.831,4.952,13063220
1484749800,4.966,5,4.904,4.998,8460450
1484836200,5.012,5.113,4.99,5.066,10003220
1484922600,5.077,5.137,4.9871,5.009,9166620
1485181800,5.01,5.035,4.925,4.944,8719390
1485268200,4.986,5,4.893,4.942,8523300
1485354600,5.011,5.198,5.002,5.136,11164890
1485441000,5.181,5.2,5.065,5.101,8375870
1485527400,5.1,5.164,5.1,5.154,5326510
1485786600,5.161,5.173,4.997,5.07,9376620
1485873000,5.034,5.085,5.017,5.082,7042950
1485959400,5.164,5.17074,5.062,5.119,5526130
1486045800,5.118,5.265,5.104,5.232,9548480
1486132200,5.261,5.263,5.14,5.212,7688640
1486391400,5.219,5.274,5.146,5.268,4209960
1486477800,5.299,5.366,5.265,5.313,6812050
1486564200,5.359,5.364,5.273,5.337,7042700
1486650600,5.375,5.5,5.375,5.461,9002400
1486737000,5.523,5.625,5.49,5.522,17854390
1486996200,5.601,5.716,5.532,5.605,25411110
1487082600,5.632,5.632,5.515,5.605,19666130
1487169000,5.487,6.14899,5.43,6.061,56969040
1487255400,6.118,6.247,5.956,6.097,21867490
1487341800,6.076,6.168,6.003,6.152,11942780
1487687400,6.215,6.393,6.186,6.308,19520540
1487773800,6.3,6.38,6.17801,6.359,11990670
1487860200,6.417,6.436,6.183,6.273,14701430
1487946600,6.202,6.228,6.0591,6.175,11686300
1488205800,6.18,6.187,5.982,5.993,15351120
1488292200,5.947,6.084,5.915,5.921,11341930
1488378600,6.017,6.017,5.902,5.965,11017600
1488465000,5.972,6.065,5.948,5.967,9640830
1488551400,5.964,6.03799,5.912,6.029,9894970
1488810600,5.994,6.02599,5.86266,5.932,6986040
1488897000,5.929,6.066,5.92001,6.013,10836700
1488983400,6.025,6.15,6.008,6.091,8752470
1489069800,6.106,6.253,6.07154,6.239,9958710
1489156200,6.34,6.433,6.25,6.415,12182930
1489411800,6.438,6.521,6.396,6.493,10036860
1489498200,6.462,6.473,6.352,6.383,7021220
1489584600,6.403,6.499,6.308,6.484,8826490
1489671000,6.501,6.53,6.456,6.499,5413410
1489757400,6.549,6.739,6.528,6.699,14965880
1490016600,6.736,6.8916,6.72,6.886,18058570
1490103000,6.993,7.157,6.684,6.719,36317370
1490189400,6.697,6.748,6.475,6.671,14457710
1490275800,6.681,6.83,6.673,6.758,13075710
1490362200,6.801,7.0108,6.769,6.898,14624810
1490621400,6.83,7.07499,6.733,7.04,16209530
1490707800,7.066,7.3,7.05509,7.237,17408360
1490794200,7.278,7.299,7.08,7.272,15633540
1490880600,7.269,7.2865,6.872,6.905,30924660
1490967000,6.786,6.944,6.705,6.809,26649760
1491226200,6.816,6.9349,6.722,6.923,13879050
1491312600,6.923,7,6.816,6.853,10136040
1491399000,6.885,6.964,6.773,6.789,10141200
1491485400,6.791,6.8875,6.791,6.852,8401830
1491571800,6.858,6.89824,6.828,6.871,4749750
1491831000,6.909,7.006,6.875,6.928,9960890
1491917400,6.912,6.97,6.745,6.906,9659010
1492003800,6.9,7.007,6.8931,6.925,7615170
1492090200,6.933,7.188,6.90801,7.063,16429980
1492435800,7.146,7.226,7.078,7.17,10189270
1492522200,7.17,7.22,7.08625,7.158,8248740
1492608600,7.19,7.35,7.17,7.264,12155620
1492695000,7.34,7.625,7.326,7.606,16670160
1492781400,7.762,7.779,7.497,7.638,17785870
1493040600,7.794,7.819,7.52,7.583,15652130
1493127000,7.603,7.676,7.446,7.665,17629940
1493213400,7.504,7.517,7.233,7.412,20138300
1493299800,7.339,7.44,7.127,7.309,17545710
1493386200,7.332,7.604,7.315,7.595,19030720
1493645400,7.57,7.778,7.482,7.726,25134140
1493731800,8.041,8.45799,7.75709,8.298,61483990
1493818200,8.179,8.356,8.072,8.172,21848190
1493904600,8.293,8.293,8.104,8.135,13981010
1493991000,8.172,8.582,8.172,8.553,18621000
1494250200,8.702,8.7253,8.56,8.678,20353280
1494336600,8.725,9.113,8.685,8.915,25193540
1494423000,8.952,9.353,8.951,9.306,22642280
1494509400,9.325,9.356,8.88,9.202,28574970
1494595800,9.195,9.494,9.1,9.358,18140900
1494855000,9.444,9.588,9.351,9.424,23272140
1494941400,9.496,9.585,9.26,9.493,22766790
1495027800,9.305,9.325,8.957,8.984,33529520
1495114200,8.317,9.298,8.1,9.211,79796410
1495200600,9.06,9.189,8.75,8.887,78909130
1495459800,8.994,9.09,8.861,8.96,17968780
1495546200,9.086,9.125,8.96301,9.002,19912950
1495632600,9.019,9.15,9.007,9.081,12444600
1495719000,9.135,9.195,8.935,9.022,14961980
1495805400,9.026,9.111,9,9.074,10997600
1496151000,9.11,9.324,8.969,9.057,19703430
1496237400,9.088,9.228,8.892,9.186,24887340
1496323800,9.249,9.37,9.054,9.344,18318240
1496410200,9.37,9.785,9.345,9.753,31665710
1496669400,9.835,9.938,9.611,9.748,21286760
1496755800,9.696,9.978,9.637,9.861,19486810
1496842200,9.89,9.96,9.651,9.699,18351060
1496928600,9.728,9.886,9.564,9.884,14012340
1497015000,9.87,10.08,8.931,9.145,46563010
1497274200,9.001,9.038,8.251,8.889,52444200
1497360600,8.739,9.056,8.4476,8.693,39554590
1497447000,8.747,8.82,8.443,8.536,21236280
1497533400,8.19,8.554,8.155,8.548,28960620
1497619800,8.696,8.819,8.568,8.693,24991840
1497879000,8.828,9.084,8.779,9.056,21835060
1497965400,9.111,9.185,8.861,8.894,15489130
1498051800,8.924,9.178,8.92,9.125,14973980
1498138200,9.132,9.211,9.027,9.137,10133230
1498224600,9.104,9.52,9.05,9.448,14626760
1498483800,9.511,9.698,9.027,9.204,19545640
1498570200,9.124,9.22,8.68,8.704,21758830
1498656600,8.783,8.959,8.551,8.952,20482180
1498743000,8.897,8.897,8.316,8.64,27202590
1498829400,8.586,8.8,8.564,8.69,16975380
1499088600,8.715,8.791,8.48,8.6,8874460
1499261400,8.563,8.947,8.558,8.811,17841640
1499347800,8.664,8.783,8.581,8.621,12132750
1499434200,8.718,8.923,8.7,8.899,10226200
1499693400,8.91,9.148,8.8288,9.099,12844390
1499779800,9.076,9.257,9.01722,9.129,12596950
1499866200,9.215,9.517,9.2,9.468,17609410
1499952600,9.574,9.68,9.251,9.302,17899520
1500039000,9.383,9.389,9.17,9.241,10217240
1500298200,9.222,9.33,8.96341,9.049,15206360
1500384600,9.129,9.39032,9.011,9.318,14323970
1500471000,9.374,9.45,9.13,9.19,13943320
1500557400,9.243,9.283,9.019,9.087,9614550
1500643800,9.045,9.126,8.933,8.942,14007680
1500903000,8.987,9.365,8.949,9.361,14664500
1500989400,9.356,9.365,9.07,9.216,11974650
1501075800,9.295,9.5,9.285,9.392,11637620
1501162200,9.47,9.55,8.86403,9.043,22210400
1501248600,8.955,9.342,8.82911,9.298,14140720
1501507800,9.367,9.452,9.136,9.237,24977440
1501594200,10.392,10.579,9.86,10.408,96722700
1501680600,10.45,10.454,9.729,9.835,45078490
1501767000,9.95,9.989,9.656,9.716,22855470
1501853400,9.732,9.844,9.603,9.628,14794690
1502112600,9.645,9.91,9.643,9.779,10775600
1502199000,9.793,9.89,9.6,9.651,14673790
1502285400,9.518,9.645,9.421,9.519,17506640
1502371800,9.448,9.448,8.821,8.84,33965960
1502458200,8.851,9.3,8.85,9.171,19511200
1502717400,9.329,9.55,9.325,9.406,16806370
1502803800,9.426,9.4569,9.277,9.315,8073080
1502890200,9.363,9.487,9.30101,9.461,7499930
1502976600,9.439,9.572,9.347,9.35,13983570
1503063000,9.357,9.51478,9.3021,9.458,9886370
1503322200,9.458,9.647,9.45,9.627,11275030
1503408600,9.691,9.891,9.662,9.861,13576920
1503495000,9.782,10.28,9.714,10.246,23742940
1503581400,10.29,10.69,10.275,10.653,33777610
1503667800,10.683,10.7,10.275,10.374,17227940
1503927000,10.396,10.493,10.162,10.379,11124230
1504013400,10.17,10.5,10.133,10.437,11372080
1504099800,10.476,10.877,10.46,10.844,15385300
1504186200,10.926,11.157,10.831,11.092,16043410
1504272600,11.181,11.2,10.986,11.086,10228030
1504618200,10.997,11.2,10.803,11.067,15632440
1504704600,11.09,11.194,10.875,11.022,11403240
1504791000,11.047,11.353,11.014,11.346,11384850
1504877400,11.329,11.488,11.24,11.361,9253360
1505136600,11.544,11.86041,11.49,11.799,14288010
1505223000,11.894,12.082,11.688,12.05,17705440
1505309400,12.053,12.25,11.793,11.921,20060270
1505395800,11.933,12.1,11.661,12.02,10664290
1505482200,12.002,12.121,11.9375,12.026,8479040
1505741400,12.08,12.394,12.0701,12.242,13739260
1505827800,12.333,12.388,12.214,12.294,7859560
1505914200,12.282,12.363,11.74,11.929,18284400
1506000600,11.886,12.0838,11.626,12.015,12901650
1506087000,11.967,12.146,11.853,12.027,7609270
1506346200,11.985,11.988,11.351,11.447,23169640
1506432600,11.61,11.771,11.188,11.338,18069980
1506519000,11.494,11.869,11.41004,11.74,15799790
1506605400,11.752,11.768,11.512,11.645,8890870
1506691800,11.661,11.776,11.53,11.649,8671450
1506951000,11.7,11.967,11.674,11.9,11167160
1507037400,11.99,12.069,11.63256,11.681,16883180
1507123800,11.683,11.693,10.075,10.33,208958730
1507210200,9.753,10.343,9.331,10.043,197807420
1507296600,9.8,10.02,9.556,9.792,77796610
1507555800,9.652,9.849,9.604,9.738,29679810
1507642200,9.727,9.9,8.935,9.257,113731600
1507728600,9.191,9.667,9.19,9.502,62150480
1507815000,9.63,9.73,9.413,9.436,35172090
1507901400,9.44,9.52372,9.3698,9.422,17604740
1508160600,9.45,9.72115,9.334,9.698,29524410
1508247000,9.7,9.751,9.54,9.621,24754090
1508333400,9.607,9.97,9.59,9.893,24979830
1508419800,9.817,9.85,9.625,9.825,19859560
1508506200,9.86,10.25,9.855,10.21,32929510
1508765400,10.309,10.414,10.14,10.291,24291640
1508851800,10.289,10.748,10.289,10.641,28781700
1508938200,10.725,10.853,10.0701,10.299,41405340
1509024600,10.301,10.55,10.272,10.411,15667670
1509111000,10.669,10.8,10.52,10.727,23417620
1509370200,10.829,10.945,10.517,10.936,32497170
1509456600,10.138,10.481,9.451,9.949,129270670
1509543000,9.974,10.05,9.5,9.62,55050550
1509629400,9.505,10.081,9.50145,9.989,26799280
1509715800,10.076,10.1905,9.852,9.871,19695550
1509978600,10,10.08,9.9,9.984,13842510
1510065000,9.911,10.048,9.831,9.971,10893840
1510151400,9.903,9.999,9.8515,9.94,8632370
1510237800,9.837,9.865,9.555,9.703,16803490
1510324200,9.679,10.088,9.65075,10.001,17549210
1510583400,9.902,9.925,9.777,9.877,10461540
1510669800,9.756,9.998,9.748,9.897,8507990
1510756200,9.724,9.942,9.72,9.804,9224130
1510842600,9.866,10.477,9.85201,10.389,27658020
1510929000,10.412,10.5694,10.32327,10.489,12307540
1511188200,10.5,10.898,10.489,10.856,20986140
1511274600,11.003,11.238,10.965,11.017,19054600
1511361000,11.05,11.15218,10.756,11.041,9949210
1511533800,11.109,11.263,11.06001,11.181,6464000
1511793000,11.451,11.707,11.3195,11.336,23318570
1511879400,11.406,11.41466,11.051,11.209,13928780
1511965800,11.161,11.188,10.059,10.367,38299890
1512052200,10.561,10.5815,10.31501,10.382,11600960
1512138600,10.39,10.477,10.01,10.327,14163980
1512397800,10.527,10.527,9.619,9.662,27408160
1512484200,9.53,9.858,9.24101,9.528,24545410
1512570600,9.49,9.662,9.3821,9.577,14044210
1512657000,9.652,9.997,9.61082,9.979,15992030
1512743400,10.212,10.296,9.987,10.077,13157440
1513002600,10.129,10.5115,10.129,10.411,13936640
1513089000,10.382,10.4,10.05,10.14,10836990
1513175400,10.188,10.422,10.186,10.321,9329310
1513261800,10.363,10.465,10.2801,10.323,6169650
1513348200,10.363,10.635,10.28,10.522,12464470
1513607400,10.641,10.804,10.63401,10.762,12541720
1513693800,10.763,10.763,10.561,10.573,8310780
1513780200,10.667,10.68399,10.361,10.524,6413220
1513866600,10.578,10.659,10.456,10.48,4784780
1513953000,10.413,10.455,10.213,10.386,5904090
1514298600,10.241,10.539,10.155,10.484,4043610
1514385000,10.483,10.52,10.332,10.45,4783280
1514471400,10.479,10.522,10.159,10.239,6631330
1514557800,10.252,10.255,10.04,10.1,7762320
1514903400,10.159,10.572,10.102,10.549,13952890
1514989800,10.636,10.812,10.617,10.775,11628020
1515076200,10.833,11.006,10.721,10.995,11609990
1515162600,11.055,11.177,10.902,11.058,7710470
1515421800,10.999,11.269,10.999,11.235,7488020
1515508200,11.235,11.367,10.973,11.073,7446640
1515594600,10.97,11.146,10.9,11.1,6681800
1515681000,11.107,11.175,11.05,11.113,6399760
1515767400,11.129,11.45,11.109,11.28,8459960
1516113000,11.465,11.466,11.118,11.192,11755280
1516199400,11.256,11.584,11.148,11.491,12264760
1516285800,11.448,11.673,11.407,11.48,6976620
1516372200,11.51,11.581,11.46001,11.548,6929310
1516631400,11.544,11.965,11.544,11.943,11803660
1516717800,11.971,12.006,11.58,11.869,11351810
1516804200,11.975,12.195,11.825,11.967,10237740
1516890600,12.1,12.624,12.033,12.49,19405570
1516977000,12.636,13.047,12.4,12.907,20374220
1517236200,12.97,12.997,12.522,12.73,17216710
1517322600,12.17,12.583,11.909,12.421,17379380
1517409000,12.612,12.859,12.558,12.792,12175100
1517495400,12.703,13.1159,12.57,12.628,11681110
1517581800,12.55,12.868,12.38,12.512,13711700
1517841000,12.057,12.7285,11.83,11.83,23241940
1517927400,11.381,12.27,11.206,12.214,27058610
1518013800,12.275,12.77,12.141,12.334,16960120
1518100200,12.45,12.707,11.85,11.851,21023410
1518186600,12.074,12.393,11.416,11.955,28825460
1518445800,12.33,12.895,12.21736,12.794,27028530
1518532200,12.775,13.042,12.513,12.606,19878340
1518618600,12.51,13.816,12.502,13.756,42368250
1518705000,13.5,14.075,13.03,13.795,57764630
1518791400,13.549,13.866,13.411,13.753,22353320
1519137000,13.683,14.612,13.662,14.278,27146000
1519223400,13.675,13.734,13.277,13.29,53611910
1519309800,13.396,13.6525,13.32,13.418,24103880
1519396200,13.549,13.7,13.31,13.7,16226570
1519655400,13.752,13.832,13.514,13.627,14626360
1519741800,13.657,13.944,13.559,13.766,14832570
1519828200,13.929,14.05,13.793,13.821,13949620
1519914600,13.7,13.915,13.332,13.685,18028360
1520001000,13.5,13.75,13.447,13.675,11787700
1520260200,13.517,13.985,13.4,13.929,20269870
1520346600,14.015,14.337,13.97201,14.151,13524230
1520433000,13.995,14.444,13.9,14.368,14862670
1520519400,14.462,14.802,14.462,14.741,19252420
1520605800,14.942,15.047,14.762,14.916,14186780
1520861400,14.973,15.015,14.738,14.815,7913140
1520947800,14.86,14.87528,14.451,14.532,11156150
1521034200,14.561,14.812,14.388,14.625,9714820
1521120600,14.775,14.9,14.62,14.741,8662770
1521207000,14.721,14.814,14.53601,14.722,6393520
1521466200,14.59,14.819,14.293,14.562,10176260
1521552600,14.544,15.482,14.5,15.311,19043800
1521639000,15.354,15.4,14.826,14.94,16502410
1521725400,14.751,15.27999,14.533,14.545,18129360
1521811800,14.598,14.847,14.1,14.166,18567140
1522071000,14.526,14.782,13.05,13.672,52498180
1522157400,13.625,13.91299,12.721,12.882,28332880
1522243800,12.75,12.775,12.068,12.16,36574890
1522330200,12.09,12.628,11.857,12.459,29665670
1522675800,12.471,12.75,12.03,12.208,18434220
1522762200,12.4,12.548,11.78,11.937,18239850
1522848600,11.411,12.135,11.25,12.067,14867290
1522935000,12.375,12.552,11.96,12.014,12399180
1523021400,11.877,12.079,11.596,11.742,10899270
1523280600,11.915,12.371,11.81001,11.895,17885540
1523367000,12.245,12.349,11.895,12.287,16281990
1523453400,12.199,12.42,11.936,11.953,12032200
1523539800,12.056,12.1249,11.913,12.075,19985100
1523626200,12.2,12.219,11.624,11.751,45782660
1523885400,11.783,11.8,11.368,11.694,21086610
1523971800,11.8,12.732,11.791,12.596,27067880
1524058200,12.632,12.831,12.326,12.756,17709830
1524144600,12.612,12.958,12.55751,12.667,13565830
1524231000,12.65,12.76,12.5285,12.679,16703410
1524490200,12.719,12.722,12.115,12.291,20395040
1524576600,12.39,12.68499,12.151,12.314,19211840
1524663000,12.3,12.333,11.8545,12.002,12154070
1524749400,12.198,12.552,12.198,12.415,13761710
1524835800,12.677,12.71,12.42,12.662,17038500
1525095000,12.8,13.443,12.701,13.363,38403930
1525181400,12.508,12.81,11.881,12.768,73565370
1525267800,12.685,12.974,12.248,12.481,29645270
1525354200,12.481,13.553,12.425,13.517,33165180
1525440600,13.48,13.82608,13.263,13.613,19339900
1525699800,13.779,13.905,13.659,13.856,13642100
1525786200,13.947,14.60499,13.861,14.331,23102350
1525872600,14.4,14.6475,14.3,14.61,15342120
1525959000,14.64,14.697,14.513,14.623,11622440
1526045400,14.633,14.667,14.271,14.447,11616440
1526304600,14.53,14.829,14.223,14.264,14794610
1526391000,14.121,14.275,13.763,14.25,11406790
1526477400,14.302,14.463,14.211,14.228,7133230
1526563800,14.222,14.6618,14.19,14.61,14401630
1526650200,14.526,14.77,14.473,14.706,10358230
1526909400,14.873,15.097,14.342,14.451,15640050
1526995800,14.07,14.299,13.731,13.875,27605050
1527082200,13.8,14.125,13.75,14.083,9971550
1527168600,14.049,14.368,14.025,14.305,9094040
1527255000,14.305,14.466,14.26799,14.364,6541560
1527600600,14.332,14.532,14.18,14.329,8574440
1527687000,14.4,14.68,14.3691,14.584,7657000
1527773400,14.611,14.998,14.552,14.809,14317550
1527859800,14.95,15.1655,14.754,15.08,13077740
1528119000,15.193,15.786,15.175,15.691,16223700
1528205400,15.712,16.2,15.684,16.106,13943850
1528291800,16.205,16.577,16.026,16.536,13996290
1528378200,16.6,16.601,15.888,16.126,17388040
1528464600,15.955,16.383,15.85,16.281,10569080
1528723800,16.32,16.49041,16.003,16.024,10793860
1528810200,16.033,16.589,16.013,16.524,13780860
1528896600,16.5,17.11301,16.381,16.509,21560420
1528983000,16.622,16.886,16.6,16.794,11256600
1529069400,16.665,16.9358,16.465,16.844,8416900
1529328600,16.7,17.292,16.67959,17.284,12651830
1529415000,16.98,17.251,16.707,17.061,10926830
1529501400,17.367,17.511,17.221,17.225,9654470
1529587800,17.348,17.38413,16.435,16.454,17642650
1529674200,16.652,16.668,16.007,16.253,12371080
1529933400,16,16,15.10501,15.321,21807500
1530019800,15.575,15.87261,15.41147,15.501,18154880
1530106200,15.552,15.62,14.428,14.47,32483930
1530192600,14.317,14.783,14.04,14.655,18810390
1530279000,14.782,14.9948,14.535,14.589,12049940
1530538200,14.271,14.957,14.137,14.942,8807900
1530624600,14.91785,15.195,14.72541,15.05,10608210
1530797400,15.315,15.377,14.996,15.268,9148720
1530883800,15.291,15.734,15.2,15.681,10758840
1531143000,15.879,16.04,15.424,15.845,9970180
1531229400,15.862,16.03652,15.781,15.898,7765180
1531315800,15.748,16.197,15.627,16.098,7455370
1531402200,16.258,16.82,16.21101,16.75,9958160
1531488600,16.772,16.81148,16.374,16.618,8773040
1531747800,16.613,16.94,16.48,16.535,12622980
1531834200,16.171,17.03,16.105,16.9,12006030
1531920600,16.925,17.148,16.7031,17.048,8516270
1532007000,17,17.20995,16.818,17.175,8291300
1532093400,17.2,17.529,17.13,17.175,12819450
1532352600,17.195,17.41317,16.9,17.326,8396880
1532439000,17.484,17.6599,16.663,16.834,15414730
1532525400,16.791,17.403,16.557,17.378,12707060
1532611800,16.933,17.224,16.865,17.029,11584820
1532698200,17.235,17.235,15.926,16.015,21064690
1532957400,15.98,16.043,14.733,14.808,27451060
1533043800,13.852,14.377,13.32605,13.821,79205960
1533130200,13.868,14.0219,13.48901,13.636,24051980
1533216600,13.458,14.421,13.263,14.392,27248550
1533303000,14.5,14.547,14.083,14.187,16174370
1533562200,14.191,14.241,13.8,14.204,11963920
1533648600,14.315,14.6639,14.117,14.168,10130320
1533735000,14.267,14.414,14.085,14.27,8218120
1533821400,14.221,14.714,14.22,14.644,8752450
1533907800,14.509,15.118,14.415,14.922,13224800
1534167000,14.935,15.101,14.241,14.287,12840580
1534253400,14.42,14.574,14.155,14.438,12284270
1534339800,14.258,14.456,13.711,13.892,18202780
1534426200,14.078,14.211,13.88495,13.916,9210120
1534512600,13.892,14.024,13.579,13.719,12588520
1534771800,13.8,13.83338,13.285,13.597,15171290
1534858200,13.512,13.778,13.32601,13.344,14254090
1534944600,13.234,13.85,13.234,13.763,12651880
1535031000,13.804,14.091,13.705,13.749,10419950
1535117400,13.96,14.15,13.8471,14.058,12131430
1535376600,14.185,14.475,13.9,14.404,13863660
1535463000,14.56,14.605,14.275,14.5,12894600
1535549400,14.539,14.65,14.377,14.515,9532750
1535635800,14.46,14.6484,14.3281,14.481,8123260
1535722200,14.389,14.626,14.339,14.567,6690840
1536067800,14.61,14.693,14.361,14.634,9121330
1536154200,14.367,14.4125,13.65,13.997,23626430
1536240600,13.971,14.0455,13.235,13.413,18254450
1536327000,13.127,14.118,13.06,14.064,20395040
1536586200,14.134,14.255,13.905,14.213,10622810
1536672600,14.15,14.803,14.0391,14.776,13217810
1536759000,14.776,15.377,14.622,15.313,17111680
1536845400,15.4,15.85,15.395,15.55,12597990
1536931800,15.699,15.8895,15.35634,15.477,12470340
1537191000,15.792,15.943,15.345,15.363,16542450
1537277400,15.45,16.42,15.45,16.228,17066040
1537363800,16.4,16.65,16.1515,16.46,16377950
1537450200,16.538,16.895,16.45,16.717,13782690
1537536600,16.67,16.816,16.061,16.152,21463560
1537795800,15.956,16.533,15.74,16.218,8929840
1537882200,16.337,16.514,15.9,16.111,15798390
1537968600,16.252,16.48,15.988,16.2,8606360
1538055000,16.226,16.471,16.202,16.445,6042900
1538141400,16.419,16.779,16.306,16.446,7893770
1538400600,16.644,16.686,16.251,16.342,8684400
1538487000,16.246,16.4,15.597,15.66,15665060
1538573400,15.751,16.236,15.719,16.02,9096290
1538659800,15.948,16.0199,14.78,14.891,19299240
1538746200,14.909,15.141,14.107,14.56,16913410
1539005400,14.322,14.55317,13.809,14.049,12420250
1539091800,14.04,14.318,13.8755,14.022,10557580
1539178200,13.964,13.99513,12.801,13.01,26863490
1539264600,12.669,13.398,12.668,12.839,20760050
1539351000,13.516,13.697,13.025,13.52,20346320
1539610200,13.499,13.7,13.209,13.57,11142400
1539696600,13.868,14.607,13.841,14.583,13910900
1539783000,14.6,14.65,13.387,13.737,31490470
1539869400,13.678,14.014,13.356,13.478,15954110
1539955800,13.568,13.73813,12.62,12.707,22295980
1540215000,12.839,13.559,12.5643,13.437,23561580
1540301400,12.834,13.32,12.671,13.216,23669280
1540387800,13.3115,13.46,12.205,12.227,23151980
1540474200,13.136,13.834,12.85,13.699,44847350
1540560600,12.961,13.834,12.845,13.295,28309070
1540819800,13.683,13.768,12.508,12.85,21561170
1540906200,12.535,13.236,12.28,12.914,30291460
1540992600,13.25,13.865,13.053,13.815,21188480
1541079000,13.877,14.509,13.567,14.435,17965420
1541165400,14.435,14.892,14.226,14.555,19475850
1541428200,14.395,14.5,13.976,14.103,12226040
1541514600,14.178,14.381,13.9,14.093,8318700
1541601000,14.413,14.95,14.314,14.819,15289240
1541687400,14.821,15.08379,14.639,14.954,13000450
1541773800,14.729,14.729,13.86,14.09,17268730
1542033000,13.929,13.931,13.09,13.554,16869580
1542119400,13.65,14.054,13.417,13.878,14045680
1542205800,14.094,14.45,13.961,14.276,13594160
1542292200,14.252,15.127,14.15,15.009,18683150
1542378600,14.667,15.151,14.513,15.102,12184510
1542637800,15.03,15.121,13.359,13.375,22485070
1542724200,12.252,13.642,12.2,13.435,21956530
1542810600,13.897,14.012,13.246,13.261,12528660
1542983400,13.127,13.61999,12.96455,13.481,6731090
1543242600,13.788,14.452,13.748,14.444,15815090
1543329000,14.2,14.69,14.179,14.447,10560680
1543415400,14.641,15.002,14.501,14.996,12557590
1543501800,15,15.146,14.62513,14.904,11337280
1543588200,14.903,15.289,14.78,15.266,10717390
1543847400,15.656,15.91,15.4,15.639,14963690
1543933800,15.5,15.91,14.935,15.02,14813990
1544106600,14.309,15.727,14.23,15.69,16399490
1544193000,15.698,15.99,14.52,14.688,16367180
1544452200,14.607,15.159,14.391,15.15,12476000
1544538600,15.496,15.883,15.311,15.467,15307560
1544625000,15.799,16.377,15.744,16.009,14117940
1544711400,16.098,16.413,15.949,16.106,12387410
1544797800,14.797,14.902,14,14.017,63740650
1545057000,13.992,13.992,12.879,12.966,50159460
1545143400,13.363,13.62,13.161,13.439,25750180
1545229800,13.5,14.053,13.169,13.319,26904670
1545316200,13.121,13.49613,12.15,12.771,34294620
1545402600,12.83,12.863,12.185,12.241,24833930
1545661800,11.895,12.287,11.764,11.91,13060460
1545834600,12.138,13.055,12.138,13.021,16273290
1545921000,12.644,13.26,12.504,13.24,14611400
1546007400,13.412,13.613,12.942,13.346,13764670
1546266600,13.602,14.0534,13.50718,13.845,16841860
1546439400,13.4,13.914,13.117,13.76,12330090
1546525800,13.476,13.626,12.948,12.979,12194840
1546612200,13.451,13.95,13.316,13.806,13662240
1546871400,13.965,14.585,13.874,14.439,12603350
1546957800,14.764,14.982,14.401,14.544,13677020
1547044200,14.65,15.033,14.44,14.862,12759340
1547130600,14.631,14.997,14.458,14.827,9653060
1547217000,14.731,15,14.671,14.943,6852770
1547476200,14.727,14.993,14.469,14.91,14556410
1547562600,14.959,15.554,14.959,15.43,16382100
1547649000,15.57,15.859,15.33,15.825,21423070
1547735400,15.66,15.998,15.582,15.769,12428360
1547821800,16,16.023,15.769,15.843,11429190
1548167400,15.723,15.857,15.41,15.628,10367110
1548253800,15.82,16.02,15.448,15.66,7934790
1548340200,15.648,15.94,15.625,15.841,6552340
1548426600,16,16.364,15.9785,16.282,9805310
1548685800,15.968,16.11816,15.838,15.944,8072200
1548772200,16,16.05,15.452,15.711,10408720
1548858600,15.997,16.298,15.8,16.243,7126700
1548945000,16.247,16.96,16.19201,16.847,16618900
1549031400,16.836,17.1,16.751,17.059,12484020
1549290600,17.062,17.465,17.026,17.355,11719750
1549377000,17.365,17.688,17.336,17.357,9699370
1549463400,17.237,17.45,17.07,17.36,7363560
1549549800,17.128,17.418,17.10878,17.18,14081950
1549636200,17.022,17.699,16.96,17.595,9795380
1549895400,17.805,18,17.2935,17.317,22201270
1549981800,16.365,17.589,16.063,17.555,59279540
1550068200,17.819,18,17.104,17.202,29826870
1550154600,17.109,17.724,16.956,17.652,16075520
1550241000,17.71,17.872,17.371,17.819,11292380
1550586600,17.704,18.507,17.704,18.13,22830020
1550673000,18.165,18.419,17.746,17.921,13306480
1550759400,17.964,18.0359,17.718,17.847,9744320
1550845800,18,18.366,17.93568,18.363,10176260
1551105000,18.582,18.876,18.448,18.75,12715900
1551191400,18.608,18.793,18.385,18.503,10454390
1551277800,18.517,18.926,18.48,18.92,9083690
1551364200,18.828,19.113,18.749,18.915,8654370
1551450600,19.085,19.27799,18.92922,19.152,11263160
1551709800,19.238,19.48027,18.237,18.647,16061810
1551796200,18.657,18.916,18.435,18.75,10058470
1551882600,18.75,18.877,18.411,18.737,7239140
1551969000,18.651,19.038,18.48,18.694,7349270
1552055400,18.218,19,18.1,18.976,12651040
1552311000,19.099,20.074,19.099,20.039,20584830
1552397400,20.1,20.37899,19.705,20.247,13289740
1552483800,20.35,20.695,20.236,20.551,11775230
1552570200,20.432,20.959,20.339,20.823,12190340
1552656600,20.887,20.941,20.36198,20.598,23376280
1552915800,20.45,20.592,20.145,20.577,12487970
1553002200,20.77,20.8,19.76528,20.209,22154000
1553088600,20.053,20.31,19.873,20.134,14016420
1553175000,20.032,20.51999,19.8815,20.5,17210760
1553261400,20.44,20.469,19.861,19.875,15300890
1553520600,19.805,20.27499,19.647,20.145,12576420
1553607000,20.363,20.741,20.273,20.437,11659750
1553693400,20.566,20.572,19.661,20.008,10204150
1553779800,20.083,20.375,19.7,20.345,11197370
1553866200,20.588,20.75,20.319,20.662,8103600
1554125400,20.843,21.01,20.312,20.604,11032310
1554211800,20.56,20.605,19.845,20.146,24548560
1554298200,20.198,20.58,19.889,20.512,20110240
1554384600,20.454,20.501,19.038,19.475,47648190
1554471000,19.559,19.802,19.489,19.665,14899330
1554730200,19.665,20.089,19.532,20.024,12912940
1554816600,19.826,20.422,19.73406,20.396,12482030
1554903000,20.436,20.744,20.251,20.65,8802570
1554989400,20.758,21.154,20.631,21.099,13347160
1555075800,21.282,21.493,21.211,21.483,11969510
1555335000,21.483,21.99,21.362,21.803,17587600
1555421400,21.978,22.182,21.361,21.54,13381970
1555507800,21.68,21.83304,21.131,21.705,10641810
1555594200,21.713,22.078,21.313,22.072,12876940
1555939800,22,22.599,21.917,22.429,13165760
1556026200,22.65,22.739,22.21,22.344,18813060
1556112600,22.46,22.46,21.86236,21.981,20233170
1556199000,22.069,22.219,21.662,21.897,16674640
1556285400,21.9,22.518,21.9,22.228,13887010
1556544600,22.533,22.87402,22.353,22.579,19403270
1556631000,22.644,24.75,22.644,24.353,62234090
1556717400,24.285,25.23015,23.739,24.516,31866590
1556803800,24.588,26.082,24.55,25.554,40541590
1556890200,25.9,26.64,25.479,26.403,33499410
1557149400,25.72,26.672,25.512,26.552,29169460
1557235800,26.436,26.65,25.47,25.869,25893640
1557322200,25.87,26.462,25.751,26.151,18474750
1557408600,25.888,26.13595,25.412,26.062,18312840
1557495000,26.043,26.299,25.264,25.883,16752800
1557754200,24.791,25.30634,24.562,25.079,19388220
1557840600,24.5,25.402,24.223,25.315,20971370
1557927000,25.061,26.542,25.004,26.416,19316350
1558013400,26.536,27.948,26.51,27.801,29756670
1558099800,27.668,27.944,27.158,27.35,16674750
1558359000,27.003,27.3,26.474,26.719,18561480
1558445400,27.204,27.35975,26.951,27.281,11103510
1558531800,27.171,28.095,27.139,27.9,12520420
1558618200,27.5,27.798,26.8,27.162,15303240
1558704600,27.45,27.888,27.2515,27.585,11636670
1559050200,27.835,28.596,27.83,28.243,15389150
1559136600,28,28.03,27.052,27.268,16738420
1559223000,27.51,27.782,27.08,27.705,12909360
1559309400,27.336,27.897,27.216,27.49,10877850
1559568600,27.428,27.751,26.217,26.5,25357640
1559655000,26.847,27.41,26.411,27.4,16030450
1559741400,27.722,29.286,27.712,29.252,23421350
1559827800,29.184,29.911,28.901,29.706,18673140
1559914200,29.866,30.937,29.84,30.505,23447170
1560173400,30.915,31.55999,30.444,30.673,17160890
1560259800,30.96,31.15095,29.857,30.671,18477840
1560346200,30.448,31.27,30.2,31.014,11246360
1560432600,31.291,31.4095,30.564,30.699,10433650
1560519000,30.541,30.642,30.194,30.511,7514000
1560778200,30.445,30.78799,30.30499,30.585,7034600
1560864600,31,31.138,30.374,30.421,11048730
1560951000,30.551,32.769,30.24,32.702,29801580
1561037400,33.15,33.894,32.6,32.801,31088490
1561123800,32.8,33.137,32.41,32.685,14459820
1561383000,32.334,32.448,31.105,31.183,21796410
1561469400,30.699,30.963,28.175,28.404,49580190
1561555800,28.902,29.552,28.169,28.903,23339980
1561642200,29.05,30.244,28.95,30.096,18145410
1561728600,30.33,30.429,29.234,30.015,15008940
1561987800,30.86,30.877,30.033,30.468,13471610
1562074200,30.539,31.466,30.5,31.196,12989200
1562160600,31.089,31.834,31.028,31.333,9663760
1562333400,31.101,31.393,30.341,31.372,13183170
1562592600,31.444,32.98,31.296,32.1,25487360
1562679000,32.241,32.443,31.95,32.198,17407200
1562765400,32.453,32.699,31.851,31.901,12760410
1562851800,31.9,31.9789,31.424,31.5,12383360
1562938200,31.5,31.57776,30.257,31.002,20247950
1563197400,30.994,32.429,30.60172,32.402,18412850
1563283800,32.366,32.48,31.587,31.739,13372300
1563370200,31.932,33.695,31.90328,32.532,37482360
1563456600,32.575,33.326,32.261,33.115,16998090
1563543000,33.315,33.9,32.968,33,14788760
1563802200,33.192,34.08363,33.151,33.524,18722410
1563888600,33.7,33.896,32.86,33.022,16640910
1563975000,33.051,33.18256,32.411,32.957,18889440
1564061400,33.091,33.874,32.77455,33.334,14983990
1564147800,33.294,33.897,33.232,33.654,11201670
1564407000,33.635,33.703,31.3531,31.971,22233580
1564493400,31.4,32.234,31.036,31.43,17761420
1564579800,31.651,32.098,31.036,31.788,18363370
1564666200,33.401,35.079,32.801,34.139,46127750
1564752600,34.123,34.123,32.267,33.219,19805900
1565011800,31.387,32.75,31.339,32.139,23913170
1565098200,32.741,33.338,32.44,33.267,17726310
1565184600,33.008,34.283,32.853,34.131,17678760
1565271000,34.401,35.858,34.234,35.781,18851710
1565357400,35.45,37.163,35.425,36.995,23613610
1565616600,36.7,37.236,36.125,36.673,19412850
1565703000,36.4,37.07,35.533,36.923,19334100
1565789400,36.037,36.694,34.755,35.28,23977040
1565875800,35.5,35.95,34.768,35.107,15822200
1565962200,35.609,36.107,35.14578,35.874,13206250
1566221400,36.374,36.591,35.911,36.183,12007170
1566307800,36.146,37.63,35.932,37.497,20738560
1566394200,38.143,39.145,37.75,38.983,24248140
1566480600,39.188,39.283,38.002,38.854,20875110
1566567000,38.799,40.11635,38.125,38.275,29127990
1566826200,38.861,39.796,38.412,39.596,19982230
1566912600,40.27,40.96099,39.85,40.699,28082610
1566999000,40.637,40.788,39.082,39.48,27485160
1567085400,40.225,40.3,39.171,39.171,24111820
1567171800,39.362,39.444,37.173,38.539,29278930
1567517400,38.4,39.28,38.02,38.391,19796010
1567603800,38.97,39.149,38.25,38.649,13414790
1567690200,38.77,39.2995,38.038,39.272,22224460
1567776600,39.349,39.575,38.01401,38.042,17236620
1568035800,38.402,38.402,35.0325,35.867,45181030
1568122200,35.25,35.53097,33.509,33.724,52546020
1568208600,33.84,35.06999,33.61,34.751,32151840
1568295000,35.497,36.082,35.111,35.663,30800420
1568381400,35.653,35.75,33.764,33.831,26765780
1568640600,32.851,34.345,32.451,33.793,28552670
1568727000,32.459,33.473,32.343,32.882,55535980
1568813400,33.107,33.189,31.755,32.585,27135420
1568899800,32.834,33.185,32.122,32.5,18005220
1568986200,32.499,33.09,31.2,31.882,27942580
1569245400,31.778,32.547,31.07138,31.326,25009630
1569331800,31.356,31.584,28.757,29.547,53005950
1569418200,29.2,31.5825,28.607,31.46,55012790
1569504600,31.482,31.619,30.236,31.314,29441750
1569591000,31.4,31.64,30.171,30.569,21921350
1569850200,30.469,31.649,30.203,31.166,20724080
1569936600,31.166,32,30.88,31.322,20180930
1570023000,30.964,31.117,30.07,31.036,22154090
1570109400,31.144,32.66,30.4176,32.557,31470990
1570195800,32.747,33.045,32.01,32.72,27678440
1570455000,32.682,33.157,32.216,32.632,14108140
1570541400,32.25,32.569,31.08,31.105,19782710
1570627800,31.35,31.671,31.167,31.385,14609490
1570714200,31.447,32.929,31.101,32.447,21840520
1570800600,33.087,33.733,32.446,32.926,22711530
1571059800,32.899,34.603,32.867,34.43,21271010
1571146200,34.71,34.944,34.37,34.608,20400400
1571232600,34.201,34.365,32.224,32.364,24945680
1571319000,32.65,33.39199,32.4,33.134,16885200
1571405400,33.2,33.5,31.213,31.434,26684770
1571664600,31.7,32.656,31.161,31.973,18067730
1571751000,32.35,32.68,29.53,29.969,30998830
1571837400,29.821,30.97722,29.106,29.714,23733260
1571923800,30.196,32.424,30.103,32.334,31766280
1572010200,31.672,32.136,30.91201,31.745,22539410
1572269400,32.249,32.918,31.282,32.493,28622870
1572355800,30.6,32.188,29.864,31.252,53622640
1572442200,31.332,31.99399,30.846,31.912,20567060
1572528600,31.641,31.98499,30.874,31.357,17901990
1572615000,31.625,32.208,31.287,31.676,16060460
1572877800,31.838,32.1,30.377,30.791,26278850
1572964200,30.809,30.905,29.44617,29.55,28259690
1573050600,29.692,30.06999,29.151,29.502,16420620
1573137000,29.555,29.749,28.244,28.575,24553760
1573223400,28.208,29.881,28.208,29.764,24814410
1573482600,29.604,30.51998,29.346,30.332,17501460
1573569000,30.182,31.07485,30.182,30.556,16771710
1573655400,30.5,31.484,30.264,31.431,19776210
1573741800,31.432,31.989,30.9355,31.245,16815630
1573828200,31.493,31.531,30.97,31.238,10467970
1574087400,31.273,32.583,31.035,32.298,17472190
1574173800,32.323,32.57799,31.451,31.628,14501930
1574260200,31.438,32.51178,31.2,31.705,16708990
1574346600,31.75,32.198,31.42,31.607,13603800
1574433000,31.876,32,30.97334,31.452,11265690
1574692200,31.509,31.874,31.232,31.707,13748720
1574778600,31.794,33.717,31.708,33.619,28846000
1574865000,33.751,34.265,33.008,34.1,24152950
1575037800,33.99,34.4,33.551,33.675,12067490
1575297000,33.6,33.6,31.1532,33.084,29902480
1575383400,32.101,35.131,32,35.066,32782080
1575469800,35,37.69099,34.951,37.2,56074830
1575556200,37.103,37.65899,36.026,36.359,32455650
1575642600,36.78,37.229,36.075,36.46,21995080
1575901800,36.518,38.111,36.4,36.979,41014800
1575988200,37.351,37.397,36.45456,36.8,15148880
1576074600,36.841,37.45,36.551,37.308,18388460
1576161000,37.2,37.63,36.491,37.205,21720700
1576247400,37.045,39.2,37.045,38.557,32615120
1576506600,38.974,39.667,38.3,39.363,26217930
1576593000,39.3,39.7,38.063,38.795,24680240
1576679400,39.102,40.48,39.0535,39.694,30725160
1576765800,39.559,40.198,39.127,39.306,19423530
1576852200,39.305,39.8696,38.751,39.007,16846450
1577111400,39.287,39.871,38.803,38.913,14291290
1577197800,38.981,40.064,38.614,39.939,15272870
1577370600,40.276,41.66,40.24,40.875,23517060
1577457000,41.151,41.58,40.31101,40.8,19151050
1577716200,40.838,40.932,39.211,39.636,18281880
1577802600,39.496,40.39399,39.10101,39.758,11229540
1577975400,40.399,40.824,39.836,40.781,13922320
1578061800,40.16,40.84028,39.7,40.429,10322160
1578321000,39.859,41.35199,39.542,41.333,16871940
1578407400,41.575,42.248,41.012,41.45,15783440
1578493800,41.393,42.25447,41.186,41.81,15521210
1578580200,42.31,43.171,42.179,43.02,17867850
1578666600,43.249,43.856,42.767,42.917,18049620
1578925800,43.499,44.6745,43.375,44.025,20011970
1579012200,44.277,44.592,43.05001,44.122,15073430
1579098600,44.192,45.3,44.122,44.851,16328750
1579185000,45.274,45.378,44.664,45.13,14681430
1579271400,45.273,45.891,45.2,45.488,18694350
1579617000,45.499,47.286,45.409,46.544,21392720
1579703400,47,47.67856,46.317,46.476,23583510
1579789800,46.477,47.3,46,46.925,24450040
1579876200,47.4,47.651,45.783,46.548,21411110
1580135400,44.762,45.98999,43.67401,45.111,22473910
1580221800,45.35,46.867,45.11,46.766,15361090
1580308200,47.339,48.0046,47.045,47.167,18121170
1580394600,47.05,47.815,46.46601,47.688,15070950
1580481000,48.058,48.28697,46.302,46.566,21802420
1580740200,46.825,47.488,45.725,46.939,18530770
1580826600,47.639,48.768,47.1791,48.546,17797620
1580913000,49.35,49.5,46.79584,47.556,21316960
1580999400,47.316,47.573,46.25,47.298,16731890
1581085800,47.2,48.17295,46.678,47.869,11943570
1581345000,47.911,49.16925,47.653,49.169,18649780
1581431400,49.407,49.988,48.911,49.275,26929900
1581517800,56.89,59.389,52.9,53.125,97794290
1581604200,53.301,55.478,53.0707,53.297,45225120
1581690600,54.1,54.21999,52.333,53.122,22082370
1582036200,53.4,54.888,53.2,53.641,24492830
1582122600,54.405,54.96845,53.864,54.321,17858090
1582209000,54.269,54.7185,50.74,53.558,24668820
1582295400,53.124,53.46,51.161,52.066,19292760
1582554600,48.2,50.4045,47.6,49.096,32880490
1582641000,50,50.243,45.646,46.646,34084280
1582727400,45.925,48.4,45.904,47.118,25352990
1582813800,45.228,46.79328,42.7935,43.837,37168030
1582900200,42.2635,46.331,42.05003,46.331,34746440
1583159400,48.32,48.875,46.15964,48.84,32555200
1583245800,50.148,50.3,46.752,47.694,31571670
1583332200,48.9,51.4,48.6,51.223,26944940
1583418600,49.5,51.23746,49.125,49.822,24602480
1583505000,48,49.12,45.91467,47.207,29134880
1583760600,43.082,44.60798,41.651,41.832,29865830
1583847000,44.5,45.05,42.063,45.034,28641020
1583933400,43.525,44.2,40.633,42.231,28254310
1584019800,37.1,40.357,36.61,37.778,44194210
1584106200,40.4,40.642,36.301,39.09,33143690
1584365400,33.9,36.2,32.15,32.229,41798620
1584451800,33.002,35.8,30.767,35.509,42408090
1584538200,32.634,35.85562,30.53001,33.683,35223700
1584624600,33.616,34.57299,31.6,33.25,32472420
1584711000,34.5,37.25428,34.2,34.606,42956760
1584970200,34.654,38.418,33.512,37.539,36509320
1585056600,41.276,43.299,40.66709,43,35046960
1585143000,43.594,47.057,43.211,44.66,35632420
1585229400,45.44,47.048,43.53,44.741,30984020
1585315800,42.761,43.336,41.202,42.162,25692810
1585575000,42.349,43.489,41.2011,43.038,15988410
1585661400,42.808,43.959,41.4,41.693,19532230
1585747800,40.299,40.6,38.153,38.467,22727310
1585834200,35,36.594,33.455,34.63,52054830
1585920600,35.803,36.379,34.5,35.765,26158910
1586179800,38,39.357,36.93,39.265,27666150
1586266200,40.899,40.899,37.402,37.854,32142300
1586352600,38.3,41.757,38.131,41.451,33531940
1586439000,42.251,43.9,41.3,41.774,29353600
1586784600,42.37,45.3351,41.781,44.745,31201980
1586871000,46.703,50.147,46.134,49.606,37466050
1586957400,48.112,50.044,47.711,49.717,26842740
1587043800,50.85,52.913,50.20101,52.643,37049090
1587130200,54.05,59.183,53.9,59.039,61417030
1587389400,58.5,64.49499,58.4,62.99,68304880
1587475800,64.7,66.574,55.601,58.5,110506630
1587562200,61.599,63.5,60.32,62.656,50316340
1587648600,63.13,63.984,61.039,62.049,43839190
1587735000,62.4,65.199,60.56,64.319,54514230
1587994200,66.26,66.26,62.304,62.858,40299550
1588080600,63.4,63.976,61.01,63.365,36856880
1588167000,63.7,64.555,62.113,63.999,24039350
1588253400,62.5,64.59801,62.3,63.229,24459710
1588339800,61.5,62.786,59.503,61.364,25211710
1588599000,62.064,65.89,61.701,65.889,27598290
1588685400,67,70.469,66.20001,68.611,51436540
1588771800,67.288,73.924,66.9,73.353,69251700
1588858200,71.994,73.871,71.5,72.276,46034070
1588944600,70.555,72.1,70.3,70.897,40840600
1589203800,70.696,75.25,70.378,75.034,36738000
1589290200,76.9,77.095,73.395,74.228,36960630
1589376600,75,76.859,71.729,75.438,43695650
1589463000,74.989,75.809,73.3,75.429,28474740
1589549400,75.43,77.479,75.125,76.7,30235140
1589808600,77,77.073,73.3,73.802,36751420
1589895000,74.542,76.5,71.319,75.301,52643860
1589981400,76.8,77.8,75.174,77.8,32389750
1590067800,79.186,80.987,78.207,80.235,41364830
1590154200,80.463,82.63799,79.364,82.517,27736080
1590499800,84.2,84.4,74.237,76.789,64651020
1590586200,75.501,75.7,68.5,75,68596110
1590672600,72.801,77.04,72.7825,74.443,37606450
1590759000,75.615,76.939,73.8,75.78,33068740
1591018200,75.472,75.925,73.952,75.8,18432960
1591104600,76.443,78.43,74.4,77.95,26643970
1591191000,77.793,77.908,75.83787,76.202,18920060
1591277400,76.391,77.722,72.6035,73.519,27672270
1591363800,72.11,74.086,70.202,72.777,24772920
1591623000,71.5,73.115,70.801,73.067,18895430
1591709400,74.391,75.48,73.325,74.17,15170440
1591795800,75.7,75.85,73.251,74.364,14920540
1591882200,73.334,76.552,72.4,72.512,22880430
1591968600,73.934,74.5,71.323,74.258,21232750
1592227800,77.7,80.739,76.9865,80.547,40675800
1592314200,80.9,81.67799,78.75,80.576,26404150
1592400600,81.3,82.74941,81.059,81.736,18430520
1592487000,83.25,86.97,83.05,86.356,30858100
1592573400,87.6,89.556,86.6,88.1,40203170
1592832600,89.512,90.98698,89.21095,90.481,23956190
1592919000,91.919,92.8,90.726,91.134,24304040
1593005400,91.001,92.4,86.8,89.7,34199800
1593091800,88.656,91.76,87.32447,91.632,24191750
1593178200,91.6,92.7045,89.4,91,27207610
1593437400,91.399,92.3,87.643,92.242,27405300
1593523800,92.55,95.876,92.2,94.92,27490700
1593610200,94.801,101.789,94.801,101.664,34482770
1593696600,103.499,105.944,102.2,102.997,34593510
1594042200,105.249,105.9,98.36482,98.677,43507440
1594128600,98.5,104,97.3,101.399,32909130
1594215000,102.726,103.53024,100.25452,101.73,20572060
1594301400,102.501,105.22499,101.294,104.002,28653330
1594387800,104.002,104.48499,101.81301,103.186,17084290
1594647000,104.3,107.49761,93.514,96.875,39009230
1594733400,97,99.8,90.174,97.441,35914590
1594819800,97.4,98,93.4,95.945,23384630
1594906200,94.201,95.28207,91.54,92.549,20860740
1594992600,93.22,94.09699,90.605,92.813,20417370
1595251800,92.9,101.181,91.821,100.939,31614980
1595338200,102.222,102.498,94.821,95.283,30385710
1595424600,96.473,98.057,94,95.733,21821120
1595511000,96.682,97.999,91.112,92.841,30172960
1595597400,90.6,94.184,88.318,92.981,24187900
1595856600,94.757,97.746,93.514,97.639,26898970
1595943000,100.709,101.4905,97.517,98.5,38473590
1596029400,110.738,110.792,103.8,105.359,64923460
1596115800,104.83,106.213,100.3005,104.884,27838580
1596202200,106.5,106.76765,101.211,102.4,23357050
1596461400,103.2,108.925,102.896,108.305,26495370
1596547800,107.401,108.28784,105.40001,108,16183540
1596634200,107.899,110.5,107.011,109.465,15553860
1596720600,109.33,109.971,106.87565,108.813,12871980
1596807000,108,109.287,103.02723,105.312,16345070
1597066200,105.5,106.4,98.741,100.556,24052380
1597152600,99.959,101.5,96.474,97.199,22709090
1597239000,98.393,100.786,98,99.1,17063880
1597325400,100.5,102.3975,98.7,99.99,14018030
1597411800,100.23,100.7,97.85,98.79,15991360
1597671000,99.9,101.964,99.55139,101.296,12690950
1597757400,102.1,102.698,99.317,102.471,12876320
1597843800,102.199,104.296,100.3,100.911,12322310
1597930200,100.41,104.36,99.91892,103.962,13324320
1598016600,103.602,104.698,101.5,102.112,12873760
1598275800,103.2,103.38307,98.88801,99.932,18207040
1598362200,99.1,103.88,99.1,103.719,16918660
1598448600,104.9,111.599,104.621,108.933,28068250
1598535000,108.177,108.933,104.933,105.35,15537430
1598621400,106.705,107.902,103.945,104.206,13389740
1598880600,104.851,107.392,103.5,106.642,11263670
1598967000,107.5,114.691,107.394,113.432,20871890
1599053400,114.2,114.5,106.25,107.459,27065340
1599139800,104.436,105.87,99.386,101.57,29316820
1599226200,99.619,101.898,89.648,97.302,34701030
1599571800,92.091,95.39999,90.636,91.74,21048770
1599658200,95.5,97,93.2,94.931,18105440
1599744600,97,97.5,92.545,93.417,17211490
1599831000,94.8,94.8,89.75,91.45,16422730
1600090200,92.773,94.68799,91.913,93.183,16620350
1600176600,93.183,95.3,92.3,92.939,18331820
1600263000,93.8,93.9,88.454,88.518,36383460
1600349400,85.886,87.466,83.94,87.076,37588360
1600435800,88.399,90.837,86.68459,90.134,24374610
1600695000,88.306,92.911,88.1,92.789,22291560
1600781400,94.035,95.686,90.472,95.425,24900970
1600867800,94.698,95.397,91.07,91.881,18302030
1600954200,90.955,92.7,89.41801,90.861,16441130
1601040600,91.971,96.125,91.119,96.092,19808140
1601299800,97.001,98.37199,95.1,96.65,18708830
1601386200,96.958,103,96.14032,102.57,31220270
1601472600,103.769,104.3,101.435,102.297,19313240
1601559000,103.063,106.341,102.615,105.443,17544010
1601645400,102.05,105.4,101.701,102.899,13282220
1601904600,103.599,106.589,101.438,106.553,15685950
1601991000,106.8,108.19999,103.001,104.125,14523990
1602077400,105.918,107.7949,104.816,107.343,12524930
1602163800,108.107,108.677,105.623,106.921,10787880
1602250200,107.258,109.88773,107,109.6,11276540
1602509400,110.513,113,108.53001,109,13238180
1602595800,109.599,110.98862,108.63649,110.659,11218420
1602682200,111.1,111.433,106.659,108.212,12035870
1602768600,105.8,108.27499,104.403,107.83,10628720
1602855000,108.601,110.35,106.381,106.721,10697820
1603114200,107.078,109.02,105.48101,106.9,9751280
1603200600,106.8,107.84182,104.604,105.649,8932060
1603287000,105.494,106.896,101.802,102.201,9943950
1603373400,102.675,103.3915,99.05,100.707,9832290
1603459800,100.15,102.696,99.62701,102.622,10336230
1603719000,101.9,104.43882,100.806,103.805,14135230
1603805400,106.693,108.8,105.7416,108.289,16830730
1603891800,105.819,106.709,101.683,102.671,16774060
1603978200,105.258,105.456,97.5,97.7,34668250
1604064600,97.39,98.72961,90.622,92.543,26777090
1604327400,93.457,95.42862,89.8882,91.499,15234320
1604413800,92.3,95.291,91.054,94.172,11108140
1604500200,97.6,100.267,95.5,99.6,15922500
1604586600,102.7,103.87968,100.301,103.65,12610830
1604673000,103.1,104.508,100.30794,104.5,11536180
1604932200,99,99.17188,90,90.26,39158000
1605018600,91.2,92.4,87.5,88.576,29364640
1605105000,90.4,94.816,89.86029,94.718,17331160
1605191400,94.6,95.479,92.173,92.58,12258230
1605277800,93.454,93.691,90.84011,91.83,8693480
1605537000,89.011,91.939,88,91.922,15216530
1605623400,92.5,92.98,90.517,91.402,7602390
1605709800,91.5,93.6,90.515,93.143,10000230
1605796200,94.599,98.15,93.727,96.677,18981910
1605882600,97.6,99.8,97.3,98.851,16847290
1606141800,98.85,98.969,96.319,98.001,12007390
1606228200,97.8,98.01,96.3,97.124,8639970
1606314600,97.642,102.111,97.5,101.952,15916700
1606487400,102.824,104.4,100.926,103.439,11854000
1606746600,104.5,109.47,103.5,109.038,26048540
1606833000,108.038,108.77299,105.1,106.906,17335180
1606919400,105.1,108.337,103.601,107.944,12523110
1607005800,108.2,111.24074,106.13,106.268,15156330
1607092200,106.8,107.927,105.111,105.389,8526520
1607351400,105.801,108.8,105.60372,108.44,9346610
1607437800,108.897,110.7,108.3,110.209,10870930
1607524200,110,110.294,102.842,103.819,14300120
1607610600,101.75,107.3,101.7,106.737,9804990
1607697000,106.498,107.5,103.8,105.787,7388820
1607956200,105,107.927,103.916,105.917,11318740
1608042600,105.419,108.621,105.066,107.41,8042200
1608129000,107.261,116.41663,107.169,115.731,30926600
1608215400,116.3,120.6895,115.04306,118,22951030
1608301800,118.184,118.423,116.112,117.096,11145500
1608561000,116.498,120.519,114.5,119.726,15173200
1608647400,120.395,128.5185,120.0165,127.708,25046830
1608733800,127.5,127.622,119.74,119.796,21283570
1608820200,121.6,123.898,120.95468,122.552,9257180
1609165800,122.986,123.154,113.722,114.706,18963150
1609252200,116.8,120.04516,114.633,117.161,14219950
1609338600,117.813,118.061,114.279,116.3,7909320
1609425000,116.346,116.346,112.825,113.195,8184190
1609770600,113.799,114.28754,107.786,109.24,16448730
1609857000,109.437,111.874,108.559,111.874,9054500
1609943400,109.75,110.9,107.605,108.731,12687260
1610029800,110.2,116.17099,110.2,115.953,13765460
1610116200,117.2,119.489,115.154,118.892,13781260
1610375400,117.05,121.769,116,117.764,11107870
1610461800,118.8,120.579,116.54281,118.824,9033640
1610548200,119.2,120.197,116.95,119.982,6938290
1610634600,122.899,123.01,117.065,117.886,11837660
1610721000,119.016,119.3,114.70001,117.047,8933000
1611066600,118.69,119.066,115.017,117.397,7764680
1611153000,118.071,121.632,117.53456,120.098,8119450
1611239400,121.4,121.625,118.1,119.815,7011060
1611325800,118.752,120.161,117.71555,119.67,6247470
1611585000,120.616,124.745,116.55,120.592,14882570
1611671400,120.817,121.61388,115.744,115.977,9855220
1611757800,114.992,114.992,108.1,109.208,16102370
1611844200,111.024,113.86599,109.057,112.057,7743910
1611930600,112,112.481,108.1,109.859,10061460
1612189800,110.6,114.901,109.968,114.493,10833180
1612276200,116.646,123.827,116.123,123.535,17418270
1612362600,123.535,124.59999,119.516,122.416,11629060
1612449000,124.127,128.165,123.34227,126.087,14236620
1612535400,126.149,129.6775,125.25846,128.775,10474670
1612794600,130.386,134.8255,129.301,134.509,12522200
1612881000,136.553,145.349,135.599,143.299,21341040
1612967400,144.801,149.975,140.815,146.242,20916530
1613053800,147.563,148.197,143.803,146.331,9223590
1613140200,145.7,147.3,143.139,145.549,10124710
1613485800,146.853,149.228,142.8,147.4,15741920
1613572200,138.416,145.9621,134.5,142.5,36523570
1613658600,139.309,141.5,137.524,138.457,12520980
1613745000,139.696,143.864,137.651,143.501,13247680
1614004200,139.778,141.48,136.05582,138.13,13879570
1614090600,126.978,132.214,120.544,130.024,34487820
1614177000,130.534,132,126.35301,130.115,11156040
1614263400,130.137,132.119,122.621,124.51,18641000
1614349800,125.468,129.79999,123.7,128.097,13236990
1614609000,131.5,133,128.1,130.994,12741720
1614695400,131.779,131.779,125.5,130.906,12761290
1614781800,128.834,129.999,121.835,122.03,11562940
1614868200,119.992,122.03,111.361,114.944,27452390
1614954600,115.497,115.497,102.157,113.101,39430010
1615213800,112.604,116.4,107.082,107.243,24597740
1615300200,112.368,114.789,110.15101,113.074,18584110
1615386600,116.964,116.997,107.951,108.79,20533930
1615473000,111.95,115.815,108.69162,114.224,16604370
1615559400,112.198,114.6265,109.30313,114.063,10884400
1615815000,113.724,115.914,111,115.9,7125900
1615901400,118.312,119,112.40001,114.317,10698200
1615987800,112.228,117.865,109.8,116.917,9168430
1616074200,114.5,114.8,110.626,111.71,10439050
1616160600,111.898,113.736,110.436,112.095,8113270
1616419800,112.314,116.083,112.038,116,9040750
1616506200,116.5,116.847,114.23,116.2,8966580
1616592600,117.681,118.5,110.235,110.601,10707820
1616679000,109.008,110.399,105.12501,106.168,17682080
1616765400,105.26,108.498,100.514,106.521,28401930
1617024600,105.36,107.58276,102.86,103.991,10551830
1617111000,102.846,107.41873,101.28,104.868,15132850
1617197400,106.801,111.95,106.5,110.65,13838340
1617283800,115,117.898,113.702,115.541,11601890
1617629400,117.508,117.79689,113.59006,114.595,7346700
1617715800,114.4,117.97,114.4,115.614,7102370
1617802200,115,117.4985,114.379,115.947,6645600
1617888600,118.255,122.446,117.998,122.269,15815590
1617975000,121.2,123.45,119.016,122.73,12387980
1618234200,122,122.6,118.73546,120.2,10305140
1618320600,121.505,124.821,121.505,124.154,10923000
1618407000,124.8,125,117.602,117.986,13165180
1618493400,120,122.197,118.7,120.834,9545140
1618579800,121.1,121.919,118.782,120.78,7345300
1618839000,119.2,120.234,114.315,114.578,9308590
1618925400,113.801,115.8182,110.721,112.301,8609900
1619011800,111.609,114.98136,111.005,114.206,6237340
1619098200,115.72,115.72,109.2,109.664,10818630
1619184600,110.385,110.96029,108.726,109.903,11949310
1619443800,111.169,116.6,110.729,116.6,14913680
1619530200,116.6,116.91,113.4429,115.689,12861250
1619616600,121.678,130.161,119.275,128.88,39020850
1619703000,129.95,130,122.813,123.307,16526350
1619789400,121.585,122.7375,117.55501,118.251,15854270
1620048600,118.673,119.43597,111.917,112.201,13983140
1620135000,111.5,114.4,107.20401,114.294,20932510
1620221400,115.1,115.784,110.98501,112.035,12659790
1620307800,111.301,112.57999,106.716,109.093,22405960
1620394200,111.82,112.85889,109.305,110.86,15599120
1620653400,109.9,110.237,106.005,108.024,13904580
1620739800,104,112.159,103.175,111.02,19242700
1620826200,108.298,110.586,105.567,108.39,13861110
1620912600,110.23,110.9,102.5075,104.777,15549080
1620999000,106.701,108.81,104.4,108.501,10557950
1621258200,107.652,111.463,107.01001,109.639,10860150
1621344600,110.5,115.257,109.13501,113.336,19158300
1621431000,110.6,117.259,110.201,117.039,19419630
1621517400,118,122.4205,117,121.49,15516850
1621603800,122.399,124.6,119.2,122.412,16825320
1621863000,122.48,127.82596,121.6,126.143,13984870
1621949400,126.7,128.099,123.1955,124,14564200
1622035800,124.849,126.8,123.2,123.883,11205960
1622122200,123.192,125.722,121.4595,124.084,10401280
1622208600,124.841,127.179,124.166,124.287,8816770
1622554200,125.417,127.893,124.459,125.156,11747680
1622640600,125.8,126.58278,121.8,122.959,9913940
1622727000,122.301,122.8215,119.55,119.9,8097920
1622813400,120.997,122.437,120.224,120.574,6259610
1623072600,120.912,123.12,118.25,123.055,6860210
1623159000,124.4,125.224,121,123.074,7118670
1623245400,122.75,124.27899,121.49877,121.556,5162780
1623331800,121.5,123.706,119.81,123.11,9892570
1623418200,123.824,125,122.8,124.702,8850110
1623677400,124.7,131.092,124.53463,130.664,14476500
1623763800,130.9,135,128.6,132.108,17221590
1623850200,132.428,137.7,131.8265,136.63,23230280
1623936600,135.231,146.1,135.1,144.927,31472720
1624023000,143.502,148.5495,143.452,146.687,25490090
1624282200,147.326,155.223,145.25,148.023,32540480
1624368600,148,151.636,146.697,150.844,21680250
1624455000,151.093,153.49578,149.43,150.053,13716110
1624541400,151.339,152.98,147.366,147.899,13401250
1624627800,148.995,148.995,142.903,147.354,18024250
1624887000,148.378,152.3145,147.8,149.499,12811740
1624973400,149.714,151.297,147.325,148.299,10580870
1625059800,147.858,149.17994,145.404,146.098,10441160
1625146200,146.098,146.94852,144.2,145.8,7641080
1625232600,146.998,149.8,144.902,146.475,10451690
1625578200,146.806,154.09999,146.761,153.803,19334260
1625664600,155.101,158.774,150.837,152.022,16646820
1625751000,147.5,149.95,145.232,146.334,16594800
1625837400,147.25,149.692,145.78801,149.499,12576170
1626096600,150.293,153.018,147.6,149.474,11841870
1626183000,149.259,153.22704,149.074,151.647,11927880
1626269400,153.5,155,145.9,146.3,14590560
1626355800,147.6,148.11069,142.002,144.15,11672270
1626442200,145.427,146.38136,142.6,144.263,9601010
1626701400,141.516,147.537,139.301,147.201,14300840
1626787800,147.735,153.352,145.8161,152.478,12862980
1626874200,151.751,156.936,151.564,156.936,13495250
1626960600,156.426,160.257,156.426,159.409,18515830
1627047000,160.8,165,159.593,164.332,14017670
1627306200,164.923,165,157.671,158.228,14329860
1627392600,158.203,160.242,151.3035,155.51,17330920
1627479000,157.7,158.315,149.7025,153.8,22118000
1627565400,152.806,156.0215,151,152.5,17606470
1627651800,149.995,152.987,149.02,149.993,10309820
1627911000,150.383,155.5,149.30506,153.867,14318830
1627997400,154.214,155.975,149.9,152.256,16119380
1628083800,152.408,155.825,151.70101,155.552,6690630
1628170200,155.321,157.6,153.385,154.555,8228060
1628256600,153.291,155.099,150.1272,152.506,6928670
1628515800,152.58,155.199,151.00801,154.999,10938120
1628602200,155.7,158.337,151.4435,152.594,12074970
1628688600,153.625,153.74347,148.08,148.523,9219130
1628775000,148.253,151.4,145.594,150.32,10822290
1628861400,150,150.498,147.5,149.8,6229360
1629120600,149.146,153.46,146.871,148.9,12814590
1629207000,148.568,149.3265,145.808,148.187,11451730
1629293400,147.458,151.4,147.12,148.918,8203650
1629379800,147.201,149.955,146.311,146.611,6249510
1629466200,147.76,148.58,143.75,145.07,7834890
1629725400,145.621,148.81499,145.30794,148.141,8693730
1629811800,151.001,156.2,151,153.851,13567580
1629898200,154.145,155.597,151.16,155.224,8031240
1629984600,154.899,155.68999,151.419,151.558,6271380
1630071000,151.7,153.899,151.11401,153.142,5210150
1630330200,154.094,156,152.801,154.9,6600400
1630416600,155.423,155.423,152.129,152.478,5201210
1630503000,152.765,155.224,152.328,153.903,5753430
1630589400,154.24,158.8,153.84021,154.26,9421620
1630675800,154.5,156.803,154.1,155.425,6022310
1631021400,155.474,156.37664,152.68948,153.67,6122160
1631107800,153.7,153.794,147.575,147.781,10681040
1631194200,149.1,151.931,148.593,150.408,6622900
1631280600,151.5,151.771,147.95,148.41,5024100
1631539800,149.2,149.539,143.236,147.687,9756630
1631626200,147.541,149.144,144.3,145.128,7795020
1631712600,145.5,147.764,143.311,147.494,6500850
1631799000,146.9,147.93,145.1,147.597,7566140
1631885400,146.666,148.746,145.22105,148.629,5479390
1632144600,144.003,146.48032,140.11201,143.453,12677250
1632231000,144.5,144.86699,142.344,143.715,7709360
1632317400,144.5,147.473,142.904,146.59,5931780
1632403800,147.4,148.496,145.60001,147.66,6196440
1632490200,147.344,147.59499,142.8,144.4,8683650
1632749400,143.6,145.17,141.426,144.381,7654640
1632835800,142,142.555,135.9,136.931,13279860
1632922200,138.1,139.29899,134.114,134.655,10059280
1633008600,134.695,137.69899,134.695,135.578,7678970
1633095000,136.246,136.983,133.925,135.076,7294190
1633354200,132.632,133.9,128.59,131.49,11742480
1633440600,131.246,135.6,131.246,131.808,7878470
1633527000,131.172,135.9,130.537,134.988,8602160
1633613400,137.299,140.646,136.517,139.85,11085540
1633699800,141.778,142.9,137.23572,137.803,8904460
1633959000,136.9,138.549,135.3,135.701,6229470
1634045400,136.994,137.899,135.1,135.722,5997970
1634131800,137.7,139.951,136.86801,139.897,6430030
1634218200,141.315,142.69999,140.1708,140.675,6231380
1634304600,141.481,142.987,139.705,142.458,7320040
1634563800,142.503,146.602,141.8,146.511,8406310
1634650200,147.985,150.19799,147,148.574,7261100
1634736600,149.795,150.23155,146.202,148.747,7125370
1634823000,147.22,150.672,147.22,149.671,6266550
1634909400,147,147.295,140.448,142.585,15291040
1635168600,142.888,143.9,139.501,142.516,8001190
1635255000,142.8,143.015,135.771,136.37,12909940
1635341400,136.4,137.91666,133.61101,136.112,14519590
1635427800,135.004,150.471,132.854,145.7,37594900
1635514200,143.5,148.817,141.982,146.673,12631830
1635773400,146.51,153.176,146,152.762,15488390
1635859800,152.3,153.402,147.10201,147.664,9063760
1635946200,149.533,149.718,145.205,149.534,7088620
1636032600,151.529,154.921,149.55,154.056,9932450
1636119000,153.5,154.99987,151.018,152.806,6538190
1636381800,154,156.433,152.2001,153.377,7644360
1636468200,154.6,156.30512,151.981,155.485,5944920
1636554600,153.74,154.487,147,147.4,6922370
1636641000,150.05,151.2,149,149.034,5457710
1636727400,152.097,167.4785,151.001,166.952,28395500
1636986600,165.34,170.439,163.251,165.65,14730360
1637073000,163,171.451,162.851,167.532,9159540
1637159400,165.81,167.67875,163.56524,163.781,6077710
1637245800,164.6,169.755,163.721,168.13,9707170
1637332200,171.8,176.29184,168.5095,169.06,15070210
1637591400,170.101,170.35,158.052,159.501,13575760
1637677800,158.801,161.36399,153.212,157.306,10600860
1637764200,155.541,164.202,154.124,162.87,9713730
1637937000,165,166.12699,157.623,157.67,7557510
1638196200,157.732,158.347,152.471,156.702,11188120
1638282600,160.05,162.9938,151.664,152.179,16144250
1638369000,154.66,155.8,145.798,145.971,14531090
1638455400,145.749,148.483,143.1,144.715,11222810
1638541800,146.598,146.7545,135.703,141,14151750
1638801000,137.312,143.086,134,142.812,12082540
1638887400,147.141,153.599,146.66214,152.051,14648730
1638973800,150.86,153.494,149.2,152.029,7769230
1639060200,151.5,153.398,148.212,149.495,7960960
1639146600,150.849,153.15,144.20527,146.158,7942860
1639405800,144.76,147.039,137.101,139.715,12730210
1639492200,136.8,140.25499,132.90001,135.428,12079380
1639578600,135.2,137.642,128.894,136.808,15768260
1639665000,142.8,142.8,129.7915,132.688,14065470
1639751400,130.537,135.207,128.001,132.34,12093340
1640010600,130.74,132,127.18888,128.217,10737910
1640097000,131.252,137.129,130.4705,137.011,12591610
1640183400,135.949,139.235,135.136,138.563,8331250
1640269800,139,144.361,138.083,143.933,10960170
1640615400,144.361,145.7,139.615,140.059,7213840
1640701800,140.818,141.499,136.417,137.562,5844980
1640788200,136.899,140.07888,135.137,139.208,6410150
1640874600,138.809,143.288,138.809,139.824,5687810
1640961000,139.991,140.3652,137.704,137.739,4712610
1641220200,139.19,139.367,133.4185,136.314,7161200
1641306600,135.65,137,121.1245,122.186,29442880
1641393000,121.35,122.87899,117.375,119.001,21151630
1641479400,117.244,119.776,113.858,116.893,18043480
1641565800,116.9,118.23699,112.14,114.448,12887130
1641825000,111.701,113.323,106.402,113.117,21125910
1641911400,109.7,116.598,108.601,115.731,12626400
1641997800,118.516,119.12,115.7,116.876,11328940
1642084200,117,117.805,106.15001,106.436,22801040
1642170600,105.3,111.198,104.8601,110.291,22203430
1642516200,108.721,108.834,102.906,105.466,21897390
1642602600,106.821,112.249,103.0245,103.095,19601390
1642689000,104.997,108.444,102.267,102.395,14176350
1642775400,100.469,101.364,86.875,88.212,53351240
1643034600,83.4,96.399,78,93.849,77623920
1643121000,91,93.899,84.1,89.239,46759410
1643207400,93.701,95,85.23,86.892,33160270
1643293800,90.469,90.665,81.312,81.576,21613510
1643380200,82.503,87.434,79.2515,87.223,26570070
1643639400,88.19,96.821,87.50001,96.424,25004010
1643725800,98.43,98.85,93.78507,98.42,17520790
1643812200,98.35,98.511,86.493,88.588,31831000
1643898600,83,85.74219,80.6,80.944,30259900
1643985000,83,89.26223,81.0865,87.6,29425070
1644244200,88.156,90.79999,85.54887,86.689,16539630
1644330600,85.9,88.05,85.2,87.8,11550470
1644417000,90.519,92.563,88.401,92.497,14854530
1644503400,90,93.254,88.5,89.334,19135480
1644589800,89.215,90.599,83.501,85.4,13524580
1644849000,84.637,87.113,83.551,84.745,15798700
1644935400,86.443,89.13477,84.314,88.95,17269330
1645021800,79.985,80,72,74.685,99249980
1645108200,72.712,73.224,65.50001,66,70505490
1645194600,66.278,68.348,64.04201,65.688,39739010
1645540200,63.203,66.199,62.42701,62.616,31564570
1645626600,63.48,65.98999,62.502,62.661,24328510
1645713000,58.503,66.879,58.503,66.398,35520210
1645799400,67.728,68.465,64.296,67.695,22753980
1646058600,68.976,70.407,66.749,69.426,17032360
1646145000,68.895,71.1175,67.061,67.344,16118060
1646231400,67.135,67.798,63.541,65.983,22121180
1646317800,66.491,66.626,63.22,64.075,15529850
1646404200,64.098,65.094,59.15101,60.084,28173910
1646663400,59.9,60.607,55.73669,56.08,27626100
1646749800,55.256,55.499,51.12,51.495,52423380
1646836200,54.499,59.48999,53.407,58.765,39835540
1646922600,56.72,57.19799,54.525,55.318,29826020
1647009000,56.898,58.05399,54.224,54.437,27360630
1647264600,54.141,55.3225,51.002,51.255,24948620
1647351000,51.858,56.29999,51.365,55.343,26553900
1647437400,57.458,62.386,56.7,62.238,31596120
1647523800,61.222,65.77799,60.461,65.738,30355970
1647610200,64.988,78,64.73,78,46308710
1647869400,69.9,71.305,65.30301,68.345,66699310
1647955800,68.917,73.378,67.095,72.701,44498330
1648042200,71.5,73.949,69.50001,70.359,33973140
1648128600,71.032,71.181,68.03723,70.5,24118880
1648215000,70.5,70.68499,66.6,67.953,22350350
1648474200,68.497,71.66,67.06601,70.16,24524120
1648560600,71.683,75.878,70.244,74.398,29474870
1648647000,72.572,73.78,69.2,70.56,31928700
1648733400,70.851,70.864,67.523,67.596,22227220
1648819800,68.756,71.68765,67.851,69.3,29412070
1649079000,69.639,73.08899,69.20001,72.729,19721340
1649165400,72.9,74.134,69.201,70.292,23784340
1649251800,68.463,68.544,63.844,65.658,33372190
1649338200,65.6,66.905,62.045,64.397,29001460
1649424600,63.93,64.173,60.006,60.318,41832510
1649683800,61.451,62.89799,59.368,61.738,39027480
1649770200,62.756,64.437,59.024,59.106,36801420
1649856600,59.097,62.2,57.895,60.478,28846660
1649943000,60.241,60.7,57.901,57.951,22825060
1650288600,57.5,58.68909,55.6,58.1,23198620
1650375000,57.75,61.4,57.6,60.563,21424940
1650461400,59.298,59.4,52.5,52.5,51186510
1650547800,53.501,53.7745,47.25738,48.1,59355120
1650634200,48,49.271,45.403,45.997,44860390
1650893400,46.198,47.585,45.339,45.921,40069420
1650979800,45.506,45.853,42.8,42.809,37411580
1651066200,42.399,43.997,41.332,41.62,31912830
1651152600,42.881,45.213,41.117,44.328,41856340
1651239000,42.2,46.338,42.149,42.682,39768930
1651498200,42.115,45.414,42.115,45.298,33719410
1651584600,45.175,47.535,44.945,46.52,37363430
1651671000,45.766,48.799,43.91,48.549,44707830
1651757400,40.764,42.48799,39.586,41.309,113608250
1651843800,40.106,40.149,35.513,37.749,102695750
1652103000,36.2,37.171,33.729,34.004,64126780
1652189400,35.49,36.61,31.8,33.539,60862360
1652275800,33.194,34.6,31.525,31.859,63287490
1652362200,31.361,38.5,30.80601,35.351,94273760
1652448600,37.218,40.863,37.218,40.248,61514180
1652707800,39.776,39.824,35.695,35.995,54134470
1652794200,37.4008,38.497,34.63824,37.264,47196270
1652880600,36.306,37.973,35.502,36.062,42404290
1652967000,36.216,41.37,36.05,39.133,76017630
1653053400,40.069,40.39899,34.001,36.385,56642620
1653312600,36.201,36.879,34.20001,36.849,40428500
1653399000,35.641,35.641,31.90001,32.484,44375490
1653485400,32.948,33.675,31.8,33.311,37993500
1653571800,32.973,35.71269,32.535,35.132,30734190
1653658200,35.677,37.18151,35.56348,36.904,31134800
1654003800,37.441,38.74,36.22,37.512,36062350
1654090200,37.964,39.294,35.188,36.153,38709000
1654176600,36.247,40.1,36.201,39.887,40149760
1654263000,37.99,38.55041,34.827,35.366,50216440
1654522200,36.7,37.456,35.453,36.062,37864680
1654608600,35.411,38.13199,35,38.074,47707190
1654695000,38.1,39.60499,37.709,39.147,35179620
1654781400,38.521,39.752,37.105,37.139,34033960
1654867800,35.5,36.281,33.931,34.843,40300130
1655127000,33.142,34.014,31.164,31.294,40665600
1655213400,31.661,32.07698,29.7641,30.354,38194380
1655299800,30.57,33.0975,30.4798,32.603,47766790
1655386200,31.481,31.931,29.957,30.523,40943120
1655472600,30.69,32.586,30.631,31.689,37008410
1655818200,32.4,33.682,32.161,32.825,31601470
1655904600,32.438,34.825,32.253,33.854,34666790
1655991000,33.85,36.527,33.213,36.383,43753140
1656077400,36.451,38.78974,36.383,38.523,46652850
1656336600,39.248,39.5,35.829,37.321,58165050
1656423000,37.132,38.049,34.656,35.026,44180900
1656509400,34.4,34.9799,32.47,33.05,30879360
1656595800,32.65,33.34,30.86,31.24,26019553
1656682200,32.08,33.06,30.7,31.41,20371645
1657027800,30.84,34.28,29.72,34,29167805
1657114200,34.14,35.31,32.75,33.04,25782266
1657200600,32.84,35.48,32.3,35.33,23042320
1657287000,34.25,36.75,34.1,35.57,22067217
1657546200,34.76,35.1,32.04,32.32,22564836
1657632600,32.57,33.48,31.7,32.38,21445021
1657719000,31.35,33.21,30.28,32.15,26325758
1657805400,31.84,32.25,30.38,30.67,24247445
1657891800,31.29,31.84,30.02,31.27,22398709
1658151000,31.92,34.2,31.83,32.54,28950702
1658237400,34.02,34.38,32.04,34.37,27254852
1658323800,34.19,38.84,33.95,38.49,42330762
1658410200,37.97,40.68,37.85,40.4,39578459
1658496600,39.4,39.8588,36.765,37.35,28254363
1658755800,37.05,37.43,35.71,36.71,19770525
1658842200,31.81,31.95,30.55,31.55,65071885
1658928600,31.46,35.48,31.31,35.24,79941453
1659015000,34.7,36.16,33.6,35.91,33198405
1659101400,35.21,36.649,33.75,34.83,31716759
1659360600,34.9,37.4201,34.05,36.44,26421460
1659447000,35.7,38.98,35.55,37.74,29706954
1659533400,38.3,42.15,38.3,41.93,38072773
1659619800,41.95,42.59,40.175,41.02,31565738
1659706200,39.27,42.55,39.04,40.81,28771535
1659965400,41.41,42.45,39.27,39.77,29845891
1660051800,38.75,38.84,36.31,36.75,34712092
1660138200,39.44,40.87,37.97,40.61,39813058
1660224600,42.82,45.43,39.66,40.42,55567198
1660311000,41.3,41.53,39.61,40.76,29889591
1660570200,40.14,41.1,38.86,39.84,28841621
1660656600,39.93,40.39,37.63,39.58,30792064
1660743000,38.75,39.015,37.1,37.3,29058812
1660829400,37.29,37.38,36.0101,36.86,20334675
1660915800,36.09,36.44,34.11,34.2,28335162
1661175000,33.39,33.98,32.57,33.18,23788802
1661261400,33.05,33.8,32.38,32.47,20640420
1661347800,32.68,34.265,32.41,33.29,23435798
1661434200,33.74,34.71,33.29,34.34,23870648
1661520600,34.37,34.59,31.8,32.42,30299990
1661779800,31.76,33.2,31.76,31.94,21041836
1661866200,32.47,32.91,30.53,31.36,33550299
1661952600,31.98,33.35,31.34,31.65,26208648
1662039000,30.94,31.36,29.8207,31.27,28553505
1662125400,31.8,31.99,29.86,30.11,31478548
1662471000,30.15,30.36,29.07,29.84,25659491
1662557400,29.96,31.0979,29.37,30.98,22289250
1662643800,30.42,32.03,29.89,31.94,30419414
1662730200,32.44,34.9,32.34,34.81,40648173
1662989400,34.75,35.81,34.6,35.16,24260643
1663075800,32.75,33.52,32.4,32.7,29833310
1663162200,32.58,33.73,31.89,33.69,22981738
1663248600,33.16,34.73,32.94,33.85,23235238
1663335000,32.43,32.83,31.22,31.73,31975544
1663594200,31.17,33.03,31.14,32.94,25049747
1663680600,32.31,32.39,30.79,30.95,26104071
1663767000,31.04,32.43,30.5,30.55,28911792
1663853400,30.21,30.5691,28.32,28.57,34457099
1663939800,28.41,28.91,27.65,28.76,27542946
1664199000,28.67,29.94,28.24,28.25,25033050
1664285400,29.03,29.4,27.66,27.85,23308546
1664371800,27.94,29.37,27.66,29.24,24820608
1664458200,28.32,28.6,26.51,26.77,32086934
1664544600,26.57,28.14,26.38,26.94,24803940
1664803800,27.3,28.22,26.48,27.76,26422896
1664890200,29.08,31.845,29,31.53,43030957
1664976600,30.42,31.25,30.12,30.83,24091907
1665063000,30.55,31.08,29.78,30.06,36021984
1665149400,29.08,29.19,27.01,27.21,29793393
1665408600,27.28,27.28,26.01,26.45,21516597
1665495000,26.4,26.58,24.95,25.67,32097969
1665581400,25.66,26.45,25.255,25.99,20772494
1665667800,24.11,26.56,23.6304,26.24,34677454
1665754200,26.99,27.39,25.98,26.06,30476590
1666013400,27.45,27.995,27.07,27.76,22387317
1666099800,29.25,29.72,28.33,28.73,22754297
1666186200,28.45,28.63,27.84,28.35,22677749
1666272600,28.5,30.82,28.38,29.73,37547134
1666359000,29.03,29.75,28.035,29.75,32835880
1666618200,29.32,29.39,27.83,28.75,24463897
1666704600,29.16,30.16,29.15,29.83,19598758
1666791000,29.2,30.87,28.55,29.06,29508496
1666877400,31.03,34.6,30.9,34.1,85884016
1666963800,33.84,34.7799,32.58,34.19,39189504
1667223000,34.07,36.16,33.9,34.23,46021125
1667309400,35.38,36.4,34.72,34.79,32527652
1667395800,34.93,36.06,33.505,33.51,34904997
1667482200,32.92,35.1561,32.83,33.74,23395008
1667568600,34.73,35,31.33,32.15,30310850
1667831400,32.61,32.93,31.46,32.24,16129035
1667917800,32.57,33.25,31.66,32.8,18576017
1668004200,32.03,32.39,30.44,30.9,17640818
1668090600,33.9,36.6,33.45,36.51,32449064
1668177000,36.61,40.921,36.13,39.44,39173373
1668436200,39.05,39.31,37.92,38.4,17931145
1668522600,40.41,41.73,39.9604,40.02,26589082
1668609000,39.07,39.78,37.86,38.51,17334221
1668695400,37.48,38.27,36.84,37.72,16916577
1668781800,38.29,38.37,36.08,36.59,14746255
1669041000,35.77,36.091,34.66,35.21,15565559
1669127400,35.12,35.38,34.38,35.28,12669111
1669213800,35.37,37.04,35.15,36.77,15970701
1669386600,36.73,37.01,36.04,36.79,9401497
1669645800,38.8,40.15,37.537,38.03,42647295
1669732200,38.48,39.96,36.73,37.15,29118158
1669818600,37.42,40.9,37.09,40.88,30671795
1669905000,41.45,43.74,41.3,43.4,33691868
1669991400,42.15,45.06,42.01,43.06,30820931
1670250600,42.77,43.6996,40.41,40.79,22014003
1670337000,40.57,40.8499,38.57,38.97,19295204
1670423400,38.08,38.99,37.72,38.49,23536622
1670509800,38.07,39.15,36.56,38.64,24816635
1670596200,38.45,40.355,38.325,38.38,21469386
1670855400,37.92,38.68,37.49,38.38,20040712
1670941800,41.81,42.7,38.566,38.78,26830041
1671028200,38.4,39.45,37.694,38.24,21245463
1671114600,37.29,37.8,36.05,36.39,17448199
1671201000,36.09,37.11,35.65,36.09,16908801
1671460200,36.1,36.3,35.2216,35.5,14397560
1671546600,34.9,37.1,34.78,35.99,16742391
1671633000,36.18,36.94,35.29,36.19,13260508
1671719400,35.6,35.6,33.39,34.68,16498373
1671805800,34.2,34.55,33.105,33.71,13112790
1672151400,33.06,33.635,32.35,33.39,12400908
1672237800,33.21,33.7,32.395,32.64,13332144
1672324200,33.18,35.38,32.93,35.1,17645736
1672410600,34.32,35.1462,34.15,34.71,13272946
1672756200,35.69,36.48,34.65,35.68,18847042
1672842600,36.29,37.77,35.71,37.54,20072541
1672929000,36.55,36.79,35.36,35.95,16462144
1673015400,36.11,37.25,34.97,36.85,15951860
1673274600,37.7,38.49,37.16,37.19,17446564
1673361000,36.97,37.4,36.04,36.5,20460420
1673447400,36.64,37.35,35.78,36.44,19921804
1673533800,37.29,37.4,35.6,36.76,19977561
1673620200,35.8,39.07,35.67,38.89,24097436
1673965800,39.19,40.3,38.05,39.98,20077182
1674052200,40.38,41.03,39.095,39.17,19447829
1674138600,38.42,39.47,37.91,38.06,15311855
1674225000,38.58,40.48,38.1396,40.48,15073128
1674484200,42.11,44.11,41.9,44.04,29496250
1674570600,45.5,45.5,42,42.69,16032488
1674657000,44.96,48.27,44.34,47.33,59097937
1674743400,48.7,49.08,46.44,48.33,28958235
1674829800,47.75,50.17,47.62,50.08,24480224
1675089000,49.58,49.65,47.05,47.19,18872902
1675175400,47.88,49.745,47.73,49.27,21531550
1675261800,49.37,50.84,48.28,50.26,26964587
1675348200,52.74,54.49,52.33,53.63,26663542
1675434600,51.27,54.665,51,52.93,21572035
1675693800,51.67,52.89,51.4,51.57,13585939
1675780200,51.61,51.8,49.34,51.35,20441234
1675866600,51.11,51.72,49.76,49.8,13116402
1675953000,50.72,51.26,49.395,49.64,17396398
1676039400,48.86,49.15,47.3263,48.3,14714127
1676298600,48.38,49.12,47.92,48.7,11358437
1676385000,48.75,50.73,47.94,50.11,18465442
1676471400,51,53.7,50.21,53.39,37172278
1676557800,45.54,46.92,44.305,44.91,66831909
1676644200,44.1401,45.03,42.92,43.61,26415311
1676989800,42.13,42.85,41.14,41.42,24483303
1677076200,42.03,42.925,41.02,42.03,20094688
1677162600,42.69,42.82,40.94,42.38,20430870
1677249000,40.45,41.09,39.87,40.75,20981638
1677508200,40.94,41.05,39.74,40.48,18491816
1677594600,40.51,41.3592,40.41,41.14,13054857
1677681000,41.14,41.45,40,40.1,13484780
1677767400,39.12,41.41,39.02,41.18,16938049
1677853800,41.31,43.489,41.22,43.4,16948499
1678113000,43.71,44.055,43.17,43.48,14875092
1678199400,43.12,43.68,42.22,42.46,13295688
1678285800,42.38,43.82,42.025,43.7,13779357
1678372200,43.73,45.98,42.74,43,24116751
1678458600,42.14,42.635,40.5201,41.46,22080913
1678714200,40.52,42.765,39.79,41.78,18922343
1678800600,42.96,44.21,42.86,43.8,16867671
1678887000,42.63,43.56,42.09,43.54,17052178
1678973400,43.49,44.85,42.02,44.67,15412686
1679059800,44.23,45.38,43.75,44.68,17938421
1679319000,44.11,44.24,42.78,43.88,15361597
1679405400,44.1,46.05,44.1,45.74,14747380
1679491800,45.71,47.32,44.72,44.96,17080879
1679578200,45.82,46.9416,45.1195,45.79,15348832
1679664600,45.2,45.5793,44.235,44.98,11161878
1679923800,45.36,45.88,44.25,45.07,10729563
1680010200,44.98,45.39,44,44.31,8872483
1680096600,44.75,46.73,44.75,46.7,14238118
1680183000,47.24,47.32,46.02,46.51,12119106
1680269400,46.49,48.135,45.95,47.94,13503611
1680528600,47.25,47.76,46.58,47.68,10349795
1680615000,47.78,48.26,47.32,47.59,11378403
1680701400,47.34,47.42,45.18,45.19,12283139
1680787800,44.68,45.63,43.5,45.35,11908487
1681133400,44.69,45.6101,44.0488,45.35,9589611
1681219800,45.09,45.55,44.18,44.78,9268291
1681306200,47.14,48.75,45.22,45.3,30890251
1681392600,45.75,46.72,45.63,45.73,12856313
1681479000,45.51,46.475,45.107,46.39,9819476
1681738200,46.11,48.82,45.91,48.52,17277650
1681824600,48.97,49.86,48.63,49.2,13933405
1681911000,48.42,49.4,48.31,49.05,10237348
1681997400,48.4,48.74,47.64,48,12161904
1682083800,48.23,48.99,47.85,48.94,12149032
1682343000,48.85,49.455,47.54,48.02,10042165
1682429400,47.5,47.5,46.28,46.46,9376755
1682515800,47.23,47.425,46.17,46.37,8126522
1682602200,47.43,47.62,46.34,47.59,11479513
1682688600,46.94,48.87,46.92,48.45,10411844
1682947800,48.13,48.92,47.135,47.28,9577260
1683034200,46.87,47.63,46.08,46.78,11254968
1683120600,46.8,47.97,46.19,46.27,15472679
1683207000,54.87,59.82,53.88,57.3,88927303
1683293400,57.3,62.5394,57.02,62.03,43103981
1683552600,61.6,65.1299,61.29,64.38,37097555
1683639000,63.48,63.93,62.36,63.89,20442828
1683725400,64.31,65.54,63.16,63.17,17461237
1683811800,62.4,63.0889,61.58,62.9,15715101
1683898200,62.4,62.71,61.01,61.33,13662743
1684157400,60.76,62.32,60.7001,61.58,10652922
1684243800,61.2,62,60.12,60.12,11094923
1684330200,60.48,61.08,59.42,60.76,10665599
1684416600,60.79,61.98,60.01,60.85,12967339
1684503000,60.7,61.05,59.79,60.2,11266481
1684762200,60.21,64.0455,60.17,62.06,17253593
1684848600,61.28,62.04,57.975,58.33,20317558
1684935000,57.75,59.84,57.01,58.97,17906441
1685021400,59.47,59.58,57.43,57.71,11529547
1685107800,58,59.92,57.795,59.26,13645001
1685453400,60.6,61.49,57.74,58.19,12758579
1685539800,58.16,59.11,56.73,57.19,13151576
1685626200,56.42,58.59,55.42,57.94,17356558
1685712600,59.03,59.78,57.93,58.29,12246521
1685971800,58.04,60.85,57.82,59.92,15269351
1686058200,61.9,64.06,60.72,63.66,29210988
1686144600,64.01,64.82,59.325,59.56,18023923
1686231000,59.28,61.1199,58.076,59.28,13235122
1686317400,59.8,62.3,59.6,61.36,12947265
1686576600,62.1,65.62,61.93,65.01,23203691
1686663000,66,66.5,63.3,63.84,16201947
1686749400,63.98,66.56,63.85,65.88,16711904
1686835800,65.33,66.34,63.82,66.1,11963304
1686922200,66.99,67.36,64.51,64.71,13567825
1687267800,65,66.57,63.32,64.26,12889840
1687354200,64.16,64.85,61.85,63.17,12508578
1687440600,62.65,64.0599,62.05,63.48,11143057
1687527000,62.03,63.92,61.58,63.79,8620856
1687786200,63.37,64.94,63.12,63.25,8599349
1687872600,63.45,64.54,62.78,63.8,9592531
1687959000,63.8,66.305,63.29,64.62,10721744
1688045400,64.78,64.81,63.17,63.76,8527854
1688131800,64.47,65.35,64.2,64.6,10880448
1688391000,65.04,66.42,64.37,64.85,7509473
1688563800,64.63,64.73,63.07,64.44,12541052
1688650200,63.05,63.3,61.44,61.83,13317156
1688736600,62.11,63.33,61.6,61.67,7984149
1688995800,61.25,62.04,60.5099,61.89,8457553
1689082200,62.25,63.28,62.11,63.15,8330056
1689168600,64.37,65.95,63.7,65.94,14865546
1689255000,67.02,70.5,66.81,70.37,22978271
1689341400,70.61,71.43,68.42,68.45,12111348
1689600600,68.6,69.89,67.87,68.68,9671281
1689687000,68.46,68.46,65.25,67.26,14982041
1689773400,67.88,69.13,67.41,68.23,9139301
1689859800,67.27,68.2678,65.025,65.44,10732326
1689946200,66.26,66.635,65.19,65.57,7400892
1690205400,67,67.6996,65.51,66.17,10457340
1690291800,65.91,66.48,64.8538,64.99,8531194
1690378200,64.5,65.8999,63.91,64.68,8662987
1690464600,66.32,67.79,63.525,63.96,12823847
1690551000,65.01,66.26,64.87,66.04,7783158
1690810200,66.95,68.31,66.76,67.58,9078958
1690896600,66.77,67.64,65.59,67.45,9974924
1690983000,65.64,66.1814,61.99,62.43,25987418
1691069400,61.88,64.25,58.33,59.04,35509313
1691155800,60.25,61.18,57.67,57.93,17069441
1691415000,57.61,58.059,56.51,57.57,10887407
1691501400,56.45,57.31,55.73,56.19,12202271
1691587800,56.1,57.065,55.09,55.2,9708970
1691674200,56.3,57.2,55.38,56.47,11696446
1691760600,55.59,55.9424,54.71,55.27,8678083
1692019800,54.54,55.99,54.3771,55.98,6531008
1692106200,55.69,56.2,54.77,55.34,9740963
1692192600,55.16,55.945,54.3501,55.34,8530659
1692279000,55.69,55.97,52.775,53.22,13873194
1692365400,51.47,53.25,51.2,53.14,12153783
1692624600,53.41,54.27,52.8994,53.93,7606799
1692711000,54.7,55.085,53.84,53.96,6627535
1692797400,54.19,57.005,54.11,56.73,13232031
1692883800,57.1,57.17,54.932,55.46,8956230
1692970200,55.43,56.64,54.0679,55.54,8956003
1693229400,56.24,56.725,55.75,56.31,7511929
1693315800,56.28,59.1492,56.01,58.8,9897837
1693402200,58.59,60.0292,58.37,60.01,7972443
1693488600,64.71,66.85,63.28,66.49,30505799
1693575000,66.68,67.6,65.89,66.71,13850348
1693920600,66.24,66.49,65.27,65.8,8858447
1694007000,65.04,66.26,65,65.82,8222686
1694093400,64.76,65.71,63.5707,64.78,8711870
1694179800,64.34,64.825,62.785,63.01,9048897
1694439000,63.39,64.76,62.81,64.56,7924293
1694525400,63.73,64.92,62.91,62.93,7179871
1694611800,62.34,63.26,61.7217,62.62,6920345
1694698200,63.08,63.8381,62.65,63.4,7116761
1694784600,63.31,63.49,61.92,62.38,8627234
1695043800,62.04,62.42,59.3714,59.5,11516417
1695130200,59.17,59.23,56.88,58.33,13478312
1695216600,58.62,58.7,56.835,56.97,8228621
1695303000,55.37,55.99,53.68,53.7,11314394
1695389400,54.74,55.27,52.89,53.08,9869963
1695648600,52.71,53.625,52.3,53.58,8314676
1695735000,52.9,53.63,51.37,51.51,10456042
1695821400,51.88,52.495,51.03,51.85,9041749
1695907800,51.25,53.88,50.59,53.2,13608000
1695994200,54.26,55.59,54.1018,54.57,13705275
1696253400,54.22,55.21,53.51,54,8265299
1696339800,53,53.678,51.02,51.38,11280180
1696426200,52.16,52.75,51.15,52.58,10956677
1696512600,52.01,52.55,51.1116,52.19,9268604
1696599000,51.43,53.91,51.2,53.65,12447571
1696858200,52.45,53.93,52.06,53.51,9709353
1696944600,53.73,55.5891,53.56,55.08,9833977
1697031000,55.51,55.6383,53.71,54.24,8505693
1697117400,54.5,55.03,52.92,53.33,10730837
1697203800,53.4,54.19,50.69,51.55,14377895
1697463000,51.92,53.59,51.05,53.28,10339534
1697549400,52.59,54.46,52.49,54.17,7962014
1697635800,54.58,56.1962,52.4299,52.84,15420807
1697722200,53.13,53.3175,51.54,51.83,10438095
1697808600,51.57,52.45,50.62,51.14,8475761
1698067800,50.53,51.98,49.64,51,8851654
1698154200,51.5,52.8799,51.255,52.35,7618789
1698240600,50.85,51.08,48.35,48.49,12658837
1698327000,48.84,49.36,45.81,46.69,17931336
1698413400,48.13,48.18,46.06,46.4,12207694
1698672600,47.09,47.85,46.25,46.92,10496246
1698759000,46.65,47.625,45.5,47.19,12046903
1698845400,47.55,48.86,47.16,48.79,19173661
1698931800,57.64,60.15,55.507,59.7,43602934
1699018200,59.86,61.84,58.95,61.47,22381243
1699281000,61.59,61.78,59.71,60.43,13284932
1699367400,60.7,62.34,60.025,61.69,11180398
1699453800,61.87,63.09,60.704,62.74,11987631
1699540200,62.52,63.34,60.335,60.37,13118326
1699626600,60.27,61.63,59.89,61.34,9329707
1699885800,61.23,62.41,60.24,62.34,8784130
1699972200,64.26,66.1699,63.98,65.52,13168383
1700058600,65.82,68.35,65.76,67.85,13514512
1700145000,67.06,68.2548,66.69,67.28,9160914
1700231400,66.93,68.89,66.8,68.34,9335485
1700490600,67.73,70.16,67.73,69.51,10306398
1700577000,69,69.91,68.1617,69.73,8209063
1700663400,70.26,71.58,69.15,70.96,10226470
1700836200,70.5,71.2099,70.23,70.35,5062840
1701095400,71.81,74.47,71.079,73.79,24288929
1701181800,72.42,74.22,72.2,73.51,12631964
1701268200,74.34,75.06,73,73.33,9815598
1701354600,73.36,73.84,72.12,72.82,7322282
1701441000,72.5,73.99,71.74,73.86,8853656
1701700200,73,73.66,71.37,72.52,9569214
1701786600,71.8,75.47,71.15,74.72,15767958
1701873000,73.77,74.18,71.065,71.14,13428634
1701959400,70.86,72.28,70.04,71.86,8471153
1702045800,71.26,73.02,71.24,72.52,7457627
1702305000,72.43,73.625,72.18,72.81,7101383
1702391400,72,72.625,71.07,72.5,6415940
1702477800,72.53,74.09,71.15,73.86,10910200
1702564200,75.31,77.64,74.85,77.54,13242150
1702650600,77.71,77.95,76.35,76.82,10430262
1702909800,75.75,77.47,75.63,77.13,9501628
1702996200,77.2,79.99,77.18,78.35,12464507
1703082600,78.1,78.7,75.15,75.42,9983333
1703169000,76.7,77.3,75.5,76.14,7496327
1703255400,76.45,77.17,76.155,76.83,6078077
1703601000,76.83,78.465,76.44,78.21,5251790
1703687400,78.19,78.68,77.34,78.34,6050168
1703773800,78.29,79.2,77.48,79.11,7608364
1703860200,79.12,79.7296,77.25,77.9,9527249
1704205800,76.44,76.63,72.9101,73.83,13134768
1704292200,72.08,72.9899,71.18,71.82,9649943
1704378600,71.63,74.02,70.615,73.42,11927380
1704465000,73.32,75.9467,73,74.51,9834419
1704724200,74.78,77.9,74.72,77.69,8231984
1704810600,77.25,80.24,76.92,80.11,10835013
1704897000,80.69,81.3,79.371,81.1,9866725
1704983400,81.15,82.65,79.13,81.3,10641163
1705069800,81.11,83.19,81,81.4,9264908
1705415400,80.28,82.14,79.62,81.32,11659684
1705501800,80.03,80.44,77.53,80.32,15898412
1705588200,80,81.01,77.21,77.52,11221153
1705674600,77.31,80.178,76.31,80.01,10263810
1705933800,80.91,82.83,79.69,80.26,9011689
1706020200,80.7,81.62,79.53,81.14,5700500
1706106600,82.28,83.36,80.67,80.73,7675839
1706193000,81.27,81.7,79.14,80.49,6926814
1706279400,80.51,82.84,80.475,81.55,6839166
1706538600,81.74,83.575,81.47,83.54,6478990
1706625000,82.78,83.2496,81.68,82.33,5528977
1706711400,81.3,82.22,79.96,80.07,6749734
1706797800,79.37,79.58,75.82,76.72,14190042
1706884200,81,83.03,79.33,82.93,17659228
1707143400,82.44,82.8,80.03,81.4,8558325
1707229800,81.4,82.038,79.77,81.56,5563356
1707316200,82.1,85.46,81.8,85.17,13242633
1707402600,85.03,91.44,84.9,87.87,20834827
1707489000,90,91.21,88.92,90.72,11356926
1707748200,91.4,91.57,88.98,89.12,17188824
1707834600,77.8,83.49,77.01,77.18,40164862
1707921000,79.11,80.7,77.48,80.67,18016714
1708007400,80.24,84.05,79.6,84,15483180
1708093800,82.25,83.67,80.35,81.29,13711902
1708439400,79.95,80.58,77.72,78.62,10349288
1708525800,77,78.06,74.6702,75.59,10553404
1708612200,78.28,78.83,74.87,75.03,11326774
1708698600,75.05,76.8,73.85,76.24,10235565
1708957800,76.31,78.25,76.21,77.56,8935157
1709044200,77.56,77.63,75.9,76.63,7449297
1709130600,75.56,76.19,74.727,75.56,5208536
1709217000,76.27,77.14,75.03,76.37,6693422
1709303400,77.11,78.66,76.3101,76.59,7800949
1709562600,76.47,76.53,73.99,75.77,7394983
1709649000,74.8,74.93,72.64,73.47,8691164
1709735400,74.18,74.85,72.915,74.01,5757307
1709821800,74.26,75.96,73.2,75.33,7592502
1709908200,76.08,79.58,76.08,76.16,10444348
1710163800,75.6,76.29,74.44,74.97,5191226
1710250200,75.95,76.69,74.581,76.36,5667076
1710336600,76.19,79.4,76.1,78.68,10975309
1710423000,78.53,79.8,77.36,78.42,7244176
1710509400,78.23,79.07,76.76,77.15,5821640
1710768600,78,78,76.26,77.52,5440735
1710855000,76.73,78.53,75.3,77.53,5736507
1710941400,77.53,81.62,77.285,81.33,6793695
1711027800,81.66,83.39,79.56,79.59,11345850
1711114200,78.89,80.37,78.38,78.72,4561270
1711373400,78.1,79.56,77.735,78.42,4596006
1711459800,79.04,79.75,77.75,78.53,4442210
1711546200,79.35,79.38,77.46,78.62,4399727
1711632600,78.8,79.195,77,77.17,4260950
1711978200,77.35,78.63,76.28,78.19,6588373
1712064600,76.61,78.6,75.95,78.12,6692435
1712151000,78.28,79.29,75.13,75.64,9874103
1712237400,75.61,77.07,74.56,74.81,8530737
1712323800,74.6,75.9916,73.69,75.28,6588203
1712583000,75.21,75.46,73.32,74.38,7051893
1712669400,74.36,75.08,73.5,74.92,4362285
1712755800,72.8,73.12,71.59,71.98,8018265
1712842200,71.98,72.27,70.49,71.57,11728025
1712928600,70.89,71.19,69.19,70,11042554
1713187800,70,70.41,68.39,68.57,8733162
1713274200,68.47,69.34,68.015,68.7,9249204
1713360600,69.5,71,68.97,69.41,8373238
1713447000,69.33,70.95,68.15,69.51,7360491
1713533400,71,71.63,68.79,69.67,11077726
1713792600,70.05,71.27,69.32,70.55,5908214
1713879000,71.28,74.59,71.22,74.01,9517493
1713965400,74.4,74.716,71.65,72.26,6086539
1714051800,70.43,71.36,69.5692,70.55,6770470
1714138200,71.32,71.83,70.735,71.33,4611766
1714397400,73.81,74.04,71.38,72.48,10108810
1714483800,72.4,74.48,70.18,70.2,8246161
1714570200,70.21,72.08,68.88,70.4,7436748
1714656600,71.99,72.72,70.23,72,5387070
1714743000,73.78,74.88,73.06,74.46,7346442
1715002200,75,77.8,74.42,77.37,11042608
1715088600,76.53,77.825,75.295,77.05,11383809
1715175000,63.67,64.2,60.6401,62.73,58311567
1715261400,63.57,63.8,61.61,62.45,19819724
1715347800,62.72,62.74,58.65,58.94,30675580
1715607000,59.07,59.48,58.26,58.78,12847561
1715693400,58.66,58.77,56.92,58.03,20334784
1715779800,59.17,59.67,58.35,58.77,11174313
1715866200,58.65,58.99,57.78,57.81,9636023
1715952600,57.95,58.59,57.04,58.53,12303949
1716211800,58.87,59.21,58.3,58.91,7786148
1716298200,58.5,58.62,57.01,57.02,13778742
1716384600,58.88,60.11,58.21,58.7,18624538
1716471000,58.61,59.08,57.48,57.64,11415474
1716557400,57.11,58.06,56.91,56.97,8537230
1716903000,57.01,58.22,56.31,58.19,10785178
1716989400,57.55,58.57,57.26,58.37,7783999
1717075800,58.41,58.7799,57.91,58.54,9829808
1717162200,58.8,59.23,57.75,59.15,12261095
1717421400,59.41,59.9399,58.38,59.7,8640326
1717507800,59.46,60.685,59.21,60.68,11589720
1717594200,61.18,61.7,60.28,61.25,11092505
1717680600,60.15,61.48,60.15,61.46,7391326
1717767000,61.275,61.9399,60.66,61.59,7099220
1718026200,61.38,63.74,61.27,63.01,10629077
1718112600,63.87,64.69,63.23,63.82,11760151
1718199000,64.62,66.51,64.22,65.47,13945155
1718285400,65.6,65.79,64.13,64.69,9163372
1718371800,65.86,68.21,65.43,67.66,17915785
1718631000,67.25,67.33,64.75,66.52,12138140
1718717400,65.9,66.11,63.97,64.25,11280562
1718890200,64.38,64.8701,63.15,63.88,7405092
1718976600,63.81,65.19,63.41,65.03,8199691
1719235800,65.62,65.82,63.41,64.31,10464462
1719322200,64.48,65.49,64.06,64.78,6484648
1719408600,65.2,65.53,64.44,65.45,6978934
1719495000,65.29,66.84,65.16,66.37,7716305
1719581400,66.6,67.18,65.46,66.05,6650603
1719840600,65.96,65.97,63.05,64.63,8395432
1719927000,64.88,66.13,64.34,66.06,6762944
1720013400,66.26,67.2195,66.26,66.73,3930953
1720186200,66.945,68.0426,66.36,67.63,6441542
1720445400,67.53,67.7929,66.94,67.34,4605982
1720531800,67.04,67.52,65.7216,66.13,6528412
1720618200,66.3,66.33,64.61,65.61,7120981
1720704600,65.65,66.17,64.79,65.31,7238471
1720791000,65.85,65.985,64.63,64.89,7778507
1721050200,65.03,65.23,63.93,64.21,7073314
1721136600,67.26,70.04,66.83,69.72,21416782
1721223000,68.17,68.4,63.7,64.81,14176029
1721309400,65.9,66.09,62.72,63.11,7904809
1721395800,62.51,64.18,62.45,63.16,6686108
1721655000,63.46,63.78,61.44,62.69,9143762
1721741400,63,63.64,62.65,62.66,5392678
1721827800,62.1,62.52,59.16,59.27,8255632
1721914200,59.27,60.975,58.04,59.44,6873349
1722000600,61.42,61.52,59.81,59.94,5256449
1722259800,60.15,60.57,59.52,59.87,5046001
1722346200,59.83,61.02,58.93,59.2,6669821
1722432600,60.32,61.88,60.13,61.2,8649437
1722519000,61.6,62,57.25,58.17,9598272
1722605400,54.61,55.18,52.545,54.43,18357852
1722864600,48.5859,53.36,48.56,52.26,16525151
1722951000,53.14,54.89,52.34,54.22,18567199
1723037400,64.5,67.78,63.55,63.89,49976634
1723123800,64.24,68.78,63.91,68.55,19891535
1723210200,68.16,69.325,67.415,69.3,10931244
1723469400,69.09,70.7329,68.05,68.31,11134021
1723555800,68.84,70.07,68.68,69.9,10545520
1723642200,70.34,71.76,69.94,71.59,9032343
1723728600,73.02,74.91,73.01,74.85,10849740
1723815000,74.33,75.355,74.105,74.55,5403596
1724074200,74.55,75.17,73.92,75.16,6246672
1724160600,75,75.68,74.1601,74.87,8513028
1724247000,75,76.2,74.87,76.14,5760476
1724333400,76.04,76.3,74.23,74.3,4772884
1724419800,75,76.44,74.69,76.14,5405570
1724679000,76.11,76.83,74.92,74.95,4047032
1724765400,74.47,74.87,72.86,74.53,4389771
1724851800,74.23,74.37,71.76,72.53,5551651
1724938200,72.9,74.34,72.87,73.27,3620083
1725024600,73.55,74.33,73.12,74.07,3019334
1725370200,73.15,73.22,70.82,71.26,5773632
1725456600,70.86,71.75,69.62,70.22,4612763
1725543000,70,70.93,69.305,70.11,3296182
1725629400,70.38,70.5588,65.86,67.01,7380375
1725888600,68.48,69.49,67.14,68.13,4298599
1725975000,68.79,68.9,66.95,68.17,4530328
1726061400,68.55,71.76,68.1,71.52,7063324
1726147800,70.72,71.98,69.63,71.31,6187657
1726234200,71.83,73.44,71.76,72.45,5655578
1726493400,72.1,73.7,71.47,73.58,4184662
1726579800,75.5,75.76,73.66,74.45,8177379
1726666200,74.83,76.97,74.59,75.22,7039412
1726752600,77.4,79.31,76.64,78.68,9864276
1726839000,78.61,79.52,77.31,78.72,5612851
1727098200,79,80.8,78.85,80.11,7896241
1727184600,80.77,81.07,78.78,80.33,5398248
1727271000,80.13,80.91,79.01,79.26,5021866
1727357400,80.44,81.09,78.77,80.75,5729728
1727443800,80.82,81.15,79.19,79.21,3973550
1727703000,79.07,80.36,78.5,80.14,4464743
1727789400,80,80.24,77.77,78.45,5656186
1727875800,78.51,79.305,77.93,79.1,3110518
1727962200,78.5,79.32,77.69,78.14,4625390
1728048600,79.81,82.64,79.5,82.43,7746218
1728307800,81.85,82.1,80.3,80.86,5495824
1728394200,81,83.1399,80.6,82.58,5723830
1728480600,82.63,84.118669,82.63,83.41,4741398
1728567000,82.36,83.655,82.2956,82.71,3937217
1728653400,81.97,84.2,81.89,83.24,3775014
1728912600,83.84,84.37,82.66,83.68,3759774
1728999000,83.6,83.77,80.46,81.93,6484748
1729085400,81.95,82.27,80.34,81.85,4929334
1729171800,82.89,83.18,81.14,81.63,3519763
1729258200,82.25,82.949,82.03,82.68,3862207
1729517400,82.03,83.255,81.29,82.66,5437933
1729603800,81.5,82.545,81.16,81.62,4624769
1729690200,81.23,81.91,79.12,79.66,4832327
1729776600,80,80.39,78.84,79.82,3981439
1729863000,80.1,80.97,78.78,79.05,3834492
1730122200,79.615,80.18,79.315,79.87,3327688
1730208600,79.395,80.8,79.21,80.39,5131268
1730295000,80.03,80.515,79.28,80.01,3712258
1730381400,79.75,80.39,77.1201,78.21,4636963
1730467800,79.05,79.89,77.94,78.99,6189927
1730730600,78.71,79.06,77.7,78.44,3584492
1730817000,78.55,80.04,78.23,79.57,4652276
1730903400,81.55,82.12,80.13,81.92,5169845
1730989800,82.16,85.84,82.1,85.55,6623650
1731076200,85.6,87.26,85.25,87.12,7439028
1731335400,88.95,92.16,88.71,89.99,20014078
1731421800,107.52,114.51,106,108.92,63946173
1731508200,107.5,115.62,106.18,115.09,20641953
1731594600,115.29,115.29,109,109.08,13147949
1731681000,107.1,108.7891,105.25,108.49,10764167
1731940200,108.9,109.11,105.76,105.88,6689797
1732026600,104.31,105.38,103.27,104.59,9038094
1732113000,104.83,105.07,102.58,103.94,7632630
1732199400,103.74,108.21,103.26,106.48,10624691
1732285800,107.01,107.5,105.33,106.96,7059852
1732545000,109.3,112.45,108.63,111,10139258
1732631400,109.7,113.9,109.08,112.08,8028961
1732717800,111.44,112.59,110.9436,112.54,4665567
1732890600,113.16,116.3502,112.53,115.6,6178258
1733149800,115.22,115.993,111.12,112.98,9839620
1733236200,112.75,113.79,111.04,111.86,8263372
1733322600,112.33,115.79,112.3,113.43,7736747
1733409000,113.43,115.46,112.94,114.09,5290978
1733495400,116.72,120.72,116.4,118.37,10136356
1733754600,118.59,118.94,114.08,115.29,6325663
1733841000,114.78,116.65,112.685,113.45,5139768
1733927400,115.36,117.86,114.16,117.37,6458961
1734013800,116.22,118.32,115.15,115.31,6059288
1734100200,115.52,116.5,113.44,114.63,4667226
1734359400,115.725,117,114.69,115.94,5178858
1734445800,115.14,119.85,114.95,119.49,8038115
1734532200,118.805,120.0986,109.5101,109.7,8810375
1734618600,111.3,111.44,105.71,107.07,10550217
1734705000,105.3,109.96,104.5,108.95,6709471
1734964200,108.53,110.0842,107.47,109.25,4097194
1735050600,109.625,110.36,108.51,110.18,1848451
1735223400,109.78,110.62,108.8875,109.96,2224617
1735309800,109.44,109.8,106.5201,108.18,3966354
1735569000,105.07,107.19,104.54,106.69,4096754
1735655400,106.75,107.31,105.46,106.33,3768738
1735828200,107.5,108.32,104.91,107.53,4437938
1735914600,108.87,109.69,107.54,109.25,2961632
1736173800,112.24,114.29,111.5,114.24,7073807
1736260200,114.9,115.3699,106.08,106.78,6152196
1736346600,106.48,108.03,105.02,107.64,5185504
1736519400,103.94,104.495,99.7906,103.71,8971655
1736778600,101,102.1401,99.05,101.76,8081430
1736865000,103.11,103.36,100.75,101.61,5096700
1736951400,104.49,104.83,102.831,104.24,6234944
1737037800,104.39,105.62,103.135,103.5,4105903
1737124200,105.5,105.8,103.04,103.35,5583556
1737469800,104.14,106.83,103.8,106.28,5068855
1737556200,107.34,107.79,105.75,106.37,3426758
1737642600,106.06,106.4794,105.04,106.1,4358492
1737729000,106.45,109.39,106.16,107.68,5950491
1737988200,104.45,108.39,102.52,107.38,5333133
1738074600,109,117.94,109,117.45,13963906
1738161000,116.7,118.4,114.77,116.59,9269327
1738247400,116.59,119.83,115.8,119.18,6284668
1738333800,119.61,122,116.54,116.8,7756296
1738593000,111.87,115.79,110.55,114.39,8572414
1738679400,116.3,120.48,116.13,119.2,7362333
1738765800,119.27,121.91,118.55,121.73,6058941
1738852200,122.01,122.81,116.87,118.58,7207142
1738938600,118.11,119.6601,116.52,117.41,5835751
1739197800,121.46,123.4099,119.14,119.9,13060695
1739284200,122.28,125.95,114.7002,123.59,34842679
1739370600,119.05,122.49,116.7,120.49,13307355
1739457000,121,128,120.1,127.65,10940283
1739543400,125.76,128.57,123.88,128.35,8511292
1739889000,129.08,129.38,124.19,129.31,7251889
1739975400,129.05,129.05,124.4,127.66,7766893
1740061800,126.9,126.95,120.8,123.47,8855949
1740148200,125.2,125.5,115.3,115.56,10064130
1740407400,115.56,117.03,109.81,115.48,8545018
1740493800,113.29,115,107,110.95,9977694
1740580200,111.88,114.8,110.84,113.23,4909429
1740666600,114.85,115.59,110.15,110.83,5790135
1740753000,109,112.09,107.58,112,6271728
1741012200,112.89,115.2085,104.81,106.58,7795180
1741098600,103.61,104.1928,97.85,101.73,13995342
1741185000,102.76,106.65,101.59,106.15,8409379
1741271400,103.51,109.45,101.36,102.49,12036241
1741357800,100.85,103.5,95.36,100.13,13894541
1741613400,96.07,96.1869,91.69,92.75,16385340
1741699800,92.75,95.1085,91.150432,92.95,12127097
1741786200,96.67,99.1347,95.29,96.53,8531861
1741872600,95.17,95.53,89.1,90.59,11076352
1741959000,94.61,95.83,93.06,94.85,7065105
1742218200,95.02,98.43,94.5811,96.59,5771599
1742304600,95.9,96.12,92.91,94.01,5371985
1742391000,99.625,103.17,97.65,101.54,17808918
1742477400,98.46,104.19,98.46,101.85,8603982
1742563800,100.27,104.43,99.1997,104.21,8696437
1742823000,106.95,110.68,106.795,109.28,10099194
1742909400,109.99,111,108.7504,109.82,5752916
1742995800,109.17,109.42,103.05,104.28,7298424
1743082200,102.32,103.71,99.73,102.52,7639465
1743168600,99.15,100.26,95.861,96.68,13202790
1743427800,92.72,96.11,89.235,95.48,15801876
1743514200,95.8,99.54,93.96,97.64,10309366
1743600600,95.025,101.45,94.65,100.65,7892018
1743687000,87.325,87.7,81.25,82.29,28920201
1743773400,77.48,78.27,69.84,76.89,29707523
1744032600,70.295,83.47,69.99,78.82,22525914
1744119000,83.93,86.36,75.23,77.09,18606174
1744205400,75.38,94.14,74.67,91.4,26917457
1744291800,87.24,87.397,81.3872,84.63,16133730
1744378200,84.725,85.2099,78,83.71,18099213
1744637400,87.06,88.27,81.915,82.77,10460435
1744723800,82.71,84.68,81.93,83.91,6986379
1744810200,81.61,85.35,81.32,83.96,8811928
1744896600,84,85.08,81.8401,83.65,11592872
1745242200,82.27,83.14,80.35,81.64,8153036
1745328600,82.99,86.61,81.64,85.71,8663969
1745415000,91.53,95.45,89.92,90.96,14028990
1745501400,90.645,95.265,89.41,95.12,7847323
1745587800,95.79,98.64,95.3601,97.12,7824831
1745847000,96.85,99.07,96.5,98.57,5892885
1745933400,98.83,99.8174,97.84,98.92,6797168
1746019800,96.135,96.135,92.4,95,13233226
1746106200,98.215,98.89,95.55,97.01,8287955
1746192600,98.1,100.49,97.63,99.25,11140777
1746451800,95.4,99.46,95.242,98.38,7652412
1746538200,97.05,97.4,93.5801,93.83,13082116
1746624600,94.665,96.6,94.23,94.5,14790664
1746711000,89.685,95.82,88.14,94,36455375
1746797400,94.47,94.91,88.9,91.77,15360731
1747056600,104,106.35,99.01,104.34,30713689
1747143000,106.35,109,106.06,107.68,14517909
1747229400,108.41,111.88,108.25,111.45,16383983
1747315800,109.925,111.73,108.39,110.21,13577332
1747402200,111.56,112.38,109.7974,110.75,96081410
1747661400,108.81,109.92,106.82,109.1,9809745
1747747800,108.63,109.09,104.6127,106.43,8294533
1747834200,104.99,105.5799,101.55,102.32,9251257
1747920600,102.42,104.76,101.78,103.29,6216351
1748007000,100.81,102.96,100.31,101.51,5999459
1748352600,104.355,107.48,103.9,106.74,7556564
1748439000,106.53,108.14,105.5701,107.11,6823365
1748525400,109.695,110.68,107.15,107.7,6642102
1748611800,107.315,107.69,103.91,107.22,12183250
1748871000,106.255,107.35,103.73,106.54,5341427
1748957400,104.8,106.56,104.29,105.11,7236201
1749043800,105.44,105.75,102.81,103.58,7465147
1749130200,104,106.56,103.1,105.03,11098124
1749216600,106.991,112.08,106.66,111.41,8736334
1749475800,110.42,111,107.76,107.8,7738770
1749562200,108.36,110.61,107.35,110.26,6548526
1749648600,111.625,117.3599,111.29,114.13,14078071
1749735000,113.25,113.57,108.87,109.21,8669282
1749821400,105.53,107.01,104.66,105.34,7979447
1750080600,107.96,109.48,107.01,108.37,7266556
1750167000,107.3,108.54,106.34,106.53,4910867
1750253400,106.52,107.7002,105.3,105.97,5960442
1750426200,107.72,109.12,105.73,106.4,10354895
1750685400,106.195,110.06,103.9117,109.98,8834016
1750771800,112.23,115.16,111.85,114.42,8907543
1750858200,114.28,114.5,112.86,113.89,9134688
1750944600,113.76,113.76,108.33,113.07,11368234
1751031000,113.09,115.06,111.9101,113.65,6377920
1751290200,115.09,116.6,113.96,115.35,7107469
1751376600,114.31,116.12,112.07,112.67,5537867
1751463000,111.8,117.175,111.78,114.77,6726143
1751549400,114.98,117.46,114.97,116.52,3773554
1751895000,115.95,117.07,114.89,116.66,5420494
1751981400,117.414,118.35,111.33,112.48,7718012
1752067800,113.17,114.93,112.59,114.32,6125808
1752154200,114.46,116.54,112.36,115.16,6837733
1752240600,114.03,116.31,111.39,112.11,5582784
1752499800,112.9,118.46,111.725,116.74,10225366
1752586200,116.99,118.65,114.65,115.05,5440481
1752672600,114.29,120.18,112.59,120,12714129
1752759000,120.04,127.3399,119.67,126.75,13380625
1752845400,127.83,129.08,125.89,127.07,8473645
1753104600,126.835,129.29,126.6,128.43,6419807
1753191000,126.595,127.238,122.54,123.71,9045397
1753277400,122.81,123.11,118.87,122.21,8523610
1753363800,122.85,122.85,120.71,122.08,4313070
1753450200,122.19,125.57,121.6,124.43,6935305
1753709400,126.1,128.15,125.8101,126.84,5335823
1753795800,126.595,127.62,123.28,124.85,5911789
1753882200,123.97,125.94,122.16,123.01,6702702
1753968600,125.35,126.58,122.05,122.21,8493505
1754055000,118.05,120.19,115.95,118.6,9886738
1754314200,120.23,125.49,120.23,125.21,6881693
1754400600,125,127.23,123,127,9223309
1754487000,145.16,156.3899,145.11,154.9,38572096
1754573400,154.46,156.85,147.5001,151.07,15934840
1754659800,150.49,150.73,148.03,149.61,9571003
1754919000,150.755,153.32,147.22,147.5,10131027
1755005400,148.025,150.7,147.08,149.3,7176148
1755091800,150.21,151.65,148.39,150.09,6660684
1755178200,148.375,148.5,142.93,144.27,9499666
1755264600,144.27,145.22,140.7001,141.47,7198849
1755523800,141.385,143.37,140.07,143.11,4435692
1755610200,143,144.41,138.97,139.25,6339544
1755696600,137.92,138.53,134.75,137.29,7255986
1755783000,136.26,137.96,134.88,136.68,4420400
1755869400,136.78,143.17,135.385,142.11,7649750
1756128600,140.75,142.8564,139.5,140.53,4944975
1756215000,140.89,141.18,139.12,140.85,4409033
1756301400,142.08,142.5,137.2801,139.89,5272225
1756387800,140.82,144.2,140.59,141.54,6339616
1756474200,141.43,143.09,139.91,141.28,4617005
1756819800,136.95,139.32,133.4,139.04,5082282
1756906200,140,140.9865,138.1127,140.22,3531532
1756992600,140.905,145.61,140.0732,145.15,6538657
1757079000,146.59,147.97,144.92,146.82,5727702
1757338200,147.56,148.57,144.0784,146.22,5782068
1757424600,145.025,146.61,142.85,143.44,5748594
1757511000,144.55,145.46,141.3,142.2,7362068
1757597400,142.05,146.9899,142.05,145.03,6051931
1757683800,143.52,144.62,141.52,143.38,4911589
1757943000,144.24,148.2,142.89,147.89,6714579
1758029400,149.09,150.17,145.2,147.21,5453814
1758115800,148.47,149.1,145.3701,147.87,4291166
1758202200,149.5,152.93,148.19,152.11,6485760
1758288600,151.96,155.13,151.75,153.3,8812925
1758547800,153.18,159.01,151.81,157.12,7020654
1758634200,157.1,157.1897,149.1,149.94,7376009
1758720600,150.79,152.31,148.28,148.83,5559529
1758807000,145,145.14,142.09,143.45,8511187
1758893400,143.12,144,139.5,140.25,7259536
1759152600,141.75,149.58,140.91,149,14702730
1759239000,147.99,151.78,145.47,148.61,9254605
1759325400,146.28,151.7435,146.1,149.57,6733313
1759411800,151.25,151.47,147.855,151.3,7272336
1759498200,152.88,162.6,152.5,161.14,15740154
1759757400,166.55,169.69,162.81,164.5,11317597
1759843800,165,168.3975,160.74,161.28,6971906
1759930200,163,167.54,163,166.43,7366628
1760016600,166.695,167.5991,162.4703,163.87,7050463
1760103000,164.01,165.2535,150.6019,151.02,12431506
1760362200,154.115,154.9716,151.1,153.66,7986449
1760448600,148.42,154.9199,145.16,152.88,8698219
1760535000,154.95,158.665,154.244,156.21,6010040
1760621400,160.76,164.95,155.89,156.57,8937717
1760707800,155.88,158.9067,154.53,157.76,7595124
1760967000,159.425,165.08,159.425,164.71,6266170
1761053400,164.79,165.2,161.11,162.64,6138473
1761139800,162.49,163.35,159.2342,162.01,6207043
1761226200,162.5,167.67,162.1407,167.03,6171509
1761312600,168.5,174.74,168.5,172.95,8382276
1761571800,174.78,176.88,172.635,175.06,9929506
1761658200,173.425,179.6,172.8,178.96,7167845
1761744600,180,182.19,176.3,179.01,10790096
1761831000,176.925,178.23,172.69,173.61,9394477
1761917400,178.95,179.76,171.69,173.86,10953274
1762180200,175.5,178.3752,169.72,172.94,14631541
1762266600,163.065,174.1339,160.46,160.94,16121559
1762353000,159.56,166.685,156.231,162.92,9710580
1762439400,162.425,163.09,155.34,156.05,10029969
1762525800,153.945,154,146.88,152.41,11322787
1762785000,157.115,159.63,155.75,158.88,10493261
1762871400,156.83,160.04,155.52,158.94,5344189
1762957800,160.11,160.494,156.23,156.59,6585727
1763044200,153.84,155,143.8,146.34,11351208
1763130600,142.33,149.72,141,146.04,8384260
1763389800,143.65,145.3,138.71,139.93,12531785
1763476200,137.5,142.42,136.18,140.45,12873838
1763562600,141.7,147.05,140.6127,146,9571952
1763649000,154.485,154.87,143.81,144.56,13447274
1763735400,144.57,149.88,142.43,147.8,10260292
1763994600,149.02,156.35,147.08,155.31,9141924
1764081000,154.58,158.31,151.38,157.37,8587888
1764167400,158.32,160.58,157.42,159.34,5239075
1764340200,160,161,157.85,158.64,4200902
1764599400,152.8,155.56,149.09,149.28,11746764
1764685800,153.46,158.7399,152.13,156.83,8429278
1764772200,156,161.225,155.2,160,5579818
1764858600,160.34,163.26,157.87,162.31,5414975
1764945000,161.95,163.15,158.94,161.08,5440112
1765204200,161.91,163.77,156.31,158.41,4834478
1765290600,158.6,162.447,158.09,159.89,4823768
1765377000,158.65,168.93,158.11,168.42,7503449
1765463400,167.48,167.57,162.38,164.75,5191971
1765549800,164.67,164.67,159.1,164.19,6266392
1765809000,166.69,169.39,159.52,159.85,6927302
1765895400,157.21,163.66,155.66,163.14,6398020
1765981800,166.53,170.33,161.569,161.73,8759033
1766068200,167.18,172.96,165.3,166.8,7834995
1766154600,167.04,171.77,167.01,169.57,13848980
1766413800,172.71,172.98,169.55,169.67,5399725
1766500200,168.52,169.63,166.91,169.53,3487521
1766586600,168.79,170.4,168.1203,169.45,1832074
1766759400,169.05,171.07,168.095,170.83,2574362
1767018600,169.75,170.88,167.27,167.88,3055215
1767105000,166.98,167.15,163.66,163.74,4812448
1767191400,163.59,163.83,160.75,160.97,4217081
1767364200,162.19,164.3,155.15,157.2,6532955
1767623400,158.84,166.92,158.6,166.21,5824513
1767709800,163.85,168.92,160.335,168.45,5108052
1767796200,167.84,169.55,164.57,166.74,4063778
1767882600,167.8,168.415,163.6327,168.28,4436246
1767969000,168.01,168.91,163.03,164.48,5068690
1768228200,162.531,168.515,160.72,167.93,5616730
1768314600,168.08,170.9,164.7,167.44,4803117
1768401000,165.16,165.16,153.78,157.51,10857628
1768487400,159.65,161.29,157.36,157.99,4860117
1768573800,159.9,159.92,155.565,155.81,8149305
1768919400,150.082,151.72,143.87,144.5,13203633
1769005800,145.55,146.1,137.69,138.54,15901701
1769092200,141.79,144.19,137.24,137.64,9625609
1769178600,137.2,139.89,134.65,137.89,9622887
1769437800,136.73,138.18,135.8401,136.31,6556230
1769524200,137.25,138.13,135.295,137.5,7099316
1769610600,138.715,141.66,137.68,138.92,9766675
1769697000,142.4,144.14,137.43,143.64,12837740
1769783400,140.47,141.5,130.43,131.23,13555563
1770042600,132,136.618,130.48,132.2,12260546
1770129000,131.295,131.665,117.5,119.29,25738369
1770215400,116.01,116.4,109.89,114.02,20766164
1770301800,112.75,115.72,108.7867,111.24,17889728
1770388200,112.05,115.04,109.78,112.05,14028384
1770647400,112.665,120.08,110.88,118.4,14092814
1770733800,122.69,128.8237,122.69,127.24,26855356
1770820200,138.9,139.1,109.6,118.71,53300384
1770906600,120.69,121,104.92,110.66,36841697
1770993000,110.21,113.39,107.43,112.7,18849882
1771338600,112.5,116.63,110.91,113.54,14655621
1771425000,113.01,124.73,112.49,121.64,18689967
1771511400,120.13,124.65,119.62,123.8,12465172
1771597800,122.26,131.01,120.736,126.2,14668878
1771857000,123.935,124.4,115.88,117.28,12764143
1771943400,117,120.28,115.7,116.93,11262523
1772029800,117.955,123.77,117.6401,120.31,10218223
1772116200,121.49,126,120.75,125.94,12059646
1772202600,123.475,123.925,118.56,120.73,10032830
1772461800,115.8,120.24,114.37,119.38,8336953
1772548200,114.945,122.03,112.4478,121.87,12717603