time,open,high,low,close,Volume
1353508200,16.72,16.8,16.4,16.8,5876
1353681000,16.72,16.8,16.4,16.8,5953
1353940200,16.48,16.8,16.4,16.8,6050
1354026600,16.64,16.704,16.32,16.32,4065
1354113000,16.64,17.6,16,16.4,47319
1354199400,16.8,16.8,16.4,16.4368,11905
1354285800,16.8,16.8,16.16,16.48,14980
1354545000,16.4,16.72,16.24,16.4,11824
1354631400,16.4,16.72,16.24,16.56,11693
1354717800,16.32,16.72,16.32,16.32,5700
1354804200,16.32,16.8,16.32,16.64,7307
1354890600,16.48,16.64,16.24,16.64,7710
1355149800,16.456,16.8,16.456,16.56,7427
1355236200,16.8,18,16.4,16.72,71280
1355322600,17.6,21.76,16.8,21.76,210915
1355409000,22,22,19.2,20.4,123497
1355495400,20.48,21.76,19.6,21.36,72503
1355754600,22.72,23.28,19.76,20.4,96091
1355841000,20.24,21.6,19.44,21.04,46454
1355927400,20.64,21.2,20.0808,20.16,25279
1356013800,20.56,21.248,20,20.8,11876
1356100200,22.8,22.8,20.24,21.36,99278
1356359400,21.68,21.68,20.48,20.56,15526
1356532200,20.4008,23.448,20.08,22.62,65420
1356618600,22.08,23.92,22.08,22.312,30789
1356705000,22.4,22.4,20.8,21.2,22866
1356964200,20.88,21.52,20.3208,20.48,19710
1357137000,20.8,21.12,19.44,21.12,24113
1357223400,20.8,21.44,20.08,21.04,14094
1357309800,21.2,22.4,21.12,21.92,49825
1357569000,22.08,22.08,20.88,21.76,29872
1357655400,20.64,20.64,19.576,19.68,60326
1357741800,19.6,19.8112,17.44,18.8,59421
1357828200,18.4,18.8792,17.92,18.24,10357
1357914600,18.24,18.7064,17.68,17.68,9309
1358173800,18.24,18.24,17.36,17.6,14097
1358260200,18,18.64,17.44,17.4512,17371
1358346600,17.36,17.52,16.88,17.52,16540
1358433000,17.36,18.048,17.36,17.68,8821
1358519400,17.6,17.76,17.04,17.52,10185
1358865000,17.28,17.36,16.5608,16.96,19734
1358951400,16.88,17.36,16.24,16.32,22110
1359037800,16.32,16.48,16.088,16.4,10375
1359124200,16.56,16.72,15.68,16,18436
1359383400,16,16.176,15.68,15.92,9116
1359469800,16.24,18.32,15.76,17.44,22614
1359556200,17.76,18.4,16.64,16.96,14559
1359642600,17.2,18.32,16.888,17.92,12892
1359729000,18.16,19.2,17.984,18.64,11581
1359988200,18.8,20.64,18.32,20.48,45251
1360074600,20.8,20.8,19.128,20.72,28462
1360161000,20.64,20.7992,20,20.16,9658
1360247400,21.6,21.6032,19.04,19.2,61611
1360333800,19.12,20.08,17.76,18.64,13983
1360593000,18.96,19.92,17.6,19.92,17414
1360679400,19.84,20.08,19.2,19.6,19160
1360765800,19.52,19.52,18.088,18.24,9238
1360852200,18.64,18.64,17.52,17.52,12242
1360938600,17.36,18.24,17.2,18,10026
1361284200,17.84,18.32,17.52,18.08,6325
1361370600,17.84,18.068,17.12,17.44,7940
1361457000,17.04,17.28,16.64,17.04,9212
1361543400,17.04,17.6,16.8,17.12,12238
1361802600,18.88,21.2,18.72,19.2,207565
1361889000,19.6,19.6,17.6,18.56,35515
1361975400,19.04,19.12,18.24,18.4,18545
1362061800,18.24,19.12,18.008,18.4,15775
1362148200,18.64,18.64,17.52,17.68,18257
1362407400,17.68,17.92,17.36,17.36,8065
1362493800,17.84,18.4,17.36,17.6,15455
1362580200,17.76,18.32,17.36,17.44,15751
1362666600,17.44,18.072,17.44,17.68,14658
1362753000,17.6,18.224,17.6,18.088,9486
1363008600,18.24,19.44,18.16,19.28,27803
1363095000,19.2,19.44,17.44,18.8,19283
1363181400,18.88,19.2,18,18.16,10036
1363267800,18.48,18.48,18,18.0944,3209
1363354200,18.32,19.2,18.08,18.8,11243
1363613400,18.88,19.6,18.8,19.36,8945
1363699800,19.52,19.6,18.32,19.04,7566
1363786200,19.04,19.28,18.16,18.32,10330
1363872600,18.08,18.448,17.92,17.92,7903
1363959000,18.16,18.4,17.44,18.32,11063
1364218200,18.48,18.48,17.52,17.6,4204
1364304600,17.6808,18.3992,17.44,18.24,9668
1364391000,18.4,20,17.2,17.28,29819
1364477400,17.68,17.76,17.2,17.28,7992
1364823000,17.28,17.6008,16.56,16.88,18743
1364909400,16.72,16.88,15.52,16.64,18763
1364995800,16.56,17.36,16.16,17.04,4472
1365082200,16.8,17.232,16.56,16.64,3322
1365168600,16.24,16.72,16,16,3262
1365427800,16.24,16.664,15.6,16,11440
1365514200,16.24,16.4,15.8408,16,4481
1365600600,15.84,17.272,15.84,16.16,7334
1365687000,16.08,16.72,16,16.08,7222
1365773400,16.176,16.4,16.16,16.168,3216
1366032600,16.24,16.4,15.68,15.92,8213
1366119000,16.16,16.4,15.36,15.36,11327
1366205400,15.36,15.36,13.6,15.04,23726
1366291800,14.56,14.56,13.912,14.16,9862
1366378200,14.16,15.12,14.16,14.96,38704
1366637400,14.808,14.88,14.64,14.72,5212
1366723800,14.48,14.8792,14.48,14.64,17208
1366810200,14.72,15.2,14.72,14.952,6130
1366896600,14.88,15.176,14.4,14.48,7279
1366983000,14.5608,14.568,14.16,14.56,6288
1367242200,14.56,15.36,14.56,15.36,6865
1367328600,15.2,15.52,14.56,14.88,9997
1367415000,14.88,14.88,13.76,14,11250
1367501400,14.3192,14.552,14,14.4,3944
1367587800,14.32,14.4,13.768,14.4,7772
1367847000,14.16,14.4,14,14.08,5610
1367933400,14,14.4,13.92,14,6052
1368019800,14,14.48,13.76,13.76,8986
1368106200,14,14,13.76,13.76,4838
1368192600,13.6,13.6,13.16,13.16,8511
1368451800,13.12,13.52,12.88,13.36,13835
1368538200,13.52,14.4,13.52,14.04,23115
1368624600,14.16,14.16,13.168,13.52,9850
1368711000,13.68,13.992,13.28,13.44,3965
1368797400,13.6,13.776,13.36,13.52,6257
1369056600,13.28,13.6,12.96,13.2,10982
1369143000,13.2,13.52,13.2,13.28,5131
1369229400,13.52,13.52,12.48,12.7816,9953
1369315800,12.72,12.88,10.8,10.88,94562
1369402200,10.24,10.56,10.16,10.4,1424487
1369747800,10.72,10.8,10.24,10.4,230853
1369834200,10.4,10.56,10.24,10.48,144541
1369920600,10.48,11.2,10.368,10.64,358122
1370007000,10.88,11.04,10.64,10.8,228894
1370266200,10.8,11.04,10.64,10.64,90650
1370352600,10.64,10.72,10.24,10.32,126027
1370439000,10.4,10.4,9.2,9.68,212505
1370525400,9.76,10.56,9.68,10.56,180665
1370611800,10.8,11.44,10.24,11.2,460251
1370871000,11.6,11.6,10.48,10.88,252466
1370957400,10.56,10.72,10.16,10.48,106152
1371043800,10.56,10.56,10,10.08,104177
1371130200,10.24,10.88,9.76,10.56,147348
1371216600,10.72,10.792,10.24,10.4,83622
1371475800,10.56,10.56,10,10.16,84046
1371562200,10.08,10.72,10.08,10.56,70568
1371648600,10.4,10.56,10.16,10.48,77262
1371735000,10.24,10.4,10.08,10.24,47553
1371821400,10.32,10.32,9.52,9.8,133708
1372080600,9.84,9.84,9.36,9.84,110097
1372167000,9.92,9.988,9.36,9.68,74847
1372253400,9.68,10.16,9.52,10.16,113641
1372339800,10.16,10.24,9.76,9.84,64837
1372426200,9.84,10,9.6,9.6,37197
1372685400,9.84,10.4,9.7608,10.32,80520
1372771800,10.4,11.2,10.4,10.72,219712
1372858200,10.8,11.2,10.72,10.96,48964
1373031000,11.2,11.28,10.72,10.88,76489
1373290200,11.04,11.2,10.64,10.64,57372
1373376600,10.64,10.72,10.16,10.24,69295
1373463000,10.16,10.72,10.16,10.56,53444
1373549400,10.72,11.6,10.56,11.12,350233
1373635800,11.28,11.28,10.8,11.04,131374
1373895000,10.32,10.8,10.16,10.56,261192
1373981400,10.48,10.72,10.312,10.48,63453
1374067800,10.48,10.48,10.32,10.4,33570
1374154200,10.4,10.4,10,10.24,86294
1374240600,10.24,10.4,10.08,10.08,39450
1374499800,10.08,10.32,10,10.16,47676
1374586200,10.16,10.288,10,10.08,44977
1374672600,10.16,10.32,10,10.32,39446
1374759000,10.4,11.2,10.16,10.96,166347
1374845400,11.04,11.12,10.8,11.04,72152
1375104600,11.2,12.4,11.04,12.24,360490
1375191000,12.8,12.96,11.6,11.84,180466
1375277400,12,12.32,11.28,12.24,142461
1375363800,12.32,12.32,11.864,12.08,75858
1375450200,12.08,12.312,11.76,11.92,52211
1375709400,12,12.08,11.36,11.52,92695
1375795800,11.6,11.68,11.12,11.4392,134595
1375882200,11.36,11.76,11.2,11.48,53304
1375968600,11.6,11.6,11.28,11.36,63437
1376055000,11.44,12.16,11.44,11.92,91465
1376314200,12.08,12.48,11.84,11.84,91076
1376400600,11.84,12,11.52,11.68,57848
1376487000,11.76,11.84,11.12,11.36,108000
1376573400,11.28,11.6,10.8,11.6,73944
1376659800,11.6,11.68,11.28,11.44,36325
1376919000,11.6,12,11.12,11.28,60586
1377005400,11.2,11.52,11.12,11.52,19300
1377091800,11.76,11.76,11.12,11.44,52639
1377178200,11.52,11.84,11.36,11.6,38291
1377264600,11.9192,11.9192,11.36,11.44,24148
1377523800,11.68,11.76,11.44,11.68,33025
1377610200,11.52,11.68,11.28,11.36,34119
1377696600,11.36,11.44,11.2,11.28,30747
1377783000,11.52,11.6,11.12,11.44,40374
1377869400,11.36,11.6,11.36,11.36,16488
1378215000,11.44,11.84,11.44,11.68,33303
1378301400,11.76,12.72,11.6,12.48,232555
1378387800,12.72,13.44,12.56,13.04,231335
1378474200,13.2,13.84,12.4,13.44,238431
1378733400,13.68,14.48,13.68,14.16,172813
1378819800,14.48,14.64,13.28,13.6,149267
1378906200,13.68,14.4,13.52,14.24,87160
1378992600,14.4,14.8,14.08,14.4,90686
1379079000,14.48,15.2,14,14.24,204727
1379338200,14.24,14.64,13.84,14.24,118618
1379424600,14.4,14.4792,14.08,14.24,44421
1379511000,14.24,14.2576,13.92,14.16,74264
1379597400,14.08,14.88,14.08,14.56,100734
1379683800,14.56,14.72,14.32,14.72,60445
1379943000,14.72,14.88,14.4,14.72,53560
1380029400,14.8,16.8,14.56,16.56,364743
1380115800,17.2,17.44,16.4,17.28,307465
1380202200,17.36,17.6,14.48,15.44,464303
1380288600,15.2,16.32,14.56,15.76,152940
1380547800,15.6,16.16,15.12,15.52,66031
1380634200,15.52,16.4,15.44,16.16,73048
1380720600,16.16,16.728,15.68,15.76,90195
1380807000,15.92,16.08,14.96,15.2,114234
1380893400,15.2,15.84,15.2,15.6,51078
1381152600,15.68,15.68,15.12,15.36,52739
1381239000,15.36,15.52,14.56,14.64,100926
1381325400,14.72,14.768,13.76,14.4,68460
1381411800,15.36,15.36,14.56,15.04,43897
1381498200,15.12,15.2,14.72,14.96,32667
1381757400,14.96,14.96,14.56,14.72,38162
1381843800,14.64,15.12,14.64,14.64,46117
1381930200,14.8,15.6,14.56,15.12,39505
1382016600,15.28,16,15.2,15.8392,88300
1382103000,15.92,16.16,15.44,15.68,51801
1382362200,15.84,16.0808,15.52,15.76,48172
1382448600,16,16.08,15.52,15.68,55000
1382535000,14.72,15.76,14.24,14.72,152567
1382621400,14.96,15.2,14.4,14.72,64704
1382707800,14.72,14.8,14.4,14.4,45503
1382967000,15.04,15.04,14.32,14.72,30356
1383053400,14.64,15.04,14.48,14.64,12870
1383139800,14.72,14.968,14.56,14.64,17779
1383226200,14.8,14.96,14.48,14.72,22396
1383312600,14.88,15.04,14.48,14.56,25897
1383575400,14.56,15.04,14.4,14.96,23614
1383661800,15.12,15.12,14.72,14.88,42563
1383748200,14.88,15.04,14.4,14.48,33737
1383834600,14.4,14.9592,13.04,13.6,129147
1383921000,13.92,14.16,12.96,13.6,43543
1384180200,13.84,13.84,13.2,13.52,31543
1384266600,13.76,13.76,13.04,13.04,40415
1384353000,13.2,13.28,12.4,12.72,57867
1384439400,12.8,13.0376,12.4,12.56,33264
1384525800,12.64,13.36,12.48,13.28,35987
1384785000,13.52,13.52,12.88,13.12,21710
1384871400,12.96,13.28,12.64,12.96,36260
1384957800,13.12,13.6,12.72,13.2,36984
1385044200,13.2,13.408,12.96,13.12,17122
1385130600,13.36,13.5192,13.2,13.28,28048
1385389800,13.44,15.6,13.44,15.28,176940
1385476200,15.44,15.76,14.8,15.36,61445
1385562600,15.52,15.6,15.04,15.44,31269
1385735400,15.6,15.6,15.2,15.28,9700
1385994600,15.28,15.5208,14.88,15.2,37163
1386081000,15.2,15.6,15.12,15.6,38577
1386167400,15.44,15.6,14.8,15.44,25217
1386253800,15.52,16.24,15.28,15.52,70523
1386340200,15.92,15.92,15.36,15.36,20902
1386599400,15.36,15.4384,14.16,14.4,73647
1386685800,14.4,14.56,14.08,14.32,12558
1386772200,14.4,14.48,13.68,14.16,41477
1386858600,14.32,14.32,13.92,14.08,10978
1386945000,14,14.64,13.92,14.48,28554
1387204200,14.4,15.44,14.4,14.72,70260
1387290600,14.8,15.3336,14.56,15.12,26603
1387377000,15.28,15.84,15.2,15.84,49455
1387463400,15.84,17.2,15.832,16.72,128263
1387549800,16.88,17.6,16.24,16.8,114928
1387809000,17.28,17.6,16.48,17.12,55558
1387895400,17.28,17.2808,16.56,16.88,19959
1388068200,16.96,17.84,16.8,16.96,42332
1388154600,17.2,17.2,16.4,16.72,28240
1388413800,16.72,17.52,16.64,16.8,66605
1388500200,16.8,17.52,16.72,17.12,103884
1388673000,17.12,19.04,16.96,18.56,190739
1388759400,18.64,19.76,18.08,18.24,90756
1389018600,18.24,18.88,17.9704,18.16,33172
1389105000,18.4,18.64,17.76,18.16,43125
1389191400,18.48,19.2,18.08,19.04,51576
1389277800,19.2,20.24,18.96,19.44,105228
1389364200,19.44,20.32,18.24,18.96,75113
1389623400,19.12,19.68,18.56,18.56,46344
1389709800,18.56,19.6776,18.4,19.04,53888
1389796200,19.44,20.64,19.36,20,58409
1389882600,20.32,22.8,20.08,22.32,233661
1389969000,22.4,22.72,21.28,21.9192,104571
1390314600,22.24,22.4,21.2,21.92,44601
1390401000,21.76,22.6,21.504,22,42575
1390487400,22,22.16,21.36,21.6,43911
1390573800,21.68,21.68,19.68,19.92,190260
1390833000,20.08,20.64,16.832,19.04,157596
1390919400,19.04,19.76,18.8,19.6,37666
1391005800,19.6,19.6,18.64,19.04,23024
1391092200,19.52,19.76,18.32,19.76,27581
1391178600,19.76,20.32,19.36,20.08,31360
1391437800,20.24,20.32,18.8,19.36,45572
1391524200,19.28,19.8368,19.04,19.2,30091
1391610600,18.96,19.2,17.92,18.56,55509
1391697000,18.96,19.6,17.92,18.4,70337
1391783400,18.96,19.52,18.24,19.04,44200
1392042600,19.2,21.24,19.024,20.72,73343
1392129000,20.88,20.952,19.12,19.76,71204
1392215400,20.24,20.56,19.2,19.44,46673
1392301800,19.44,20.4,19.36,19.6,27796
1392388200,19.76,20,19.28,19.76,13110
1392733800,20,20.712,19.84,20.32,26793
1392820200,20.48,20.56,19.92,20,28599
1392906600,20.24,20.32,19.76,20,50555
1392993000,20,20.1584,19.36,19.52,31733
1393252200,19.84,20.08,19.512,19.76,31400
1393338600,19.92,20.8,19.52,20,63404
1393425000,20.08,20.8,20.08,20.32,57823
1393511400,20.4,21.2,20.16,21.12,47137
1393597800,20.96,21.6,20.56,20.72,90461
1393857000,20.4,20.72,19.36,20.4,43484
1393943400,21.04,21.1184,20.32,20.8,30009
1394029800,20.96,21.6,20.8,21.12,28978
1394116200,21.12,21.2024,20.32,20.72,45654
1394202600,20.88,21.2,20,21.08,40598
1394458200,21.2,21.52,20.8,21.28,46311
1394544600,21.28,22.4,21.28,21.84,58262
1394631000,21.76,22,20.8,21.688,52271
1394717400,26.48,31.04,26,26.32,1209606
1394803800,26.32,27.2,24.4,25.52,207003
1395063000,26.32,26.56,24.4,25.12,53986
1395149400,25.2,25.2,23.152,23.84,96181
1395235800,23.68,24.552,23.36,24.4,62466
1395322200,24.24,24.2408,23.2,23.44,52846
1395408600,23.76,23.76,22.16,22.4,79430
1395667800,22.64,22.72,20.72,21.76,83271
1395754200,21.76,22.32,20.8,20.96,40858
1395840600,21.04,21.36,19.84,20.16,51434
1395927000,20.32,20.56,19.52,20,41005
1396013400,20.24,20.4,18.88,19.84,33844
1396272600,21.6,21.6,19.84,21.04,81297
1396359000,21.28,22.64,21.164,22.16,63574
1396445400,22.16,22.48,21.28,21.68,45197
1396531800,19.2,19.84,18,18.32,682181
1396618200,18.72,18.9568,16.88,17.36,207096
1396877400,18,18.032,16.24,16.64,158638
1396963800,16.8,16.8,15.92,16.24,141620
1397050200,16.56,18.56,16.56,17.92,198730
1397136600,17.92,18.72,16.8,17.28,58669
1397223000,16.64,17.36,16.08,16.24,80239
1397482200,16.64,17.04,16,16.16,84071
1397568600,16.4,16.88,16,16.8,103521
1397655000,16.96,18.72,16.4,18.48,88888
1397741400,18.48,18.8,17.6,17.84,42008
1398087000,18,18.08,17.2,17.44,31376
1398173400,17.52,18.2392,17.28,17.44,34188
1398259800,17.52,17.68,17.04,17.52,22214
1398346200,17.76,17.84,16.96,17.36,21165
1398432600,17.04,17.68,16.4,16.96,46481
1398691800,17.28,17.52,16.16,16.64,39506
1398778200,16.64,16.96,16.08,16.8,36617
1398864600,16.8,16.936,16.24,16.72,25747
1398951000,16.8,17.6,16.32,17.04,26100
1399037400,17.04,17.252,16.56,17.12,12496
1399296600,17.2,17.52,16.64,17.42,22694
1399383000,17.2,17.44,16.72,16.8,21275
1399469400,16.8,16.8,15.84,15.84,99765
1399555800,15.84,16.32,14.8008,15.36,72566
1399642200,15.36,15.6,15.04,15.28,24504
1399901400,15.68,16.32,15.36,15.52,18603
1399987800,15.6,15.84,15.5992,15.6,14428
1400074200,15.6,16,15.6,15.6,11497
1400160600,15.36,15.76,14.56,15.04,28073
1400247000,15.44,15.84,14.56,15.76,22792
1400506200,15.824,16,15.5072,15.68,13924
1400592600,15.44,16.32,15.28,15.68,19241
1400679000,15.52,15.68,15.36,15.44,6800
1400765400,15.6,15.744,15.28,15.36,14291
1400851800,15.44,15.84,15.28,15.6,20272
1401197400,15.92,16.56,15.6,16.16,54529
1401283800,16.24,16.8,16,16.56,23639
1401370200,16.4,17.72,16.4,17.4,53748
1401456600,17.2,17.3592,16.32,16.64,46653
1401715800,16.4,16.64,16.16,16.48,15967
1401802200,16.32,16.72,16.16,16.56,14764
1401888600,16.56,17.12,16.48,17.04,19390
1401975000,16.8,17.44,16.8,17.12,23763
1402061400,17.36,17.44,16.88,17.28,10765
1402320600,17.36,17.92,17.12,17.36,21312
1402407000,17.44,17.68,16.96,17.52,15318
1402493400,17.52,17.68,17.2,17.68,18127
1402579800,17.68,18.4,17.52,17.84,25833
1402666200,17.68,18.16,17.6,18.08,12158
1402925400,18,18.4,17.84,18,43011
1403011800,18,18.4,17.5992,18.4,37244
1403098200,18.4,18.8,18,18.56,42134
1403184600,18.48,18.8,18,18.48,27460
1403271000,18.16,18.7184,18.08,18.32,18270
1403530200,18.4,18.72,18.16,18.64,23280
1403616600,18.72,18.72,18.08,18.16,30186
1403703000,18.24,18.4,17.76,18.4,23451
1403789400,18.16,18.56,18,18,9999
1403875800,17.76,18.4,17.76,18.32,15107
1404135000,18.32,18.4,17.84,17.84,15503
1404221400,17.92,18.4,17.76,18.16,11845
1404307800,18.4,20.2336,18.1448,18.88,121915
1404394200,19.04,19.36,18.48,18.8,20781
1404739800,18.88,19.28,18.56,18.8,26890
1404826200,18.56,19.12,18.48,18.8,47879
1404912600,18.96,19.2,18.5608,18.8,6524
1404999000,18.48,18.72,18,18.24,17353
1405085400,18.32,18.56,18,18.16,11165
1405344600,18.08,18.8,18.056,18.32,6866
1405431000,18.56,18.64,17.36,17.84,25360
1405517400,17.6,17.6,12.88,16.48,216162
1405603800,16.64,16.64,15.608,15.92,39529
1405690200,15.92,15.92,15.04,15.2,37296
1405949400,15.2,15.6,15.1384,15.28,8061
1406035800,15.36,16,15.2808,15.76,13894
1406122200,15.68,16.08,15.68,15.84,22884
1406208600,15.928,16.24,15.36,15.52,14367
1406295000,15.52,15.84,15.2808,15.44,7046
1406554200,14.56,15.6,14.48,15.2,11302
1406640600,15.2,15.68,15.2,15.4408,4560
1406727000,15.52,15.84,14.72,14.88,62721
1406813400,14.8,15.12,14.56,15.04,13017
1406899800,14.88,15.12,14.72,14.88,12097
1407159000,15.12,15.12,14.24,14.4,16377
1407245400,14.24,14.72,14.24,14.56,8434
1407331800,14.64,14.8,14.56,14.8,6225
1407418200,14.8,15.52,14.7992,15.28,5570
1407504600,15.6,15.76,14.96,15.2,39597
1407763800,15.28,15.36,14.32,14.4,33345
1407850200,14.24,14.4,13.6,13.76,36251
1407936600,13.92,13.92,12.96,13.36,30629
1408023000,13.6,14.56,13.6,14.16,16577
1408109400,14.08,14.6392,13.8408,14.16,5653
1408368600,14.16,14.64,13.12,13.6,22277
1408455000,13.52,13.6,13.36,13.52,13976
1408541400,13.3936,14.24,13.3936,13.92,13824
1408627800,14,14.08,13.44,13.84,7093
1408714200,13.84,14.24,13.6,14.08,6796
1408973400,14.08,14.48,13.2,13.28,57885
1409059800,13.28,13.592,12.56,13.04,62218
1409146200,13.3592,13.52,12.96,13.36,9674
1409232600,13.36,13.68,13.36,13.68,8056
1409319000,13.68,14,13.6,13.84,13457
1409664600,13.92,14,13.52,13.6,10382
1409751000,13.6,13.84,13.52,13.76,6631
1409837400,13.6,13.84,13.28,13.52,9408
1409923800,13.44,13.84,13.44,13.68,4059
1410183000,13.76,14.3192,13.76,13.84,17317
1410269400,13.68,14,13.52,13.84,6938
1410355800,13.84,14.16,13.52,14,6782
1410442200,13.9952,14.16,13.84,14,20453
1410528600,14,14.08,13.36,13.68,16570
1410787800,13.52,13.6,13.28,13.44,10615
1410874200,13.36,13.68,13.28,13.28,5183
1410960600,13.28,13.6,13.28,13.44,3160
1411047000,13.44,13.68,13.28,13.28,9917
1411133400,13.2,13.44,13.2,13.28,11345
1411392600,13.12,13.52,12.88,12.88,5514
1411479000,12.88,13.12,12.72,12.7312,12634
1411565400,13.2,13.76,12.64,12.72,5784
1411651800,12.64,12.96,12.64,12.64,3920
1411738200,12.72,13.112,12.64,13.04,11406
1411997400,13.04,13.704,13.04,13.28,19825
1412083800,13.44,13.44,12.8,13.28,7672
1412170200,13.12,14,12.64,12.8,14130
1412256600,12.88,13.2,12.64,12.72,14630
1412343000,12.64,13.04,12.16,12.24,35753
1412602200,12.24,12.8,12.08,12.24,36720
1412688600,12.08,12.4,10.96,11.2,61392
1412775000,11.2,11.28,9.84,10.3992,65965
1412861400,10.4,10.4,9.6,9.76,62358
1412947800,9.6,10.24,9.6,9.76,29389
1413207000,9.76,9.92,9.36,9.68,16375
1413293400,9.76,9.84,9.44,9.52,21157
1413379800,9.6,10.08,9.52,9.6,24994
1413466200,9.76,10.8,9.7416,10.48,42511
1413552600,10.8,11.2,10.32,10.8,35815
1413811800,11.04,11.04,10.48,10.8,17238
1413898200,10.88,11.52,10.8,10.8,8769
1413984600,11.04,11.04,10.56,10.8,7838
1414071000,11.04,11.04,10.56,10.8,4744
1414157400,11.12,11.12,10.56,10.72,30275
1414416600,10.72,10.96,10.56,10.8,11676
1414503000,10.96,10.96,10.24,10.48,81485
1414589400,10.64,10.8,10.16,10.8,19767
1414675800,10.8,10.96,10.56,10.8,14190
1414762200,10.8,11.36,10.8,11.28,30545
1415025000,11.28,11.52,10.88,11.04,11526
1415111400,11.04,11.04,10.8,11.04,11465
1415197800,11.04,11.3592,10.8,10.96,8465
1415284200,11.04,11.04,10.416,10.64,12703
1415370600,10.5608,11.04,10.5608,10.8,14364
1415629800,10.8,10.88,10.5608,10.72,13198
1415716200,11.12,11.12,10.64,10.72,21730
1415802600,10.768,11.3592,10.64,11.28,14479
1415889000,11.44,11.6,11.04,11.04,13933
1415975400,11.04,11.52,11.04,11.28,4988
1416234600,11.28,12,10.72,10.8,23787
1416321000,10.72,11.44,10.56,10.96,7415
1416407400,10.88,11.36,10.88,11.2,7920
1416493800,11.12,11.576,11.0408,11.36,9517
1416580200,10.96,11.6,10.96,11.44,17036
1416839400,11.36,12.64,11.36,12.56,39660
1416925800,12.8,13.84,12.32,13.52,43817
1417012200,13.44,13.92,12.96,13.36,32449
1417185000,13.36,13.6,13,13.2,8031
1417444200,13.36,13.36,12,12.8792,38931
1417530600,12.96,13.2792,12.48,12.56,19541
1417617000,12.48,12.56,12,12.16,11934
1417703400,12.88,15.2,12.88,13.68,96197
1417789800,13.76,15.2,13.28,14.8,75955
1418049000,14.96,15.52,14.48,14.56,43280
1418135400,14.64,15.04,13.36,14.08,43969
1418221800,14.08,14.32,13.448,13.92,37199
1418308200,13.84,14,13.52,13.76,21264
1418394600,13.68,14.08,13.68,13.68,6665
1418653800,13.84,14.4,13.2,13.28,13209
1418740200,13.2,13.84,12.8,13.44,9351
1418826600,13.6,14.24,12.88,13.84,19930
1418913000,14.0792,14.08,13.36,13.68,15143
1418999400,13.92,14.4,13.52,14.4,21762
1419258600,13.84,14.4,13.76,13.92,12437
1419345000,13.76,14.32,13.2,13.28,22910
1419431400,13.12,13.92,12.48,13.6,45155
1419604200,13.52,13.92,13.2,13.68,18048
1419863400,13.92,14.4,13.524,14.08,36984
1419949800,14.32,14.4,13.6,13.76,26507
1420036200,13.92,14.24,13.68,14.16,24314
1420209000,14.16,14.6392,13.8416,14.48,22832
1420468200,14.64,15.28,14.16,14.8,29266
1420554600,15.12,15.12,14.56,14.88,17725
1420641000,15.28,15.28,14.7208,14.88,13793
1420727400,15.28,15.84,14.96,15.28,70741
1420813800,15.2,15.52,14.88,15.12,24701
1421073000,15.2,15.44,14.8,15.12,25553
1421159400,15.04,15.36,14.32,15.04,26927
1421245800,15.12,15.12,14.08,14.72,36138
1421332200,14.72,15.2,14.16,14.32,36485
1421418600,14.4,15.52,14.32,15.04,30175
1421764200,15.36,16.4,15.28,15.76,27697
1421850600,15.76,16.24,15.28,15.6,36585
1421937000,15.44,15.6,14.96,15.04,16486
1422023400,14.88,15.92,14.8,15.44,36664
1422282600,15.68,16.24,15.2,15.36,58168
1422369000,15.36,16.08,15.2,16,38966
1422455400,15.68,16.72,15.448,16.32,49951
1422541800,4.48,5.04,4.16,4.384,1251542
1422628200,4.32,4.472,3.968,4,263970
1422887400,3.84,4.0784,3.288,3.4392,257981
1422973800,3.28,3.5832,3.2024,3.48,84609
1423060200,3.52,3.58,3.3608,3.4536,46286
1423146600,3.36,3.76,3.2896,3.56,99749
1423233000,3.44,3.728,3.44,3.52,40955
1423492200,3.52,3.744,3.4408,3.68,43099
1423578600,3.68,3.76,3.52,3.6,51958
1423665000,3.5424,3.7552,3.424,3.44,30822
1423751400,3.368,3.6792,3.368,3.6792,53168
1423837800,3.92,3.92,3.6,3.6,49774
1424183400,3.6,3.66,3.44,3.456,67931
1424269800,3.376,3.66,3.376,3.504,28659
1424356200,3.6,3.928,3.376,3.776,236913
1424442600,3.752,3.752,3.5208,3.672,59568
1424701800,3.68,3.7992,3.528,3.624,102786
1424788200,3.6,3.8,3.56,3.6304,24167
1424874600,3.6792,3.6792,3.568,3.608,26273
1424961000,3.568,4.152,3.568,3.92,184733
1425047400,4.04,4.72,4,4.32,450873
1425306600,4.4,4.88,4.32,4.44,158461
1425393000,4.44,4.552,4.08,4.272,125096
1425479400,4.24,5.096,4.16,4.72,252274
1425565800,4.72,5.1592,4.48,4.608,184872
1425652200,4.56,4.56,4.26,4.48,85157
1425907800,4.3264,4.4,4.152,4.2328,74983
1425994200,4.316,4.32,3.952,4.0392,36907
1426080600,4.3072,4.3072,3.952,4.0168,29541
1426167000,4,4.0768,3.952,4.0464,39802
1426253400,4.08,4.08,3.76,3.9288,56219
1426512600,3.7696,3.92,3.76,3.84,21829
1426599000,3.9712,4.12,3.8432,3.9952,42846
1426685400,4.0392,4.08,3.912,4.0736,25599
1426771800,3.96,4.152,3.96,4.08,18294
1426858200,4.1592,4.1592,3.856,3.936,56311
1427117400,3.936,3.9992,3.76,3.864,65544
1427203800,3.7728,4,3.764,3.92,18848
1427290200,3.84,3.9984,3.688,3.7344,15989
1427376600,3.6,3.8,3.4416,3.7168,20821
1427463000,3.668,3.68,3.528,3.636,10898
1427722200,3.64,3.6744,3.52,3.624,8459
1427808600,3.84,3.84,3.524,3.7048,14184
1427895000,3.92,3.92,3.64,3.7,13201
1427981400,3.704,4.14,3.656,3.852,103900
1428327000,3.9256,3.984,3.76,3.76,54981
1428413400,3.76,3.9752,3.6,3.6808,51285
1428499800,3.688,3.7592,3.5264,3.672,46547
1428586200,3.68,3.764,3.5216,3.5744,29974
1428672600,3.6,4.056,3.576,3.944,111145
1428931800,3.84,3.9912,3.76,3.828,44591
1429018200,3.92,4.24,3.836,4.24,249991
1429104600,4.32,4.32,3.92,3.9784,81071
1429191000,3.8568,4.2,3.8568,4.1592,37598
1429277400,4,4.1584,3.856,3.94,52628
1429536600,4,4.432,3.9192,4.296,114283
1429623000,4.44,5.6,4.3992,5.6,1041659
1429709400,5.296,5.36,4.32,4.472,427398
1429795800,4.528,4.672,4.36,4.416,88045
1429882200,4.56,4.672,4.4,4.448,63854
1430141400,4.408,4.616,4.36,4.4,109888
1430227800,4.416,4.552,4.4,4.48,47918
1430314200,4.48,4.776,4.416,4.72,75042
1430400600,4.64,4.72,4.48,4.5104,39755
1430487000,4.52,4.6,4.4,4.412,53185
1430746200,4.56,4.56,4.424,4.464,18096
1430832600,4.4248,4.5592,4.4,4.5592,47050
1430919000,4.552,4.5576,4.4064,4.48,13097
1431005400,4.4808,4.5344,4.0376,4.188,79269
1431091800,4.2,4.3992,4.12,4.3992,40937
1431351000,4.528,4.528,4.1776,4.36,13432
1431437400,4.528,4.528,4.168,4.32,43320
1431523800,4.32,4.32,4.1688,4.1688,11448
1431610200,4.1688,4.3112,4.16,4.16,16092
1431696600,4.172,4.28,4.16,4.224,27876
1431955800,4.24,4.32,4.16,4.2208,26399
1432042200,4.04,4.2968,4.04,4.2008,26274
1432128600,4.124,4.2504,4.124,4.2376,16718
1432215000,4.4,4.4,4.1712,4.3144,16993
1432301400,4.3984,4.3984,4.204,4.3792,20641
1432647000,4.32,4.376,4.2168,4.2392,17557
1432733400,4.2,5.0192,4.2,4.48,208329
1432819800,4.368,4.4616,4.3,4.3904,52709
1432906200,4.376,4.4,4.248,4.3896,26214
1433165400,4.32,4.3992,4.2488,4.324,21300
1433251800,4.252,4.44,4.252,4.3584,6415
1433338200,4.376,4.376,4.284,4.3328,10205
1433424600,4.376,4.44,4.32,4.44,29249
1433511000,4.6,4.9592,4.544,4.72,479458
1433770200,4.6992,4.7152,4.416,4.4936,74982
1433856600,4.4808,4.52,4.24,4.36,62686
1433943000,4.4552,4.4792,4.34,4.4088,34550
1434029400,4.56,4.56,4.3304,4.3304,17760
1434115800,4.344,4.4744,4.3168,4.36,38344
1434375000,4.4672,4.4784,4.336,4.4784,17721
1434461400,4.472,4.496,4.34,4.48,60105
1434547800,4.4784,4.744,4.4008,4.72,89528
1434634200,4.8,4.864,4.3888,4.4616,71020
1434720600,4.628,4.628,4.336,4.4064,49606
1434979800,4.4784,4.5336,4.4,4.4656,25072
1435066200,4.48,4.96,4.48,4.908,248156
1435152600,4.76,4.88,4.44,4.448,108285
1435239000,4.28,4.28,3.76,3.9016,235345
1435325400,3.84,3.84,3.592,3.64,94238
1435584600,3.68,3.68,3.36,3.52,48113
1435671000,3.6368,3.64,3.44,3.584,26108
1435757400,3.468,3.632,3.3,3.512,62838
1435843800,3.36,3.52,3.328,3.48,24037
1436189400,3.48,3.68,3.3408,3.5656,36195
1436275800,3.5648,3.5656,3.44,3.5512,9206
1436362200,3.52,3.552,3.3608,3.444,51955
1436448600,3.56,3.672,3.448,3.672,34330
1436535000,3.5232,3.628,3.5232,3.6,6819
1436794200,3.528,3.628,3.52,3.624,6665
1436880600,3.528,3.66,3.496,3.6,28351
1436967000,3.5904,3.6472,3.4528,3.6,78397
1437053400,3.5216,3.64,3.3752,3.632,23624
1437139800,3.536,3.64,3.52,3.6,7946
1437399000,3.524,3.568,3.4272,3.5168,8316
1437485400,3.568,3.568,3.4032,3.4104,16451
1437571800,3.44,3.556,3.384,3.556,10973
1437658200,3.44,3.556,3.3768,3.52,5655
1437744600,3.5552,3.556,3.3808,3.52,15297
1438003800,3.556,3.556,3.2896,3.524,30082
1438090200,3.524,3.568,3.4024,3.4024,15106
1438176600,3.472,3.56,3.36,3.4552,10907
1438263000,3.424,3.5192,3.3008,3.4,27988
1438349400,3.432,3.5992,3.3968,3.5384,18965
1438608600,3.44,3.5984,3.44,3.52,5042
1438695000,3.52,3.76,3.288,3.3304,72649
1438781400,3.3296,3.44,3.288,3.288,15839
1438867800,3.352,3.4392,3,3.16,21176
1438954200,3.12,3.36,3.04,3.1288,15864
1439213400,3.12,3.3584,3.0488,3.2,28625
1439299800,3.2,3.3592,3.164,3.28,22899
1439386200,3.168,3.3552,3.168,3.28,2974
1439472600,3.28,3.3488,3.1616,3.3488,1936
1439559000,3.28,3.3552,3.2008,3.2792,3505
1439818200,3.216,3.3264,3.12,3.3176,6372
1439904600,3.1216,3.3552,3.1216,3.28,5049
1439991000,3.232,3.52,3.216,3.2568,39107
1440077400,3.4792,3.4792,3.2,3.2,9897
1440163800,3.36,3.36,3.0568,3.2392,17883
1440423000,2.808,3.28,2.808,3.0776,28104
1440509400,3.2792,3.356,3.1208,3.1872,10207
1440595800,3.2,3.2,3.0568,3.12,5591
1440682200,3.176,3.32,3.0576,3.1768,12561
1440768600,3.104,3.32,3.0408,3.232,10913
1441027800,3.2,3.424,3.184,3.4,28691
1441114200,3.4,3.4,3.28,3.28,3893
1441200600,3.24,3.416,3.24,3.416,5496
1441287000,3.3584,3.412,3.2824,3.36,3665
1441373400,3.3584,3.424,3.2808,3.384,19670
1441719000,3.4152,3.464,3.3088,3.424,14413
1441805400,3.464,3.464,3.2,3.3432,22196
1441891800,3.3432,3.464,3.2008,3.2016,14495
1441978200,3.28,3.316,3.24,3.3128,2902
1442237400,3.2008,3.352,3.2008,3.2016,6849
1442323800,3.2,3.436,3.2,3.2,14623
1442410200,3.2552,3.38,3.0808,3.096,22763
1442496600,3.344,3.344,3.2,3.28,17267
1442583000,3.208,3.28,3.052,3.28,10314
1442842200,3.28,3.3792,3.0584,3.2272,8620
1442928600,3.1376,3.2072,2.7608,3.0384,22285
1443015000,3.056,3.0776,2.808,2.88,25204
1443101400,2.88,3.0632,2.7608,2.96,21314
1443187800,2.96,3.0384,2.728,2.8,20309
1443447000,2.728,2.94,2.544,2.64,13457
1443533400,2.6376,2.7976,2.5632,2.576,9758
1443619800,2.6776,2.6776,2.44,2.456,7699
1443706200,2.44,2.7184,2.44,2.6712,3381
1443792600,2.88,2.88,2.5928,2.7192,5549
1444051800,2.784,2.784,2.4824,2.592,12471
1444138200,2.568,2.712,2.568,2.68,3804
1444224600,2.704,2.712,2.5768,2.6408,4084
1444311000,2.7096,2.7104,2.5792,2.64,6760
1444397400,2.64,2.64,2.48,2.6,5465
1444656600,2.56,2.56,2.4,2.544,14157
1444743000,2.48,2.64,2.1784,2.256,27667
1444829400,2.48,2.48,2.2,2.24,21121
1444915800,2.208,2.4,2.2,2.4,43926
1445002200,2.3984,2.4792,2.28,2.3192,28704
1445261400,2.276,2.4,2.2384,2.3192,39197
1445347800,2.4,2.4,2.16,2.16,27208
1445434200,2.2,2.36,1.728,2.2392,69525
1445520600,2.388,2.4,2.24,2.384,46389
1445607000,2.32,2.36,2.2,2.28,30123
1445866200,2.24,2.4,2.1608,2.24,19679
1445952600,2.24,2.24,2.1672,2.168,4989
1446039000,2.3168,2.32,2.176,2.24,12770
1446125400,2.24,2.32,2.24,2.28,15548
1446211800,2.24,2.312,2.2,2.28,20520
1446474600,2.272,2.28,2.2,2.28,19026
1446561000,2.28,2.512,2.216,2.48,58836
1446647400,2.512,2.512,2.4,2.48,5667
1446733800,2.5112,2.512,2.248,2.248,23396
1446820200,2.4,2.4,2.2432,2.248,8156
1447079400,2.272,2.36,2.24,2.24,3815
1447165800,2.32,2.36,2.24,2.24,7892
1447252200,2.28,2.48,2.28,2.4,11586
1447338600,2.4,2.48,2.32,2.48,7548
1447425000,2.4,2.552,2.32,2.32,7285
1447684200,2.4752,2.4752,2.2224,2.24,9694
1447770600,2.24,2.4696,2,2.12,24390
1447857000,2.36,2.36,2.1608,2.248,6580
1447943400,2.312,2.4792,2.24,2.3784,55315
1448029800,2.328,2.4544,2.32,2.352,4771
1448289000,2.3984,2.456,2.2424,2.4,10901
1448375400,2.4,2.704,2.3184,2.6392,102499
1448461800,2.6952,3.104,2.584,2.64,91389
1448634600,2.56,2.7992,2.56,2.656,11183
1448893800,2.5768,3.004,2.528,2.816,106271
1448980200,2.72,2.92,2.712,2.8,17032
1449066600,2.768,2.88,2.48,2.5608,35645
1449153000,2.6408,2.6408,2.488,2.504,4652
1449239400,2.488,2.6312,2.4112,2.48,50310
1449498600,2.48,2.624,2.4,2.4792,6879
1449585000,2.56,2.56,2.48,2.5592,1932
1449671400,2.48,2.632,2.364,2.5488,3413
1449757800,2.48,2.632,2.48,2.56,8095
1449844200,2.632,2.632,2.48,2.576,4620
1450103400,2.592,2.6312,2.408,2.48,14632
1450189800,2.536,2.56,2.48,2.56,9367
1450276200,2.52,2.56,2.4,2.5496,10003
1450362600,2.5584,2.6392,2.4008,2.48,8586
1450449000,2.4144,2.6336,2.4,2.56,13147
1450708200,2.544,2.544,2.328,2.4792,9366
1450794600,2.408,2.624,2.264,2.56,35663
1450881000,2.3288,2.56,2.3288,2.48,5915
1450967400,2.536,2.56,2.344,2.4,8506
1451313000,2.3552,2.56,2.288,2.3816,65351
1451399400,2.336,2.552,2.3232,2.4552,44933
1451485800,2.472,2.48,2.28,2.416,10765
1451572200,2.4,2.48,2.28,2.436,46383
1451917800,2.4,2.556,2.3616,2.4056,7727
1452004200,2.4,2.5464,2.4,2.52,13973
1452090600,2.404,2.4056,2.32,2.32,17770
1452177000,2.368,2.4392,2.24,2.2856,29371
1452263400,2.2408,2.4,2.2088,2.3216,13485
1452522600,2.32,2.32,1.88,2.1784,35738
1452609000,2.128,2.1592,1.984,1.9928,8764
1452695400,1.9848,2.1584,1.84,1.84,15631
1452781800,1.844,1.9984,1.768,1.96,5596
1452868200,1.824,1.96,1.76,1.76,5180
1453213800,1.824,1.96,1.76,1.8632,6621
1453300200,1.9176,1.92,1.688,1.92,10095
1453386600,1.92,1.92,1.832,1.8376,421
1453473000,1.904,1.9192,1.76,1.8792,10501
1453732200,1.808,2.08,1.7992,1.9608,22391
1453818600,1.928,2.0792,1.916,2,19926
1453905000,2.88,2.952,2.18,2.3184,324187
1453991400,2.48,2.48,1.952,2.104,63482
1454077800,2.16,2.16,2.096,2.12,11708
1454337000,2.152,2.16,2.0008,2.1584,2480
1454423400,2.16,2.16,1.928,2,50634
1454509800,2,2.1592,1.928,2.1592,18453
1454596200,2.1032,2.3192,2.0008,2.312,25301
1454682600,2.304,2.304,2.088,2.0992,5711
1454941800,2.08,2.296,1.88,2,33971
1455028200,2.048,2.1336,1.888,1.888,11019
1455114600,2,2,1.7856,1.92,15564
1455201000,1.8696,2.1,1.76,1.76,7641
1455287400,1.768,1.9104,1.688,1.7424,11772
1455633000,1.816,1.84,1.608,1.744,50920
1455719400,1.72,1.76,1.6432,1.7048,15251
1455805800,1.7048,1.9864,1.7048,1.8008,4581
1455892200,1.84,1.9984,1.6432,1.688,11218
1456151400,1.728,1.9208,1.6808,1.904,19145
1456237800,1.92,1.92,1.6952,1.7808,2104
1456324200,1.84,1.84,1.6432,1.8264,6677
1456410600,1.824,1.8256,1.68,1.72,2905
1456497000,1.7632,1.792,1.68,1.68,3293
1456756200,1.752,1.912,1.68,1.6808,491
1456842600,1.736,1.76,1.6432,1.644,3603
1456929000,1.68,1.76,1.68,1.7208,3345
1457015400,1.728,1.928,1.6432,1.8808,21998
1457101800,1.824,1.952,1.72,1.76,4017
1457361000,1.752,1.884,1.72,1.8448,14900
1457447400,1.88,1.88,1.76,1.76,8498
1457533800,1.84,1.868,1.688,1.76,13532
1457620200,1.8688,1.88,1.68,1.68,8407
1457706600,1.68,1.7584,1.608,1.6208,13725
1457962200,1.6,1.84,1.6,1.784,87256
1458048600,1.84,1.92,1.6808,1.7688,134697
1458135000,1.84,2.4,1.84,2.264,245736
1458221400,2.192,2.3984,2.0008,2.216,71491
1458307800,2.28,2.552,2.0808,2.2856,148819
1458567000,2.36,2.6392,2.2856,2.312,42065
1458653400,2.4272,2.56,2.3208,2.4696,45364
1458739800,2.568,2.568,2.24,2.24,24735
1458826200,2.304,2.56,2.16,2.4008,59161
1459171800,2.472,2.62,2.4,2.4,9399
1459258200,2.36,2.56,2.2,2.4,19047
1459344600,2.4,2.48,2.28,2.4,49955
1459431000,2.31,2.835,2.31,2.7,81896
1459517400,2.6,2.69,2.47,2.63,47924
1459776600,2.57,3.03,2.57,2.9499,119358
1459863000,2.88,3.3,2.69,3.02,223942
1459949400,3.09,3.18,2.8501,2.98,20580
1460035800,2.98,3.11,2.8023,2.99,134684
1460122200,3.01,3.148,2.9,2.97,18285
1460381400,2.99,3.14,2.86,3.0401,46411
1460467800,3.09,3.1,2.95,3.04,191502
1460554200,3.03,3.11,2.985,2.99,48222
1460640600,3.01,3.14,2.98,3.0044,33403
1460727000,3.16,3.16,2.98,3.03,7014
1460986200,3.05,3.097,2.98,2.98,3954
1461072600,2.98,3.125,2.98,3.1,25999
1461159000,3.06,3.1,2.99,3.08,26168
1461245400,3.04,3.1,2.96,3.02,16546
1461331800,3,3.1,3,3.0699,28109
1461591000,3.02,3.04,2.89,2.91,7272
1461677400,2.8101,3.07,2.8,3.06,41717
1461763800,3.02,3.07,2.98,3.02,20588
1461850200,3.01,3.01,2.92,3,5039
1461936600,3.18,3.18,2.97,3.09,10225
1462195800,3.06,3.06,2.58,2.94,28847
1462282200,2.68,2.99,2.52,2.95,25632
1462368600,2.94,2.94,2.8,2.8899,2637
1462455000,2.77,2.99,2.59,2.88,36345
1462541400,2.7223,2.8499,2.7223,2.81,8421
1462800600,2.88,2.92,2.83,2.83,26356
1462887000,2.7201,3.14,2.7201,3.1071,73875
1462973400,2.69,3.15,2.69,3.12,45269
1463059800,3.12,3.15,3.01,3.01,23326
1463146200,3.0101,3.2,3,3.2,37723
1463405400,3.17,3.909,3.17,3.59,228718
1463491800,3.75,4.43,3.75,4.43,491697
1463578200,6,6.65,3.34,3.63,2137485
1463664600,3.4,4.04,3.39,3.97,182381
1463751000,4,4,3.6,3.66,131377
1464010200,3.69,3.8199,3.42,3.54,70765
1464096600,3.52,3.66,3.33,3.4,44707
1464183000,3.37,3.61,3.21,3.47,146738
1464269400,3.47,3.55,3.2801,3.44,26865
1464355800,3.41,3.5,3.22,3.38,34248
1464701400,3.36,3.42,3.25,3.34,19779
1464787800,3.31,3.51,3.2301,3.42,58197
1464874200,3.4301,3.8,3.4301,3.69,39448
1464960600,3.7037,3.7037,3.49,3.581,14651
1465219800,3.55,3.85,3.55,3.74,19320
1465306200,3.69,3.9,3.6,3.61,47287
1465392600,3.7006,3.7801,3.7,3.71,36685
1465479000,3.84,3.84,3.6,3.64,5726
1465565400,3.61,3.62,3.43,3.5,18246
1465824600,3.4501,3.51,3.25,3.31,42120
1465911000,3.28,3.3464,3.28,3.3001,5214
1465997400,3.34,3.6099,3.34,3.38,8519
1466083800,3.46,3.46,3,3.26,148792
1466170200,3.23,3.52,3.22,3.5101,13025
1466429400,3.49,3.6,3.49,3.59,19465
1466515800,3.6,3.61,3.57,3.61,4147
1466602200,3.58,3.62,3.465,3.52,7415
1466688600,3.57,3.73,3.57,3.6,34037
1466775000,3.52,3.56,3.38,3.48,4457
1467034200,3.39,3.39,3.21,3.21,24464
1467120600,3.18,3.36,3.18,3.2201,4496
1467207000,3.26,3.45,3.2,3.42,4656
1467293400,3.43,3.57,3.3301,3.51,14722
1467379800,3.5699,3.58,3.4,3.49,40628
1467725400,3.43,3.49,3.43,3.49,1812
1467811800,3.5,3.5,3.44,3.44,2587
1467898200,3.412,3.4876,3.412,3.4817,1167
1467984600,3.3748,3.56,3.36,3.49,8649
1468243800,3.5066,3.5066,3.45,3.45,2640
1468330200,3.44,3.66,3.3303,3.39,68513
1468416600,3.3501,3.639,3.35,3.639,26213
1468503000,3.5,3.5772,3.351,3.43,18676
1468589400,3.41,3.6499,3.34,3.64,25638
1468848600,3.66,3.664,3.536,3.536,34572
1468935000,3.57,3.57,3.28,3.46,62216
1469021400,3.53,3.53,3.441,3.46,2366
1469107800,3.51,3.56,3.4411,3.55,3789
1469194200,3.59,3.7,3.51,3.59,135600
1469453400,3.5,3.55,3.41,3.55,8171
1469539800,3.48,3.69,3.38,3.41,6230
1469626200,3.48,3.52,3.36,3.45,16904
1469712600,3.41,3.44,3.305,3.32,16102
1469799000,3.35,3.4,3.32,3.37,39517
1470058200,3.4,3.4,3.045,3.3451,55462
1470144600,3.3,3.38,3.27,3.29,21859
1470231000,3.2917,3.38,3.19,3.2001,91608
1470317400,3.349,3.349,3.19,3.19,5625
1470403800,3.34,3.3825,3.14,3.1573,35870
1470663000,3.21,3.35,3.13,3.18,33648
1470749400,3.18,3.28,3.15,3.16,14523
1470835800,3.14,3.24,2.99,3.22,35557
1470922200,3.14,3.3999,3.12,3.29,7384
1471008600,3.24,3.24,3.16,3.16,8483
1471267800,3.15,3.2872,3.09,3.2,18610
1471354200,3.17,3.27,3.0901,3.27,1264
1471440600,3.21,3.21,3.09,3.1899,18314
1471527000,3.13,3.2,3.11,3.11,5846
1471613400,3.13,3.25,3.0975,3.12,20847
1471872600,3.2001,3.25,3.1,3.1,3119
1471959000,3.1,3.39,3.1,3.39,123822
1472045400,3.37,3.41,3.28,3.35,14118
1472131800,3.37,3.37,3.25,3.31,7888
1472218200,3.2818,3.32,3.26,3.27,4630
1472477400,3.32,3.6,3.28,3.58,99581
1472563800,3.59,3.6587,3.48,3.64,66184
1472650200,3.52,3.7,3.51,3.64,36273
1472736600,3.63,3.9,3.63,3.8601,61448
1472823000,3.9,3.9,3.68,3.76,229073
1473168600,3.79,3.88,3.68,3.8292,5728
1473255000,3.811,4.09,3.5601,3.8,102740
1473341400,3.69,3.99,3.69,3.98,26190
1473427800,3.93,3.95,3.8,3.94,20404
1473687000,3.84,4.22,3.84,4.11,78646
1473773400,4.09,4.47,4.09,4.36,84823
1473859800,4.28,4.3662,3.45,3.73,143082
1473946200,3.75,4.36,3.75,4.19,133325
1474032600,4.2,4.48,4.01,4.48,99192
1474291800,4.49,4.55,4.38,4.54,124876
1474378200,4.45,4.45,3.57,3.7,72886
1474464600,3.8,3.86,3.673,3.78,12844
1474551000,3.89,3.89,3.67,3.67,10443
1474637400,3.67,3.74,3.46,3.57,34195
1474896600,3.7,3.76,3.07,3.22,79869
1474983000,3.18,3.2,2.9971,3.17,32062
1475069400,3.15,3.24,3.0349,3.07,35387
1475155800,3.03,3.1899,2.83,2.94,61988
1475242200,2.93,3.0789,2.68,3.03,42843
1475501400,2.97,2.97,2.79,2.79,14148
1475587800,2.81,2.81,2.7,2.73,9097
1475674200,2.79,2.79,2.6,2.74,69268
1475760600,2.74,2.88,2.65,2.67,44130
1475847000,2.7,2.81,2.625,2.65,5861
1476106200,2.646,2.646,2.57,2.57,5367
1476192600,2.57,2.57,2.35,2.4,39539
1476279000,2.38,2.42,2.14,2.31,13270
1476365400,2.3,2.43,2.19,2.32,49798
1476451800,2.32,2.42,2.29,2.4,26567
1476711000,2.4,2.57,2.4,2.5,19846
1476797400,2.53,2.89,2.5,2.72,65511
1476883800,2.69,2.8231,2.651,2.76,25700
1476970200,2.8061,2.8061,2.76,2.77,813
1477056600,2.561,2.97,2.561,2.76,7710
1477315800,2.8,2.914,2.8,2.82,9764
1477402200,2.82,2.82,2.71,2.71,3056
1477488600,2.8002,3.06,2.8002,2.92,7672
1477575000,2.6415,2.7,2.56,2.56,13130
1477661400,2.6,2.66,2.4901,2.65,4787
1477920600,2.6511,2.72,2.6511,2.7,6206
1478007000,2.7051,2.78,2.7,2.725,8658
1478093400,2.75,2.75,2.44,2.44,31175
1478179800,2.51,2.56,2.5,2.54,13927
1478266200,2.66,2.66,2.41,2.41,5331
1478529000,2.64,2.74,2.32,2.74,22140
1478615400,2.7,2.8799,2.63,2.63,22548
1478701800,2.57,2.919,2.48,2.52,15929
1478788200,2.43,2.58,2.42,2.58,6126
1478874600,2.5985,2.73,2.5985,2.66,15517
1479133800,2.36,2.7399,2.33,2.73,69188
1479220200,2.91,2.91,2.47,2.67,93665
1479306600,2.7211,2.99,2.67,2.97,38327
1479393000,2.97,3.0909,2.82,2.85,29875
1479479400,2.9336,2.95,2.721,2.81,5575
1479738600,2.81,2.85,2.69,2.82,12599
1479825000,2.7769,2.82,2.7769,2.8,1254
1479911400,2.7393,2.78,2.72,2.75,8403
1480084200,2.75,2.8,2.75,2.8,2050
1480343400,2.82,3.05,2.8074,2.93,10426
1480429800,2.88,2.9,2.88,2.9,2696
1480516200,2.85,3.05,2.661,3,12909
1480602600,3.05,5.92,3.05,4.4,2874251
1480689000,4,4.2399,3.71,4.05,322719
1480948200,4.07,4.2489,3.74,4.11,77326
1481034600,4.05,4.6,4.03,4.24,48137
1481121000,4.15,4.33,3.93,4.23,25378
1481207400,4.15,4.15,3.8,3.95,32878
1481293800,3.76,4.05,3.56,3.94,116276
1481553000,4.33,4.42,4.19,4.19,6250
1481639400,4,4.4,3.53,3.53,8458
1481725800,3.55,4,3.53,3.8954,19115
1481812200,3.7,3.8,3.6,3.63,20100
1481898600,3.41,3.94,3.41,3.76,11504
1482157800,3.51,3.64,3.4,3.64,33332
1482244200,3.79,3.9,3.5701,3.65,66570
1482330600,3.33,3.8,3.33,3.8,119674
1482417000,3.765,3.765,3.5,3.6,17987
1482503400,3.5201,3.79,3.39,3.53,61961
1482849000,3.67,3.67,3.5,3.5,15730
1482935400,3.5,3.63,3.45,3.48,10383
1483021800,3.4793,3.68,3.4793,3.56,20172
1483108200,3.51,3.84,3.5,3.84,92646
1483453800,3.61,3.95,3.61,3.82,44492
1483540200,3.97,4.8,3.97,4.38,59683
1483626600,4.5,4.5,4,4.14,16815
1483713000,4.004,4.2,4.004,4.2,1607
1483972200,4.186,4.186,3.75,3.76,61943
1484058600,3.83,4.0899,3.63,3.63,19452
1484145000,3.63,3.7902,3.63,3.69,35101
1484231400,3.33,3.7456,3.33,3.65,37127
1484317800,3.82,4.3336,3.4,3.66,352900
1484663400,3.81,3.81,3.4915,3.53,11027
1484749800,3.4899,3.59,3.3601,3.48,27226
1484836200,3.4,3.45,3.4,3.42,4705
1484922600,3.41,3.53,3.3,3.43,17747
1485181800,3.44,3.443,3.35,3.3666,9935
1485268200,3.35,3.37,3.07,3.1,54069
1485354600,3.08,3.2203,3.08,3.22,1373
1485441000,3.11,3.1259,3.0201,3.1,12289
1485527400,3.11,3.14,3.05,3.11,30377
1485786600,3.09,3.13,3.08,3.1181,1788
1485873000,3.1,3.15,3.07,3.15,6851
1485959400,3.08,3.25,3.08,3.25,4775
1486045800,3.264,3.4,3.12,3.1384,4712
1486132200,3.12,3.21,3.12,3.13,5902
1486391400,3.1,3.29,3.1,3.23,5656
1486477800,3.2663,3.65,3.165,3.4,58510
1486564200,3.3051,3.419,3.1848,3.1848,18218
1486650600,3.15,3.4,3.15,3.4,26390
1486737000,3.55,3.55,3.2701,3.38,13669
1486996200,3.3,3.31,3.2,3.25,3246
1487082600,3.08,3.24,3.08,3.21,35822
1487169000,3.2,3.3261,3.145,3.32,12251
1487255400,3.25,3.38,3.22,3.22,5351
1487341800,3.2,3.3,3.2,3.28,2380
1487687400,3.15,3.3,3.15,3.2,5650
1487773800,3.1756,3.23,3.15,3.15,9706
1487860200,3.1399,3.1899,3.1399,3.18,6211
1487946600,3.07,3.2599,3.07,3.15,12611
1488205800,3.1717,3.24,3.16,3.24,2366
1488292200,3.24,3.24,3.06,3.08,17402
1488378600,3.08,3.18,3.06,3.14,14871
1488465000,3.12,3.21,3.11,3.12,4166
1488551400,3.1492,3.19,3.11,3.13,2033
1488810600,3.13,3.18,3.12,3.13,11389
1488897000,3.12,3.12,3.12,3.12,250
1488983400,3.12,3.141,3.12,3.12,5466
1489069800,3.12,3.28,3.12,3.25,10578
1489156200,3.3,3.6047,3.2995,3.44,49551
1489411800,3.3451,3.56,3.3451,3.53,2748
1489498200,3.3401,3.5,3.3401,3.45,7788
1489584600,3.4499,3.63,3.4,3.56,15528
1489671000,3.5,3.6388,3.5,3.56,12263
1489757400,3.49,3.5,3.1926,3.34,80097
1490016600,3.2498,3.31,3.24,3.31,3127
1490103000,3.31,3.31,3.2,3.2,556
1490189400,3.19,3.49,3.06,3.49,7338
1490275800,3.57,3.57,3.26,3.33,8870
1490362200,3.305,3.5,3.305,3.37,10077
1490621400,3.41,3.55,3.37,3.48,38755
1490707800,3.48,3.57,3.48,3.51,1239
1490794200,3.495,4.1,3.495,4.0131,123662
1490880600,3.85,4.409,3.85,3.95,96598
1490967000,3.92,4.19,3.92,4,19718
1491226200,4,4,3.82,3.87,15753
1491312600,3.95,4.0656,3.71,3.91,18004
1491399000,3.82,4.2,3.81,3.81,17740
1491485400,4.01,4.15,3.85,4.14,18493
1491571800,4.14,4.19,4,4.02,15212
1491831000,4.02,4.195,3.64,4.18,12265
1491917400,3.9,4.199,3.9,4.13,9261
1492003800,4.13,4.2399,4.07,4.13,15447
1492090200,4.06,4.15,3.85,4.02,16075
1492435800,4.16,4.23,4.08,4.15,20231
1492522200,4.17,4.28,3.93,3.93,23099
1492608600,3.97,4.04,3.87,3.99,16606
1492695000,4.03,4.03,3.78,3.86,9792
1492781400,3.85,3.981,3.77,3.81,31151
1493040600,3.83,4.21,3.83,3.85,12692
1493127000,3.68,4.05,3.68,3.76,12543
1493213400,3.8,4.04,3.71,3.76,24923
1493299800,3.73,3.9,3.72,3.72,12095
1493386200,3.68,3.75,3.54,3.65,18309
1493645400,3.7,3.75,3.63,3.66,26497
1493731800,3.7,3.77,3.6,3.76,21703
1493818200,3.76,3.81,3.62,3.75,17051
1493904600,3.71,3.73,3.65,3.71,17634
1493991000,3.62,3.76,3.47,3.76,17336
1494250200,3.6,4.15,3.6,3.74,36849
1494336600,3.86,4.1,3.68,3.79,51021
1494423000,3.82,3.828,3.5,3.65,30470
1494509400,3.6,3.62,3.5179,3.54,10424
1494595800,3.53,3.769,3.4,3.62,28221
1494855000,3.63,3.7781,3.63,3.7,4767
1494941400,3.5,3.65,3.4501,3.5,8171
1495027800,3.43,3.56,3.41,3.42,13455
1495114200,3.42,3.7,3.41,3.63,10952
1495200600,3.4571,3.63,3.4571,3.63,3068
1495459800,3.9334,3.9334,3.56,3.65,4564
1495546200,3.75,3.75,3.551,3.59,6051
1495632600,3.56,3.65,3.5101,3.52,2826
1495719000,3.59,3.79,3.58,3.63,2669
1495805400,3.48,3.69,3.48,3.62,29445
1496151000,3.697,3.71,3.61,3.705,1207
1496237400,3.6,3.94,3.6,3.89,59382
1496323800,3.8439,3.9,3.8,3.8,1061
1496410200,3.85,3.95,3.781,3.91,14614
1496669400,3.89,3.96,3.88,3.95,11606
1496755800,3.93,3.94,3.8,3.93,23988
1496842200,3.98,3.99,3.776,3.95,11074
1496928600,3.98,4.04,3.9,4.01,20466
1497015000,3.98,4,3.94,4,6462
1497274200,4,4,3.8,3.98,7276
1497360600,3.7967,4.04,3.7967,4.02,6295
1497447000,3.99,4,3.93,3.93,7039
1497533400,3.965,4.12,3.95,4.03,21629
1497619800,4.1,4.11,3.59,3.59,37859
1497879000,3.84,4.1,3.75,4,19143
1497965400,3.9301,4.0499,3.89,4.01,9312
1498051800,4.05,4.07,3.901,3.901,28789
1498138200,3.84,4.1,3.84,3.94,18949
1498224600,3.99,4,3.91,3.94,22264
1498483800,4,4.0119,3.9,4.009,15462
1498570200,3.91,4.05,3.91,4,6170
1498656600,3.97,4.01,3.93,3.99,5960
1498743000,3.96,4.04,3.95,3.99,4616
1498829400,3.95,4.09,3.71,4.08,17787
1499088600,4.03,4.03,3.65,3.87,17535
1499261400,4.0977,4.0977,3.9,3.92,2607
1499347800,3.9,3.9,3.9,3.9,3257
1499434200,3.91,4.037,3.91,3.96,18524
1499693400,4.0402,4.0402,3.84,3.84,7401
1499779800,3.75,3.83,3.72,3.75,4608
1499866200,3.8,3.8,3.6501,3.6501,25280
1499952600,3.61,4.0422,3.61,3.83,50389
1500039000,4,4.12,3.83,3.91,33108
1500298200,3.97,4.0903,3.97,4,7549
1500384600,3.96,4.06,3.96,4.0201,4575
1500471000,4.02,4.09,3.9354,4.02,5506
1500557400,3.94,3.95,3.94,3.95,847
1500643800,3.9772,3.98,3.86,3.86,12976
1500903000,3.94,3.97,3.7,3.91,11395
1500989400,3.8158,3.91,3.71,3.81,9568
1501075800,3.78,3.78,3.54,3.7,22627
1501162200,3.5201,3.65,3.5201,3.62,12508
1501248600,3.5,3.8,3.5,3.77,20637
1501507800,3.78,3.78,3.561,3.74,11031
1501594200,3.6799,3.72,3.61,3.71,10163
1501680600,3.73,3.73,3.69,3.69,1463
1501767000,3.75,3.89,3.71,3.74,6293
1501853400,3.73,4.02,3.67,3.83,12476
1502112600,3.81,3.98,3.81,3.9786,4045
1502199000,3.89,3.949,3.82,3.86,8877
1502285400,3.8564,3.8564,3.68,3.72,7465
1502371800,3.77,3.81,3.77,3.77,2128
1502458200,3.68,3.75,3.6799,3.68,2158
1502717400,3.68,3.72,3.6699,3.72,2128
1502803800,3.69,3.75,3.67,3.68,4775
1502890200,3.67,3.68,3.52,3.6499,2947
1502976600,3.53,3.7,3.53,3.7,591
1503063000,3.4552,3.6555,3.4552,3.62,2757
1503322200,3.4969,3.51,3.4501,3.51,7004
1503408600,3.702,3.702,3.49,3.55,8544
1503495000,3.6001,3.6838,3.49,3.51,9742
1503581400,3.4927,3.61,3.4927,3.6,6365
1503667800,3.5,3.6,3.4772,3.48,10104
1503927000,3.48,3.64,3.4775,3.55,8556
1504013400,3.5399,3.65,3.5399,3.62,1955
1504099800,3.63,3.71,3.58,3.61,10396
1504186200,3.66,4,3.6255,3.96,22414
1504272600,4,4,3.85,3.85,4872
1504618200,3.71,3.9299,3.71,3.92,8507
1504704600,3.95,3.98,3.85,3.96,7306
1504791000,3.85,3.9,3.7711,3.9,55640
1504877400,3.82,4.0132,3.6899,3.97,8286
1505136600,3.91,3.98,3.75,3.8,8085
1505223000,3.85,4.1,3.825,3.97,50180
1505309400,3.98,4.25,3.97,4.13,41229
1505395800,4.03,4.17,4.01,4.08,10638
1505482200,4,4.25,3.95,4.25,50425
1505741400,4.05,4.4,4.001,4.3,17657
1505827800,4.2862,4.67,4.2862,4.6,21466
1505914200,4.48,4.48,4.38,4.4,5583
1506000600,4.4,4.57,4.29,4.29,51502
1506087000,4.0101,4.31,4.01,4.27,5703
1506346200,4.27,4.28,3.97,4.11,16437
1506432600,4.11,4.52,4.11,4.3,17073
1506519000,4.4,4.6,4.28,4.4999,7178
1506605400,4.5717,5,4.5717,4.98,18306
1506691800,4.878,5.31,4.878,5.16,38763
1506951000,5.39,7.235,5.0601,6.445,66831
1507037400,6.8,8.25,6.51,8.09,277747
1507123800,9.45,9.5,8,8.18,567373
1507210200,7.99,8.06,7.01,7.3,318219
1507296600,7.72,7.85,7.02,7.4,123462
1507555800,7.88,9.1561,7.49,8.74,1031556
1507642200,8.8,9.6,8.25,8.75,993346
1507728600,8.75,11.17,8.75,9.24,2456160
1507815000,9.35,9.35,7.4,8.2,910332
1507901400,8.01,8.24,7.2,7.9,665234
1508160600,7.89,7.99,7.2928,7.55,275781
1508247000,8,8.7,7.467,8.13,1093390
1508333400,8.04,8.1,7.14,7.67,391618
1508419800,7.68,8.4,7.52,7.7892,221417
1508506200,7.99,8.5,7.16,8.49,886074
1508765400,8.84,9.5,8.3,8.75,1362659
1508851800,8.73,8.7547,7.6001,7.9,681578
1508938200,7.99,7.99,6.73,7.2,634402
1509024600,7.35,7.6,6.74,7.26,392411
1509111000,7.53,7.53,6.79,6.91,336452
1509370200,7.06,7.44,6.91,7.05,227472
1509456600,7.1,7.3399,6.5,6.8,296819
1509543000,6.98,7.2,6.75,6.95,323465
1509629400,7.75,7.989,6.331,6.96,1084108
1509715800,7.03,7.03,6.61,6.75,247814
1509978600,7,7.9,6.8,7.64,913387
1510065000,7.89,8.98,7.4,8.3,1236318
1510151400,8.8,8.8,7.6,7.78,577126
1510237800,7.65,7.824,7.3,7.5,423931
1510324200,7.5,7.5,6.8,7.16,398830
1510583400,7.1,7.4,7,7.25,329645
1510669800,7.1,7.2796,6.89,7.02,291920
1510756200,7.1,8.0166,7.02,7.93,815475
1510842600,8.2,8.43,7.6,8.12,1199577
1510929000,8.3,9.2,7.99,8.13,1505819
1511188200,8.46,10.5,8.06,10.35,4995087
1511274600,10.35,12.89,10.2,11.26,12113049
1511361000,12.3,16.14,11.4,15.99,13679262
1511533800,18.45,24,18.39,23.6,19085007
1511793000,21.5,21.7696,15.54,15.6,17360417
1511879400,15.95,17.1,12.97,15.25,12540842
1511965800,17.28,17.42,12.3,13.18,8081995
1512052200,12.24,14.2,12.01,13.5,4652120
1512138600,14.85,15.48,13.87,15,6026479
1512397800,16.5,16.72,14.95,15.07,5423085
1512484200,14.72,14.75,13.5,14.14,2979053
1512570600,14.6,14.88,13.53,13.7018,2228057
1512657000,14.25,16.11,13.8,14.6,5686267
1512743400,14.6,16.23,14.5,15.86,3894055
1513002600,19.06,23.67,17.75,23.08,20292712
1513089000,26.25,33.27,25,28.2,36521146
1513175400,24.2,26.6274,22.1,23.03,13532752
1513261800,24.355,26.14,23.8,24.98,8212359
1513348200,28,29.49,26.79,28.5,12417299
1513607400,32.2,45.99,31.54,36.47,29520000
1513693800,36.15,46.2,36,38.6,30962630
1513780200,40.75,41.75,33.05,36.12,13992951
1513866600,35.5,36.07,26.25,27.6,12707488
1513953000,22.52,26.46,20.2,24.52,13191506
1514298600,28.52,31.94,27.55,31.22,11406587
1514385000,31.18,33.28,28.55,29.8,8561891
1514471400,27.2,28.8,26.74,27.23,3767098
1514557800,28.72,29.59,27.701,28.4,4757393
1514903400,28.5,28.7,26,27.9,4169058
1514989800,27.55,27.68,23.35,24.36,5281213
1515076200,24.87,25.48,22.53,24.27,4474144
1515162600,26.2,26.3,24.2,24.43,3485021
1515421800,25.14,25.15,22.75,23.42,2933031
1515508200,24.99,25.77,23.45,24.02,4632169
1515594600,23.9,24.1946,22.7,22.94,1993121
1515681000,22.2,22.5,20.63,20.85,2843010
1515767400,21.16,22.075,20.92,21.88,1679485
1516113000,20,20.5,17.8,18.28,2898181
1516199400,17.5,18.1,16.04,17.76,4031679
1516285800,18.64,21.44,18.5,19.8,5540813
1516372200,20.39,20.48,19.5,19.91,1567026
1516631400,19.39,20.73,19,19.48,1671937
1516717800,19.51,20.11,18.63,19.6,1416914
1516804200,19.88,20,18.91,19.24,1038930
1516890600,18.95,19.15,17.8,17.91,1026486
1516977000,17.56,17.98,17.06,17.13,1056166
1517236200,16.85,17,15.1,15.23,1656620
1517322600,14.87,14.9,13.75,14.28,1665288
1517409000,14.5,15.67,13.36,13.75,1701584
1517495400,12.91,13,12.1,12.3,1953421
1517581800,12.08,12.75,11.6,12.16,1793422
1517841000,11.4,12.19,10.55,10.7,1493902
1517927400,10.4,13.49,10.4,12.95,2756733
1518013800,15.32,16.41,13.88,14.32,7206506
1518100200,15.8,15.9,14.25,14.89,2144077
1518186600,15.03,16.34,14.8,16.05,2522212
1518445800,16.57,18.14,16.57,17.54,3972595
1518532200,16.75,17.49,15.21,16.06,2853854
1518618600,17.2,17.4,16.5,16.59,1643876
1518705000,17.6,18.4,16.7,17.2,2700114
1518791400,14.09,15.2,10.55,11.46,12316654
1519137000,10.5,12.4,9.77,10.92,4636012
1519223400,10.7,11.39,10.5,10.6,1551652
1519309800,10.76,10.77,9.52,9.98,1809483
1519396200,9.85,10.44,9.8163,10.27,1084813
1519655400,9.95,10.26,9.7,9.9,921101
1519741800,9.95,10.12,9.651,9.96,567884
1519828200,9.76,10.75,9.76,10.58,1228970
1519914600,9.93,10.72,9.91,10.13,1134863
1520001000,9.89,10.69,9.89,10.58,732392
1520260200,10.67,10.85,10.25,10.83,716880
1520346600,10.65,10.8,10.25,10.39,586440
1520433000,10.09,10.37,10.02,10.08,578624
1520519400,9.94,10.179,9.56,9.57,710190
1520605800,9.55,9.78,9.05,9.24,746696
1520861400,9.11,9.2426,8.6,8.97,1322126
1520947800,8.83,8.92,8.54,8.7,565909
1521034200,8.3,8.7,8.05,8.15,727355
1521120600,8.12,8.29,7.33,7.51,1026496
1521207000,7.31,8.45,7.3,8.29,1203756
1521466200,8.12,8.75,7.8501,8.42,1029582
1521552600,8.75,8.75,7.83,8.02,633880
1521639000,8.15,8.43,7.74,7.94,477268
1521725400,7.75,7.96,7.58,7.63,362736
1521811800,7.65,7.76,7.4,7.5,426910
1522071000,7.67,7.76,7.05,7.36,627258
1522157400,7.34,7.5499,6.83,6.95,310389
1522243800,6.88,6.91,6.03,6.28,701408
1522330200,6.25,6.65,6,6.62,512286
1522675800,6.51,6.599,6.17,6.36,296891
1522762200,6.39,6.89,6.2305,6.53,474571
1522848600,6.25,6.6,6.2,6.42,311401
1522935000,6.4,7.81,6.38,7.22,3419551
1523021400,7.18,7.7699,6.53,6.64,1654538
1523280600,6.58,6.78,6.25,6.4,525578
1523367000,6.41,6.7273,6.353,6.49,432338
1523453400,6.35,7.1,6.35,6.62,564730
1523539800,7.35,8.2,7.12,7.47,4081899
1523626200,8.04,8.36,7.5,7.75,1567578
1523885400,7.7,7.7,7.06,7.31,595405
1523971800,7.32,7.87,7.29,7.3,635332
1524058200,6.95,7.19,6.84,6.87,745710
1524144600,6.75,6.75,6.25,6.7,745376
1524231000,6.66,6.95,6.561,6.65,454078
1524490200,6.66,6.899,6.46,6.55,356891
1524576600,6.9,7.655,6.6401,7.58,1451264
1524663000,7.3,7.48,7,7.36,673477
1524749400,7.32,7.88,7.241,7.47,658212
1524835800,7.55,7.66,7.36,7.49,350825
1525095000,7.46,7.49,7.13,7.22,410000
1525181400,7.14,7.47,7.02,7.32,262460
1525267800,7.37,7.37,7.1432,7.24,215810
1525354200,7.36,7.67,7.11,7.64,361970
1525440600,7.9,8.15,7.411,7.56,672271
1525699800,7.31,7.8,7.31,7.58,429101
1525786200,7.56,7.7743,7.34,7.4,280904
1525872600,7.4,7.59,7.32,7.44,369893
1525959000,7.41,7.65,7.15,7.23,430519
1526045400,7.44,7.55,7.27,7.38,544523
1526304600,7.4,7.73,7.38,7.63,374853
1526391000,7.6,7.95,7.58,7.83,297355
1526477400,7.8,8.64,7.65,8.5,998288
1526563800,8.5,9.75,8.15,9.51,1868006
1526650200,9.48,9.48,8.57,9,1467053
1526909400,8.85,9.1,8.11,8.28,806542
1526995800,8.06,8.5,7.84,7.85,617131
1527082200,7.78,8.05,7.5,7.89,634430
1527168600,7.79,7.88,7.6,7.79,327567
1527255000,7.73,7.76,7.55,7.59,224440
1527600600,7.53,7.56,7,7.08,516295
1527687000,7.08,7.15,6.82,6.97,409458
1527773400,6.97,7.11,6.82,6.98,238074
1527859800,6.93,7.7,6.93,7.39,1010591
1528119000,7.59,8.15,7.5,7.73,689028
1528205400,7.73,8.03,7.61,7.8,298294
1528291800,7.79,8,7.75,7.78,325680
1528378200,7.71,7.92,7.5,7.65,220498
1528464600,7.61,7.875,7.41,7.71,188527
1528723800,7.61,7.68,7.2,7.44,336141
1528810200,7.5,7.745,7.3501,7.36,245593
1528896600,7.31,7.474,7.21,7.26,232983
1528983000,7.25,7.7,7.25,7.54,285889
1529069400,7.41,7.57,7.26,7.4,248177
1529328600,7.26,7.52,7.26,7.38,214224
1529415000,7.33,7.48,7.16,7.32,163438
1529501400,7.23,7.6,7.22,7.35,246030
1529587800,7.67,7.75,7.01,7.27,426715
1529674200,7.15,7.239,6.82,6.88,539530
1529933400,6.8,6.85,6.41,6.57,509439
1530019800,6.58,7.1099,6.54,6.8,343639
1530106200,6.8,6.93,6.53,6.59,226675
1530192600,6.55,6.72,6.381,6.56,239206
1530279000,6.65,6.75,6.28,6.34,316757
1530538200,6.28,6.88,6.28,6.38,482256
1530624600,6.46,6.4889,6.1111,6.25,272768
1530797400,6.28,6.399,6,6.01,510893
1530883800,6.01,6.08,5.0359,5.15,1241953
1531143000,5.29,5.29,4.8,4.865,902322
1531229400,4.92,4.9454,4.49,4.65,779726
1531315800,4.55,4.9,4.41,4.68,490830
1531402200,4.73,4.807,4.47,4.57,296007
1531488600,4.6,4.799,4.43,4.66,237086
1531747800,4.64,4.789,4.5501,4.57,200470
1531834200,4.6,6.6,4.57,6.29,8344443
1531920600,6.13,6.46,5.6,5.73,5603638
1532007000,5.77,6.3,5.77,6.07,2385028
1532093400,6.06,6.64,5.81,5.9,2512707
1532352600,6.29,6.7,6.07,6.59,3070548
1532439000,7.59,8.555,7.15,8.4,13595255
1532525400,7.88,8.27,7.38,7.98,3961451
1532611800,7.92,8.18,7.8,7.9,1115162
1532698200,7.49,7.81,7.03,7.59,2144393
1532957400,7.6,7.64,7.17,7.62,870358
1533043800,7.37,7.5201,6.46,6.49,1569011
1533130200,6.68,6.68,6.3,6.43,759998
1533216600,6.33,6.9,6.3,6.79,1270686
1533303000,6.74,7.17,6.6,6.83,1245087
1533562200,6.81,6.97,6.52,6.8,564593
1533648600,7.15,7.15,6.8611,6.93,643931
1533735000,6.63,6.8,6.5532,6.73,615722
1533821400,6.6,7.05,6.6,6.8,511721
1533907800,6.87,7.3,6.8,6.96,763154
1534167000,6.88,6.949,6.63,6.71,391128
1534253400,6.65,6.94,6.61,6.65,341306
1534339800,6.5,6.63,5.34,5.35,1468268
1534426200,5.07,5.53,4.76,5.39,1033219
1534512600,5.51,5.59,5.3,5.37,255921
1534771800,5.36,5.45,4.95,5.31,425457
1534858200,5.34,5.45,5.22,5.31,366133
1534944600,5.36,5.8801,5.36,5.63,604763
1535031000,5.63,5.69,5.45,5.47,390182
1535117400,5.43,5.73,5.4,5.5,330820
1535376600,5.63,6.07,5.55,5.76,980948
1535463000,6.18,6.47,6.01,6.31,1369308
1535549400,6.43,6.4371,6.05,6.22,508695
1535635800,6.1,6.25,5.94,6.1,364967
1535722200,6.07,6.439,6.05,6.3,412432
1536067800,6.54,6.79,6.1301,6.19,871273
1536154200,6.05,6.05,5.5701,5.71,559338
1536240600,5.74,5.8,5.56,5.68,285787
1536327000,5.65,5.82,4.28,4.3,1781212
1536586200,4.36,4.65,4.35,4.5,697026
1536672600,4.46,4.51,4.111,4.29,603606
1536759000,4.23,4.2976,3.61,3.74,1145041
1536845400,3.75,3.9312,3.6101,3.8,826262
1536931800,3.76,3.94,3.63,3.94,506879
1537191000,3.92,3.94,3.73,3.81,384902
1537277400,3.82,3.93,3.81,3.89,201195
1537363800,3.78,4.17,3.78,4.12,446691
1537450200,4.16,4.16,4.01,4.09,296537
1537536600,4.28,4.29,3.94,3.99,536908
1537795800,3.95,4.14,3.921,4.08,279861
1537882200,4.07,4.09,3.95,3.95,226849
1537968600,3.95,3.99,3.7,3.82,349100
1538055000,3.83,3.87,3.7502,3.78,230373
1538141400,3.78,3.8499,3.53,3.65,312482
1538400600,3.74,3.759,3.36,3.45,536999
1538487000,3.4,3.5,3.36,3.42,222439
1538573400,3.46,3.47,3.3,3.4321,312947
1538659800,3.44,3.4882,3.3,3.36,140699
1538746200,3.34,3.46,2.91,3.02,511422
1539005400,3.02,3.117,2.83,2.85,359386
1539091800,2.85,2.8835,2.67,2.71,349167
1539178200,2.72,2.73,2.15,2.17,919538
1539264600,2.15,2.3204,2.15,2.16,662070
1539351000,2.22,3.11,2.22,2.57,4990718
1539610200,2.8,2.89,2.6218,2.7,949330
1539696600,2.83,2.99,2.6,2.96,765060
1539783000,2.98,2.98,2.62,2.72,667269
1539869400,2.65,2.7,2.4601,2.53,361368
1539955800,2.54,2.72,2.41,2.48,399315
1540215000,2.47,2.53,2.3,2.39,383483
1540301400,2.31,2.4295,2.2068,2.4,335977
1540387800,2.41,2.68,2.35,2.37,726862
1540474200,2.38,2.48,2.36,2.42,206695
1540560600,2.39,2.65,2.3803,2.52,256320
1540819800,2.54,2.65,2.38,2.41,296375
1540906200,2.42,2.4999,2.25,2.28,206683
1540992600,2.37,2.4,2.25,2.36,261058
1541079000,2.37,2.59,2.37,2.56,395374
1541165400,2.59,2.69,2.45,2.54,316941
1541428200,2.53,2.69,2.51,2.51,280336
1541514600,2.52,3.33,2.5017,2.95,2702282
1541601000,3.02,3.12,2.7239,2.9,891340
1541687400,2.88,2.88,2.53,2.57,622591
1541773800,2.62,2.6623,2.52,2.56,253626
1542033000,2.54,2.6173,2.3,2.36,402655
1542119400,2.33,2.526,2.33,2.5,273312
1542205800,2.5,2.5984,2.2,2.2,494686
1542292200,2.25,2.35,2.15,2.245,347351
1542378600,2.29,2.37,2.17,2.19,256882
1542637800,2.17,2.2399,1.86,1.89,734277
1542724200,1.82,1.85,1.65,1.85,501257
1542810600,1.91,1.97,1.8507,1.91,329403
1542983400,1.91,1.98,1.81,1.85,212751
1543242600,2,2,1.77,1.83,244194
1543329000,1.77,1.89,1.7,1.77,196802
1543415400,2,2.5,1.91,2.09,2223306
1543501800,2.2,2.34,1.92,1.95,1113508
1543588200,1.9,1.95,1.76,1.86,681439
1543847400,1.93,1.93,1.75,1.83,300132
1543933800,1.9,1.9,1.75,1.76,311901
1544106600,1.8,1.85,1.7,1.79,317329
1544193000,1.72,1.819,1.71,1.73,211770
1544452200,1.76,1.77,1.68,1.69,157928
1544538600,1.7,1.73,1.49,1.54,521403
1544625000,1.5,1.7,1.4929,1.605,680561
1544711400,1.51,1.6,1.45,1.54,326500
1544797800,1.48,1.53,1.35,1.35,437956
1545057000,1.41,1.85,1.41,1.79,1454922
1545143400,1.94,2.03,1.7,1.77,1329576
1545229800,2.07,2.28,1.77,1.89,5309900
1545316200,2,2.03,1.6612,1.71,1198052
1545402600,1.64,1.74,1.41,1.5,941943
1545661800,1.52,1.6,1.3932,1.44,494436
1545834600,1.46,1.5,1.2901,1.49,942180
1545921000,1.4,1.65,1.4,1.64,1094744
1546007400,1.68,1.68,1.515,1.57,712732
1546266600,1.58,1.6,1.45,1.51,538424
1546439400,1.51,1.75,1.5,1.71,576015
1546525800,1.73,1.75,1.52,1.54,457363
1546612200,1.61,1.67,1.56,1.65,297798
1546871400,1.68,1.75,1.51,1.63,561842
1546957800,1.67,1.8174,1.631,1.7,587565
1547044200,1.71,1.79,1.67,1.73,263731
1547130600,1.68,1.7,1.6,1.63,382681
1547217000,1.65,1.68,1.6,1.62,177629
1547476200,1.6,1.65,1.58,1.62,212375
1547562600,1.63,1.66,1.6,1.62,281728
1547649000,1.63,1.65,1.6,1.6,144882
1547735400,1.61,1.63,1.55,1.55,150682
1547821800,1.6,1.69,1.54,1.63,435059
1548167400,1.66,1.6668,1.55,1.57,263957
1548253800,1.6,1.97,1.5932,1.82,879358
1548340200,1.82,2.01,1.8,1.89,872450
1548426600,1.87,1.94,1.68,1.76,396448
1548685800,1.74,1.75,1.65,1.7,218052
1548772200,1.68,1.86,1.6711,1.79,303724
1548858600,1.8,1.9201,1.7901,1.84,328192
1548945000,1.82,1.93,1.81,1.85,308943
1549031400,1.83,1.9,1.76,1.81,181358
1549290600,1.82,2.1,1.8044,1.92,785877
1549377000,2.03,2.0501,1.92,1.95,431200
1549463400,2.01,2.01,1.83,1.89,228796
1549549800,1.91,2.0001,1.87,1.9099,213745
1549636200,1.91,2.45,1.9,2.37,3485603
1549895400,2.37,2.37,1.99,2.12,1068161
1549981800,2.19,2.21,2.08,2.21,330562
1550068200,2.15,2.2181,2.06,2.11,462748
1550154600,2.11,2.4,2.0801,2.26,1289979
1550241000,2.33,2.48,2.2601,2.47,1013320
1550586600,2.94,4.24,2.9,3.33,20132769
1550673000,3.35,4.07,3.23,3.74,12586251
1550759400,3.75,3.9,3.39,3.52,3356663
1550845800,3.75,4.04,3.6,3.95,4107551
1551105000,3.75,3.94,3.55,3.59,2556018
1551191400,3.59,3.74,3.56,3.6,856558
1551277800,3.65,3.65,3,3.21,1684806
1551364200,3.25,3.44,3.04,3.2,1039373
1551450600,3.2,3.48,3.17,3.26,1034536
1551709800,3.17,3.24,2.85,3,1139574
1551796200,3.32,3.4409,3.16,3.39,1460700
1551882600,3.35,3.4299,3.22,3.23,593853
1551969000,3.23,3.62,3.11,3.49,1090719
1552055400,3.49,3.69,3.46,3.69,1820033
1552311000,3.61,3.72,3.5,3.55,709414
1552397400,3.65,3.65,3.1921,3.35,872447
1552483800,3.3,3.41,3.2,3.34,486363
1552570200,3.3,3.43,3.25,3.4,557279
1552656600,3.42,3.75,3.38,3.73,1376114
1552915800,4.1,4.34,3.75,3.88,2983454
1553002200,3.96,4.1,3.76,3.99,987683
1553088600,4.08,4.2329,3.86,3.96,1282536
1553175000,4,4.14,3.55,3.7,1574610
1553261400,3.66,3.71,3.4,3.45,880565
1553520600,3.41,3.4114,3,3.12,1198663
1553607000,3.24,3.35,3.01,3.13,511006
1553693400,3.22,3.24,3.01,3.16,959021
1553779800,3.14,3.19,3.0634,3.14,295653
1553866200,3.24,3.43,3.2036,3.27,998959
1554125400,3.37,3.77,3.3618,3.54,1431275
1554211800,4.66,5.15,4.06,4.34,10791868
1554298200,4.65,5.14,4.51,4.86,6998481
1554384600,4.6,4.78,4.14,4.2,2534780
1554471000,4.5,4.75,4.36,4.46,3073920
1554730200,4.66,4.89,4.54,4.6,2292927
1554816600,4.58,4.64,4.36,4.43,768307
1554903000,4.63,4.95,4.4599,4.89,2241094
1554989400,4.54,4.67,4.36,4.58,1186031
1555075800,4.65,4.84,4.56,4.61,793842
1555335000,4.65,4.941,4.56,4.71,1835029
1555421400,4.76,4.95,4.55,4.93,1724738
1555507800,4.93,5.42,4.82,4.9,3004373
1555594200,5,5.41,4.93,5.4,1849825
1555939800,5.3,5.67,5.0988,5.52,1824369
1556026200,5.8,6.14,5.6503,6.02,3205042
1556112600,5.75,5.95,5.56,5.8,1769199
1556199000,5.75,5.93,5.65,5.89,1146269
1556285400,5.6,5.7499,5.15,5.23,1726593
1556544600,5.23,5.35,5.02,5.18,799061
1556631000,5.33,5.53,5.2,5.27,949677
1556717400,5.36,5.45,4.6,4.71,1624055
1556803800,4.82,4.85,4.2,4.44,1516305
1556890200,4.73,5.04,4.61,4.67,1915871
1557149400,4.5,4.66,4.3,4.61,916857
1557235800,4.73,4.7975,4.18,4.19,1592200
1557322200,4.22,4.2956,4.03,4.09,891303
1557408600,4.1,4.1234,3.55,3.63,2120068
1557495000,3.66,4.4,3.54,4.04,2195340
1557754200,4.45,4.88,4.26,4.45,6235744
1557840600,4.65,4.85,4.03,4.23,3232734
1557927000,4.3,4.55,4.17,4.51,1421826
1558013400,4.25,4.57,4.17,4.31,1163556
1558099800,3.97,4.2,3.9,4.07,1478430
1558359000,4.25,4.3,4.04,4.16,936165
1558445400,4.16,4.24,4.061,4.1,785838
1558531800,4.1,4.17,3.93,4.05,787341
1558618200,3.85,3.93,3.671,3.79,863009
1558704600,3.92,3.94,3.65,3.86,970528
1559050200,3.92,4.0302,3.41,3.49,1703048
1559136600,3.42,3.49,3.19,3.45,1223791
1559223000,3.35,3.4,3.1,3.17,1133983
1559309400,3.15,3.3599,3.06,3.24,678965
1559568600,3.17,3.26,3.07,3.16,516378
1559655000,3.09,3.23,3.08,3.16,492074
1559741400,3.19,3.2,2.75,2.91,929344
1559827800,2.9,2.99,2.5,2.53,1139550
1559914200,2.55,2.7562,2.5,2.7,934418
1560173400,2.69,2.7499,2.42,2.51,971084
1560259800,2.53,2.58,2.44,2.44,464644
1560346200,2.51,2.64,2.4101,2.5,573538
1560432600,2.49,2.6471,2.44,2.59,1059333
1560519000,2.59,2.79,2.59,2.73,2087519
1560778200,3.02,3.05,2.73,2.81,2682116
1560864600,2.81,2.82,2.64,2.69,1010969
1560951000,2.67,2.7405,2.53,2.62,627963
1561037400,2.62,2.65,2.46,2.6,1682043
1561123800,2.74,2.7589,2.56,2.75,1774161
1561383000,2.87,3.29,2.8,3.04,7001980
1561469400,3.5,3.56,3.22,3.3,6549004
1561555800,3.66,3.95,3.51,3.79,10632909
1561642200,3.26,3.31,2.85,3.07,5599799
1561728600,3.25,3.27,3.08,3.14,2929108
1561987800,2.9,2.9,2.7,2.71,2812711
1562074200,2.69,2.9549,2.51,2.79,2691367
1562160600,2.88,2.9156,2.71,2.78,1819392
1562333400,2.71,2.8398,2.71,2.8,884671
1562592600,2.89,2.9,2.72,2.78,2116566
1562679000,2.78,2.82,2.57,2.63,2032519
1562765400,2.66,2.719,2.51,2.55,1736549
1562851800,2.5,2.52,2.32,2.35,2034458
1562938200,2.44,2.45,2.01,2.26,3196103
1563197400,2.05,2.23,2.04,2.2,1423861
1563283800,2.15,2.25,2.055,2.08,1193552
1563370200,2.06,2.18,2,2,1991218
1563456600,2.02,2.195,2.02,2.05,2142350
1563543000,2.05,2.1,1.87,1.98,1676378
1563802200,1.94,1.98,1.82,1.95,1489786
1563888600,1.95,2.07,1.85,2.02,936373
1563975000,2.04,2.0484,1.92,1.97,608120
1564061400,1.99,2.03,1.925,2.01,585082
1564147800,2.02,2.05,1.93,1.97,519342
1564407000,1.97,1.99,1.83,1.94,671015
1564493400,1.95,1.97,1.8693,1.91,819952
1564579800,1.94,2.23,1.931,2.2,2499745
1564666200,2.18,2.19,1.95,2.13,897484
1564752600,2.16,2.33,2.13,2.21,1423634
1565011800,2.4,2.47,2.21,2.24,2770337
1565098200,2.27,2.3,1.97,2.08,1250281
1565184600,2.11,2.2,2,2.12,986520
1565271000,2.19,2.22,2.06,2.07,551211
1565357400,2.13,2.2,2.07,2.18,802720
1565616600,2.2,2.2,2.05,2.08,577502
1565703000,2.12,2.12,1.91,1.98,1311491
1565789400,1.95,1.95,1.82,1.82,1061499
1565875800,1.87,1.87,1.8,1.81,679443
1565962200,1.81,1.88,1.76,1.85,581637
1566221400,1.94,1.95,1.86,1.88,680484
1566307800,1.88,1.93,1.83,1.91,498344
1566394200,1.86,1.94,1.84,1.89,453096
1566480600,1.89,2,1.86,1.94,664586
1566567000,2,2.04,1.89,1.97,755611
1566826200,2,2.02,1.87,1.92,375411
1566912600,1.92,1.99,1.9,1.9,368742
1566999000,1.94,1.95,1.84,1.9,439426
1567085400,1.88,1.91,1.86,1.88,354012
1567171800,1.95,1.95,1.84,1.84,437539
1567517400,1.92,1.99,1.845,1.92,1051790
1567603800,1.97,2.14,1.92,2.1,1395995
1567690200,2.1,2.1391,2.03,2.07,721815
1567776600,2.11,2.18,2.04,2.04,818795
1568035800,2.15,2.16,1.975,2.03,880691
1568122200,2.06,2.07,1.98,2,471961
1568208600,1.99,2.07,1.96,2.01,741732
1568295000,2.07,2.07,2,2.05,571284
1568381400,2.05,2.15,2.05,2.12,1317525
1568640600,2.09,2.15,2.07,2.12,787951
1568727000,2.11,2.2,2.07,2.19,1024979
1568813400,2.21,2.24,2.04,2.09,1140242
1568899800,2.03,2.06,1.87,1.99,865496
1568986200,1.96,2.06,1.96,2.06,708217
1569245400,2.04,2.04,1.92,2.01,839143
1569331800,2.01,2.02,1.86,1.91,929448
1569418200,1.89,1.9,1.8317,1.885,483146
1569504600,1.88,1.88,1.8,1.85,739214
1569591000,1.85,1.88,1.7,1.72,666575
1569850200,1.72,1.845,1.72,1.78,524530
1569936600,1.84,1.84,1.6,1.73,610999
1570023000,1.73,1.73,1.62,1.68,348974
1570109400,1.69,1.7168,1.64,1.64,295373
1570195800,1.66,1.7,1.63,1.68,277438
1570455000,1.7,1.755,1.6413,1.72,385957
1570541400,1.69,1.73,1.65,1.69,280242
1570627800,1.69,1.94,1.68,1.81,1637878
1570714200,1.8,1.844,1.76,1.78,357354
1570800600,1.77,1.82,1.7435,1.8,324990
1571059800,1.77,1.82,1.76,1.79,398772
1571146200,1.78,1.83,1.74,1.78,409259
1571232600,1.76,1.76,1.7,1.7,356717
1571319000,1.7,1.78,1.7,1.72,271327
1571405400,1.74,1.75,1.7,1.71,178539
1571664600,1.73,1.74,1.67,1.7,384426
1571751000,1.7,1.707,1.5816,1.66,426734
1571837400,1.57,1.65,1.5,1.57,1190870
1571923800,1.58,1.6188,1.5575,1.57,219845
1572010200,1.61,1.7351,1.5804,1.68,1701128
1572269400,1.8,1.81,1.66,1.7,1553868
1572355800,1.68,1.6856,1.6,1.61,687602
1572442200,1.61,1.665,1.52,1.59,1196775
1572528600,1.63,1.63,1.52,1.56,322939
1572615000,1.55,1.59,1.53,1.57,509944
1572877800,1.57,1.67,1.55,1.66,810356
1572964200,1.66,1.66,1.57,1.6,644067
1573050600,1.59,1.595,1.54,1.57,346584
1573137000,1.57,1.57,1.5,1.5,495941
1573223400,1.52,1.54,1.5,1.52,264442
1573482600,1.55,1.55,1.48,1.53,306431
1573569000,1.5,1.55,1.5,1.52,202222
1573655400,1.51,1.5324,1.5,1.51,256134
1573741800,1.51,1.62,1.5,1.59,903627
1573828200,1.57,1.57,1.49,1.51,496785
1574087400,1.55,1.55,1.45,1.46,441688
1574173800,1.46,1.495,1.44,1.44,366528
1574260200,1.45,1.46,1.41,1.43,316646
1574346600,1.42,1.45,1.39,1.42,409695
1574433000,1.39,1.52,1.35,1.49,896334
1574692200,1.51,1.55,1.35,1.35,1072902
1574778600,1.44,1.44,1.31,1.33,653002
1574865000,1.36,1.38,1.28,1.35,1055025
1575037800,1.35,1.405,1.3,1.39,289422
1575297000,1.34,1.3603,1.3,1.3,464763
1575383400,1.32,1.32,1.28,1.32,413524
1575469800,1.34,1.34,1.28,1.29,580259
1575556200,1.31,1.33,1.3,1.32,232892
1575642600,1.3,1.32,1.29,1.32,305131
1575901800,1.32,1.32,1.29,1.29,229341
1575988200,1.29,1.32,1.29,1.3,334801
1576074600,1.3,1.37,1.29,1.32,710265
1576161000,1.37,1.37,1.29,1.32,296305
1576247400,1.33,1.35,1.305,1.34,303889
1576506600,1.33,1.38,1.3,1.33,886981
1576593000,1.3,1.32,1.29,1.3,398314
1576679400,1.31,1.35,1.29,1.33,511218
1576765800,1.35,1.37,1.32,1.32,320782
1576852200,1.33,1.34,1.31,1.33,297089
1577111400,1.35,1.35,1.31,1.33,546970
1577197800,1.31,1.33,1.31,1.31,332603
1577370600,1.34,1.34,1.28,1.3,581031
1577457000,1.29,1.3,1.21,1.22,907090
1577716200,1.22,1.23,1.11,1.14,1048286
1577802600,1.14,1.15,1.11,1.12,623785
1577975400,1.14,1.23,1.13,1.22,915741
1578061800,1.22,1.22,1.14,1.18,467212
1578321000,1.23,1.3,1.2,1.3,995927
1578407400,1.39,1.5,1.33,1.49,3375066
1578493800,1.54,1.54,1.29,1.37,1794347
1578580200,1.37,1.41,1.29,1.33,794962
1578666600,1.33,1.45,1.29,1.41,1362761
1578925800,1.45,1.45,1.31,1.36,637439
1579012200,1.44,1.51,1.4075,1.42,1702689
1579098600,1.5,1.5,1.39,1.4,1247314
1579185000,1.4,1.45,1.36,1.43,671669
1579271400,1.45,1.49,1.43,1.46,1102441
1579617000,1.49,1.49,1.33,1.4,1020523
1579703400,1.43,1.43,1.31,1.34,865238
1579789800,1.33,1.3335,1.25,1.26,737469
1579876200,1.3,1.32,1.25,1.26,467955
1580135400,1.26,1.28,1.2,1.24,891264
1580221800,1.28,1.32,1.2647,1.31,679806
1580308200,1.33,1.35,1.28,1.31,634134
1580394600,1.58,1.63,1.3401,1.43,7720558
1580481000,1.45,1.45,1.35,1.35,1399985
1580740200,1.36,1.42,1.33,1.36,916038
1580826600,1.36,1.3899,1.32,1.38,862633
1580913000,1.4,1.51,1.4,1.48,2968940
1580999400,1.53,1.55,1.42,1.43,1962096
1581085800,1.46,1.46,1.39,1.43,1198719
1581345000,1.48,1.51,1.39,1.48,1425991
1581431400,1.5,1.76,1.49,1.68,7345828
1581517800,1.79,1.86,1.58,1.6,6460020
1581604200,1.6,1.63,1.51,1.61,1839526
1581690600,1.61,1.67,1.56,1.64,1579070
1582036200,1.55,1.56,1.4,1.5,2374242
1582122600,1.55,1.55,1.42,1.5,1148813
1582209000,1.42,1.455,1.37,1.42,1890043
1582295400,1.43,1.44,1.37,1.41,913986
1582554600,1.3,1.37,1.29,1.33,1274225
1582641000,1.35,1.35,1.23,1.26,1376311
1582727400,1.24,1.25,1.18,1.245,1422282
1582813800,1.2,1.28,1.1288,1.23,1555859
1582900200,1.15,1.19,1.12,1.14,1237304
1583159400,1.16,1.21,1.13,1.18,810554
1583245800,1.18,1.19,1.12,1.14,751531
1583332200,1.16,1.17,1.13,1.165,530707
1583418600,1.25,1.33,1.22,1.28,2785083
1583505000,1.29,1.34,1.16,1.27,1437695
1583760600,1.08,1.12,1.02,1.08,1378524
1583847000,1.13,1.14,1.04,1.07,776337
1583933400,1.04,1.08,0.99,1.01,1066581
1584019800,0.75,0.777,0.53,0.728,1826660
1584106200,0.78,0.8,0.65,0.72,1138317
1584365400,0.61,0.7,0.6,0.6582,936751
1584451800,0.7,0.8,0.6305,0.7476,674725
1584538200,0.74,0.74,0.511,0.65,1455020
1584624600,0.7,0.73,0.65,0.7033,840142
1584711000,0.7564,0.76,0.69,0.7048,592919
1584970200,0.714,0.73,0.63,0.6693,565598
1585056600,0.735,0.83,0.735,0.7977,1173796
1585143000,0.75,0.84,0.735,0.7732,719154
1585229400,0.82,0.93,0.76,0.8163,1238020
1585315800,0.8,0.83,0.78,0.7887,364561
1585575000,0.807,0.8504,0.78,0.7915,506868
1585661400,0.8295,0.86,0.79,0.833,354546
1585747800,0.83,0.8459,0.76,0.7728,524567
1585834200,0.798,0.8817,0.76,0.78,995841
1585920600,0.91,0.9496,0.85,0.9,1287883
1586179800,0.95,1.12,0.92,1.095,2570782
1586266200,1.19,1.19,0.99,1.02,1410397
1586352600,1.06,1.09,1,1.07,673594
1586439000,1.08,1.09,0.98,1.03,759766
1586784600,1.01,1.02,0.93,1.01,656508
1586871000,0.9839,1.04,0.9839,1.01,1078038
1586957400,1.05,1.25,1.02,1.13,2518921
1587043800,1.2,1.21,1.13,1.17,1027845
1587130200,1.2,1.2,1.11,1.14,719976
1587389400,1.1,1.18,1.1,1.1,1170190
1587475800,1.08,1.0838,0.9843,1.02,1030186
1587562200,1.05,1.08,1.02,1.07,503455
1587648600,1.07,1.2,1.07,1.15,4276491
1587735000,1.17,1.29,1.1,1.25,4469974
1587994200,1.27,1.3,1.15,1.24,2484916
1588080600,1.24,1.25,1.15,1.16,1071797
1588167000,1.26,1.38,1.17,1.21,7766444
1588253400,1.23,1.24,1.15,1.21,1669721
1588339800,1.18,1.2,1.07,1.07,2123001
1588599000,1.1,1.13,1.03,1.12,1039349
1588685400,1.15,1.18,1.1,1.15,2111424
1588771800,1.21,1.28,1.17,1.27,4860809
1588858200,1.35,1.59,1.27,1.54,10412259
1588944600,1.75,2.13,1.56,1.85,20202629
1589203800,1.8,1.87,1.5,1.59,9081928
1589290200,1.61,1.74,1.52,1.6,4215736
1589376600,1.64,1.91,1.6,1.89,8303685
1589463000,2.1,2.58,1.92,2.28,21548359
1589549400,2.27,2.34,2.01,2.08,6998739
1589808600,2.18,2.31,2.06,2.19,5543800
1589895000,2.2,2.415,2.15,2.23,5389200
1589981400,2.45,2.75,2.37,2.53,12852487
1590067800,2.43,2.52,2.15,2.33,6331443
1590154200,2.37,2.38,2.2,2.24,3030148
1590499800,2.17,2.17,1.93,1.95,5653859
1590586200,2.13,2.21,1.99,2.12,4581867
1590672600,2.22,2.35,2.18,2.21,5010302
1590759000,2.2,2.2096,2.06,2.14,2461524
1591018200,2.14,2.32,2.14,2.27,4076797
1591104600,2.62,2.98,2.34,2.51,16277987
1591191000,2.6,2.65,2.32,2.41,5059256
1591277400,2.54,2.74,2.41,2.63,6913273
1591363800,2.57,2.68,2.42,2.6,4229454
1591623000,2.58,2.66,2.48,2.57,3545787
1591709400,2.55,2.65,2.43,2.62,3664971
1591795800,2.68,3.31,2.57,3.1,18090858
1591882200,2.68,2.8189,2.16,2.18,11006049
1591968600,2.45,2.4621,2.14,2.29,4853927
1592227800,2.1,2.375,2.05,2.31,4674170
1592314200,2.46,2.48,2.28,2.35,2648518
1592400600,2.35,2.35,2.21,2.27,1699367
1592487000,2.27,2.28,2.19,2.19,1934332
1592573400,2.25,2.32,2.11,2.11,3510969
1592832600,2.23,2.7,2.14,2.51,10076132
1592919000,2.5679,2.84,2.41,2.6,7705064
1593005400,2.5,2.52,2.24,2.37,5062642
1593091800,2.22,2.38,2.22,2.33,1906310
1593178200,2.28,2.3,2.15,2.2,2817925
1593437400,2.163,2.18,2.04,2.14,2960986
1593523800,2.1,2.36,2.08,2.22,3369017
1593610200,2.21,2.41,2.21,2.34,3538328
1593696600,2.38,2.385,2.19,2.29,3108697
1594042200,2.35,2.49,2.31,2.38,4540752
1594128600,2.38,2.3854,2.23,2.29,2244038
1594215000,2.33,2.58,2.3082,2.54,9039503
1594301400,2.59,2.6,2.26,2.34,5068611
1594387800,2.3,2.39,2.25,2.33,1765923
1594647000,2.34,2.3763,2.16,2.18,3641190
1594733400,2.15,2.25,2.09,2.25,1919500
1594819800,2.27,2.28,2.18,2.26,1526587
1594906200,2.2,2.23,2.16,2.22,1761641
1594992600,2.25,2.26,2.18,2.23,1595126
1595251800,2.2201,2.27,2.15,2.26,2079884
1595338200,2.35,2.37,2.25,2.3,3807897
1595424600,2.3,2.37,2.24,2.34,5382463
1595511000,2.4,2.45,2.23,2.29,7573474
1595597400,2.25,2.285,2.06,2.22,8569246
1595856600,2.62,3.08,2.47,2.64,52558851
1595943000,2.87,3.2,2.66,2.77,43346245
1596029400,2.88,2.91,2.7,2.75,15147366
1596115800,2.561,2.66,2.36,2.55,10283736
1596202200,2.6,2.8,2.43,2.64,14558793
1596461400,2.9,4,2.75,3.5,58695574
1596547800,3.2,3.67,3.03,3.4,14269767
1596634200,4.07,4.45,3.83,4.01,39855531
1596720600,4.37,4.58,4.02,4.25,27230977
1596807000,4.12,4.15,3.51,3.77,14748738
1597066200,4.255,4.28,4,4.13,12385979
1597152600,3.78,4.04,3.54,3.62,10213611
1597239000,3.75,3.83,3.5,3.54,5697509
1597325400,3.42,3.75,3.05,3.61,11009383
1597411800,3.67,3.84,3.39,3.78,10691465
1597671000,3.95,4.41,3.77,4.15,21029452
1597757400,4,4.2,3.91,4.04,9456021
1597843800,3.87,4.06,3.63,3.69,8062903
1597930200,3.73,4.05,3.71,3.99,7506701
1598016600,3.82,3.94,3.67,3.725,5926118
1598275800,3.78,3.79,3.52,3.63,4019428
1598362200,3.41,3.6,3.18,3.58,7397563
1598448600,3.4,3.56,3.35,3.41,3852013
1598535000,3.46,3.5,3.15,3.27,4789737
1598621400,3.23,3.65,3.21,3.59,8666355
1598880600,3.66,3.7,3.35,3.5,4588168
1598967000,3.52,3.88,3.42,3.75,8504924
1599053400,3.51,3.52,3.3,3.43,5030501
1599139800,3.1,3.29,3.06,3.16,5900052
1599226200,3.08,3.2,2.54,3.11,8056210
1599571800,2.84,3.02,2.63,2.82,4434856
1599658200,2.88,3.09,2.88,2.95,3976614
1599744600,3.01,3.2,2.78,2.81,4480874
1599831000,2.87,2.9699,2.75,2.91,2951042
1600090200,3.0683,3.12,2.8737,3.02,4284448
1600176600,3.11,3.13,2.95,3,2856058
1600263000,3.02,3.28,2.96,3.05,6396200
1600349400,2.92,3.06,2.9,3,2852433
1600435800,3.03,3.06,2.88,3.05,3944331
1600695000,2.85,3.03,2.75,2.93,3625482
1600781400,2.95,2.96,2.835,2.93,2511286
1600867800,2.9,2.92,2.6,2.6,4315443
1600954200,2.55,2.77,2.35,2.69,4218775
1601040600,2.66,2.78,2.6,2.68,3685847
1601299800,2.79,2.81,2.66,2.74,3243351
1601386200,2.7,2.78,2.66,2.76,2004134
1601472600,2.73,2.7567,2.63,2.7,1901494
1601559000,2.71,2.74,2.62,2.65,1740133
1601645400,2.53,2.61,2.5,2.6,2138329
1601904600,2.63,2.68,2.57,2.66,2047474
1601991000,2.66,2.67,2.53,2.57,2444310
1602077400,2.57,2.66,2.5473,2.66,2148065
1602163800,2.77,3.0899,2.72,2.93,9775065
1602250200,3.15,3.15,2.96,3.095,6530972
1602509400,3.22,3.65,3.16,3.5,12692082
1602595800,3.4671,3.47,3.22,3.37,5209333
1602682200,3.33,3.49,3.21,3.28,4023857
1602768600,3.1758,3.47,3.0757,3.4,3611694
1602855000,3.37,3.37,3.11,3.11,4218158
1603114200,3.32,3.55,3.25,3.3,8909431
1603200600,3.45,3.77,3.41,3.54,13717644
1603287000,3.93,4.14,3.76,3.98,18072943
1603373400,4.18,4.26,3.83,4.055,15856066
1603459800,3.97,4.01,3.68,3.91,7305408
1603719000,3.98,4.03,3.61,3.85,6772341
1603805400,4.03,4.16,3.86,4.02,10807136
1603891800,3.71,3.83,3.36,3.5,8592439
1603978200,3.5,3.73,3.44,3.55,4609848
1604064600,3.4804,3.54,3.18,3.27,6940118
1604327400,3.26,3.39,3.14,3.29,3253474
1604413800,3.35,3.59,3.2982,3.5,5559642
1604500200,3.59,3.73,3.38,3.55,7842078
1604586600,3.83,3.98,3.66,3.75,11977217
1604673000,3.82,3.82,3.61,3.65,5328905
1604932200,3.51,3.62,3.33,3.5,5480289
1605018600,3.4467,3.48,3.2,3.45,3934332
1605105000,3.5014,3.76,3.415,3.6,7266692
1605191400,3.7654,3.81,3.54,3.7,5261240
1605277800,3.77,4.12,3.595,3.98,11358498
1605537000,4.02,4.1696,3.81,4.1,11278290
1605623400,4.2362,6.29,4.07,6.085,82187030
1605709800,6.39,6.44,5.05,5.25,48455913
1605796200,5.46,6,5.41,6,22024619
1605882600,6.17,6.56,5.83,5.995,34199632
1606141800,6.32,7.38,6.19,7.23,39777788
1606228200,7.59,7.6,6.46,6.81,28281000
1606314600,7.09,7.58,6.84,7.08,17377814
1606487400,6.15,6.61,6.01,6.25,13230052
1606746600,7.09,8.48,6.9,8.45,46491826
1606833000,8.17,9.09,7.81,8.81,28960201
1606919400,8.42,8.54,7.8,8.51,14162436
1607005800,8.81,10.14,8.5,9.66,29297458
1607092200,9.4035,10.59,9.11,10,32322242
1607351400,9.54,11.29,9.5,10.63,27428874
1607437800,10.7,10.92,9.3828,9.87,17488534
1607524200,9.82,10.0901,8.36,8.85,16849796
1607610600,8.47,9.59,8.46,9.34,12211540
1607697000,9,9.27,8.44,8.66,10823796
1607956200,9.26,9.89,8.9,9.14,17807828
1608042600,9.25,10.2999,9.1,10.18,24809366
1608129000,11.25,11.66,10.53,10.76,51278725
1608215400,11.645,11.85,10.28,10.395,47489452
1608301800,9.95,10.59,9.65,10.05,27783373
1608561000,9.89,11.32,9.75,11.04,24335608
1608647400,11.92,15.7,11.63,14.645,70429672
1608733800,14.96,15.01,13.31,13.91,32496227
1608820200,14.07,14.96,12.8,13.12,15979962
1609165800,15.45,17.43,14.71,15.65,44305757
1609252200,15.5,16.45,14.19,15.79,23106636
1609338600,16.99,18.16,16.43,17.26,42958133
1609425000,17.48,18.6689,16.42,16.99,39818149
1609770600,18.8,19.23,15.85,16.48,32293631
1609857000,15.75,18.65,15.35,18.41,28099781
1609943400,18.89,20.68,18.12,19.28,40860397
1610029800,20.84,24.7,19.8701,22.72,59358046
1610116200,24.77,27.39,23.59,26.59,57499659
1610375400,21,24,20.26,22.64,55243826
1610461800,23.28,24.91,22.0822,24.21,29022135
1610548200,23.65,25.0794,22.52,23.88,24905723
1610634600,25.9,29.28,25.56,28.9,37560983
1610721000,27,27.15,24.51,25.78,28732179
1611066600,26.7,27.1954,24.75,25.2,20272303
1611153000,24.28,24.28,20.7,22.28,26544457
1611239400,19.37,20.47,17.9,19.35,38293038
1611325800,20.3,22.5,20.28,20.97,30545084
1611585000,22.01,22.25,19.16,19.67,19271997
1611671400,18.98,20.3,18.37,19.32,14084378
1611757800,17.79,18.93,16.75,17.93,13308793
1611844200,18.39,22.41,17.75,19.93,26695000
1611930600,24.5,24.7351,19.66,20.52,26696141
1612189800,20.17,20.48,18.69,19.98,13088886
1612276200,20.56,22.18,19.62,21.49,15361844
1612362600,22.14,23.64,21.72,22.85,18199935
1612449000,23.47,23.5,21.42,23.08,12936738
1612535400,23.58,24.3875,22.93,23.38,12295599
1612794600,27.3,32.9,25.9,32.79,52243976
1612881000,35.56,41.88,33.23,39.86,53085087
1612967400,37.04,39.74,32.25,36.56,27942702
1613053800,42.3549,46.64,40.8301,43.09,39870511
1613140200,46.14,52.73,43.66,49.28,48423862
1613485800,55.045,61.2685,54.35,59.5,43863927
1613572200,67.84,79.5,61.7003,77.9,72578483
1613658600,72.76,78.75,58.77,62.03,86796144
1613745000,68.8,77.82,67.42,71.33,75047074
1614004200,61,69.45,59.7,64.76,52489462
1614090600,53.7,56.89,45.02,48.8,52317027
1614177000,53.41,56.46,50.86,52.27,33336870
1614263400,54.33,55.89,45.22,45.67,23574607
1614349800,41.99,47.75,40.55,43.74,23843623
1614609000,49.04,53.81,46.58,53.6,26614507
1614695400,57,57.02,48.5,49.1,23546275
1614781800,55.14,55.2803,48.6,49.57,21775369
1614868200,47.4,49,41.33,44.29,20168780
1614954600,44.99,45.25,34.25,40.3,27668287
1615213800,42.2,43.65,37.62,38.98,17403015
1615300200,43.95,54,43.72,52.16,36308273
1615386600,57.5,59.33,52.8,56.5,35830635
1615473000,57.96,63.6946,56.72,63.31,29031948
1615559400,58.1,65.75,57.7,62.81,26820458
1615815000,62.78,67.66,62.7107,63.43,22488730
1615901400,62,62.17,55.7,56.98,18223096
1615987800,54.8,65.159,53.4,64.74,26146185
1616074200,63,67.85,59.15,60.19,28855875
1616160600,61.03,63.7,59.5,60.65,18072841
1616419800,59.95,60.69,55.17,56.01,17993728
1616506200,54.91,57.44,50.01,50.12,18373722
1616592600,54.36,55.71,45,45.71,20265119
1616679000,39.38,49.29,39.13,48.17,26951365
1616765400,49.41,49.8,45.85,48.22,15141589
1617024600,51.51,52.75,47.3,47.89,17849768
1617111000,48.83,52.1894,47.42,51.51,18358729
1617197400,50.73,54.58,49.41,53.27,21061700
1617283800,54.75,56.8235,51.12,52.03,15058042
1617629400,52.1074,57.85,50.39,56.9,18908717
1617715800,56,56.3599,52.3063,54.1,15194780
1617802200,50.522,53.025,47.7,48.37,16833137
1617888600,50.52,51.8899,49.35,49.55,13416224
1617975000,50.48,51.6,47.76,49.63,13678588
1618234200,52.5,55.7869,50.62,51.53,23779382
1618320600,56.44,59.96,52.86,59.26,42774268
1618407000,60.7965,61.55,49.3,50.16,52949234
1618493400,50.87,52.42,43.29,48.11,39017146
1618579800,45.01,47.56,42.8,44.64,24637468
1618839000,40.35,43.31,38.71,40.9,28356426
1618925400,40.54,41.1,35.71,38.56,29240874
1619011800,36.99,42.07,36.06,41.31,26801740
1619098200,40.58,42.2099,36.37,36.49,27895063
1619184600,34.09,38.91,33.37,38.48,25879715
1619443800,41.272,42.1612,39.55,40.89,19234298
1619530200,41.65,41.83,39.8207,40.52,13779305
1619616600,40.18,44.155,39.41,43.93,15088656
1619703000,41.95,42.73,39.42,40.33,12765252
1619789400,40.81,43.38,40.45,41.83,15422816
1620048600,42.8804,44.1,39.32,39.99,14120731
1620135000,38.6035,39,35.1,37.57,15015603
1620221400,38.16,39.11,36,36.62,12083465
1620307800,36.39,36.6494,32,33.45,14595140
1620394200,33.8,35.52,32.62,33.39,11020937
1620653400,33.33,33.4,29.88,29.95,15802824
1620739800,25.99,30.8,25.65,29.87,19802843
1620826200,28.2535,29.6,26.08,26.52,15277545
1620912600,24.91,26.95,20.6801,22.23,36110500
1620999000,24.05,26.8,23.63,26.02,22633661
1621258200,23.4,24.52,22.52,24.31,19807479
1621344600,23.2,26.8,23.12,25.56,24456870
1621431000,21.95,24.38,21.61,24.14,41600081
1621517400,26.07,26.5784,23.1263,24.18,24949518
1621603800,24.45,25.46,22.46,22.84,24553768
1621863000,23.45,26.3,22.77,25.95,22951135
1621949400,24.98,25.86,24.35,25.14,16489512
1622035800,26.68,28.63,26.03,27.64,28262442
1622122200,28.85,29.6,27.28,28.5,23524236
1622208600,27.4008,28.72,26.73,27.13,13679839
1622554200,27.1,29.87,27.06,29.23,14647716
1622640600,30.28,31.0599,29.1,30.03,14458576
1622727000,30.4769,30.52,28.01,28.28,11061756
1622813400,27.96,29.18,27.6,29.15,9402455
1623072600,29.2269,29.49,27.9,28.82,8729932
1623159000,27.38,28.43,25.2901,28.06,13799469
1623245400,28.63,33.09,28.3501,31.41,21515693
1623331800,31.77,32.69,30.41,31.64,14163461
1623418200,31.1981,31.87,30.14,31.03,8444021
1623677400,34.01,38.08,33.38,35.4,25488972
1623763800,36.06,36.67,33.81,35.06,12984931
1623850200,33.9219,35.12,33.21,34.2,10166404
1623936600,34,35.92,33.75,34.3,10132185
1624023000,33.6594,34.2795,31.68,32.18,10785841
1624282200,30.38,32.0499,30.005,31.57,11017931
1624368600,29.38,32.5,28.4,32.23,17705220
1624455000,33.95,34.62,32.32,32.48,10016822
1624541400,33.11,34.1499,32.85,34.02,9375429
1624627800,33,33.61,32.38,32.97,18800891
1624887000,34.11,36.585,33.41,36.18,11326684
1624973400,38,40.34,37.1255,37.81,14903749
1625059800,36.63,38.22,35.76,37.67,8321170
1625146200,37.23,37.65,35.8,36.21,6563290
1625232600,36.5,37.08,35.91,36.23,4642458
1625578200,36.98,37.2799,34.53,35.43,6065851
1625664600,35.76,36.95,34.96,35.44,5920294
1625751000,33.54,34.24,32.38,33.72,5669550
1625837400,33.98,34.49,32.6524,32.83,5794639
1626096600,33.01,33.11,30.84,31.4,5351139
1626183000,31.4,31.5,30.0201,30.06,4132921
1626269400,30.6337,30.73,28.51,28.59,5016881
1626355800,27.8488,29.36,27.36,28.22,4710476
1626442200,28.4,28.75,27.16,27.28,4685489
1626701400,25.99,26.87,25.57,25.96,6156008
1626787800,25.37,26.32,23.93,25.85,6995492
1626874200,27.8,29.91,27.61,29.16,11923056
1626960600,29.17,29.44,27.72,28.87,7155457
1627047000,28.8765,29.75,27.05,28.1,7639671
1627306200,32.5,34.72,31.7,34,23666944
1627392600,32.64,33.65,30.4701,31.64,8746227
1627479000,33.1,33.89,32.02,32.96,8729122
1627565400,32.94,34.02,31.88,31.9,7116203
1627651800,31.66,33.1,31.35,32.95,5497252
1627911000,32.92,35.39,32.43,33.45,11575916
1627997400,32.79,33.0999,30.79,31.48,8041859
1628083800,32,33.8,31.75,32.71,9251090
1628170200,31.8,34.28,30.85,33.59,10273799
1628256600,33.6203,35.76,32.81,34.97,11749484
1628515800,37.085,39.95,36.52,37.83,24700587
1628602200,38.17,39.0405,36.59,38.49,12301884
1628688600,39.4265,40.8,37.2,37.76,14019121
1628775000,35.89,37.6701,34.7,36.83,7284606
1628861400,38.09,38.82,35.65,35.81,9797004
1629120600,36.17,36.97,34.6093,35.83,7527709
1629207000,35.395,35.8,32.41,32.76,7874576
1629293400,32.48,33.84,31.79,31.89,7315810
1629379800,31.26,32.73,30.8601,32.08,9289840
1629466200,32.71,35.28,32.6354,34.33,11635876
1629725400,36.68,37.3,35.04,35.73,11981386
1629811800,36.066,37.63,34.85,37.63,11224145
1629898200,36.85,38.74,36.65,37.72,12404569
1629984600,37.195,38.06,35.822,36.28,6640416
1630071000,36.5371,39.35,36.35,38.57,12115326
1630330200,37.8,38.4456,36.7004,37.7,7975601
1630416600,37.4888,37.99,36.54,37.32,7035316
1630503000,37.44,38.7095,36.28,36.5,15357400
1630589400,37.82,38.29,35.91,35.96,16685281
1630675800,36.52,37.32,34.1846,34.43,17027652
1631021400,34.1721,34.7,30.91,32.11,17896415
1631107800,32.08,32.32,30.26,30.385,8526842
1631194200,31.12,31.97,30.8,31.35,8909250
1631280600,31.25,31.72,29.46,29.62,9129976
1631539800,29.3,30.52,28.8801,29.3,10625164
1631626200,30.06,30.33,28.69,28.84,7461811
1631712600,29.72,30.52,29.04,30.33,9600062
1631799000,30.1,30.36,29.08,29.37,7185741
1631885400,29.294,29.7399,28.8,29.3,6795645
1632144600,27.25,28.39,26.8712,27.53,10260879
1632231000,27.7998,27.874,26.94,27.36,6340357
1632317400,27.482,29.0682,27.11,28.73,6236981
1632403800,28.87,29.5,28.44,29.39,6239127
1632490200,27.656,28.54,27.17,27.93,7881464
1632749400,27.84,28.45,27.18,27.77,6440927
1632835800,27.4,27.78,25.68,25.78,6684965
1632922200,26.06,26.2023,24.82,24.87,5357891
1633008600,25.46,26.33,25.3,25.7,6539362
1633095000,27.2,27.31,25.74,26.1,9501517
1633354200,25.9426,25.97,24.35,25.25,8385437
1633440600,25.5,26.56,25.17,26.34,10643894
1633527000,27.33,28.09,26.34,26.61,16411890
1633613400,26.3,26.66,25.58,26.12,9209320
1633699800,26.48,26.74,25.68,25.83,8259192
1633959000,26.2096,28.9,26.06,27.63,16105928
1634045400,27.43,27.55,25.15,25.51,12790221
1634131800,25.45,26.3,24.63,25.64,10188028
1634218200,26,26.39,25.42,26.12,9822130
1634304600,27.48,28.58,26.68,27.85,28983593
1634563800,27.815,30.98,27.72,29.8,22704089
1634650200,30.5965,31.8,29.06,30.83,26639533
1634736600,30.95,32.83,30.4001,31.44,21216221
1634823000,31.29,32.05,29.1,29.44,15225627
1634909400,29.03,29.43,27.57,28.28,10903382
1635168600,29.12,30.4244,28.86,29.59,11337084
1635255000,29.45,29.52,28.1802,28.44,8672561
1635341400,27.46,27.79,26.45,26.59,9726386
1635427800,27.52,28.01,26.32,27.54,8482614
1635514200,27.42,28.2041,26.81,27.22,9420697
1635773400,27.315,28.76,27.01,28.09,10537251
1635859800,28.914,31.98,28.6701,31.9,22518561
1635946200,31.07,32.98,29.79,32.76,16720157
1636032600,32.7,34.2,31.95,32.72,15392391
1636119000,33.05,33.3,31.21,31.49,8936258
1636381800,33.955,37.75,33.77,36.69,27320274
1636468200,41.1,42.8399,37.08,39.86,29118924
1636554600,41.13,41.76,35.8008,36.49,28296275
1636641000,37.4907,39.8,37.16,39.53,13000428
1636727400,39.6898,44.29,37.78,44.19,23594832
1636986600,45.94,46.28,41.08,42.09,28541571
1637073000,36.4,39.33,35.15,36.9,27773846
1637159400,37.6,38.3251,34.87,35.28,15912633
1637245800,34.445,35.17,31.42,33.63,18520104
1637332200,34.0426,36.8,33.8574,36.18,14420703
1637591400,36.54,37.02,32.55,33.45,16233154
1637677800,33.81,36.17,33.36,36.13,13270018
1637764200,34.41,37.1444,33.62,37,11818413
1637937000,34.8,36.4,34.35,34.92,8234573
1638196200,36.33,38.06,33.6669,37.37,16308268
1638282600,37.86,40.08,35.5077,37.37,22146598
1638369000,38.61,40.95,35.18,35.6,22588644
1638455400,34.98,36.5713,31.61,32.97,19444894
1638541800,33.55,34.1,27.8,28.64,24201299
1638801000,26.47,29.37,25,28.14,20225286
1638887400,29.8984,30.67,29.02,29.68,13153629
1638973800,29.59,30.25,28.72,29.34,10704205
1639060200,28.692,28.8,26.4,26.5,13750854
1639146600,27.205,27.53,25.35,26,10045606
1639405800,25.56,25.59,23.95,24.37,11565876
1639492200,23.8,25.4774,23.6,24.93,9702208
1639578600,24.68,26.5115,23.04,25.87,14907583
1639665000,25.82,26.28,23.3118,23.88,11068191
1639751400,23.36,24.0487,21.82,23.24,13789354
1640010600,22.36,23.06,21.71,22.52,10172344
1640097000,23.45,24.3,23.02,24.05,8805353
1640183400,23.76,24.85,23.32,23.62,7726193
1640269800,23.5747,26.18,22.9576,25.67,13639456
1640615400,25.89,26.79,25.42,25.85,9713741
1640701800,24.76,24.94,23.26,23.65,9570869
1640788200,23.13,23.89,22.55,23,7342333
1640874600,22.82,24.3799,22.62,23.5,8721634
1640961000,23.53,23.95,22.31,22.33,8680598
1641220200,22.45,23.1399,21.9032,22.74,7246310
1641306600,23.3,24.625,23.02,24.38,11870017
1641393000,23.77,24.2,21.19,21.44,13214468
1641479400,21.165,21.61,19.595,20.48,11418292
1641565800,19.985,21.0564,19.45,20.36,11922033
1641825000,19.31,20.465,18.75,20.09,9888276
1641911400,19.91,21.35,19.595,20.86,9509864
1641997800,21.7155,22.1,20.7,21.13,9560988
1642084200,21.745,21.98,20.03,20.15,8280916
1642170600,19.86,20.84,19.72,20.68,6676436
1642516200,19.675,20.1899,18.61,18.7,8612805
1642602600,19.01,19.295,17.4,17.49,8711989
1642689000,18.01,19.14,17.43,17.47,8606305
1642775400,16.3,16.96,14.9,14.995,17283662
1643034600,13.48,15.1688,12.9,15.13,23238086
1643121000,14.4794,15.2,14.04,14.64,10972479
1643207400,15.8562,16.1,14.07,14.33,15108581
1643293800,14.4,14.57,13.21,13.45,11443848
1643380200,13.65,14.785,13.12,14.7,11342344
1643639400,14.905,16.17,14.65,15.94,10073371
1643725800,16.56,16.99,15.67,16.69,9899994
1643812200,16.4441,16.73,15.065,15.57,8767237
1643898600,14.84,15.66,14.64,14.79,8051605
1643985000,15.11,16.89,14.71,16.57,15549191
1644244200,17.71,18.535,17.31,17.7,17911446
1644330600,17.5232,18.41,17.2,18.29,10474535
1644417000,18.63,19.67,18.19,19.65,10223471
1644503400,18.93,20.83,18.89,19.27,14023045
1644589800,19.3,20.08,18.09,18.37,10814832
1644849000,18.36,19.09,17.67,17.92,7381645
1644935400,19.06,19.85,18.85,19.73,10252307
1645021800,19.1336,19.86,18.9601,19.59,6371108
1645108200,19,19.34,17.6,17.76,7025316
1645194600,17.68,17.84,16.7301,16.97,6579072
1645540200,16.114,16.9958,15.71,15.95,7301481
1645626600,16.58,16.7895,15.02,15.07,7533069
1645713000,13.69,16.39,13.63,16.25,12252552
1645799400,16.41,16.7,15.585,16.22,7577634
1646058600,16.13,17.8,16.06,17.23,13831649
1646145000,18.19,18.22,16.74,17.5,13192359
1646231400,17.39,17.84,16.77,17.73,7997412
1646317800,17.59,17.89,15.8428,15.97,7159144
1646404200,15.73,16.29,14.72,14.92,6593257
1646663400,15.05,15.725,14.66,14.95,8568976
1646749800,14.8,15.7386,14.42,15.1,6857951
1646836200,16.08,17.18,16.038,16.84,10942783
1646922600,16.13,16.74,15.83,16.51,6341083
1647009000,16.6,16.72,15.0901,15.14,5723877
1647264600,15,15.24,14.02,14.16,6032826
1647351000,14.2,14.97,13.57,14.91,4296367
1647437400,15.2,16.42,15.11,16.39,8028697
1647523800,16.12,18.49,16.03,18.43,10398053
1647610200,18.09,19.8,17.88,19.53,13580166
1647869400,19.575,20.41,19.02,19.62,8611872
1647955800,20.46,21.4,20.21,20.75,9264403
1648042200,20.52,21.46,19.9448,20.84,7400920
1648128600,21.18,21.6,20.23,21.54,7709309
1648215000,22,22.27,20.32,20.76,7261442
1648474200,22.145,23.66,21.9,22.86,14306659
1648560600,23.08,23.108,21.58,23,8443921
1648647000,22.53,22.98,21.75,22.04,5626485
1648733400,22.15,22.87,21.12,21.17,6034413
1648819800,20.6,21.38,20.31,20.73,8035128
1649079000,20.73,21.0434,20.37,20.69,6440142
1649165400,20.75,21.01,19.16,19.23,6467137
1649251800,18.54,18.675,17.38,17.66,9199587
1649338200,17.56,17.98,16.7703,17.42,6392814
1649424600,17.13,17.51,16.62,16.68,6101409
1649683800,16.1,16.45,15.47,15.91,5646748
1649770200,16.3,16.94,15.37,15.47,6857767
1649856600,15.45,16.1,15.31,16.01,6376602
1649943000,15.96,16.07,14.96,14.97,6280376
1650288600,14.75,15.06,14.265,14.79,6212918
1650375000,14.82,15.21,14.23,14.88,7729844
1650461400,14.93,15.11,13.845,13.95,8423935
1650547800,14.46,14.7264,12.76,12.8,10523803
1650634200,12.655,13.1,11.82,11.85,9682625
1650893400,11.515,12.12,11.42,12.04,9640841
1650979800,11.97,12.04,10.965,11.08,8596319
1651066200,10.825,11.7,10.7803,10.98,8272897
1651152600,11.1,11.37,10.35,10.94,10367358
1651239000,10.82,11.4606,10.11,10.14,7931939
1651498200,10.09,10.98,9.75,10.97,10925540
1651584600,10.86,11.3884,10.72,10.84,6528446
1651671000,10.9,11.64,10.2415,11.57,11556832
1651757400,11.34,11.37,9.91,10.19,9394801
1651843800,9.99,10.09,9.3,9.49,8815447
1652103000,8.87,9,7.53,7.67,14021239
1652189400,8.25,8.5,7.2301,7.53,12194483
1652275800,7.08,7.98,6.75,6.84,17503525
1652362200,6.5,7.45,6.25,7.31,19021041
1652448600,7.95,8.43,7.72,7.97,17060852
1652707800,7.83,7.93,7.17,7.19,9857292
1652794200,7.56,7.83,7.33,7.62,9248327
1652880600,7.45,7.57,6.8,6.93,10537363
1652967000,6.99,7.53,6.95,7.13,12357462
1653053400,7.27,7.35,6.4708,6.84,13467606
1653312600,6.96,7.13,6.645,6.86,11586778
1653399000,6.69,6.83,6.07,6.27,9882411
1653485400,6.22,6.56,6.185,6.43,7511958
1653571800,6.14,6.92,5.97,6.73,14240808
1653658200,6.8,7.3,6.7394,7.24,14393103
1654003800,7.77,7.83,7.05,7.19,20431801
1654090200,7.2,7.25,6.48,6.52,15500365
1654176600,6.49,7.06,6.43,6.87,14267370
1654263000,6.56,6.62,6.11,6.21,15232419
1654522200,6.5,6.6,6.25,6.37,12234097
1654608600,6.15,6.23,5.82,6.17,17003704
1654695000,6.08,6.425,5.92,5.97,11169233
1654781400,5.89,5.9,5.44,5.47,13909314
1654867800,5.25,5.48,5.13,5.17,13146491
1655127000,4.37,4.8598,4.36,4.65,16599912
1655213400,4.705,5.015,4.44,4.89,10692243
1655299800,4.82,5,4.59,4.86,20448208
1655386200,4.69,4.73,4.37,4.53,9652686
1655472600,4.5,4.77,4.47,4.65,9774825
1655818200,4.86,5.54,4.8,5.09,18023473
1655904600,5,5.07,4.55,4.6,14266376
1655991000,4.75,4.97,4.55,4.94,13064942
1656077400,5.01,5.405,4.99,5.19,16972519
1656336600,5.18,5.22,4.67,4.89,11651738
1656423000,5.02,5.11,4.69,4.76,9745617
1656509400,4.67,4.69,4.34,4.5,11364748
1656595800,4.34,4.4,4.12,4.19,10723330
1656682200,4.24,4.38,4.13,4.24,8415215
1657027800,4.13,4.75,4.02,4.73,13182523
1657114200,4.665,4.76,4.465,4.53,8250661
1657200600,4.6,5.29,4.57,5.28,18884710
1657287000,5.12,5.81,4.95,5.46,28861650
1657546200,5.04,5.23,4.8216,4.87,12751555
1657632600,4.82,4.99,4.68,4.84,8420625
1657719000,4.68,5.03,4.52,4.93,10878555
1657805400,4.86,5.33,4.71,5.32,13267931
1657891800,5.47,5.695,5.35,5.57,13391864
1658151000,5.94,6.88,5.92,6.23,39477385
1658237400,6.6,7.05,6.33,6.98,35761603
1658323800,7.24,7.48,6.81,7.02,45561818
1658410200,6.78,7.639,6.7,7.62,27389139
1658496600,7.87,7.93,7.06,7.12,18291857
1658755800,6.84,7.0599,6.57,6.65,13600571
1658842200,6.35,6.5095,6.02,6.21,11404093
1658928600,6.54,7.33,6.2614,7.15,18717922
1659015000,7.17,7.6,6.91,7.4,19580977
1659101400,7.24,7.7427,7.08,7.32,14528861
1659360600,7.13,7.55,6.975,7.33,13572126
1659447000,7.19,8.0962,7.12,7.75,16035884
1659533400,7.97,8.4,7.85,8.12,19769644
1659619800,8.22,8.83,8.06,8.18,20818482
1659706200,8.155,8.67,8.05,8.27,14090282
1659965400,8.77,9.11,8.58,8.71,16462222
1660051800,8.52,8.525,7.7901,8.145,15040985
1660138200,8.75,9.16,8.15,9.11,23195979
1660224600,9.85,10.5188,9.37,9.52,29448963
1660311000,9.56,10.05,9.17,9.93,15406524
1660570200,9.875,10.23,9.57,9.76,17073687
1660656600,9.54,9.79,8.8,9.17,19974041
1660743000,8.949,9,8.21,8.35,16838127
1660829400,8.65,8.65,8.21,8.28,8857407
1660915800,7.58,7.8,7.22,7.25,14486346
1661175000,6.95,7.2165,6.815,7,12456435
1661261400,7.02,7.57,7.02,7.1,11776185
1661347800,7.21,7.59,7.1302,7.29,9891749
1661434200,7.35,7.54,7.12,7.43,8564842
1661520600,7.5,7.555,6.77,6.79,13330822
1661779800,6.62,7.185,6.59,6.97,10890676
1661866200,7.03,7.22,6.605,6.89,10393274
1661952600,6.94,7.27,6.85,7.17,12051690
1662039000,6.96,7.06,6.51,6.85,10871934
1662125400,7,7.06,6.55,6.63,11208572
1662471000,6.66,6.87,6.28,6.4,16663738
1662557400,6.31,6.58,6.15,6.55,11032904
1662643800,6.47,7.49,6.35,7.46,19282907
1662730200,8,8.33,7.8511,8.26,16566366
1662989400,8.51,8.67,8.15,8.47,14061416
1663075800,7.7,8.1591,7.6,7.63,12389814
1663162200,7.62,7.665,7.4,7.56,9128143
1663248600,7.45,7.97,7.311,7.38,10339750
1663335000,7.2,7.2,6.63,6.645,15063876
1663594200,6.45,6.7,6.36,6.52,10978894
1663680600,6.46,6.5,6.18,6.22,8247767
1663767000,6.23,6.81,6.15,6.37,13734218
1663853400,6.37,6.44,6.085,6.34,8953272
1663939800,6.01,6.345,5.9217,6.33,8991803
1664199000,6.42,6.985,6.4,6.7,10034243
1664285400,7.02,7.15,6.5507,6.83,12296070
1664371800,6.72,7.405,6.6808,7.34,10178365
1664458200,7.03,7.13,6.7,7.09,8883342
1664544600,6.96,7.64,6.88,7.01,12754065
1664803800,7.07,7.2681,6.86,7.19,9449373
1664890200,7.54,7.775,7.315,7.59,12475370
1664976600,7.39,7.41,6.98,7.25,9075995
1665063000,7.23,7.5,7.06,7.16,9599128
1665149400,6.98,6.98,6.44,6.565,7812356
1665408600,6.57,6.61,6.2,6.39,5396333
1665495000,6.3,6.45,5.96,6.19,7776126
1665581400,6.17,6.285,5.9721,6.14,8161804
1665667800,5.72,6.43,5.54,6.39,12928054
1665754200,6.49,6.61,5.73,5.76,9923436
1666013400,6.01,6.2493,6.01,6.04,7718500
1666099800,6.3,6.405,5.83,5.87,8974850
1666186200,5.82,5.89,5.61,5.67,8018302
1666272600,5.615,5.93,5.57,5.58,6953332
1666359000,5.52,5.85,5.38,5.83,7585209
1666618200,5.83,6.14,5.58,6.05,9463643
1666704600,6.02,7.05,6.02,7.01,14727349
1666791000,6.85,7.675,6.82,7.06,19524691
1666877400,7.23,7.35,6.825,6.84,11737605
1666963800,6.85,7.0699,6.63,7.05,10109504
1667223000,7.05,7.13,6.7701,6.89,7763994
1667309400,7.11,7.15,6.45,6.45,8151180
1667395800,6.47,6.52,5.85,5.87,13266191
1667482200,5.78,5.985,5.5,5.51,11348048
1667568600,5.845,5.9408,5.49,5.79,16705753
1667831400,5.835,5.87,5.5707,5.75,8103708
1667917800,5.34,5.81,4.96,5.33,27140187
1668004200,4.975,5.19,4.825,4.9,22550941
1668090600,5.24,5.56,5.06,5.42,16682103
1668177000,5.095,5.4,4.94,5.34,18159133
1668436200,5.295,5.42,5.11,5.14,10754367
1668522600,5.33,5.47,5.14,5.22,10610557
1668609000,5.06,5.15,4.64,4.66,13186116
1668695400,4.69,4.7496,4.52,4.63,9252096
1668781800,4.72,4.72,4.41,4.46,9665872
1669041000,4.34,4.43,3.97,3.98,18020061
1669127400,4.155,4.16,3.91,3.99,13866548
1669213800,4.055,4.435,4.01,4.42,17725254
1669386600,4.38,4.47,4.25,4.43,7243764
1669645800,4.242,4.46,4.19,4.25,10639464
1669732200,4.27,4.38,4.2,4.24,5427691
1669818600,4.37,4.67,4.19,4.65,10902525
1669905000,4.68,4.7599,4.46,4.58,7730637
1669991400,4.51,4.975,4.45,4.96,8315252
1670250600,5.01,5.13,4.58,4.66,12616517
1670337000,4.67,4.69,4.27,4.38,8357850
1670423400,4.345,4.39,4.12,4.22,7975642
1670509800,4.2799,4.455,4.15,4.37,8121265
1670596200,4.33,4.38,4.13,4.19,6525131
1670855400,4.17,4.2617,4.07,4.17,6457829
1670941800,4.51,4.64,4.04,4.07,12270480
1671028200,4.17,4.28,4.035,4.15,10348362
1671114600,4.05,4.09,3.875,4.02,9195598
1671201000,3.92,4.01,3.67,3.8,16122077
1671460200,3.74,3.85,3.6,3.82,7043275
1671546600,3.805,4.03,3.72,3.83,7193507
1671633000,3.84,3.91,3.7,3.83,6217839
1671719400,3.77,3.82,3.65,3.78,6059568
1671805800,3.775,3.8,3.64,3.68,4805281
1672151400,3.64,3.66,3.41,3.42,6356141
1672237800,3.38,3.5,3.25,3.29,6616585
1672324200,3.36,3.51,3.2895,3.42,6773817
1672410600,3.33,3.42,3.28,3.39,6592803
1672756200,3.49,3.67,3.3,3.37,7255611
1672842600,3.44,3.95,3.38,3.88,12325343
1672929000,3.86,4.277,3.7,4.22,14097018
1673015400,4.12,4.35,3.96,4.28,10412921
1673274600,4.48,5.23,4.4535,4.89,20809356
1673361000,4.88,5.67,4.7,5.64,22171720
1673447400,5.52,5.8851,5.21,5.37,19031776
1673533800,5.71,6.16,5.265,6.15,27692835
1673620200,5.94,6.495,5.86,6.02,29524836
1673965800,6.58,6.62,5.89,6.41,27444569
1674052200,6.45,6.63,5.64,5.71,23793056
1674138600,5.62,5.885,5.52,5.78,13255754
1674225000,5.85,6.22,5.62,6.2,19912289
1674484200,6.23,6.63,6.03,6.48,23506125
1674570600,6.32,6.62,6.11,6.14,21428806
1674657000,5.85,6.275,5.7,6.23,12212979
1674743400,6.46,6.58,6.06,6.13,11489535
1674829800,6.03,6.39,5.95,6.33,11799338
1675089000,6.27,6.84,5.92,5.94,18810676
1675175400,6.06,6.32,5.95,6.27,14011247
1675261800,6.24,6.95,6.06,6.86,18687942
1675348200,7.22,7.78,7.03,7.49,27398544
1675434600,7.1,7.77,6.8,6.84,18986626
1675693800,6.69,6.8178,6.38,6.68,13765037
1675780200,6.7,6.7,6.18,6.6,18661523
1675866600,6.5,7.0383,6.44,6.52,14973118
1675953000,6.605,6.65,5.63,5.65,17176038
1676039400,5.65,5.74,5.42,5.51,9880240
1676298600,5.32,5.54,5.18,5.47,7623802
1676385000,5.42,6.0092,5.32,5.9,13904921
1676471400,6.04,6.79,5.955,6.66,20418733
1676557800,6.57,7.25,6.35,6.36,22825257
1676644200,6.35,6.7,6.13,6.59,19224685
1676989800,6.475,6.8,6.18,6.22,12728530
1677076200,6.19,6.4495,6,6.35,13407658
1677162600,6.45,6.54,6.14,6.37,11009283
1677249000,6.17,6.22,5.73,5.87,12051533
1677508200,6.04,6.12,5.87,6.01,7351132
1677594600,6.02,6.52,5.93,6.25,12476445
1677681000,6.38,6.4295,6.069,6.14,10997125
1677767400,5.99,6.27,5.77,6.18,10207939
1677853800,5.975,6.48,5.83,6.34,13744620
1678113000,6.37,6.88,6.1699,6.37,13040491
1678199400,6.33,6.53,6.15,6.17,8767706
1678285800,6.17,6.39,6.07,6.3,8662267
1678372200,6.19,6.3,5.51,5.53,12832947
1678458600,5.46,5.63,5.16,5.3,11779982
1678714200,5.51,6.35,5.33,6.25,23685795
1678800600,6.79,7.27,6.57,6.89,30018798
1678887000,6.82,7.08,6.35,6.69,16290979
1678973400,6.75,7.13,6.6193,7.05,13055100
1679059800,7.58,8.46,7.175,8.1,40834385
1679319000,8.63,8.76,8.03,8.55,29574858
1679405400,8.47,9.17,8.37,9.07,25618622
1679491800,9.1,9.39,8.04,8.1,30841542
1679578200,8.315,9.72,8.245,9.47,31925100
1679664600,9.21,9.25,8.35,8.63,26442434
1679923800,8.74,8.745,7.91,8.04,16539879
1680010200,7.92,8.305,7.66,8.11,15540788
1680096600,8.54,9.24,8.46,9.23,23697549
1680183000,9.41,9.54,9.05,9.14,18406927
1680269400,9.25,10.1,9.142,9.99,26859556
1680528600,9.81,9.95,9.24,9.67,17409590
1680615000,9.82,9.93,9.23,9.56,14720264
1680701400,9.64,9.75,9.01,9.15,15953294
1680787800,8.971,9.39,8.7601,9.16,12719058
1681133400,9.17,10.62,8.94,10.58,30153893
1681219800,10.99,12.55,10.8,12.38,55029303
1681306200,12.26,13.15,11.95,12.35,48039073
1681392600,12.69,13.86,12.68,13.5,44153764
1681479000,13.83,13.89,12.75,13.48,30831221
1681738200,12.52,12.98,12.12,12.93,19850161
1681824600,13.67,14.4292,13.25,13.45,26531160
1681911000,12.56,12.905,12.09,12.11,20647194
1681997400,11.73,12.09,10.85,10.9,20535698
1682083800,11.33,11.33,10.5,10.52,18768743
1682343000,10.47,10.805,10.12,10.39,18193808
1682429400,10.33,11.14,10.06,10.71,27025126
1682515800,11.99,12.08,10.87,10.91,40386992
1682602200,11.22,11.92,10.755,11.84,28866991
1682688600,11.66,12.1,11.32,11.96,22159028
1682947800,11.6,11.639,10.37,10.52,19192276
1683034200,10.6499,11.97,10.32,11.78,22935323
1683120600,11.39,11.51,10.66,10.74,27764618
1683207000,10.8,11.1477,10.54,10.84,23478550
1683293400,10.83,11.685,10.71,11.54,28585497
1683552600,10.84,10.86,10.2,10.49,23093889
1683639000,10.67,11.57,10.62,11.44,18784436
1683725400,11.84,12.9,11.68,12.28,31547710
1683811800,11.9442,12.1,10.415,10.71,25762280
1683898200,10.6,10.84,10.3436,10.61,16400881
1684157400,10.93,11.32,10.65,11.08,17750403
1684243800,10.78,11.035,10.55,10.85,12465833
1684330200,10.66,11.61,10.6,11.53,16416775
1684416600,11.29,11.8272,10.68,11.07,16231593
1684503000,11.26,11.53,10.89,11.08,14671666
1684762200,11.005,12.2,10.83,12.2,21032961
1684848600,12.39,12.6107,11.2501,11.28,23582985
1684935000,11.06,11.47,10.56,11.27,18765638
1685021400,11.35,11.53,10.66,11.07,13904608
1685107800,11.11,11.845,10.73,10.92,18337853
1685453400,11.71,12.7969,11.59,12.03,34100645
1685539800,11.58,12.04,11.37,12,19845576
1685626200,11.79,12.7066,11.59,12.41,21175487
1685712600,12.71,12.71,11.37,11.71,34328020
1685971800,11.29,11.61,10.45,10.68,28106139
1686058200,10.14,10.98,9.7,10.9,26503037
1686144600,10.78,11.2,10.29,10.43,19520700
1686231000,10.44,10.85,10.37,10.55,11197862
1686317400,10.71,10.78,10.2209,10.33,9154109
1686576600,10.21,10.36,10.02,10.24,10172276
1686663000,10.58,10.69,10.11,10.26,10967768
1686749400,10.3,10.52,10.02,10.15,12934291
1686835800,9.8,10.13,9.4166,9.97,15436224
1686922200,10.07,10.48,9.83,10.4,18679714
1687267800,10.64,11.29,10.119,11.25,27317187
1687354200,11.66,12.06,11.4601,11.68,34973605
1687440600,11.75,11.9697,10.76,11.24,20888253
1687527000,11.11,12.11,10.9,11.6,29671883
1687786200,11.49,12.18,10.72,10.77,22037414
1687872600,11.07,11.71,10.88,11.65,25685628
1687959000,11.42,11.9801,11.24,11.54,16753266
1688045400,11.87,12.37,11.51,11.66,21510784
1688131800,12.08,12.41,11.2,11.82,30171093
1688391000,11.92,13.455,11.8614,13.35,29313413
1688563800,12.82,13.86,12.65,13.59,28389725
1688650200,13.78,13.88,12.79,13.54,23890368
1688736600,13.42,15.55,13.42,15.48,41207261
1688995800,15.75,16.91,15.12,16.86,34873087
1689082200,16.8,17.655,16.33,17.51,35291341
1689168600,18.04,18.64,17.24,17.65,40610086
1689255000,17.87,20.53,17.82,20.29,53242046
1689341400,20.25,20.65,18.77,19.12,39091243
1689600600,19.17,20.27,18.21,18.48,31227763
1689687000,18.09,18.855,17.83,18.28,20923071
1689773400,18.64,19.425,18.28,18.93,25966744
1689859800,19.15,19.5,18.24,18.47,23803302
1689946200,18.75,18.8487,17.41,18.38,22605514
1690205400,17.62,18.02,16.83,17.43,19252445
1690291800,17.55,18.8378,17.55,17.95,18940960
1690378200,18.03,18.585,17.71,18.45,16412274
1690464600,19,19.13,17.44,17.6,17258136
1690551000,18.07,18.69,17.87,18.38,16691719
1690810200,18.63,19.19,18.17,18.52,18068155
1690896600,18.13,18.41,17.07,18.23,19933895
1690983000,18.2,19.2,17.55,17.97,22880220
1691069400,17.72,18.6,17.61,17.81,19024208
1691155800,17.99,18.12,17.08,17.11,15409088
1691415000,16.99,17.04,15.315,16.32,17455459
1691501400,16.81,17.36,16.22,17.095,19345371
1691587800,17.22,17.2901,16.3001,16.34,18385519
1691674200,16.4,16.6399,14.82,15,19010291
1691760600,14.84,15.7,14.63,15.23,17890022
1692019800,15.02,15.06,14.3602,14.66,17366791
1692106200,14.57,14.8499,13.655,13.7,16152159
1692192600,13.42,13.53,12.93,13.1,18877663
1692279000,12.72,12.76,11.655,11.71,23752294
1692365400,11.12,11.66,10.9611,11.07,20167750
1692624600,11.175,11.27,10.55,10.73,18294577
1692711000,10.9,10.985,10.47,10.55,13077093
1692797400,10.53,11.31,10.46,11.12,19862940
1692883800,11.06,11.07,10.2,10.36,12898990
1692970200,10.46,10.76,10.06,10.37,12118629
1693229400,10.48,10.82,10.375,10.49,10020420
1693315800,10.39,12.55,10.35,12.3,42040190
1693402200,12.02,12.18,11.56,12.05,22609084
1693488600,12.06,12.275,11.23,11.35,18926630
1693575000,11.39,11.56,10.755,11.04,15521137
1693920600,10.98,11.23,10.72,10.98,9992697
1694007000,10.98,11.65,10.93,11.24,17992401
1694093400,11.09,11.53,10.55,11.38,12779501
1694179800,11.3,11.34,10.76,10.95,17107908
1694439000,10.8,10.99,10.085,10.14,16638046
1694525400,10.68,11.19,10.41,10.54,20067283
1694611800,10.59,10.7099,10.22,10.28,13919255
1694698200,10.6,11.245,10.59,10.97,20371901
1694784600,10.98,10.98,10.59,10.77,12896250
1695043800,11.365,11.59,10.91,10.93,22987183
1695130200,11.03,11.1688,10.41,10.44,19097367
1695216600,10.42,10.57,9.99,10.02,16446260
1695303000,9.71,9.76,9.32,9.58,15842110
1695389400,9.65,9.7593,9.18,9.24,10148735
1695648600,9,9.38,8.9105,9.26,15217332
1695735000,9.12,9.37,9,9.06,9306279
1695821400,9.3,9.53,8.82,9.02,15833073
1695907800,9.08,9.91,8.955,9.43,22547874
1695994200,9.54,9.62,9.21,9.33,14715123
1696253400,10.1,10.95,9.8,9.88,32634569
1696339800,9.65,9.89,8.67,8.78,19688434
1696426200,9.01,9.14,8.605,9.065,16082216
1696512600,9.16,9.365,8.78,9.01,15207038
1696599000,8.78,9.9782,8.78,9.92,19746362
1696858200,9.51,10.2099,9.51,10.17,16244754
1696944600,10.13,10.59,9.96,10.16,16776915
1697031000,9.96,10.08,9.14,9.405,16483277
1697117400,9.32,9.48,9.1118,9.2,8765856
1697203800,9.25,9.28,8.96,9.15,10964089
1697463000,10.02,10.47,9.1,9.42,36847914
1697549400,9.25,9.935,9.12,9.67,18436758
1697635800,9.57,9.675,8.7,8.84,20475369
1697722200,8.96,9.19,8.6802,8.82,16767622
1697808600,9.1,9.4,8.82,8.87,20312925
1698067800,9.12,10.0388,8.975,9.67,38368307
1698154200,10.81,11.37,10.3,10.67,51057475
1698240600,10.88,11.28,10.46,10.56,37323821
1698327000,10.25,10.4606,9.46,9.79,24072429
1698413400,10.02,10.18,9.46,9.54,16637280
1698672600,9.92,10.28,9.38,9.61,18914869
1698759000,9.57,9.85,9.27,9.78,14947670
1698845400,10,10.285,9.66,10.21,24654587
1698931800,10.55,11.31,10.38,11.3,28604147
1699018200,11.02,11.59,10.88,11.39,27466946
1699281000,11.63,11.95,10.715,11.01,21872321
1699367400,10.91,11.17,10.43,11.07,20864941
1699453800,10.8,10.8257,10.06,10.28,22190811
1699540200,11.1,12.08,10.125,10.21,53622488
1699626600,10.32,10.49,9.7,10.36,25758467
1699885800,10.12,10.14,9.535,9.79,18073314
1699972200,10,10.22,9.33,9.73,22081299
1700058600,9.89,10.835,9.69,10.68,31966630
1700145000,10.2002,10.28,9.73,10.16,20282679
1700231400,10.24,10.525,9.89,10.48,16524990
1700490600,10.59,11.5399,10.59,11.32,25665066
1700577000,11.01,11.38,10.7169,11.17,19169735
1700663400,11.278,11.645,10.67,11.6,20931445
1700836200,11.65,12.26,11.4177,12.02,18308801
1701095400,11.5,12.15,11.37,11.82,18481190
1701181800,12.14,12.91,11.8,12.86,33550986
1701268200,12.88,13.29,12.65,13,25277456
1701354600,13.03,13.14,12.51,12.55,16716989
1701441000,12.75,13.82,12.71,13.77,32026749
1701700200,15.15,15.69,14.365,15,45641072
1701786600,15.01,16.02,14.85,15.14,46782649
1701873000,15.4,15.47,14.69,14.76,34912428
1701959400,14.27,15.14,14.1201,14.88,22045614
1702045800,15.09,15.97,15.04,15.83,31412715
1702305000,14.84,14.86,13.53,14.02,31166852
1702391400,14.19,14.28,13.8,14.065,16558623
1702477800,14,15.25,13.74,15.24,33196945
1702564200,15.2,15.84,14.9,15.75,30587950
1702650600,15.45,15.7788,15.06,15.63,26005484
1702909800,15.17,16.43,15.16,16.4,33815594
1702996200,17.03,17.67,16.15,16.68,43752238
1703082600,17.54,17.96,16.4,16.45,45023479
1703169000,16.95,16.97,16.27,16.75,30398682
1703255400,16.75,18.39,16.52,17.78,45554817
1703601000,17.43,17.54,16.86,17.35,30645335
1703687400,17.9,18.75,17.63,18.62,43092580
1703773800,18.21,18.37,17.34,17.6,45018820
1703860200,17.87,18.185,15.0301,15.47,58700445
1704205800,17.07,17.11,15.31,15.41,35508198
1704292200,13.99,15.23,13.75,15.04,29189700
1704378600,15.31,16.08,14.95,15.86,26736732
1704465000,15.54,15.565,14.3669,14.83,26205225
1704724200,15.08,16.2,14.23,16.01,40667034
1704810600,15.9,16.17,15.52,15.74,22881595
1704897000,15.2,16.31,14.77,15.55,40743784
1704983400,16.64,17.02,12.83,13.09,71584520
1705069800,12.755,12.755,11.72,11.73,44452785
1705415400,11.505,11.85,10.92,11.29,27395537
1705501800,11,11.13,10.65,10.87,22798519
1705588200,10.91,11.17,10.23,10.33,27512153
1705674600,10.33,10.39,9.635,10.29,31708401
1705933800,10.03,11.055,9.84,10.6,27717358
1706020200,10.24,10.59,9.93,10.38,19428323
1706106600,10.63,10.92,10,10.07,21642484
1706193000,10.155,10.65,9.99,10.63,19017531
1706279400,11.24,11.56,10.9,11.35,25001911
1706538600,11.41,12.13,11.23,11.55,31102835
1706625000,11.55,11.73,11.19,11.34,16150866
1706711400,11.06,11.595,10.87,10.9,17685020
1706797800,10.9,11.44,10.56,11.3,18566160
1706884200,11,11.4,10.92,11.21,13330915
1707143400,11.21,11.32,10.33,10.34,16253192
1707229800,10.428,10.85,10.2538,10.81,11288827
1707316200,10.74,11.4,10.435,11.32,14750921
1707402600,11.82,13.065,11.73,13.05,31593198
1707489000,14,14.79,13.56,14.55,43577986
1707748200,14.58,16.35,14.55,15.92,41246832
1707834600,14.46,15.84,14.1,15.44,26100954
1707921000,16.99,17.62,16.55,17.62,34163810
1708007400,17.9,18.24,16.14,16.53,37285217
1708093800,16.65,17.0701,15.92,16.45,21607139
1708439400,16.54,16.69,15.185,16.04,21082567
1708525800,15.16,15.8493,15.07,15.1,13866262
1708612200,15.2,15.89,14.93,15.73,16953884
1708698600,15.14,15.31,14.33,14.85,18732399
1708957800,14.9,17.45,14.89,17.37,39162531
1709044200,18.1,18.36,16.22,16.8,43619582
1709130600,17.44,17.59,15.23,15.65,60473168
1709217000,15.68,15.825,13.71,14.12,39477690
1709303400,14.29,14.4699,13.48,14.44,22850908
1709562600,14.83,14.99,13.125,13.48,38864498
1709649000,12.97,13.53,11.94,12.25,33797604
1709735400,12.96,13.02,11.99,12.12,26071853
1709821800,12.04,12.36,11.75,11.97,21504512
1709908200,12.03,13.1967,12.015,12.35,28611866
1710163800,12.83,12.9,11.73,11.78,26591078
1710250200,11.85,11.91,11.295,11.62,20966461
1710336600,11.67,12.195,11.64,11.73,19500859
1710423000,11.5,11.53,10.6,10.93,21896113
1710509400,10.74,11.83,10.66,11.6,26319016
1710768600,11.45,11.84,11.07,11.43,16502045
1710855000,10.99,11.28,10.49,11.09,17173594
1710941400,11.75,12.43,11.2,12.4,28659452
1711027800,12.425,12.62,11.9299,11.98,21698205
1711114200,11.745,11.81,11.33,11.4,15608780
1711373400,11.6,12.55,11.59,12.44,25910264
1711459800,12.46,12.58,11.95,12.05,18325231
1711546200,12.35,12.49,11.71,12.24,18676568
1711632600,12.41,13.12,12.1439,12.24,27988302
1711978200,12.05,12.28,11.35,11.47,18326846
1712064600,10.9,10.92,10.48,10.61,19962351
1712151000,10.62,10.745,10.26,10.29,19594927
1712237400,10.6,10.82,10.1,10.19,21857681
1712323800,10,10.46,9.89,10.2,17417378
1712583000,10.63,10.76,9.86,10.05,20794217
1712669400,9.95,10.235,9.81,10,14741886
1712755800,9.71,10.11,9.61,9.87,15495075
1712842200,9.8,9.915,9.645,9.75,16384162
1712928600,9.68,9.69,8.97,9.1,17080677
1713187800,9.01,9.215,8.5,8.57,17777603
1713274200,8.39,8.41,7.89,8.06,21282729
1713360600,8.12,8.3799,7.94,7.97,17229430
1713447000,7.91,8.42,7.8,8.29,17397301
1713533400,8.55,9.15,8.48,9.13,25743409
1713792600,9.75,11.27,9.5811,11.24,57542992
1713879000,11.11,12.17,11.04,11.85,49371628
1713965400,11.8,12.65,11.71,11.88,49637542
1714051800,11.15,12.13,10.88,12.11,38061743
1714138200,11.95,12.44,11.81,11.93,23771837
1714397400,11.322,11.63,10.97,11.08,23723802
1714483800,10.65,10.9,10,10.11,33121327
1714570200,9.85,10.62,9.65,9.82,28804533
1714656600,10.22,10.44,9.81,10.3,22138619
1714743000,10.65,11.09,10.28,10.42,22794899
1715002200,10.63,11.17,10.59,10.77,28399981
1715088600,10.62,10.6399,10.01,10.17,17144418
1715175000,9.942,10.36,9.775,10.35,15022887
1715261400,10.14,10.46,10.1,10.28,11683907
1715347800,10.3,10.36,9.19,9.2,22421273
1715607000,9.51,9.77,9.4,9.5,12079808
1715693400,9.31,9.8673,9.24,9.78,13969835
1715779800,10.15,10.4,9.755,10.38,18179774
1715866200,10.18,10.41,9.93,10,12932736
1715952600,10.2,10.63,9.95,10.06,16089441
1716211800,10.17,11.03,9.885,10.96,24445944
1716298200,11.01,11.29,10.525,10.61,21370821
1716384600,10.6,11.34,10.55,10.79,20288052
1716471000,10.94,10.98,9.93,9.97,18215862
1716557400,10.08,10.6175,9.962,10.37,14857379
1716903000,10.42,10.88,10.21,10.34,20147255
1716989400,10.265,10.43,9.9838,10,14135008
1717075800,10.1,10.67,9.97,10.05,23448537
1717162200,10.24,10.29,9.515,9.74,24296447
1717421400,10.03,10.23,9.56,9.65,19602330
1717507800,9.67,10.17,9.52,9.67,26245160
1717594200,9.81,9.86,8.8095,9.65,41068539
1717680600,9.45,10.39,9.44,10.16,34641850
1717767000,10.17,10.51,9.71,9.72,21534333
1718026200,9.66,10.01,9.47,9.895,15844496
1718112600,9.65,10.02,9.045,9.99,24437019
1718199000,10.36,10.99,10.195,10.64,30289768
1718285400,10.61,11.21,10.47,10.98,20246691
1718371800,10.95,11.02,10.265,10.53,16812102
1718631000,10.41,11.02,10.18,10.91,18687466
1718717400,10.49,10.87,10.4,10.66,17176741
1718890200,10.99,11.16,10.33,10.42,26189882
1718976600,10.09,10.13,9.46,9.55,32541486
1719235800,9.2,9.59,8.96,9.21,21871452
1719322200,9.38,9.6,9.14,9.2,20297230
1719408600,9.13,9.51,9.01,9.03,20045587
1719495000,9.23,9.38,9.03,9.12,14652556
1719581400,9.17,9.2,8.96,9.14,31572032
1719840600,9.36,10.04,9.36,9.95,29211332
1719927000,9.91,9.99,9.68,9.72,16261437
1720013400,9.392,9.7,9.35,9.57,10714945
1720186200,9.16,9.64,9.04,9.64,19688848
1720445400,9.78,10.05,9.3,9.4,20760775
1720531800,9.45,9.49,8.92,9.14,20285318
1720618200,9.21,9.33,9.03,9.16,15041277
1720704600,9.49,9.7,9.24,9.31,22285038
1720791000,9.39,9.92,9.37,9.805,22468584
1721050200,10.33,11.69,10.24,11.48,45399355
1721136600,11.43,12.875,11.25,12.7,45170638
1721223000,12.36,13.09,11.7718,12.42,33442576
1721309400,12.72,12.825,10.86,10.95,35483208
1721395800,11.122,12.11,10.88,12.03,26982702
1721655000,12.25,12.45,11.605,12.24,25489190
1721741400,12.02,12.44,11.465,11.59,20403308
1721827800,11.79,12.08,11.19,11.32,26974659
1721914200,10.97,11.27,10.64,10.73,19742951
1722000600,11.35,11.7397,10.99,11.2,20906633
1722259800,11.62,11.93,10.5803,10.63,23678848
1722346200,10.69,10.75,10.28,10.37,12538810
1722432600,10.6,10.8253,10.16,10.19,19332092
1722519000,10.1,10.26,9.3,9.32,25911712
1722605400,9.27,9.4588,8.44,8.57,25183153
1722864600,7.39,8.51,7.25,8.31,27482600
1722951000,8.51,8.62,8.05,8.41,16261564
1723037400,8.61,8.63,7.61,7.64,19183390
1723123800,8.02,8.46,7.775,8.29,16550142
1723210200,8.26,8.3739,8.03,8.06,12830742
1723469400,7.85,7.985,7.52,7.61,16904897
1723555800,7.65,8,7.53,7.84,14088302
1723642200,7.95,7.99,7.57,7.65,13438288
1723728600,7.72,8.05,7.65,7.68,17139868
1723815000,7.705,8.146,7.68,7.99,17141769
1724074200,8.01,8.17,7.8,8.05,15242797
1724160600,8.2,8.3097,7.86,8.04,14599186
1724247000,8.08,8.38,7.97,8.35,18416104
1724333400,8.34,8.385,8.02,8.05,13114032
1724419800,8.08,8.52,7.98,8.5,20932582
1724679000,8.5,8.55,8.21,8.36,13839086
1724765400,8.2,8.28,7.8,7.9,16531341
1724851800,7.82,7.875,7.53,7.64,11679920
1724938200,7.79,8.02,7.61,7.68,11626307
1725024600,7.72,7.76,7.52,7.53,14246339
1725370200,7.48,7.48,6.71,6.78,19636743
1725456600,6.69,7.05,6.615,6.85,11131742
1725543000,6.78,6.94,6.63,6.69,12122596
1725629400,6.79,6.82,6.355,6.38,14843954
1725888600,6.58,6.85,6.39,6.81,15313229
1725975000,6.84,7.28,6.6,7.24,13679285
1726061400,7,7.19,6.7,7.09,15510878
1726147800,7.13,7.16,6.97,7.03,11228412
1726234200,7.07,7.3,6.95,7.2,15070111
1726493400,6.99,7.09,6.83,6.96,12058851
1726579800,7.09,7.28,6.97,7.1,12657611
1726666200,7.08,7.57,7.01,7.17,18980242
1726752600,7.57,7.62,7.1621,7.22,25317628
1726839000,7.21,7.255,6.94,7.19,27477964
1727098200,7.19,7.4,7.11,7.33,16549413
1727184600,7.36,7.54,7.16,7.53,16585094
1727271000,7.53,7.73,7.4,7.44,17570612
1727357400,7.69,8.0475,7.52,7.77,23942519
1727443800,8,8.07,7.695,7.84,16598059
1727703000,7.56,7.62,7.35,7.42,13260777
1727789400,7.4,7.45,6.98,7.08,14987112
1727875800,7.08,7.3658,7.014,7.25,12494614
1727962200,7.19,7.44,7.15,7.43,11312007
1728048600,7.58,7.86,7.45,7.85,20294711
1728307800,8.05,8.52,7.9,8.16,34911758
1728394200,7.98,8.22,7.87,8.16,21403428
1728480600,8.14,8.21,7.76,7.82,18864072
1728567000,7.77,7.87,7.61,7.74,13501139
1728653400,7.78,8.44,7.75,8.41,20035653
1728912600,8.66,8.91,8.43,8.74,30168548
1728999000,8.71,9.13,8.59,8.77,22863007
1729085400,8.991,9.12,8.784,9.08,17126399
1729171800,8.92,9.46,8.76,9.2,21264045
1729258200,9.39,9.95,9.38,9.86,23257595
1729517400,9.75,9.765,9.38,9.74,17448228
1729603800,9.59,9.965,9.3,9.92,15335813
1729690200,9.78,9.875,9.4,9.77,19160252
1729776600,10,10.4479,9.88,10.19,23849705
1729863000,10.23,10.2794,9.6109,9.64,22731209
1730122200,10.02,10.7,9.93,10.56,31325377
1730208600,10.85,11.19,10.72,10.87,28045188
1730295000,10.57,10.91,10.42,10.48,24276723
1730381400,9.965,10.23,9.1,9.24,26822943
1730467800,9.43,9.965,9.25,9.44,23181540
1730730600,9.2,9.2,8.715,8.98,22381096
1730817000,9.16,9.83,9.16,9.71,20322653
1730903400,10.78,12.29,10.61,12.25,55373590
1730989800,11.87,12.6399,11.73,12.39,32921326
1731076200,12.33,12.84,12.01,12.81,29607063
1731335400,14.06,15.87,13.825,14.97,82491023
1731421800,14.08,14.89,13.48,14.45,47706429
1731508200,14.185,14.8299,12.49,12.67,44053461
1731594600,12.83,13.07,11.76,11.865,26248312
1731681000,12.23,12.4,11.46,12.37,25315303
1731940200,12.25,12.66,11.894,12.16,23680536
1732026600,12.11,12.635,11.9201,12.27,25901063
1732113000,12.67,12.94,11.96,12.15,42781630
1732199400,12.77,13.13,10.9,11.76,55190467
1732285800,11.5,12.52,11.22,12.31,31252641
1732545000,12.46,12.78,11.73,12.06,27019396
1732631400,11.59,11.98,11.02,11.17,26449899
1732717800,11.465,12.58,11.35,12.37,29057466
1732890600,12.59,13.34,12.42,12.65,21894835
1733149800,12.6,12.75,12.03,12.1,21982830
1733236200,11.73,12.4099,11.71,12.14,18211830
1733322600,12.095,13.025,11.92,12.95,22245848
1733409000,13.75,14.12,12.265,12.32,44049243
1733495400,12.52,13.6,12.52,12.95,26721841
1733754600,12.045,12.14,11.02,11.21,76744126
1733841000,11.495,11.62,10.73,11.1,43080450
1733927400,11.3,12.16,11.2101,11.77,45042380
1734013800,12.935,13.28,11.84,12.33,110944962
1734100200,12.52,13.68,12.5,12.99,53985618
1734359400,13.27,14.55,13.07,14.03,54388589
1734445800,14.47,14.7,13.8,13.97,38468359
1734532200,13.7,13.99,11.65,11.95,41110648
1734618600,12.68,12.7199,11.125,11.19,28545753
1734705000,10.92,11.7,10.79,11.55,34710003
1734964200,11.39,11.46,10.69,10.8,23451108
1735050600,11.24,11.73,11.09,11.67,13445823
1735223400,11.45,11.755,11.22,11.55,14019466
1735309800,11.53,11.61,10.83,10.99,17172328
1735569000,10.725,10.76,10.02,10.5,28036757
1735655400,10.77,10.86,9.985,10.21,22608351
1735828200,10.49,10.96,10.21,10.46,23686952
1735914600,10.565,12.39,10.45,12.34,40656392
1736173800,12.59,13.01,12.315,12.89,27593715
1736260200,12.6,12.99,12.015,12.41,23285135
1736346600,12.06,12.12,11.5,12.02,22053172
1736519400,11.76,12.08,11.49,12,20783544
1736778600,11.34,11.9,11.02,11.77,22636203
1736865000,12.25,12.7,11.9301,12.24,27050783
1736951400,12.76,13.59,12.67,13.46,34406266
1737037800,13.325,13.6289,12.96,13.29,23285998
1737124200,13.87,14.43,13.33,13.39,35962113
1737469800,13.97,14.37,12.52,12.74,46327460
1737556200,12.91,13.74,12.465,13.14,37663078
1737642600,12.83,14.54,12.75,12.99,65645903
1737729000,13.325,14.2299,13.05,13.54,46786150
1737988200,12.59,12.63,11.0721,11.45,56712610
1738074600,11.66,11.7,10.75,10.95,37288660
1738161000,10.83,11.5282,10.71,11.22,44705310
1738247400,11.48,12.14,11.42,11.9,43478135
1738333800,12,12.46,11.69,11.88,38308368
1738593000,10.87,12.245,10.66,11.99,33672578
1738679400,11.8,12.3887,11.79,12.29,21638681
1738765800,12.39,12.545,11.7,11.74,23439102
1738852200,11.76,12.0499,11.31,11.61,18711810
1738938600,11.97,12.41,11.48,11.64,35000575
1739197800,11.73,11.8899,11.41,11.63,19491151
1739284200,11.59,11.61,11.03,11.14,20138531
1739370600,10.97,11.32,10.88,11.16,16135820
1739457000,11.185,12.3,10.87,12.23,38501921
1739543400,12.155,12.48,12.025,12.27,21596501
1739889000,12.15,12.21,11.37,11.56,22236131
1739975400,11.65,11.99,11.52,11.56,15701372
1740061800,11.785,12.01,11.41,11.6,23848043
1740148200,11.89,11.93,10.44,10.46,41016674
1740407400,10.6,10.6252,9.84,9.99,41832340
1740493800,9.475,9.96,8.7,9.32,42441233
1740580200,9.22,9.6,8.71,8.94,30994095
1740666600,9.48,9.72,8.6,8.66,33221573
1740753000,8.6,9.29,8.52,9.28,26442934
1741012200,10.06,10.15,8.72,8.86,36222529
1741098600,8.6,8.83,7.95,8.41,32149659
1741185000,8.66,8.92,8.425,8.88,20823568
1741271400,8.345,8.56,7.95,8.115,34444741
1741357800,8.055,8.55,7.92,8.37,25133713
1741613400,7.95,8.13,7.4122,7.56,25478482
1741699800,7.63,7.86,7.2401,7.72,20290017
1741786200,7.87,7.99,7.495,7.85,17212624
1741872600,7.85,7.88,7.25,7.31,18296879
1741959000,7.54,7.9,7.495,7.82,18914986
1742218200,7.69,8,7.57,7.76,19650062
1742304600,7.61,7.82,7.39,7.4,20640970
1742391000,7.46,7.95,7.42,7.78,19017206
1742477400,7.71,8.1293,7.65,7.76,19130498
1742563800,7.62,8.03,7.5,7.95,25519356
1742823000,8.21,8.73,8.16,8.72,29862730
1742909400,8.75,8.83,8.33,8.51,30896653
1742995800,8.45,8.49,7.85,7.9,21150519
1743082200,7.75,8.18,7.66,7.77,21901985
1743168600,7.66,7.7581,7.29,7.41,22949445
1743427800,7.12,7.2563,6.87,7.12,21383774
1743514200,7.17,7.6,6.99,7.54,21919728
1743600600,7.33,8.06,7.3,8.02,30412182
1743687000,7.275,7.5,7.2,7.3,18115933
1743773400,7.08,7.19,6.4,7.14,20823391
1744032600,6.5,7.75,6.385,7.11,26088029
1744119000,7.43,7.43,6.3,6.54,23423601
1744205400,6.52,7.5,6.2201,7.375,32597815
1744291800,7.1,7.16,6.605,6.79,18398434
1744378200,6.85,7.1172,6.75,7.06,14522412
1744637400,7.34,7.39,6.91,7.01,28604284
1744723800,6.98,7.0903,6.51,6.55,24971761
1744810200,6.42,6.5299,6.2,6.36,34267409
1744896600,6.39,6.47,6.19,6.46,20974655
1745242200,6.49,6.67,6.255,6.29,27824412
1745328600,6.47,7.19,6.44,7.12,39942669
1745415000,7.43,7.83,7.4,7.5,40070490
1745501400,7.44,7.86,7.33,7.79,24749788
1745587800,7.9,8.05,7.71,7.77,28068873
1745847000,7.81,7.84,7.34,7.63,30193141
1745933400,7.59,7.61,7.245,7.42,43903366
1746019800,7.21,7.2898,6.96,7.24,30845849
1746106200,7.49,7.97,7.4,7.77,43539531
1746192600,7.89,8.81,7.87,8.39,53438719
1746451800,8.15,8.175,7.67,7.9,33472199
1746538200,7.7,7.96,7.66,7.86,23708278
1746624600,8,8.055,7.68,7.84,22644387
1746711000,8.2,8.69,8.08,8.44,30927095
1746797400,8.52,8.89,8.26,8.48,32559819
1747056600,9.02,9.12,8.475,8.7,29993454
1747143000,8.88,9.09,8.63,9.06,32790152
1747229400,9.03,9.06,8.8,8.91,20643297
1747315800,8.73,8.8,8.3923,8.7,28851755
1747402200,8.71,9.47,8.71,9.15,36915527
1747661400,8.82,9.068,8.685,8.97,21131836
1747747800,8.91,8.99,8.655,8.93,20156527
1747834200,8.85,9.32,8.72,8.84,37772857
1747920600,9.19,9.52,8.83,8.94,40257181
1748007000,8.66,8.81,8.47,8.55,23067513
1748352600,8.855,9.195,8.67,9.14,40428200
1748439000,9.09,9.09,8.36,8.38,39052889
1748525400,8.49,8.49,8.09,8.18,31295153
1748611800,8.08,8.265,7.93,8.07,34036571
1748871000,8,8.49,7.99,8.48,34057127
1748957400,8.55,9.09,8.49,9.03,42216778
1749043800,8.96,9.64,8.9,9.5,39116406
1749130200,9.655,9.6899,8.88,8.99,46395756
1749216600,9.25,10.2,9.22,9.85,55897446
1749475800,10.255,10.26,9.54,10.12,49134548
1749562200,10.23,10.5,9.97,10.45,49548825
1749648600,10.44,10.87,10.2612,10.55,41081525
1749735000,10.23,10.635,10.125,10.21,26537170
1749821400,9.935,10.2097,9.5,9.72,39189180
1750080600,9.87,10.21,9.72,10.17,46929479
1750167000,10.04,10.05,9.36,9.66,42121676
1750253400,9.58,10.06,9.46,9.94,50959369
1750426200,10.08,10.1399,9.48,9.56,33914875
1750685400,9.25,9.55,8.87,9.27,40675621
1750771800,9.44,10.05,9.36,10.02,45854587
1750858200,10.27,10.39,9.83,10,34228555
1750944600,9.9,10.64,9.7035,10.51,57591327
1751031000,10.56,10.9,10.28,10.55,56141907
1751290200,10.765,11.44,10.65,11.3,49089118
1751376600,11.135,11.61,11.03,11.27,49405917
1751463000,11.53,12.27,11.485,12.2,44099952
1751549400,12.215,12.73,12.045,12.17,27630626
1751895000,11.87,11.88,10.93,11.55,26513502
1751981400,11.78,12,11.555,11.57,18320416
1752067800,11.81,12.29,11.41,12.24,30139764
1752154200,12.16,12.77,11.955,12.59,30089659
1752240600,12.94,13.03,12.34,12.42,31304532
1752499800,12.755,13.65,12.26,12.51,53371779
1752586200,12.2,12.405,11.9,12.1,30289122
1752672600,12.46,12.875,12.44,12.57,30468987
1752759000,12.6,13.48,12.33,13.33,50020101
1752845400,13.5,14.12,13.24,13.86,54887030
1753104600,14.15,15.34,13.925,14.02,127903710
1753191000,14.29,14.36,13.655,14.27,55230486
1753277400,14.22,14.585,13.7,14.34,65549441
1753363800,14.375,14.93,14.08,14.69,59749202
1753450200,14.46,14.74,13.92,14.54,43124447
1753709400,14.545,14.65,14.01,14.51,47947122
1753795800,14.48,14.6,13.29,13.6,31350906
1753882200,13.84,13.98,13.23,13.52,21239208
1753968600,13.69,13.84,13.3,13.41,28775398
1754055000,12.01,12.074,10.87,11.03,50470111
1754314200,11.305,11.495,11.08,11.42,17459745
1754400600,11.42,11.44,10.82,11.13,26878936
1754487000,11.09,11.72,10.59,11.66,37511327
1754573400,11.92,12.32,11.41,11.58,23595327
1754659800,11.67,11.79,10.95,11.08,20812887
1754919000,11.54,11.66,11.04,11.11,21563327
1755005400,11.29,11.52,11.15,11.44,16929399
1755091800,11.5,11.8,11.41,11.59,18242516
1755178200,11.37,12.28,11.22,12.25,34334793
1755264600,12.02,12.03,11.295,11.33,30886405
1755523800,11.18,12.48,11.16,12.32,40044764
1755610200,12.34,12.41,11.78,11.96,31142882
1755696600,11.845,12.555,11.21,12.52,38232994
1755783000,12.35,12.5199,12.12,12.27,33741942
1755869400,12.19,13.515,12.02,13.22,52236812
1756128600,12.78,13.38,12.4,13.28,50003273
1756215000,12.97,13.73,12.88,13.69,35059152
1756301400,13.66,13.98,13.41,13.55,29031720
1756387800,13.83,14.17,13.64,13.8,37356805
1756474200,13.72,13.98,13.435,13.76,35730116
1756819800,13.3,14.3,12.97,14.09,46639415
1756906200,14.24,14.46,13.32,13.45,40966991
1756992600,13.355,13.49,12.9,13.16,38251360
1757079000,13.44,13.87,12.66,13.29,37097651
1757338200,13.29,13.59,12.9742,13.44,42427774
1757424600,13.79,15.3,13.66,15.21,66569055
1757511000,15.44,16.42,15.26,16.4,55199743
1757597400,16.19,16.83,15.595,15.65,36113260
1757683800,15.89,15.99,15.545,15.89,39962179
1757943000,16.01,16.925,15.87,16.68,40517219
1758029400,16.8,17.755,16.58,17.52,53945124
1758115800,17.35,17.88,16.7449,17.62,43787724
1758202200,17.95,18.04,17.395,17.51,30168546
1758288600,17.5,18.24,17.35,17.46,43344987
1758547800,17.042,17.735,16.68,17.5,43066306
1758634200,18.11,18.3,17,17.07,36249125
1758720600,17.84,20.13,17.7801,17.99,59315341
1758807000,17.44,17.53,16.425,16.74,31514462
1758893400,17.82,17.96,16.475,17.69,49095660
1759152600,18.23,20.01,18.131,19.78,45171386
1759239000,19.64,19.77,18.76,19.03,43274338
1759325400,19.54,19.59,18.51,18.93,34585971
1759411800,19.36,19.66,18.9,19.25,29498273
1759498200,19.39,20.795,18.97,19.44,40191810
1759757400,20.47,22.08,20.1,21.56,40384726
1759843800,21.8,21.87,20.1101,21.47,32347953
1759930200,21.74,22.415,21.37,21.99,28859500
1760016600,22.01,22.37,21.16,22.28,24654194
1760103000,22.89,23.935,20.64,21.01,36397197
1760362200,21.51,22.01,20.8644,21.7,25822368
1760448600,20.835,22.93,20.0663,22.19,26294732
1760535000,22.8,23.01,21.49,22.13,19314933
1760621400,22.11,22.11,19.4,19.55,22941112
1760707800,18.81,20.29,18.5,20.03,22556528
1760967000,21.06,22.55,20.61,22.01,22037438
1761053400,21.585,22.19,20.49,20.67,18231067
1761139800,20.22,20.58,18.39,18.99,20084786
1761226200,19.15,20.96,19.15,20.49,17813399
1761312600,21.27,21.89,20.9,21.42,15624677
1761571800,22.225,23.49,21.57,23,21638889
1761658200,22.95,23.235,21.43,21.555,22936616
1761744600,22.025,22.58,21.06,22.17,25248081
1761831000,21.455,21.83,20.74,21.09,20561274
1761917400,21.71,21.905,19.3112,19.78,33356005
1762180200,20.885,21.83,19.95,20.72,33715641
1762266600,19.69,20.925,19.06,19.275,25277276
1762353000,19.42,19.73,18.41,18.97,32493601
1762439400,18.83,18.8999,17.3,17.34,22686982
1762525800,16.585,17.125,15.97,17.01,22442147
1762785000,17.79,18,17.05,17.32,17622697
1762871400,16.81,16.82,15.92,16.14,22278665
1762957800,16.47,16.47,15.08,15.46,24259756
1763044200,15.065,15.2,13.6,13.88,28407472
1763130600,13.21,14.5355,12.75,13.95,31664728
1763389800,13.765,14.235,13.335,13.88,22867697
1763476200,13.63,14.24,13.455,13.94,18309411
1763562600,13.97,14.455,13.035,13.35,21392354
1763649000,14.08,14.33,12.74,12.78,21872452
1763735400,12.5,12.91,12.038,12.71,18271707
1763994600,13.055,13.91,12.83,13.88,17483145
1764081000,13.63,14.44,13.125,14.39,21051285
1764167400,14.575,15.24,14.23,14.96,19374748
1764340200,15.72,16.65,15.56,16.13,21219102
1764599400,15.24,15.8088,14.88,15.48,19149445
1764685800,15.845,16.25,15.2,15.22,21975192
1764772200,15.195,15.68,14.89,15.64,14093958
1764858600,15.43,15.85,15.22,15.59,12930044
1764945000,15.33,15.4286,14.7,14.94,15302815
1765204200,15.13,15.405,14.76,14.96,12472041
1765290600,14.64,15.965,14.41,15.51,15477911
1765377000,15.32,15.825,15.11,15.57,14876195
1765463400,15.2,15.8051,14.66,15.75,21134859
1765549800,15.745,16.27,15.03,15.3,18277366
1765809000,15.29,15.29,13.57,13.71,19176497
1765895400,13.57,13.86,13.075,13.47,13951363
1765981800,13.67,13.99,12.835,12.96,14833726
1766068200,13.475,13.735,13.115,13.38,14402684
1766154600,13.725,14.64,13.69,14.5,19399823
1766413800,15.025,15.09,14.29,14.4,13007862
1766500200,14.08,14.23,13.635,13.67,11055541
1766586600,13.84,13.93,13.5424,13.92,4460598
1766759400,13.93,13.95,13.38,13.44,8972056
1767018600,13.155,13.6499,13.045,13.21,8623452
1767105000,13.365,13.48,12.7,12.7,13824405
1767191400,12.77,13.07,12.62,12.67,10971587
1767364200,13.01,14.395,12.6456,14.16,21653549
1767623400,14.75,14.955,14.36,14.79,14201203
1767709800,14.79,15.25,14.38,14.98,14039831
1767796200,14.93,15.345,14.585,15.27,17491919
1767882600,15.05,15.49,14.84,15.13,13371856
1767969000,15.5,16.085,15.2,15.32,16439453
1768228200,15.3,16.46,14.99,16.45,20866171
1768314600,16.66,16.95,16.1501,16.75,19757475
1768401000,17.3,17.94,16.76,17.31,27729097
1768487400,16.9,17.33,16.51,16.57,15568033
1768573800,17.73,19.39,17.3,19.24,53701058
1768919400,17.84,18.98,17.8,18.1,25353356
1769005800,18.245,18.75,16.96,17.25,21079177
1769092200,17.41,17.68,16.8,17.08,13647176
1769178600,17.07,18.445,16.55,17.28,22985448
1769437800,17.155,17.17,16.2,16.23,20019387
1769524200,16.32,17.706,16.19,17.55,18849012
1769610600,17.72,18.04,17.17,17.55,14628657
1769697000,17.22,17.3,16.05,16.97,18693900
1769783400,16.44,16.59,15.25,15.47,19706741
1770042600,15.09,15.79,14.8,15.32,15999731
1770129000,15.47,16.2,14.72,15.34,18849662
1770215400,15.02,15.11,13.455,14.14,26099903
1770301800,13.64,14.18,11.81,12.06,32921090
1770388200,13.01,14.565,12.81,14.45,25278003
1770647400,13.9,15.12,13.8,14.97,18191263
1770733800,14.5,15.32,14.5,14.83,14746536
1770820200,14.95,15.115,14.28,14.8,17062489
1770906600,14.78,15.18,13.935,14.2,21918558
1770993000,14.39,15.62,14.01,15.22,19809673
1771338600,14.778,15.065,14.085,14.65,17213254
1771425000,15.25,16.06,15.05,15.49,26762832
1771511400,15.27,16.25,15.12,16.22,17510406
1771597800,16.195,17.185,15.41,15.68,20495644
1771857000,15.17,15.99,15.1,15.65,14920940
1771943400,15.79,16.78,15.39,16.5,17052077
1772029800,17.03,17.408,16.735,17.08,17540098
1772116200,16.8,17.22,16.54,17.09,12662558
1772202600,16.69,16.94,15.78,16.29,15497716
1772461800,15.6,16.9,15.5,16.43,19694042
1772548200,15.915,16.29,15.1484,15.29,24626126