time,open,high,low,close,Volume
1355495400,32.05,33.17,32.03,32.56,5430652
1355754600,32.57001,32.71001,31.39999,32.03,2866189
1355841000,32.39,32.53999,31.7,32.00011,3537746
1355927400,32.10001,33.38,31.89,33.03,4609422
1356013800,32.89999,33.2,32.12,32.25,3324247
1356100200,31.53,31.75,30.67,30.92,4770473
1356359400,30.67,31.38,29.5824,30.25999,1970947
1356532200,30.25999,31.22,30.25,30.63,2393296
1356618600,30.75,30.75,29.57001,30.02,2392715
1356705000,29.74001,30.55,29.48,29.8,2326422
1356964200,29.61,30.91,29.49001,30.85561,3107364
1357137000,32.02,32.5,31.42101,31.99001,3260349
1357223400,32.60001,35.60001,32.3,34.4109,10023129
1357309800,33.45,34.3,33.00999,33.5863,4654551
1357569000,33.08,33.2,31.05,31.37,6684523
1357655400,31.60001,31.92999,30.42999,31.02,4351160
1357741800,31.45,32.45,31.45,31.89999,3702180
1357828200,32.3,32.62,31.6609,31.97,3367251
1357914600,32.08,32.64999,31.95,32.00999,2037001
1358173800,31.84,32,30.57001,31.21001,3283220
1358260200,31.34,31.77,30.75999,31.62,2179798
1358346600,31.39999,31.64,30.17999,30.72,3361563
1358433000,30.89999,31.67999,30.46001,30.53149,3343130
1358519400,30.69,30.87,29.92999,30.08,2931668
1358865000,30.22,31.67,30.21001,31.58,3988632
1358951400,31.83,31.99001,30.99001,31.14999,2407495
1359037800,30.84,31.89999,30.05,30.3,3561092
1359124200,30.34,30.92999,30.08,30.21001,2802164
1359383400,30.58,30.61,29.52,29.7,2808617
1359469800,29.7,29.75999,27.73,27.94,6868879
1359556200,27.95,28.46001,27.67,27.91,2733518
1359642600,27.92,28.3999,27.82001,28.17999,2400461
1359729000,28.41,28.77,27.86,28.33,3495054
1359988200,27.89999,29.39,27.60001,28.34,3656831
1360074600,28.69,30.55,28.25999,29.02,6889020
1360161000,29.82001,31.25,29.62,31.13,6867570
1360247400,31.41,31.64,30.6601,31.11,3402679
1360333800,30.78,30.8,30.03999,30.39999,2301509
1360593000,30.50999,32.58,30.50999,32.36,6616504
1360679400,32.38,33.88,32.10001,33.74001,6596109
1360765800,34.05,34.07001,32.2,32.45,4617484
1360852200,32.23,35.44,32.16,34.92,8206914
1360938600,34.89999,35.41991,33.75,34.09,6288828
1361284200,34.14,36.98,34.14,36.13,9902523
1361370600,36.3,36.82001,35.07001,35.13,7274070
1361457000,34.89,35.439,33.88,34.41,5536762
1361543400,34.3,34.7,32.85001,33.81,6377012
1361802600,34.14999,34.78999,32.7,32.74001,4552242
1361889000,33,33,31.08,31.36,8311273
1361975400,26.84,27.38,25.5,27.03999,22186304
1362061800,27.3801,27.8,25.61,25.84,9645813
1362148200,25.48,25.78999,24.92,25.35001,5626102
1362407400,25.31,25.42,24.46001,24.7,5180188
1362493800,24.78999,25.62,24.78999,25.10001,4788941
1362580200,25.85001,27.22,25.71001,25.89999,8255965
1362666600,26.00999,26.27299,25.35001,26.09801,5861188
1362753000,26.39999,26.7,26.11,26.28999,3282530
1363008600,26.24001,26.94,25.75999,26.59,3240893
1363095000,26.72,27.48,26.38,27.44,4715508
1363181400,27.23,27.53999,26.7,26.89999,3746394
1363267800,26.87,27.325,26.33,27.25999,3660111
1363354200,27.23,27.28,26.39999,26.61,4724984
1363613400,26.06,26.98,25.8,26.92999,3481617
1363699800,26.89999,27.89999,26.48,27.84,5784879
1363786200,27.99001,29.71001,27.85001,29.49001,7684098
1363872600,28.92999,29.56,28.7,29.002,4319484
1363959000,29.06,29.24001,28.33,28.85001,3881086
1364218200,28.91,29,27.8,28.02,3374004
1364304600,28.17,28.19,27,27.60001,3733369
1364391000,27.35001,27.48,26.92,27.42999,3211295
1364477400,27.32001,27.94,26.81,26.96001,2857336
1364823000,27.27,27.5,26.75,26.82001,1875234
1364909400,26.87,27.069,26.13,26.255,2247201
1364995800,26.22,26.86,25.81,26.10001,3215467
1365082200,25.98,26.689,25.71001,26.46001,3020124
1365168600,26.03,26.87,25.66,26.44,2593954
1365427800,26.78,27.72,26.32001,27.03999,5425777
1365514200,27.14,41,26.75999,39.35001,40171184
1365600600,37,38.5,35.95,36.32001,24927008
1365687000,36.37,38.10001,36.10001,37.194,11719852
1365773400,36.95,38.64,36.50999,37.11,7905887
1366032600,36.98,37.64,35.14,36.00999,7373551
1366119000,36.58,38.00999,36.09801,37.561,6718758
1366205400,36.88,39.47,36.25999,37.334,10844457
1366291800,37.58,38.38901,36.77,37.67,5879727
1366378200,38.00999,38.74001,37.75,38.10001,4958223
1366637400,38.67,39.8699,37.41,38.75,6803703
1366723800,39.16,40.60899,38.86,40.34,6348023
1366810200,40.92999,45.92999,40.75,45.11,17169904
1366896600,44.17,45.63,43.37,44.47,9149016
1366983000,44.82001,45.95,43.62,44.08,7681004
1367242200,44.83,46.25,44.30009,45.57001,7103512
1367328600,45.73,47.46001,45.64999,46.56,6772742
1367415000,46.7,46.8,45.38,45.78,4244215
1367501400,45.91,46.72,44.11,46.44,7358480
1367587800,47,47.2,45.62,46,4830309
1367847000,46.63,47.78,46.14999,47.69,8024672
1367933400,46.62,46.72,42.61,43.431,12927176
1368019800,43.53999,45.72,42.89999,45.20799,6547699
1368106200,45.02,48.66,44.75999,47.12,7009766
1368192600,47.03,49.55,47,49.34,7303773
1368451800,50,52.69,49.7,50.45,8103770
1368538200,49.96001,50.88,48.63,50.62,7962766
1368624600,51.41,51.89999,49.60001,50.07001,5089770
1368711000,50.56,50.95,48.24001,48.37,5088801
1368797400,49.41,50.62,48.75,49.98,4927191
1369056600,50.14999,55.5,50.10001,54.89,11547457
1369143000,55.50999,59,53.87,55.63,14506250
1369229400,55.75,55.96001,50.67999,52.39999,10521840
1369315800,50.5,53.10001,49.5,51.58,8361355
1369402200,52.05,53.46001,50.86,51.554,5272352
1369747800,53.17999,53.6255,50.50999,51.11099,6199402
1369834200,50.39999,52.99001,50,51.75999,5679203
1369920600,54.92999,56.75,54.41,55.14999,9468508
1370007000,54.67,56.49001,54.32001,54.39301,5925441
1370266200,54.24001,54.92,51.05,53.33,5821418
1370352600,53.71001,54.67,51.81,52.62,4757871
1370439000,51.60001,52.7,50.33,51.03,4313301
1370525400,51.14,53.28999,51.05,53.25999,4456391
1370611800,53.82001,54.75,52.06,53.09,3871757
1370871000,53.60001,56.7,52.85001,56.39999,6511859
1370957400,55,55.10001,52.07001,52.28999,7892191
1371043800,49.56,51.66,46.63,46.662,14003344
1371130200,45.42999,46.49001,45.14999,45.85001,18870656
1371216600,46.55,46.81,44.3401,44.71001,8953105
1371475800,45.27,46.5,44.8,45.34,7068918
1371562200,45.61,46.5,45.55,45.963,4657301
1371648600,46.14999,46.14999,44,44.53999,5755066
1371735000,43.46001,44.07001,41.67,41.97301,5434980
1371821400,42.35001,42.84,40.46001,41.37,8995785
1372080600,41.89999,42.56,40.82001,41.25,7075430
1372167000,42.0499,44.89,42.03999,44.48,10196078
1372253400,45.39,46.14999,45,45.12,7364988
1372339800,45.77,45.82001,44.44099,44.5,4835461
1372426200,44.83,45.85001,44.12,44.81,12729730
1372685400,45.38,47.44,45.28,46.30701,6358422
1372771800,46.10001,47.42999,44.64999,45.17,5002367
1372858200,44.97,45.97,44.7101,45.55,2535634
1373031000,46.28999,46.8,45.5,46.39999,3524576
1373290200,46.8,47.57001,45.60001,46.06,4283840
1373376600,46.2,46.5499,44.75,44.92,4034618
1373463000,44.82001,45.67,44.17,44.64999,3525541
1373549400,45.34,46.7,44.89999,46.47,4086462
1373635800,46.47,48.64999,46.3,47.64999,5875688
1373895000,48.91,51,48.84,50.27,7975363
1373981400,50,51.60001,48.69,48.91,8085637
1374067800,49.27,49.82001,48.33,49.06,3891806
1374154200,49.31,50.17,48.60001,48.86,3297263
1374240600,48.64999,48.92,47.7,48.31,2933263
1374499800,48.56,50,48.39,49.05,3717032
1374586200,49.58,50.45,47.96001,48,4261813
1374672600,49,49.00999,46.3,46.75999,4317477
1374759000,46.82001,47.62,46.48,47.53999,3346572
1374845400,46.99001,47.92999,46.82001,47.55,2424150
1375104600,48.0901,48.45,47.22,47.3,2586148
1375191000,47.38,48.94,47.21001,48.48,4096434
1375277400,48.59,49.75,48.25999,49.22,4170035
1375363800,49.64,49.89999,47.83,48.14999,3486749
1375450200,48.03,48.3,46.94,47.3,3361812
1375709400,47.46001,48.72,47.41,47.86,3076237
1375795800,48.2,48.45,45.8,46.75,8971910
1375882200,42.17,42.25,39.84,40.47,19931888
1375968600,40.91,41.41,40.08,40.50999,5514180
1376055000,40.55,41.19,40.52,41.02,3490885
1376314200,40.88,41.5,40.52,40.57001,3242462
1376400600,40.39,40.78999,38.63,38.886,7556883
1376487000,39.00999,39.81,38.64999,38.84,3972182
1376573400,38.41,38.48,37.32001,37.63,4418586
1376659800,37.7,38.57001,37.63,38.16,4542883
1376919000,38.28999,38.45,37.03,37.09,3609229
1377005400,37.3,38.67,37.09,38.52,3440659
1377091800,38.27,39.14,37.99001,38.55,3820712
1377178200,39.10001,39.8,38.78,39.02,2457752
1377264600,40.14,40.14,38.61,38.97,3330433
1377523800,39.13,39.46001,38.39999,38.78,2926783
1377610200,38.07001,38.1899,36.73,36.84,4033779
1377696600,36.75999,37.57201,36.60001,36.92,2563450
1377783000,36.96001,38.07001,36.85001,37.52,2610265
1377869400,37.71001,37.88,36.62,36.72,2739230
1378215000,37.14999,37.39999,36.62,36.87,3001125
1378301400,36.85001,36.9799,35.59,36.47,4061173
1378387800,36.58,38.47,36.58,38.36,4805078
1378474200,38.67999,38.75999,36.83,37.45,4153230
1378733400,37.42,38.63,37.27,38.24001,3109108
1378819800,38.83,39.83009,38.72,39.73,4828379
1378906200,39.59,40.39999,39.39999,39.60001,4032248
1378992600,39.8,40.17999,38.3,38.34,3387620
1379079000,38.42,38.60001,37.88,38.22,2149097
1379338200,38.63,39.49001,38.37,38.48,2874996
1379424600,38.53,38.92999,38.03,38.50999,2041500
1379511000,38.84,39.71001,38.47,39.5,3477496
1379597400,39.92999,40.57001,39.53,39.83,3522020
1379683800,39.91,41.07001,38.92999,39.02,4268527
1379943000,39.08,39.64,38.31,38.78,2915023
1380029400,38.71001,39.75,38.2,39.03999,2312427
1380115800,39,41,38.35001,40.39,6090691
1380202200,41.05,41.64999,40.14999,40.45,4388063
1380288600,40.36,41.92,39.7,40.71001,4517863
1380547800,39.83,40.66,39.38,40.21001,3199457
1380634200,40.31,42.3,40,42.14,5161855
1380720600,41.87,43.12,41.55,42.98,5822199
1380807000,43.64999,44.25,41.77,43.08,6342629
1380893400,43.08,44.48,42.55,43.97,5283984
1381152600,43.63,44.98,42.92999,43.74001,4426453
1381239000,43.87,44.87,41.53,42.28999,5468652
1381325400,42.52,42.99001,40.53,41.60001,4627918
1381411800,42.11,43.24001,41.78,42.33,3879163
1381498200,42.94,43.85001,42.28999,43.31,4794813
1381757400,42.75,44.87,42.5,44.36,4980938
1381843800,44.42,45.89,43.48219,43.75,6041832
1381930200,44.72,45.8,44.28,45.76199,5783023
1382016600,45.89999,46.56,45.31,45.972,4806055
1382103000,46.53,50.2,45.85001,49.97,9750137
1382362200,51.75,56,51.67999,53.879,16113246
1382448600,55.39,56.25,51.77,54.5,11605027
1382535000,53.14999,53.75,52.24001,53.082,4553586
1382621400,53.3,54.72,53.25,54.22,4257059
1382707800,54.37,54.7,52.33,52.8,5075098
1382967000,53.09,53.1,49.82,51.48,7020136
1383053400,51.74,52.38,51.22,52.368,3738320
1383139800,52.31,52.96,51.02,51.4,3548456
1383226200,50.11,51.82,48.63,50.306,8410207
1383312600,55.64,59.8,54.77,59.14,28397635
1383575400,60.6,62.1,59.61,61.83,10114881
1383661800,61.63,62.38,60.31,62.12,6112169
1383748200,61.97,62.45,59.541,61.148,5293766
1383834600,60.62,61.01,57.57,58.13,6679716
1383921000,58.81,61.085,58.51,60.5,5308066
1384180200,60.67,63.44,60,63.14,5721106
1384266600,62.85,63.35,60.45,61.72,4947002
1384353000,61.1,64.39,61.1,64.2,4953029
1384439400,64.97,65.99,63.16,64.28,6011712
1384525800,64.47,64.7499,62.82,64.19,3229541
1384785000,64.43,65.2,62.29,62.87,3877049
1384871400,63,63.44,59.69,60.42,4878430
1384957800,60.64,62.2,60.52,60.88,3589565
1385044200,61.21,62.399,60.96,61.98,2849631
1385130600,62.03,62.27,60.02,60.35,2611124
1385389800,60.65,60.8519,58.15,59.94,4487308
1385476200,59.79,60.38,58.12,59.37,3513751
1385562600,59.44,60.94,58.8596,60.53,3375390
1385735400,60.95,61.4,59.7,59.82,1698565
1385994600,59.77,60.49,58.9001,59.81,2403767
1386081000,59.59,60.48,59,59.62,2330426
1386167400,59.14,61.85,59.12,60.8,4394778
1386253800,60.91,61.1799,59.56,59.78,3383455
1386340200,60.23,60.48,57.751,58.01,3479222
1386599400,58.03,58.792,55.77,56.07,4469450
1386685800,56.02,57.78,55.73,56.49,5084480
1386772200,56.71,56.9,53.9,54.2,4808042
1386858600,54.07,55.47,53.07,54.39,4248655
1386945000,54.5,55.2,53.48,53.79,3436412
1387204200,54.47,55.5,53.72,54.7,2732820
1387290600,54.59,55.95,54.08,55.51,2929712
1387377000,55.61,56.1699,53.45,55.42,4160717
1387463400,55.05,57.3672,54.7,56.76,3318778
1387549800,57.13,57.6899,55.23,55.87,4959285
1387809000,56.21,56.8,55.48,55.76,2373244
1387895400,54.7,55.89,54.66,55.29,1238337
1388068200,55.57,56.17,55.28,55.68,1755994
1388154600,55.93,56.55,55.02,55.26,1623247
1388413800,55.29,56.34,55.27,55.6,1894369
1388500200,55.85,56.219,54.3,54.64,2812473
1388673000,54.28,57.58,54.01,57.44,5409536
1388759400,57.59,58.3,55.85,56.74,4120834
1389018600,54.25,54.63,51.01,51.26,11796297
1389105000,52.15,53.89,52.06,52.49,6662375
1389191400,52.29,52.89,51.41,51.68,4933490
1389277800,52.03,52.85,51.81,52.11,4166422
1389364200,52.31,52.69,51.38,51.97,2832798
1389623400,51.92,51.98,49.41,49.86,4423269
1389709800,50.12,51.5,50.08,51.05,4565462
1389796200,51.47,52.56,51.35,51.99,3413632
1389882600,52.8,53.65,51.86,52.2,5123237
1389969000,52.02,53.17,51.6,51.88,4050124
1390314600,51.98,52.384,50.45,51.81,3269808
1390401000,52.06,52.45,51.56,52.04,2554325
1390487400,51.55,51.8,49.91,50.44,3246065
1390573800,49.75,49.99,48.11,48.67,3886560
1390833000,48.33,50.1186,47.75,48.84,3209120
1390919400,49.38,50.45,49.02,50.36,2523030
1391005800,49.5,50.915,49.11,49.7,2673807
1391092200,50.46,52.13,49.79,51.47,2900986
1391178600,50.46,51.918,50.3,50.58,2654899
1391437800,50.41,50.85,47.64,48.35,3975858
1391524200,48.9,49.43,48.35,49.11,2257952
1391610600,48.27,48.85,47.0411,47.73,3399289
1391697000,48.01,48.95,47.81,48.2,2307703
1391783400,48.92,49.92,48.3,49.83,2865139
1392042600,49.97,51.48,49.7,51.1,3322977
1392129000,51.45,52.33,50.85,51.46,3298383
1392215400,51.78,52.78,51.3,51.579,2329286
1392301800,50.54,52.94,50.03,52.85,4082339
1392388200,53.2,53.66,52.01,53.17,3189603
1392733800,53.68,57.17,53.54,56.86,5920840
1392820200,56.63,57.95,55.6086,55.97,4692174
1392906600,56.07,57.3,55.12,56.88,3016012
1392993000,57.37,57.54,55.7,55.93,2779129
1393252200,56.59,58.85,56.37,57.75,4119434
1393338600,58.5,58.75,56.91,58.03,7488828
1393425000,50.15,53.6,49.52,52.74,16564080
1393511400,54.085,57.3,54,57.19,9860249
1393597800,57.14,57.74,56.29,57.07,4570446
1393857000,55.71,57.36,55.1,55.96,3894712
1393943400,56.63,58.05,56.25,57.71,3990130
1394029800,57.5,59.1,57.37,58.15,3493830
1394116200,58.39,59.44,57.53,58.24,3097014
1394202600,58.63,58.7,55.72,56.11,4287466
1394458200,55.94,56.36,54.43,54.84,2848847
1394544600,55.07,55.71,53.09,53.48,3071657
1394631000,53.11,54.49,52.79,53.7,2202285
1394717400,53.97,54.46,52.42,53.03,2940678
1394803800,52.68,54.339,52.68,54.03,2526723
1395063000,55.38,56.99,54.7501,56.52,4577402
1395149400,56.55,58.2,56.13,57.56,4406301
1395235800,57.1,70.99,56.96,69.4,30879295
1395322200,70.17,73.74,68.53,70.48,21778983
1395408600,70,73.97,69.55,73.37,11892671
1395667800,72.86,74.84,71.0203,73.87,8159236
1395754200,74,74.2,70.46,72.08,6875061
1395840600,71.98,72.5,68.37,68.49,6229614
1395927000,68.58,70.5,67.18,69.75,5715888
1396013400,70.31,71.15,68.38,68.64,3744639
1396272600,69.55,70.49,68.94,69.79,2961170
1396359000,70.04,71.62,69.91,70.89,3783961
1396445400,71.06,72.79,70.31,71.93,3803984
1396531800,71.9,72.1,67.641,68.46,4683804
1396618200,69.68,72.96,68.66,69.72,6893975
1396877400,69.12,71.21,67.05,68,5185658
1396963800,68.71,74,68.4611,72.77,6768097
1397050200,73.26,74.18,71.31,73.34,5437646
1397136600,73.18,73.7799,69.3,69.63,4778583
1397223000,68.7,70.53,66.95,67.59,4979156
1397482200,68.48,69.28,66.77,68.3,3594866
1397568600,68.24,68.6,63.31,66.39,5159811
1397655000,67.05,67.95,65.34,67.59,2723462
1397741400,67.86,68.9499,66.7,67.32,2536692
1398087000,67.42,69.23,66.5,69.21,2406331
1398173400,70.04,72.2,69.2,71.12,3454727
1398259800,71.18,72.41,69.9,70.04,2939260
1398346200,70.84,71.46,68.77,70.62,2554485
1398432600,69.69,71.3298,68.2,68.63,2649959
1398691800,68.61,69,64.09,65.92,3863302
1398778200,66.48,66.83,64.6,66.28,2449252
1398864600,66.1,67.5,65.7116,67.49,2362399
1398951000,66.96,70,66.95,67.27,2727069
1399037400,67.72,68.87,67.05,68.03,2213722
1399296600,67.19,68.9,66.71,68.42,2162091
1399383000,68.6,69.39,66.65,67.45,3686277
1399469400,67.8,69.29,61.81,63.57,8466298
1399555800,64.11,66.92,62.59,63.43,4475470
1399642200,63.38,64.69,62.38,63.21,2812194
1399901400,63.55,65.29,62.81,63.83,3370120
1399987800,63.59,64.19,62.7,63.05,3299031
1400074200,62.69,63.49,61.7,61.89,2342681
1400160600,61.47,61.5,58.82,60.1,3674567
1400247000,59.62,60.23,58.57,59.64,2438962
1400506200,58.99,60.49,58.84,59.83,2280928
1400592600,59.88,59.97,57.8,58.63,3103473
1400679000,59.21,60.48,58.69,60.39,2837172
1400765400,60.66,61.74,60.15,60.631,2161428
1400851800,60.71,61.3,60.02,60.67,1634299
1401197400,61.25,62.48,60.97,61.26,2480844
1401283800,62.16,63.35,61.79,61.87,2519901
1401370200,62.02,63.98,62.01,63.41,2734130
1401456600,63.61,63.98,61.27,61.78,2448522
1401715800,62.29,62.99,61.12,62.7,2092742
1401802200,62.82,63.45,61.7,62.93,2318788
1401888600,64.24,66.88,63.58,65.39,7911694
1401975000,65.45,65.8299,63.67,64.02,3062982
1402061400,64.21,64.64,62.66,62.88,2613296
1402320600,62.68,63.75,62.04,62.57,1867954
1402407000,62.56,63.15,61.81,62.32,1761275
1402493400,61.92,64.77,61.84,63.54,3019811
1402579800,63.7,64.54,62.76,63.9,2820907
1402666200,63.68,65.03,63.13,64.47,1824588
1402925400,64.61,67,64.5,66.85,4145627
1403011800,66.85,69.599,66.66,69.13,4879819
1403098200,69.03,69.94,68.16,69.75,3675210
1403184600,69.69,70,67.76,68.27,2555198
1403271000,68.57,69.49,68.0101,68.9,2606888
1403530200,68.9,71.57,67.89,70.15,5198719
1403616600,69.97,70.94,68.43,68.71,3282628
1403703000,68.5,70.8,68.18,70.18,2154531
1403789400,70.21,72.46,70.15,71.47,4030481
1403875800,71.17,72,70.85,71.4,2377162
1404135000,71.85,72.68,70.84,71.06,2223235
1404221400,71.52,71.58,69.7,70.69,2213054
1404307800,71.05,71.8,69.605,69.845,1824208
1404394200,70.05,70.42,69.02,69.5,1078027
1404739800,69.51,69.95,66.72,67.72,2983183
1404826200,67.19,67.71,62.41,64.39,7268781
1404912600,64.69,65.74,64.11,64.42,2568023
1404999000,62.66,64.21,62.04,63.67,2820544
1405085400,64.03,64.4,62.23,63.43,2711955
1405344600,63.88,64.24,63.08,63.27,1560824
1405431000,63.45,64.29,62.6,62.95,1502773
1405517400,63.42,63.79,63.045,63.46,1866075
1405603800,63.05,63.65,61.26,61.45,2605724
1405690200,61.57,62.6728,60.75,62.36,2349640
1405949400,62.21,63.08,61.76,62.9,1556216
1406035800,63.5,63.95,62.92,63.47,1336037
1406122200,63.47,63.62,62.53,62.81,1487688
1406208600,62.96,63.54,62.03,63.3,1573517
1406295000,63.17,64.42,62.84,64.05,2376968
1406554200,65.31,66.68,65.31,65.53,3319048
1406640600,66.2,66.5,65.32,65.39,2013553
1406727000,66,66.15,65.3207,65.58,1389851
1406813400,65,65.3599,62.81,63.11,2569894
1406899800,62.49,62.99,60.58,62.03,2985216
1407159000,62.4,64,62.4,63.14,2523855
1407245400,63.95,64.77,62.86,63.66,4083618
1407331800,61.68,65.9395,60.15,65.604,9419748
1407418200,66.34,68.94,65.7201,68.17,6131446
1407504600,68,68.49,67.01,67.83,2726038
1407763800,68.03,70.36,67.882,69.17,2899896
1407850200,69.63,70.05,68.3,69.07,2083325
1407936600,69.64,69.97,68.905,69.5,2106584
1408023000,69.6,69.8,68.0301,69.21,1638449
1408109400,69.47,70.02,68.27,69.12,1994364
1408368600,69.55,70.69,69.34,70.28,1965490
1408455000,70.34,71.15,70.0514,70.16,1617209
1408541400,69.9,71.07,69.33,70.83,1484820
1408627800,70.83,71,70.09,70.7,1113929
1408714200,70.5,70.7,69.5836,70.46,1116942
1408973400,71.04,71.75,70.56,71.16,1252199
1409059800,70.8,71.365,70.25,71.02,1013504
1409146200,70.96,71.35,69.8,70,1451888
1409232600,69.32,69.8,68.27,69.15,1860316
1409319000,69.21,69.95,69.21,69.68,973708
1409664600,69.71,70,68.91,69.405,1065181
1409751000,69.74,72.346,69.65,71.66,3100906
1409837400,71.63,73.5,71.25,71.55,2439503
1409923800,71.45,72,70.4202,71.47,1311750
1410183000,71.55,73.07,71.2956,71.79,1419496
1410269400,71.66,72.4664,70.73,70.895,1443484
1410355800,70.7,71.43,69.51,70.97,1622335
1410442200,70.7,71.64,70.3,71.62,1170707
1410528600,71.53,73.78,71.42,72.78,3085675
1410787800,72.64,72.98,69.8,69.915,2251713
1410874200,69.7,70.74,68.55,70.69,1547737
1410960600,71.16,72.42,70.94,71.69,1608845
1411047000,72.02,72.2,71.31,71.69,1185717
1411133400,71.89,72.33,70.16,70.87,2441374
1411392600,70.44,70.83,66.91,67.17,2706717
1411479000,66.93,69.2,66.93,67.75,1827290
1411565400,67.85,68.98,67.2,68.43,1597060
1411651800,68.47,68.5,66.8601,67.2,1405055
1411738200,67.58,68.07,67.01,67.97,1033882
1411997400,66.87,67.86,66.18,67.515,1256339
1412083800,67.61,67.63,64.93,65.81,2347169
1412170200,65.82,65.87,63.25,63.71,1677077
1412256600,63.9,64.85,62.1601,63.83,2241358
1412343000,64.52,65.07,63.87,64.1,1345453
1412602200,64.31,64.43,61.61,62.37,2402272
1412688600,62.21,62.22,60.39,60.42,2139440
1412775000,60.4,62.66,58.8105,62.19,2680469
1412861400,61.34,61.5,56.47,56.49,5329895
1412947800,55.79,56.08,53.53,53.72,4532252
1413207000,53.91,54.728,50.36,50.51,4621035
1413293400,51.37,53.07,50.13,52,4162763
1413379800,50.85,53.82,50.51,53.24,4498121
1413466200,52.23,55.14,51.6,54.22,2546485
1413552600,55.39,55.98,52.75,53.23,2861449
1413811800,53.23,54.61,52.61,54.37,1911271
1413898200,55.03,56.6,54.93,56.35,2156995
1413984600,56.49,56.99,54.51,54.75,2487594
1414071000,55.31,56.86,55.11,56.27,2036371
1414157400,56.14,56.93,55.13,56.44,1442898
1414416600,56.01,56.01,53.97,54.29,2398815
1414503000,54.85,57.42,54.06,57.38,2794087
1414589400,57.44,58,55.27,56.16,1883186
1414675800,55.85,56.395,54.61,56.1,2017934
1414762200,57.4,58.97,56.6,58.9,2533632
1415025000,58.78,59.78,58.06,58.31,1849915
1415111400,57.93,58.41,56.81,56.87,1667861
1415197800,57.05,57.73,56.03,56.26,1819350
1415284200,56.45,57.35,55.8,56.41,3206528
1415370600,52.72,53.48,50,50.29,11166076
1415629800,50.79,52.6,50.7,51.96,4773135
1415716200,51.91,52.35,50.76,50.99,2189000
1415802600,51.11,51.39,49.18,49.59,3819022
1415889000,49.25,49.4,47.13,47.56,4233662
1415975400,47.31,48.6627,45.94,48.49,3790814
1416234600,48.1,49.15,47.2,47.95,2503385
1416321000,48.41,49.68,48.25,49.46,2944397
1416407400,49.5,49.69,48.25,48.82,2017399
1416493800,48.51,49.91,47.88,49.43,1720382
1416580200,50.22,50.78,49.63,49.76,1933213
1416839400,49.58,50.71,49.5,50.66,1893511
1416925800,50.67,51.1,50.1524,51.04,1839790
1417012200,50.96,51.87,50.8,51.525,1506865
1417185000,50.24,50.25,47.89,48.8,2979680
1417444200,48.29,48.78,45.46,45.76,3813297
1417530600,45.57,46.91,45.52,46.42,1724806
1417617000,46.6,47.56,46.51,47.12,2582184
1417703400,47.11,47.23,46.14,46.72,1653290
1417789800,46.88,47.55,46.65,46.91,1331359
1418049000,46.75,47.0435,44.41,44.65,2571406
1418135400,44,45.1999,42.68,45.06,2675720
1418221800,44.89,45.2,42.92,43.07,2819987
1418308200,43.4,44.27,42.84,43.04,1374144
1418394600,42.58,43.11,42.03,42.12,1827543
1418653800,42.36,42.985,41.44,41.66,1728410
1418740200,41.26,42.7,40.78,40.9,4963674
1418826600,41.23,42.41,40.54,42.35,2393030
1418913000,43.36,45.7,43.36,45.21,4563272
1418999400,45.44,45.59,44.3,45.03,3501270
1419258600,45.05,45.23,43.84,43.84,2204922
1419345000,43.84,44.75,43.75,44.06,2001250
1419431400,43.99,44.24,43.27,43.67,862545
1419604200,43.97,45.43,43.8,44.34,1518428
1419863400,44.26,45,44.161,44.42,1207367
1419949800,43.94,44.65,43.63,44.52,1458604
1420036200,44.52,45.39,43.47,44.595,1990914
1420209000,44.72,45.34,43.72,44.545,1873765
1420468200,43.88,43.98,41.51,41.83,3668037
1420554600,42.01,42.01,39.88,40.86,3712221
1420641000,42,42.4699,41.4,41.75,2869783
1420727400,42.39,43.68,42.03,43.63,3211906
1420813800,43.91,44.44,42.83,44.2,1965568
1421073000,43.81,43.89,42.15,42.83,2358920
1421159400,43.2,44.49,42.3301,42.71,2455092
1421245800,42.04,42.8167,41.3899,42.28,2131082
1421332200,42.75,43.09,40.12,40.16,2500805
1421418600,40.18,41.06,39.81,40.72,2787642
1421764200,40.67,40.72,39.18,39.83,2071031
1421850600,39.77,41.9,39.6902,41.4,2434666
1421937000,41.74,42,40.57,41.895,1742337
1422023400,41.74,43.095,41.5,42.54,1797404
1422282600,42.35,44.38,42.03,44.17,1745139
1422369000,43.3,44.04,42.69,43.715,1916320
1422455400,43.66,44.48,42.53,42.7,2192635
1422541800,42.88,42.99,41.15,42.36,1604827
1422628200,41.92,43.22,41.82,42.32,1944543
1422887400,42.68,45.6394,42.59,45.48,3311175
1422973800,46.19,48.62,46.15,48.16,4290358
1423060200,47.46,47.95,46.22,46.98,2236844
1423146600,47.24,47.65,46.29,46.9,1766525
1423233000,46.99,47.87,46.75,46.9,1406843
1423492200,46.78,47.68,46.06,46.33,2359596
1423578600,46.7,48.69,44.62,48.54,9140360
1423665000,49.85,50.29,48.12,48.77,12070024
1423751400,49.27,49.85,48.71,49.42,3267536
1423837800,49.64,49.99,48.62,48.84,2695881
1424183400,49.16,49.85,48.33,49.62,2467805
1424269800,49.6,50.79,48.59,48.84,3780889
1424356200,48.07,48.98,47.35,48.41,1971678
1424442600,48.66,49.62,48.2,49.02,2090984
1424701800,49.05,49.97,48.5,49.64,3228076
1424788200,56.84,57.89,54.63,54.7,18453713
1424874600,56.15,59.24,56.12,58.54,15704706
1424961000,57.8,59.56,56.7,58.68,6521110
1425047400,58.9,60.21,58.22,59.745,4014570
1425306600,59.41,61.21,59.03,61.11,3994629
1425393000,60.93,61.42,60.12,60.69,3146845
1425479400,60.52,61.31,60.05,61.2,2505226
1425565800,61.4,61.9,60.92,61.66,2339606
1425652200,61.11,62.27,60.31,60.61,2342068
1425907800,60.82,61.99,60.3,61.06,2701424
1425994200,60.31,60.51,59.5,59.86,2159441
1426080600,60.14,60.33,59.27,59.29,1897434
1426167000,59.48,60.75,59.39,60.61,2075551
1426253400,60.22,60.78,59.76,60.6,1570151
1426512600,60.27,60.9799,59.13,60.22,1964537
1426599000,59.89,61.38,59.7,60.49,2311842
1426685400,60.08,61.87,59.852,61.43,2026308
1426771800,61.12,61.5764,60.12,60.3,1776466
1426858200,60.67,60.99,59.7,60.26,2893360
1427117400,60.06,61.15,59.74,60.58,2197903
1427203800,60.36,63.1,60.36,62.515,2890326
1427290200,62.7,62.79,60.05,60.09,2662241
1427376600,59.53,60.39,58.61,59.62,2022704
1427463000,59.4,60.09,58.79,59.61,1321991
1427722200,59.72,61.05,59.72,60.69,1535358
1427808600,60.03,60.69,59.422,59.79,1797348
1427895000,59.84,61.31,59.01,60.83,1760435
1427981400,61,61.95,60.78,61.19,1228124
1428327000,60.72,62,60.5,61.51,1224486
1428413400,61.56,62.65,61.24,61.27,1456007
1428499800,61.58,61.77,60.0101,60.645,1894449
1428586200,60.5,61.49,60.5,61.18,968157
1428672600,61.36,61.7,61.02,61.3,774350
1428931800,61.4,61.7,61.09,61.41,823529
1429018200,61.54,61.7,60.52,61.07,918507
1429104600,61.46,64.09,60.9,63.735,3716840
1429191000,63.71,63.71,62.13,62.89,1939281
1429277400,62.34,62.84,61.281,61.94,1798138
1429536600,62.26,62.57,61.52,62.25,1077518
1429623000,62.45,63.12,61.8,63.11,1453855
1429709400,63.44,64.4,63,63.885,1934582
1429795800,64,65.09,63.3,64.75,1584138
1429882200,65.42,65.5,63.16,63.43,1507253
1430141400,63.86,64.25,62.71,62.915,1332511
1430227800,62.87,63.71,62.1,63.57,1585298
1430314200,63.13,63.47,61.69,61.94,1979674
1430400600,61.73,62.355,59.36,59.67,3440715
1430487000,57.5,59.97,56.6,57.34,6218669
1430746200,57.13,57.82,56.32,56.78,2829955
1430832600,56.83,57.78,56.5,56.81,2777164
1430919000,57.03,57.22,55.15,55.66,2207895
1431005400,55.29,56.566,54.57,56.32,2771852
1431091800,56.91,56.97,56.1,56.37,1670813
1431351000,56.41,56.932,56.3,56.38,1300116
1431437400,56.19,56.47,55.37,56.05,1259878
1431523800,56.14,57.15,56.01,56.77,1040378
1431610200,57.05,57.09,56.23,56.56,1132042
1431696600,56.35,56.97,56.15,56.72,839636
1431955800,56.82,56.83,56.03,56.18,1121314
1432042200,56.18,56.54,55,55.28,1326588
1432128600,55.41,55.727,54.7,54.92,1297399
1432215000,55.2,56.66,55.15,55.89,1481451
1432301400,55.75,56.03,54.9,55.07,1188863
1432647000,53.03,53.03,50.71,51.06,5167624
1432733400,51.05,51.6,50.56,51.28,2291615
1432819800,51.24,51.52,50.45,50.75,1650809
1432906200,50.52,50.7,49.7,49.71,1847874
1433165400,49.76,50.53,49.26,49.9,1991139
1433251800,49.8,51.6,49.4,50.95,1998579
1433338200,50.97,51.74,50.61,50.83,1570855
1433424600,50.6,50.792,49.5,49.67,2103629
1433511000,49.87,51.47,49.38,51.3,2669534
1433770200,51.05,51.49,49.61,49.85,1820213
1433856600,49.95,50.24,49.01,49.17,1410491
1433943000,49.48,51.37,49.22,50.29,2447037
1434029400,50.37,50.8,50.02,50.43,1168298
1434115800,50.29,50.98,50.12,50.48,1135571
1434375000,50.08,53.67,50.03,53.475,3979866
1434461400,53.37,53.67,51.97,52.15,2418452
1434547800,52.46,53.13,51.22,51.76,2199482
1434634200,52.13,52.48,51.7,51.98,1753546
1434720600,52.04,52.97,50.64,51.03,6904852
1434979800,51.16,51.609,50.8145,51.11,1153091
1435066200,51.29,52.1,50.88,51.49,1556653
1435152600,51.25,51.94,51.1,51.36,1772685
1435239000,51.63,51.87,50.9,50.97,1494392
1435325400,50.95,51.1,49.65,49.95,1746050
1435584600,48.95,49.17,47.7757,47.84,2852989
1435671000,48.42,48.4399,46.84,46.98,2494352
1435757400,47.32,47.75,45.65,46.04,2376607
1435843800,46.03,46.28,45.14,45.17,2389303
1436189400,44.88,44.92,43.95,44.19,2034984
1436275800,44,45.14,42.71,45.12,3769519
1436362200,44.68,44.995,43.16,43.27,2159215
1436448600,44.5,45.22,43.57,43.65,1883295
1436535000,44.31,44.75,43.62,44.03,1349537
1436794200,44.55,46.06,44.44,46.01,2454196
1436880600,46.44,47.01,45.57,45.81,2941075
1436967000,45.72,45.94,44.11,44.49,2210889
1437053400,44.76,45.2076,44.11,44.76,1245210
1437139800,44.62,44.7,43.75,43.95,1418141
1437399000,44.49,44.5,43.23,43.28,1841566
1437485400,43.11,43.98,42.86,43.48,1453907
1437571800,43.1,43.25,42.2501,42.5,1742171
1437658200,42.57,43.64,42.57,42.74,1767777
1437744600,42.92,43.25,42.25,42.97,1819010
1438003800,42.43,42.62,41.56,42.27,1888927
1438090200,42.5,43.66,41.661,43.38,1720614
1438176600,43.51,45.96,43.13,45.54,2765905
1438263000,45.89,45.93,44.58,45.31,1597147
1438349400,45.31,45.4,44.26,44.3,1529017
1438608600,44.7,44.8,43.28,43.69,1938954
1438695000,43.7,44.79,43.4201,44.5,3645769
1438781400,50.12,53.09,49.01,51.92,11124087
1438867800,52.45,53.48,50.1,51.2,4630244
1438954200,51.31,52.6999,50.804,52.08,2783495
1439213400,52.5,53.63,52.45,53.48,2666898
1439299800,52.77,53.2,51.31,51.44,2516808
1439386200,50.77,52.19,49.73,51.88,2695382
1439472600,51.62,52.5,51.01,51.11,1470768
1439559000,51.19,52.3,51.14,51.51,1140052
1439818200,51.09,51.94,50.65,51.74,1346549
1439904600,51.67,52.3,50.93,51.63,1611685
1439991000,51.07,51.28,48.85,49.94,3084073
1440077400,49.37,49.6,47.8499,47.91,2059247
1440163800,47.29,48.05,45.26,45.27,3651671
1440423000,40.8,46.304,40.25,43.61,3824825
1440509400,45.99,47.37,44.3105,44.38,2834096
1440595800,45.71,46.23,44.04,46.09,1990069
1440682200,47.47,48.05,46.4,47.84,2079583
1440768600,47.35,49.22,47.06,47.8,1910914
1441027800,47.5,48.7968,46.8201,47.84,1218711
1441114200,46.93,48.79,46.39,47.26,1915106
1441200600,48,48.4099,46.85,47.96,1596280
1441287000,48.01,49.38,47.9,48.29,1329643
1441373400,47.48,48,46.61,46.94,1091025
1441719000,47.72,49.14,47.5,49.11,1412637
1441805400,49.76,50.46,47.6,47.73,1683180
1441891800,48.36,49.32,47.9,48.22,1581210
1441978200,47.82,48.86,47.71,48.79,1339286
1442237400,48.37,48.46,45.85,46.2,2583141
1442323800,46.2,46.79,45.6,46.58,1649928
1442410200,46.65,48.41,46.61,47.76,1792081
1442496600,47.95,48.05,46.75,46.92,1391927
1442583000,46.19,46.42,45.08,45.33,3862882
1442842200,45.57,45.92,44.8,45.14,1247043
1442928600,44.28,44.76,43.9,44.42,1599698
1443015000,44.62,44.87,43.305,43.37,1631993
1443101400,43.1,43.9,42.15,43.64,1695127
1443187800,44.21,44.83,42.94,43.29,1206112
1443447000,43,43.2,40.51,40.81,1870736
1443533400,41.01,42.33,40.72,41.02,1766468
1443619800,41.49,42.85,41.48,42.75,1496177
1443706200,42.56,43.35,41.97,42.68,1469451
1443792600,42.24,45.47,41.9,45.46,1747270
1444051800,45.89,47.23,45.67,46.66,1604118
1444138200,46.77,49.16,46.6801,48.88,2697492
1444224600,49.86,50.83,48.22,49.91,2566556
1444311000,49.85,51.45,49.45,51.12,1604603
1444397400,51.12,51.6,50.44,51.2,1399408
1444656600,51.21,51.31,50.11,50.83,1270928
1444743000,50.46,51.8,50,50.58,1175390
1444829400,50.81,52.45,50.5,51.95,1383141
1444915800,52.26,52.75,51.56,52.48,1533776
1445002200,52.55,52.63,51.08,52.05,1160839
1445261400,51.7,52.29,50.88,51.19,980610
1445347800,51.12,52.49,50.81,51.77,951530
1445434200,51.87,51.9,49.84,49.94,1516263
1445520600,50.55,50.95,49.1,49.89,1718893
1445607000,50.31,50.89,49.22,50.43,1376126
1445866200,50.97,51.69,49.81,50.57,1251040
1445952600,50.19,50.36,48.58,49.16,1284651
1446039000,49.39,50.93,48.8801,50.85,1772112
1446125400,51.35,52.15,50.25,50.99,3001361
1446211800,56.9,58.43,54.65,57.07,6634060
1446474600,56.65,57.82,55.82,57.78,2937831
1446561000,57.44,59.55,57.28,58.35,2655680
1446647400,58.4,58.875,57.71,58.66,1728657
1446733800,58.94,59.41,57.7001,58.33,1642417
1446820200,58.19,59.85,58.05,59.67,1505433
1447079400,59.41,59.8,57.61,58.39,1523514
1447165800,58.52,58.6,54.63,55.87,3854236
1447252200,56.02,56.3,54.073,54.75,2317729
1447338600,54.41,55.4,53.43,53.92,2147034
1447425000,53.72,54.07,52.16,52.72,2263888
1447684200,52.78,54.29,52.43,54.18,1389950
1447770600,54.55,54.7,52.39,52.75,1822426
1447857000,53.07,54.13,52.83,53.94,1489486
1447943400,53.4,53.57,52.8,53.28,961416
1448029800,53.4,54.76,53.34,54.44,1344435
1448289000,54.32,55.32,53.63,54.88,1401735
1448375400,54.59,56.37,54.39,56.17,1230737
1448461800,56.04,57.26,55.8401,56.4,1092279
1448634600,56.17,56.19,55.3851,56.1,686101
1448893800,56.18,57.1301,56.1,56.51,1472559
1448980200,56.6,58.29,56.6,58.18,1608135
1449066600,58.06,60.32,57.9501,59.67,3719886
1449153000,60,62.05,58.66,59.46,2700902
1449239400,59.06,60.01,58.4901,59.84,1538900
1449498600,59.29,59.59,58.22,59.32,1852124
1449585000,58.43,59.25,56.96,59.07,2753381
1449671400,59.46,61.92,58.42,58.85,3186339
1449757800,54.32,55.39,52.51,54.35,7515666
1449844200,53.95,56.6,53.5,55.26,3212044
1450103400,55.79,58.48,55.04,58.41,3444346
1450189800,58.86,60.35,58.12,59.83,4589760
1450276200,63.52,66.35,63.4,65.62,7207179
1450362600,66.5,66.65,64.03,64.48,3326292
1450449000,63.84,65.342,63.29,63.41,3311472
1450708200,64.65,66.15,64.5,65.74,2778858
1450794600,65.47,65.633,63.73,64.99,1872257
1450881000,65.49,66.52,65.35,66.17,1334898
1450967400,66.26,67.8,66.25,66.92,921202
1451313000,66.53,66.8,65.11,66.4,1026263
1451399400,66.7,66.9488,65.45,66.41,1049369
1451485800,66.23,67.16,66.0104,66.99,1342517
1451572200,66.51,67.0747,65.99,65.99,1515486
1451917800,64.71,66.76,64.1,66.72,2126915
1452004200,70.56,72.12,70.11,72.03,6385360
1452090600,71,71.45,68.42,69.52,2947128
1452177000,67.64,68.7,65.35,66.22,4091021
1452263400,67.43,67.95,64.73,65.62,3035650
1452522600,65.84,66.72,64.37,65.42,1744614
1452609000,65.98,66.54,63.07,65.22,2307841
1452695400,65.52,66.27,61.08,61.37,2544384
1452781800,60.8,62.6,57.54,61.78,3851460
1452868200,59.58,61.64,58.8,61.32,2377276
1453213800,62.21,63.15,60.74,61.49,2236286
1453300200,60.4,62,57.2,61.27,3311512
1453386600,61.29,64.5316,60.86,63.23,2420039
1453473000,65.1,66.94,64.29,66.44,3006038
1453732200,66.56,66.59,63.93,64.14,1865981
1453818600,64.76,67.6,64.44,67.4,1920822
1453905000,66.93,67.73,65.22,65.64,1893419
1453991400,66.85,67.4299,64.18,65.88,2228212
1454077800,65.92,68.7,65.8,68.66,2328829
1454337000,68.1,69.766,66.74,69.13,1963509
1454423400,68.05,68.74,65.61,66.13,1967549
1454509800,66.94,67.15,64.1,66.49,1760678
1454596200,66.39,68.49,66.05,67.2,1672840
1454682600,66.71,66.88,64.86,65.07,1656908
1454941800,63.5,65.07,62.96,64.18,2133231
1455028200,63.03,66.85,62.54,66.48,2393141
1455114600,64.66,65.72,63.79,64.41,2386873
1455201000,63,64.07,60.1,61.36,3051960
1455287400,62.3,62.8,58.08,60.99,2939943
1455633000,61.98,63.314,61.665,63.05,1652252
1455719400,63.7,64.2,62.17,63.47,2212910
1455805800,64.29,64.83,62.5,63.54,1803768
1455892200,63.03,63.5,61.44,62.76,1721566
1456151400,63.56,65.56,63.453,64.23,2374541
1456237800,63.8,64.56,61.265,61.79,3264088
1456324200,63.96,70.57,63.95,69.45,7957889
1456410600,69.33,72.518,68.54,72.25,5107476
1456497000,72.25,73.37,69.88,70.25,3541729
1456756200,70.28,73.71,70.0211,71.87,3395259
1456842600,71.36,71.41,68.37,69.02,3348255
1456929000,68.95,70.6,68.53,69.14,2038119
1457015400,69.58,70.5,68.66,69.71,1706355
1457101800,70.16,71.21,68.71,69.52,1926540
1457361000,69.17,70.4903,68.35,69.18,1358070
1457447400,68.45,69.17,66.5811,66.87,1725330
1457533800,67.29,68.75,66.7135,68.49,1566134
1457620200,68.32,69.53,67.81,69.25,1666307
1457706600,70,70.56,68.51,70.32,1861705
1457962200,70.35,71.18,69.6,70.89,1303922
1458048600,70.25,70.99,69.86,70.78,1283213
1458135000,70.15,73.1899,70.03,72.06,2329894
1458221400,72.39,73.53,71.7,73.21,1635269
1458307800,73.43,74.29,72.3,72.44,2284795
1458567000,72.21,72.62,71.0405,71.24,1599139
1458653400,70.62,71.57,70.23,71.29,1368996
1458739800,71.25,71.3,68.14,68.23,1925118
1458826200,67.98,68.84,66.6101,68.46,1511970
1459171800,68.55,69.3,67.53,68.4,1335381
1459258200,68.15,69.72,67.7575,69.3,1261047
1459344600,69.88,70.285,68.91,68.97,1268482
1459431000,68.73,69.64,68.4001,68.47,1392925
1459517400,67.88,68.47,66.78,67.48,1794893
1459776600,67.36,69.01,67.09,67.24,1578302
1459863000,65.23,65.97,62.3,62.42,4834685
1459949400,62.92,63.59,61.47,62.76,3187946
1460035800,62.43,62.7999,60.76,61.26,2425536
1460122200,61.95,62.14,60.2735,60.63,2148286
1460381400,61,61.213,59.63,59.96,2363214
1460467800,59.93,60.85,59.5,60.34,1488269
1460554200,61.25,63.094,61.04,61.65,2624000
1460640600,61.58,61.62,60.38,60.42,1801817
1460727000,60.33,60.938,59.27,59.59,1692934
1460986200,59.43,60.685,59,60.36,1209641
1461072600,60.59,61.49,60.17,60.52,1280843
1461159000,60.41,62.5994,60.02,61.72,1901304
1461245400,61.8,62.69,61.66,61.94,1481917
1461331800,62.23,62.77,61.23,61.54,1475607
1461591000,61.16,61.34,60.18,60.39,1476413
1461677400,60.6,61.34,60.46,61.24,1369663
1461763800,61.11,62.14,61.0339,62.03,2947571
1461850200,59.05,59.41,56.88,57.02,6931428
1461936600,56.93,57.21,55.19,55.84,3341480
1462195800,56.26,56.32,54.54,54.85,2505480
1462282200,54.54,54.54,52.71,52.85,3035166
1462368600,52.46,52.67,51.32,51.78,2872313
1462455000,52.25,52.51,51.61,51.96,2099318
1462541400,51.87,52.6,51.37,51.8,1787459
1462800600,51.78,51.79,50.03,50.6,1489827
1462887000,50,51.5,49.91,51.27,2579049
1462973400,51.51,51.97,50.69,50.74,1901124
1463059800,50.95,51.47,49,49.09,2457170
1463146200,49.05,49.8,48.49,48.56,1982455
1463405400,48.85,49.74,48.75,49.07,1612894
1463491800,49.07,49.298,48.3303,48.51,1772963
1463578200,48.17,49.67,48.05,48.71,1766155
1463664600,48.4,48.8899,46.67,47.09,3056415
1463751000,47.37,48.227,47,48.02,1967933
1464010200,48.11,49.77,48.11,49.04,2278785
1464096600,49.57,50.67,49.357,50.46,2525452
1464183000,51.01,51.33,49.94,50.56,2026326
1464269400,50.42,50.51,49.28,49.73,1553449
1464355800,49.63,50.09,49.28,49.9,1059145
1464701400,49.92,50.43,49.31,49.65,1644776
1464787800,49.78,50.28,48.8501,50.07,1574243
1464874200,49.58,50.33,49.4,49.84,1255427
1464960600,49.93,50.17,48.835,49.25,1445883
1465219800,49.06,50.22,49.06,50.15,1557109
1465306200,50.45,51,49.97,50.55,1386515
1465392600,50.72,51.3,50.2,50.93,1489888
1465479000,50.74,51.28,50.24,50.45,1440966
1465565400,49.96,50,48.2,48.51,1672591
1465824600,48.04,48.39,47.36,47.79,1827762
1465911000,47.74,48.24,47.22,47.89,1549931
1465997400,47.96,49,47.9301,48.2,1356535
1466083800,47.89,48.535,47.11,48.39,1315286
1466170200,48.43,49.02,48.23,48.52,1600799
1466429400,49.4,50.4,49.26,49.32,1744554
1466515800,49.4,49.5067,48,48.91,1343100
1466602200,49.3,49.3299,48.5562,48.62,1076508
1466688600,49.08,49.33,48.19,48.65,1275717
1466775000,46.51,47.49,45.732,46.02,2064914
1467034200,45.18,45.45,43.7,44.23,2600820
1467120600,44.99,46.45,44.8,46.37,1888729
1467207000,47.17,48.3499,46.98,48.09,2672084
1467293400,48.26,48.5,47.69,48.48,2431184
1467379800,48.39,48.77,48.13,48.49,1490717
1467725400,48.21,48.28,47.05,47.77,1896749
1467811800,47.69,49.18,47.07,49.13,3521424
1467898200,47.5,47.62,44.06,44.34,10446733
1467984600,44.69,45.76,44.65,45.6,3572619
1468243800,45,46.69,44.92,46.49,2939088
1468330200,46.86,47.48,46.45,46.99,2048880
1468416600,47.25,47.4,46.14,46.2,1529408
1468503000,46.67,47.74,46.56,47.35,1849527
1468589400,47.59,47.81,46.561,47.73,2027504
1468848600,47.92,48.07,47.353,47.95,2273083
1468935000,47.93,48.069,47.48,47.74,1146993
1469021400,47.93,48.93,47.8,48.43,1999244
1469107800,48.59,49.25,48.19,48.33,1683054
1469194200,48.43,48.68,47.34,48.12,1677936
1469453400,48,48.1192,47.4,47.99,1074203
1469539800,48.14,48.74,48.02,48.58,1206909
1469626200,49.06,49.19,48.26,48.55,1107724
1469712600,48.59,48.9,46.9,47.13,1865281
1469799000,47.25,47.44,46.52,46.68,1684602
1470058200,46.91,47.58,46.75,47.38,2413128
1470144600,47.25,47.77,46.81,47.76,2986569
1470231000,47.53,49.28,47.52,49.24,4430111
1470317400,49.48,49.5,42.77,43.72,18975891
1470403800,44.14,44.33,43.2707,44.11,4495986
1470663000,44.3,44.86,43.63,43.81,2665738
1470749400,43.77,43.81,41.62,41.66,5356939
1470835800,40.31,40.5,36.83,38.66,14023345
1470922200,39.59,39.7,38.73,39.01,3951843
1471008600,39.07,39.12,38.23,38.79,3254565
1471267800,38.88,38.95,38.31,38.33,2730489
1471354200,38.29,38.33,37.37,37.74,3186723
1471440600,37.58,37.65,36.75,36.89,3768965
1471527000,37.71,38.28,37.25,37.52,3773174
1471613400,37.55,38.2,37.22,37.8,2941984
1471872600,37.8,37.8716,37.13,37.68,2390715
1471959000,37.74,38,37.3825,37.45,1701053
1472045400,37.33,37.84,37.15,37.32,2469207
1472131800,37.15,37.28,36.8,37.04,2584943
1472218200,37.32,38.14,37.25,37.53,2970400
1472477400,37.69,38.04,37.5,37.59,2203202
1472563800,37.5,38.28,37.5,38.25,2310499
1472650200,37.76,37.89,37.28,37.82,2699972
1472736600,37.82,38.47,37.666,38.44,2409415
1472823000,38.49,39.089,38.11,38.18,2501218
1473168600,38.47,39.31,38.12,38.975,3331779
1473255000,39,39.101,38,38.49,2198701
1473341400,37.78,38.58,37.51,38.47,2945210
1473427800,38.24,38.4372,37.13,37.13,2726986
1473687000,36.9,37.5,36.37,37.43,2470146
1473773400,37.07,37.195,36.17,36.42,2659997
1473859800,36.31,36.45,34.5,35.03,5067010
1473946200,35,35.4,34.5,35.35,4553430
1474032600,35.15,35.45,34.37,34.82,3227208
1474291800,35,35.2,34.4,34.42,2546190
1474378200,34.65,34.65,33.74,34,2839928
1474464600,34.1,34.57,33.86,34.03,2537910
1474551000,34.36,35.88,34.08,35.42,4032413
1474637400,35.37,37.45,35.36,37.06,4412931
1474896600,36.87,37.43,36.35,37.25,3197561
1474983000,37.38,39.11,37.3,39.09,4312463
1475069400,39.01,39.6692,38.24,39.08,3294809
1475155800,39.06,40.33,38.9,39.08,3488059
1475242200,39.22,39.85,39.03,39.49,2818097
1475501400,39.65,39.65,38.38,38.57,2388424
1475587800,38.63,38.75,37.87,38.21,2376873
1475674200,38.52,39.88,38.45,39.74,2665075
1475760600,39.94,40.05,39.06,39.75,2082607
1475847000,38.82,39.1,37.2301,37.58,4532363
1476106200,37.8,38.67,37.69,38.58,2008043
1476192600,38.56,38.99,38.0072,38.28,1447912
1476279000,38.12,38.32,37.47,38.24,1349517
1476365400,37.75,39.09,37.49,38.68,1794207
1476451800,39.01,39.95,39.01,39.47,1974439
1476711000,39.5,39.7295,38.62,39.3,1971189
1476797400,39.67,39.97,39.18,39.57,1899448
1476883800,39.66,42.5,39.55,41.92,4860429
1476970200,41.51,42.18,41.17,42.08,2791034
1477056600,41.92,42.32,41.33,42.25,2664511
1477315800,42.43,42.9,40.75,40.87,2521152
1477402200,40.99,41.28,40.35,40.68,2526034
1477488600,40.5,41.54,40.4,41.11,1525875
1477575000,41.52,41.7014,40.79,41.06,1614743
1477661400,41.09,41.3279,40.17,40.65,2284042
1477920600,40.7,41.1399,40.385,40.49,1696558
1478007000,40.57,41.25,40.28,41.05,2798280
1478093400,40.8,41.23,40.32,40.58,3735612
1478179800,38.5,38.6,32.9,34.51,19076573
1478266200,34.38,34.4,32.41,32.48,7940734
1478529000,33.63,34.1,33.32,33.76,4627142
1478615400,33.73,33.85,32.86,33.49,3343391
1478701800,30.91,32.76,30.85,32.1,7958773
1478788200,32.42,32.74,31.03,31.95,4974979
1478874600,31.57,32.21,31.35,32.06,3493474
1479133800,32.38,33.44,32.19,33.08,3602979
1479220200,33.16,33.4899,32.56,33.19,3807064
1479306600,33.03,33.125,32.28,32.82,3913737
1479393000,29.05,32.49,28.6,31.16,12616958
1479479400,30.54,30.95,29.05,29.21,7522578
1479738600,29.41,29.67,28.88,29.38,4460250
1479825000,29.47,30,29.29,29.66,3961209
1479911400,29.45,29.82,28.84,29.78,2466656
1480084200,29.8,31.06,29.79,30.6,2350198
1480343400,30.71,31.47,30.57,31.11,2808005
1480429800,31.1,31.39,29.77,29.95,4011710
1480516200,30.33,30.75,29.81,30.32,2903299
1480602600,30.47,30.8,29.65,30.14,2364370
1480689000,30.22,30.705,29.99,30.15,2311128
1480948200,30.18,32.52,30.18,32.35,4769805
1481034600,32.46,32.5,31.31,32.05,2946364
1481121000,32.17,33.87,31.85,33.59,3445373
1481207400,33.74,33.78,32.78,33.17,2276090
1481293800,33.31,33.83,33.07,33.54,2052860
1481553000,33.59,34.28,33.39,33.7,1918971
1481639400,33.87,33.99,33.03,33.62,1859844
1481725800,33.63,33.685,32.47,32.54,2150369
1481812200,32.64,33.06,32.07,32.61,1299553
1481898600,32.77,35.11,32.61,35.11,5523081
1482157800,35,35.4116,34.56,34.98,2504922
1482244200,35.07,35.52,34.17,34.47,2045185
1482330600,34.5,34.65,33.18,33.2,2087827
1482417000,33.05,33.1,32.08,32.68,2130494
1482503400,32.62,32.98,32.25,32.62,1056717
1482849000,32.75,34.22,32.73,33.99,1965733
1482935400,34.1,34.2316,32.71,32.8,1739305
1483021800,32.85,33.2125,32.41,32.57,1687236
1483108200,32.6,32.789,31.94,32.09,2076106
1483453800,32.61,33.66,32.1,33.54,2665093
1483540200,33.69,34.51,33.6,34.17,2479200
1483626600,33.87,34.16,33.5,33.88,1954943
1483713000,34.07,34.08,33.3,33.32,1277905
1483972200,33.38,33.7,33.02,33.57,1217515
1484058600,33.59,33.78,33.01,33.39,1198011
1484145000,33.34,35.25,33.21,35,3155412
1484231400,35.05,35.11,34.2501,34.87,1304208
1484317800,34.91,36.41,34.73,35.75,1999103
1484663400,35.69,36.0899,34.995,35.17,1928762
1484749800,35.22,35.33,34.1,34.41,1463137
1484836200,34.5,35.13,34.16,34.42,1460313
1484922600,34.64,35.24,34.51,34.75,1260810
1485181800,34.75,34.79,33.12,33.66,1926820
1485268200,33.88,33.88,32.47,32.53,2782717
1485354600,32.69,33.18,32.59,32.9,1533013
1485441000,32.83,33.14,32.11,32.28,1871143
1485527400,32.59,32.785,31.38,31.48,2380412
1485786600,31.32,31.35,30.61,31.02,2146747
1485873000,30.83,31.2,30.34,31.19,1657234
1485959400,31.4,31.9,30.8,31.79,1804923
1486045800,31.72,32.17,31.421,31.59,1759050
1486132200,31.75,32.28,31.67,32.15,1287468
1486391400,32.41,32.41,31.79,32.13,1004096
1486477800,32.14,32.21,31.57,31.79,1063871
1486564200,31.64,31.7,31.11,31.55,939572
1486650600,31.71,32.6,31.65,32.23,1300316
1486737000,32.22,33.38,31.99,32.85,2081395
1486996200,33.15,33.7601,32.8901,33.33,1504134
1487082600,33.25,33.96,32.79,33.92,1605475
1487169000,34.04,34.82,33.73,34.73,2310350
1487255400,34.2,35.468,33.75,34.11,2904195
1487341800,34.05,34.9,33.5,34.84,2396753
1487687400,35.39,36.86,35.14,36.62,5234506
1487773800,35.51,36.15,33.49,33.57,10948687
1487860200,33.69,37.84,33.69,37.19,11859224
1487946600,36.43,38.5,36.36,37.9,5719976
1488205800,38.07,38.165,37.01,37.83,3008416
1488292200,36.64,37.69,36.01,36.19,3329804
1488378600,36.54,36.88,34.72,35.02,3713325
1488465000,35.1,35.8768,34.81,35.52,2126048
1488551400,35.63,35.65,34.28,34.61,2212685
1488810600,34.43,34.5,33.04,33.33,2150884
1488897000,33.14,33.4899,32.47,32.63,1857826
1488983400,32.77,33.17,32.51,32.66,1432722
1489069800,32.56,32.77,32.1201,32.48,1226268
1489156200,32.52,32.85,32.03,32.4,1398793
1489411800,32.11,32.86,31.93,32.835,2122187
1489498200,32.54,32.58,31.97,32.07,2498950
1489584600,32.06,33.15,31.86,33,2381083
1489671000,33.18,34.0472,32.86,32.98,1965187
1489757400,32.98,33.25,31.81,31.83,18504483
1490016600,32.12,32.12,29.71,30.34,8046924
1490103000,30.07,30.348,29.01,29.04,4862028
1490189400,29,29.16,28.05,28.87,4858159
1490275800,28.85,29.25,28.51,28.58,2599321
1490362200,28.65,28.85,28.11,28.31,3325954
1490621400,28.12,28.55,27.75,28.23,2422617
1490707800,28.05,28.53,28.04,28.28,2423370
1490794200,28.33,28.65,28.01,28.03,2470493
1490880600,27.91,28.09,27.115,27.47,3541492
1490967000,27.5,27.89,27.08,27.1,3718552
1491226200,27.17,27.25,26.215,26.33,4870452
1491312600,26.29,27.65,26.08,26.82,5850578
1491399000,27,27.4,26.55,26.58,3575962
1491485400,26.04,27.5,25.5588,26.62,4492370
1491571800,26.6,27.05,26.45,26.81,3175402
1491831000,26.83,28.221,26.81,27.97,4673108
1491917400,28,28.24,27.67,28.1,3002119
1492003800,28.1,28.17,27.66,27.91,2604870
1492090200,27.86,28.06,27.41,27.42,2425378
1492435800,27.42,27.65,27,27.34,1812235
1492522200,27.11,27.27,26.7108,26.89,2132734
1492608600,27.05,27.27,26.51,26.54,2093158
1492695000,26.75,27.0179,26.41,26.74,2494292
1492781400,26.71,27,26.68,26.8,2033262
1493040600,27.28,27.44,26.78,27.08,2514046
1493127000,27.28,28.05,27.08,27.54,2461886
1493213400,27.52,29.195,27.41,28.99,5850635
1493299800,29.51,29.9602,28.38,29.44,5508526
1493386200,29.45,30.5,29.2365,29.55,4188134
1493645400,29.99,30.03,29.2314,29.55,2902692
1493731800,29.8,30.71,29.41,30.32,5719025
1493818200,32.5,36.27,32.15,33.91,17584000
1493904600,34.9,34.97,33.81,34.24,5844001
1493991000,34.2,34.93,33.55,34.54,4045457
1494250200,34.54,35.42,34.18,35.15,3289493
1494336600,35.17,36.2086,34.44,35.78,3095005
1494423000,35.63,36.8599,35.51,36.57,3640345
1494509400,36.43,37.095,36.07,36.62,2198881
1494595800,36.59,36.6,35.75,36.38,2046692
1494855000,36.55,37.67,36.34,37.21,2570657
1494941400,37.26,37.3,36.57,36.78,1788159
1495027800,36.06,36.49,34.95,34.98,3244157
1495114200,34.58,35.38,33.27,34.96,6435459
1495200600,35.19,36.68,35.12,36.34,3217091
1495459800,36.07,36.67,35.86,36.43,2450789
1495546200,36.55,37.4,36.34,36.47,2658994
1495632600,37,39.28,36.731,38.9,5199842
1495719000,38.9,39.1,37.675,37.94,3474183
1495805400,37.83,37.9299,36.79,36.84,3970867
1496151000,37.7,39.92,37.4,39.5,5728523
1496237400,39.13,39.45,37.7583,38.51,2921730
1496323800,38.61,39.36,38.01,38.32,3669120
1496410200,38.36,38.7799,37.86,38.33,1574518
1496669400,38.15,38.23,37.271,37.67,1621308
1496755800,37.47,37.86,36.97,37.44,2587327
1496842200,37.7,37.8499,36.63,36.94,2199592
1496928600,37.12,37.97,36.85,37.8,2267673
1497015000,37.8,37.9734,36.37,36.65,2200896
1497274200,36.27,37.46,36.11,36.4,2201155
1497360600,36.65,37.01,36.25,36.46,2086992
1497447000,36.45,36.5,35.75,36.19,1699670
1497533400,35.5,36.1799,35.35,35.73,1477112
1497619800,35.73,36.04,35.33,35.83,1971924
1497879000,36.03,36.42,35.56,36.35,1766428
1497965400,36.3,36.5899,35.38,35.45,1599931
1498051800,35.55,37.52,35.35,37.23,2367394
1498138200,37.94,39.72,37.22,38.42,4156863
1498224600,38.36,40.55,37.93,39.74,4798013
1498483800,39.8,40.94,39.6,40.17,2755393
1498570200,39.88,40.43,39.21,40.05,2233328
1498656600,40.31,41.1699,39.78,40.49,2437711
1498743000,40.37,40.6584,39.2,40.08,2019675
1498829400,40.06,40.37,39.72,39.88,1295167
1499088600,39.92,40.87,39.81,40.07,1053852
1499261400,40.29,40.47,39.02,39.04,1573105
1499347800,38.88,39.39,38.36,38.67,1481811
1499434200,38.78,39.56,38.71,39.4,1142888
1499693400,39.37,39.76,39.11,39.54,1071933
1499779800,39.6,39.85,39.24,39.81,1225790
1499866200,40.2,41.95,40.1799,41.79,3304014
1499952600,41.9,41.9,40.77,41.53,2052876
1500039000,41.62,43.4,41.6,42.94,2926690
1500298200,43,43,42.42,42.72,2738580
1500384600,42.8,44.66,42.54,44.02,2868312
1500471000,45.04,46.75,45,45.67,4849125
1500557400,45.85,46.64,44.92,46.27,3234387
1500643800,46.03,46.28,45.04,45.15,2192569
1500903000,45.21,45.39,44.61,44.98,1805139
1500989400,45.61,45.83,45.03,45.46,2086285
1501075800,45.95,45.95,45.37,45.44,1689407
1501162200,46,46.25,44.1917,44.81,4288610
1501248600,48.82,49.75,47.44,48.87,9311230
1501507800,48.91,49.58,47.95,49.31,3833291
1501594200,49.85,50.21,49.175,49.65,2434262
1501680600,49.1,49.1,47.31,48.63,2785120
1501767000,48.89,48.89,47.07,47.3,2192517
1501853400,47.36,48.38,47.32,47.98,1407869
1502112600,48.11,49,48.0257,48.57,1431740
1502199000,48.66,48.96,47.56,47.84,1513264
1502285400,47.5,47.89,47.03,47.43,1153798
1502371800,47.24,47.38,46.45,46.75,1296127
1502458200,46.57,47.8,46.53,47.54,1013896
1502717400,47.55,49.04,47.13,48.87,1562151
1502803800,48.98,49.65,48.38,49.09,1292019
1502890200,49.82,50.12,48.92,49.07,1840042
1502976600,48.85,49.58,47.69,47.77,1167447
1503063000,47.8,48.72,47.26,48.06,983257
1503322200,48.16,48.43,45.76,45.96,2383572
1503408600,46.28,47.07,46.07,46.59,1704196
1503495000,46.1,46.87,45.89,46.48,1026873
1503581400,46.61,47.44,46.41,47.2,1290848
1503667800,47.37,47.73,47.22,47.42,816200
1503927000,47.51,48.26,47.2146,48.02,1219962
1504013400,47.31,48.54,46.91,48.4,1564169
1504099800,48.48,48.96,48.06,48.09,1707520
1504186200,48.24,48.25,46.62,46.96,1674403
1504272600,47.01,48.2,47.01,47.84,1207812
1504618200,47.68,48.28,47.18,47.86,1200431
1504704600,48.03,48.23,47.35,47.35,890322
1504791000,47.57,47.69,47.05,47.45,850047
1504877400,47.35,48.1465,46.52,46.91,1339767
1505136600,47.22,47.725,47.06,47.16,1062201
1505223000,47.21,47.84,46.61,47.48,1272873
1505309400,47.45,47.61,46.57,46.83,1108939
1505395800,46.75,48.63,46.605,48.43,1766705
1505482200,50.01,51.8437,49.38,50.45,5396210
1505741400,50.85,50.95,48.46,48.54,2761889
1505827800,49.06,49.58,47.82,48.86,2245637
1505914200,48.95,49.2499,46.84,48.85,4322823
1506000600,48.86,48.95,46.92,48.76,3036808
1506087000,49.01,53,47.5,51.41,8981398
1506346200,51.21,51.65,46.61,46.88,5590201
1506432600,47.12,47.92,45.63,46.17,3846606
1506519000,46.31,47.22,45.85,47.05,2840941
1506605400,46.91,47.21,45.26,46.14,2353525
1506691800,46,46.62,45.75,45.88,1588546
1506951000,46.3,47.24,45.27,47.18,2174780
1507037400,47,47.46,46.54,47.23,1335607
1507123800,46.86,48.14,46.8,47.65,1400593
1507210200,47.8,48.8675,47.75,47.93,1490483
1507296600,47.85,48.37,47.76,48.21,1113293
1507555800,48.19,48.45,46.73,46.91,1420604
1507642200,47.17,47.67,46.78,47.67,1112546
1507728600,47.48,47.66,46.7601,47.2,1068211
1507815000,46.95,47.6,46.8,47.11,951281
1507901400,47.21,48.16,47.05,47.6,942948
1508160600,47.67,48.08,47.15,47.31,976166
1508247000,47.21,47.48,46.09,47.24,1499954
1508333400,47.52,48.34,46.86,46.94,1232498
1508419800,46.51,47.655,46.16,47.64,1271420
1508506200,47.62,47.81,47.25,47.73,1396640
1508765400,47.89,49.22,47.863,48.92,2045895
1508851800,49.1,49.69,48.52,48.61,1204514
1508938200,48.92,48.92,46.781,47.39,1957549
1509024600,47.38,48.08,46.88,47.92,2102060
1509111000,52.1,58.97,51.71,57.67,15842088
1509370200,57.33,61.47,56.55,60.43,7771422
1509456600,60.43,61.05,53.09,54.82,9750758
1509543000,55.36,57.869,54.71,57.21,5258285
1509629400,57.58,58.53,56.71,57.87,2726670
1509715800,57.82,60.29,57.53,59.87,3133745
1509978600,59.72,62.5686,59.72,61.47,3871939
1510065000,61.6,62.19,60.62,60.96,2286130
1510151400,60.75,62.2425,60.08,61.79,2294759
1510237800,61.16,61.754,60.162,60.54,1662678
1510324200,60.3,62.56,60.16,61.59,1952617
1510583400,60.97,62.0499,60.86,61.57,1198598
1510669800,61.48,62.22,60.56,61.28,1151603
1510756200,60.75,61.59,60.33,60.6,1363557
1510842600,60.96,61.5558,60.2,60.35,1308219
1510929000,60.76,60.8,59.53,60.18,1314766
1511188200,60.44,61.15,59.67,61.06,1342212
1511274600,61.38,61.49,59.95,60.24,1067852
1511361000,60.11,60.8376,59.54,60.51,1677955
1511533800,60.83,60.96,60.17,60.61,466769
1511793000,60.83,63.1,60.28,61.65,2040373
1511879400,62,62.6,61.5,62.13,1367345
1511965800,62.06,62.43,58.77,60.02,1868720
1512052200,60.68,62.24,59.3,62.1,1620788
1512138600,61.68,61.9,59.246,60.3,1784379
1512397800,60.4,60.71,56.13,57.27,4210833
1512484200,57.14,62.03,56.81,61.21,5429199
1512570600,62.08,65.43,62.05,63.24,4666635
1512657000,64,68.7,63.54,68.43,4910647
1512743400,68.96,70.27,68.27,70.02,3628806
1513002600,71.4,71.8,69.1511,70.05,3810473
1513089000,70.02,71.19,68.68,68.91,2518453
1513175400,69.2,69.93,68.35,68.48,1848562
1513261800,68.47,68.8015,67.4301,67.89,1529762
1513348200,67.87,69.75,67.27,68.96,2921857
1513607400,69.93,70.78,69.65,70.63,1300953
1513693800,70.38,70.92,68.72,69.15,1407782
1513780200,69.41,69.74,67.9,68.69,893817
1513866600,68.5,69.45,68.37,69.11,852157
1513953000,69,69.5,68.49,68.85,775902
1514298600,68.47,68.79,67.32,68.04,971747
1514385000,67.55,69.02,66.61,68.84,1146950
1514471400,69.07,69.98,67.91,68.35,946227
1514557800,68.5,68.67,67.47,67.52,1499589
1514903400,67.84,70.5,67.84,70.43,1752173
1514989800,70.87,71.59,69.02,69.8,1923969
1515076200,70,70.2,66.2,69.14,3032663
1515162600,69,69.59,68.25,69.17,1021333
1515421800,69.25,70.13,67.7,69.62,1067348
1515508200,69.82,70.2,68.3902,70.02,1286178
1515594600,69.37,70.03,68.92,69.64,1448815
1515681000,70.36,76.61,70.3,76.27,6341248
1515767400,75.56,75.78,72.361,73.41,4033531
1516113000,74.09,74.15,70.19,71.22,2025825
1516199400,71.74,72.55,70.56,72,1587971
1516285800,70.94,72.39,70.1,71.09,1464735
1516372200,70.99,71.4,69.41,70.03,1430107
1516631400,69.99,71.31,68.7401,68.96,1969869
1516717800,71.49,74.86,67.105,68.48,8717049
1516804200,68.92,69.89,67.64,68.98,2209007
1516890600,69.45,71.16,69,70.44,1916287
1516977000,71,71.169,69.36,70.56,1278496
1517236200,69.5,70.17,67.63,68.35,2456712
1517322600,67.3,68.32,66.042,67.09,1887287
1517409000,67.89,68.3,66.66,67.17,989065
1517495400,66.65,68.37,66.54,67.55,1102351
1517581800,66.85,67.43,66.37,66.44,1225260
1517841000,64.01,66.7242,61.25,63.5,2474576
1517927400,61.5,65,61.05,63.48,2582988
1518013800,63.48,64.47,62.83,62.94,1031029
1518100200,63.04,63.53,60.6814,60.69,1632045
1518186600,61.42,62.5733,58.8013,61.22,2379788
1518445800,61.26,63.38,60.8,62.52,2905314
1518532200,62.38,64.45,62.2,64.22,1730346
1518618600,64.17,65.77,63.71,65.24,1501813
1518705000,65.8,66.305,63.9,65.82,1143377
1518791400,65.65,66.67,65.13,65.85,1192131
1519137000,66.01,67.55,66,66.58,1485118
1519223400,67.23,67.7081,66.2,66.7,1539028
1519309800,66.6,67.55,65.6,66.28,2682268
1519396200,65.56,66.02,60.41,61.79,6223991
1519655400,62.05,65.11,62.01,65.1,2796340
1519741800,65.15,65.249,63.45,63.48,1224761
1519828200,63.34,63.48,62.27,62.85,1477191
1519914600,63.3,63.51,61.385,62.09,1394081
1520001000,61.3,64.4,61.14,64.33,1223533
1520260200,63.97,66.35,63.591,66.05,1834609
1520346600,66.65,68.04,66.47,67.45,2038837
1520433000,66.63,69.28,66.57,67.95,1712323
1520519400,68.01,68.64,67.01,67.69,859161
1520605800,68.05,68.44,67.41,67.9,1050783
1520861400,68.12,70.75,68.01,70.05,1636562
1520947800,70.48,70.57,68.69,69.15,1163947
1521034200,69.2,70.07,68.5,69.52,1045636
1521120600,69.58,69.58,68.36,68.74,821534
1521207000,69.37,72.37,69.3,69.87,2909108
1521466200,69.53,71.5,69.3,71.26,1551120
1521552600,71.41,73.12,70.781,73,1680119
1521639000,72.99,74.68,71.95,73.87,1732661
1521725400,72.94,73.73,71.82,72.09,1417397
1521811800,72.01,72.21,70.56,70.65,1581042
1522071000,71.85,74.22,71.2997,74.02,1286023
1522157400,74.1,74.59,71.16,71.51,1299557
1522243800,71.33,72.17,68.8202,69.32,1628953
1522330200,69.83,71.72,69.19,70.98,1088211
1522675800,70.73,71.18,68.643,69.39,1018182
1522762200,69.85,70.06,67.01,69.76,1266998
1522848600,67.99,70.26,67.33,70.19,1037015
1522935000,70.69,72.05,70.25,71.64,981249
1523021400,71.06,72.3628,69.07,69.7,1266894
1523280600,70.32,72,70.1,70.85,1131317
1523367000,72,72.8,70.48,70.79,1080494
1523453400,70.55,71.9,69.121,71.25,882787
1523539800,71.4,71.89,71.02,71.23,599418
1523626200,71.4,71.63,70.321,70.68,586226
1523885400,71.04,71.11,69.74,70.12,805431
1523971800,70.53,72.88,70.211,72.68,1436547
1524058200,75,78.95,74.79,77.58,4088786
1524144600,77.05,77.28,75.21,76.96,1787459
1524231000,77,77,74.86,75.51,1463324
1524490200,76.01,76.14,73.97,74.37,1221999
1524576600,75.19,76.15,73.07,74.07,1187353
1524663000,73.82,74.36,71.35,73.58,1164748
1524749400,74.57,75.43,73.71,75.08,1439527
1524835800,76,81.72,75.8216,77.95,3826002
1525095000,78.11,78.4977,70.63,70.91,5367471
1525181400,71,71.2899,67.285,67.51,3698748
1525267800,67.49,69.13,67.28,68.02,2043676
1525354200,67.28,67.81,65.05,65.98,2158744
1525440600,65.66,66.79,65.07,66.37,1293049
1525699800,66.85,67.98,65.73,67.15,1966017
1525786200,66.75,67.53,66.62,67.26,1042343
1525872600,67.1,69.71,67.09,69.43,2244046
1525959000,71.7,73.9999,70.77,73.01,3183048
1526045400,73.18,73.6689,71.74,72.78,1181351
1526304600,73.34,75.75,73.01,73.54,1682107
1526391000,72.92,75.14,72.03,73.44,2310421
1526477400,73.43,74.57,72.515,72.77,1301979
1526563800,72.45,72.98,70.98,71.39,1653073
1526650200,71.01,71.87,69.7,70,1502697
1526909400,70.55,71.72,70.31,70.92,1262941
1526995800,71.3,71.61,69.93,69.99,824020
1527082200,69.25,69.81,67.74,68.42,1294739
1527168600,68.56,68.7999,67.48,68.37,699904
1527255000,68.07,68.87,67.472,68.25,862161
1527600600,67.8,69.72,67.64,69.21,1085625
1527687000,69.5,69.89,68.21,69.04,1214887
1527773400,69.26,69.749,67.56,67.61,1195381
1527859800,68.06,68.4,65.64,65.93,2169091
1528119000,66.09,66.3928,60.924,61.74,5395378
1528205400,59.88,60.89,57.62,58.24,8140366
1528291800,56.6,56.8799,52.61,55.53,12046595
1528378200,53.71,55.1,52.11,53.28,7036916
1528464600,53.31,54.7853,52.3,52.67,4084471
1528723800,53.1,53.4,51.42,51.82,4872579
1528810200,52.17,54.5,51.86,53.85,8217299
1528896600,54.25,54.25,52.28,52.69,4360136
1528983000,52.68,54.13,52.57,53.71,2808301
1529069400,53.34,53.5,50.23,51.06,7092712
1529328600,50.7,52.51,50.55,51.83,2762373
1529415000,51.63,52.6,51.224,52.23,1996683
1529501400,52.83,52.8525,51.261,51.67,1834062
1529587800,51.8,53,51.5,52.31,1962175
1529674200,52.51,54.88,52.07,52.65,3575599
1529933400,54.97,55.7,51.8,52.64,5837009
1530019800,52.29,52.74,50.92,51.91,2737213
1530106200,52.28,52.69,50.97,50.98,1682237
1530192600,50.8,52.38,50.57,52.13,1748524
1530279000,52.25,53.13,52.25,52.66,2018891
1530538200,52.28,54.25,51.7,53.05,2962681
1530624600,53.37,53.68,52.18,52.36,1000798
1530797400,52.51,53.35,51.77,53.3,1463285
1530883800,53.3,54.74,52.67,54.53,1602611
1531143000,54.69,54.92,53.3,54.83,1896550
1531229400,55.04,55.75,54.89,55.22,1544098
1531315800,54.66,54.8,53.97,54.72,866699
1531402200,55.26,55.2897,54.04,54.7,1414736
1531488600,54.55,55.06,53.8471,54.06,1613226
1531747800,54.06,54.55,53.51,54.01,1874510
1531834200,53.55,54.07,53.39,53.75,1375076
1531920600,53.86,54.32,52.555,54,1975817
1532007000,53.73,54.62,53.52,53.88,1801559
1532093400,53.85,54.32,53.37,53.48,1175838
1532352600,53.02,53.35,52.4,52.62,1778633
1532439000,52.99,53.78,52.42,53.05,1224440
1532525400,53.09,54.09,52.78,54.04,1377748
1532611800,53.83,54.77,53.45,53.67,1939738
1532698200,50.6,52.18,48,51.65,6612559
1532957400,51.56,52.68,50.86,51.57,2150845
1533043800,51.95,53.11,51.571,52.35,1629721
1533130200,53.15,53.67,52.4,53.38,1339713
1533216600,52.92,54.15,52.46,53.59,1063463
1533303000,53.5,53.92,52.06,52.84,1440930
1533562200,52.7,53.67,52.491,53.57,665199
1533648600,53.74,54.36,53.2,53.6,991632
1533735000,53.42,54.5699,53.07,54.46,1026706
1533821400,54.46,55.235,54.0135,54.45,1557956
1533907800,53.97,54.05,52.42,52.79,1230757
1534167000,52.74,53.04,52.33,52.47,978206
1534253400,52.63,52.639,51.21,52.01,1280128
1534339800,51.7,51.7,50.12,50.7,1566365
1534426200,51.03,51.47,50.59,50.86,858537
1534512600,50.94,51.11,49.97,51,1522287
1534771800,50.89,52.76,50.89,52.32,1552682
1534858200,52.64,53.48,52.4635,52.93,1058361
1534944600,52.94,53.75,52.47,52.55,938950
1535031000,52.55,52.76,51.525,51.57,955617
1535117400,51.59,52.5,51.59,52.08,751149
1535376600,52.09,53.08,52.09,52.61,1019543
1535463000,52.77,53.02,51.82,51.94,781625
1535549400,52,53.45,52,53.07,1214568
1535635800,52.77,53.21,52.11,52.16,791133
1535722200,52.01,52.41,51.65,52.08,725773
1536067800,51.96,52.22,51.07,51.31,801423
1536154200,51.27,51.47,50.31,51.26,963491
1536240600,51.26,51.59,49.45,50.15,1215097
1536327000,49.95,50.03,48.37,48.51,1399250
1536586200,48.86,48.96,48.14,48.16,1253672
1536672600,48,48.65,47.5909,48.45,965389
1536759000,48.31,48.95,47.67,48.9,929373
1536845400,49.03,49.68,48.261,48.41,1005329
1536931800,48.32,48.74,47.92,48.21,987706
1537191000,47.91,48.25,47.34,47.75,862619
1537277400,47.81,50.01,47.81,49.55,1841906
1537363800,50.25,50.35,48.93,49.6,970843
1537450200,49.96,50.47,49.59,50.29,1322407
1537536600,50.48,50.71,49.88,49.98,2254964
1537795800,49.98,50.46,49.46,50.23,749433
1537882200,50.14,50.27,49.4,49.65,809349
1537968600,49.74,49.9,48.51,48.55,1029626
1538055000,48.55,48.91,48.09,48.52,926900
1538141400,48.58,48.585,47.685,48.42,924694
1538400600,48.49,49.85,48.2,48.98,1238269
1538487000,49.14,50.06,49.01,49.23,748332
1538573400,49.44,49.69,48.1753,48.3,1181429
1538659800,48.08,48.29,47.17,47.65,1104040
1538746200,47.63,47.7699,46.23,46.97,888044
1539005400,46.82,47.39,46.22,47.27,796348
1539091800,47.11,47.4,46.53,47.13,829099
1539178200,47.08,47.81,46.36,46.36,1495502
1539264600,46.14,46.303,45.0718,45.37,1295777
1539351000,46.06,46.36,44.7201,45.53,1106093
1539610200,45.34,46.46,45.2,46.12,909269
1539696600,46.38,47.7,46.31,47.61,1131100
1539783000,47.72,48,46.49,47.22,1240834
1539869400,47.26,47.49,46.5312,46.71,1355827
1539955800,46.98,47.35,45.9,46.59,1164981
1540215000,46.6,46.73,45.01,45.35,1278001
1540301400,44.65,44.8369,42.95,44.19,1920667
1540387800,44.36,44.87,42.4,42.43,1815001
1540474200,43.29,43.81,42.17,43.52,2517262
1540560600,40.75,42.95,39.15,39.375,5172976
1540819800,40.25,40.291,36.51,36.915,4412667
1540906200,37.06,39.83,36.64,39.78,4577080
1540992600,40.17,42.16,39.635,41.8,2806807
1541079000,41.49,41.93,40.33,41.46,3192360
1541165400,41.73,43.13,41.73,43,1880393
1541428200,44.02,46.09,43.93,43.93,3548616
1541514600,43.82,44.06,42.57,42.83,1488206
1541601000,43.23,44.46,43,44.17,1211111
1541687400,43.88,44.1,42.4501,42.67,1208649
1541773800,42.25,42.52,41.49,42.22,1240960
1542033000,42.1,43.32,41.52,42.71,1562430
1542119400,42.95,43.33,42,42.45,2177126
1542205800,43,43.49,42.03,42.54,1882868
1542292200,42.31,44.165,42.24,44.08,1681380
1542378600,43.25,44.68,43.1698,44.37,1443920
1542637800,44.13,44.89,43.51,43.94,1560574
1542724200,43,43.04,41.82,42.05,1363648
1542810600,42.66,42.9,42.04,42.6,991944
1542983400,42.06,43.85,42.06,43.34,414153
1543242600,43.69,44.35,43.23,43.43,1271356
1543329000,43.21,45.2,43.04,44.87,1719762
1543415400,45.5,46.09,44.1,45.4,1201587
1543501800,45.33,45.68,44.0339,44.34,1125223
1543588200,44.21,44.68,43.74,44.45,878691
1543847400,45.9,47.79,45.55,46.4,3413244
1543933800,47.41,47.53,44.37,44.5,2326608
1544106600,43.75,44.51,43.43,43.71,1525160
1544193000,43.83,44.71,42.17,42.59,1908828
1544452200,42.36,43.86,42,43.21,1565388
1544538600,43.88,44.4,42.0359,42.45,2204296
1544625000,42.85,43.82,41.12,43.6,3564730
1544711400,43.55,45.81,43.4305,45.3,2721508
1544797800,44.58,44.84,43.45,43.64,1839309
1545057000,43.6,43.98,41.66,42.04,1696709
1545143400,42.47,44.46,42.45,43.23,1889993
1545229800,43.04,43.95,42.24,42.25,1711548
1545316200,42.34,43.5,41.87,42.37,1895570
1545402600,42.52,43,40.06,40.55,2825700
1545661800,39.98,40.891,38.89,39.24,1051737
1545834600,39.35,42.04,38.45,41.99,1969416
1545921000,41.35,42.3,40.3,42.3,1200097
1546007400,42.83,43.07,42.001,42.39,1363044
1546266600,42.8,42.9,41.8301,42.455,802072
1546439400,41.63,43.1,41.41,42.56,1166910
1546525800,43.97,44.6316,42.7,43.44,2275219
1546612200,43.98,46.6,43.98,46.32,2084235
1546871400,46.46,47.74,45.66,45.79,1784169
1546957800,46.78,46.9999,45.35,46.23,1327649
1547044200,46.53,47.63,46.27,46.96,1715000
1547130600,46.6,47.93,46.32,47.74,1032088
1547217000,47.54,47.85,46.86,47.5,1084220
1547476200,46.9,47.38,46.58,46.73,1138291
1547562600,47.01,47.2,46.61,46.86,1167506
1547649000,47.03,47.82,46.87,47.3,1157446
1547735400,47.25,48.65,47.01,48.38,2036020
1547821800,48.5,49.38,47.85,47.94,1751019
1548167400,47.62,47.86,45.94,46.21,1375444
1548253800,46.76,46.99,45.77,46.54,1389590
1548340200,46.24,48.86,46.14,48.6,1911146
1548426600,48.84,50.1,48.63,49.86,1373315
1548685800,49.3,50.84,49.0518,50.7,1570654
1548772200,50.89,50.89,50.04,50.08,1638921
1548858600,50.5,50.98,50.05,50.71,935746
1548945000,50.5,51.43,50.15,50.59,1248958
1549031400,50.78,50.95,48.06,48.43,1977436
1549290600,48.6,49.431,48.24,49.29,963816
1549377000,49.23,49.45,48.65,49.31,1410459
1549463400,49.6,50.45,48.86,48.89,1662953
1549549800,48.52,49.36,47.54,48,1347248
1549636200,47.62,48.4195,47.16,48.1,1369182
1549895400,48.14,49.95,48.14,49.72,1516002
1549981800,50.42,50.88,50.04,50.26,1038863
1550068200,50.52,50.97,50.1,50.64,756329
1550154600,50.43,51.63,50.42,51.02,890751
1550241000,50.73,51.2055,48.76,49.18,2399652
1550586600,49.23,52.24,49.1101,52.06,2554458
1550673000,52.17,52.61,51.24,51.69,2395671
1550759400,51.71,52.49,51.5503,51.95,2368170
1550845800,51.01,53.84,50.6021,53.73,4112376
1551105000,54.12,55.38,51.63,51.77,3266190
1551191400,51.54,52.32,51.22,51.89,2008335
1551277800,51.68,52.5,51.38,52.38,1152955
1551364200,52.24,53.57,52.02,52.55,1372326
1551450600,53.08,54,52.83,53.41,1252765
1551709800,53.51,53.6775,51.8,52.49,1161499
1551796200,52.52,53.12,51.96,52.19,755177
1551882600,52.1,52.2425,51.1,51.37,1204922
1551969000,51.22,51.66,50.24,50.36,1442163
1552055400,49.67,51.36,49.06,51.16,1673067
1552311000,51.3,53.7501,51.3,53.62,1748673
1552397400,53.53,54.0799,52.97,53.93,1141235
1552483800,54.06,54.93,54.0101,54.71,1483668
1552570200,55,55.62,54.16,54.44,1383341
1552656600,54.76,55.35,53.61,53.71,1488411
1552915800,54.1,54.76,53.76,54.68,1191047
1553002200,54.91,55.795,54.7,55.45,1528317
1553088600,55.31,56.04,54.79,55.65,1647760
1553175000,55.42,55.78,54.05,54.81,1467964
1553261400,54.53,54.765,51.87,52.41,1948425
1553520600,52.22,52.54,51.32,51.72,1252668
1553607000,52.1,52.39,50.59,50.92,1396647
1553693400,50.98,51.4,50.21,51.19,861973
1553779800,51.21,52.08,51,52.02,1069162
1553866200,52.68,53,52.3458,52.84,904150
1554125400,53.29,54.2,53.18,54.11,1303880
1554211800,54.2,54.46,53.24,53.9,718127
1554298200,54.43,55.49,54.3,54.85,1278254
1554384600,54.94,55.39,54.73,55.38,807927
1554471000,55.5,56.38,55.32,56.29,1338841
1554730200,56.16,57.09,55.96,57.08,1289856
1554816600,56.84,56.9925,55.94,56.13,1051173
1554903000,58.85,60.95,58.4,60.77,4914314
1554989400,60.46,61.13,59.66,60.63,1583471
1555075800,61,61,59.51,60.18,1256529
1555335000,60.66,61.23,60.17,60.23,1007614
1555421400,60.46,60.6596,59.6,60.51,897519
1555507800,61.07,61.2,60.22,60.66,1024328
1555594200,60.88,61.1,59.73,59.85,987863
1555939800,59.84,60.48,59.4,59.96,849049
1556026200,59.97,61.93,59.94,61.62,1785701
1556112600,61.6,62.66,61.52,61.82,1362619
1556199000,61.67,62,60.23,61.25,1143817
1556285400,60.85,61.76,60.2,61.54,802277
1556544600,61.49,62.34,61.35,61.84,875880
1556631000,61.39,62.06,60.7,61.53,962774
1556717400,62.09,62.62,60.82,60.87,1261185
1556803800,61.15,61.96,59.745,59.86,2017812
1556890200,61.39,63.82,60.46,61.76,4455307
1557149400,59.58,60.81,58.57,60.29,2110507
1557235800,59.5,61.72,59.28,61.69,1968321
1557322200,61.47,61.91,60.25,60.33,1854832
1557408600,59.3,59.79,57.88,58.92,2025409
1557495000,58.8,60.36,58.5,59.99,1216323
1557754200,58.55,59.2086,57.4,58.4,1058275
1557840600,59.06,59.9,58.56,59.33,984560
1557927000,58.64,60.03,58.6,59.86,947434
1558013400,59.86,61.45,59.56,60.67,953052
1558099800,59.85,60.4,58.34,58.38,1281444
1558359000,58.12,58.12,56.92,57.77,1098809
1558445400,58.13,59.32,58.13,58.94,864448
1558531800,58.76,59.55,58.4,59.06,696039
1558618200,58.22,58.475,56.86,57.33,1120526
1558704600,57.63,58.52,57.2,57.31,677529
1559050200,57.52,58.55,57.4,58.35,783794
1559136600,57.67,57.9999,56.5412,57.86,792523
1559223000,58.34,59.97,58.34,59.64,1156030
1559309400,58.92,59,57.12,58.04,1418549
1559568600,58,59.88,57.4,58.75,1083268
1559655000,59.55,61.17,59.29,60.87,1246423
1559741400,61.49,61.665,59.72,60.93,1316361
1559827800,60.71,61.88,60.08,61.42,1180274
1559914200,62,63.27,61.75,62.53,1002320
1560173400,63,63.87,62.58,63.16,868490
1560259800,64,65.28,63.66,64.25,1166138
1560346200,64.26,64.26,59.71,59.88,2143045
1560432600,60.97,62.56,60.75,62.15,1512115
1560519000,61.64,61.95,61.0059,61.24,702130
1560778200,61.19,61.66,59.59,60.94,934940
1560864600,61.55,63.64,61.55,62.87,1153568
1560951000,62.98,63.32,62.19,62.78,657217
1561037400,63.81,64.02,62.97,63.04,758496
1561123800,62.87,63.33,62.0001,62.91,787956
1561383000,62.99,63.42,62.38,62.68,817147
1561469400,62.69,63.2199,61.5,61.76,847690
1561555800,62.34,63.25,62.34,62.57,576352
1561642200,62.41,65.6586,62.41,65.47,1724573
1561728600,65.85,66.05,64.92,65.68,1261642
1561987800,66.3,67.2,65.68,66.13,1161845
1562074200,65.94,66.67,65.56,66.65,762826
1562160600,66.71,66.98,65.98,66.19,512965
1562333400,65.45,66.86,64.86,66.84,645857
1562592600,66.36,66.9,66.18,66.64,617651
1562679000,66.71,67.89,66.585,67.11,679338
1562765400,67.99,67.99,65.37,66.26,994288
1562851800,66.79,66.9,65.58,66.11,578150
1562938200,66.17,66.83,65.7871,65.98,515964
1563197400,66.13,66.22,65.37,66,697168
1563283800,65.8,66.11,64.43,64.49,834900
1563370200,64.58,65.48,64.43,64.81,772795
1563456600,64.59,66.02,64.5,65.96,877220
1563543000,66.02,67.2,65.98,66.53,878333
1563802200,66.94,67.4699,66.18,66.59,882334
1563888600,67.09,67.12,65.42,66.4,1213605
1563975000,66.27,66.53,65.05,66.04,1068067
1564061400,66.02,66.3099,65.04,65.57,742171
1564147800,65.73,66.25,64.16,65.02,869765
1564407000,65.07,66.1,64.63,66.05,775542
1564493400,65.31,66.26,65,66.04,765345
1564579800,66.67,66.8,64.09,64.49,1179813
1564666200,65.52,69.235,65.52,66.83,4288389
1564752600,67.25,67.5,64.57,66.63,2133550
1565011800,64.48,64.745,59.665,62.01,2555459
1565098200,62.68,63.3,62.125,62.8,1327339
1565184600,62.46,64.06,61.8,63.87,1316953
1565271000,64.04,65.21,63.37,64.76,1289973
1565357400,64.51,64.71,63.49,63.5,924905
1565616600,62.83,63.2625,60.83,60.94,1200131
1565703000,60.62,62.59,60.22,62.19,1453434
1565789400,60.96,60.96,58.57,58.99,1566006
1565875800,59.31,59.96,58.67,59.26,959030
1565962200,60.04,62.15,60.04,61.69,1167556
1566221400,62.93,63.69,61.6815,63.07,1160907
1566307800,62.65,63.72,61.91,63.08,1098889
1566394200,64.11,64.8299,63.33,63.87,738298
1566480600,63.97,64.01,62.41,63.05,502207
1566567000,62.33,62.81,60.58,60.89,1076670
1566826200,61.81,62.5,61.105,62.24,654621
1566912600,62.81,63.3699,61.45,61.86,878067
1566999000,61.87,62.72,61.32,62.05,811280
1567085400,63,63.6,62.2,62.49,690643
1567171800,63.05,63.31,60.9,62.07,831612
1567517400,61.29,61.78,60.64,60.97,754930
1567603800,61.56,62.57,61.41,62.46,586192
1567690200,63.16,64.48,62.62,62.83,766044
1567776600,62.91,63.02,61.84,62.81,487106
1568035800,63.37,63.745,61.88,62,654253
1568122200,61.95,62.38,59.68,62.38,1104779
1568208600,62.79,63.7375,62.43,63.31,708091
1568295000,63.6,64.22,61.1,62.23,1034605
1568381400,62.41,64.14,61.81,63.7,955379
1568640600,63.7,65.1422,63.19,63.44,1063265
1568727000,63.32,66.44,63.2,65.82,1521699
1568813400,65.6,65.995,64.2,65.75,1057560
1568899800,66,67.9,65.79,67.07,1817949
1568986200,67.25,67.61,65.84,66.7,1601412
1569245400,67.21,68.55,66.43,67.31,1336589
1569331800,67.79,67.97,65.2,65.48,1318046
1569418200,65.47,67.4,65.11,67.1,1115739
1569504600,66.76,66.935,62.26,62.54,2318176
1569591000,62.47,63.13,57.91,58.46,3937896
1569850200,58.6,58.67,55.95,58.01,2814097
1569936600,58.4,59.33,56.24,56.28,1478878
1570023000,55.78,56.41,55.26,55.905,1706841
1570109400,55.64,57.52,54.77,57.17,1434534
1570195800,57.54,59.42,57.21,59.315,1649213
1570455000,62.25,62.885,56.83,56.96,3757095
1570541400,56.66,58.21,56.15,56.96,1163154
1570627800,57.18,57.56,56.11,56.2,957118
1570714200,56.06,57.65,55.89,56.63,1531660
1570800600,57.62,58.2,56.29,56.82,2437596
1571059800,56.59,57.2,56.17,56.49,760539
1571146200,56.86,56.94,54.92,55.88,1432080
1571232600,55.66,55.87,54.07,55.01,1552577
1571319000,55.07,56.26,54.6158,55.25,1525608
1571405400,55,56.43,55,55.22,1338461
1571664600,55.59,56.92,55.34,56.34,1050133
1571751000,56.34,56.78,55.47,56.22,1198758
1571837400,55.9,56.76,55.05,55.28,1169790
1571923800,55.61,56.08,55.13,55.89,1802034
1572010200,54,55,50.22,52.66,6342425
1572269400,53.18,54.86,53.11,53.24,2332302
1572355800,53.55,53.92,52.63,53.29,1282471
1572442200,53.08,53.54,51.26,51.85,1252034
1572528600,52.13,52.8,51.08,51.79,1385158
1572615000,52.26,52.6,51.43,52.58,836480
1572877800,53.79,54.42,52.68,53.06,1261589
1572964200,53.12,54.39,52.82,53.87,953171
1573050600,53.86,54.72,52.88,53.36,822427
1573137000,53.76,54.3,52.25,52.63,991783
1573223400,52.52,52.84,51.7,51.97,930271
1573482600,51.94,53.1,51.61,52.48,768974
1573569000,52.6,53.32,52.5,52.97,775835
1573655400,52.54,53.275,52.08,53.09,689001
1573741800,52.78,52.99,52.03,52.54,656667
1573828200,52.73,54.145,52.73,53.36,920446
1574087400,53.4,53.4,52.47,53.15,893300
1574173800,54.04,54.82,53.58,54.59,1088771
1574260200,54.42,55.08,53.95,54.32,1041085
1574346600,54.34,54.61,53.42,53.86,739278
1574433000,54.1,54.715,53.88,54.38,720324
1574692200,54.73,55.4,54.57,54.96,714781
1574778600,55.04,55.33,54.61,55.09,522174
1574865000,55.52,55.8,54.92,55.62,601286
1575037800,55.59,55.76,54.95,55.24,446020
1575297000,55.52,55.7,54.41,54.72,1020082
1575383400,53.76,54.39,52.88,54.35,1018466
1575469800,54.66,55.33,54.37,54.79,1275615
1575556200,55.03,55.16,52.25,52.3,2393618
1575642600,52.76,53.65,52.5,53.37,1355827
1575901800,53.37,53.52,52.38,52.44,842587
1575988200,52.28,53.05,52.28,52.47,1078728
1576074600,52.83,54.55,52.6601,53.87,1058518
1576161000,53.99,55.08,53.81,55.04,912997
1576247400,55.13,56.025,54.51,54.98,588655
1576506600,55.26,57.2,55.26,56.53,1231808
1576593000,56.46,57.03,55.59,56.3,1390640
1576679400,56.21,56.98,55.94,56.49,897270
1576765800,56.75,57.59,56.61,57.07,1144978
1576852200,57.4,57.76,57.04,57.31,1611911
1577111400,57.55,57.8895,57.16,57.86,650140
1577197800,57.71,58.25,57.47,57.98,290724
1577370600,58.2,59,58.16,58.66,1111619
1577457000,58.74,58.74,56.18,56.41,1090085
1577716200,56.31,56.45,55.0001,56.26,915879
1577802600,55.89,56.43,55.53,55.96,705410
1577975400,56.4,57.26,55.96,57.24,1053829
1578061800,57.11,57.66,56.71,57.02,943699
1578321000,56.01,56.42,54.78,55.83,1535134
1578407400,55.76,57.31,55.76,56.67,974383
1578493800,56.86,57.1071,56.16,56.7,725721
1578580200,57.07,58.04,56.45,56.7,891746
1578666600,56.74,56.81,55.83,56.5,829547
1578925800,56.86,58.35,56.6,57.44,1099600
1579012200,57.5,59.1,57.3,58.78,997413
1579098600,55.21,55.69,52.75,54.75,7532705
1579185000,54.03,54.87,53.55,53.93,2181657
1579271400,54.05,54.6,52.9001,53.52,1768186
1579617000,53.48,53.48,51.335,51.55,2687750
1579703400,51.83,51.83,50.46,50.56,2342458
1579789800,50.46,52.37,50.21,52.02,2175786
1579876200,52.61,53.38,51.67,51.94,1729342
1580135400,51.14,51.23,50.44,50.49,1288071
1580221800,50.72,51.335,50.6,51.11,942417
1580308200,51.18,51.52,50.7265,50.9,853148
1580394600,50.6,51.1,50.11,50.72,884540
1580481000,50.6,50.73,49.245,49.58,1054853
1580740200,49.88,50.6,49.69,50.24,986866
1580826600,51.21,52.69,51.01,52.67,1595138
1580913000,53.4,54.0699,52.6,53.1,1424532
1580999400,53.49,53.68,52.61,52.65,966256
1581085800,52.27,52.7788,52.07,52.46,704457
1581345000,52.48,53.16,52.25,52.75,819719
1581431400,53.31,54.23,53.155,53.525,973381
1581517800,54.25,56.17,54,56.12,2627215
1581604200,55.78,55.78,53.71,54.61,1737100
1581690600,54.88,55.44,54.4043,55.26,651726
1582036200,55.54,56.17,55.02,55.65,1407357
1582122600,56.16,58,56.01,57.37,1945614
1582209000,58.26,59.9,56.911,59.32,4156485
1582295400,53,53.39,50.27,50.59,9774901
1582554600,48.27,51.38,48.03,51.21,3700847
1582641000,51.8,51.87,48.48,48.57,2807226
1582727400,48.8,49.54,46.04,46.11,2670436
1582813800,44.68,46.16,43.34,44.25,2699288
1582900200,42.55,46.655,42.5,45.77,2950667
1583159400,45.88,46.22,43.5706,44.95,2730409
1583245800,45.21,46.11,43.6236,44.21,1569455
1583332200,44.93,45.58,43.89,45.48,1340145
1583418600,44.56,46.18,44.2663,45.47,1259142
1583505000,44.04,44.8799,42.72,43.37,1448658
1583760600,39.99,41.25,38.9,39.15,1638791
1583847000,40.5,41.18,39.3,41.08,2704465
1583933400,40,40.58,36.4352,37.23,2514573
1584019800,34.18,37.53,33,36.56,2691393
1584106200,38.85,39.64,34.1405,35.96,1718862
1584365400,31.9,35,30.7,31.54,2999484
1584451800,32.2,34.9,29.5707,32.26,3515959
1584538200,30.24,32.11,28.47,30.2,2525329
1584624600,30.01,34.97,29.15,33.46,1782670
1584711000,34.39,35.82,32.42,33.69,2789577
1584970200,33.75,34.25,30.685,33.07,2146983
1585056600,34.81,35.26,32.55,33.71,1734686
1585143000,34.18,37.14,33.4,34.79,1947930
1585229400,35.49,37.97,35.1,37.62,1682855
1585315800,36.05,36.99,34.6,35.63,1752923
1585575000,37.17,37.17,34.31,36.06,1158687
1585661400,36.12,36.9,35,36.06,1251611
1585747800,34.75,34.9,33,33.44,1002886
1585834200,33.56,36.33,33.38,35.31,1865472
1585920600,35.12,36.3,34.12,34.38,1105212
1586179800,35.26,37.41,35,36.75,2038368
1586266200,38,38.89,37.13,37.35,1270111
1586352600,37.81,39.06,36.59,38.9,1137154
1586439000,39.1,41.01,39.1,40.45,1368769
1586784600,40.31,40.93,39.64,40.61,1024914
1586871000,41.68,42.84,41.085,42.12,1070494
1586957400,41,41.675,40.51,40.93,948993
1587043800,41.61,41.84,39.7,40.15,1922819
1587130200,41.64,42.4,41.1801,42.2,1433851
1587389400,41.77,42.28,40.89,41,1406440
1587475800,40.16,40.88,38.96,39.18,1262439
1587562200,40.44,40.53,39.6,40.23,933930
1587648600,40.61,42.435,40.3,42.29,1838886
1587735000,42.37,42.8354,40.57,40.84,1607174
1587994200,41.06,43.42,41.06,43.26,1270220
1588080600,43.69,44.4,41.75,41.77,1310712
1588167000,43.03,45.6799,42.3,45.55,1198213
1588253400,44.49,44.895,43.75,44.01,1367046
1588339800,42.5,43.4,41.58,41.98,1130138
1588599000,41.84,43.45,41.3214,43.4,1193232
1588685400,44.93,44.93,42.835,43.1,949967
1588771800,43.58,44.6,43.07,43.12,1165293
1588858200,43.6,44.76,43.47,44.66,1296927
1588944600,45.4,45.5,43.4,44.16,2019627
1589203800,43.55,44.06,42.45,42.87,1661959
1589290200,43.37,43.4,40.3,40.35,1789086
1589376600,40.5,41.17,39.01,39.43,2192128
1589463000,38.8,39.96,37.925,39.79,1272135
1589549400,38.72,39.37,38.59,39.37,1057238
1589808600,40.71,42.49,40.7,42.37,2256388
1589895000,42.35,44.97,42.11,43.23,1674880
1589981400,43.6,45.03,43.51,43.94,965000
1590067800,43.77,44.7,43.51,43.76,865505
1590154200,43.92,43.96,43.175,43.47,569933
1590499800,45,46.825,44.76,46.56,1425305
1590586200,47.38,47.6,44.86,46.61,1259228
1590672600,46.5,47.14,45.27,45.52,1056029
1590759000,45.17,46.78,45.071,46.62,968550
1591018200,46.5,48.53,46.26,48.01,1085531
1591104600,48.1,49.19,47.54,47.9,1188239
1591191000,49.11,49.95,48.31,49.5,1200704
1591277400,49.55,49.97,49.25,49.61,1046329
1591363800,50,51.97,50,51.38,1501655
1591623000,51.99,54.5,51.65,54.44,1110612
1591709400,53.6,53.89,52.05,53.06,1057294
1591795800,53.06,53.13,51.06,51.19,1015583
1591882200,49.54,50.5,48.7,48.94,1320651
1591968600,50.24,50.51,48.2001,49.42,1024017
1592227800,48.34,50.24,47.87,50.11,654982
1592314200,51.65,52.02,50.59,51.31,793268
1592400600,51.83,51.83,49.82,49.9,840422
1592487000,49.72,51.31,49.52,50.47,627620
1592573400,51.28,51.56,50.12,50.2,1223401
1592832600,50.21,50.42,49.3,49.8,635366
1592919000,50.49,52.3,50.47,51.92,1273381
1593005400,51.87,51.87,48.56,49.08,1106652
1593091800,48.97,50.42,48.64,50.38,817922
1593178200,50.37,50.42,48.69,48.76,1169092
1593437400,49,50.11,48.3,49.61,1117894
1593523800,49.69,50.34,48.97,49.5,2231039
1593610200,49.28,49.89,49.04,49.09,784343
1593696600,49.97,50.99,49.78,49.88,890180
1594042200,50.79,53.7,50.5,53.41,3475544
1594128600,53.2,53.57,52.35,53.16,1248635
1594215000,53.37,58.1699,53.13,58.06,2939538
1594301400,58.5,59.57,55.9,57.2,1977377
1594387800,58.45,58.45,56.34,57.49,828640
1594647000,57.91,59.61,56.11,56.21,1727249
1594733400,55.99,61.83,55.35,61.78,3281204
1594819800,62.5,62.7,58.99,60.98,2796601
1594906200,60.43,60.93,58.54,59.03,1795090
1594992600,59.39,61.335,59.24,61,1211391
1595251800,60.92,63.68,60.61,62.16,1626972
1595338200,62.66,62.84,59.89,60.74,1428741
1595424600,60.61,61.8,60.36,61.15,1115031
1595511000,61.9,63.47,60.77,62.5,1459804
1595597400,61.31,62.37,60.5703,62.16,1150311
1595856600,60.84,62.47,60.24,62.26,1459906
1595943000,61.8,62.09,59.58,59.68,1659131
1596029400,60.04,60.84,59.63,60.11,852121
1596115800,59.56,59.95,58.5097,59.7,1077824
1596202200,60.06,60.15,58.34,59.55,730539
1596461400,60,61.01,59.29,60.84,774801
1596547800,61.69,64.23,61.2,64.04,1516000
1596634200,63.33,65.74,62.45,65.73,1321038
1596720600,64.86,65.36,63.13,64.46,1497682
1596807000,69.1,78.535,68.95,72.93,5480771
1597066200,72.93,74.99,71.35,72.5,2546894
1597152600,72.83,72.845,69.5,70.19,2106939
1597239000,70.09,74.94,69.635,73.53,1667588
1597325400,73.24,76.53,73.15,75.71,1883545
1597411800,75.71,76.2,74.02,74.31,1118673
1597671000,75.24,75.49,73.28,73.61,1061046
1597757400,73.91,74.92,72.82,74.41,1248120
1597843800,74.59,77.5,74.53,75.85,1412577
1597930200,74.94,75.6,73.43,73.66,1116696
1598016600,73.93,74.9033,73.33,74.1,748882
1598275800,74.8,76.77,74.08,76.52,1728152
1598362200,77.32,78.165,74.735,77.37,1653686
1598448600,78.21,80.09,76.94,78.19,1400656
1598535000,78.19,79.95,77.01,77.61,1085629
1598621400,78.25,81.87,77.6,80,1871110
1598880600,80,80.84,76.16,76.59,2491841
1598967000,76.61,78.49,76.4401,78.42,1076498
1599053400,79.08,79.16,75.83,77.45,1058513
1599139800,76.49,76.49,71.5,72.5,2284742
1599226200,72.5,73.33,67.41,72.06,1726095
1599571800,69.46,71.92,68.27,69.37,1504735
1599658200,70.74,72.13,70,71.7,1074005
1599744600,72.3899,73.015,69.53,69.89,860404
1599831000,70.92,71.93,69.67,69.91,1058491
1600090200,71.05,71.73,70.1,71.46,631922
1600176600,72.56,74.05,72.03,72.89,1155801
1600263000,73.78,74.7436,71.62,71.96,1529324
1600349400,66.03,66.79,63.61,64,11380666
1600435800,64.18,64.79,61,61.75,4974281
1600695000,60.48,62.3,60.25,61.67,3434879
1600781400,62.16,62.2,60.56,61.55,1932715
1600867800,62.07,63.84,61.8,62.02,2785012
1600954200,61.2,62.2,59.52,61.3,2069962
1601040600,61.25,63.56,60.4,63.05,3341564
1601299800,64.26,65.58,63.9301,65.37,1780883
1601386200,65.5,66,64.7,65.76,1703318
1601472600,65.795,68.14,65.65,66.2,2893196
1601559000,67.27,68.88,66.78,68.57,2273917
1601645400,67.01,69.32,66.71,67.24,1329465
1601904600,68.55,71.78,68.29,71.5,2348768
1601991000,72.58,75.57,71.8,73.44,2498737
1602077400,75.41,81.24,75,78.71,5287226
1602163800,80.5,80.6,76.5,77.12,3179158
1602250200,77.33,81.43,76.88,78.81,3005878
1602509400,81.97,83.3,77.31,79.31,3802472
1602595800,79.02,84.45,78.49,82.93,3583284
1602682200,84.16,85.66,82.57,83.72,2612069
1602768600,80.71,82.8499,78.69,82.28,2549734
1602855000,82.64,85.5,81.6378,84.18,3270855
1603114200,84.17,87.44,82.85,83.43,3224446
1603200600,84.73,86.58,82.94,84.3,2405567
1603287000,85.47,87.41,81.29,81.6,3169680
1603373400,81.8,83.36,80.15,82.65,2473209
1603459800,83.4,86.24,82.8001,85.37,2368619
1603719000,82.65,85.11,80.67,83.75,3550542
1603805400,83.12,84.51,81.449,82.39,3841677
1603891800,92.33,97.93,90.21,93.31,14681861
1603978200,91.15,92.88,86.75,87.46,5460276
1604064600,86.8375,88.1019,81.7054,87.045,5665075
1604327400,89,90.88,87.2,88.89,3388043
1604413800,89.52,90.72,85,87.24,4308496
1604500200,82.26,83.54,77.77,79.78,9425625
1604586600,82.31,88.655,82.01,86.9,5866218
1604673000,88.75,90.73,86.34,88.27,4309437
1604932200,95.72,95.72,86.045,86.11,4033298
1605018600,83.5,86,79.78,80.75,3889939
1605105000,82.04,85.5,82,84.2,2373803
1605191400,84.79,85,80.7,81.4,2134795
1605277800,82.29,82.98,79.76,79.95,2464027
1605537000,80.8,82.25,79.05,80.21,2795984
1605623400,80.15,81.78,79.272,81.48,2340629
1605709800,82.27,83.82,80.34,81.99,2634853
1605796200,81.46,85.77,81.45,84.06,2671206
1605882600,85.25,86.4218,83.37,84.69,1984072
1606141800,85.75,87.35,84.124,86.92,3118418
1606228200,89.51,91.5,86.3088,90.41,2649993
1606314600,89.84,93,89.51,92.45,2241758
1606487400,95,97.5799,93.68,94.7,2123669
1606746600,96.87,98.4597,90.6,93.43,2733492
1606833000,90.875,93.4,90.06,91.06,2782281
1606919400,89.92,91.464,87.26,90.49,1931400
1607005800,90.99,92.73,88.51,88.92,2588534
1607092200,89.95,91.56,88.47,89.26,1793782
1607351400,89.95,90.85,88.21,88.75,1861027
1607437800,88.74,90.39,88.7,89.89,1339174
1607524200,91.21,91.34,85.22,86.22,1851882
1607610600,85.9,87.74,85.61,86.54,1159400
1607697000,85.66,87.92,85.3964,86.37,1429089
1607956200,87.2445,88.25,86.2,86.59,1824894
1608042600,85.5,91.3,84.77,91.26,4302664
1608129000,91.27,93.18,89.36,91.77,2259942
1608215400,92.95,93.39,91.01,92.32,1535326
1608301800,93.34,95.49,92.32,93.59,4009551
1608561000,92.4,96.5297,91.8415,96.41,1997191
1608647400,98.22,106.04,98,105.16,4856496
1608733800,107.37,109.09,101.34,101.83,2943953
1608820200,101.83,103.29,99.6904,102.4,1340633
1609165800,104.86,108.53,100.54,101.19,3131665
1609252200,101.41,101.73,95.27,96.98,2150564
1609338600,98.24,101.65,97.99,100.34,1727458
1609425000,100.27,101.005,98.8,98.92,1585269
1609770600,101.58,105.31,100.56,101.24,2633637
1609857000,97.09,97.82,91.3,92.16,7295238
1609943400,98.84,102.13,96.0601,99.69,6731293
1610029800,104.89,107.1698,102.83,105.5,3546720
1610116200,108.5682,109.62,101.415,104.1,3340085
1610375400,101.51,105.32,101.2,103.76,2529349
1610461800,104.47,107.47,101.93,104.32,2667948
1610548200,104.58,105.31,101.35,104.18,1776639
1610634600,104.6,108.47,104.6,106.04,2429495
1610721000,104.99,105.29,96.29,96.58,4178061
1611066600,99.7712,100.99,98.47,100.24,2561422
1611153000,103.3,105.38,101.05,101.75,2434063
1611239400,103.39,107.72,101.34,107.53,2943052
1611325800,104.51,106.96,102.85,106.67,2085605
1611585000,108.38,112.5,102.4,104.94,3218534
1611671400,106.355,107.735,102.59,104.69,2084429
1611757800,100.11,104.93,96.58,102.81,2952174
1611844200,103.67,106.5622,100.66,105.1,3395840
1611930600,104.45,106.57,98.08,99.15,2867826
1612189800,99.58,99.9,95.2946,98.31,2537274
1612276200,99.07,100.8899,96.6,97.29,2231127
1612362600,98.25,99.43,96.27,98.94,1824150
1612449000,99.31,100.91,97.11,98.59,1760093
1612535400,98.95,99.7973,96.165,97.4,2305939
1612794600,98.08,101.2,97.9,100.33,1600463
1612881000,100.18,103.14,99.3,101.85,1838399
1612967400,102.72,104.99,98.14,99.88,2337199
1613053800,100.72,100.73,98.1,99.59,1753215
1613140200,98.5,101.2399,97.18,100.75,1472232
1613485800,101.79,102.29,97.82,98.71,1536654
1613572200,98.4,98.4,90.91,95.84,3510356
1613658600,92.73,93.5845,89.5631,91.38,2637156
1613745000,92.9,93.78,90.8,90.96,2451051
1614004200,88.89,89.9899,85.91,86.61,2862062
1614090600,82.63,87.84,77.9045,86.97,3878530
1614177000,87.32,88.04,83.03,88.03,2605613
1614263400,86.71,88.78,81.35,81.4,3209754
1614349800,80.31,82.9,78.29,81.02,3272647
1614609000,82.23,85.75,82,84.89,2521349
1614695400,84.74,86.78,82.87,83.19,1686145
1614781800,83.3422,84.16,78.7,78.88,2352021
1614868200,77.95,80.01,73.34,75.36,3641056
1614954600,75.99,76.55,68.07,73.7,4640963
1615213800,73.79,74.96,71.01,71.45,2483183
1615300200,74,77.43,73.37,76.67,3338609
1615386600,78.15,79.515,74.71,75.72,2619292
1615473000,78.65,81.8,78.2,81.02,2390067
1615559400,79.08,82.42,78.01,81.95,1784334
1615815000,82.23,83.61,80.46,82.53,1652080
1615901400,82.53,84.44,81.1775,82.46,1735349
1615987800,80.5013,81.589,78.69,80.14,1947466
1616074200,79.03,81,77.29,77.61,2215358
1616160600,78.53,80.22,77.6175,79.97,2486778
1616419800,80.45,82.97,79.7601,81.83,1711445
1616506200,81.83,83.07,79.88,80.52,1583862
1616592600,81.51,82.8,80.5,80.72,1966486
1616679000,78.02,80.84,75.3389,80.73,2314542
1616765400,81.16,85.72,81.06,85.69,2671788
1617024600,85.5,85.54,80.61,81.61,1737036
1617111000,81.61,87.08,81.41,86.53,2584544
1617197400,87.88,88.9,86.3,87.3,2260404
1617283800,88.79,89.2,85.2827,86.15,1789323
1617629400,87.87,87.87,81.82,83.12,2549532
1617715800,83.2489,86.18,82.72,84.21,1555685
1617802200,83.44,83.83,80.02,81,1941998
1617888600,82,82.84,80.8,81.19,1536365
1617975000,79.9,80.07,78.52,79.61,1937572
1618234200,79.03,79.03,76.5,78.75,2283845
1618320600,79.16,79.55,76.92,78.99,1244040
1618407000,79.53,81.545,78.17,78.57,2145115
1618493400,79.59,79.65,75.76,77.17,1856534
1618579800,77.17,80.375,77.16,80.14,5828660
1618839000,82.62,84.49,79.32,80.21,3608172
1618925400,79.665,81.33,77.7,79.36,1571179
1619011800,79.23,83.75,78.16,83.65,2793752
1619098200,84.65,89,84.65,87.15,4137579
1619184600,88.645,89.64,87.4,88.56,2258556
1619443800,88.94,91,87.55,89.79,1786152
1619530200,90,91.12,89.435,89.69,1825143
1619616600,87.98,89.61,87.23,88.7,1553064
1619703000,89.77,89.99,86.63,87.29,2906865
1619789400,84.01,84.91,76.41,76.53,8849826
1620048600,77.62,77.74,74.05,75.77,4807048
1620135000,74,74.47,71.71,73.82,3100796
1620221400,74.01,75.45,72.8,74.39,2418097
1620307800,74.165,74.55,71.76,73.63,2432579
1620394200,74.89,76.33,73.79,74.62,2129297
1620653400,74.62,74.62,72.1,72.19,1744595
1620739800,68.32,72.87,67.71,71.89,2915044
1620826200,70.9,71.58,69.37,69.73,2000292
1620912600,70.28,70.76,68.3801,69.57,1703821
1620999000,70.75,72.885,70.75,72.58,1741074
1621258200,72.1,72.23,70.11,71.55,1727892
1621344600,72.4,73.95,71,72.39,1755206
1621431000,71.19,74.99,70.65,74.24,2061572
1621517400,74.11,76.95,73.63,76.64,2008268
1621603800,77.2,77.46,75.38,75.93,1053795
1621863000,76.88,76.88,75.07,75.38,751614
1621949400,75.97,76.34,74.6,74.8,769458
1622035800,74.97,77.9,74.75,77.53,1631147
1622122200,77.23,77.65,76.38,76.93,1274871
1622208600,77.45,78.18,76.03,76.11,1143526
1622554200,77.24,78.38,75.41,76.88,1173767
1622640600,76.57,77.5,76.42,76.96,1017393
1622727000,76.28,76.98,75.22,75.37,885408
1622813400,75.85,77.295,75.5,75.84,752230
1623072600,75.66,75.94,74.45,75.01,1124809
1623159000,75.7,76.3,73.91,75.96,1757057
1623245400,77.44,79.12,76.6201,76.81,2098604
1623331800,77.01,80.8,76.85,80.4,3570441
1623418200,80.84,81.83,79.36,79.59,1856667
1623677400,80,80.76,78.28,78.61,1472024
1623763800,78.625,78.87,75.51,76.17,2137182
1623850200,75.91,78.465,75.22,77.4,1493552
1623936600,76.54,79.53,76.36,78.53,1344503
1624023000,77.81,79.31,75.89,76.97,2842156
1624282200,77.11,80.99,76.1,78.19,2230884
1624368600,78.5,80.47,77.33,78.38,2296695
1624455000,78.7,80.5595,78.62,80.19,1172593
1624541400,86.39,87.67,84.36,84.51,6047377
1624627800,85.37,88.92,85.01,87.87,4874030
1624887000,88.375,93.49,88.32,92.71,3854631
1624973400,92.2158,94.08,91.85,92.67,1990302
1625059800,91.55,92.365,89.8,90.51,1782736
1625146200,91.26,91.49,89.03,90.17,1334756
1625232600,90.17,91.66,89.645,90.82,1220131
1625578200,91.3,92.65,89.1403,91.19,1579227
1625664600,92.0838,94.08,90.4014,91.27,1898605
1625751000,89.22,90.41,86.6,89.91,1900776
1625837400,90.15,92.84,89.46,92.54,1453792
1626096600,93.2,95.64,93.14,94.29,2303609
1626183000,93.21,94.48,91.6,92.79,1761784
1626269400,92.79,93.03,89.95,90.04,1837144
1626355800,89.03,89.68,84.94,85.6,2592821
1626442200,86.1993,86.5,83.11,83.49,2326392
1626701400,81.31,83.45,80.14,83.05,2035536
1626787800,83.71,83.99,81.73,82.68,2225234
1626874200,83.14,85.8294,83.02,85.19,1609585
1626960600,84.88,85.46,82.62,83.68,981526
1627047000,83.74,83.78,82.08,82.95,1165712
1627306200,82.7,83.61,80.415,81.35,1417698
1627392600,81.28,81.38,78.9301,81.36,1761461
1627479000,81.68,84.6,81.22,83.48,2115883
1627565400,84.24,85.36,83.5452,83.74,1650647
1627651800,81.98,88.105,80.75,86.04,3767064
1627911000,89.0436,89.69,86.66,88.27,2536625
1627997400,90,92.58,89.99,92.34,3270068
1628083800,91.2,92.98,91.15,92.21,1794533
1628170200,91.99,92.3,90.52,91.62,1115798
1628256600,91.26,95.0567,91.23,93.15,2148477
1628515800,92.87,95.15,91.89,94.71,1310509
1628602200,94.61,96.37,94.33,95.75,1490451
1628688600,95.75,96.54,94.35,95.91,1125632
1628775000,95.75,97.07,95.21,96.94,947096
1628861400,96.89,96.89,95.9,96.6,1561593
1629120600,95.75,97.48,95.2,96.83,1477066
1629207000,95.83,96.395,91.75,93.51,1900688
1629293400,93.89,95.39,93.12,93.65,1195971
1629379800,91.56,93.38,91.4,92.99,895264
1629466200,92.99,94.75,92.41,94.54,741783
1629725400,95.14,96.23,94.62,96.04,868186
1629811800,96,97.55,94.41,94.47,1000599
1629898200,95.73,95.73,93.39,93.63,807685
1629984600,92.88,94.87,92.508,93.68,893358
1630071000,93.49,95.19,93.31,94.44,774988
1630330200,95.23,96.03,94.61,95.69,1324312
1630416600,95.69,96.25,93.73,94,1020783
1630503000,94.46,95.3,93.71,94.06,888239
1630589400,94.97,96.19,94.4,94.87,753462
1630675800,94.24,94.8,93.13,94.06,567440
1631021400,93.81,94.76,93.13,94.48,711802
1631107800,98.398,102.09,95.15,95.43,3673161
1631194200,95.53,99.58,95.16,98.89,2589417
1631280600,100.2,103,99.4,99.41,2993219
1631539800,100.39,106.75,98.85,106.17,3645042
1631626200,106,107.27,104.08,105.16,2008295
1631712600,104.9358,105.16,102.16,104.7,1204099
1631799000,104.42,105.1,102.51,103.29,1108271
1631885400,102.94,104.43,101.8,104.02,4205666
1632144600,100.54,100.575,93.59,95.69,4157232
1632231000,96.65,96.717,91.8887,95.01,2292526
1632317400,95.51,96.96,94.545,95.71,1346420
1632403800,95.8,96.81,93.23,93.45,1963144
1632490200,92.41,93.235,90.18,91.15,2186420
1632749400,91.08,95.7099,90.28,95.56,1955930
1632835800,93.7,95.81,93.38,95.25,1638686
1632922200,95.85,96.65,93.23,94.07,1790605
1633008600,94,96.37,93.45,95.46,1421836
1633095000,96.27,97.5,94.941,96.57,1152490
1633354200,95.82,96.29,93.14,95.01,1376054
1633440600,95.6142,96.665,95.05,95.6,814577
1633527000,94.44,95.635,92.764,95.18,1517239
1633613400,97.05,99.88,96,97.52,1493466
1633699800,97.9637,98.78,97.37,98.67,928187
1633959000,99.31,105.4,99.09,102.29,2980129
1634045400,102.2,108.01,102.2,105.27,2437555
1634131800,105.68,108.3,105.18,106.02,1829553
1634218200,107.39,108.49,105.91,106.2,2054029
1634304600,106.47,108.15,104.95,105.11,2701997
1634563800,102.526,106.25,102.5,104.78,1244538
1634650200,104.59,109.96,104.16,108.28,2162656
1634736600,104.01,105.2282,101.15,103.23,2768047
1634823000,104.16,107.11,103.33,106.29,1750869
1634909400,105.79,106.29,103.91,106.22,872657
1635168600,107.53,109.58,106.58,109.04,1165957
1635255000,109.8,110.9,106.99,108.94,1304152
1635341400,114.295,116.59,110.1001,110.23,2378714
1635427800,111.5,118.06,111.03,117.88,2592214
1635514200,116.87,120.9,116.6,119.59,2729367
1635773400,120.25,123.125,117.87,121.14,2426993
1635859800,120.7675,122.36,118.34,118.65,1672135
1635946200,116.11,117.57,114.61,116.83,1855634
1636032600,116.25,116.8,114.12,116.66,2076189
1636119000,113.79,116.5,111.501,116.31,2651587
1636381800,117.98,119.8573,112.59,115.03,1765842
1636468200,114.91,115.81,111.04,114.1,1166544
1636554600,112.59,115,110.82,110.99,1512911
1636641000,108.15,114.255,107.23,113.6,1492251
1636727400,113.67,114.5663,110.83,110.92,1000456
1636986600,111.4008,112.32,109.14,112.31,1228360
1637073000,112.3,112.64,101.27,104.49,4421128
1637159400,104.09,106.66,103.29,103.94,1540985
1637245800,104.67,104.67,101.1253,103.43,1179544
1637332200,103.76,110.32,102.83,108.37,1775010
1637591400,113.23,114.96,107.93,108.16,1791827
1637677800,108.07,109.33,105.22,107.14,1481791
1637764200,106.5,110.8,103.94,108.28,2096716
1637937000,104.7806,107.74,103.3,105.92,843413
1638196200,105.9,107.5,104.16,106.85,1037569
1638282600,106.61,107.87,102.311,103.6,1306643
1638369000,105.905,108.18,101.53,101.64,1318805
1638455400,100.262,103.28,99.0601,102.04,919946
1638541800,104.81,104.97,96.8,98.25,1492832
1638801000,98.25,99.6,94.23,99.11,1178782
1638887400,102.19,104.02,100.53,101.2,1132680
1638973800,100.77,102,99.78,100.71,828697
1639060200,99.94,101.14,96.44,96.64,1049228
1639146600,98.15,98.56,94.9,97.2,1139534
1639405800,97.0565,99.39,93.13,97.07,1652066
1639492200,94.37,96.01,92.715,95.32,1143943
1639578600,95.3913,95.3913,91.27,95.18,1355595
1639665000,96.14,97.3,89.44,91.2,1568538
1639751400,89.58,93.77,88.76,93.16,2740856
1640010600,87.79,88,84.78,85.76,2964049
1640097000,87.2,89.21,87,89.12,1295245
1640183400,88.735,88.87,86.66,87.92,800405
1640269800,88.63,88.63,86.2,87.37,937607
1640615400,88,88,85.9,87.86,731039
1640701800,88.25,88.7044,87.08,87.35,560918
1640788200,87.16,88.14,85.97,87.18,795337
1640874600,87.76,89.2867,87.395,88.04,837518
1640961000,87.5,88.9799,87.11,87.16,502906
1641220200,88.01,89.02,86.74,88.58,770621
1641306600,91.195,91.36,85.45,87.28,1810558
1641393000,87.3,87.825,83.11,83.51,1480537
1641479400,83.01,84.48,81.1,83.97,1412807
1641565800,83.44,85.99,83.32,84.68,1046132
1641825000,83.02,84.39,80.84,84.3,1553588
1641911400,84.47,85.08,83.39,84.45,896891
1641997800,85.14,86.5,83.87,84.12,790069
1642084200,85.46,86.4,82.63,82.78,1030455
1642170600,82.17,84.3195,81.05,83.02,1221183
1642516200,81.45,82.49,80.41,81.5,940916
1642602600,81.65,82.74,80.651,81.37,975952
1642689000,83.193,85.33,81.48,81.49,1618752
1642775400,80.44,80.8,76.48,76.82,2299871
1643034600,74.9,77.96,72.55,77.93,1549803
1643121000,75.43,77.44,74.16,75.94,1217262
1643207400,78.78,79.4,75.29,76.37,1432497
1643293800,77.56,78.19,72.19,72.22,2613664
1643380200,72.1,73.9,69.86,73.42,1395500
1643639400,73.84,78.56,73.84,78.38,2347311
1643725800,78.32,78.87,75.7303,77.7,1275619
1643812200,78.37,78.4823,75.9,76.37,1173795
1643898600,72.23,74.2099,71.02,71.28,2220366
1643985000,71.27,71.5,67.3928,71,2863731
1644244200,70.89,71.42,69.175,69.74,1287232
1644330600,69.8,70.595,68.92,70.39,1263134
1644417000,74,74.23,71.81,74.17,1976486
1644503400,72.0016,73.9,70.875,71.22,1365442
1644589800,71.34,71.9299,68.56,69.31,1092740
1644849000,68.86,70.34,67.8801,68.23,1051944
1644935400,70.1,72.18,69.27,72.1,1058148
1645021800,70.95,72.07,70.02,71.67,1007674
1645108200,70.82,71.85,69.89,69.95,1097387
1645194600,69.97,70.22,67.9001,68.57,881349
1645540200,67.24,68.28,65.53,65.85,1192307
1645626600,66.88,66.88,64.72,64.9,1299503
1645713000,62.13,69.06,61.24,69.04,2553875
1645799400,69.12,70.73,68.08,70.68,1611179
1646058600,71.935,75.54,71.845,75.29,3132178
1646145000,75.17,76.935,74.6,75.62,3224494
1646231400,65.84,69.66,63.01,69.51,8286891
1646317800,68.67,70.14,66.89,67.37,2623436
1646404200,66.74,72.48,66.45,71.85,3174665
1646663400,73.8,76.67,72.11,75,3370680
1646749800,75.5,81.8,75.5,79.52,3976830
1646836200,78.69,80.4,76.08,78.89,2339680
1646922600,77.98,78.32,73.84,76.5,2145130
1647009000,76.47,77.99,75.07,75.39,1538830
1647264600,74.62,75.12,71.35,71.99,1650243
1647351000,71.33,75,70.52,74.96,1444644
1647437400,75.44,77.67,74,77.59,1808605
1647523800,76.66,78.39,75.97,78.22,1494354
1647610200,77.36,78.8,77.17,77.6,1968426
1647869400,77.72,78.4746,75.95,77.39,1174350
1647955800,77.6,80.45,77.49,79.08,1172614
1648042200,79.12,79.79,77.61,77.99,1128289
1648128600,78.28,79.75,77.94,79.53,988531
1648215000,79.67,79.83,77.91,79.65,1058948
1648474200,79.68,85.79,79.545,84.09,4263509
1648560600,83.9,85.2341,81.82,84.59,1562118
1648647000,83.83,84.42,81.41,81.94,1094495
1648733400,82.32,85.28,81.93,83.74,2248523
1648819800,84.1,86.31,82.89,84.01,1422558
1649079000,83.46,84.775,82.45,83.96,1408854
1649165400,81.4,82.92,79.83,80.33,2516932
1649251800,79.03,79.99,77.41,78.13,1265902
1649338200,78.26,79.9,77.07,78.54,942382
1649424600,78.38,79.43,76.95,77.61,890360
1649683800,76.65,80.37,76.25,78.86,1311229
1649770200,79.89,81.6,79.05,79.1,1539279
1649856600,78.83,79.97,77.76,79.7,785988
1649943000,79.74,80.638,78.1,78.12,835703
1650288600,77.85,79.36,77.53,78.66,555937
1650375000,78.15,79.58,77.71,78.73,862261
1650461400,79.52,80.08,76.74,76.93,901135
1650547800,77.99,79.1,73.9,74.43,1685191
1650634200,74.43,75.525,72.143,72.37,2845749
1650893400,71.07,72.5,69.56,72.45,1275273
1650979800,71.87,73.2,71.11,71.44,1211681
1651066200,72.43,74.6,71.92,72.14,1067467
1651152600,72.71,73.52,70.01,72.26,1570110
1651239000,73.07,74.98,72.6,73.03,2522403
1651498200,72.77,74.31,71.42,73.64,1392659
1651584600,72.85,76.65,72.57,75.11,1056284
1651671000,75.66,78.96,75.01,78.7,1403859
1651757400,77.38,77.92,75.21,76.41,1070569
1651843800,75.28,75.68,71.25,72.14,1398122
1652103000,70.17,71.13,67.01,68.25,1472202
1652189400,69.98,70.68,66.45,67.58,1189680
1652275800,66.96,67.39,61.56,61.72,2230655
1652362200,60.47,62.64,59.6,61.4,2070652
1652448600,64.85,66.0084,63.55,64.25,1629634
1652707800,63.74,64.23,62.3716,62.77,861145
1652794200,64.72,65.53,63.66,65.4,970909
1652880600,63.87,66.8525,63.82,65.36,1156245
1652967000,65.34,67.85,65.24,66.47,1080662
1653053400,67.56,68.67,63.8408,65.77,1402658
1653312600,66.21,66.45,64,66.06,875608
1653399000,65.56,65.61,63.83,64.59,1100691
1653485400,64.88,66.2,64.16,66.04,779645
1653571800,66,68.48,65.75,68.08,801739
1653658200,68.6,72.15,68.6,72.01,1575760
1654003800,72.15,73.49,69.98,70.61,1428333
1654090200,70.61,71.75,69.495,70.87,1319540
1654176600,70.85,74.64,70.62,74.24,1562711
1654263000,73.14,76.2,73.14,74.93,1131643
1654522200,76.72,76.72,71.58,71.99,3519398
1654608600,71.21,72.02,70.53,72,1711644
1654695000,71.75,72.87,70.61,71.69,858780
1654781400,70.93,71.86,69.77,69.83,1116119
1654867800,68.23,68.95,67.07,68,1240921
1655127000,65.14,66.06,62.77,63.13,1400303
1655213400,63.805,64.15,61.075,61.95,1086956
1655299800,62.5,64.49,61.51,64.03,1474848
1655386200,62.01,64.29,60.77,62.01,2262666
1655472600,62.85,67.53,62.85,66.71,2488203
1655818200,68.19,69,66.5704,68.2,2214096
1655904600,66.664,68.74,66.664,67.6,1473508
1655991000,68.55,69.87,67.5,69.6,1354622
1656077400,70.25,70.6,68.21,70.07,1271854
1656336600,70.38,71.53,69.51,70.62,916681
1656423000,70.88,70.96,67.56,67.75,1431744
1656509400,66.78,67.4899,65.52,66.84,1231945
1656595800,66.09,68.76,65.55,68.13,1050113
1656682200,67.58,68.89,67.24,68.15,1079760
1657027800,66.87,67.33,62.39,66.23,1545383
1657114200,66.25,67.3799,65.5,66.16,1383837
1657200600,67.16,71,67.16,70.64,1369431
1657287000,69.89,73.54,69.58,72.51,1343234
1657546200,71.45,72.01,69.13,69.29,1004732
1657632600,69.48,69.88,67.38,68.42,1417067
1657719000,67.29,69.2588,66.345,69.16,972826
1657805400,68.56,71.35,67.16,71.04,1478151
1657891800,67.79,68.13,60.96,65.27,7230955
1658151000,66.3,69,65.46,67.005,1940615
1658237400,67.53,71.8,67.005,70.65,2109540
1658323800,70.65,73.41,70.37,72.98,1361147
1658410200,73.38,73.5,71.45,73.26,1135365
1658496600,73.37,73.99,71.52,72.59,1239207
1658755800,72.29,74.39,71.085,74.15,1165367
1658842200,73.78,74.19,72.71,73.57,887744
1658928600,75.46,77.5,74.18,76.76,1714634
1659015000,89.63,92.54,87.34,88.5,7707210
1659101400,90.43,102.12,90.16,99.17,9557475
1659360600,98.97,101.38,96.39,99.49,3539365
1659447000,98.01,101.635,97.26,99.72,2467454
1659533400,101.8,101.88,95.77,97.89,3008591
1659619800,97.43,99.87,96,99.17,1774606
1659706200,102.03,103.9,99.36,101.9,3322492
1659965400,109.2,114.32,106.57,106.74,6303350
1660051800,104.31,110.22,103.51,109.01,3332977
1660138200,111.83,115.34,108.73,114.51,3312597
1660224600,117.35,118,114,114.58,3137198
1660311000,115.1,118.11,113.66,117.965,2476136
1660570200,117.41,121.91,116.015,118.22,2993729
1660656600,117.5,119.37,116.47,116.99,1808430
1660743000,115.14,116.81,113.89,116.3,1765161
1660829400,118.74,121.34,117.58,117.82,2315935
1660915800,114.71,116.2619,113.42,115.41,1655452
1661175000,112.25,115.734,111.2,114.48,1863899
1661261400,115.27,116.89,113.58,114.42,1066393
1661347800,113.8,119.575,113.8,118.44,1947115
1661434200,118.99,121.74,118.4,121.69,1942581
1661520600,125.5,126.17,120.97,121.75,3381384
1661779800,119.61,123.945,118.13,121.69,2360859
1661866200,125,130.25,120.28,122.31,6042679
1661952600,124.97,129.89,124.09,127.55,6105228
1662039000,124.53,128.9844,123.73,127.84,3850543
1662125400,129.74,130.95,124.01,126.41,3127186
1662471000,126.2,129.73,124.1703,127.6,3036920
1662557400,127.18,135.2,125.57,134.8,4356568
1662643800,137.41,139.9094,134.38,137.53,5436729
1662730200,138.09,138.41,133.41,135.82,3627324
1662989400,134.62,137.07,132.66,136.79,2250585
1663075800,132,140.14,131.56,136.76,3497575
1663162200,136.21,136.49,133.39,135.76,2676599
1663248600,134.62,135.6,131.14,132.02,2510216
1663335000,130.81,136.45,130.2,135.81,4924614
1663594200,135.12,138,134.52,137.04,2163221
1663680600,136.48,137.96,133.11,133.31,1945593
1663767000,134.53,140.64,132.39,135.57,3108132
1663853400,135.58,136.3,129.555,131.77,2517014
1663939800,128.68,130.949,127.07,129.85,3679685
1664199000,129.9,133,127.6,128.21,2681225
1664285400,131.47,135.81,129.8,132.31,2809980
1664371800,131.07,136.69,129.0812,136.19,2936527
1664458200,136.47,138.19,129.23,130.93,2521308
1664544600,129.9,136.2,129.72,132.27,3453981
1664803800,132.7,137.74,131.34,136.62,3266384
1664890200,140.11,145.74,140.11,143.06,4545098
1664976600,141.17,142.63,132.54,134.59,3843906
1665063000,134.46,138.26,131.85,132.06,2834653
1665149400,129.735,133.79,127.92,129.42,4238023
1665408600,128.5,131.58,125.17,131.06,2614200
1665495000,128.8,132.5,125.35,131.32,3052050
1665581400,131.4,131.85,125.81,126.88,2867666
1665667800,121.21,128.56,120.46,126.54,3090312
1665754200,127.6,129.42,123.18,123.36,2056051
1666013400,125.68,125.8904,115.66,118.28,4176907
1666099800,121.64,122.89,118.35,121.31,2700421
1666186200,120.3,120.42,116.76,120.21,2223900
1666272600,120.27,121.86,116.47,118.72,2163977
1666359000,118.32,124.24,116.77,122.6,3619276
1666618200,123.15,125.86,120.1723,124.57,1726349
1666704600,124.62,128.66,124.605,127.145,2046502
1666791000,130.33,133.74,128.86,131.4,2940536
1666877400,131.73,133.42,128.69,131.18,3135891
1666963800,131.15,138.71,127.55,132.67,5669919
1667223000,133.98,148.1992,133,145.57,7117027
1667309400,148,149.56,143.38,148.57,3621561
1667395800,148.37,154.75,147.5,150.07,3606959
1667482200,149.27,158.4799,149.06,157.73,3502433
1667568600,160.228,161.64,149.11,153.62,3261883
1667831400,154.83,155.28,144.271,147.25,2622905
1667917800,149.07,152.19,146.27,147.265,2639030
1668004200,146.79,155.889,146.258,151.16,2769214
1668090600,155.08,160.54,149.2096,157.02,3816388
1668177000,155.32,157.6789,150.08,150.42,2531957
1668436200,151.39,155.85,147.75,153.63,1815526
1668522600,160.13,160.56,154.6,159.63,2041308
1668609000,157.44,162.5299,157.01,158.58,1808482
1668695400,156.5,165.12,154.83,164.98,2584512
1668781800,165.305,167.58,161.9,166.6,2140741
1669041000,165.7,167.59,163.46,165.39,1435932
1669127400,166.37,168.17,163.7362,167.66,1684914
1669213800,167.89,170.52,166.68,169.47,1645753
1669386600,169.02,173.21,167.31,171.43,1116948
1669645800,167.51,170.6,163.68,165.62,3488693
1669732200,165.43,167.79,160.91,161.81,2256849
1669818600,163.02,173.68,163.02,172.53,8693353
1669905000,172.56,173.63,166.48,168.54,2123310
1669991400,168.49,173.6,167.57,168.32,2802768
1670250600,168,169.8099,165.32,167.14,1851071
1670337000,162.63,166.26,156.74,157.47,3334662
1670423400,156.51,158.9542,153.265,154.74,2162407
1670509800,156.22,157.2399,151.82,152.71,1483925
1670596200,151.24,154.71,149.86,150.96,1851370
1670855400,149.77,153.76,148.5603,150.28,1769906
1670941800,152.89,158.99,150.8501,157.08,3214096
1671028200,157.89,162.5,155.37,160.09,2727050
1671114600,158.5,162.19,156.9,159.41,2745861
1671201000,158.69,160.74,152.555,155.08,22634785
1671460200,155.98,161.73,154.51,156.77,2856054
1671546600,156.81,161.38,154.0415,156.59,2185333
1671633000,157.03,162.2,150.2471,162.06,2532281
1671719400,160.98,161.62,154.54,156.89,2095723
1671805800,157.98,157.98,153.115,156.75,1027956
1672151400,156.33,157.76,150.01,150.22,1955072
1672237800,150,150.4799,142.35,146.17,2773152
1672324200,148.37,149.6448,144.74,148.78,1447688
1672410600,146.88,149.9,145.635,149.79,1438937
1672756200,151.01,152.45,144.73,145.94,1902425
1672842600,146.65,147.8096,145.0001,146.78,2137731
1672929000,145.6,147.02,141.81,145.46,1868511
1673015400,148.195,157.16,147.5,156.8,2868331
1673274600,157.55,162.3499,155.14,159.17,2418343
1673361000,159.6,171.5,158.29,171.01,3671063
1673447400,170.46,177.604,170.29,172.41,3773142
1673533800,173.1,179.28,171.7,178.85,2835415
1673620200,177.72,182.58,176.75,180.19,1934593
1673965800,181,185.28,176.43,177.6,2559698
1674052200,178.63,180.88,172.8401,177.57,2089790
1674138600,175.295,176.17,164.19,165.01,3193621
1674225000,165.78,168.43,162.74,167.87,2777239
1674484200,168.335,177.395,166.5,176.21,2372949
1674570600,174.31,175.49,170.325,171.485,1677608
1674657000,167.86,169.72,163.82,168.26,1699478
1674743400,170.2,177.09,168,175.43,2093727
1674829800,173.19,180.78,172.385,179.35,1730088
1675089000,177.39,179,170.14,170.78,1496286
1675175400,171.18,177.61,170.34,177.6,1504833
1675261800,177.4,182.35,175.02,180.15,1929375
1675348200,177.76,181.56,167.6,168.67,3320723
1675434600,165.92,168.86,165.105,168.19,1752792
1675693800,167.39,170.79,166.1,167.47,1113328
1675780200,168.38,168.39,161.15,165.89,1600528
1675866600,168.12,171.71,164.88,165.58,1549323
1675953000,167.75,168.91,161.83,163.94,1564453
1676039400,162.62,167.43,161.21,163.38,1365683
1676298600,165.8,169.39,164.28,167.26,1333354
1676385000,161.98,165.36,157,165.04,2263293
1676471400,165,172.78,164.19,172.36,1759877
1676557800,169.87,171.78,164.925,165.01,1415359
1676644200,164.08,166.99,162.62,164.28,1129634
1676989800,162.21,164.98,160.67,160.99,1216703
1677076200,161.38,163.91,159.6,163.61,1214902
1677162600,166.52,168.11,162.1,165.58,1077776
1677249000,162.99,164.452,160.8901,162.16,1138960
1677508200,163.45,166.84,162.23,166.11,1428413
1677594600,166.24,169.77,164.38,169.14,3482925
1677681000,180.55,196.9,177.29,195.68,15214455
1677767400,195.73,199.35,192.68,198.22,4469165
1677853800,200.11,211.47,198.7361,210.11,6610161
1678113000,211.69,216.19,208.21,212.3,4552836
1678199400,212.5,217.76,211,214.29,3526073
1678285800,215.3,216.1618,210.25,214.33,2544198
1678372200,214.65,218.25,210.54,211.25,2613631
1678458600,210.33,213.5899,205.78,207.73,2552142
1678714200,204.6,209.23,201.78,203.58,3134242
1678800600,207.72,210.795,204.23,207.29,2006959
1678887000,203.69,207.34,198.6,203.22,2756915
1678973400,202.4,206.67,199.37,206.56,2069217
1679059800,205.69,205.69,195.3231,199.62,5704354
1679319000,200.69,205.42,196.69,204.68,2945680
1679405400,208.6,211.1763,205.97,209.25,1994350
1679491800,209.64,211.51,204.84,205.01,1484622
1679578200,208.31,218.1999,207.7891,210.19,2415927
1679664600,208.03,212.04,207.07,211.1,1623438
1679923800,212.77,213.73,207.5,210.14,1284661
1680010200,210.79,212.15,208.79,210.01,1052178
1680096600,212.155,215.99,206.62,215.35,1619695
1680183000,218.63,219.55,212.54,213.32,1542203
1680269400,213.54,218.05,213.54,217.5,1289975
1680528600,217.28,218.52,207.65,208.49,2205684
1680615000,207.32,209.47,205.79,208.14,1158389
1680701400,207.53,209.025,199.81,201.61,1707476
1680787800,201.08,204.64,199.86,204.51,1484278
1681133400,202.99,212.22,202.99,212.03,1380780
1681219800,212.16,212.52,208.82,210.03,1727300
1681306200,212,213.6679,207.69,207.89,1581313
1681392600,204.48,212.98,204.1281,211.26,1960344
1681479000,211.32,211.83,205.48,208.4,1207895
1681738200,208.2,221.88,208.01,218.89,2941065
1681824600,215.87,220.2315,215.32,219.48,1601872
1681911000,217.65,220.3299,215.6,218.19,1539493
1681997400,213.34,218.01,212.33,215.53,1384244
1682083800,214.53,218.81,213.21,216.89,1348398
1682343000,209.51,210.5,201.2311,209.9,4036164
1682429400,207.5,210.67,204.71,210.53,2064291
1682515800,205.01,205.29,197.3,199.51,3261038
1682602200,200.59,203.6313,198.63,200.83,2727991
1682688600,184.68,184.97,170.5501,182.58,10340924
1682947800,182.58,188.245,178.76,180.85,3948466
1683034200,180.44,182.02,174.52,176.4,2753058
1683120600,176.44,178.07,173.91,174.33,1517501
1683207000,175.34,176.97,170.915,171.59,1516328
1683293400,173.01,178.755,172.25,178.6,1652434
1683552600,179.7,180.8,176.44,177.46,1099457
1683639000,176.61,178.43,174.85,178,1208973
1683725400,180.39,181.66,177.27,180.74,927063
1683811800,179.78,183.49,178.79,183.19,1122345
1683898200,203.8,232,203.4,231.69,23931182
1684157400,228.08,229.66,221.26,221.59,7313176
1684243800,220,221.49,212.25,212.8,3482330
1684330200,214.1,214.14,207.3227,209.76,3136200
1684416600,208.32,208.93,203.45,206.28,2166988
1684503000,206.01,208.26,200.66,203.53,2043399
1684762200,205.52,207.5425,200.1,201.69,2381319
1684848600,199.24,202.8699,197.5301,200.89,2216291
1684935000,199.7,204.74,196.95,198.55,1724850
1685021400,199.65,202.12,196.48,200.94,1488800
1685107800,201.04,203.87,198.53,201.77,1689291
1685453400,206.24,210.38,199.72,202.4,1908651
1685539800,201.68,203.255,198.79,202.96,2623953
1685626200,204.62,211.05,201.86,208.74,1509463
1685712600,211.76,212.35,204.13,206.74,1477510
1685971800,207.09,208.97,200.39,203.67,1320223
1686058200,199.97,203.15,196.23,196.82,1805152
1686144600,196.24,198.65,189.51,191.76,2308393
1686231000,190.49,193.19,188.42,192.33,1154857
1686317400,193.34,196.053,191.09,192,1272135
1686576600,191.33,197.9,189.69,196.24,1427805
1686663000,199.18,202.22,195.08,195.99,1275661
1686749400,195.7,196.24,189.18,193.03,1523564
1686835800,191.41,194.68,190.9,192.88,1552448
1686922200,193.94,195.18,187.37,188.99,3106915
1687267800,189.29,190.3,184.35,186.1,2078228
1687354200,186.1,187.17,183.31,184.58,1680176
1687440600,183.66,188.47,181,187.08,1443854
1687527000,183.37,188.7299,182.87,184.52,2545941
1687786200,183,187.17,176.9625,178.55,1723042
1687872600,181.41,185.3129,180.97,182.73,1606166
1687959000,180.29,187.22,180.28,184.22,1283502
1688045400,185.71,186.77,182.4,184.01,897889
1688131800,186.1,190.8,183.3501,190.09,1820077
1688391000,191.11,195.6508,189.78,191.39,1092356
1688563800,192.63,193.75,185.5184,186.95,1267458
1688650200,184.08,187.09,181.64,183.14,1191499
1688736600,190.91,194.42,186.5437,189.14,2021589
1688995800,188,193.28,182.7707,190.82,1462483
1689082200,192.3,192.63,187.89,189.62,1082295
1689168600,191.21,196.79,190.54,194.96,1903644
1689255000,196.69,197.64,194.43,196.95,1375704
1689341400,198.31,198.31,190.34,191.3,1245468
1689600600,192,208.19,191.005,206.71,2569620
1689687000,206.27,211.28,201.415,201.57,1802399
1689773400,202.31,203.66,197.6101,198.58,1188760
1689859800,197,200.595,196.665,198.5,1334030
1689946200,200.3,200.9,194.84,197.91,1327148
1690205400,198.47,199.04,194.01,197.66,1304442
1690291800,199.3,202.2499,196.68,200.01,1351108
1690378200,196.1,199.405,190.76,197.41,1854960
1690464600,199.5,200.65,194.35,198.8,2931710
1690551000,223.59,224.4999,194.22,208.4,11362248
1690810200,210.08,218.5146,205.69,207.4,3715650
1690896600,207.38,211.485,202.3901,202.68,2352674
1690983000,198.88,200,190.0982,194.28,2531247
1691069400,193.57,198.205,193.29,196.24,1186874
1691155800,196.58,200.35,193,194.38,1457529
1691415000,193.62,196.16,191.1112,195.6,1442548
1691501400,193.76,198.15,193.48,196.1,1134443
1691587800,198.13,209.055,197.6701,203.6,2532169
1691674200,204.13,209.29,204.12,205.01,1695820
1691760600,201.96,205.56,201.325,204.87,1215621
1692019800,204.76,213.43,198.0017,211.43,1768384
1692106200,209,210.2,197.74,199.83,2083473
1692192600,199.3,199.45,191.6417,191.89,1705131
1692279000,191.46,191.46,182.46,183.44,2699881
1692365400,180.76,184.87,179.32,181.91,2303530
1692624600,182,182.805,176.6,181.7,2702237
1692711000,182.52,183.68,174.23,176.5,2527655
1692797400,176.94,182.38,176.85,180.58,1876637
1692883800,180.89,181.08,173.74,174.42,1774760
1692970200,175.1,178.43,174.62,177.45,1560474
1693229400,177.99,179.415,174.91,176.76,1327890
1693315800,176.65,182.83,175.57,181.61,1481210
1693402200,181.06,186.9,181.06,184.96,1489506
1693488600,186,190.933,185.91,189.12,2154517
1693575000,191.27,193.48,183.645,186.37,1953646
1693920600,183.9,190.055,182.61,186.48,1772655
1694007000,189.1,189.7,177.73,182.09,2257234
1694093400,179.49,180.6856,173.81,180.5,2233486
1694179800,185.18,187.6902,181.17,183.21,2547473
1694439000,185.23,186.68,178.31,179.37,1942923
1694525400,178,183.06,177.66,180.94,1283471
1694611800,181.3,182.29,170.17,170.5,2051191
1694698200,175,177.59,170.57,177,2679682
1694784600,176.69,177.64,171.68,174.05,3252696
1695043800,174.05,174.97,167.41,167.74,1786266
1695130200,167.6,173.65,166.66,169.18,1449156
1695216600,169.45,173.47,168.16,169.24,1014579
1695303000,166.64,168.025,164.48,166.24,1160085
1695389400,168,168.38,161.9,162.45,1536020
1695648600,161.75,166.325,161.71,164.34,1450244
1695735000,162.89,164.74,160.726,161.39,1221945
1695821400,161.25,164.5,158.16,158.61,2007581
1695907800,159.1,162.9095,157.495,161.5,1517897
1695994200,163.49,165.67,160.52,161.59,1384706
1696253400,160.5,161.99,156.09,156.34,1620707
1696339800,154.65,155.33,149.63,151.25,2858248
1696426200,151.4,152.88,146.61,151.82,3376168
1696512600,152.22,152.5,143.56,145.35,2998630
1696599000,143.01,150.13,142.51,148.56,2476974
1696858200,145.3,147.16,143.03,143.8,2427513
1696944600,143.41,153.17,143.09,151.56,3128687
1697031000,152.92,155.85,149.65,151.5,1869579
1697117400,156.34,156.78,147.76,149.39,2128693
1697203800,148.67,152.265,147.34,147.92,1720276
1697463000,148.675,151.9989,145.775,151.29,1424783
1697549400,149.1,158.39,148.46,158.06,2417354
1697635800,156.24,156.395,151.54,153.13,1421435
1697722200,156.5,156.5,150.97,151.97,1740483
1697808600,148.18,154.22,147.05,150.77,3188794
1698067800,149.18,154.19,146.75,151.32,1552383
1698154200,153.76,158.61,152.16,155.9,2342551
1698240600,154.08,154.25,149.59,151.36,1380726
1698327000,153.59,154.43,149.25,151.15,1163226
1698413400,148.88,149.7,142.38,143.26,3162611
1698672600,143.93,144.22,132.19,136.32,5294637
1698759000,137.74,142.61,136.2701,142.45,3926262
1698845400,148.49,152.2697,138.35,142.84,4725511
1698931800,145.6,151.85,145.52,147.59,2288901
1699018200,151.74,154.98,148.45,151.94,2572958
1699281000,151.94,151.94,145.6,146.97,1815415
1699367400,146.98,147.99,144.05,144.33,2522070
1699453800,143.47,143.47,135.65,137.83,2964081
1699540200,138.88,140,131.16,132.53,3050467
1699626600,132.36,134.22,129.215,133.92,2560951
1699885800,132.2,134.22,129.5,133.84,2612809
1699972200,137.67,150.655,137.21,149.14,3964567
1700058600,150,158.08,147.3802,152.42,2988779
1700145000,151.53,157.02,151.26,154.51,2325182
1700231400,156.22,156.22,151.86,155.02,1879605
1700490600,155,162.3562,153.849,159.29,2094845
1700577000,159.84,162.4799,158.06,158.6,1380651
1700663400,160,161.56,158.885,159.72,1312524
1700836200,159.01,159.08,154.17,154.38,1111296
1701095400,153.3,157.64,151.87,154.65,1612647
1701181800,153.27,156.9799,151.52,155.02,1287648
1701268200,158,160.82,154.6,155.43,1722772
1701354600,155.96,158.27,152.5241,157.78,2705503
1701441000,157.54,161.075,154.5,160.29,2133683
1701700200,161.15,165.71,159.455,159.54,1933424
1701786600,158.41,160.45,155.08,155.39,1608805
1701873000,156.75,156.8201,144.98,145.29,3281533
1701959400,145.37,146.37,142.48,144.18,2367516
1702045800,150.99,153.24,142.585,145.38,4314178
1702305000,145.31,149.195,144.27,146.11,1896996
1702391400,145.74,146.38,137.54,139.9,3489342
1702477800,138.27,146.77,137.17,146.56,3215794
1702564200,151.69,164.16,151.3189,158.25,5557826
1702650600,164.45,169.21,160.1001,168.67,6053912
1702909800,166.5,169.36,162.95,165.94,2583398
1702996200,167.91,177.51,167,172.66,3839145
1703082600,172,172.14,162.69,164.6,2948858
1703169000,167.54,171.95,165.29,170.04,2102905
1703255400,171.23,172.055,169.1564,170.39,1314664
1703601000,170.81,173.75,170.55,171.94,985276
1703687400,173.2,174.89,170.9367,172.44,1071837
1703773800,172.53,176.08,171.23,173.22,1108174
1703860200,173.45,173.95,171.1,172.28,1079219
1704205800,170.98,177.89,169.355,172.16,1766736
1704292200,169,170.42,164.12,167.42,1954549
1704378600,166.43,168.27,164.32,166.31,1265855
1704465000,165.08,170.5,164.5,166.87,1106060
1704724200,164.72,167.05,161.55,166.13,1544126
1704810600,164.79,167.71,163.4,166.91,1224048
1704897000,166.69,166.76,159.71,162.33,1903097
1704983400,162.49,163.64,158.3785,160.29,1535571
1705069800,160.52,162.92,157.55,160.44,1290200
1705415400,159.56,159.56,148.9,149.1,3035624
1705501800,145.95,147.4574,143.7636,147.26,1988595
1705588200,148.73,148.94,145.71,147.45,1700253
1705674600,147.69,147.77,140.07,145.92,3164490
1705933800,148.49,159.226,147.94,149.91,2747436
1706020200,153.88,157.67,149.8,151.46,1773202
1706106600,153.54,154.1327,148.25,148.87,1600520
1706193000,150.19,151.28,145.91,149.23,1521170
1706279400,149.06,150.65,147.42,147.83,1148632
1706538600,146.99,149.33,144.33,149.3,1652745
1706625000,148.4,150.75,146.49,149.03,1354076
1706711400,149,154.915,146.05,146.3,2418956
1706797800,149.78,154.305,146.805,147.89,2311876
1706884200,143.98,144.02,138.83,141.82,2620115
1707143400,138.855,140.7665,135.88,139.8,2217580
1707229800,139.95,142.44,138.41,141.11,2027159
1707316200,148.4,150.27,142.56,145.46,2270025
1707402600,146.12,146.13,142,143.17,1487659
1707489000,144.5,153.015,144,151.5,2749313
1707748200,152.4,159.28,151.13,157.22,2844699
1707834600,150,155.41,149.79,152.34,2509795
1707921000,156.46,158.59,153.7,158.24,1742477
1708007400,160,163.43,157.75,159.78,1952989
1708093800,157.64,159.44,155.03,156.975,1155514
1708439400,154.89,155.95,152.35,153.25,1605553
1708525800,149.41,150.65,147.42,150.03,1202941
1708612200,150.1,150.36,144.66,144.73,2136395
1708698600,144.12,144.925,141.7,142.89,1879394
1708957800,143.16,146,141.765,144.58,2616515
1709044200,147,147.56,144.28,144.99,3707105
1709130600,153.95,158.12,146.4501,149.25,8492822
1709217000,151.85,157.23,149.851,153.89,4084693
1709303400,152.74,161.49,152.69,158.05,2888456
1709562600,160,161.2,154.16,156.7,2382695
1709649000,154.83,164.2,152.4,159.06,2766303
1709735400,161.08,163.57,156.88,158.42,1795216
1709821800,160,161.885,158.18,160.35,1106713
1709908200,162.24,165.35,160.19,161.35,1625073
1710163800,161.75,168.71,161.58,162.16,1744187
1710250200,161.53,162.36,157.6058,159.38,1681537
1710336600,157.67,160.22,156.01,158.04,1351516
1710423000,157.75,157.75,148.63,149.39,2717925
1710509400,147.51,149.55,146.85,147.42,2438701
1710768600,148.34,151.3999,146.1,149.48,1422322
1710855000,147.41,149.53,145.77,147.48,1879479
1710941400,147.55,151.96,146.4768,151.02,1405880
1711027800,152,156.3599,151.29,152.68,1693204
1711114200,152.26,153.82,151.33,153.31,1016131
1711373400,153.13,156.07,152.285,154.77,1152948
1711459800,155.5,157.55,152.63,153.16,1229584
1711546200,154.86,167.7,154.5,167.45,3378080
1711632600,168.64,173.02,167.14,168.8,2133816
1711978200,169.72,172.24,167.37,171.87,1887484
1712064600,169.76,171.49,165.64,167.17,1643614
1712151000,166.23,167.065,162.16,166.73,1254782
1712237400,170.1,177.34,168.2,171.46,3393503
1712323800,167.35,176.285,167.01,174.6,2343871
1712583000,176.52,181.9697,176.07,179.22,2225607
1712669400,181,186.93,180.94,184.7,2011981
1712755800,179.13,185.855,178.71,185.29,2013062
1712842200,188,188.32,179.59,184.44,1595082
1712928600,185.66,187.88,181.04,182.48,1912586
1713187800,181.38,181.9999,175.87,175.96,1614513
1713274200,174.22,175.6599,172.01,173.08,1856203
1713360600,175.53,183.65,172.41,178.01,3342952
1713447000,178.48,179.07,173.19,174.29,1633891
1713533400,179.42,179.7,174.14,175.04,3261030
1713792600,175.39,178.7,170.25,176.28,2011988
1713879000,177.25,183.23,175.656,180.1,1981082
1713965400,181.2,183.78,174.93,177.48,2085724
1714051800,176.9,177,170.56,175.02,1684922
1714138200,175.5,180.72,175.5,178.73,1339017
1714397400,180.15,182.43,177.9,180.83,1351940
1714483800,178.35,180.22,176.23,176.3,1300648
1714570200,176.61,183.69,175.07,177.58,2477927
1714656600,178.54,181.4,172.09,180.51,3452683
1714743000,185,193.51,185,191.55,3008268
1715002200,192.97,198.0495,192.13,193.81,1768931
1715088600,194.2,197.67,191.51,194.67,1745070
1715175000,192,193.84,190.35,190.72,1569538
1715261400,190.87,193.85,188.7323,193.61,1230645
1715347800,197,199.1,190.92,191.05,1775182
1715607000,192.5,194.285,188.37,189.54,1998209
1715693400,194.34,196.41,183.35,186.97,2386227
1715779800,192.08,196,186.06,191.93,2376601
1715866200,193.09,196.1,191.9,194.62,1549092
1715952600,194.08,199.01,193.69,197.59,1719187
1716211800,198.73,199.15,194.5,196.34,1401265
1716298200,197.71,212.37,197.635,212.11,3916283
1716384600,213.33,253.99,213.19,251.75,14385409
1716471000,245,251.98,237.563,249.81,4874354
1716557400,253.88,278.8,251,276.74,8773170
1716903000,276.76,283.6349,271.5,280.16,4702137
1716989400,274.38,286.6,272.13,278.19,4384554
1717075800,272.92,278.47,268.1051,276.78,3484228
1717162200,279.36,281,261.21,271.76,5149688
1717421400,273.26,283.5,271.41,272.72,3279862
1717507800,274.05,278.1,265.43,266.17,2292573
1717594200,268.165,285.52,266.54,273.06,2906324
1717680600,270,278.5,267.36,273.45,2154328
1717767000,266.85,279.9499,265.09,267.34,2556371
1718026200,265.91,283.96,263.07,279.8,3457110
1718112600,279.89,294.58,275.4225,294.53,4102593
1718199000,300.495,306.7699,296.4,300.71,3730928
1718285400,300.24,304.5207,287.02,291.56,2571837
1718371800,288.18,290.9,272.81,273.61,3173720
1718631000,273.21,274.0797,254.24,261.33,5104264
1718717400,255.29,263.6999,253.57,262.37,2960705
1718890200,260,262.87,253.6101,260.07,2814467
1718976600,259.32,266.5599,256.01,258.87,3990832
1719235800,256.65,268.12,254.51,261.28,2519747
1719322200,259.82,261,255.09,256.74,1443731
1719408600,256.43,256.43,243.291,247.93,2807688
1719495000,245.9,251.6399,243.43,249.92,1921209
1719581400,248.73,248.73,225.12,225.46,6087910
1719840600,224.75,226.18,217.26,222.71,3592336
1719927000,222.65,227.54,214.37,216.73,3188404
1720013400,220.05,231.72,216.77,231.11,3989501
1720186200,231.51,233.58,220.8001,222.12,2474519
1720445400,227.96,231.99,223.19,227.12,2220574
1720531800,227,229.78,222.7,225.23,1572766
1720618200,226.87,231.27,224.9,228.57,1642477
1720704600,236,240.96,228.37,233.45,2479265
1720791000,235.7,238.79,232.4,233.24,1641041
1721050200,220.22,220.36,209.21,213.42,5197239
1721136600,216.9,223.73,213,221.25,3100840
1721223000,215.56,217.94,206.85,208.17,3385302
1721309400,213.65,217.8,209.76,213.58,3234646
1721395800,214,218.35,211.7887,216.43,2565198
1721655000,225.51,226.26,217.82,220.24,2525481
1721741400,222.86,226.8,220,223.01,1916186
1721827800,224.02,232.87,221.01,221.33,2298166
1721914200,218.78,224.11,215.014,216.19,1654094
1722000600,221.57,230.79,220.5,226.74,2209270
1722259800,226.75,229.16,218.7,220.4,2020909
1722346200,222,224.46,209.25,210.89,3448047
1722432600,220.12,227.5,209.79,215.99,5256393
1722519000,219.1,227.99,215.33,218.5,3359000
1722605400,216.7,223.31,210.7236,213.045,2782387
1722864600,201,212.16,195.27,207.09,2684859
1722951000,206.31,215.88,205,210.45,1797122
1723037400,216.5,219.6654,208.38,208.76,1501269
1723123800,208.5,215.27,204,213.13,1723811
1723210200,210.13,213.7,207,211.8,814977
1723469400,212.85,220.52,212.2,219.23,1691458
1723555800,222,232.21,221.67,230.27,2365622
1723642200,232.52,232.7675,225.14,225.54,1266788
1723728600,228.5,233.09,225.8,229.58,1267469
1723815000,229,229.97,222.53,225.4,1479645
1724074200,225,231.975,224.98,228.38,1274788
1724160600,227.02,230.89,217.185,220.2,1805912
1724247000,222,224.42,219.45,222.63,882782
1724333400,222,224,217.77,218.26,941221
1724419800,220,231.28,219.0395,231.065,1274326
1724679000,236.22,244.21,233.035,233.19,2461123
1724765400,230.48,235.54,226.9,235.42,1300380
1724851800,235.07,238.11,226.0075,228.57,1087012
1724938200,231,234.28,222.63,223.1,1186371
1725024600,224.67,228.41,223.45,227.37,1235344
1725370200,226.65,229.49,210.89,212.74,2498480
1725456600,211.68,217.98,211.1,215.4,1156213
1725543000,216.19,217.22,213.26,214.76,1081721
1725629400,214,217.48,207.43,208.65,1318807
1725888600,209.57,210.2,204.4007,205.36,1407512
1725975000,205.74,208.54,202.15,208.22,1218380
1726061400,215.5,241.66,214.42,239.84,5552464
1726147800,236.75,239.99,228.55,235.95,2584856
1726234200,242.68,243.81,227.43,228.79,2176291
1726493400,228.79,235.315,225.75,233.31,1602970
1726579800,233.36,241.4951,232,239.98,1648845
1726666200,240,251.6699,237.4,241.81,2487288
1726752600,251.38,251.49,239.71,240.45,2079041
1726839000,236.15,241.625,234.79,240.2,1899646
1727098200,241.155,249.775,236,249.28,1751960
1727184600,250.27,250.47,242.57,244.73,1806830
1727271000,244.73,245.53,239.3176,241.72,1369894
1727357400,249.36,257.87,248.108,255.66,2661563
1727443800,258.33,262.72,254.4,255.75,2011700
1727703000,251.72,255.63,247.29,249.44,1667813
1727789400,249.44,252.9,233,240.66,3040062
1727875800,238.71,238.99,228.1,234.44,2612709
1727962200,234.08,237.72,232.32,235.12,970475
1728048600,239.56,240.6,226.0201,231.13,1735587
1728307800,230.17,231.15,226.3,229.62,1302556
1728394200,228.09,231.6,223.17,225.64,1508833
1728480600,226.62,228.99,224.1501,226.05,1518091
1728567000,220,221,203.18,205.04,6803029
1728653400,207.21,214.5,205.39,211.49,3038178
1728912600,211,213.69,208.245,209.96,1515525
1728999000,206,208.12,201.855,201.98,2807467
1729085400,202.95,207.56,199.8901,205.62,2397433
1729171800,206.39,207.53,201.235,203.37,2057507
1729258200,204.84,204.84,200.07,200.55,2180948
1729517400,199.38,200.03,194.6,196.25,2569443
1729603800,201.49,204.61,199.6201,201.4,4032739
1729690200,198.68,200.2,190.81,192.41,3681734
1729776600,194.31,196.24,193.33,196.04,1858654
1729863000,197,200.95,194.01,198.47,1876040
1730122200,203.58,205.92,199.75,205.03,2657988
1730208600,206.42,206.8,198.6871,199.67,5039342
1730295000,187.63,201.31,183.68,197.5,7077423
1730381400,198.52,202.3388,194.17,194.48,2857356
1730467800,195.85,206.015,195.685,204.94,2838776
1730730600,209.68,221.2,209.4,212.28,5906308
1730817000,208.7,216,205.6251,215.89,2815559
1730903400,188.54,198,173.37,194.02,13756171
1730989800,194.75,199.42,188.19,196.7,4622981
1731076200,194.5,194.932,187.3,193.93,3559985
1731335400,193,197.5513,190.84,193.83,2419974
1731421800,190.55,191.9999,181.16,182.26,2987213
1731508200,183.72,185.35,178.87,182.13,2663476
1731594600,182.26,197.47,179.68,195.14,5510200
1731681000,194.59,203.99,190.13,190.45,4085893
1731940200,188.11,195.7499,186.23,195.56,1739147
1732026600,194.48,195.934,187.15,187.36,2279948
1732113000,187.16,190.8,182.53,184.84,2509341
1732199400,184.6,188.23,181.83,181.95,2101286
1732285800,182,188.72,181.76,186.05,1731525
1732545000,189.89,193.92,184.26,192.82,3914504
1732631400,192.36,193,187.15,192.32,1790437
1732717800,194,195.8,189.6001,192.57,1714785
1732890600,194.5,199.83,191.53,199.27,2144891
1733149800,204.35,212.15,202.01,207.92,3843853
1733236200,205.485,208.216,201.67,207.51,1917773
1733322600,207.69,207.8,199.37,201.57,2304030
1733409000,202,203.35,196,197.93,1719853
1733495400,200.72,201.7972,192.91,194.19,2221722
1733754600,196.02,205.1,194.305,200,1989017
1733841000,200.46,204.98,194.63,202.92,2430420
1733927400,205.68,206.25,197.31,201,2319334
1734013800,201.68,201.68,195.98,196.32,1451036
1734100200,196.89,201.72,195.4787,199.67,1414030
1734359400,197.64,198.9301,190.21,190.53,1817147
1734445800,190.3,195.82,187.75,188.27,2277996
1734532200,189.045,194.09,184.14,184.27,2201537
1734618600,183.59,185.17,175.38,175.88,2529511
1734705000,174.46,183.01,173.36,182.39,3462861
1734964200,183.4,186.83,180.5201,186.36,1718760
1735050600,186.84,189.14,184.5,186.21,671902
1735223400,184.505,186.4999,183.24,183.71,732474
1735309800,184.04,184.7354,180.52,182.63,1034119
1735569000,181.85,181.91,175.65,178.07,1360429
1735655400,179.26,180.7972,176.01,176.24,1383778
1735828200,177.91,187.4181,177.5,186.47,1796452
1735914600,187.61,188,184.06,186.43,1278007
1736173800,191.48,197.66,189.96,191.27,2194793
1736260200,194.13,201.2,194,197.73,2108840
1736346600,194.1,195.01,188.31,191.13,1780699
1736519400,190.52,191.66,186.97,189.24,1410682
1736778600,186.66,187,180.28,183.61,1496992
1736865000,186,189.3,182.79,185.35,1215405
1736951400,190.1,192.6778,186.27,186.82,1376215
1737037800,189.4,194.565,187.73,190.89,1832496
1737124200,193.88,194,190.57,192.88,1539100
1737469800,189.8,192.15,179.59,183.51,3362872
1737556200,183.23,183.65,171.68,171.9,4383078
1737642600,171.01,175.75,165.852,174.11,4240221
1737729000,173.785,174.04,167.65,168.25,3910718
1737988200,166.3,168.4,161.57,164.31,3044193
1738074600,164.52,164.9999,158.08,160.24,2975924
1738161000,164.93,171.5,164.18,166.01,3346181
1738247400,168.14,169.9652,165.5401,167.39,1375716
1738333800,166.28,169.77,166.08,167.52,1794443
1738593000,163.31,169.9481,162,167.19,2127520
1738679400,165.53,169.9,162.46,166.23,1641291
1738765800,169.64,171.54,162.1901,162.37,2364705
1738852200,163.39,167.74,162.59,167.67,1879331
1738938600,167.67,170.72,165.3092,168.34,1641655
1739197800,169.94,170.395,162.675,162.89,2587379
1739284200,165.46,166.86,160.28,161.6,2608505
1739370600,159.66,162.09,157.8601,158.61,1962080
1739457000,158.48,161.49,157.0701,160.34,1424924
1739543400,161.195,163.71,159.33,159.76,1406272
1739889000,160.595,163.25,158.5001,162.87,1923683
1739975400,166.29,170.7,162.28,162.5,2505921
1740061800,161.94,164.55,159.325,164.09,2282214
1740148200,162.46,164.22,153.53,155.44,3879253
1740407400,155.22,155.6462,151,152.91,2710971
1740493800,150.93,152.6699,146.19,147.46,5094991
1740580200,154.655,167.96,154.655,156.84,7054269
1740666600,155.875,160.92,140.84,141.18,4416298
1740753000,141.09,141.32,133.9,136.18,5783832
1741012200,135.28,136,126.5425,127.63,4698645
1741098600,125.49,135.68,124.96,131.23,4354124
1741185000,131.61,132.46,129.22,130.9,3241324
1741271400,128.65,133.75,127.4,131.13,2418762
1741357800,130.96,139.72,130.91,139.13,3456644
1741613400,137.36,139.74,132.12,133.11,3449088
1741699800,135.29,140.9455,135.0001,139.1,3780083
1741786200,139.71,140.98,134.4,136.04,2134702
1741872600,135.07,138.81,131.79,132.81,2100270
1741959000,136.02,136.02,131.52,132.51,2112341
1742218200,133.42,135.7,132.0601,133.03,2441902
1742304600,131.51,132.005,125.67,127.34,3017655
1742391000,127.89,131.26,127.5,129.34,2052999
1742477400,127.795,130.99,126.6044,128.46,1833477
1742563800,128.8,131.65,127.8,131.32,4510132
1742823000,133.705,134.9997,128.68,128.82,3866071
1742909400,128.64,133.3206,128.18,131.46,3762668
1742995800,131.07,132.4999,124.53,126.34,3697477
1743082200,125.4,130.96,124.32,126.6,2647139
1743168600,126.15,129.2,124.32,127.32,3086834
1743427800,125.325,127.1,120.6,126.43,3186775
1743514200,126.11,127.77,122.36,127.57,3082393
1743600600,127.09,129.97,125.553,129.82,1950684
1743687000,128.85,140.52,128.575,136.23,8819801
1743773400,134.48,134.87,125.36,128.69,4689322
1744032600,126.16,140.13,126,130.05,5115690
1744119000,135.465,137.2328,118.57,120.38,4371337
1744205400,120.82,130.31,116.5625,129.63,6027320
1744291800,125,125.7,117.6501,122.19,3736936
1744378200,122.97,126.33,120.15,125.93,2690306
1744637400,129.11,133.143,126.45,131.26,2705648
1744723800,131.21,134.03,126.0047,126.82,2570795
1744810200,126.06,128.7,121.83,124.38,2417159
1744896600,124.59,128.38,123.2,127.98,2279782
1745242200,126.455,126.505,120.43,122.45,1930927
1745328600,131.5,141.46,129.3303,135.35,8077916
1745415000,138.07,138.11,129.94,131.1,3722502
1745501400,133,137.7,131.8401,136.44,3242837
1745587800,135.01,142.2,134.92,141.86,2702960
1745847000,143.645,144.63,138.565,140.73,2755871
1745933400,140.72,144,136.82,137.24,5607263
1746019800,120.755,127.6,119.0901,125.82,13743678
1746106200,127.94,130.07,126.32,126.57,4499389
1746192600,127.68,132.27,125.55,130.54,3395992
1746451800,128.65,129.23,122.475,127.16,3736753
1746538200,127,130.79,126.23,126.76,2703101
1746624600,125.98,130,125.8,129.78,2067711
1746711000,130.34,135.3,127.325,133.76,4269547
1746797400,134.115,143.61,133.75,140.68,5430363
1747056600,148.94,156.89,142.57,156.21,12000791
1747143000,176.12,195.44,175.24,191.6,20211151
1747229400,190.475,198.87,186.8466,192.98,8542887
1747315800,190.5,190.825,180.92,186.18,5979083
1747402200,187.3,188,175.57,178.46,5256289
1747661400,171.4,174.0799,160.775,164.92,10873011
1747747800,165.37,172.89,164.7,167.22,6089860
1747834200,161.645,164.82,159.61,163.37,4896034
1747920600,159.95,161,152.72,156.35,7911866
1748007000,154.01,161.62,152.59,158.38,3562490
1748352600,158.55,158.69,153.78,155.73,3835182
1748439000,155.505,157.33,153.865,156.45,2221570
1748525400,158,159.38,153.77,155.95,2514501
1748611800,155.75,160.64,154.195,158.08,5258066
1748871000,158.21,158.815,148.8,149.65,4165230
1748957400,149.08,159.65,145.8935,159.37,4474557
1749043800,159.9,163.165,156.25,159.81,3033834
1749130200,160.65,167.2,157.7601,163.84,3608242
1749216600,165.14,166.92,162.5,166.35,2121552
1749475800,167.85,168.63,160.09,160.16,2601396
1749562200,162.47,164.935,159.85,164.62,3025610
1749648600,170,174.4308,166.72,167.86,3617612
1749735000,167.52,168.94,163.76,167.83,2120753
1749821400,164.63,179.5,164.1,175.2,4466846
1750080600,176.32,177.63,169.63,175.25,4928925
1750167000,137.95,146.93,135.5,143.9,20640041
1750253400,143.71,150.75,141.5,143.67,7610683
1750426200,144,147.73,143.8,145,5074257
1750685400,144.3,146.999,139.2604,144.67,3708193
1750771800,145.94,153.49,142.8355,151.18,5149077
1750858200,152,152.97,147.3,152.7,3386661
1750944600,156.81,158.99,154,155.63,4127883
1751031000,156.37,158.19,149.54,152.14,4371571
1751290200,161.625,167.79,159.52,165.54,7938454
1751376600,165.02,169.63,158.81,162.96,6575502
1751463000,165,178.31,164.71,170.52,6332265
1751549400,178,189.5,177.85,185.03,6399688
1751895000,183,183.8799,175.35,177.06,3697401
1751981400,168.315,172.62,165.15,165.48,4965767
1752067800,165.3,167.24,163.19,165.99,2979067
1752154200,166.59,168.48,164.6,165.09,3019514
1752240600,163.6,165.64,161.76,162.44,2137112
1752499800,162.5,165.15,159.851,160.84,1911465
1752586200,167.34,172.8,165.8931,171.93,4188748
1752672600,172.1,173.37,165.5701,166.82,3211757
1752759000,167.74,175.847,167.595,173.54,3650247
1752845400,173.4,177.23,171.86,175.85,2611576
1753104600,176.93,181.2499,175.2044,178.33,2298184
1753191000,178.335,181.0577,175.53,179.99,1944880
1753277400,180.68,181.8813,176.88,179.77,1894373
1753363800,180.29,181.99,177.06,180.72,2046923
1753450200,180.05,186.81,179.32,185.32,2048033
1753709400,183.75,184.8899,180.315,183.58,2622123
1753795800,183.58,184.51,180.93,181.82,1584755
1753882200,181.99,183,176.62,179.13,2300757
1753968600,179.89,179.89,171.99,174.73,3571172
1754055000,186.34,189.6299,179,183.97,5804788
1754314200,184.295,186.25,181.47,183.42,2150491
1754400600,183.06,188.8299,181.3,186.84,2510823
1754487000,186.72,190,183.5,185.01,1758636
1754573400,187.57,190.66,185.22,185.6,2216257
1754659800,187.39,188.5,183.78,184.65,1631088
1754919000,184.28,187.52,181.52,182.13,1508792
1755005400,184.29,187.77,181.52,184.73,2018994
1755091800,185.36,192.54,183.2,184.84,2838169
1755178200,182.19,183.04,176.47,180.05,2514632
1755264600,182.12,206.6,179.06,199.95,10932463
1755523800,209.68,221.5,209.5,219.33,9507067
1755610200,215.33,219.65,208.514,210.96,4568599
1755696600,208.67,212.99,205.26,206.44,3045755
1755783000,204.595,204.595,191.4,192,5222728
1755869400,194.15,203.1575,191.1,202.28,4433064
1756128600,200,201.5,195.12,199.44,1937648
1756215000,198.97,201,195.79,196.72,2297175
1756301400,195.09,196.7144,191.05,191.23,2030778
1756387800,193.75,199.7786,192.93,197.02,2017154
1756474200,197.15,199.8,195.04,195.19,1397739
1756819800,190.15,196.25,187.64,195.78,1935216
1756906200,195.83,203.03,194.3,201.49,2546786
1756992600,202.4,204.2,197.5,201.87,1741250
1757079000,206.265,213.25,199.3,205.14,3066253
1757338200,206.25,206.64,198.9478,203.21,2450265
1757424600,204.1,207.23,197.8,203.06,1846820
1757511000,203.75,209.131,201.25,203.79,1692095
1757597400,204.36,208.8,202.58,203.31,1653088
1757683800,203.54,205.44,201.59,201.7,1239356
1757943000,201.81,207.79,196.8,207,1925619
1758029400,207.375,208.435,203.99,205.25,1847144
1758115800,205.97,215.25,204.25,210.71,2656801
1758202200,211,212.6635,206.93,209.63,2331219
1758288600,211.01,216.7,209.12,212.49,3860634
1758547800,213.23,219.84,211.5001,219.2,2692520
1758634200,220,223.49,215.3901,215.73,2479479
1758720600,217.5,228.335,217.5,219.17,2818787
1758807000,214.69,225.32,211.01,223.05,2051682
1758893400,221.25,223.39,218.6637,220.02,1880606
1759152600,222.11,226.93,221.7451,223.53,1886375
1759239000,223.69,224.32,218.03,220.53,1707221
1759325400,221.78,229.11,221.41,224.82,2626018
1759411800,230.02,234.01,227.5003,232.13,2773138
1759498200,232.25,235.87,226.72,230.13,2191298
1759757400,231.515,235.58,227.77,229.57,2030601
1759843800,229.57,230.9999,225.5,227.89,1416907
1759930200,229.31,232.9999,227.909,231.37,1128220
1760016600,231.17,237.1999,228.9,234.3,1517629
1760103000,232.9,234.42,224.0001,225.91,2180578
1760362200,227.885,235.88,224.16,226.15,2278352
1760448600,224.26,230.9574,220.1,224.43,2191769
1760535000,231.69,248.04,229.0823,244.4,4617494
1760621400,242.1,245.36,236.64,237.79,2294203
1760707800,235.46,237.3099,229.83,231.85,2327967
1760967000,234.52,238,228.39,229,1422549
1761053400,230.365,230.41,224.16,226.85,1304855
1761139800,227.19,231.5502,216.6301,223.36,2379854
1761226200,222.8,230.835,222.63,229,1681141
1761312600,239.68,244,234,241.41,2595487
1761571800,243.605,249.56,241.41,247.69,2068947
1761658200,246.07,249.27,236.841,239.6,2552517
1761744600,240,246.1,236,241.71,2331260
1761831000,237.14,242.52,232.77,233.58,2529272
1761917400,249.13,269.672,246.16,266.94,6158718
1762180200,265.93,275.08,261,265.705,2707585
1762266600,256.78,269.7899,253.78,262.7,2575518
1762353000,262.4,281.55,261.0274,277.39,3644340
1762439400,278.4,279.96,270.62,271.98,2338799
1762525800,262.08,268.356,254.51,267.64,2513339
1762785000,273.07,278.8099,268.06,272.64,2141236
1762871400,268.97,272.9999,261.06,264.15,1922221
1762957800,268.11,270.37,261.77,267.52,1503412
1763044200,267.52,269.77,255.84,256.59,2351467
1763130600,244.41,257.7,243.75,253.08,2816398
1763389800,251.35,258,250.25,253.54,1484467
1763476200,247,257.38,244.42,252.19,1760492
1763562600,252.19,257.83,249.3001,251.87,1514666
1763649000,258.04,264.79,244.22,245.84,2300693
1763735400,244.64,254,241,249.91,1923029
1763994600,250,261.45,249,259.85,2094054
1764081000,261.53,261.91,253.53,260.36,1571218
1764167400,263.5,274.62,262.69,272.21,1903802
1764340200,274.08,276.14,270.51,272.92,1091176
1764599400,269.27,272.205,262.69,263.54,2049905
1764685800,264.39,265.941,260,262.56,1573322
1764772200,263,263,252.31,256.06,1862924
1764858600,255.44,260.5,254.7,257.28,1365390
1764945000,258,264,255.12,257.61,1911217
1765204200,257.13,258.71,251.32,255.88,1825433
1765290600,253.81,261.2699,252.4,253.42,1998859
1765377000,252.15,266.25,251.3,262.23,1825835
1765463400,261.11,273.459,253.87,272.83,2315848
1765549800,273,273.8,249,254.8,2969086
1765809000,253.51,257.25,249.761,255.89,1564447
1765895400,255.25,260.34,252,258.51,1489382
1765981800,260,264,251.7,254.03,1750928
1766068200,258.89,266.72,255.5,261.79,1873889
1766154600,263.47,268.9,261.79,266.98,2708101
1766413800,269.19,285.99,265.6453,284.59,3478951
1766500200,282,283.3675,262,269.39,3848528
1766586600,270.03,273.5,267.2695,272.21,849828
1766759400,271.59,271.735,267,269.69,822563
1767018600,267.99,275,266.05,268.25,1060648
1767105000,268.25,269.4299,263.75,264.3,817907
1767191400,264.3,266.3,260.5,261.23,1081961
1767364200,265.86,277.5699,265.86,274.34,1476805
1767623400,278.39,280.5,263.23,272,2006817
1767709800,273,277.6799,266.28,268.78,1620652
1767796200,254.02,255.92,239.975,241.11,6207863
1767882600,239.66,247.25,238.52,246.26,2301263
1767969000,248.02,248.04,235.12,238.66,3712047
1768228200,235.53,244.35,233,237.83,2116431
1768314600,238.5,244.215,237.06,241.36,2063634
1768401000,239.61,244.8694,235.2489,236.45,1906189
1768487400,235,252.52,234.81,243.64,3206701
1768573800,243.64,248.665,243,243.73,1956087
1768919400,239,245,234.63,242.11,1998400
1769005800,244.5,247.65,238.22,243.72,1463729
1769092200,244.35,247.45,239.49,239.68,1976243
1769178600,240.92,246.4,237.92,242.15,1945470
1769437800,241.59,249.5,238.12,242.97,2218581
1769524200,242.52,245.9,234.385,235.05,2185618
1769610600,240.36,251.36,238.64,249.41,2206870
1769697000,230.22,232.2,214,224.01,5257273
1769783400,221,232.9999,220.85,225.52,2819289
1770042600,225.25,231.05,224.54,230.55,2029910
1770129000,228.775,242.88,227.6742,239.04,1906592
1770215400,242.85,246.705,231.03,238.06,2156317
1770301800,231.21,238.86,228.5168,234.36,1714475
1770388200,233.99,236.76,214.74,218.73,5263860
1770647400,221.295,224.4599,217.315,222.13,2651329
1770733800,219,229.235,218.06,226.24,2459483
1770820200,229.81,231.17,222.6,227.74,1211838
1770906600,230.13,230.14,217.55,220.45,1648741
1770993000,218.7,228.91,216.725,225.65,2629491
1771338600,225.13,228.0199,220.46,226.05,2160428
1771425000,227.34,239.12,224.2,238.57,2557251
1771511400,238.56,242.18,231.15,233.3,2654680
1771597800,232.48,248.829,230,241.88,2804296
1771857000,242.505,247,239.67,242.15,1670252
1771943400,242.47,250.99,238.55,243.21,3336867
1772029800,197.54,215.09,196.45,210.12,9798281
1772116200,208.01,211.55,197.81,200.1,4995558
1772202600,195.97,197.915,191.86,197.2,3775755
1772461800,193.1,200.79,191.7929,199.86,2343419
1772548200,192.3,199.525,191.77,197.53,1694018