time,open,high,low,close,Volume
1357569000,2.319998,2.319998,2.259997,2.289331,6628641
1357655400,2.299998,2.299998,2.207331,2.24533,19259794
1357741800,2.26733,2.279331,2.226664,2.242664,10469695
1357828200,2.257998,2.265998,2.225331,2.235331,13836088
1357914600,2.26933,2.26933,2.140665,2.193998,23449133
1358173800,2.205331,2.225331,2.189998,2.21733,13875283
1358260200,2.207331,2.283331,2.205331,2.259997,24365859
1358346600,2.256665,2.281998,2.248664,2.273332,20672090
1358433000,2.277331,2.323332,2.261331,2.291998,21549081
1358519400,2.315998,2.318664,2.254665,2.301331,53326163.00000002
1358865000,2.303998,2.369998,2.283997,2.345998,28801993
1358951400,2.334664,2.415998,2.330665,2.399998,23463113
1359037800,2.399998,2.514664,2.389331,2.465998,29555864
1359124200,2.466664,2.502663,2.453331,2.465331,19315564
1359383400,2.457331,2.580665,2.457331,2.535331,29789909
1359469800,2.539998,2.562664,2.475331,2.529997,21397566
1359556200,2.523331,2.533331,2.49533,2.501331,14521484
1359642600,2.524664,2.524664,2.461997,2.500663,13519783
1359729000,2.544664,2.566664,2.507997,2.553331,16508866
1359988200,2.559997,2.561331,2.505997,2.515998,16919851
1360074600,2.533331,2.576663,2.511997,2.541997,19652899
1360161000,2.54533,2.625997,2.526964,2.611331,28397248
1360247400,2.612664,2.64533,2.596664,2.631997,17962832
1360333800,2.629997,2.666664,2.609331,2.615998,17096012
1360593000,2.531997,2.609997,2.499997,2.561331,48993768.00000001
1360679400,2.563331,2.591331,2.485997,2.525997,33918722.99999999
1360765800,2.553331,2.599997,2.536664,2.563331,14506544
1360852200,2.575997,2.583331,2.547331,2.553331,14859614
1360938600,2.566664,2.56733,2.463331,2.46933,30274065
1361284200,2.490664,2.61933,2.487331,2.618664,40520140
1361370600,2.619997,2.64333,2.563998,2.56933,46828696
1361457000,2.432665,2.492664,2.302664,2.343998,135573300
1361543400,2.381331,2.425998,2.373332,2.407331,38217503
1361802600,2.409997,2.449998,2.289331,2.291998,43361623
1361889000,2.297332,2.330665,2.253331,2.29533,41445791
1361975400,2.293998,2.360664,2.29333,2.339998,29386964
1362061800,2.392664,2.406665,2.291331,2.321998,29473424
1362148200,2.333331,2.338664,2.283331,2.309997,23199023
1362407400,2.317998,2.388664,2.313331,2.371998,26364926
1362493800,2.399998,2.461331,2.385997,2.44333,31304566
1362580200,2.46733,2.525331,2.464664,2.512664,17248892
1362666600,2.515331,2.576663,2.458664,2.548664,17375327
1362753000,2.537331,2.629331,2.490664,2.564664,13680793
1363008600,2.591331,2.629331,2.576663,2.606665,23691623
1363095000,2.59333,2.625331,2.589998,2.607997,19125949
1363181400,2.599997,2.632665,2.587331,2.598664,12329802
1363267800,2.59333,2.593997,2.451331,2.456665,30366915
1363354200,2.442664,2.44333,2.347332,2.352664,49196704
1363613400,2.353331,2.403998,2.327998,2.34333,19745059
1363699800,2.349998,2.373332,2.329331,2.338664,16477141
1363786200,2.350664,2.404665,2.343998,2.396664,21355281
1363872600,2.396664,2.470664,2.382665,2.400664,17194322
1363959000,2.413331,2.453331,2.413331,2.441331,6693531
1364218200,2.473332,2.567997,2.451331,2.501997,35690344.99999999
1364304600,2.531997,2.547997,2.510664,2.523997,27122082
1364391000,2.529331,2.558664,2.487331,2.543997,19444264
1364477400,2.548664,2.549331,2.516664,2.525997,17379797
1364823000,2.823997,3.111996,2.779997,2.928663,211588275.99999997
1364909400,2.906664,3.03333,2.90067,2.955997,99785724
1364995800,2.873331,2.897997,2.680697,2.739998,84675024.00000001
1365082200,2.740664,2.816664,2.720731,2.800663,33973038
1365168600,2.799997,2.799997,2.699997,2.757997,23285858
1365427800,2.797997,2.836657,2.76733,2.788664,25185040
1365514200,2.786664,2.788657,2.688664,2.699997,25440565
1365600600,2.713331,2.800663,2.707331,2.790664,31816351
1365687000,2.803997,2.969997,2.783331,2.905997,51721266
1365773400,2.88333,3.009264,2.869997,2.916664,47240627
1366032600,2.899997,2.919997,2.833996,2.886664,25289785
1366119000,2.945997,3.075997,2.92733,3.03933,47706617
1366205400,3.03333,3.06333,2.96933,3.029997,31776451
1366291800,3.06533,3.173263,3.026004,3.13133,50530549.99999999
1366378200,3.163998,3.32533,3.137998,3.188663,45182085
1366637400,3.239997,3.346663,3.18333,3.345997,59089964
1366723800,3.399997,3.527996,3.37733,3.400663,56063306
1366810200,3.393329,3.40333,3.26533,3.361996,39451659
1366896600,3.366663,3.493329,3.366663,3.466663,41943145.99999999
1366983000,3.541996,3.582664,3.374663,3.41333,54336504.00000001
1367242200,3.450663,3.665997,3.41333,3.662663,54633144
1367328600,3.73333,3.878662,3.583996,3.59933,82859317.00000001
1367415000,3.732664,3.732664,3.53333,3.551996,41141711
1367501400,3.589997,3.684663,3.579996,3.60733,45785040
1367587800,3.764663,3.764663,3.63333,3.636663,50691095
1367847000,3.75933,3.977329,3.699996,3.966663,65592080.00000001
1367933400,4.133329,4.157996,3.674663,3.700662,149918414.00000003
1368019800,3.833329,3.879996,3.713997,3.719096,101547986
1368106200,4.674662,5.051328,4.245996,4.626661,429075069.00000006
1368192600,4.643328,5.399995,4.616662,5.117596,376296856
1368451800,5.399329,5.866661,5.276728,5.853327,336252576
1368538200,6.281327,6.47466,5.409994,5.549328,557459117.0000001
1368624600,5.453328,5.791994,5.207328,5.656128,253180813.00000003
1368711000,6.313327,6.333327,5.910661,6.149861,324210324
1368797400,6.166661,6.295987,5.833327,6.099994,285127004.99999994
1369056600,6.074661,6.166661,5.908661,5.995994,125225105
1369143000,5.899994,5.999328,5.685335,5.839327,135026564.99999997
1369229400,5.757994,6.063995,5.699994,5.815995,128606783
1369315800,5.65366,6.20066,5.536661,6.181994,180664049.99999997
1369402200,6.173328,6.529993,6.133327,6.471994,241863166.00000003
1369747800,6.769993,7.383326,6.68666,7.355593,295377655
1369834200,7.569992,7.659992,6.599993,6.97526,376492695.99999994
1369920600,6.830661,7.302659,6.74666,6.99666,242108567
1370007000,7.083992,7.095993,6.515327,6.517326,227579176.99999997
1370266200,6.507993,6.507993,5.883327,6.17266,287152367.00000006
1370352600,6.183327,6.427994,6.160001,6.32266,132840837.00000003
1370439000,6.243994,6.531319,5.940661,6.357994,183371133
1370525400,6.349994,6.617993,6.34066,6.489994,142716232
1370611800,6.533327,6.859992,6.44666,6.802659,160758445.00000003
1370871000,6.595326,6.83466,6.571327,6.669993,138513363
1370957400,6.545326,6.578659,6.269994,6.297994,110940694.99999999
1371043800,6.453327,6.69866,6.383327,6.515327,137962982
1371130200,6.599993,6.61866,6.341334,6.545326,89476963.99999999
1371216600,6.66666,6.83466,6.621993,6.68666,98511428
1371475800,6.90666,6.983326,6.74666,6.813327,106134721
1371562200,6.783327,6.931993,6.613327,6.89266,132053577
1371648600,6.803993,7.111326,6.800659,6.978659,128831138
1371735000,6.976659,7.141993,6.629993,6.709993,151668496
1371821400,6.913326,6.913326,6.499994,6.63666,175778080
1372080600,6.433327,6.857993,6.353327,6.765994,106905406
1372167000,6.873327,6.94666,6.703327,6.826659,87762566.99999999
1372253400,6.919993,7.057986,6.843993,7.047993,99152498.99999999
1372339800,7.11666,7.349993,7.07546,7.283326,131262490.99999997
1372426200,7.237993,7.295993,7.113994,7.157326,86256536.00000001
1372685400,7.290659,7.851325,7.276659,7.811926,163554192.99999997
1372771800,7.883659,8.125992,7.699992,7.854659,181054921
1372858200,7.866659,7.949992,7.617992,7.68266,72099972
1373031000,7.887993,8.018659,7.713326,8.005992,102412542
1373290200,8.091325,8.145319,7.921326,8.107325,117312356.99999999
1373376600,8.309325,8.354659,8.127325,8.229992,129048234
1373463000,8.212658,8.216658,8.052658,8.151325,84000263.99999999
1373549400,8.325325,8.405992,8.156659,8.373992,112304466.99999999
1373635800,8.366658,8.662658,8.300658,8.659991,170237990
1373895000,8.868658,8.883924,8.454659,8.483991,148865188
1373981400,8.418658,8.421326,7.153326,7.269993,485578565.00000006
1374067800,7.101326,8.107992,6.96666,8.016659,390434549.99999994
1374154200,8.064659,8.181992,7.745325,7.935325,171110556
1374240600,7.899992,8.036659,7.767325,7.978658,88371658
1374499800,7.992659,8.445324,7.991992,8.161991,147072282
1374586200,8.266658,8.370658,8.121326,8.182659,116107151.00000001
1374672600,8.297992,8.299992,7.970659,8.113325,103070668
1374759000,8.026658,8.316658,8.012659,8.271326,79307254
1374845400,8.542658,8.711991,8.440658,8.625991,144610689
1375104600,8.621325,9.024658,8.549991,8.974658,145291195
1375191000,8.986658,9.165992,8.545324,8.782659,196954186
1375277400,8.837992,8.998325,8.763325,8.951991,95274650
1375363800,8.999991,9.101324,8.842058,9.036658,79854049
1375450200,8.972658,9.216657,8.907324,9.199991,94047694
1375709400,9.33399,9.659324,9.30999,9.645323,153009588.00000003
1375795800,9.64999,9.715324,9.406658,9.476657,138916548
1375882200,9.459324,9.463324,8.823991,8.948658,273182433
1375968600,10.290323,10.591989,10.030657,10.23199,408701928
1376055000,10.159989,10.396656,10.083323,10.19999,134040539
1376314200,9.961989,10.033323,9.469991,9.825324,223682863.00000003
1376400600,9.966657,9.989323,9.62999,9.695323,131233076
1376487000,9.514657,9.655984,9.203324,9.290657,175406305
1376573400,9.095331,9.573317,8.999991,9.311324,152833337
1376659800,9.441991,9.59379,9.397991,9.466657,106621396.00000001
1376919000,9.561784,9.825324,9.52199,9.65999,120564735
1377005400,9.909989,9.985323,9.79999,9.97199,96271731
1377091800,9.99999,10.020597,9.74999,9.857323,93994023
1377178200,9.94799,10.498656,9.87599,10.473324,158886023.00000003
1377264600,10.466656,10.819989,10.333323,10.789256,193977852.99999997
1377523800,11.009988,11.533322,10.683323,10.947989,362566922.00000006
1377610200,10.819989,11.253322,10.729996,11.133988,263502502.99999997
1377696600,11.270655,11.433322,10.883322,11.096656,221100341
1377783000,10.947656,11.183322,10.833988,11.070656,141685926
1377869400,11.091322,11.280656,10.930656,11.266655,165425549.99999997
1378215000,11.559988,11.579988,11.093322,11.262655,180916710
1378301400,11.317989,11.441322,11.037322,11.374788,172134892
1378387800,11.339989,11.433322,11.216655,11.328655,100398145
1378474200,11.237989,11.313322,11.009988,11.131322,129294563.99999999
1378733400,10.874656,10.966656,10.567322,10.713323,215167310.00000003
1378819800,10.763323,11.166656,10.708656,11.091322,134516908.99999997
1378906200,11.093989,11.192989,10.808656,10.901322,87487242
1378992600,10.933322,11.117322,10.700655,10.995322,92399972
1379079000,10.851322,11.091322,10.810656,11.035988,81148386
1379338200,11.199989,11.389989,11.056656,11.105322,113889083.00000001
1379424600,11.005322,11.227989,10.890722,11.081989,82510867
1379511000,11.13799,11.163322,10.946656,11.081189,81594276
1379597400,11.386655,12.031321,11.271989,11.861321,233918723
1379683800,11.926654,12.388654,11.903988,12.225988,201025521
1379943000,12.298654,12.365321,11.807322,12.073988,122877722
1380029400,11.942662,12.330655,11.843321,12.155321,94236544
1380115800,12.237321,12.419988,12.033321,12.349188,123789438
1380202200,12.446654,12.64532,12.374054,12.575987,99324009.00000001
1380288600,12.501321,12.751987,12.428654,12.726653,88858332.99999999
1380547800,12.599987,12.966654,12.533321,12.89132,134018218.99999999
1380634200,12.930654,12.948654,12.557987,12.866654,116421566
1380720600,12.572654,12.788654,11.693321,12.063321,311631431
1380807000,11.669655,11.979321,11.199989,11.553988,357247797
1380893400,11.759988,12.078654,11.509988,12.065321,216209690.99999997
1381152600,12.163989,12.448654,12.017321,12.204655,172283841.99999997
1381239000,12.29332,12.39532,11.547322,11.648655,206358491
1381325400,11.648655,11.665989,10.766656,11.251989,229747429.00000003
1381411800,11.539322,11.716655,11.312655,11.528654,133258783.00000001
1381498200,11.516655,11.952521,11.413322,11.913321,124666414.00000001
1381757400,11.666655,12.166654,11.609988,11.981321,116544551.00000001
1381843800,12.351988,12.585921,12.211987,12.262654,164678189
1381930200,12.326654,12.486654,12.139321,12.237321,123080628.00000001
1382016600,12.235987,12.319988,12.065989,12.186788,100574635
1382103000,12.276654,12.397322,12.167988,12.226654,88962328.00000001
1382362200,12.218654,12.225988,11.399989,11.506656,172982167
1382448600,11.366655,11.851988,11.073989,11.435988,170920309.99999997
1382535000,11.260655,11.453989,10.676655,10.966656,199916269.00000003
1382621400,10.999989,11.633322,10.855022,11.543321,162385182.00000003
1382707800,11.613989,11.633322,11.119989,11.310655,113931967.99999999
1382967000,11.345322,11.366655,10.813323,10.857322,117626021.99999999
1383053400,10.850656,11.029709,10.19999,10.964656,211676266
1383139800,10.975322,11.178649,10.544656,10.614656,126026466.00000001
1383226200,10.37799,10.829323,10.21999,10.662656,140106965
1383312600,10.866656,11.059989,10.693989,10.811323,107708851.99999999
1383575400,10.999989,11.692648,10.947989,11.679988,196805806
1383661800,11.999988,12.095321,11.423995,11.787322,337006852.00000006
1383748200,10.320656,10.715323,9.75699,10.077323,466076356
1383834600,9.612657,9.70999,9.174657,9.318124,334271493.99999994
1383921000,9.098658,9.373324,8.821325,9.196657,337168252.00000006
1384180200,9.399991,9.694657,9.139991,9.646524,209964073.99999997
1384266600,9.64599,9.646657,9.078658,9.186657,224777653.99999997
1384353000,9.389324,9.491324,9.089491,9.246657,189874269.00000003
1384439400,9.261324,9.359991,8.940724,9.173324,183055682.99999997
1384525800,9.123324,9.196657,8.956658,9.029991,148502788
1384785000,9.017991,9.029991,7.973992,8.105325,347073977
1384871400,7.961992,8.599991,7.947992,8.405992,297242607
1384957800,8.405325,8.496658,7.937325,8.073992,207743517
1385044200,8.192658,8.319258,8.016659,8.139992,178557223
1385130600,8.105325,8.183325,7.861992,8.091992,166562356
1385389800,8.299992,8.389325,8.019992,8.055992,154130374
1385476200,7.958659,8.181325,7.739992,8.033325,208283038
1385562600,8.087325,8.463325,7.967992,8.462658,185514694.99999997
1385735400,8.651325,8.705991,8.465325,8.485325,145743430
1385994600,8.423325,8.569991,8.262058,8.277992,116268281.00000001
1386081000,8.845324,9.662657,8.772658,9.646657,385236445
1386167400,9.621324,9.628657,9.141991,9.263324,197215517
1386253800,9.343324,9.556657,9.299991,9.365324,139326364
1386340200,9.433991,9.499324,9.086658,9.157324,118644058
1386599400,9.133324,9.446657,8.947324,9.439991,135922410.00000003
1386685800,9.336657,9.724657,9.323991,9.479324,161223671
1386772200,9.458657,9.536657,9.299324,9.309991,107067737.00000001
1386858600,9.313324,9.882657,9.235324,9.831324,161517026
1386945000,9.86999,10.11999,9.821324,9.84359,158996783
1387204200,9.898657,10.028657,9.73999,9.862657,100129239.99999999
1387290600,9.838657,10.308656,9.75489,10.16399,157424692
1387377000,10.149323,10.326656,9.72999,9.865323,173728628.00000003
1387463400,9.793324,9.79999,9.273324,9.381324,191379386
1387549800,9.438657,9.623324,9.438657,9.549324,111338166
1387809000,9.656657,9.749324,9.506724,9.56999,80782670
1387895400,9.99999,10.331323,9.98799,10.09399,149122424
1388068200,10.33599,10.533323,10.28599,10.366656,106942996
1388154600,10.353323,10.36665,10.053323,10.074657,82036042
1388413800,10.074657,10.320656,10.04999,10.162657,67081207
1388500200,10.154657,10.213323,9.910723,10.02859,64000714.00000002
1388673000,9.986657,10.165117,9.76999,10.006657,92930416.99999999
1388759400,9.99999,10.14599,9.906723,9.970657,70482655
1389018600,9.99999,10.026657,9.682657,9.79999,80509879.99999999
1389105000,9.841323,10.026657,9.683324,9.957323,75627165
1389191400,9.923323,10.246656,9.917323,10.085323,92500202.00000001
1389277800,10.166656,10.228656,9.78999,9.835323,80833655
1389364200,9.897323,9.926657,9.483324,9.71465,111758076
1389623400,9.718657,9.79999,9.187991,9.289324,94869799
1389709800,9.366657,10.799989,9.111391,10.751323,419037839
1389796200,11.229989,11.481989,10.806656,10.941989,307335022
1389882600,10.833323,11.513322,10.826656,11.397989,179731664.00000003
1389969000,11.345989,11.546655,11.196655,11.333989,138240558
1390314600,11.415989,11.819322,11.387322,11.778655,146186620.99999997
1390401000,11.853988,12.021255,11.650655,11.903988,105551475
1390487400,11.815322,12.158655,11.561322,12.099988,118492843
1390573800,11.856655,12.031988,11.568722,11.639988,115669555
1390833000,11.677322,11.861321,10.980656,11.307989,131066726.00000001
1390919400,11.433322,11.931988,11.399989,11.891988,91923646.00000001
1391005800,11.686655,11.939321,11.542055,11.681988,89352344
1391092200,11.866655,12.318654,11.800655,12.189321,128628278
1391178600,11.923321,12.399988,11.900961,12.093988,97694362.00000001
1391437800,12.192654,12.325301,11.677322,11.807322,101679235.99999999
1391524200,12.046655,12.106655,11.746655,11.915321,70363314.99999999
1391610600,11.886655,12.039321,11.290655,11.627988,109139389
1391697000,11.753322,12.007321,11.733322,11.891988,87719382
1391783400,12.067321,12.441988,11.973321,12.435321,134460944
1392042600,12.622654,13.286653,12.621321,13.103987,194839483.99999997
1392129000,13.264653,13.479987,12.846654,13.107987,161017241
1392215400,13.051987,13.21792,12.954654,13.02132,77719772.00000001
1392301800,12.88932,13.514653,12.88332,13.308653,122610857
1392388200,13.206653,13.458653,13.13332,13.21532,92602022
1392733800,13.68292,13.73332,13.423993,13.579986,140338205
1392820200,13.579986,13.579986,12.893987,12.90932,246298731.00000003
1392906600,14.333986,14.347319,13.75132,13.997986,270334200
1392993000,14.109319,14.265319,13.945986,13.973319,117434831.99999999
1393252200,13.917313,14.557319,13.887986,14.509985,124547119
1393338600,15.333318,17.279983,15.229985,16.533317,491955491
1393425000,17.238649,17.666649,16.499983,16.86665,371568281
1393511400,17.416649,17.459983,16.555317,16.835983,269560874
1393597800,16.643317,16.845316,16.169984,16.32065,219190613.99999997
1393857000,15.817318,16.77665,15.665984,16.703983,196639741
1393943400,17.231983,17.333316,16.855316,16.989316,131481011.00000001
1394029800,17.11465,17.13265,16.78665,16.843983,89201129
1394116200,16.94265,17.16665,16.629983,16.86265,110620895
1394202600,16.86265,16.989983,16.293984,16.413984,117277092.00000001
1394458200,16.179984,16.199984,15.737318,15.922651,116186381.00000001
1394544600,15.766651,16.30665,15.495065,15.627318,132545366.99999999
1394631000,15.433318,16.499983,15.407318,16.099317,146458811
1394717400,16.25265,16.279317,15.599984,15.852651,93544968
1394803800,15.685984,15.795751,15.221318,15.397985,124346118.99999999
1395063000,15.663318,15.861984,15.366651,15.598651,88688968
1395149400,15.796651,16.099984,15.667984,16.002651,93635328
1395235800,16.092651,16.103317,15.567318,15.722651,76069981
1395322200,15.743984,15.949984,15.557318,15.660651,57268631.99999999
1395408600,15.734651,15.746651,15.166651,15.259318,123409788
1395667800,15.316651,15.326651,14.017986,14.677985,169994374
1395754200,14.942652,15.136652,14.526652,14.695985,117980742
1395840600,14.796652,14.839985,14.089993,14.197319,103609692.99999999
1395927000,14.157986,14.239986,13.53332,13.82132,142579746.99999997
1396013400,14.186652,14.447986,14.017986,14.157986,145271560
1396272600,14.433319,14.449986,13.75932,13.896653,125700469.99999999
1396359000,13.934653,14.543985,13.905319,14.464652,110571440
1396445400,14.666652,15.392651,14.536652,15.352651,161733926
1396531800,15.353318,15.715318,14.799985,15.026652,163856173.00000003
1396618200,15.067318,15.217985,14.083319,14.148319,170184439.99999997
1396877400,13.720653,14.413319,13.56732,13.834653,147832317
1396963800,14.003319,14.432646,13.76132,14.363986,103339543.00000001
1397050200,14.450652,14.563319,14.059319,14.461986,77368922
1397136600,14.454652,14.499986,13.585993,13.612653,108172488
1397223000,13.373987,13.799986,13.239987,13.58532,136069636
1397482200,13.839986,13.895986,12.960654,13.205987,115545580.00000001
1397568600,13.272653,13.285987,12.287988,12.92732,205006270
1397655000,13.13332,13.332653,12.721321,13.273987,108079893.00000001
1397741400,13.30732,13.485987,12.938654,13.207987,88942678
1398087000,13.138654,13.746653,12.93332,13.62532,78997427.99999999
1398173400,13.75732,14.621985,13.66732,14.575985,147140141.99999997
1398259800,14.421986,14.449319,13.799986,13.865986,109434244
1398346200,14.053986,14.186652,13.546653,13.857319,82571601.99999999
1398432600,13.466653,13.779986,13.176653,13.32332,104949973.99999999
1398691800,13.33332,13.58598,12.699987,13.233987,105629850
1398778200,13.213987,13.80992,13.035327,13.794653,86810620.99999999
1398864600,13.57332,13.877319,13.418653,13.859319,66651861.00000001
1398951000,13.80532,14.267986,13.712653,13.848653,81670131
1399037400,13.906653,14.090653,13.767986,14.060653,61370971
1399296600,13.965319,14.512652,13.901319,14.440652,77285222
1399383000,14.439986,14.577292,13.789986,13.818653,84550959
1399469400,13.975986,14.013319,13.149987,13.42332,152689517
1399555800,12.133321,12.959987,11.866655,11.905988,300849165
1399642200,11.990655,12.226654,11.814655,12.150655,127427511.99999999
1399901400,12.257988,12.479321,11.991988,12.311321,105065055.00000001
1399987800,12.250654,12.755987,12.199988,12.677321,106458735.99999999
1400074200,12.596654,12.898654,12.473321,12.707987,81224256
1400160600,12.665321,12.84398,12.353321,12.572654,90692175
1400247000,12.596654,12.802654,12.514654,12.770654,67339747
1400506200,12.714654,13.125987,12.666654,13.072654,68574968
1400592600,13.12932,13.288653,12.871327,13.019987,83308238
1400679000,13.078654,13.324653,12.985987,13.296653,79361404
1400765400,13.356653,13.791986,13.304013,13.658653,93243917.99999999
1400851800,13.63532,13.850653,13.499986,13.819986,60164025
1401197400,13.901319,14.257986,13.846653,14.103986,80201899.99999999
1401283800,14.001319,14.184652,13.683986,14.015986,82444252
1401370200,14.037986,14.165986,13.847986,14.015986,55418995
1401456600,14.019986,14.319986,13.80132,13.851319,83791103
1401715800,13.821986,13.956653,13.444653,13.646653,70021795
1401802200,13.565986,13.866653,13.505986,13.662653,57992787
1401888600,13.62332,13.750653,13.35972,13.59932,51517581
1401975000,13.63132,13.946653,13.60332,13.79332,60889335
1402061400,13.983319,14.053986,13.811986,13.878053,46123546.00000001
1402320600,13.863319,13.999319,13.61332,13.68732,42196032.00000001
1402407000,13.628653,13.797986,13.436653,13.486653,52835092
1402493400,13.43332,13.666653,13.283387,13.63132,59707423.99999999
1402579800,13.67332,13.991986,13.513986,13.567986,89957248.99999999
1402666200,13.651986,13.785986,13.43892,13.76132,53201888
1402925400,13.783986,15.032652,13.750653,14.973985,198695478.00000003
1403011800,14.940652,15.702651,14.856652,15.444651,199573804
1403098200,15.433318,15.447318,15.074652,15.141318,104205899
1403184600,15.258651,15.687318,15.133318,15.185985,132028737
1403271000,15.234651,15.419318,15.079985,15.305985,73621228
1403530200,15.300651,15.932651,15.214651,15.814651,117002952.00000001
1403616600,15.931317,16.125317,15.441838,15.499984,121216756
1403703000,15.536651,15.836651,15.349318,15.792718,87048942
1403789400,15.811318,16.026651,15.614051,15.706651,76844656.00000001
1403875800,15.645984,15.999984,15.633324,15.937317,84581889
1404135000,15.969984,16.299317,15.933317,16.003984,72504102
1404221400,16.163984,16.229317,15.913317,15.981317,65118695.00000002
1404307800,16.043984,16.155317,15.137985,15.294985,120526200
1404394200,15.419318,15.459878,14.933318,15.283318,77500817
1404739800,15.166651,15.318651,14.693319,14.843985,88516288
1404826200,14.576652,14.730652,14.284652,14.604652,117692592
1404912600,14.751319,14.947985,14.613985,14.870652,61765996
1404999000,14.478652,14.814652,14.402652,14.630652,72978762
1405085400,14.707319,14.773319,14.506652,14.541985,49606744
1405344600,14.665985,15.252651,14.363332,15.113318,108128703.00000001
1405431000,15.115318,15.176651,14.539985,14.638652,85980549.99999999
1405517400,14.787985,14.986652,14.454652,14.477319,60766515
1405603800,14.410652,14.703319,14.239986,14.359986,69764409
1405690200,14.396652,14.747319,14.395319,14.667992,63909333
1405949400,14.483319,14.880652,14.447986,14.702652,57378822.00000001
1406035800,14.812652,14.886652,14.607405,14.638652,40987315
1406122200,14.667319,14.983318,14.628652,14.832652,46331011
1406208600,14.883318,15.006652,14.719985,14.902652,48726198.00000001
1406295000,14.847985,15.131318,14.783319,14.904652,46355790.99999999
1406554200,14.949985,15.466651,14.760119,14.987985,97764262
1406640600,15.107318,15.219985,14.990652,15.000652,50807854.99999999
1406727000,14.794652,15.306651,14.735985,15.261318,73917418
1406813400,15.283985,15.426651,14.766652,14.886652,116235986
1406899800,15.072652,15.833317,15.066652,15.551318,178472173
1407159000,15.625318,16.033317,15.551318,15.901317,89511178.99999999
1407245400,15.831318,16.199317,15.712651,15.899317,80828795
1407331800,15.926651,16.761317,15.905317,16.595323,138739113.00000003
1407418200,16.67465,17.112516,16.607983,16.825983,112184002
1407504600,16.743983,16.783983,16.433317,16.541983,76485991
1407763800,17.031983,17.582649,16.999983,17.287983,121519261
1407850200,17.205316,17.353316,16.97199,17.330649,95856275
1407936600,17.467316,17.709316,17.307316,17.353983,103989523
1408023000,17.499316,17.533316,17.235983,17.425316,61899571.00000002
1408109400,17.431983,17.472649,17.233316,17.467316,58018168.00000001
1408368600,17.549982,17.817316,17.316649,17.329316,87738551.99999999
1408455000,17.257983,17.288649,16.77465,17.117316,80102120
1408541400,16.977983,17.249316,16.86665,17.047316,45417990
1408627800,17.101316,17.253316,16.883983,16.955983,43788658
1408714200,16.969316,17.129976,16.84065,17.11865,42554427
1408973400,17.212649,17.578649,17.212649,17.503316,64770859
1409059800,17.665316,17.699982,17.443983,17.449316,57338637.00000001
1409146200,17.566649,17.615982,17.352649,17.549982,44858023.99999999
1409232600,17.459316,17.631982,17.442649,17.590649,42821097
1409319000,17.913315,18.133315,17.833982,17.979982,96809466
1409664600,18.366648,18.992648,18.286648,18.941314,147785412.00000003
1409751000,19.177981,19.199981,18.673315,18.745981,101696125.99999999
1409837400,18.933981,19.427981,18.693315,19.069314,125126360.00000001
1409923800,18.836648,18.859981,18.167315,18.492648,167642672
1410183000,18.507981,18.991981,18.501495,18.807315,82575682
1410269400,18.865981,19.032648,18.466648,18.565315,68519438
1410355800,18.633315,18.760648,18.243982,18.739981,56789876
1410442200,18.697315,18.985981,18.575315,18.687315,56528815.99999999
1410528600,18.699981,18.825981,18.466648,18.613315,49924579
1410787800,18.291315,18.293315,16.60865,16.923983,246974525.99999997
1410874200,17.009983,17.497316,16.827983,17.382649,124559704.00000001
1410960600,17.493983,17.646649,17.299983,17.425316,77698922
1411047000,17.557316,17.706649,17.487983,17.587982,55489764.99999999
1411133400,17.199316,17.428649,17.017983,17.287983,102175812
1411392600,16.999983,17.067983,16.313984,16.66865,123344568
1411479000,16.347984,16.919983,16.333317,16.693983,84900804
1411565400,16.741317,16.855983,16.469317,16.809317,56315696
1411651800,16.83465,16.997316,16.40665,16.463317,72655752
1411738200,16.549983,16.64865,16.40465,16.439984,56982671
1411997400,16.26665,16.575983,16.091984,16.35065,72820377
1412083800,16.461317,16.509983,16.008311,16.17865,63721968
1412170200,16.146651,16.177317,15.709984,16.015984,89197739
1412256600,16.679983,16.85265,16.357317,16.761317,135030150
1412343000,16.87065,17.099983,16.735517,17.013983,81130056
1412602200,17.275316,17.499316,17.186649,17.374649,115785939.99999999
1412688600,17.235316,17.430649,17.04865,17.304649,67373602.00000001
1412775000,17.339983,17.525316,16.84265,17.285316,75939300
1412861400,17.483316,17.702649,16.959983,17.133983,110419850
1412947800,16.309317,16.39265,15.679984,15.793984,193474318.00000003
1413207000,15.904651,15.930837,14.733319,14.972652,169148449
1413293400,15.216651,15.497985,14.866652,15.137318,106685190.99999999
1413379800,14.666652,15.399318,14.487986,15.313318,137274857
1413466200,14.647985,15.327985,14.606652,15.089985,81068556
1413552600,15.558651,15.651318,15.103318,15.165318,158277908
1413811800,15.114652,15.493318,15.033985,15.364651,52495342.00000001
1413898200,15.617984,15.692651,15.386651,15.689318,61955236.00000001
1413984600,15.545984,15.825984,15.370651,15.406651,61851015.99999999
1414071000,15.643651,15.751984,15.466651,15.685984,52498282
1414157400,15.751318,15.853317,15.413318,15.682651,52003957
1414416600,15.616651,15.640651,14.687319,14.777985,143300363.00000003
1414503000,15.306651,16.30665,15.216651,16.18465,157744612
1414589400,16.075317,16.099984,15.709318,15.873317,74514674
1414675800,15.875984,16.033317,15.670651,15.910651,48425613
1414762200,16.167317,16.207984,15.916651,16.113317,56629961.00000001
1415025000,16.199984,16.503983,16.087984,16.17265,63109083
1415111400,16.032651,16.156651,15.768651,15.928651,55238635.00000001
1415197800,16.066651,16.090651,15.368651,15.397985,135689010
1415284200,15.632651,16.445984,15.233318,16.081317,230320985
1415370600,16.145984,16.18931,15.813318,16.013317,77415422
1415629800,15.940651,16.191984,15.786651,16.128651,68658188
1415716200,16.169984,16.787983,16.133317,16.73865,119288594
1415802600,16.647983,16.82265,16.371984,16.60665,88062358.00000001
1415889000,16.707983,17.049983,16.683317,16.779983,93540632.99999999
1415975400,16.66665,17.256649,16.56665,17.245316,91517266
1416234600,17.165983,17.266649,16.801317,16.931983,60385485
1416321000,17.057316,17.332649,17.033983,17.179983,67114477
1416407400,16.707317,16.791983,16.373317,16.515983,118777408
1416493800,16.529983,16.72865,16.399984,16.58065,53808353
1416580200,16.813983,16.851983,16.144651,16.185317,112275996.99999999
1416839400,16.34665,16.50665,16.042651,16.447984,71845691
1416925800,16.489984,16.647983,16.406017,16.539317,47397107
1417012200,16.555983,16.599983,16.440004,16.56265,29727314
1417185000,16.35665,16.445977,16.167984,16.301317,31795351
1417444200,16.077317,16.164651,15.267318,15.442651,129290394
1417530600,15.637984,15.658651,15.199985,15.428651,88305778.00000001
1417617000,15.083318,15.314651,15.033318,15.286651,79616074
1417703400,15.239985,15.393318,15.187318,15.218651,58188178.00000001
1417789800,15.244651,15.292585,14.817319,14.913985,90954375
1418049000,14.769319,14.990652,14.155986,14.290652,138384423.00000003
1418135400,13.955986,14.515279,13.617986,14.459319,141472671.00000003
1418221800,14.275319,14.451319,13.846653,13.989319,109712194.00000001
1418308200,14.035319,14.361986,13.881986,13.925319,100416069.99999999
1418394600,13.654653,14.111986,13.63332,13.799986,107606836.99999999
1418653800,13.952653,13.986653,13.51132,13.602653,78273858
1418740200,13.392653,13.578653,13.024654,13.18732,126391701.00000001
1418826600,12.870654,13.776653,12.84332,13.72132,110517620.00000001
1418913000,14.158653,14.562652,14.119986,14.550652,112250347
1418999400,14.679319,14.693319,14.299986,14.619319,103657018
1419258600,14.666652,14.937318,14.550652,14.839985,72103827
1419345000,14.920652,14.954318,14.634932,14.731319,67699882.00000001
1419431400,14.651319,14.833318,14.616652,14.817319,20002790
1419604200,14.767319,15.233318,14.766652,15.187985,49905289
1419863400,15.126652,15.193985,14.934652,15.047318,42177462
1419949800,14.932652,15.043585,14.759985,14.815319,43548673
1420036200,14.872652,15.045318,14.816652,14.827319,36031491
1420209000,14.857985,14.883318,14.217319,14.620652,71466715.99999999
1420468200,14.303319,14.433319,13.810826,14.005986,80527235
1420554600,14.003986,14.279986,13.613986,14.085319,93929133
1420641000,14.223319,14.318652,13.985319,14.063319,44525894
1420727400,14.187319,14.253312,14.000653,14.040986,51637686.00000001
1420813800,13.927986,13.998653,13.663986,13.77732,70024495.00000001
1421073000,13.536653,13.63132,13.28332,13.480653,89254289
1421159400,13.554653,13.840653,13.394053,13.616653,67159867
1421245800,12.388654,13.01332,12.333321,12.845987,173277998
1421332200,12.965987,13.04998,12.666654,12.791321,78247938
1421418600,12.713321,12.965987,12.643321,12.87132,54047424
1421764200,12.924654,12.941314,12.469321,12.795321,67547797
1421850600,12.636654,13.24532,12.633987,13.104654,62295706.99999999
1421937000,13.13332,13.54932,13.01332,13.44132,61753636.00000001
1422023400,13.352653,13.566653,13.221987,13.41932,51635616
1422282600,13.45532,13.907986,13.40332,13.769986,48517878.00000001
1422369000,13.627986,13.868653,13.55332,13.731986,41715401
1422455400,13.740653,13.757853,13.227987,13.29132,47244136.99999999
1422541800,13.404653,13.731986,13.099987,13.679986,53221643
1422628200,13.59732,13.83132,13.53332,13.57332,45104430
1422887400,13.597986,14.129979,13.55332,14.062653,62237851.99999999
1422973800,14.214652,14.691319,14.084653,14.557319,72393732
1423060200,14.552652,14.765252,14.453319,14.569985,49580704
1423146600,14.658652,15.031985,14.642519,14.732652,52844257
1423233000,14.799985,14.893318,14.433326,14.490652,48659013
1423492200,14.358652,14.528652,14.132653,14.498652,52086397
1423578600,14.503319,14.699985,14.333319,14.419319,80858210
1423665000,14.147319,14.315986,13.818653,14.186652,146536676
1423751400,12.904654,13.5392,12.88532,13.52532,234744339
1423837800,13.526653,13.732653,13.393987,13.584653,92865137
1424183400,13.71332,13.71332,13.43332,13.62332,59694763.99999999
1424269800,13.61132,13.744653,13.506653,13.630653,40704010
1424356200,13.666653,14.162653,13.58332,14.113653,77312297
1424442600,14.051986,14.506652,13.987319,14.473986,89731423.99999999
1424701800,14.377319,14.546652,13.75532,13.82232,127496752
1424788200,13.81932,13.81932,13.446653,13.60732,99053499
1424874600,13.662653,13.80932,13.50532,13.583986,58642858
1424961000,13.599986,14.072653,13.48132,13.812653,97092922
1425047400,13.79332,13.903319,13.519986,13.555986,58231318
1425306600,13.51332,13.555986,13.054987,13.154987,118831093
1425393000,13.120654,13.349553,13.02132,13.303987,66485001.00000001
1425479400,13.28332,13.50132,13.14732,13.495653,63329493.00000001
1425565800,13.52332,13.745986,13.34332,13.37532,73155298
1425652200,13.280653,13.38332,12.810054,12.92532,100686669.99999999
1425907800,12.95932,12.965987,12.549987,12.725321,101050961.00000001
1425994200,12.563987,12.899987,12.506654,12.687987,83695447.99999999
1426080600,12.743321,13.078654,12.733987,12.915987,74623139
1426167000,12.916654,12.96332,12.649987,12.737987,62239472
1426253400,12.596654,12.783321,12.487988,12.578654,81514551
1426512600,12.799987,13.060654,12.653321,13.046654,84431829
1426599000,13.028654,13.24732,12.92932,12.981987,73410853
1426685400,12.99732,13.391987,12.873987,13.380653,72314112
1426771800,13.466653,13.63932,12.968654,13.04332,127128787
1426858200,13.16332,13.265987,13.041387,13.20532,64042069
1427117400,13.23332,13.366653,13.164654,13.308653,39474428.99999999
1427203800,13.438653,13.585986,13.316653,13.447987,54747954
1427290200,13.217987,13.23932,12.846654,12.95332,85955920.00000001
1427376600,12.927987,12.985987,12.646654,12.693654,61919401
1427463000,12.604654,12.619314,12.093321,12.333321,129074333.99999999
1427722200,12.389988,12.816654,12.119988,12.704654,151342891
1427808600,12.901987,12.91732,12.560654,12.584654,75398610
1427895000,12.579987,12.819987,12.403321,12.505987,56919371.00000001
1427981400,12.681987,12.881987,12.666654,12.733321,75155594.99999999
1428327000,13.199987,13.849986,13.166653,13.539986,186837351
1428413400,13.500653,13.670653,13.40932,13.549986,65218025
1428499800,13.879986,14.059986,13.724653,13.844653,94546848.99999999
1428586200,13.895319,14.024653,13.74132,14.005986,57003432
1428672600,13.989986,14.109986,13.933319,14.059986,61015201.00000001
1428931800,14.028986,14.199986,13.936653,13.985319,56373505.99999999
1429018200,13.904653,13.965986,13.699986,13.830653,45389490
1429104600,13.830653,13.972653,13.77332,13.855319,29285699
1429191000,13.846653,13.944653,13.752653,13.779986,24885909
1429277400,13.665986,13.791986,13.566653,13.785986,37048927
1429536600,13.78532,13.856653,13.589986,13.684653,38388803
1429623000,13.719986,14.049986,13.620653,13.960653,51488166
1429709400,14.166653,14.791985,14.112653,14.629319,117945672.00000001
1429795800,14.551319,14.765319,14.476659,14.573319,66167825.99999999
1429882200,14.699985,14.719985,14.533985,14.561652,36417681
1430141400,14.837318,15.916651,14.799985,15.436651,175089580
1430227800,15.649984,15.699984,15.201985,15.365318,91280776.00000001
1430314200,15.336651,15.664651,15.175318,15.496651,59041214
1430400600,15.359318,15.525984,15.011318,15.069985,58677913
1430487000,15.329318,15.451318,14.693652,15.068652,79225414
1430746200,15.211985,15.648651,15.140652,15.367318,66519006.00000001
1430832600,15.850651,15.966651,15.275318,15.529984,86953181
1430919000,15.606651,15.631318,15.213318,15.361985,79064074
1431005400,14.733319,15.831984,14.683319,15.786651,141838776
1431091800,15.732651,15.893977,15.579984,15.773984,70023610
1431351000,15.752651,16.191984,15.687318,15.965984,85084015
1431437400,16.007317,16.423317,15.879317,16.315984,95451530
1431523800,16.507317,16.553317,16.149984,16.211984,81602556
1431610200,16.321317,16.325984,16.083317,16.273317,43439083
1431696600,16.261984,16.62665,16.166651,16.589317,67913511.99999999
1431955800,16.46665,16.659983,16.399984,16.583317,50298229.99999999
1432042200,16.561983,16.733317,16.409984,16.475984,55113519.99999999
1432128600,16.475317,16.515983,16.091457,16.289984,56333591
1432215000,16.201984,16.441317,16.157144,16.37465,29559674
1432301400,16.35865,16.573317,16.333984,16.515317,33346368
1432647000,16.511983,16.799983,16.433317,16.496984,52480282
1432733400,16.567317,16.633317,16.369984,16.495317,51123051
1432819800,16.46865,16.78665,16.33665,16.763317,54709299.00000001
1432906200,16.733317,16.85783,16.62865,16.719983,56839301
1433165400,16.76065,16.773317,16.497984,16.629983,37575892.00000001
1433251800,16.59465,16.62665,16.419984,16.55665,32022167
1433338200,16.54665,16.71465,16.467317,16.599317,26722601
1433424600,16.499983,16.619983,16.38065,16.39465,36804261
1433511000,16.399984,16.64665,16.37865,16.609317,45330435
1433770200,16.723317,17.249983,16.687317,17.085983,75255030
1433856600,17.02665,17.182649,16.94265,17.06665,39167228.99999999
1433943000,16.793317,16.933316,16.56665,16.713317,51816846
1434029400,16.883983,16.957983,16.695317,16.76065,30660900
1434115800,16.68065,16.897316,16.68065,16.71265,21335046
1434375000,16.64665,16.751983,16.40065,16.691983,32792657
1434461400,16.675317,16.895983,16.606317,16.87465,29770199
1434547800,16.811317,17.623982,16.801317,17.360649,82693882
1434634200,17.466649,17.563982,17.334649,17.459316,41740586
1434720600,17.493316,17.586649,17.339983,17.500649,36945231
1434979800,17.476649,17.626649,17.045983,17.319316,68416253
1435066200,17.354649,17.866649,17.237983,17.844649,58062328.00000001
1435152600,17.798649,17.823316,17.581316,17.677982,36184431
1435239000,17.763316,18.093982,17.683316,17.919315,42738102
1435325400,17.925982,17.940649,17.733316,17.805982,57576567
1435584600,17.463316,17.729982,17.379983,17.467983,52183687
1435671000,17.653316,18.061315,17.599982,17.883982,46304071.00000001
1435757400,18.073982,18.174648,17.856669,17.943315,31518391
1435843800,18.679648,18.829981,18.220648,18.667981,107459057
1436189400,18.591981,18.779315,18.419982,18.647981,61829056
1436275800,18.333315,18.346648,17.384649,17.858649,91576981.00000001
1436362200,17.287983,17.386649,16.953983,16.997316,93316248
1436448600,17.271983,17.529982,17.119316,17.194649,50011205
1436535000,17.481316,17.533316,17.187983,17.276649,39162909
1436794200,17.483316,17.503316,17.069983,17.477316,44404829.00000001
1436880600,17.473316,17.732642,17.367316,17.709982,28614643
1436967000,17.782649,17.832649,17.471983,17.542649,30324345
1437053400,17.614649,17.813316,17.543982,17.778649,24239439
1437139800,18.166648,18.369315,17.883315,18.310648,75061560
1437399000,18.333315,19.109981,18.169315,18.817315,74676883.99999999
1437485400,18.003315,18.233315,17.769982,17.784649,91630381
1437571800,17.417983,17.962649,17.390649,17.857982,46574445.99999999
1437658200,17.976649,17.993315,17.684649,17.813316,33408618
1437744600,17.825316,18.072649,17.594649,17.693982,42547511.99999999
1438003800,17.495316,17.628789,16.719317,16.867316,70412950.00000001
1438090200,17.049983,17.693316,16.789137,17.654649,58437178
1438176600,17.617982,17.859315,17.466649,17.587982,41851466
1438263000,17.512649,17.795982,17.473983,17.785982,30518430
1438349400,17.839982,17.957309,17.674849,17.743316,33338313
1438608600,17.752649,17.780642,17.137983,17.332649,38302148
1438695000,17.333983,17.781316,17.222649,17.751982,35287985
1438781400,17.571982,18.066649,17.359983,18.008649,93214878
1438867800,16.635983,16.999983,15.741318,16.40865,219356529
1438954200,16.23865,16.24865,15.892651,16.167317,76100926.00000001
1439213400,15.876651,16.197984,15.736651,16.075984,62787962.00000001
1439299800,15.809984,15.953317,15.629318,15.824651,63974148.00000001
1439386200,15.666651,15.984651,15.515984,15.877984,56087411
1439472600,15.990651,16.431984,15.941317,16.167317,70337800
1439559000,16.48265,16.52865,16.117984,16.209984,65472215
1439818200,17.037316,17.105983,16.70065,16.999316,107650457.00000001
1439904600,17.025316,17.396649,16.90399,17.381316,62925586.99999999
1439991000,17.355316,17.376649,17.001316,17.01665,54064284
1440077400,16.803983,16.97065,16.126651,16.145317,73586428
1440163800,15.733318,16.25331,15.367318,15.384651,98853608
1440423000,13.51932,15.426651,12.999987,14.591319,143723918
1440509400,15.367985,15.393318,14.607985,14.668652,64909473.99999999
1440595800,15.195318,15.199985,14.367319,14.989318,74445704.00000001
1440682200,15.399985,16.31665,15.387318,16.199317,114839499
1440768600,16.123984,16.763317,16.104651,16.565317,82705177
1441027800,16.37465,16.99665,16.367317,16.603983,70503550
1441114200,16.022651,16.399984,15.797984,15.908651,81821556.00000001
1441200600,16.353317,16.525317,15.985317,16.51265,69437679
1441287000,16.803983,16.805317,16.333317,16.371317,62921641.99999999
1441373400,16.059317,16.27265,15.879984,16.128651,55337350.00000001
1441719000,16.33665,16.61065,16.269984,16.54465,47073512
1441805400,16.803317,16.949983,16.553517,16.593983,50861869.99999999
1441891800,16.481984,16.714857,16.355317,16.565317,40635400
1441978200,16.509317,16.68265,16.315317,16.68265,35262695
1442237400,16.739983,16.949983,16.64465,16.879316,43362808
1442323800,16.849983,16.973316,16.633317,16.90465,44002034
1442410200,16.869316,17.525316,16.85865,17.483316,66256281
1442496600,17.597316,17.699982,17.379316,17.471316,53787233.00000001
1442583000,17.197316,17.587982,17.16665,17.374649,56446016
1442842200,17.598649,18.104649,17.053316,17.613316,91802415.99999999
1442928600,17.268649,17.509982,17.057983,17.395983,54965349.00000001
1443015000,17.463316,17.471983,17.172236,17.403983,39011709
1443101400,17.301983,17.563316,17.08065,17.541316,51722916
1443187800,17.773982,17.793982,17.07665,17.127316,56600936
1443447000,17.15665,17.319316,16.44065,16.561983,73515928
1443533400,16.697317,16.981983,16.363984,16.443317,55547364.99999999
1443619800,16.799983,16.82665,16.155984,16.559983,73943803
1443706200,16.50065,16.56665,15.808651,15.991984,68594528
1443792600,15.706651,16.513317,15.661984,16.50465,66359796.00000001
1444051800,16.589317,16.655983,16.275317,16.409984,55348030
1444138200,15.999984,16.201984,15.705318,16.097317,78538532.99999999
1444224600,15.775318,15.846651,15.274651,15.463985,102209487
1444311000,15.338651,15.381318,14.753985,15.114652,91998331
1444397400,14.728652,14.957985,14.557319,14.712652,92375642
1444656600,14.865985,14.866652,14.351319,14.371986,57544601.99999999
1444743000,14.218652,14.834785,14.075319,14.616652,77573102
1444829400,14.711319,14.729985,14.361986,14.458652,46566736
1444915800,14.428652,14.781985,14.246652,14.753985,42663537.00000001
1445002200,14.869318,15.365351,14.857985,15.133985,65017460
1445261400,15.099985,15.409985,14.995985,15.206651,37618462
1445347800,15.181318,15.239985,13.466653,14.201986,223500927.99999997
1445434200,14.132653,14.320652,13.919986,14.005986,62752126.99999999
1445520600,14.103986,14.383319,13.959986,14.114653,42377427
1445607000,14.333319,14.356652,13.845986,13.939319,63531993.00000001
1445866200,14.091986,14.391986,13.999986,14.350652,50871620
1445952600,14.322652,14.473319,13.833986,14.023319,52791786.99999999
1446039000,14.087319,14.229986,13.886653,14.197319,40928934.99999999
1446125400,14.116653,14.249859,14.042653,14.108653,27075507
1446211800,14.026653,14.108653,13.592653,13.79532,66583581
1446474600,13.927986,14.386652,13.814653,14.252652,58919218.00000001
1446561000,14.256652,14.295986,13.849986,13.889986,124987414
1446647400,15.133318,15.515984,15.013318,15.441985,190895679.99999997
1446733800,15.371985,15.638938,15.279318,15.451318,67452712
1446820200,15.379985,15.557251,15.299985,15.490651,36679431
1447079400,15.532651,15.532651,14.953985,15.021985,57762957.00000001
1447165800,14.898652,14.913318,14.405319,14.433319,69255173.99999999
1447252200,14.517985,14.631985,14.241986,14.605319,50217140.00000001
1447338600,14.523319,14.599985,14.177319,14.195986,43738543
1447425000,14.196652,14.199319,13.767986,13.812653,51454956.00000001
1447684200,13.73932,14.331986,13.719986,14.287319,43880968
1447770600,14.346652,14.399986,14.093319,14.266652,32230217
1447857000,14.299986,14.758652,14.167986,14.737985,42178541.99999999
1447943400,14.702652,15.079318,14.686652,14.786652,37565662
1448029800,14.899318,14.999985,14.238652,14.667319,66010896.00000001
1448289000,14.489986,14.611985,14.311972,14.516652,37893021.99999999
1448375400,14.357986,14.733319,14.333319,14.549985,37204432
1448461800,14.755985,15.388318,14.691652,15.309318,59861744.00000001
1448634600,15.403985,15.483318,15.133985,15.440651,29240324
1448893800,15.452651,15.618651,15.271985,15.350651,39897234
1448980200,15.403985,15.866651,15.403318,15.812651,56009380.99999999
1449066600,15.799984,15.906651,15.415318,15.465985,44722064
1449153000,15.698651,15.829984,15.333318,15.513984,44093504
1449239400,15.497318,15.551318,15.177318,15.358651,38604083
1449498600,15.179985,15.708651,15.076652,15.408651,47163392
1449585000,15.167985,15.253318,14.946652,15.114652,40314579.99999999
1449671400,15.113318,15.166651,14.714652,14.967985,45866340
1449757800,14.980652,15.232651,14.909318,15.137985,31075411
1449844200,15.015985,15.049985,14.442652,14.467986,49030939
1450103400,14.500652,14.727985,14.324652,14.571985,42472811.99999999
1450189800,14.787985,14.814652,14.533319,14.739319,33666392.99999999
1450276200,14.806652,15.658651,14.715319,15.633984,76565191
1450362600,15.595984,15.850651,15.320978,15.559318,49479619
1450449000,15.525984,15.726651,15.285985,15.363985,45212595
1450708200,15.445985,15.721984,15.405318,15.503984,29297639
1450794600,15.665984,15.769984,15.308651,15.329985,29422454
1450881000,15.478651,15.563318,15.208651,15.313318,23324708
1450967400,15.370651,15.458651,15.218651,15.371318,10654165
1451313000,15.432651,15.465318,15.035985,15.263318,28519588
1451399400,15.337318,15.847984,15.303118,15.812651,36094386
1451485800,15.773318,16.24225,15.711364,15.872651,55468870
1451572200,15.900651,16.229984,15.891317,16.000651,40725610
1451917800,15.381318,15.425318,14.599985,14.893985,102407292
1452004200,15.090652,15.125985,14.666652,14.895318,47801327
1452090600,14.666652,14.669985,14.398652,14.602652,56686976
1452177000,14.279319,14.562652,14.244652,14.376652,53313818
1452263400,14.523985,14.695985,14.051319,14.066653,54420924
1452522600,14.267319,14.296652,13.53332,13.856653,61371391.00000001
1452609000,14.106653,14.249286,13.68732,13.997986,46378801
1452695400,14.133986,14.176652,13.33332,13.353987,61896301
1452781800,13.480653,13.999986,12.891987,13.74532,97361212
1452868200,13.264653,13.67132,13.149987,13.665986,83679683
1453213800,13.913986,14.031319,13.38532,13.647986,60580200.00000001
1453300200,13.29332,13.418653,12.749987,13.246653,87579207
1453386600,13.436653,13.548653,13.00132,13.33132,47492432
1453473000,13.653353,13.699986,13.268653,13.50332,46860870.99999999
1453732200,13.33732,13.57132,13.058654,13.091987,40481125
1453818600,13.11332,13.187987,12.591987,12.903987,74462774
1453905000,12.825321,12.883987,12.384654,12.537987,54258368.99999999
1453991400,12.719321,12.751987,12.160655,12.646654,68891378
1454077800,12.663321,12.915987,12.538654,12.746654,42784376.99999999
1454337000,12.583987,13.30132,12.183321,13.12932,79464664
1454423400,12.827987,12.874654,12.015321,12.185321,86604641.00000001
1454509800,12.239321,12.262654,11.345322,11.565322,118970548
1454596200,11.379989,11.731988,11.132656,11.688655,65780554.99999999
1454682600,11.419989,11.533322,10.516269,10.839989,141564006
1454941800,10.473656,10.476656,9.733324,9.86599,139694959
1455028200,9.487991,10.652656,9.403324,9.883323,129774849.00000001
1455114600,10.033323,10.331323,9.449324,9.57799,156097851
1455201000,10.133323,10.883989,9.79999,10.031323,213785673
1455287400,10.333323,10.467323,9.57999,10.069323,108536853.00000001
1455633000,10.579989,10.863322,10.27399,10.344656,83906993
1455719400,10.599989,11.289322,10.445323,11.245322,87377472
1455805800,11.494655,11.529988,10.984656,11.117989,58313668
1455892200,10.910656,11.165989,10.833323,11.105322,44390894.00000001
1456151400,11.341322,11.927321,11.323322,11.849321,75900840
1456237800,11.743988,12.115321,11.578655,11.813988,89765699
1456324200,11.516655,11.966655,11.189322,11.933321,80934214.99999999
1456410600,11.909988,12.567934,11.679988,12.495321,86261201
1456497000,12.579987,12.799987,12.333321,12.689321,90976845
1456756200,12.826654,13.089987,12.614787,12.795321,67485022
1456842600,12.949987,13.063214,12.179988,12.423321,100682485.00000001
1456929000,12.248654,12.567987,12.099988,12.555987,72936011.99999999
1457015400,12.551987,13.16132,12.281321,13.04932,72435342
1457101800,13.199987,13.601986,13.16666,13.402653,97335967
1457361000,13.178653,13.979986,13.159987,13.685986,80056160
1457447400,13.566653,13.833319,13.479987,13.506653,62680457.00000001
1457533800,13.634653,13.958159,13.51932,13.914653,48128358
1457620200,13.999986,14.219319,13.378053,13.678653,77887922
1457706600,13.861986,13.961319,13.688653,13.833319,50146204.99999999
1457962200,14.176652,14.447986,14.042653,14.343319,60985650
1458048600,14.284652,14.597985,14.099986,14.555985,47706827
1458135000,14.533319,14.838652,14.467986,14.795319,52750597
1458221400,14.764652,15.233318,14.666652,15.091985,56743421
1458307800,15.273318,15.631984,15.203985,15.515984,70676965
1458567000,15.689318,15.991984,15.666651,15.887984,79617408.99999999
1458653400,15.813984,15.932651,15.503851,15.615984,64739884
1458739800,15.491318,15.648651,14.801985,14.838652,74232688.99999999
1458826200,14.385319,15.259165,14.333319,15.183318,74413573.99999999
1459171800,15.440651,15.653984,14.999985,15.350651,58885333
1459258200,15.325985,15.491985,15.021985,15.341985,60215009.99999999
1459344600,15.672651,15.699984,15.099985,15.125985,60494790
1459431000,15.289318,15.827984,15.000652,15.317985,120193200
1459517400,16.32165,16.52665,15.549984,15.839317,239962874.00000003
1459776600,16.607983,16.807983,16.24265,16.465984,202130106.99999997
1459863000,16.033317,17.103983,15.999984,17.031316,149230634
1459949400,16.931316,17.849315,16.89665,17.694649,175582360.00000003
1460035800,17.763316,17.955982,16.967316,17.14665,132842697.00000001
1460122200,17.366649,17.387983,16.534657,16.671317,110459135
1460381400,16.733317,17.265983,16.353317,16.661317,137425532
1460467800,16.633317,16.78665,16.241984,16.521317,86448206
1460554200,16.567317,17.033316,16.48865,16.96865,73883998
1460640600,16.86665,17.122583,16.736657,16.79065,61982836.00000001
1460727000,16.753983,16.973316,16.607983,16.967316,56285546
1460986200,16.815317,17.220649,16.777317,16.925316,64070494.00000001
1461072600,16.87465,16.957976,16.083384,16.491317,95362985
1461159000,16.417317,16.91065,16.099984,16.66465,77910841.99999999
1461245400,16.599317,16.72665,16.46065,16.55265,41745926
1461331800,16.59265,16.933316,16.38065,16.91665,56794960.99999999
1461591000,16.867316,17.15865,16.717317,16.787983,55055275
1461677400,16.803317,17.04865,16.625983,16.915983,48357632.99999999
1461763800,16.849983,16.999983,16.62665,16.76465,48087168.00000001
1461850200,16.65665,16.895316,16.495984,16.513983,37784887
1461936600,16.54265,16.561983,15.853984,16.050651,81206886
1462195800,16.099984,16.21265,15.654651,16.119984,57659082
1462282200,15.823984,15.927317,15.441318,15.487985,64533394
1462368600,15.352651,15.630651,14.693319,14.837318,130507014.99999999
1462455000,15.230651,15.242651,13.985986,14.101986,168822572.99999997
1462541400,14.057986,14.424652,13.873986,14.328652,85278640
1462800600,14.381319,14.409986,13.786653,13.927986,71645816
1462887000,13.836653,13.964653,13.666653,13.912653,61059316
1462973400,13.839319,14.365319,13.736653,13.930653,77428036.99999999
1463059800,14.095986,14.111319,13.577133,13.818653,54757179.00000002
1463146200,13.851986,14.079986,13.779986,13.840653,42341757
1463405400,13.876653,14.209986,13.861319,13.885986,44240984
1463491800,13.936653,13.987979,13.60132,13.643986,42653997.00000001
1463578200,13.943319,14.353986,13.849986,14.077986,84262868.99999999
1463664600,14.241319,14.452652,13.819986,14.347319,102994917
1463751000,14.465986,14.703319,14.423319,14.685319,135106275.00000003
1464010200,14.657985,14.839985,14.390652,14.414652,76537261
1464096600,14.439986,14.582652,14.345319,14.527319,45207690
1464183000,14.527319,14.757319,14.433986,14.638652,46989271
1464269400,14.699985,15.017318,14.603319,15.007985,61086420.99999999
1464355800,14.999318,15.061985,14.716652,14.869318,54754134
1464701400,14.869318,14.983298,14.766659,14.881985,41835071
1464787800,14.765319,14.826652,14.459319,14.637319,44740469.00000001
1464874200,14.639319,14.660585,14.473986,14.597319,30492510
1464960600,14.666652,14.795985,14.533985,14.599319,33434582.99999999
1465219800,14.533319,14.726652,14.363319,14.711985,33742653
1465306200,14.815985,15.629318,14.767985,15.489318,93203688
1465392600,15.586651,16.056317,15.506984,15.701318,89580014
1465479000,15.665318,15.688651,15.137318,15.290651,67381192
1465565400,15.159318,15.197985,14.561432,14.585985,90399135
1465824600,14.633319,15.051318,14.510652,14.524652,62895392
1465911000,14.591985,14.813319,14.168652,14.330652,53702557.99999999
1465997400,14.463319,14.793319,14.341986,14.513319,43627873
1466083800,14.494652,14.535985,14.233319,14.528652,36603921
1466170200,14.520652,14.665985,14.299986,14.364652,46689346.00000001
1466429400,14.633319,14.916652,14.548652,14.646652,53332117.99999999
1466515800,14.711985,14.837918,14.587319,14.640652,67935142
1466602200,13.297987,13.729986,13.049987,13.110654,356136566
1466688600,13.045987,13.169987,12.808654,13.09332,151961371
1466775000,12.669987,13.007987,12.648654,12.876654,105397844.99999999
1467034200,12.723987,13.253987,12.524654,13.236653,108304953.00000001
1467120600,13.45932,13.60332,13.293987,13.452653,93186423
1467207000,13.67532,14.118653,13.53332,14.012653,89923709
1467293400,14.197986,14.233312,13.934653,14.151986,72646737
1467379800,13.742653,14.549319,13.73332,14.433319,80999345
1467725400,13.981986,14.302926,13.866653,14.265319,77630252
1467811800,13.999986,14.348652,13.933319,14.295986,73797898
1467898200,14.206652,14.541319,14.200652,14.395986,54180383.99999999
1467984600,14.519985,14.653985,14.299986,14.451986,61121836
1468243800,14.663985,15.118652,14.633985,14.985318,81447426
1468330200,14.939985,15.166651,14.881318,14.976652,68642543
1468416600,15.033318,15.039318,14.685985,14.835318,53505983
1468503000,14.874652,14.995985,14.736652,14.768652,40137550
1468589400,14.834652,14.849978,14.642652,14.693319,33513738
1468848600,14.642652,15.139318,14.553319,15.083318,51180876
1468935000,14.999985,15.273318,14.983318,15.017318,46726020.99999999
1469021400,15.097985,15.319985,14.999985,15.223985,38527508.00000001
1469107800,15.066652,15.189785,14.606652,14.699985,66429831
1469194200,14.799319,14.966652,14.591985,14.817985,38695418
1469453400,14.817985,15.425985,14.758085,15.333985,67360312
1469539800,15.179318,15.333318,15.019985,15.300651,51450681.00000001
1469626200,15.289318,15.557318,15.127985,15.232651,43335148
1469712600,15.196651,15.383985,15.106652,15.373985,36285920.99999999
1469799000,15.379985,15.685318,15.349318,15.652651,46062241
1470058200,15.699984,15.775318,15.291985,15.333985,60244320
1470144600,15.291318,15.324651,14.759985,15.146652,59016539
1470231000,15.157985,15.313251,14.947318,15.052652,58316443
1470317400,15.045985,15.390651,14.803319,15.373985,62205017
1470403800,15.333318,15.466651,15.159985,15.335318,48078273.00000001
1470663000,15.199985,15.306651,15.072652,15.077318,33953793
1470749400,15.121318,15.435818,15.109985,15.271985,33117528
1470835800,15.215985,15.324651,14.974652,15.043318,35074550
1470922200,15.077985,15.171318,14.893985,14.993985,28214068
1471008600,15.027318,15.109985,14.935985,15.040652,27203127
1471267800,15.067985,15.299985,14.995318,15.039318,30514950
1471354200,15.032652,15.145985,14.893992,14.907318,34007239
1471440600,14.955318,14.988652,14.853318,14.882652,26806931
1471527000,14.921318,15.043985,14.819319,14.900652,25717030
1471613400,14.902652,15.011252,14.835318,14.999985,24892974
1471872600,14.944652,15.007318,14.845318,14.861985,30982425
1471959000,14.954652,15.232651,14.853318,14.989318,71766341
1472045400,15.136652,15.143318,14.814652,14.841318,38560433
1472131800,14.873985,14.919985,14.717985,14.730652,26437811
1472218200,14.809319,14.856985,14.587985,14.665985,33584913
1472477400,14.676652,14.693319,14.333319,14.346652,48995058.00000001
1472563800,14.407319,14.407319,14.034653,14.089319,47532977
1472650200,14.028653,14.173319,13.909986,14.133986,49148269
1472736600,13.933986,14.073313,13.366653,13.384653,119147189
1472823000,13.488653,13.546653,13.079987,13.18532,89661284
1473168600,13.267987,13.549986,13.266653,13.521986,65858645
1473255000,13.699986,13.76644,13.380653,13.44732,54613898.99999999
1473341400,13.30332,13.325987,13.090654,13.15732,50669239.99999999
1473427800,13.272653,13.327987,12.91332,12.964654,56354935.99999999
1473687000,12.999987,13.424587,12.939987,13.219987,55727470
1473773400,13.13732,13.232653,12.896654,13.069987,53840737.99999999
1473859800,13.049987,13.194973,12.9904,13.093987,33888498
1473946200,13.09932,13.501273,13.09332,13.36132,46276771
1474032600,13.36132,13.71332,13.266653,13.69332,46617166
1474291800,13.799986,13.961986,13.666653,13.755986,34492504
1474378200,13.789986,13.849986,13.593986,13.642653,36157356
1474464600,13.757986,13.799986,13.43732,13.68132,39502583.99999999
1474551000,13.759986,13.818653,13.53332,13.761986,35743565
1474637400,13.732653,14.011986,13.71132,13.829986,43578477.99999999
1474896600,13.766653,14.066653,13.766653,13.932653,35915405.00000001
1474983000,13.976653,13.998773,13.640606,13.720653,50597750
1475069400,13.833986,13.883319,13.683986,13.75132,31325641
1475155800,13.706653,13.821986,13.371987,13.379987,40905475
1475242200,13.480653,13.66532,13.30332,13.601986,38794133
1475501400,14.153319,14.377906,13.883319,14.246652,89998468.99999999
1475587800,14.206652,14.221319,13.921319,14.093986,53122268.00000001
1475674200,14.149319,14.209986,13.874653,13.897319,28163038
1475760600,13.49732,13.61398,13.34732,13.399987,70551100
1475847000,13.399987,13.42132,13.05332,13.10732,52395322.00000001
1476106200,13.42332,13.60932,13.310653,13.396653,49744504.00000001
1476192600,13.456653,13.479987,13.220653,13.339987,34926364
1476279000,13.396653,13.591986,13.36132,13.433987,29560364
1476365400,13.366653,13.392987,13.136654,13.34932,37431232
1476451800,13.37732,13.428653,13.086654,13.100654,64047814
1476711000,13.136654,13.225987,12.799987,12.930654,68311268
1476797400,13.065987,13.297987,12.883987,13.27332,85207210
1476883800,13.315987,13.77732,13.203987,13.570653,104867849.00000001
1476970200,13.474653,13.53332,13.136654,13.27332,76093231
1477056600,13.239987,13.437987,13.160654,13.33932,44151074
1477315800,13.399987,13.596333,13.349987,13.51732,41273471
1477402200,13.526653,13.645986,13.41332,13.48932,36675246
1477488600,13.399987,13.545986,13.339987,13.482653,84492698.99999999
1477575000,14.089319,14.246652,13.44332,13.600653,196406355.99999997
1477661400,13.599986,13.687986,13.321987,13.33132,64202179.00000001
1477920600,13.49932,13.49932,13.053987,13.181987,70384165
1478007000,13.202653,13.23332,12.540321,12.719321,105900644.99999999
1478093400,12.669987,12.846327,12.500321,12.534654,63800793.00000001
1478179800,12.599987,12.764654,12.469328,12.494654,39795384
1478266200,12.599987,12.89732,12.397321,12.703987,77190722
1478529000,12.905987,12.952654,12.669987,12.880654,58051738
1478615400,12.91932,13.165987,12.750654,12.995987,49013749
1478701800,12.458321,12.799987,12.263321,12.670654,122596097
1478788200,12.736654,12.773987,12.027988,12.356654,101255216
1478874600,12.282654,12.591987,12.199988,12.570654,59827619.00000001
1479133800,12.533321,12.549987,11.879321,12.096655,98283172.99999999
1479220200,12.185321,12.428654,12.136655,12.251321,58530327.99999999
1479306600,12.176654,12.315321,12.080655,12.261988,51516605.99999999
1479393000,12.232654,12.632654,12.140661,12.577321,73306078
1479479400,12.709987,12.866654,12.333321,12.334654,78155283
1479738600,12.335988,12.592654,12.293988,12.301321,65415710
1479825000,12.389321,12.764654,12.247321,12.744654,84050499
1479911400,12.707321,13.04292,12.599987,12.875987,73378468.00000001
1480084200,12.90932,13.149134,12.90932,13.109987,35491504.99999999
1480343400,13.031987,13.289987,12.969987,13.074654,67937797
1480429800,13.03732,13.11532,12.633321,12.637987,66588906.00000001
1480516200,12.733321,12.792654,12.499988,12.626654,53206613
1480602600,12.549987,12.568654,12.066655,12.125321,76896091
1480689000,12.191988,12.325321,11.999988,12.097988,60634919.99999999
1480948200,12.167321,12.592654,12.167321,12.453321,61083646.00000001
1481034600,12.367988,12.438654,12.178821,12.389988,50874380
1481121000,12.409988,12.89332,12.333321,12.876654,81927846
1481207400,12.803321,12.833321,12.635987,12.819321,47912267.00000001
1481293800,12.724654,12.922387,12.720654,12.811987,40837615
1481553000,12.85332,12.96132,12.735987,12.828654,36583175.99999999
1481639400,12.878654,13.418653,12.866654,13.209987,102358362
1481725800,13.24932,13.53332,13.11732,13.245987,62263966.99999999
1481812200,13.22732,13.382653,13.15932,13.171987,48293553
1481898600,13.20532,13.505986,13.17332,13.49932,56953391
1482157800,13.49932,13.629986,13.322653,13.51532,52321117.00000001
1482244200,13.536653,13.933319,13.499986,13.919319,70336135
1482330600,13.896653,14.148653,13.82732,13.846653,78114408
1482417000,13.881319,13.999319,13.766653,13.896653,46666665.99999999
1482503400,13.866653,14.229986,13.847319,14.222652,70057030
1482849000,14.325319,14.816652,14.294652,14.635319,88736068
1482935400,14.768652,14.919985,14.479986,14.649319,56736896.00000001
1483021800,14.570652,14.613319,14.274819,14.311986,60674580.00000001
1483108200,14.419986,14.499986,14.111986,14.245986,69639369
1483453800,14.323986,14.688652,14.063986,14.465986,88848898
1483540200,14.316652,15.199985,14.287319,15.132652,168202233
1483626600,15.094652,15.165318,14.796652,15.116652,88675513
1483713000,15.128652,15.353985,15.029985,15.267318,82918477
1483972200,15.264651,15.461318,15.199985,15.418651,59692319.00000001
1484058600,15.466651,15.466651,15.125985,15.324651,54899379.00000001
1484145000,15.271318,15.331985,15.111985,15.315318,54762429
1484231400,15.270651,15.379985,15.038652,15.305985,56853490.99999999
1484317800,15.333318,15.856651,15.305985,15.849984,91394491.00000001
1484663400,15.779984,15.997317,15.624651,15.705318,69262899
1484749800,15.776651,15.980651,15.705318,15.890651,56534560.99999999
1484836200,16.483317,16.57865,16.049984,16.25065,115984659.99999999
1484922600,16.363984,16.399984,16.20065,16.315317,63064188.00000001
1485181800,16.389984,16.725977,16.36665,16.59465,93944163
1485268200,16.66665,16.98665,16.643317,16.973983,74481839
1485354600,17.153983,17.230649,16.78665,16.96465,77195492.00000001
1485441000,16.95265,17.049316,16.71665,16.833983,47281892
1485527400,16.75865,16.86665,16.567983,16.863316,47495087
1485786600,16.835316,17.01931,16.473317,16.70865,57016167
1485873000,16.615983,17.059316,16.513317,16.795317,61741621.00000001
1485959400,16.869983,16.879983,16.603317,16.615983,59382494
1486045800,16.555983,16.827983,16.513983,16.769983,37496662
1486132200,16.793983,16.811917,16.645317,16.755317,32800877
1486391400,16.733317,17.187983,16.70865,17.184649,53437808.00000001
1486477800,17.212649,17.333316,17.09465,17.165316,63671688.00000001
1486564200,17.15665,17.557316,17.079983,17.471983,58995268.00000001
1486650600,17.749982,18.078649,17.743316,17.946649,117303446.99999999
1486737000,17.985982,18.063315,17.740649,17.948649,54296139
1486996200,18.049315,18.719308,18.033982,18.706648,105444180.00000001
1487082600,18.601981,19.159314,18.573981,18.731981,110178470
1487169000,18.666648,18.815981,18.429315,18.650648,74217914
1487255400,18.506648,18.666648,17.899982,17.929982,106159936
1487341800,17.719982,18.192648,17.609982,18.148649,93857328
1487687400,18.363315,18.759981,18.267315,18.492648,85151290.00000001
1487773800,18.687315,18.896648,18.173315,18.233982,131324756
1487860200,17.599982,17.643982,17.037316,17.065983,223728957.99999997
1487946600,16.843983,17.216649,16.679983,17.133316,122574512
1488205800,16.54465,16.557317,16.133984,16.415317,171912321
1488292200,16.279317,16.733317,16.259984,16.665983,91172266
1488378600,16.945316,16.989983,16.607317,16.667983,72142392
1488465000,16.647317,16.885316,16.551317,16.69865,50277545
1488551400,16.715983,16.793317,16.599983,16.771317,43938553
1488810600,16.527317,16.779983,16.50065,16.747317,50332549.99999999
1488897000,16.79465,16.925983,16.55465,16.57265,51892101
1488983400,16.46665,16.671317,16.35465,16.457984,55929790
1489069800,16.50865,16.577317,16.199984,16.32665,58189453.00000001
1489156200,16.413984,16.433317,16.199984,16.245984,45994125
1489411800,16.321317,16.45665,16.185384,16.411317,45339420
1489498200,16.407317,17.207983,16.401317,17.199983,113976803.00000001
1489584600,17.133316,17.399983,16.951316,17.04865,79962169
1489671000,17.493316,17.716649,17.270649,17.469983,106982401
1489757400,17.599982,17.688649,17.413316,17.433316,97462537
1490016600,17.373316,17.636649,17.254716,17.461316,54214464
1490103000,17.521982,17.653316,16.68265,16.711983,103628413
1490189400,16.77065,17.00465,16.70065,17.00065,60889514.99999999
1490275800,17.025983,17.178116,16.88665,16.985316,49803724
1490362200,17.04665,17.592649,17.00065,17.543982,84708879
1490621400,17.373316,18.037982,17.316649,18.014649,93462018.00000001
1490707800,18.467982,18.711981,18.333315,18.496648,119814179
1490794200,18.555981,18.639981,18.369315,18.491982,55086819.99999999
1490880600,18.535981,18.799981,18.480648,18.527981,62226452
1490967000,18.581981,18.645315,18.421295,18.553315,49419648.99999999
1491226200,19.126648,19.933313,18.971981,19.901313,208329477.99999997
1491312600,19.792647,20.320646,19.635314,20.246646,152018492
1491399000,20.13598,20.325313,19.613314,19.666647,118214188
1491485400,19.79198,20.129313,19.606647,19.913313,82808901.99999999
1491571800,19.833314,20.179313,19.80998,20.169313,68694263.00000001
1491831000,20.609979,20.915306,20.580646,20.825979,114966984
1491917400,20.891979,20.897979,20.366646,20.580646,85868740
1492003800,20.422646,20.563186,19.754647,19.789314,90760319.99999999
1492090200,19.77998,20.492646,19.686647,20.266646,139269648.99999997
1492435800,20.17998,20.266646,19.91198,20.09598,62081102.00000001
1492522200,19.97998,20.055973,19.85998,20.016647,45535515
1492608600,20.16398,20.441313,20.140647,20.36798,58470418.00000001
1492695000,20.43398,20.609979,20.015313,20.167313,92240371.99999999
1492781400,20.133313,20.426646,20.02798,20.373313,67646407.00000001
1493040600,20.614646,20.703313,20.401413,20.535313,76252651
1493127000,20.533313,20.931979,20.390646,20.919312,100907724.99999999
1493213400,20.824646,20.966646,20.599979,20.677979,70425730
1493299800,20.779313,20.872646,20.49998,20.575313,52028587.00000001
1493386200,20.655313,20.986646,20.533313,20.937979,67582237
1493645400,20.991979,21.816645,20.987312,21.521978,132443607
1493731800,21.599978,21.843971,21.103986,21.259312,80741735
1493818200,21.177979,21.435312,20.696646,20.734646,107000582
1493904600,20.495646,20.517979,19.383987,19.697314,212280332
1493991000,19.866647,20.569979,19.786647,20.556646,122660327.00000001
1494250200,20.726646,20.919312,20.38798,20.479313,105097170
1494336600,20.625313,21.465979,20.606646,21.417312,145148200.00000003
1494423000,21.437312,21.699978,21.207979,21.681312,86124191.00000001
1494509400,21.559978,21.733312,21.306645,21.539978,71307356
1494595800,21.698645,21.799978,21.435312,21.653978,61824241
1494855000,21.225312,21.346645,20.835312,21.058646,114330174
1494941400,21.172645,21.337312,21.009312,21.133979,62287322.00000001
1495027800,20.959312,20.975312,20.366646,20.407313,100679200
1495114200,20.466646,20.929312,20.35398,20.870646,84807099.00000001
1495200600,21.033312,21.099979,20.679979,20.721979,70313650
1495459800,20.853312,20.957979,20.453313,20.689979,64937734
1495546200,20.697313,20.715313,20.23198,20.257313,64775374
1495632600,20.43398,20.733313,20.35998,20.681313,75625455
1495719000,20.734646,21.131312,20.520646,21.121979,75209520
1495805400,21.151979,21.699312,21.087312,21.675978,117033102
1496151000,21.733312,22.418644,21.717312,22.339978,116743856.00000001
1496237400,22.512644,22.85931,22.343978,22.733977,149451809
1496323800,22.93331,22.991977,22.485978,22.691311,114120054
1496410200,22.651311,22.858644,22.395311,22.656644,83853668
1496669400,22.566644,23.22931,22.280644,23.154644,101765621
1496755800,22.979977,23.966169,22.664644,23.52331,166302136
1496842200,23.755976,24.033309,23.675976,23.976643,140969525
1496928600,24.249976,24.793309,24.014643,24.666642,135922575.00000003
1497015000,24.961308,25.124642,23.65331,23.82131,258921783
1497274200,23.865976,24.299976,23.374643,23.933976,157765057
1497360600,24.507975,25.066642,24.440642,25.063308,177118977
1497447000,25.405641,25.616641,25.087308,25.377308,192276627
1497533400,24.833308,25.030642,24.432642,25.022642,156397191
1497619800,25.198308,25.200641,24.673309,24.759975,100964694.99999999
1497879000,24.999975,25.113308,24.519975,24.653309,98240078
1497965400,25.111308,25.258641,24.648642,24.815975,111580626.00000001
1498051800,24.956642,25.132642,24.534642,25.093308,73848223
1498138200,25.199308,25.666641,24.904642,25.507308,112946781.99999999
1498224600,25.496641,25.799308,25.289641,25.563308,96686466
1498483800,25.779308,25.796641,24.873308,25.165975,99061584
1498570200,25.093308,25.093308,24.134643,24.157976,104946089.00000001
1498656600,24.445309,24.782642,24.167976,24.749309,94537039.00000001
1498743000,24.707309,24.733309,23.606643,24.049976,123315693
1498829400,24.247309,24.451136,23.974556,24.107309,87727902.00000001
1499088600,24.682642,24.756642,23.43331,23.507976,94581109
1499261400,23.146644,23.14931,21.755312,21.805978,255700770.00000003
1499347800,21.150646,21.385972,20.41998,20.588646,289867714.00000006
1499434200,20.899979,21.133312,20.49198,20.881312,212653937.00000003
1499693400,20.859979,21.195979,20.208646,21.069979,207313541.99999997
1499779800,21.066646,21.818645,20.953312,21.814645,173391202.99999997
1499866200,22.026645,22.206644,21.633312,21.967978,155192060
1499952600,22.007311,22.106645,21.331312,21.560645,128917117.99999999
1500039000,21.545978,21.894645,21.414645,21.851978,84378249.00000001
1500298200,21.702645,21.806645,20.896646,21.304645,148153828.00000003
1500384600,21.166645,21.941978,21.043979,21.882645,95605894.99999999
1500471000,21.881978,22.109978,21.547932,21.683978,95355305.00000001
1500557400,21.793312,22.014645,21.613312,21.994645,77492897
1500643800,21.963978,22.083811,21.719978,21.893311,73524163
1500903000,22.015978,22.893244,22.000645,22.834644,129556358.99999999
1500989400,22.999977,23.039977,22.276644,22.639977,104838059
1501075800,22.690644,23.03331,22.541311,22.92331,72311922
1501162200,23.066644,23.166644,21.752645,22.297311,124536199
1501248600,22.459311,22.639977,22.167311,22.337978,73206283.00000001
1501507800,22.366644,22.765977,21.402645,21.564645,128027168
1501594200,21.533312,21.629978,21.075312,21.304645,124546654
1501680600,21.262645,21.807978,20.747979,21.725978,196372126.00000003
1501767000,23.021977,23.33331,22.876644,23.13931,203025698
1501853400,23.13331,23.817976,22.886644,23.793976,139033774.00000003
1502112600,23.82331,23.965309,23.516643,23.677976,94867294.00000001
1502199000,23.835309,24.571975,23.826643,24.347976,111747666
1502285400,24.066643,24.666642,23.929976,24.235309,103381543
1502371800,24.106643,24.443336,23.643976,23.69331,106392975.99999999
1502458200,23.797976,24.083976,23.574643,23.857976,65486810
1502717400,24.308642,24.510642,24.173309,24.253309,67787857
1502803800,24.346642,24.365976,23.957976,24.155309,46276365.99999999
1502890200,24.199976,24.433309,24.167976,24.193976,51206646.00000001
1502976600,24.080643,24.219976,23.43931,23.46131,75414975
1503063000,23.52731,23.599976,23.05331,23.163977,81122826
1503322200,23.054644,23.054644,22.123311,22.523977,97431457
1503408600,22.741977,22.815977,22.491478,22.756644,64829553.99999999
1503495000,22.599311,23.565976,22.553584,23.517976,74317634
1503581400,23.50131,23.77731,23.315977,23.528643,68770373
1503667800,23.615976,23.712643,23.15331,23.20331,52259392
1503927000,23.151977,23.156644,22.647977,23.043977,56459396
1504013400,22.631977,23.269977,22.583311,23.15731,61105186.00000001
1504099800,23.31131,23.564643,23.13331,23.54531,51194196.00000001
1504186200,23.569976,23.895976,23.52131,23.726643,61091986
1504272600,23.74131,23.839309,23.579323,23.69331,45743235
1504618200,23.586643,23.69931,23.05931,23.305977,57725787
1504704600,23.299977,23.398577,22.770644,22.968644,61370326
1504791000,23.06531,23.498643,22.896644,23.373977,63588258
1504877400,23.265977,23.318643,22.819977,22.89331,48952668
1505136600,23.42331,24.247309,23.33331,24.245976,115005940
1505223000,24.299309,24.583975,24.026643,24.183309,89593694
1505309400,24.254642,24.537975,23.972643,24.415309,62778527
1505395800,24.288642,25.197308,24.175309,25.175975,108037968.00000001
1505482200,24.967308,25.333308,24.846642,25.320641,81307521
1505741400,25.349975,25.973974,25.178641,25.666641,107819807
1505827800,25.333308,25.492641,24.904642,25.006642,96778386
1505914200,24.866642,25.216575,24.737975,24.927308,73785853.00000001
1506000600,24.993308,25.121975,24.300642,24.431976,69272919.00000001
1506087000,24.432642,24.659969,23.391977,23.405977,122391391.99999999
1506346200,23.54331,23.831243,22.858644,22.99931,114089304
1506432600,23.39531,23.415977,22.726644,23.016644,107344217.00000001
1506519000,23.326643,23.432577,22.699977,22.731311,90905040.00000001
1506605400,22.658644,22.849977,22.359978,22.639977,79794334
1506691800,22.790644,22.978644,22.573377,22.739977,76606306
1506951000,22.834644,22.91331,22.367311,22.768644,79301689
1507037400,22.393311,23.236643,22.085311,23.20931,152304092
1507123800,23.416643,23.907976,23.306643,23.66731,122453267
1507210200,23.73331,23.828976,23.42331,23.688643,62575187
1507296600,23.539976,24.006589,23.48331,23.791976,64462173.99999999
1507555800,23.309977,23.449977,22.844644,22.862644,112404921.99999999
1507642200,23.119977,23.708643,23.035344,23.705976,104677529.00000001
1507728600,23.592643,23.839976,23.409977,23.639976,67512531.99999999
1507815000,23.529976,23.985309,23.50931,23.711976,61305781
1507901400,23.798643,23.899309,23.578643,23.704643,53108048
1508160600,23.583976,23.631976,23.143977,23.37331,80632370
1508247000,23.393977,23.747976,23.337977,23.716643,49400224
1508333400,23.73131,24.199976,23.608643,23.976643,74086184.00000001
1508419800,23.703976,23.809743,23.21331,23.453977,75927720.00000001
1508506200,23.512643,23.636643,22.955977,23.006644,73955998
1508765400,23.32531,23.329977,22.416644,22.467978,86210276.00000001
1508851800,22.586644,22.85331,22.410644,22.489311,67375147
1508938200,22.446644,22.499978,21.570645,21.722645,128911223.00000001
1509024600,21.851978,22.015311,21.546645,21.744645,75352574.99999999
1509111000,21.316645,21.639312,21.110646,21.391312,104695664.00000001
1509370200,21.278645,21.585312,21.149979,21.338645,63815733.00000001
1509456600,21.348645,22.129978,21.345312,22.101978,85085289.99999999
1509543000,22.149978,22.173904,21.350645,21.405312,126860165.99999999
1509629400,20.008647,20.579313,19.508647,19.950647,296871536
1509715800,19.966647,20.416646,19.675314,20.40598,133409743
1509978600,20.466646,20.49998,19.93398,20.185313,97290232
1510065000,20.06798,20.433313,20.00198,20.403313,79414189.00000001
1510151400,20.366646,20.459313,20.086653,20.292646,70879135
1510237800,20.166647,20.297313,19.753314,20.199313,81707286
1510324200,20.166647,20.557313,20.123313,20.199313,69381504
1510583400,20.008647,21.119979,19.940647,21.026646,113774273
1510669800,20.999979,21.089979,20.45998,20.579979,85141225
1510756200,20.400646,20.832646,20.09998,20.753313,89680064
1510842600,20.932646,21.209312,20.753313,20.833312,87331181.99999999
1510929000,21.711312,21.777978,20.876646,21.003312,206027290.99999997
1511188200,20.919312,21.033312,20.316646,20.582646,123714873
1511274600,20.723979,21.215312,20.580646,21.187312,108919203.00000001
1511361000,21.117979,21.161312,20.789313,20.839979,73764613
1511533800,20.919312,21.093979,20.733313,21.036646,48332463
1511793000,20.883312,21.155979,20.633979,21.120646,68338478
1511879400,21.090646,21.333312,20.927979,21.169979,74242439
1511965800,21.153312,21.199979,20.08198,20.502646,131511101
1512052200,20.570646,20.713313,20.302646,20.589979,65273870.00000002
1512138600,20.362646,20.687979,20.336646,20.435313,64393084
1512397800,20.433313,20.550979,20.040647,20.346646,87527186.99999999
1512484200,20.133313,20.533313,20.066647,20.246646,69697869
1512570600,20.006647,20.892646,19.99998,20.883979,107930222
1512657000,20.799979,21.242252,20.736646,20.749313,71709026
1512743400,20.973312,21.131979,20.750646,21.008646,52026922
1513002600,20.975312,21.933978,20.916646,21.927311,119069833.99999999
1513089000,22.029978,22.762644,22.001978,22.735311,130998115
1513175400,22.728644,22.947977,22.433311,22.601977,93322008.00000001
1513261800,22.733977,23.162644,22.459978,22.525977,86998826
1513348200,22.802644,22.926644,22.383978,22.896644,103998088.00000001
1513607400,22.99331,23.11531,22.505311,22.591311,82142572
1513693800,22.683977,22.766144,22.019978,22.073311,102374667
1513780200,22.179311,22.206644,21.669312,21.931978,89307089
1513866600,21.972645,22.249311,21.813978,22.110645,65778395
1513953000,21.967311,22.061405,21.654645,21.679978,63237168
1514298600,21.588645,21.595978,21.105312,21.152646,65676260
1514385000,21.066646,21.178645,20.716646,20.775979,70681735
1514471400,20.783313,21.054646,20.635979,21.023979,64745268.99999999
1514557800,21.078646,21.093979,20.666646,20.756646,56657381
1514903400,20.799979,21.473972,20.733313,21.368645,65283680
1514989800,21.399979,21.683312,21.036646,21.149979,67822972
1515076200,20.857979,21.236645,20.378646,20.974646,149194709.00000003
1515162600,21.107979,21.149312,20.799979,21.105312,68867768
1515421800,21.066646,22.467971,21.033312,22.427311,147891672
1515508200,22.343978,22.586644,21.826978,22.245978,107199572
1515594600,22.146645,22.466644,21.999978,22.319978,64648954
1515681000,22.349311,22.987304,22.217311,22.529977,99682359
1515767400,22.575311,22.693977,22.244644,22.414644,72375957
1516113000,22.502644,22.999977,22.319978,22.670644,97113862
1516199400,22.697977,23.266643,22.649977,23.143977,106552681
1516285800,23.044644,23.486643,22.915977,22.97131,85287760
1516372200,22.999977,23.372637,22.839977,23.334643,73324618.00000001
1516631400,23.29331,23.855309,23.279977,23.43731,93155493
1516717800,23.999976,24.033309,23.399977,23.51931,81981290.99999999
1516804200,23.638643,23.649976,22.90131,23.05931,79312249
1516890600,23.217977,23.279977,22.426644,22.509311,101104646.00000001
1516977000,22.766644,22.93331,22.380644,22.856644,68090408.00000001
1517236200,22.656644,23.389977,22.551977,23.301977,71207306
1517322600,23.00931,23.217977,22.811311,23.054644,70765570
1517409000,23.16731,23.745976,23.012644,23.620643,93211127.99999999
1517495400,23.399977,23.977309,23.241977,23.28331,62965367
1517581800,23.22931,23.46331,22.700644,22.916644,55572594.99999999
1517841000,22.531311,22.964644,22.199978,22.208644,66962270.99999999
1517927400,21.680645,22.414644,21.566645,22.264644,76326646
1518013800,22.599311,23.066644,22.377311,22.999977,104538689
1518100200,22.88731,23.24131,20.973312,21.015312,154718749
1518186600,21.328645,21.398945,19.650647,20.694646,194006008.99999997
1518445800,21.075312,21.205312,20.416646,21.048646,93417423
1518532200,21.001312,21.612645,20.834012,21.577312,68403533
1518618600,21.389312,21.744645,21.234645,21.487312,59261204
1518705000,21.633312,22.274644,21.493312,22.270978,88693843.00000001
1518791400,22.166644,22.874644,22.109311,22.365978,84639638.99999999
1519137000,22.297978,22.722644,22.099978,22.317978,60141585
1519223400,22.401978,22.646171,22.211311,22.219978,48294782.99999999
1519309800,22.368644,23.162644,22.316651,23.077977,104547224.00000001
1519396200,23.188643,23.665976,23.139977,23.469977,87260892
1519655400,23.566643,23.933309,23.49031,23.827976,65099840.00000002
1519741800,23.749976,23.999309,23.333977,23.39931,71961356
1519828200,23.504643,23.682643,22.814644,22.870644,91044961
1519914600,23.000644,23.244643,22.004645,22.061978,103284118
1520001000,21.798645,22.347978,21.531312,22.341311,76392511
1520260200,22.159311,22.516644,21.952838,22.223311,57356592.00000001
1520346600,22.249978,22.424644,21.801978,21.879978,64286224
1520433000,21.695978,22.166644,21.449312,22.153311,75109530
1520519400,22.190644,22.219978,21.751578,21.939978,53493713
1520605800,21.606645,21.899311,21.491312,21.811312,82601542
1520861400,21.907311,23.14731,21.766645,23.033977,123960648
1520947800,22.994644,23.007977,22.417544,22.789311,89487164
1521034200,22.450644,22.653977,21.595312,21.775312,119510669
1521120600,21.958645,22.189978,21.406645,21.706645,98472112.99999999
1521207000,21.730645,21.826645,21.271312,21.423312,91759276
1521466200,21.099979,21.383312,20.644646,20.903979,112264522
1521552600,20.991312,21.083312,20.583979,20.703313,71464466
1521639000,20.683313,21.495979,20.679313,21.101979,89376254
1521725400,20.925979,21.254645,20.545313,20.606646,74096639
1521811800,20.749979,20.773979,20.02998,20.102647,99823584.00000001
1522071000,20.489313,20.505979,19.423981,20.278646,125627750
1522157400,20.266646,20.284646,18.478648,18.611981,208080642.99999997
1522243800,17.638649,17.911982,16.80665,17.185316,315021870
1522330200,17.099316,18.063975,16.547317,17.741982,227561461.99999997
1522675800,17.083983,17.355436,16.30599,16.831983,241709761
1522762200,17.987982,18.223315,16.965983,17.835315,282666042
1522848600,16.851983,19.224647,16.799983,19.129314,298451488
1522935000,19.289314,20.417313,19.213314,20.381313,286816801
1523021400,20.066647,20.618646,19.69998,19.953313,202804491.99999997
1523280600,20.024647,20.633313,19.280647,19.310647,153747228
1523367000,19.931313,20.473313,19.578647,20.313313,165364050
1523453400,20.049333,20.598646,19.977313,20.06198,112244287
1523539800,20.154647,20.263313,19.578647,19.605314,114131649.00000001
1523626200,20.23998,20.263306,19.73198,20.022647,109908454
1523885400,19.933313,19.977313,19.267314,19.413981,95077415
1523971800,19.257981,19.477981,18.833981,19.179314,105000450
1524058200,19.405314,20.01598,19.210647,19.556647,98365598
1524144600,19.405314,20.067313,19.236647,20.005313,91359075.99999999
1524231000,19.67798,19.998647,19.316647,19.349314,84419004.00000001
1524490200,19.419314,19.441314,18.821981,18.891314,73400743
1524576600,18.999981,19.139314,18.563981,18.897314,85279705
1524663000,18.899981,19.010648,18.483315,18.712648,60203670
1524749400,18.583315,19.052648,18.433315,19.031981,65340260
1524835800,19.024648,19.631314,18.921981,19.60498,65469455
1525095000,19.57398,19.915313,19.499981,19.593314,63422643
1525181400,19.567314,20.054647,19.54798,19.994647,69384114
1525267800,19.904647,20.456646,19.852273,20.076647,134555684
1525354200,18.585981,19.202647,18.348648,18.963314,260282210.00000003
1525440600,18.866648,19.790647,18.634648,19.60598,128540438.00000001
1525699800,19.833314,20.397233,19.67798,20.184646,130173489.99999999
1525786200,20.053,20.516646,19.933313,20.131313,88950088
1525872600,20.027313,20.467313,20.003313,20.456646,85910560
1525959000,20.49996,20.865979,20.274106,20.334646,84773499
1526045400,20.513313,20.591979,19.938647,20.070647,70194805.00000001
1526304600,20.221313,20.329313,19.441314,19.464647,109302169
1526391000,19.000648,19.130648,18.699981,18.945314,142787737
1526477400,18.921981,19.253981,18.770648,19.098648,85110369.99999999
1526563800,19.059981,19.279134,18.931314,18.969314,66309245.99999999
1526650200,18.976648,18.976648,18.266648,18.454648,108778413
1526909400,18.755315,19.432647,18.753315,18.965981,137738702
1526995800,19.184114,19.199981,18.228115,18.333982,134186474.00000001
1527082200,18.517315,18.660641,18.266648,18.604648,89775884
1527168600,18.559981,18.740648,18.325982,18.523315,62650681.99999999
1527255000,18.508328,18.642648,18.373982,18.589981,58126288
1527600600,18.567315,19.099981,18.409982,18.917314,84999684
1527687000,18.885981,19.66698,18.773315,19.447981,112345401.99999999
1527773400,19.147314,19.357981,18.861981,18.981981,88795903
1527859800,19.057314,19.463314,18.922581,19.454647,81365871
1528119000,19.622647,19.933313,19.569847,19.782647,71967221
1528205400,19.846647,19.853313,19.115981,19.408647,89927444
1528291800,20.033313,21.477979,19.83198,21.299979,281509316
1528378200,21.076646,21.999978,20.905312,21.072646,215179280
1528464600,21.266645,21.631978,21.143312,21.177312,123078153
1528723800,21.500645,22.310644,21.499978,22.139978,197752292
1528810200,22.979977,23.664643,22.533311,22.85131,335211379.99999994
1528896600,23.11371,23.146644,22.653311,22.98531,142047202
1528983000,23.17531,23.916643,23.106644,23.847976,164715508.99999997
1529069400,23.58931,24.311309,23.416643,23.877976,162723972
1529328600,23.69331,24.915308,23.63331,24.721975,181098571
1529415000,24.343976,24.666642,23.08331,23.50331,191428736.00000003
1529501400,23.869309,24.291976,23.466643,24.147976,125754965
1529587800,24.133309,24.414236,23.084644,23.16731,119507294
1529674200,23.435977,23.48331,22.133311,22.241978,153991038
1529933400,22.007978,22.564644,21.833311,22.200644,103969663
1530019800,22.403578,22.90331,21.719912,22.799977,111787415.99999999
1530106200,22.999977,23.385977,22.633311,22.966644,125006029.99999999
1530192600,23.243977,23.80131,23.073977,23.328643,125970200.00000001
1530279000,23.55531,23.590643,22.827311,22.86331,97386037
1530538200,24.004643,24.318642,21.989978,22.337978,281396756
1530624600,22.116645,22.165978,20.645979,20.723979,184239754
1530797400,20.917312,20.959312,19.74798,20.610646,262145871.99999997
1530883800,20.33028,20.804646,20.133313,20.593313,132981897
1531143000,20.799313,21.234645,20.533313,21.233979,113951408
1531229400,21.637312,21.845118,21.279979,21.497979,142072612
1531315800,21.053312,21.462645,21.004646,21.263979,73261213
1531402200,21.428645,21.548645,20.851312,21.113979,85817574.99999999
1531488600,21.038646,21.305639,20.616646,21.257979,88136638
1531747800,20.780646,21.010646,20.416646,20.673313,117279942
1531834200,20.587313,21.649312,20.566646,21.512645,104943584
1531920600,21.666645,21.699978,21.083312,21.589978,84363248.99999999
1532007000,21.088646,21.569312,20.933979,21.348645,88730263.00000001
1532093400,21.415312,21.549312,20.780599,20.905312,77498282
1532352600,20.122647,20.366646,19.523987,20.213313,164894369
1532439000,20.294706,20.514453,19.502994,19.828647,143861903
1532525400,19.782647,20.641313,19.63348,20.582646,106412806
1532611800,20.323313,20.713313,20.24272,20.443313,69457899
1532698200,20.483313,20.512866,19.68934,19.81198,85549975
1532957400,19.726647,19.73998,19.075314,19.344647,102211182
1533043800,19.483314,19.88798,19.271314,19.87598,76153816
1533130200,19.86598,20.19998,19.533314,20.05598,151941601
1533216600,21.895978,23.332643,21.543978,23.302643,348224778
1533303000,23.18731,23.666643,22.83531,23.21131,204847494.00000003
1533562200,23.030644,23.66531,22.787977,22.799311,128465092.99999999
1533648600,22.922644,25.830641,22.609984,25.304641,463136983
1533735000,24.605975,25.509308,24.474642,24.689309,368567812.99999994
1533821400,24.369976,24.467309,23.048644,23.496643,257757422.00000003
1533907800,23.599976,23.999976,23.066644,23.69931,173280833
1534167000,24.075309,24.212642,23.267977,23.760643,156958371
1534253400,23.896643,23.946609,23.139977,23.175977,104796509
1534339800,22.793704,22.965977,22.142645,22.579311,136519006
1534426200,22.660644,22.818644,22.254644,22.363311,90960585.00000001
1534512600,21.566645,21.784645,20.235313,20.366646,284379464
1534771800,19.446881,20.566646,19.213314,20.562646,261035286
1534858200,20.707313,21.652645,20.599979,21.459979,197583647
1534944600,21.391312,21.591978,20.977979,21.442645,89189414
1535031000,21.275979,21.821312,21.206645,21.339979,77209367
1535117400,21.379979,21.589978,21.293312,21.521312,54038514.00000001
1535376600,21.199979,21.495645,20.587313,21.284645,196189516
1535463000,21.227312,21.258645,20.745979,20.790646,114736479.00000001
1535549400,20.684646,20.789979,20.24598,20.33398,111710991
1535635800,20.150647,20.306646,19.84798,20.20998,108250698
1535722200,20.133313,20.35386,19.906647,20.110647,80626640
1536067800,19.79598,19.879313,19.199981,19.263314,125257160
1536154200,19.003314,19.118648,18.478648,18.715981,115812429.99999999
1536240600,18.986648,19.411314,18.591981,18.729981,112211512.00000001
1536327000,17.339983,17.889982,16.81697,17.549316,337379302
1536586200,18.217315,19.068648,18.066649,19.033314,214253134.00000003
1536672600,18.631315,18.799981,18.236648,18.629315,137549972
1536759000,18.762648,19.499981,18.576401,19.369314,150231555
1536845400,19.201314,19.666647,19.011981,19.297314,95105135
1536931800,19.250647,19.821687,19.101314,19.67998,101484281
1537191000,19.335981,20.05798,19.208647,19.65598,103313757.99999999
1537277400,19.779314,20.17598,18.366648,18.997314,248213078
1537363800,18.700648,19.99998,18.699981,19.934647,124423879
1537450200,20.237313,20.398646,19.555314,19.888647,110241440.00000001
1537536600,19.846647,20.038647,19.691314,19.93998,75757245
1537795800,19.898647,20.199933,19.57198,19.978647,72644487
1537882200,19.99998,20.306646,19.766647,20.06598,67226002
1537968600,20.127313,20.925979,20.073933,20.638646,117648357.00000001
1538055000,20.859979,20.997312,20.460646,20.501313,127636386.99999999
1538141400,18.017315,18.533315,17.370316,17.651316,504745914
1538400600,20.384646,20.762646,20.06998,20.713313,326664281
1538487000,20.929979,21.122646,19.943313,20.06798,176152840.99999997
1538573400,20.22198,20.306646,19.437981,19.653314,119924939.00000001
1538659800,19.596647,19.59998,18.511315,18.788648,147213326.99999997
1538746200,18.309982,18.325315,17.333316,17.463316,269168324
1539005400,17.634649,17.850642,16.599983,16.703983,202089997
1539091800,17.01665,17.784649,16.88665,17.519982,180908789.99999997
1539178200,17.640649,17.700649,16.517983,17.125316,192229362
1539264600,17.168649,17.483316,16.601983,16.815317,122516192
1539351000,17.399983,17.465983,16.80065,17.251983,108021168
1539610200,17.270649,17.551982,16.969096,17.305983,92999567.00000001
1539696600,17.713316,18.491648,17.482649,18.439315,142896157
1539783000,18.826648,18.846648,17.720196,18.118649,129833259
1539869400,17.952649,18.066649,17.533316,17.593982,81317841
1539955800,17.825982,17.977315,16.899983,17.333316,140633375.00000003
1540215000,17.378649,17.457316,16.839316,17.396649,84003984
1540301400,17.591316,19.86198,17.473316,19.609314,285416580
1540387800,20.06998,20.29598,19.048648,19.233314,300874170
1540474200,21.147979,21.399979,20.067313,20.990646,312611172
1540560600,20.549979,22.659977,20.443313,22.059978,411383211.00000006
1540819800,22.497978,23.143977,21.766645,22.323311,217290622
1540906200,21.892645,22.526637,21.483979,21.993311,136900695.99999997
1540992600,22.169311,22.799977,21.939978,22.487978,114365333.99999999
1541079000,22.550644,23.18931,22.314978,22.951977,120002100
1541165400,22.915977,23.279977,22.727311,23.093977,117119682
1541428200,22.699977,22.93031,22.009311,22.759977,117465837
1541514600,22.604644,23.25331,22.405978,22.737311,101443436
1541601000,22.88931,23.411977,22.719977,23.210643,110617939.99999999
1541687400,23.23331,23.838343,23.22931,23.426643,106360216.00000001
1541773800,23.266643,23.599976,23.01531,23.36731,76482766
1542033000,23.224643,23.318643,22.022645,22.085311,104122949
1542119400,22.210644,22.979977,22.146645,22.581977,81729036
1542205800,22.846644,23.140644,22.476644,22.93331,75604380.00000001
1542292200,22.821977,23.238643,22.602644,23.22931,69385854
1542378600,23.012644,23.71331,23.007984,23.620643,108092972.99999999
1542637800,23.755976,24.449976,23.52531,23.564643,145633210
1542724200,22.783311,23.319977,22.236644,23.165977,120070755
1542810600,23.466643,23.539976,22.493278,22.545977,70302190.00000001
1542983400,22.289644,22.499978,21.703312,21.721978,63039692.99999999
1543242600,21.666645,23.08131,21.666645,23.066644,119882234.00000001
1543329000,22.669977,23.130644,22.366644,22.927977,95374594.99999999
1543415400,23.065977,23.218643,22.813977,23.19131,61913730.99999999
1543501800,23.13331,23.166644,22.636644,22.744644,46210906
1543588200,22.788644,23.439977,22.550964,23.36531,84433509
1543847400,23.999976,24.399976,23.466643,23.899309,124597789
1543933800,23.736643,24.578642,23.466643,23.979976,126929301
1544106600,23.733976,24.491976,23.383977,24.203976,117637737
1544193000,24.599975,25.299308,23.843309,23.864309,172667827
1544452200,23.999976,24.398642,23.54131,24.343309,99201924
1544538600,24.660642,24.811235,24.015309,24.450642,94631629
1544625000,24.627975,24.793975,24.343976,24.439976,75405795
1544711400,24.676642,25.162642,24.449976,25.119308,110487919.99999999
1544797800,24.999975,25.191308,24.288642,24.380642,95063419.99999999
1545057000,24.133309,24.379976,22.92531,23.227977,115110235.00000001
1545143400,23.36931,23.436643,22.245978,22.468644,106500090.99999999
1545229800,22.506644,23.133977,21.982645,22.197978,124112839
1545316200,21.803545,22.019311,20.791246,21.025312,136078006
1545402600,21.159979,21.564645,20.829313,21.317979,120252135
1545661800,20.899979,20.966646,19.679647,19.692647,83398778
1545834600,19.99998,21.797978,19.60598,21.739312,122447192
1545921000,21.322645,21.478092,20.09998,21.075312,128627122.99999999
1546007400,21.539978,22.415978,21.227312,22.257978,149085029
1546266600,22.519311,22.613977,21.683978,22.186644,94535163.99999999
1546439400,20.406646,21.008646,19.91998,20.674646,174879894
1546525800,20.466646,20.626646,19.825314,20.02398,104477864.00000001
1546612200,20.39998,21.199979,20.18198,21.179312,110911849.99999999
1546871400,21.447979,22.449311,21.183365,22.330644,113268488.00000001
1546957800,22.797311,22.933977,21.801312,22.356644,105127845
1547044200,22.366644,22.900144,22.097978,22.568644,81494256.00000001
1547130600,22.293311,23.025977,22.119311,22.997977,90845400.00000001
1547217000,22.805977,23.22731,22.584644,23.150644,75585855
1547476200,22.825311,22.833311,22.266644,22.293311,78709338
1547562600,22.333311,23.25331,22.299978,22.961977,90848940
1547649000,22.98531,23.466643,22.899977,23.069977,70376155
1547735400,23.080644,23.43331,22.94331,23.153977,55151050
1547821800,21.533312,21.808625,19.981987,20.150647,362261807
1548167400,20.321313,20.533313,19.69998,19.92798,181001296.00000003
1548253800,19.499981,19.633314,18.779315,19.172647,187950081.99999997
1548340200,18.868648,19.578647,18.618855,19.433981,120182444.99999999
1548426600,19.62598,19.90128,19.303314,19.802647,108871277.99999999
1548685800,19.527314,19.830647,19.183314,19.758647,96349281
1548772200,19.684647,19.903753,19.453314,19.830647,69325449
1548858600,20.02998,20.599979,19.899313,20.584646,168754938
1548945000,20.066647,20.770886,19.59998,20.46798,188538863
1549031400,20.361313,21.073312,20.233313,20.813979,109251724
1549290600,20.865312,21.019979,20.125313,20.859312,110281339.99999999
1549377000,20.832646,21.495979,20.816606,21.423312,101141576.00000001
1549463400,21.305979,21.615978,21.041579,21.147979,75578264.99999999
1549549800,20.886646,20.979979,20.19998,20.500646,97809261.99999999
1549636200,20.455313,20.496313,19.89998,20.386646,87663267
1549895400,20.773313,21.239979,20.699979,20.855979,106945801.00000001
1549981800,21.079979,21.212645,20.641313,20.787313,82763632.00000001
1550068200,20.823313,20.849979,20.371313,20.544646,77124332
1550154600,20.225313,20.451313,20.066647,20.251313,78012558
1550241000,20.29998,20.533313,20.25998,20.525313,58574263
1550586600,20.437313,20.769593,20.364646,20.37598,62526707
1550673000,20.29398,20.41998,19.933313,20.170646,107131862
1550759400,20.120647,20.215973,19.366647,19.415314,133637863
1550845800,19.632647,19.766647,19.473314,19.647314,86108456
1551105000,19.860647,20.193606,19.800014,19.91798,99397929
1551191400,19.481314,20.13398,19.251321,19.857313,128738152.99999999
1551277800,20.118647,21.086312,20.036647,20.982646,167758787
1551364200,21.261312,21.333312,20.720646,21.325312,157809952
1551450600,20.462646,20.475313,19.459981,19.652647,343670968
1551709800,19.874647,19.933313,18.851981,19.023981,256452526
1551796200,18.799981,18.933314,18.006649,18.435982,281471380.99999994
1551882600,18.431982,18.767035,18.292648,18.415982,155032430
1551969000,18.589315,18.979981,18.283315,18.439315,141637386
1552055400,18.460648,19.039314,18.392648,18.942648,132294507.00000003
1552311000,18.901314,19.418647,18.699981,19.394647,110884280.00000001
1552397400,19.099314,19.204647,18.737315,18.890648,112562167
1552483800,18.926648,19.465981,18.846648,19.263981,102670887
1552570200,19.496647,19.692647,19.219314,19.330647,106551811
1552656600,18.900648,18.914941,18.293315,18.361982,221783186
1552915800,18.399982,18.536648,17.819982,17.965982,154214854
1553002200,17.833315,18.219982,17.563982,17.831316,177009626.99999997
1553088600,17.979315,18.331315,17.753316,18.239982,103623463.00000001
1553175000,18.173315,18.429982,17.896649,18.267982,89206559.00000001
1553261400,18.171982,18.186648,17.599982,17.635316,131184266.00000001
1553520600,17.313983,17.545316,16.963983,17.361316,153225588
1553607000,17.629316,18.017315,17.628649,17.851315,110264330.00000001
1553693400,17.916649,18.357982,17.878902,18.321982,131687620.99999999
1553779800,18.477315,18.688648,18.339982,18.574648,101611496
1553866200,18.579981,18.677315,18.299982,18.657315,89870159
1554125400,18.841314,19.279981,18.752048,19.278647,121656706
1554211800,19.219981,19.295981,18.925314,19.058648,82184182
1554298200,19.154648,19.744647,19.144648,19.453981,118948078
1554384600,17.459316,18.079982,17.372649,17.851982,355811290
1554471000,17.990649,18.406648,17.740649,18.330648,195574050
1554730200,18.512648,18.743981,18.029315,18.213315,156156696
1554816600,18.109982,18.333315,17.973982,18.153982,88560553
1554903000,18.449315,18.558648,18.192815,18.403982,105919815.00000001
1554989400,17.886649,18.033315,17.706649,17.894649,147539052
1555075800,18.014649,18.129982,17.788649,17.846649,101189710.99999999
1555335000,17.908649,17.925315,17.241983,17.758649,150578835
1555421400,17.716649,18.333315,17.647982,18.223982,109094059
1555507800,18.316648,18.319315,17.902315,18.081982,76897096
1555594200,18.081982,18.322648,17.983315,18.217315,88144963
1555939800,17.933315,17.978649,17.498649,17.516649,182207296.99999997
1556026200,17.343316,17.706649,17.049983,17.593316,164158049
1556112600,17.589982,17.687982,17.199983,17.243983,160911970
1556199000,16.999983,17.266649,16.40465,16.50865,327741222
1556285400,16.433317,16.445317,15.408651,15.675984,335410969.99999994
1556544600,15.723984,16.265317,15.477985,16.097984,250717390.00000003
1556631000,16.137317,16.28065,15.799984,15.912651,141969561
1556717400,15.923317,15.999984,15.433318,15.600651,160565470
1556803800,16.367984,16.475317,15.847984,16.273317,272390357
1556890200,16.257317,17.107316,16.23265,17.001983,355601920
1557149400,16.667983,17.223309,16.56665,17.02265,162509307.00000003
1557235800,17.119983,17.147316,16.339984,16.47065,151971271
1557322200,16.46265,16.706583,16.279984,16.32265,92646692
1557408600,16.133317,16.245317,15.796211,16.131984,100670829.99999999
1557495000,15.983317,16.132651,15.734651,15.967984,105125145
1557754200,15.467318,15.497985,14.966652,15.133985,162522102
1557840600,15.286651,15.633318,15.199985,15.487318,108786287.99999999
1557927000,15.287985,15.495985,15.016652,15.463318,109439749
1558013400,15.299318,15.399985,15.099985,15.221985,112249207
1558099800,14.797319,14.815985,13.927986,14.068653,266800256
1558359000,13.519986,13.73332,13.016654,13.690653,307893232
1558445400,13.183987,13.826653,13.06932,13.671986,270058755
1558531800,13.27332,13.595986,12.785321,12.848654,280278085
1558618200,12.955987,13.297653,12.414654,13.032654,398207528
1558704600,13.321987,13.331987,12.583354,12.708654,212048792
1559050200,12.746654,12.999987,12.523321,12.579987,154693669
1559136600,12.473321,12.825987,12.335994,12.657321,179529749
1559223000,12.583321,12.816987,12.467988,12.547987,118897243
1559309400,12.339988,12.661347,12.273321,12.343988,156101136
1559568600,12.367321,12.445321,11.799448,11.931321,195966345
1559655000,12.073321,12.931987,11.973988,12.906654,207113036.99999997
1559741400,13.24532,13.418533,12.789894,13.105987,202661542.00000003
1559827800,13.62932,14.066653,13.45332,13.729986,303632568
1559914200,13.666653,14.056239,13.566586,13.63332,240053145.00000003
1560173400,14.016653,14.462652,13.933986,14.191986,158775743
1560259800,14.609552,14.726652,14.233319,14.473319,174803229
1560346200,14.863318,14.891985,13.933319,13.950653,227963387
1560432600,14.025319,14.326652,13.834006,14.260652,122524022
1560519000,14.083319,14.443319,14.026653,14.327986,111501141.00000001
1560778200,14.365319,15.133318,14.284652,15.001985,184752229
1560864600,15.247985,15.649318,14.837318,14.982652,190737010.00000003
1560951000,15.007318,15.184651,14.737319,15.095318,98627123.00000001
1561037400,14.866652,15.126652,14.423319,14.641319,177952107.00000003
1561123800,14.414652,14.811985,14.366652,14.790652,123031292.99999999
1561383000,14.882652,15.057318,14.734652,14.909318,86261651
1561469400,14.959318,15.022652,14.632652,14.650652,92731156.99999999
1561555800,14.687319,15.148652,14.539985,14.617985,127608247.00000001
1561642200,14.629985,14.859985,14.489986,14.855985,95095745
1561728600,14.732652,15.011318,14.719985,14.897318,102770862.00000001
1561987800,15.347318,15.539951,15.085318,15.144652,123569582.99999999
1562074200,15.259318,15.276651,14.814652,14.969985,138885543
1562160600,15.959317,16.104651,15.633984,15.659984,213017433
1562333400,15.637984,15.696651,15.386651,15.539984,105986174.99999999
1562592600,15.415985,15.483318,15.243985,15.355985,88208218.00000001
1562679000,15.264651,15.399985,15.151985,15.337318,92862617
1562765400,15.609984,15.929317,15.542651,15.927984,137186177
1562851800,15.875984,16.099984,15.719984,15.906651,112716561.99999999
1562938200,15.983317,16.35865,15.980651,16.33865,138007953
1563197400,16.533317,16.961316,16.323984,16.899983,165001545.00000003
1563283800,16.619983,16.901983,16.528817,16.825317,122234957
1563370200,17.04465,17.220649,16.889983,16.99065,146471051
1563456600,17.003316,17.049983,16.792317,16.90265,71467316
1563543000,17.045983,17.330649,16.97465,17.211983,105726255
1563802200,17.249983,17.476983,16.946056,17.045316,102694197
1563888600,17.113983,17.365316,16.96665,17.344649,75346889.99999999
1563975000,17.277983,17.737982,17.210656,17.658649,166092691
1564061400,15.566651,15.633318,15.036658,15.254651,336274116
1564147800,15.127985,15.350651,14.816652,15.202651,150415605
1564407000,15.139318,15.729318,15.068818,15.717984,139100104
1564493400,15.526651,16.223984,15.478651,16.150651,121635331
1564579800,16.199984,16.445317,15.776658,16.107317,137673257
1564666200,16.17665,16.30065,15.451318,15.589984,123892862.99999999
1564752600,15.423318,15.751318,15.281985,15.622651,92047307.00000001
1565011800,15.306651,15.424471,15.051652,15.221318,105424290
1565098200,15.458651,15.499984,15.049985,15.383318,83463083
1565184600,15.099985,15.571238,15.053318,15.561318,71647571.00000001
1565271000,15.629984,15.986651,15.509984,15.886651,79115314.00000001
1565357400,15.736884,15.930651,15.587318,15.667318,58473718
1565616600,15.532651,15.717984,15.249985,15.267318,69959124
1565703000,15.253985,15.733318,15.169985,15.666651,73035043
1565789400,15.413985,15.433318,14.445986,14.641319,143439008
1565875800,14.723985,14.770652,14.103319,14.375986,123479403.00000001
1565962200,14.443986,14.815985,14.401319,14.662652,78110718
1566221400,14.947318,15.188651,14.779985,15.121985,79676299
1566307800,15.174651,15.272651,14.969318,15.057318,62557967
1566394200,14.800652,14.881318,14.506652,14.721985,116996276.00000001
1566480600,14.853318,15.026652,14.547985,14.809985,98474558
1566567000,14.664652,14.744652,14.066653,14.093319,128395687.99999999
1566826200,14.239986,14.334652,14.102653,14.333319,75816285
1566912600,14.382652,14.586652,14.135319,14.271986,81310986
1566999000,14.245986,14.483319,14.153986,14.372652,48579423
1567085400,14.599985,14.893318,14.533319,14.780652,77746637
1567171800,15.276651,15.495985,14.947518,15.040652,139916764
1567517400,14.938652,15.263318,14.877318,15.000652,80408270
1567603800,15.125985,15.230651,14.613652,14.711985,86530526
1567690200,14.833318,15.319985,14.723319,15.305318,111049941.00000001
1567776600,15.146652,15.309318,15.011318,15.163318,62840642
1568035800,15.333318,15.583984,15.281985,15.452651,72040107
1568122200,15.386651,15.702651,15.262651,15.702651,73255783
1568208600,15.825318,16.544923,15.733318,16.473317,150641805
1568295000,16.513317,16.899983,16.293317,16.391317,128718278.00000001
1568381400,16.463984,16.563317,16.324317,16.34665,79697254.00000001
1568640600,16.399984,16.495317,16.077984,16.187317,70921510.00000001
1568727000,16.164651,16.373317,16.024651,16.319317,59203694
1568813400,16.333317,16.54455,16.157984,16.23265,63421608
1568899800,16.399984,16.529317,16.32265,16.439984,73247098
1568986200,16.43265,16.46305,15.877317,16.041317,97594057
1569245400,15.999984,16.345277,15.947984,16.081984,65874515
1569331800,16.101317,16.132651,14.840652,14.880652,194116874.00000003
1569418200,14.970652,15.265318,14.557319,15.246651,141664431
1569504600,15.377318,16.22065,15.159985,16.17065,181181956
1569591000,16.146651,16.58065,15.915317,16.141984,166847851.00000003
1569850200,16.199984,16.265317,15.740724,16.057984,89192504.00000001
1569936600,16.099984,16.39665,15.941984,16.31265,92944442
1570023000,16.219317,16.309984,15.961984,16.20865,93848312.99999999
1570109400,15.457318,15.631984,14.951985,15.535318,227066672
1570195800,15.440651,15.651984,15.204651,15.428651,120317820.00000001
1570455000,15.319985,15.903984,15.236651,15.847984,121304475.99999999
1570541400,15.724651,16.26265,15.633318,16.003317,130535200.00000001
1570627800,16.087984,16.486317,16.043317,16.301984,104025599.00000001
1570714200,16.351984,16.61865,16.105317,16.315984,94701349
1570800600,16.47665,16.73865,16.453984,16.525983,127322512
1571059800,16.52665,17.236649,16.475317,17.13065,153403098
1571146200,17.179983,17.333316,16.941316,17.192649,97191937
1571232600,17.159316,17.473316,17.127983,17.316649,100564645
1571319000,17.499982,17.651982,17.344649,17.464649,71685716
1571405400,17.379983,17.519982,17.00665,17.129983,86305076
1571664600,17.221983,17.299983,16.67865,16.899983,76621591
1571751000,16.95465,17.221983,16.723317,17.03865,69376493.99999999
1571837400,16.96665,17.075983,16.75665,16.97865,168242898
1571923800,19.891313,20.328646,19.279981,19.978647,447288912.00000006
1572010200,19.84798,21.999978,19.740647,21.875311,450091815.00000006
1572269400,21.835978,22.722644,21.506645,21.847311,283054573
1572355800,21.332645,21.619978,20.983312,21.081312,190264195
1572442200,20.866646,21.252645,20.664646,21.000646,144627293.99999997
1572528600,20.873312,21.266645,20.866646,20.994646,76004416
1572615000,21.087979,21.098646,20.653313,20.887312,95759030
1572877800,20.986646,21.462645,20.617313,21.164646,131805731.00000001
1572964200,21.307979,21.567312,21.074512,21.147979,104151359
1573050600,21.199979,21.781312,20.966646,21.771978,119114099
1573137000,21.942645,22.766644,21.867978,22.369311,217010436.99999997
1573223400,22.299978,22.497311,22.166644,22.475978,91113406.00000001
1573482600,22.929977,23.27931,22.799977,23.005977,149905484
1573569000,23.126644,23.357977,22.935977,23.328643,110390855
1573655400,23.666643,23.75531,23.011977,23.073977,127018072.00000003
1573741800,23.073977,23.58931,22.860644,23.289977,97075642
1573828200,23.375977,23.519976,23.223977,23.477977,72188517
1574087400,23.527743,23.54331,23.07331,23.332643,66127641
1574173800,23.449977,23.999309,23.186643,23.967976,116041286.00000001
1574260200,23.999976,24.079976,23.304643,23.48131,101009576
1574346600,23.633976,24.055976,23.600236,23.65531,91650286
1574433000,22.677311,22.733311,21.999978,22.202644,253059882.99999997
1574692200,22.954644,22.97131,22.297311,22.422644,185186660.00000003
1574778600,22.351311,22.366644,21.806645,21.927978,119343704.00000001
1574865000,22.074645,22.261978,21.904645,22.085978,83451968
1575037800,22.073978,22.083978,21.833311,21.995978,36984471
1575297000,21.959978,22.425491,21.912445,22.324644,91229881
1575383400,22.174644,22.527311,22.145711,22.413311,99202239
1575469800,22.516644,22.523977,22.189978,22.201978,83043908
1575556200,22.188644,22.294824,21.816645,22.024645,56054695.99999999
1575642600,22.333311,22.590644,22.317978,22.392644,114284169
1575901800,22.439311,22.96331,22.338644,22.635311,135603389.99999997
1575988200,22.663977,23.381977,22.620644,23.255977,132599397
1576074600,23.45841,23.812636,23.405977,23.51331,103787533
1576161000,23.66131,24.182642,23.548643,23.978643,116643280.99999999
1576247400,24.069976,24.347309,23.642643,23.892643,98614312.99999999
1576506600,24.169976,25.573974,24.166643,25.433308,273314373
1576593000,25.265975,25.699974,25.059975,25.265975,127556752
1576679400,25.375308,26.347974,25.371975,26.209974,212046092
1576765800,26.487974,27.123306,26.433307,26.935973,271804876
1576852200,27.352639,27.533306,26.678973,27.039306,221778310.99999997
1577111400,27.451973,28.133972,27.333306,27.947972,199992514
1577197800,27.890639,28.364638,27.512472,28.349972,120820919.99999999
1577370600,28.527305,28.898638,28.423305,28.729305,159724493.99999997
1577457000,28.999971,29.020638,28.407305,28.691971,149352554
1577716200,28.585971,28.599971,27.283899,27.646639,189019164.00000003
1577802600,26.999993,28.085972,26.805307,27.888639,154386994
1577975400,28.299972,28.713018,28.113972,28.683971,143375933.00000003
1578061800,29.366637,30.266636,29.127971,29.53397,266920721.00000003
1578321000,29.364637,30.10397,29.333304,30.102637,152362637
1578407400,30.759969,31.441969,30.223636,31.270635,273137343
1578493800,31.579968,33.232633,31.215302,32.809301,467991362
1578580200,33.139967,33.2533,31.524635,32.089301,426948216
1578666600,32.119301,32.329301,31.579968,31.876635,194652674
1578925800,32.899967,35.041965,32.799967,34.990632,399518604
1579012200,36.28363,36.493964,34.993298,35.861297,435921090
1579098600,35.317298,35.855964,34.452319,34.566632,260532725
1579185000,32.916634,34.297299,32.811301,34.232632,326050121
1579271400,33.840633,34.377959,33.543966,34.033299,204436298.99999997
1579617000,35.349965,36.571963,35.227298,36.479964,267052332
1579703400,38.125962,39.633294,37.273296,37.970629,470535889.99999994
1579789800,37.616629,38.799961,37.040143,38.146629,294765924
1579876200,38.041962,38.257295,36.95063,37.654629,215304214.99999997
1580135400,36.132631,37.629296,35.951964,37.201296,204121224
1580221800,37.899295,38.453962,37.205296,37.793296,176827570.99999997
1580308200,38.379295,39.319954,37.828629,38.732628,273250353
1580394600,42.161291,43.391957,41.199959,42.720624,435085574.99999994
1580481000,42.666624,43.53329,42.167958,43.37129,235789225
1580740200,44.912622,52.409281,44.901288,51.999948,708503133
1580826600,58.863941,64.599262,55.591944,59.137274,914082284
1580913000,54.883945,56.39861,46.94066,48.979951,726358280.9999999
1580999400,46.661287,53.05528,45.799954,49.930617,598211878
1581085800,48.703285,51.316615,48.666618,49.871283,255953070
1581345000,53.33328,54.665945,50.15995,51.418615,370337814.99999994
1581431400,51.252615,52.233688,50.533283,51.625282,175462270
1581517800,51.857948,52.649947,50.891282,51.152616,180337230
1581604200,49.455951,54.533279,48.999951,53.599946,394340614
1581690600,52.481281,54.197946,52.366614,53.33528,235405900.00000003
1582036200,56.106611,57.333276,55.490611,57.226609,250475785
1582122600,61.566605,62.98527,60.06794,61.161272,381344751
1582209000,60.796606,60.799939,57.329276,59.960607,264523659
1582295400,60.465273,60.870606,58.696608,60.066607,215091905
1582554600,55.933277,57.566609,54.813279,55.585944,227882672.00000003
1582641000,56.599943,57.10661,52.466614,53.32728,259357474.00000003
1582727400,52.166614,54.220612,51.740615,51.919948,212307857
1582813800,48.666618,49.317951,44.599955,45.266621,364157763.99999994
1582900200,41.979958,46.034621,40.767959,44.532622,368462933
1583159400,47.417286,49.579284,45.777954,49.574617,302925167
1583245800,53.666613,53.798613,47.740659,49.700617,386760430.99999994
1583332200,50.930636,51.101282,48.315585,49.966617,225734879.99999997
1583418600,48.251285,49.716617,47.871285,48.302618,162790016.99999997
1583505000,46.000187,47.133286,45.617954,46.89862,189943959
1583760600,40.359293,44.199822,40.333293,40.533293,256106356
1583847000,43.961956,44.533289,40.533293,43.021957,233916878
1583933400,42.679957,43.571956,40.866626,42.281958,201204006
1584019800,38.725961,39.633294,36.41663,37.369963,283636063
1584106200,39.666627,40.504626,33.466633,36.441297,339604149.00000006
1584365400,31.299949,32.991294,29.477971,29.671304,307342267
1584451800,29.333971,31.456635,26.399974,28.679971,359919059
1584538200,25.933307,26.99064,23.36731,24.081309,356792785.99999994
1584624600,24.979742,30.133303,23.897309,28.509305,452932352
1584711000,29.213304,31.799968,28.385972,28.501971,424282954
1584970200,28.906638,29.466631,27.366639,28.952638,246818481.00000003
1585056600,31.819968,34.245966,31.599968,33.666633,343427892.99999994
1585143000,36.349964,37.133296,34.073966,35.949964,318341493
1585229400,36.49263,37.333296,34.149966,35.210631,261331491
1585315800,33.666633,35.053298,32.9353,34.290632,215661335
1585575000,34.017299,34.443106,32.748634,33.4753,179971184.00000003
1585661400,33.416633,36.197297,33.1333,34.933298,266572541
1585747800,33.599966,34.263619,31.673302,32.103968,200297900
1585834200,32.068635,32.950627,29.75997,30.29797,297876702
1585920600,33.966633,34.365966,31.225975,32.000635,338431478
1586179800,34.079966,34.733299,33.1973,34.415966,223527762.99999997
1586266200,36.333297,37.666629,35.489298,36.363297,268797028.00000006
1586352600,36.94663,37.14717,35.555298,36.589297,189840548.99999997
1586439000,37.472629,38.345415,37.14063,38.199962,204750204
1586784600,39.343961,43.466623,38.701961,43.396623,337131652
1586871000,46.597953,49.458617,46.161954,47.325953,458648123
1586957400,49.466617,50.208616,47.333286,48.655285,353655368
1587043800,47.795952,50.629949,47.114286,49.680617,309868239
1587130200,51.485282,51.663282,49.84395,50.259283,196923751
1587389400,48.846618,51.037949,47.480619,49.757284,221198875.99999997
1587475800,48.674618,50.22195,44.919288,45.781288,303136698.00000006
1587562200,46.931953,48.933284,45.913954,48.807285,213372678
1587648600,48.506618,48.933284,46.875286,47.041953,198550653.00000003
1587735000,47.387286,48.715285,46.545287,48.343285,198564378
1587994200,49.173951,53.29928,48.999951,53.249947,310221940
1588080600,53.042614,53.666613,50.44595,51.274615,228329688
1588167000,52.677947,53.546606,52.210614,53.36728,243239973
1588253400,57.01261,57.987942,50.899949,52.125281,427078237
1588339800,50.333283,51.517948,45.535954,46.75462,487977592
1588599000,46.733287,50.799949,46.533287,50.745949,288556637.99999994
1588685400,52.652614,53.26128,50.811949,51.213949,254875094.00000003
1588771800,51.766615,52.653281,50.740616,52.171948,166848631
1588858200,51.813948,53.09328,51.489949,52.002615,172915462
1588944600,52.917947,54.933278,52.467281,54.627945,241951546.00000003
1589203800,52.700614,54.933278,52.333281,54.085946,247794262
1589290200,55.133278,56.219277,53.866613,53.960613,238603813.00000003
1589376600,54.721945,55.066612,50.886616,52.730614,285982650
1589463000,51.999948,53.55728,50.933282,53.55528,205233025
1589549400,52.689947,53.669853,52.436748,53.277947,157776577
1589808600,55.185278,55.647951,53.591946,54.241946,175471705.00000003
1589895000,54.344612,54.804612,53.738613,53.867279,144547974.00000003
1589981400,54.699945,55.066612,54.119946,54.370612,109639174
1590067800,54.399946,55.499945,53.066614,55.173278,183818943
1590154200,54.811512,55.451945,54.133279,54.458612,149812274
1590499800,55.633278,55.639944,54.380279,54.591279,121346160.99999999
1590586200,54.723945,55.180611,52.333281,54.681945,173243123.00000003
1590672600,54.233946,54.983278,53.445947,53.720613,109136719
1590759000,53.916613,55.666611,53.613946,55.666611,177187512
1591018200,57.199943,59.933273,56.939943,59.873273,226279680.99999997
1591104600,59.646607,60.577273,58.066609,58.770608,203484143
1591191000,59.207941,59.862607,58.673275,58.863941,119242154
1591277400,59.325274,59.716607,57.229276,57.625276,133315828.00000003
1591363800,58.522608,59.101274,57.746609,59.043941,117178872
1591623000,61.266605,63.33327,60.610606,63.327937,212621116.99999997
1591709400,62.667271,63.629263,61.595338,62.711271,170822480
1591795800,66.125267,68.498598,65.499934,68.336598,278451473
1591882200,66.013267,67.930592,64.799935,64.855935,238747468.00000003
1591968600,65.333268,65.865267,60.839939,62.351938,251450861
1592227800,61.185939,66.589267,60.566606,66.059934,235457905
1592314200,67.456599,67.525266,64.159269,65.475268,210766380
1592400600,65.847267,66.999933,65.504668,66.119267,148362148
1592487000,66.8666,67.946599,66.297987,66.9306,146279186
1592573400,67.518599,67.731259,66.089267,66.7266,130196364.99999999
1592832600,66.663267,67.258599,66.001267,66.287934,95435345
1592919000,66.591933,67.466599,66.267274,66.785267,95479160
1593005400,66.273934,66.725573,63.542696,64.056603,164394059
1593091800,63.617936,65.731934,62.476604,65.731934,138818373
1593178200,66.3186,66.333267,63.657936,63.982603,132823751.99999997
1593437400,64.600602,67.333266,63.23461,67.289933,135396195
1593523800,67.099933,72.512594,66.915266,71.987261,253777767.99999997
1593610200,72.199928,75.688591,72.033261,74.641925,199903638.99999997
1593696600,81.431919,81.866585,79.039921,80.577253,258751983
1594042200,85.112582,91.852575,84.402849,91.438575,308548268
1594128600,93.66724,95.299905,89.113911,92.657241,322345237.00000006
1594215000,93.666573,94.483906,87.422579,91.058576,244669924
1594301400,93.132574,93.903906,90.085243,92.951907,175764145
1594387800,93.066574,103.260897,91.733915,102.976564,350063645.00000006
1594647000,110.599889,119.66588,98.073909,99.8039,584781014
1594733400,103.73323,105.999894,95.399905,101.119899,351272450.99999994
1594819800,102.866564,103.33323,97.133236,103.06723,245517680
1594906200,98.477235,102.113898,97.733236,100.042567,214511989
1594992600,100.896566,102.500564,99.333234,100.0559,139949719
1595251800,101.267232,109.99989,99.199901,109.533224,256820761
1595338200,109.328557,111.666555,103.866563,104.557229,242359441.99999997
1595424600,106.599893,108.427892,104.133229,106.155227,212416412
1595511000,111.929888,112.599887,98.717901,100.871232,364927924.00000006
1595597400,94.400572,97.666569,91.102582,94.466572,290949530
1595856600,95.666571,103.195897,94.199926,102.639897,240730275
1595943000,100.266566,104.313229,98.294568,98.432568,237130737
1596029400,100.066567,102.320564,99.133234,99.940567,141403536
1596115800,99.199901,100.882566,98.066569,99.165901,114315699
1596202200,100.999899,101.136566,94.731905,95.383905,183704583.00000003
1596461400,96.613237,100.653906,96.292197,98.999901,132140322.00000001
1596547800,99.667234,101.827232,97.466569,99.133234,126224975.99999999
1596634200,99.532567,99.989127,97.887235,99.001234,74670299
1596720600,99.388567,101.153899,98.483902,99.305234,89884784
1596807000,99.969,99.983233,94.333906,96.847236,133446433.00000001
1597066200,96.533237,97.16657,92.389241,94.571239,112834072
1597152600,93.066574,94.666572,90.999909,91.625908,129387639
1597239000,97.999902,105.666561,95.666571,103.650563,328482838
1597325400,107.399893,110.078557,104.483896,108.066559,306379926.00000006
1597411800,110.999222,111.253222,108.442558,110.047223,188664398.00000003
1597671000,111.799888,123.05721,111.521888,122.375878,303635148
1597757400,126.599207,128.259872,123.00721,125.805874,247117612
1597843800,124.333209,127.399873,122.747211,125.235208,183080148
1597930200,124.045209,134.799199,123.803876,133.4552,309177249
1598016600,136.317197,139.699194,135.003198,136.665197,322343707.00000006
1598275800,141.751525,141.933191,128.501205,134.279866,300954615
1598362200,131.659202,135.196531,131.199869,134.889198,159883554.00000003
1598448600,137.333196,144.399856,136.90847,143.544523,213590943
1598535000,145.363855,153.039847,142.833191,149.249851,355396000
1598621400,153.007847,154.565845,145.767854,147.559852,301217941
1598880600,148.203185,166.713167,146.703187,166.106501,355123573
1598967000,167.379833,167.496499,156.83651,158.349842,270358527
1599053400,159.663174,159.67984,135.040065,149.123184,288528672
1599139800,135.743198,143.933189,133.999866,135.666531,262788520
1599226200,134.269866,142.666524,124.006576,139.439861,330965985
1599571800,118.666548,122.91321,109.95989,110.06989,346397419
1599658200,118.866548,122.999877,113.836553,122.093211,238397545.00000003
1599744600,128.736538,132.996534,120.186546,123.779876,254792078
1599831000,127.313206,127.499873,120.166547,124.239876,182152559
1600090200,126.983206,139.99986,124.433209,139.873193,249062073
1600176600,145.519854,153.979846,143.566523,149.91985,291894975
1600263000,146.623187,152.596514,145.103188,147.253186,217640497
1600349400,138.533195,145.929854,135.999897,141.143192,230337719
1600435800,149.313184,150.333183,142.93319,147.383186,259220716
1600695000,151.043182,151.893181,135.689864,149.796517,328430728
1600781400,143.199857,145.919854,139.199894,141.409859,238742623
1600867800,135.053198,137.383196,125.293241,126.78654,285222813
1600954200,121.266545,133.166533,117.099883,129.263204,289683472
1601040600,131.156536,136.243964,130.433203,135.779864,201625578
1601299800,141.539858,142.693191,138.516528,140.39986,149158832
1601386200,138.666528,142.833191,137.199863,139.68986,151024363
1601472600,140.43986,144.643189,140.156527,143.00319,144436842
1601559000,146.919853,149.626517,144.806522,149.386517,152224514
1601645400,140.463193,146.37652,138.333195,138.363195,214290289
1601904600,141.116526,144.546522,139.776527,141.893191,134168492
1601991000,141.263192,142.92649,135.349865,137.993195,147438924
1602077400,139.956527,143.299857,137.948195,141.766525,129383255.99999999
1602163800,146.146521,146.333187,141.766525,141.973191,121263469
1602250200,143.376523,144.863155,142.153225,144.666522,86777054
1602509400,147.333186,149.57985,146.193187,147.433186,116373515
1602595800,147.783186,149.62985,145.533188,148.883184,103391097.99999999
1602682200,149.926517,155.299845,149.116518,153.766513,144136326
1602768600,150.103183,152.189848,147.499852,149.626517,107017168.99999999
1602855000,151.479849,151.983148,146.283187,146.55652,98327735
1603114200,148.746518,148.999851,142.956524,143.609856,108863637
1603200600,143.916523,143.916523,139.683227,140.646526,94968961
1603287000,140.899859,144.316522,140.416526,140.879859,97111480
1603373400,147.306519,148.409852,141.503192,141.929858,119979691.99999999
1603459800,140.613193,140.961826,135.793231,140.20986,101151041.00000001
1603719000,137.209863,141.919858,136.66653,140.093193,84717567
1603805400,141.253192,143.499857,140.033193,141.559858,68059586
1603891800,138.826528,139.533194,135.333198,135.339865,76354303
1603978200,136.653197,139.353194,135.486531,136.943196,67965991
1604064600,135.631664,135.863697,126.369874,129.346537,127763044.00000001
1604327400,131.333202,135.659831,130.766536,133.5032,87063441
1604413800,136.57653,142.589857,135.563198,141.299859,103055248
1604500200,143.539856,145.133188,139.033194,140.326526,96429267
1604586600,142.766524,146.66652,141.333225,146.029854,85243654
1604673000,145.366521,145.523188,141.426525,143.316523,65118107
1604932200,146.499854,150.833183,140.333193,140.41986,104499179
1605018600,140.02986,140.02986,132.009901,136.78653,90852762
1605105000,138.816528,139.56486,136.859863,139.043194,52073217.99999999
1605191400,138.349862,140.999859,136.50653,137.253196,59821558.99999999
1605277800,136.949863,137.510496,133.886533,136.166531,59491112
1605537000,136.309864,137.483196,134.695465,136.029864,80515985
1605623400,153.389847,153.999846,144.336522,147.203186,183565026
1605709800,149.449851,165.333168,147.833219,162.213171,234132306
1605796200,163.999836,169.536897,162.523171,166.423167,187426225
1605882600,165.996501,167.499833,163.019837,163.20317,98735864
1606141800,167.833165,175.333158,167.263166,173.949826,150781062
1606228200,180.133153,186.663147,175.399825,185.126482,160945642
1606314600,183.35315,191.333142,181.789818,191.333142,146790632
1606487400,193.719806,199.593134,192.816474,195.253138,112683345.99999999
1606746600,200.736466,202.599797,184.836482,189.199811,189009345
1606833000,199.19646776,199.28313434,190.68314293,194.91980536,121148616.9732737
1606919400,185.47981479,190.5131431,180.40315319,189.60647733,143327102.119659
1607005800,196.67313694,199.6564673,194.14313947,197.79313583,127656136.47137459
1607092200,197.00313662,199.67980061,195.16647178,199.67980061,88204030.07636882
1607351400,201.63969865,216.26165072,201.01646594,213.91978639,168929295.6847975
1607437800,208.50145847,217.09311655,206.1664608,216.62645035,192795279.51623914
1607524200,217.89644909,218.10644888,195.99980428,201.49313213,213873783.5642354
1607610600,191.45647549,209.24979105,188.77981149,209.02312461,201249659.9583832
1607697000,205.00312863,207.9997923,198.93313469,203.32979696,139425061.2232657
1607956200,206.3331273,214.24975273,203.39983023,213.2764537,156122102.89614108
1608042600,214.42645255,215.63311801,207.9331257,211.08312256,135670812.47445062
1608129000,209.40979089,210.83312281,201.66646529,207.58979271,126287565.10478401
1608215400,209.39645757,219.60644738,206.4997938,218.63311502,168810600.56627417
1608301800,222.96644402,231.66643534,209.51312412,231.66643534,666379247.4147698
1608561000,222.07977824,222.83311082,215.35645162,216.61978369,174135965.88393188
1608647400,215.99978431,216.62645035,204.74312889,213.44645353,155585087.35990277
1608733800,210.73312291,217.16641648,207.52315944,215.32645165,99519015.37497748
1608820200,214.32978598,222.02977829,213.66645331,220.58977973,68596772.49748962
1609165800,224.83644216,227.13310653,220.26644672,221.22977909,96835779.69562536
1609252200,220.33311332,223.29977702,218.33311532,221.99644499,68732501.63302231
1609338600,223.99977632,232.19976814,222.7865442,231.59310208,128538191.35215284
1609425000,233.32976701,239.57309411,230.37310329,235.22309845,148949932.7343515
1609770600,239.81976053,248.1630522,239.06292795,243.25642376,145914712.70352444
1609857000,241.21975913,246.94642008,239.73309395,245.03642198,96735591.59558226
1609943400,252.82974754,257.99974237,249.69975066,251.9930817,134100028.90594052
1610029800,259.20974117,272.32972806,258.39974197,272.01306171,154496998.27338853
1610116200,285.33304841,294.8297056,279.46305427,293.33970708,225166808.84091583
1610375400,283.13305061,284.8097156,267.87379918,270.39639666,178662616.40403077
1610461800,276.9997234,289.33304442,275.77972462,283.14638393,138812298.61138996
1610548200,284.25304949,286.82304693,277.3330564,284.80304894,99937587.7929441
1610634600,281.12971928,287.66637942,279.58305415,281.66638541,93799074.66331547
1610721000,283.99971641,286.63304711,273.0330607,275.38639168,116332904.16453086
1611066600,279.2663878,283.33305041,277.6663894,281.51638556,76101015.99087192
1611153000,286.24638083,286.49971391,279.09305464,283.48305026,76997725.88628396
1611239400,284.99971541,285.23968184,280.4730866,281.66305208,61794460.70502309
1611325800,278.10305563,282.66638441,276.20639086,282.21305153,60199551.11242187
1611585000,284.99971541,300.13303363,279.6064208,293.59970682,123520314.3415384
1611671400,297.12636997,298.63303513,290.53304322,294.3630394,69394878.29444028
1611757800,290.11637697,297.16636993,286.21971419,288.0530457,82001946.88326216
1611844200,273.3330604,282.66638441,266.99973339,278.47638859,79134223.01968886
1611930600,276.6664904,280.80305294,260.03307368,264.50973587,104972366.82043608
1612189800,271.42972896,280.66638641,265.1864352,279.93638714,76174231.06398103
1612276200,281.55971885,293.49970692,280.73325301,290.92970949,73038711.93300006
1612362600,292.33970808,292.69304106,284.35458272,284.89638218,55030584.95093697
1612449000,284.99971541,285.49971491,277.80638926,283.32971708,47438030.36937139
1612535400,281.66638541,288.25637883,279.65638741,284.076383,55699966.61934981
1612794600,289.88971053,292.58970783,284.91638216,287.80637928,60485217.3976747
1612881000,285.03971537,286.59971381,280.58305316,283.15305059,45472998.4071835
1612967400,281.21138586,281.60638547,266.67306705,268.27306545,108648378.49112731
1613053800,270.81306291,276.62635711,267.24139981,270.55306317,64868323.77443722
1613140200,267.08639997,272.44306128,261.77660527,272.03972835,71305010.20180757
1613485800,272.66639439,273.6663934,264.1464029,265.40640164,59407031.32104913
1613572200,259.69640735,266.61306711,254.0030797,266.04973434,78236772.12353688
1613658600,260.29974008,264.89640215,258.75640828,262.45973792,53871227.79325778
1613745000,264.99973538,265.59636812,259.12307459,260.43307328,56874821.79250456
1614004200,254.21307949,256.16641087,236.73309694,238.16642884,111809259.6474336
1614090600,220.70977961,237.86972914,206.3331273,232.94643406,199820845.53163674
1614177000,237.28309639,248.33308536,231.38976894,247.33975302,110300960.14131711
1614263400,242.0497583,245.73528795,223.52644346,227.40643959,117071681.90223932
1614349800,233.33310034,235.56643144,219.83644715,225.16644183,123267642.08923185
1614609000,230.03643696,239.66642735,228.34977198,239.47642754,81408798.29097205
1614695400,239.42642759,240.36975998,228.33310533,228.81310485,71196545.09349945
1614781800,229.329771,233.56643344,217.23478308,217.73311592,90623970.49280678
1614868200,218.59978172,222.83311082,199.99980029,207.14645982,197758787.4725632
1614954600,208.68645828,209.28042436,179.82982043,199.31646764,268189644.8014831
1615213800,200.18313344,206.70812692,186.26314734,187.66647927,155361029.13616884
1615300200,202.72646423,226.0297743,198.40313522,224.52644246,202570186.27699825
1615386600,233.43310024,239.2830944,218.3531153,222.6864443,181817197.55404618
1615473000,233.13310054,234.16643284,225.72644127,233.19976714,108761784.60436928
1615559400,223.33311032,231.62643538,222.04624494,231.24310242,100751620.60579872
1615815000,231.3631023,237.72642928,228.01310565,235.97976436,88270525.14276765
1615901400,234.44976589,235.9730977,223.66644332,225.62644137,96587112.44731802
1615987800,218.95644803,234.57643243,217.00311664,233.93643307,121117479.94218172
1616074200,228.0964389,229.74310392,217.33311631,217.7197826,100107165.96227682
1616160600,215.53311811,219.07644791,208.20649209,218.28978203,128682062.49581575
1616419800,228.1964388,233.2064338,222.91644407,223.33311032,118536781.3652183
1616506200,225.25644174,225.93310773,219.16978115,220.7197796,91475701.34330489
1616592600,222.63644435,222.67311098,210.03645693,210.08979021,101385623.23888373
1616679000,204.3331293,215.16645181,203.16646379,213.46312018,117674667.50435221
1616765400,213.95645302,214.60645237,199.96313366,206.23646073,101558582.41159257
1617024600,205.21312842,205.49312814,198.67313495,203.76312986,85911040.78669827
1617111000,200.58313304,212.55312109,197.00313662,211.87312177,118297195.12597881
1617197400,215.53978477,223.99977632,213.70311994,222.64311101,100011963.86721252
1617283800,229.45643754,230.80653619,219.80644718,220.58311307,105895239.74197328
1617629400,235.90309777,236.05309762,228.23310543,230.34976998,125528426.34674399
1617715800,230.09977023,232.18310149,227.12310654,230.53976979,84815601.69284464
1617802200,228.99977133,230.45976987,222.61311104,223.65644333,78928377.81414159
1617888600,225.79310787,229.84973715,223.88144311,227.93310573,71773058.66917862
1617975000,225.92310774,226.98977334,223.14311051,225.67310799,64311325.21824484
1618234200,228.56643843,234.93309874,227.3631063,233.99309968,87407097.28058946
1618320600,237.56642944,254.33307937,236.88643012,254.10641293,133958557.76467413
1618407000,256.89974347,260.26307345,242.67642434,244.07642294,147052448.83961388
1618493400,247.69975266,247.89641913,240.43642658,246.28308741,83546783.42586277
1618579800,242.8830908,249.80308389,241.53309215,246.5930871,83938661.817174
1618839000,239.86642715,241.79975855,230.59980307,238.20976213,119058796.88647828
1618925400,239.13976121,245.74975461,236.89476345,239.66309402,106827220.67260532
1619011800,234.92309875,248.27975208,232.66643434,248.03975232,93646635.51109695
1619098200,247.16641986,251.25641577,239.34642767,239.89642712,106770871.61633782
1619184600,239.93309375,245.78642124,238.48642853,243.13309055,85241752.1183783
1619443800,246.99975336,249.76641726,244.20152282,246.06642096,93115598.98082902
1619530200,239.31976103,241.33309235,234.44979922,234.91309876,88311073.18325698
1619616600,232.13643487,236.16643084,231.19976913,231.46643554,66813207.71650626
1619703000,233.16976717,234.08309959,222.83317749,225.66644133,86536433.41118574
1619789400,222.52977779,238.48976186,222.04644494,236.47976386,122276288.0993127
1620048600,234.59976574,235.33309834,226.83310683,228.29977203,81129510.012088
1620135000,226.31310735,227.81523918,219.23344775,224.53310912,89218046.08891723
1620221400,227.01977331,228.43160523,222.44644454,223.64644334,65705747.61064902
1620307800,226.91977341,227.00643999,216.66645031,221.17977914,83353940.2332987
1620394200,221.93311172,229.99977033,220.07311358,224.12310953,70407586.30568257
1620653400,221.63311202,221.68311197,209.20315777,209.67979062,94177345.04103836
1620739800,199.74646721,209.03309127,198.53313509,205.7331279,139511827.3099062
1620826200,200.82979946,206.80312683,195.58813803,196.62980365,101471039.32417619
1620912600,200.51479978,202.15309814,186.54981372,190.56314305,132554880.36302833
1620999000,194.46980581,197.623136,190.15314346,196.5798037,100112667.96777086
1621258200,191.85084176,196.57647037,187.06647987,192.27647467,97171177.03053726
1621344600,189.33314427,198.74980154,187.79314581,192.62314099,110491811.33189207
1621431000,184.18314942,188.7364782,182.3264846,187.81981245,118735303.56345317
1621517400,191.66647528,196.28313733,190.35647659,195.59313802,92463449.32962325
1621603800,198.70313492,198.89313473,193.33314028,193.62647332,78091862.97883748
1621863000,193.86647308,204.82646214,191.21647573,202.14646481,103674370.52431843
1621949400,202.43646452,204.66312897,198.56980172,201.56313206,84017882.89628042
1622035800,202.51979777,208.72312491,200.49979979,206.37646059,85918000.79364818
1622122200,206.74646022,210.37645659,205.40312823,210.28312335,79111857.9973562
1622208600,209.4997908,211.86312178,207.45979284,208.40645856,68211182.11245732
1622554200,209.2664577,211.26645571,206.84979345,207.966459,54254724.17619912
1622640600,206.70979359,207.78645918,199.71313391,201.70646525,69908406.80722554
1622727000,200.59979969,201.51646544,190.40647654,190.946476,90335769.2050226
1622813400,193.23647371,200.20313342,192.39980788,199.68313394,72110760.0063912
1623072600,197.27480301,203.33313029,194.29313932,201.70979858,67631113.5332283
1623159000,207.66979263,207.69645927,198.49980179,201.19646576,78160293.0471685
1623245400,200.7231329,203.92979637,199.20983441,199.59313403,49753747.68173707
1623331800,201.29313233,205.52979477,200.16646679,203.37313025,71758889.65503012
1623418200,203.40979688,204.18646278,200.50646645,203.29646366,48615957.54559371
1623677400,204.07646289,208.49645847,203.05979723,205.89646107,61272010.18332873
1623763800,205.56312807,205.59646137,199.40980088,199.78646717,53292488.21535584
1623850200,199.17813444,202.83313079,197.83313579,201.623132,66432447.33629698
1623936600,200.62906633,207.15645981,200.44646651,205.5331281,68104118.00554816
1624023000,204.45646251,209.44979085,203.9331297,207.76979253,73682788.5761445
1624282200,208.15979214,210.46312317,202.95979733,206.94312669,74438297.33055978
1624368600,206.08312755,209.52289078,205.1664618,207.90312573,57476733.39354499
1624455000,210.6664563,219.06778125,210.01312362,218.85644813,93297777.16274352
1624541400,224.996442,232.5397678,222.53644445,226.60644039,137947295.74763906
1624627800,229.85977047,231.26976906,222.89977742,223.95644303,97490218.34911682
1624887000,223.87977644,231.5664021,223.43977688,229.57310409,64884541.79063177
1624973400,228.21643878,229.16973783,225.2964417,226.91977341,52143991.06852096
1625059800,226.58977374,230.93643606,226.04644095,226.56644043,56774642.69247046
1625146200,227.97310569,229.329771,224.26644272,225.97310769,55903621.82271026
1625232600,226.32644067,233.33310034,224.4197759,226.29977403,81292203.1745457
1625578200,227.23693976,227.99977233,217.13318318,219.85978046,69853419.75231808
1625664600,221.42311223,221.89977842,212.77312087,214.88311876,56375936.29434113
1625751000,209.45645751,218.14311551,206.81979348,217.60311604,68320016.2211339
1625837400,217.72811592,219.63644735,214.89645208,218.98311467,54421698.34293162
1626096600,220.73311292,229.07977125,220.72011293,228.56643843,77781203.66862778
1626183000,228.77310489,231.09310257,222.09837822,222.84644414,62898338.8073035
1626269400,223.58311007,226.20307412,217.61311603,217.79311586,64923634.82966823
1626355800,219.46311419,222.04644494,212.62645435,216.86645011,60628773.54102307
1626442200,218.22644876,218.89974808,214.06645291,214.73978557,49112959.04187588
1626701400,209.96312367,215.73308458,207.09645987,215.40645157,63891333.79886129
1626787800,217.32978298,220.79697952,213.50012014,220.16644682,46461427.3941819
1626874200,219.86978045,221.61974537,216.76315022,218.42978189,41860055.79947006
1626960600,218.81404817,220.72311293,214.86648544,216.41978389,45317226.2516368
1627047000,215.45311819,216.26645071,212.43315454,214.45978585,43814875.75146071
1627306200,216.98978332,222.73307759,215.70311794,219.20644778,76009743.89973193
1627392600,221.13311252,222.16644482,209.07979122,214.92645205,98439968.29749216
1627479000,215.66478465,218.32308199,213.13315384,215.65978465,48019835.9503349
1627565400,216.59645038,227.8964391,216.26645071,225.78310788,91184002.05202776
1627651800,223.91910974,232.50976783,222.99977732,229.06643793,88969321.84055294
1627911000,233.33310034,242.31309137,232.79976754,236.55643045,100847395.7014352
1627997400,239.66642735,240.8830928,233.66976667,236.57976376,64860823.76694807
1628083800,236.99976334,241.63309205,236.30976403,236.9730967,51007991.93416601
1628170200,238.66642835,240.31639336,237.13642987,238.20976213,38758949.70285231
1628256600,237.29976304,238.77642824,232.54310113,233.03310064,46869193.80135813
1628515800,236.72309695,239.67642734,235.04309863,237.91976242,44146091.08219666
1628602200,237.99642901,238.86309482,233.95976638,236.66309701,40296955.23863183
1628688600,237.56976277,238.39309529,234.73643227,235.9397644,29401703.35914909
1628775000,235.44643156,240.93309275,233.13310054,240.7497596,53045110.96833663
1628861400,241.23642578,243.29975705,238.11309556,239.05642796,50194451.12180266
1629120600,235.02309865,236.49976384,225.46644153,228.72310494,69309978.20966308
1629207000,224.2197761,224.85977547,216.27978403,221.90311175,71163908.06090966
1629293400,223.24907707,231.92310175,223.11644387,229.663104,61048185.95982845
1629379800,226.06977426,228.84977148,222.52977779,224.48977583,42940500.87835136
1629466200,227.61643938,230.70973629,224.56644243,226.75310691,44525639.4611957
1629725400,228.48043852,237.3763963,226.91660674,235.43309824,60794637.70664718
1629811800,236.89309678,238.40642861,234.21309946,236.16309751,39249252.19244517
1629898200,235.67643133,238.98976136,234.66643234,237.06642994,37936723.88181653
1629984600,236.10309757,238.46642855,232.53980113,233.71976662,39642915.58553879
1630071000,234.99976534,238.33309534,234.03313297,237.3064297,41501330.44126389
1630330200,238.23809544,243.66642335,237.57642943,243.63642338,55812715.73193574
1630416600,244.33308935,246.79642023,242.14642487,245.23975511,62566370.47581564
1630503000,244.69308899,247.32975303,243.7564566,244.69642232,39613044.55571099
1630589400,244.83308885,246.98975337,243.51309017,244.12975622,38390255.33469157
1630675800,244.0828896,244.66642235,241.39975895,244.52308916,45813180.74687348
1631021400,246.66642036,253.39974697,246.41975394,250.97308272,60119535.0325216
1631107800,253.85974651,254.81641222,246.92418677,251.28974907,56379164.29756446
1631194200,251.13641589,254.03307967,250.54311649,251.61974874,42233235.1721093
1631280600,253.19974717,254.2030795,244.83978885,245.42308827,45552555.48662543
1631539800,246.73785362,248.2597521,236.28309739,247.66641936,68857514.75785449
1631626200,247.52308617,251.48974887,245.46642156,248.16308553,55574698.49426298
1631712600,248.33308536,252.28641475,246.11975424,251.94308175,46073101.00641755
1631799000,250.94308275,252.9697474,249.20308449,252.32974804,41770220.70976498
1631885400,252.38308132,253.67974669,249.99975036,253.16308054,84612612.49014924
1632144600,244.85232217,247.33308636,239.54139414,243.38975696,74273030.16553181
1632231000,244.92975542,248.24638545,243.47975687,246.4597539,48992217.92130951
1632317400,247.84185252,251.22304914,246.37308732,250.64641638,45378861.31318265
1632403800,251.66641536,252.73308097,249.30641772,251.21308248,35842616.79074033
1632490200,248.62975173,258.26640877,248.18641884,258.12974224,64119130.02632782
1632749400,257.70640933,266.33306739,256.4364106,263.78640326,84212055.09017158
1632835800,262.39973798,265.2130685,255.39311164,259.18640786,76144342.03413525
1632922200,259.93307378,264.49973588,256.89307681,260.43640661,62828693.73775923
1633008600,260.33307338,263.04323734,258.33307537,258.49307521,53867936.78997155
1633095000,259.46640758,260.25974012,254.52974584,258.40640863,51094293.02034218
1633354200,265.49973488,268.98969807,258.70640833,260.50973987,91450114.31775488
1633440600,261.59847211,265.76973461,258.06640897,260.19640685,55297930.21789529
1633527000,258.73307497,262.21973816,257.73974263,260.91640613,43898347.83481198
1633613400,261.81973856,268.33306539,261.12640592,264.53640251,57587403.50405493
1633699800,265.40306831,265.45973492,260.30307341,261.82973855,50215862.1431827
1633959000,262.54973783,267.07973331,261.83307188,263.9797364,42601008.53935038
1634045400,266.97640008,270.77306295,265.52306819,268.57306515,66060185.96457439
1634131800,270.1563969,271.80306192,268.59306513,270.35973003,42360267.29895757
1634218200,271.82972856,273.41639365,271.11642928,272.77306095,36741546.68836916
1634304600,274.57919248,281.06971934,274.11639295,281.0097194,56773757.69158674
1634563800,283.92971648,291.753042,283.82304992,290.03637705,72621804.51669605
1634650200,292.50970791,292.64970777,287.50304625,288.08971233,52143436.06796677
1634736600,288.44971197,289.82971059,285.79304795,288.59971182,42096198.0352705
1634823000,285.33304841,299.99970043,285.16791524,297.99970243,94444456.30776303
1634909400,298.49970193,303.33303044,296.98637011,303.22636388,68642573.54322438
1635168600,316.84301695,348.33965216,314.73301906,341.61965887,188556485.28357986
1635255000,341.56299226,364.97963555,333.813,339.47632768,187245090.9740836
1635341400,346.55298728,356.95964356,343.59299024,345.95298788,115579492.41220954
1635427800,356.10131108,360.33297352,351.39964911,359.01297484,81639600.52144024
1635514200,360.6196399,371.73629547,357.73464278,371.33296254,89755340.6254341
1635773400,381.66628555,403.24959733,372.88629432,402.86293105,168146315.90295094
1635859800,386.45128077,402.86293105,381.99961855,390.66627657,128213519.02795042
1635946200,392.44294146,405.12959546,384.20628302,404.61959597,103885660.73530282
1636032600,411.46958913,414.49625277,405.66626159,409.96959062,76192306.08202986
1636119000,409.33292459,413.28958731,402.66626458,407.36292656,64886500.79258794
1636381800,383.26128396,398.99960158,377.66628955,387.64627958,100337245.19202304
1636468200,391.19960937,391.49960907,337.17299665,341.16632599,177317685.061046
1636554600,336.80299702,359.36630782,329.10300471,355.98297787,128408294.22244371
1636641000,367.58963294,368.32296554,351.55964895,354.50297934,67189771.09252462
1636727400,349.16631801,351.49964901,339.73299409,344.47298936,76719520.60848133
1636986600,339.20966128,343.99298984,326.19967427,337.79632936,104327051.17605442
1637073000,334.43633271,352.39961478,334.05966642,351.5763156,79627156.5119089
1637159400,354.50297934,373.21296066,351.83298201,363.00297086,94336189.19965263
1637245800,368.84963168,370.66629654,358.33964218,365.45963507,62696852.60610892
1637332200,366.28963424,379.57292098,364.23296963,379.01962153,64926838.8328676
1637591400,387.44294645,400.64959993,377.47628974,385.62294827,99217626.0740244
1637677800,389.16961139,393.49957374,354.23297961,369.67629753,108515208.35814992
1637764200,360.12964039,377.58962296,353.99964651,371.99962854,67680781.58282445
1637937000,366.48963404,369.59386427,360.33297352,360.63963988,35042704.99198627
1638196200,366.9963002,380.88961966,366.7296338,378.99628822,58393459.3089441
1638282600,381.45628576,389.33294456,372.66629454,381.58628563,81276195.15856086
1638369000,386.89794699,390.94624295,363.58630361,364.99963553,68804162.70457967
1638455400,366.35296751,370.99962954,352.21631496,361.53297232,73114942.0091198
1638541800,361.59630559,363.524737,333.40300041,338.3229955,92322077.18845572
1638801000,333.83633331,340.54632661,316.83301696,336.33633082,81663192.54499811
1638887400,348.0663191,352.55761462,342.26965823,350.58298326,56084627.00345346
1638973800,350.90298294,357.45964306,344.33302283,356.3196442,41906411.84575901
1639060200,353.54631363,354.16297968,334.11966636,334.59966588,59438555.35252753
1639146600,336.24966424,340.32622683,327.50967296,339.00966148,59664425.57807084
1639405800,333.69633345,334.99966548,317.13968332,322.136345,78595584.4818299
1639492200,314.99968546,322.136345,309.99969045,319.50301429,70806340.70385982
1639578600,317.73634939,326.24964089,309.41639103,325.32967514,75169305.06050949
1639665000,331.49966898,331.65966882,307.28302649,308.97302481,82771531.65173307
1639751400,304.92302885,320.21964691,303.01306409,310.85635626,100880362.73435451
1640010600,303.56636354,307.22915988,297.7963693,299.97970045,56480069.39832351
1640097000,305.62302815,313.16635395,295.37303839,312.84302094,71517986.41447555
1640183400,321.88634525,338.55296194,319.01634811,336.2896642,93634179.49865898
1640269800,335.59966489,357.65854286,332.51966796,355.66631151,92713379.57919176
1640615400,357.88964263,372.33296154,356.90471028,364.64630255,71145890.04291773
1640701800,369.82963071,372.99959421,359.47297438,362.82297104,60323967.23665793
1640788200,366.21296765,367.99963253,354.71297913,362.06297179,56154101.07282698
1640874600,353.7763134,365.18296868,351.04964946,356.77964374,47040985.97290166
1640961000,357.8144427,360.66627319,351.52964898,352.25964825,40733665.67471019
1641220200,382.5829513,400.35626689,378.67962187,399.92626732,104686151.53463504
1641306600,396.51627072,402.66626458,374.34962619,383.19628402,100248358.1032646
1641393000,382.216285,390.11294378,360.33634018,362.70630448,80119877.00391626
1641479400,358.99964152,362.66630452,340.16632699,354.89964561,90336564.20581645
1641565800,360.12297373,360.30960688,336.66633049,342.31965818,84164832.04301688
1641825000,333.33300048,353.03298081,326.66634047,352.70631447,91814968.68208116
1641911400,351.22298262,358.61630857,346.27298756,354.79964571,66063275.96765992
1641997800,359.61630757,371.61296226,357.52967632,368.73963179,83739098.61789966
1642084200,369.68796418,371.86629534,342.17935832,343.85298998,97209889.06919327
1642170600,339.95966053,350.66631651,337.79259603,349.86965064,72924483.81893726
1642516200,342.20132496,356.92961025,338.68632847,343.50299033,66989475.89251932
1642602600,347.23465327,351.55628229,331.66633548,331.88300193,75442563.33337227
1642689000,336.57633058,347.21965328,331.33300248,332.08966839,70488814.38679308
1642775400,332.1130017,334.84966563,313.49968695,314.63301916,103416130.26645193
1643034600,301.58636552,311.17072261,283.82304992,309.99969045,152375294.15475523
1643121000,304.73302904,317.08635004,301.06969937,306.13302764,86595992.47065862
1643207400,317.47634965,329.22967125,301.99969844,312.46968798,104867387.71560891
1643293800,311.11968933,311.79635532,276.3330574,276.3663907,147109715.89679807
1643380200,277.18638988,285.83304791,264.00306971,282.11638496,134789084.5939989
1643639400,290.90304285,312.66302112,287.34971307,312.23968821,104436200.28504555
1643725800,311.73635538,314.56635256,301.66636544,310.4163567,73138411.03255485
1643812200,309.39302439,310.49968995,296.46970396,301.88636522,66793101.69642934
1643898600,293.99970643,312.33302145,293.50637358,297.04637005,78855636.74150579
1643985000,299.07303469,312.16635495,293.72304004,307.77302601,73625539.5189783
1644244200,307.92969252,315.92301787,300.9026662,302.44636466,60994524.90624506
1644330600,301.84303193,308.76299168,298.26636883,307.33302644,50729063.65564144
1644417000,311.66635545,315.42298503,306.66636044,310.66635645,52259596.18395876
1644503400,302.78969765,314.60301919,298.89970153,301.51636559,66126897.0311889
1644589800,303.20969723,305.31969512,283.56638351,286.66638041,79645948.53067373
1644849000,287.18971323,299.62633414,284.38304936,291.9197085,67756483.65841696
1644935400,299.99970043,307.66635945,297.79216931,307.47635964,57649599.56616097
1645021800,304.68302909,308.8096583,300.40303336,307.79635932,51294447.2202067
1645108200,304.41969602,306.16632761,291.36637572,292.11637497,55178473.09861106
1645194600,295.33303843,295.62303814,279.20305453,285.65971475,68501909.40276383
1645540200,278.04305569,285.57764817,267.03310002,273.84305989,83288285.16773868
1645626600,276.80972359,278.4329553,253.51974685,254.67974569,95257103.11923365
1645713000,233.46310021,267.49306623,233.33310034,266.9230668,135322410.12655255
1645799400,269.74306398,273.1663939,260.79990624,269.9563971,76067838.9577429
1646058600,271.66972872,292.2863748,271.56889549,290.14304361,99006965.8636691
1646145000,289.89304386,296.62637047,284.59304915,288.12304563,74766935.65872246
1646231400,290.70970971,295.49303827,281.42375232,293.29637379,74643512.53547797
1646317800,292.92304083,295.47937161,277.53308953,279.76305397,61623568.53437826
1646404200,283.03305071,285.21638186,275.05335868,279.42972097,67179928.08269586
1646663400,285.43304831,288.71304504,268.1897322,268.19306553,72494244.38932054
1646749800,265.17640187,283.32971708,260.72307299,274.7997256,80399186.2828213
1646836200,279.82638725,286.8530469,277.33638973,286.32304742,59184038.09837865
1646922600,283.81638326,284.81638226,270.1197636,279.4330543,58648702.56381793
1647009000,280.06538701,281.26705247,264.58973579,265.11640193,67037232.94020724
1647264600,260.20307351,266.89973349,252.01308168,255.45641158,71152334.04935241
1647351000,258.42307528,268.5230652,252.18974818,267.29639976,66841209.74446777
1647437400,269.66639739,280.66638641,267.4197663,280.076387,84028904.90728648
1647523800,276.99639007,291.66637542,275.23899183,290.53304322,66583038.48667017
1647610200,291.49637559,302.61636449,289.12971129,301.79636531,100414291.26895761
1647869400,304.99302878,314.2830195,302.36303141,307.05302672,81981729.8630744
1647955800,309.99969045,332.61966786,307.24969319,331.32633582,105868662.71543473
1648042200,326.64634049,346.8996536,325.46634167,333.03633411,120676269.50160986
1648128600,336.57633058,341.49632566,329.59967088,337.97299585,68920946.82119475
1648215000,335.99966449,340.59962656,332.43970137,336.87966361,62031607.94182709
1648474200,355.03297881,365.95960124,351.19964931,363.94630325,102506181.35782002
1648560600,369.3296312,371.58962895,357.70297615,366.52296734,73614892.5083467
1648647000,363.72297014,371.31629589,361.33297252,364.6629692,59865065.77842065
1648733400,364.85630234,367.71293282,358.87997497,359.19964132,48992805.92189666
1648819800,360.38297347,364.91630228,355.54631163,361.52963899,54263277.18473975
1649079000,363.12630407,383.30295058,357.50964301,381.8162854,82177783.05884384
1649165400,378.76628845,384.28961627,362.43297142,363.75297011,80075098.95920303
1649251800,357.82297603,359.66630752,342.5663246,348.58631858,89348624.21930635
1649338200,350.79631638,358.86297499,340.51302665,352.41964809,79447138.33215128
1649424600,347.73631943,349.47965103,340.81132635,341.82965866,55013742.93411932
1649683800,326.79967367,336.15569766,324.87967559,325.30967516,59357264.27135411
1649770200,332.5463346,340.39702676,325.5330416,328.98300483,65976161.88067192
1649856600,327.02467345,342.07965842,324.36534277,340.7896597,55121266.04148681
1649943000,333.09633405,337.56962959,327.39633974,328.33300548,58422463.33790614
1650288600,329.67633747,338.30632885,324.469676,334.76299905,51715272.64042304
1650375000,335.01966546,344.97965552,331.77466871,342.71632445,49847881.77573492
1650461400,343.3329905,344.6663225,325.08304205,325.73300807,70711396.60905315
1650547800,358.24297561,364.07296979,332.13800168,336.25966423,105416442.2638688
1650634200,338.30299552,344.94965555,331.33303581,335.01633213,69696627.59575285
1650893400,326.32300748,336.20633095,325.09967537,332.67300114,68341403.24248996
1650979800,331.80966867,333.33300048,291.66637542,292.13970828,136133802.93677098
1651066200,299.52636757,305.99969444,292.4530413,293.83637326,76956472.84509061
1651152600,299.99303377,299.99970043,273.8997265,292.50304125,124948651.76780854
1651239000,300.74969969,311.46632232,289.99971042,290.2530435,88133083.00552446
1651498200,286.92304683,302.11966498,282.6763844,300.97969946,75781446.67176512
1651584600,301.05969938,308.02635909,296.1963709,303.08303069,63709638.61742909
1651671000,301.31303246,318.49968196,295.09303867,317.53968292,81643785.52561918
1651757400,313.06968738,315.19968526,285.89971451,291.09304266,92519285.38537848
1651843800,295.66637143,295.99970443,281.03471937,288.54971187,72903183.79766805
1652103000,278.81638825,281.8763852,260.38307333,262.36973801,90810312.67887925
1652189400,273.10306063,275.11972528,258.08307562,266.67973371,84401715.27955727
1652275800,264.99973538,269.9230638,242.39975795,244.66642235,97224556.08383906
1652362200,233.66643334,253.21974715,226.66644033,242.66642435,140313002.10992143
1652448600,257.82640921,262.4497046,250.52141651,256.52974384,92150816.01744242
1652707800,255.71974465,256.58641045,239.69592732,241.45642556,86098624.97401096
1652794200,249.11975124,254.82641221,242.9497574,253.8697465,80236190.12006104
1652880600,248.17308552,253.49974687,233.60310007,236.60309707,87811899.68480597
1652967000,235.66643134,244.66642235,231.36976896,236.4730972,90296763.16607301
1653053400,237.99642901,240.52709315,210.99978931,221.29977902,144973449.76362383
1653312600,218.33978198,226.65147368,212.68645429,224.96644203,88903726.77505282
1653399000,217.84311581,217.97311568,206.85646011,209.38645758,89092603.96365663
1653485400,207.94979235,223.10644388,207.66982596,219.59978072,92139416.0060589
1653571800,220.47311318,239.55639412,217.8864491,235.90976443,106003449.85002677
1653658200,241.0830926,253.26641377,240.1767935,253.20974716,89295071.1658308
1654003800,257.94640909,259.59974078,244.74308894,252.75308095,101914472.76696783
1654090200,251.71974864,257.32640971,243.63975671,246.78975357,77248040.13623592
1654176600,244.15642286,264.20973617,242.06642495,258.33307537,93473211.33792378
1654263000,243.22475713,247.7963859,233.41756692,234.51643249,112393849.23117708
1654522200,244.35308933,244.86642215,234.34976599,238.27976206,84204606.08273336
1654608600,233.99976634,239.99642702,230.09310357,238.88642813,72808674.70329577
1654695000,240.08642693,249.96308373,239.17642784,241.86642515,76210696.10039328
1654781400,249.33975102,255.54637816,239.32642769,239.70642731,96491403.35174745
1654867800,235.15643185,239.49976085,227.91310575,232.22976811,98090995.94902489
1655127000,223.16644382,226.63310703,214.68311896,215.73645124,102767364.61862527
1655213400,218.2864487,226.329774,211.73645524,220.88977943,97988893.84707056
1655299800,220.91644607,235.66306468,218.14978217,232.99976734,119132053.95962933
1655386200,222.73644425,225.16644183,208.69312494,213.09978721,107390807.23537618
1655472600,213.43312021,220.96917935,213.19645378,216.75978355,92641862.50777818
1655818200,224.60310906,243.57712344,224.33310932,237.03642997,122793077.61535424
1655904600,234.50309917,246.83308686,233.82643318,236.08643092,101527361.38041674
1655991000,237.90476244,239.3164277,228.63643836,235.06976527,104202782.05196516
1656077400,237.46809621,246.06642096,236.08643092,245.70642132,95770790.6321777
1656336600,249.36641766,252.06974829,242.56529112,244.91975543,89178401.04932955
1656423000,244.4830892,249.96975039,232.34310133,232.66310101,90666591.5353661
1656509400,230.49976983,231.17310249,222.27311138,228.48977184,82897336.7773561
1656595800,224.50977581,229.45643754,218.86311479,224.47310918,94600546.46362728
1656682200,226.99977333,230.2297701,222.11981153,227.2631064,74460518.35274865
1657027800,222.99977732,233.14643386,216.16648415,233.06643394,84779196.6564923
1657114200,230.77976955,234.56309911,227.18643981,231.73310194,71853701.74970499
1657200600,233.91976642,245.36142166,232.20976813,244.54308914,81930771.8121901
1657287000,242.33309135,254.97971206,241.16119252,250.76308293,101854187.70677003
1657546200,252.10308159,253.06308064,233.62643338,234.34309933,99509319.36529551
1657632600,236.84643016,239.77309391,228.3681053,233.06976727,87931047.80378164
1657719000,225.49977483,242.05972496,225.03310863,237.0397633,97954594.81282116
1657805400,234.89643211,238.65309503,229.33310433,238.31309536,78557577.44387789
1657891800,239.99976035,243.62305673,236.88976345,240.06642695,69683088.58223343
1658151000,244.93642208,250.51641651,239.60309408,240.54642647,82537510.41805054
1658237400,244.99975535,247.13975322,236.97643003,245.52975483,80890190.77311514
1658323800,246.78308691,250.66308303,243.48275687,247.49975286,88864177.73556101
1658410200,255.10641193,273.2663938,254.86641217,271.70639535,142032318.8267497
1658496600,276.21972418,280.78638629,270.71306301,272.24306148,103472950.32318975
1658755800,272.21639484,274.14639292,267.39973299,268.43306529,64073568.98083272
1658842200,266.51306721,267.30969974,256.26307744,258.85974151,66820824.72411224
1658928600,263.80973657,275.92532447,261.78977192,274.81972558,88110075.9825507
1659015000,280.06638701,283.29971711,272.79972759,280.89971951,84723075.60045245
1659101400,280.69971971,298.31970211,279.0997213,297.14970328,95312978.17502785
1659360600,301.27469916,311.87792191,294.99970543,297.27636982,117043004.8736038
1659447000,294.00303976,307.83302595,292.66637442,300.58636652,95577563.43923017
1659533400,304.99969544,309.5496909,301.14969929,307.39635971,80091184.97526579
1659619800,310.99968945,313.60635351,304.99969544,308.63302515,72256389.15180954
1659706200,302.66969777,304.60632917,285.54438154,288.16971225,113173010.00921014
1659965400,294.99970543,305.19969524,289.08511133,290.42304333,99365373.2215577
1660051800,290.29304346,292.39637469,279.35305438,283.33305041,86244767.1199416
1660138200,297.06637003,297.50970292,283.36971704,294.35637274,94918966.78158672
1660224600,296.51303725,298.23636886,285.83304791,286.62971378,70155115.05357672
1660311000,289.414711,300.15970027,285.03304871,300.0297004,79657366.54207522
1660570200,301.78636532,313.13302065,301.22969921,309.31969113,89359256.22992297
1660656600,311.66635545,314.66635246,302.88303089,306.56302721,88136410.00884663
1660743000,303.39636371,309.65635746,300.03303373,303.99636311,68766038.6665108
1660829400,305.99969444,306.49969394,301.85303192,302.86969757,47500583.43183391
1660915800,298.99970143,300.35970007,292.49970792,296.66637043,61395448.30658819
1661175000,291.91304184,292.39970802,286.29638078,289.91304384,55843402.76257835
1661261400,291.4530423,298.82633494,287.92304583,296.45303731,63985107.89249966
1661347800,297.5630362,303.64636346,296.49970393,297.09637,57259773.17689879
1661434200,302.36,302.96,291.6,296.07,53230013
1661520600,297.43,302,287.47,288.09,57163947
1661779800,282.83,287.74,280.7,284.82,41864742
1661866200,287.865,288.48,272.65,277.7,50541759
1661952600,280.62,281.25,271.81,275.61,52107337
1662039000,272.575,277.58,266.15,277.16,54287024
1662125400,281.065,282.35,269.08,270.21,50890090
1662471000,272.675,275.99,265.74,274.42,55859984
1662557400,273.1,283.84,272.27,283.7,50028916
1662643800,281.3,289.5,279.76,289.26,53713124
1662730200,291.67,299.85,291.245,299.68,54470854
1662989400,300.72,305.49,300.4,304.42,48674604
1663075800,292.9,297.3999,290.4,292.13,68229619
1663162200,292.24,306,291.64,302.61,72628653
1663248600,301.825,309.12,300.7247,303.75,64795523
1663335000,299.605,303.71,295.6005,303.35,87087786
1663594200,300.09,309.84,297.8,309.07,60231156
1663680600,306.91,313.33,305.58,308.73,61642783
1663767000,308.29,313.8,300.63,300.8,62555656
1663853400,299.86,301.29,285.82,288.59,70545413
1663939800,283.09,284.5,272.82,275.33,63748362
1664199000,271.83,284.09,270.31,276.01,58076913
1664285400,283.84,288.67,277.51,282.94,61925185
1664371800,283.08,289,277.57,287.81,54664809
1664458200,282.76,283.65,265.78,268.21,77620642
1664544600,266.145,275.57,262.47,265.25,67726598
1664803800,254.5,255.16,241.01,242.4,98363541
1664890200,250.52,257.5,242.01,249.44,109578535
1664976600,245.01,246.6697,233.27,240.81,86982673
1665063000,239.44,244.58,235.35,238.13,69298437
1665149400,233.935,234.5715,222.02,223.07,83916800
1665408600,223.93,226.99,218.3582,222.96,67925018
1665495000,220.945,225.75,215,216.5,77013202
1665581400,215.33,219.2999,211.51,217.24,66860699
1665667800,208.3,222.99,206.22,221.72,91483045
1665754200,224.01,226.26,204.16,204.99,94124511
1666013400,210.04,221.86,209.45,219.35,79428810
1666099800,229.5,229.82,217.25,220.19,75891905
1666186200,219.8,222.93,217.78,222.04,66571479
1666272600,208.28,215.55,202,207.28,117798062
1666359000,206.415,214.66,203.8,214.44,75713754
1666618200,205.82,213.5,198.5863,211.25,100446765
1666704600,210.1,224.3498,210,222.415,96507870
1666791000,219.4,230.6,218.2,224.64,85327078
1666877400,229.77,233.81,222.85,225.09,61638824
1666963800,225.4,228.86,216.35,228.52,69152386
1667223000,226.19,229.85,221.94,227.54,61554341
1667309400,234.05,237.3951,227.28,227.82,62688822
1667395800,226.04,227.8699,214.82,214.98,63070293
1667482200,211.36,221.2,210.14,215.31,56538848
1667568600,222.6,223.8,203.08,207.47,98622212
1667831400,208.65,208.9,196.66,197.08,93916520
1667917800,194.02,195.2,186.75,191.3,128803404
1668004200,190.775,195.89,177.12,177.59,127062659
1668090600,189.9,191,180.03,190.72,132703015
1668177000,186,196.52,182.59,195.97,114403575
1668436200,192.77,195.73,186.34,190.95,92226649
1668522600,195.88,200.8237,192.06,194.42,91293785
1668609000,191.51,192.57,185.66,186.92,66567599
1668695400,183.96,186.16,180.9,183.17,64335970
1668781800,185.05,185.19,176.55,180.19,76048866
1669041000,175.85,176.77,167.54,167.87,92882712
1669127400,168.63,170.92,166.185,169.91,78452327
1669213800,173.57,183.62,172.5,183.2,109536709
1669386600,185.06,185.2,180.63,182.86,50672739
1669645800,179.96,188.5,179,182.92,93038148
1669732200,184.99,186.38,178.75,180.83,83357111
1669818600,182.43,194.76,180.6301,194.7,109186404
1669905000,197.08,198.92,191.8,194.7,80046213
1669991400,191.78,196.25,191.11,194.86,73645922
1670250600,189.44,191.27,180.55,182.45,93122667
1670337000,181.215,183.65,175.33,179.82,92150823
1670423400,175.03,179.38,172.218,174.04,84213284
1670509800,172.2,175.2,169.06,173.44,97624491
1670596200,173.84,182.5,173.36,179.05,104872336
1670855400,176.1,177.37,167.52,167.82,109794471
1670941800,174.87,175.05,156.91,160.95,175862722
1671028200,159.25,161.62,155.31,156.8,140682338
1671114600,153.44,160.9299,153.28,157.67,122334459
1671201000,159.635,160.99,150.04,150.23,139032175
1671460200,154,155.25,145.82,149.87,139390634
1671546600,146.05,148.47,137.66,137.8,159563267
1671633000,139.335,141.26,135.89,137.57,145417412
1671719400,136,136.63,122.26,125.35,210090250
1671805800,126.37,128.6173,121.02,123.15,166989688
1672151400,117.495,119.67,108.76,109.1,208643444
1672237800,110.35,116.27,108.24,112.71,221070537
1672324200,120.385,123.57,117.495,121.82,221923313
1672410600,119.95,124.48,119.75,123.18,157777339
1672756200,118.47,118.8,104.64,108.1,231402818
1672842600,109.11,114.59,107.52,113.64,180388976
1672929000,110.51,111.75,107.1601,110.34,157986324
1673015400,103,114.39,101.81,113.06,220911051
1673274600,118.96,123.52,117.11,119.77,190283951
1673361000,121.07,122.76,114.92,118.85,167642485
1673447400,122.09,125.95,120.51,123.22,183810771
1673533800,122.56,124.1311,117,123.56,169400913
1673620200,116.55,122.63,115.6,122.4,180714119
1673965800,125.695,131.7,125.02,131.49,186476985
1674052200,136.555,136.68,127.01,128.78,195680318
1674138600,127.26,129.99,124.3082,127.17,170291880
1674225000,128.68,133.51,127.3466,133.42,138858136
1674484200,135.87,145.3793,134.27,143.75,203119211
1674570600,143,146.5,141.1,143.89,158699056
1674657000,141.905,146.41,138.07,144.43,192734347
1674743400,159.965,161.42,154.76,160.27,234815090
1674829800,162.43,180.68,161.17,177.9,306590613
1675089000,178.05,179.77,166.5,166.66,230878807
1675175400,164.57,174.3,162.78,173.22,196813541
1675261800,173.89,183.805,169.93,181.41,213806323
1675348200,187.325,196.7501,182.61,188.27,217448287
1675434600,183.95,199,183.69,189.98,232662023
1675693800,193.01,198.17,189.92,194.76,186188131
1675780200,196.43,197.5,189.55,196.81,186010325
1675866600,196.1,203,194.31,201.29,180673644
1675953000,207.775,214,204.77,207.32,215431442
1676039400,202.225,206.2,192.89,196.89,204754129
1676298600,194.415,196.3,187.61,194.64,172475452
1676385000,191.94,209.82,189.44,209.25,216455708
1676471400,211.755,214.66,206.11,214.24,182108581
1676557800,210.78,217.65,201.84,202.04,229586538
1676644200,199.985,208.44,197.5,208.31,213738549
1676989800,204.99,209.71,197.22,197.37,180018588
1677076200,197.93,201.99,191.78,200.86,191828457
1677162600,203.91,205.14,196.33,202.07,146359950
1677249000,196.325,197.6695,192.8,196.88,142228105
1677508200,202.03,209.42,201.26,207.63,161028315
1677594600,210.59,211.23,203.75,205.71,153144912
1677681000,206.21,207.2,198.52,202.77,156852790
1677767400,186.74,193.7499,186.01,190.9,181979154
1677853800,194.795,200.48,192.88,197.79,154193277
1678113000,198.54,198.6,192.3,193.81,128100106
1678199400,191.38,194.2,186.1,187.71,148125790
1678285800,185.04,186.5,180,182,151897763
1678372200,180.25,185.18,172.5124,172.92,170023794
1678458600,175.13,178.29,168.44,173.44,191488872
1678714200,167.455,177.35,163.91,174.48,167790256
1678800600,177.31,183.8,177.1401,183.26,143717897
1678887000,180.8,182.34,176.03,180.45,145995583
1678973400,180.365,185.81,178.84,184.13,121374453
1679059800,184.515,186.2199,177.33,180.13,133197140
1679319000,178.08,186.44,176.35,183.25,129684359
1679405400,188.28,198,188.04,197.58,153391444
1679491800,199.3,200.66,190.95,191.15,150376373
1679578200,195.26,199.31,188.65,192.22,144193876
1679664600,191.65,192.36,187.15,190.41,116531584
1679923800,194.415,197.39,189.94,191.81,120851587
1680010200,192,192.35,185.43,189.19,98654635
1680096600,193.13,195.29,189.44,193.88,123660026
1680183000,195.58,197.33,194.42,195.28,110252238
1680269400,197.53,207.79,197.2,207.46,170222118
1680528600,199.91,202.6897,192.2,194.77,169545900
1680615000,197.32,198.7446,190.32,192.58,126463845
1680701400,190.515,190.68,183.76,185.52,133882493
1680787800,183.08,186.39,179.74,185.06,123857932
1681133400,179.94,185.1,176.11,184.51,142154637
1681219800,186.69,189.19,185.6475,186.79,115770892
1681306200,190.74,191.5846,180.31,180.54,150256278
1681392600,182.955,186.5,180.94,185.9,112932985
1681479000,183.95,186.28,182.01,185,96438664
1681738200,186.32,189.69,182.69,187.04,116662189
1681824600,187.15,187.69,183.5775,184.31,92067016
1681911000,179.1,183.5,177.65,180.59,125732687
1681997400,166.165,169.7,160.56,162.99,210970819
1682083800,164.8,166,161.3208,165.08,123538954
1682343000,164.65,165.65,158.61,162.55,140006559
1682429400,159.82,163.47,158.75,160.67,121999312
1682515800,160.29,160.67,153.14,153.75,153364142
1682602200,152.64,160.48,152.37,160.19,127015177
1682688600,160.9,165,157.32,164.31,122515812
1682947800,163.17,163.28,158.83,161.83,109015048
1683034200,161.88,165.49,158.93,160.31,128259744
1683120600,160.01,165,159.91,160.61,119727972
1683207000,162.71,162.95,159.65,161.2,95108492
1683293400,163.97,170.7899,163.51,170.06,107607259
1683552600,173.72,173.8,169.19,171.79,112249449
1683639000,168.95,169.82,166.56,169.15,88965043
1683725400,172.55,174.43,166.68,168.54,119840693
1683811800,168.7,173.57,166.79,172.08,103889930
1683898200,176.07,177.38,167.23,167.98,157849625
1684157400,167.655,169.76,164.5499,166.35,105592510
1684243800,165.65,169.5184,164.35,166.52,98288792
1684330200,168.41,174.5,167.185,173.86,125473558
1684416600,174.22,177.06,172.45,176.89,109520332
1684503000,177.17,181.95,176.31,180.14,136196668
1684762200,180.7,189.32,180.11,188.87,132001430
1684848600,186.2,192.96,185.26,185.77,156952130
1684935000,182.23,184.22,178.22,182.9,137605054
1685021400,186.54,186.78,180.58,184.47,96870719
1685107800,184.62,198.6,184.53,193.17,162061496
1685453400,200.1,204.48,197.53,201.16,128818746
1685539800,199.78,203.95,195.12,203.93,150711736
1685626200,202.59,209.8,199.37,207.52,148029931
1685712600,210.15,217.25,209.752,213.97,164398372
1685971800,217.8,221.29,214.52,217.61,151143052
1686058200,216.14,221.91,212.53,221.31,146911576
1686144600,228,230.8296,223.2,224.57,185710777
1686231000,224.22,235.23,223.01,234.86,164489739
1686317400,249.07,252.42,242.02,244.4,200242371
1686576600,247.94,250.97,244.59,249.83,150740523
1686663000,253.51,259.68,251.34,258.71,162384343
1686749400,260.17,261.57,250.5,256.79,170575536
1686835800,248.4,258.95,247.29,255.9,160171238
1686922200,258.92,263.6,257.2091,260.54,167915649
1687267800,261.5,274.75,261.12,274.45,165611217
1687354200,275.13,276.99,257.78,259.46,211797109
1687440600,250.77,265,248.25,264.61,166875944
1687527000,259.29,262.45,252.8,256.6,177460803
1687786200,250.065,258.37,240.7,241.05,179990552
1687872600,243.24,250.3899,240.85,250.21,164968214
1687959000,249.7,259.88,248.89,256.24,159770797
1688045400,258.03,260.74,253.61,257.5,131283360
1688131800,260.6,264.45,259.89,261.77,112620784
1688391000,276.49,284.25,275.11,279.82,119685891
1688563800,278.82,283.85,277.6,282.48,131530862
1688650200,278.09,279.97,272.88,276.54,120707419
1688736600,278.43,280.78,273.77,274.43,113879174
1688995800,276.47,277.52,265.1,269.61,119425405
1689082200,268.65,270.9,266.37,269.79,91972358
1689168600,276.325,276.52,271.46,271.99,95672139
1689255000,274.59,279.45,270.6,277.9,112681458
1689341400,277.01,285.3,276.31,281.38,120062369
1689600600,286.625,292.23,283.57,290.38,131569593
1689687000,290.15,295.26,286.01,293.34,112434713
1689773400,296.04,299.29,289.5201,291.26,142355353
1689859800,279.56,280.93,261.2,262.9,175158273
1689946200,268,268,255.8,260.02,161796073
1690205400,255.85,269.85,254.12,269.06,137005037
1690291800,272.38,272.9,265,265.28,112757327
1690378200,263.25,268.04,261.75,264.35,95856177
1690464600,268.31,269.13,255.3,255.71,103697263
1690551000,259.86,267.25,258.2312,266.44,111446026
1690810200,267.48,269.08,263.78,267.43,84582172
1690896600,266.26,266.47,260.25,261.07,83645720
1690983000,255.57,259.52,250.49,254.11,101752865
1691069400,252.04,260.49,252,259.32,97829545
1691155800,260.97,264.77,253.11,253.86,99539907
1691415000,251.45,253.6511,242.76,251.45,111097943
1691501400,247.45,250.92,245.01,249.7,96642183
1691587800,250.87,251.1,241.9,242.19,101596324
1691674200,245.4,251.8,243,245.34,109498608
1691760600,241.77,243.79,238.02,242.65,99038642
1692019800,235.7,240.66,233.75,239.76,98595331
1692106200,238.73,240.5,232.61,232.96,88197599
1692192600,228.02,233.97,225.38,225.6,112484520
1692279000,226.06,226.74,218.83,219.22,120718417
1692365400,214.12,217.58,212.36,215.49,136276584
1692624600,221.5512,232.1343,220.58,231.28,135702671
1692711000,240.25,240.82,229.55,233.19,130597886
1692797400,229.34,238.98,229.29,236.86,101077635
1692883800,238.66,238.92,228.1801,230.04,99777432
1692970200,231.31,239,230.35,238.59,106612231
1693229400,242.58,244.38,235.35,238.82,107673727
1693315800,238.58,257.48,237.77,257.18,134047603
1693402200,254.2,260.51,250.59,256.9,121988437
1693488600,255.98,261.18,255.05,258.08,108861698
1693575000,257.26,259.0794,242.01,245.01,132541640
1693920600,245,258,244.86,256.49,129469565
1694007000,255.135,255.39,245.06,251.92,116959759
1694093400,245.07,252.81,243.265,251.49,115312886
1694179800,251.22,256.52,246.67,248.5,118559635
1694439000,264.27,274.85,260.61,273.58,174667852
1694525400,270.76,278.39,266.6,267.48,135999866
1694611800,270.07,274.98,268.1,271.3,111673737
1694698200,271.32,276.7094,270.42,276.04,107709842
1694784600,277.55,278.98,271,274.39,133692313
1695043800,271.16,271.44,263.7601,265.28,101543305
1695130200,264.35,267.85,261.2,266.5,103704040
1695216600,267.04,273.93,262.4606,262.59,122514643
1695303000,257.85,260.86,254.21,255.7,119951516
1695389400,257.4,257.7888,244.48,244.88,127524083
1695648600,243.38,247.1,238.31,246.99,104636557
1695735000,242.98,249.55,241.6601,244.12,101993631
1695821400,244.262,245.33,234.58,240.5,136597184
1695907800,240.02,247.55,238.65,246.38,117058870
1695994200,250,254.77,246.35,250.22,128522729
1696253400,244.81,254.2799,242.62,251.6,123810402
1696339800,248.61,250.02,244.45,246.53,101985305
1696426200,248.14,261.86,247.6,261.16,129721567
1696512600,260,263.6,256.25,260.05,119159214
1696599000,253.98,261.65,250.65,260.53,118121812
1696858200,255.31,261.36,252.05,259.67,101377947
1696944600,257.75,268.94,257.65,263.62,122656030
1697031000,266.2,268.6,260.9,262.99,103706266
1697117400,262.92,265.41,256.6307,258.87,111508114
1697203800,258.9,259.6,250.22,251.12,102296786
1697463000,250.05,255.3999,248.48,253.92,88917176
1697549400,250.1,257.183,247.08,254.85,93562909
1697635800,252.7,254.63,242.08,242.68,125147846
1697722200,225.95,230.61,216.78,220.11,170772713
1697808600,217.01,218.8606,210.42,211.99,138010095
1698067800,210,216.98,202.51,212.08,150683368
1698154200,216.5,222.05,214.11,216.52,118231113
1698240600,215.88,220.1,212.2,212.42,107065087
1698327000,211.32,214.8,204.88,205.76,115112635
1698413400,210.6,212.41,205.77,207.3,94881173
1698672600,209.28,210.88,194.67,197.36,136448167
1698759000,196.12,202.8,194.07,200.84,118068273
1698845400,204.04,205.99,197.85,205.66,121661656
1698931800,212.97,219.2,211.45,218.51,125987621
1699018200,221.15,226.3701,218.4,219.96,119534790
1699281000,223.98,226.32,215,219.27,117335820
1699367400,219.98,223.12,215.72,222.18,116900130
1699453800,223.15,224.15,217.64,222.11,106584841
1699540200,219.75,220.8,206.68,209.98,142110454
1699626600,210.03,215.38,205.69,214.65,131310128
1699885800,215.6,225.4,211.6101,223.71,140447569
1699972200,235.03,238.135,230.72,237.41,149771642
1700058600,239.29,246.7,236.45,242.84,150353975
1700145000,239.49,240.88,230.96,233.59,136816819
1700231400,232,237.39,226.54,234.3,142766234
1700490600,234.04,237.1,231.02,235.6,116562402
1700577000,235.04,243.62,233.34,241.2,122288000
1700663400,242.04,244.01,231.4,234.21,118117078
1700836200,233.75,238.75,232.33,235.45,65125203
1701095400,236.89,238.33,232.1,236.08,112031763
1701181800,236.68,247,234.01,246.72,148549913
1701268200,249.21,252.75,242.76,244.14,135401335
1701354600,245.14,245.22,236.91,240.08,132353196
1701441000,233.14,240.19,231.9,238.83,121331709
1701700200,235.75,239.3733,233.2902,235.58,104099817
1701786600,233.87,246.66,233.7,238.72,137971115
1701873000,242.92,246.57,239.1709,239.37,126436179
1701959400,241.55,244.08,236.98,242.64,107142262
1702045800,240.27,245.27,239.2701,243.84,103126829
1702305000,242.74,243.441,237.45,239.74,97913888
1702391400,238.55,238.99,233.87,237.01,95328313
1702477800,234.19,240.3,228.2,239.29,146286348
1702564200,241.22,253.88,240.79,251.05,160829239
1702650600,251.21,254.13,248.3,253.5,135932762
1702909800,253.78,258.74,251.36,252.08,116416490
1702996200,253.48,258.3399,253.01,257.22,106737369
1703082600,256.41,259.84,247,247.14,125096987
1703169000,251.9,254.7999,248.55,254.5,109594227
1703255400,256.76,258.22,251.37,252.54,93370094
1703601000,254.49,257.97,252.91,256.61,86892382
1703687400,258.35,263.34,257.52,261.44,106494359
1703773800,263.66,265.13,252.71,253.18,113619943
1703860200,255.1,255.19,247.43,248.48,100891578
1704205800,250.08,251.25,244.41,248.42,104654163
1704292200,244.98,245.68,236.32,238.45,121082599
1704378600,239.25,242.7,237.73,237.93,102629283
1704465000,236.86,240.1196,234.9001,237.49,92488939
1704724200,236.14,241.25,235.3,240.45,85166580
1704810600,238.11,238.9646,232.04,234.96,96705664
1704897000,235.1,235.5,231.29,233.94,91628502
1704983400,230.57,230.93,225.37,227.22,105873612
1705069800,220.08,225.34,217.1501,218.89,123043812
1705415400,215.1,223.49,212.18,219.91,115355046
1705501800,214.86,215.67,212.01,215.55,103164400
1705588200,216.88,217.45,208.74,211.88,108595431
1705674600,209.99,213.19,207.56,212.19,102260343
1705933800,212.26,217.8,206.27,208.8,117952527
1706020200,211.3,215.65,207.7516,209.14,106605946
1706106600,211.88,212.73,206.77,207.83,123369932
1706193000,189.7,193,180.06,182.63,198076787
1706279400,185.5,186.78,182.1,183.25,107343231
1706538600,185.63,191.48,183.67,190.93,125013148
1706625000,195.33,196.3593,190.61,191.59,109982327
1706711400,186.995,193.97,185.8459,187.29,103221430
1706797800,188.5,189.88,184.28,188.86,91843275
1706884200,185.04,188.69,182,187.91,110612672
1707143400,184.26,184.68,175.01,181.06,134294447
1707229800,177.21,186.49,177.11,185.1,122675954
1707316200,188.18,189.79,182.68,187.58,111535217
1707402600,189,191.6171,185.58,189.56,83034043
1707489000,190.18,194.12,189.48,193.57,84476347
1707748200,192.11,194.73,187.28,188.13,95498597
1707834600,183.99,187.26,182.1087,184.02,86759478
1707921000,185.3,188.89,183.35,188.71,81202987
1708007400,189.16,200.88,188.8595,200.45,120831762
1708093800,202.06,203.17,197.4,199.95,111346705
1708439400,196.13,198.6,189.13,193.76,104545762
1708525800,193.36,199.44,191.95,194.77,103844008
1708612200,194,198.32,191.36,197.41,92739461
1708698600,195.31,197.57,191.5,191.97,78841917
1708957800,192.29,201.78,192,199.4,111747116
1709044200,204.04,205.6,198.26,199.73,108645412
1709130600,200.42,205.3,198.44,202.04,99806173
1709217000,204.18,205.28,198.4463,201.88,85906974
1709303400,200.52,204.52,198.5,202.64,82243119
1709562600,198.73,199.75,186.72,188.14,134334869
1709649000,183.05,184.59,177.57,180.74,119660758
1709735400,179.99,181.576,173.7,176.54,107920944
1709821800,174.35,180.04,173.7,178.65,102129004
1709908200,181.5,182.73,174.7,175.34,85544644
1710163800,175.445,182.87,174.8,177.77,85391528
1710250200,177.77,179.43,172.4101,177.54,87391684
1710336600,173.05,176.05,169.15,169.48,106524518
1710423000,167.77,171.17,160.51,162.5,126325696
1710509400,163.16,165.1845,160.76,163.57,97146832
1710768600,170.02,174.72,165.9,173.8,108214358
1710855000,172.36,172.82,167.42,171.32,77271428
1710941400,173,176.25,170.82,175.66,83846726
1711027800,176.39,178.18,171.8,172.82,73178014
1711114200,166.69,171.2,166.3,170.83,75580637
1711373400,168.76,175.24,168.73,172.63,74228615
1711459800,178.58,184.25,177.38,177.67,113186227
1711546200,181.41,181.91,176,179.83,81804043
1711632600,177.45,179.57,175.3,175.79,77654838
1711978200,176.17,176.75,170.21,175.22,81562127
1712064600,164.75,167.69,163.43,166.63,116650594
1712151000,164.02,168.82,163.28,168.38,82950141
1712237400,170.07,177.19,168.01,171.11,123161960
1712323800,169.08,170.86,160.51,164.9,143157603
1712583000,169.34,174.5,167.79,172.98,104423320
1712669400,172.91,179.22,171.92,176.88,103232675
1712755800,173.04,174.93,170.01,171.76,84532407
1712842200,172.55,175.88,168.51,174.6,94515987
1712928600,172.34,173.8099,170.3644,171.05,64722669
1713187800,170.24,170.69,161.38,161.48,100245310
1713274200,156.742,158.19,153.75,157.11,96999956
1713360600,157.64,158.33,153.78,155.45,82439718
1713447000,151.25,152.2,148.7,149.93,96098830
1713533400,148.97,150.94,146.22,147.05,87074500
1713792600,140.56,144.44,138.8025,142.05,107097564
1713879000,143.33,147.26,141.11,144.68,124545104
1713965400,162.84,167.97,157.51,162.13,181178020
1714051800,158.96,170.88,158.36,170.18,126427521
1714138200,168.85,172.12,166.37,168.29,109815725
1714397400,188.42,198.87,184.54,194.05,243869678
1714483800,186.98,190.95,182.8401,183.28,127031787
1714570200,182,185.86,179.01,179.99,92829719
1714656600,182.86,184.6,176.02,180.01,89148041
1714743000,182.1,184.78,178.42,181.19,75491539
1715002200,183.8,187.56,182.2,184.76,84390253
1715088600,182.4,183.26,177.4,177.81,75045854
1715175000,171.59,176.06,170.15,174.72,79969488
1715261400,175.01,175.62,171.37,171.97,65950292
1715347800,173.05,173.0599,167.75,168.47,72627178
1715607000,170,175.4,169,171.89,67018903
1715693400,174.4959,179.49,174.07,177.55,86407422
1715779800,179.9,180,173.11,173.99,79662993
1715866200,174.1,175.79,171.43,174.84,59812220
1715952600,173.55,179.63,172.75,177.46,77445845
1716211800,177.56,177.754,173.52,174.95,61727425
1716298200,175.51,186.875,174.71,186.6,115266512
1716384600,182.85,183.8,178.12,180.11,88313477
1716471000,181.8,181.9,173.26,173.74,71975496
1716557400,174.835,180.08,173.73,179.24,65584478
1716903000,176.4,178.25,173.16,176.75,59736620
1716989400,174.19,178.15,173.93,176.19,54782649
1717075800,178.575,182.67,175.38,178.79,77784755
1717162200,178.5,180.32,173.82,178.08,67314602
1717421400,178.13,182.6389,174.49,176.29,68568920
1717507800,174.775,177.755,174,174.77,60056340
1717594200,175.35,176.15,172.13,175,57953756
1717680600,174.6,179.73,172.73,177.94,69887024
1717767000,176.13,179.35,175.58,177.48,56244932
1718026200,176.06,178.57,173.17,173.79,50869682
1718112600,173.92,174.75,167.41,170.66,64761928
1718199000,171.12,180.55,169.8,177.29,90389446
1718285400,188.39,191.08,181.23,182.47,118984122
1718371800,185.8,186,176.92,178.01,82038194
1718631000,177.92,188.81,177,187.44,109786083
1718717400,186.56,187.2,182.37,184.86,68982265
1718890200,184.68,185.21,179.66,181.57,55893139
1718976600,182.3,183.95,180.69,183.01,63029482
1719235800,184.97,188.8,182.55,182.58,61992070
1719322200,184.4,187.97,182.01,187.35,63678265
1719408600,186.54,197.755,186.36,196.37,95737066
1719495000,195.17,198.72,194.05,197.42,72746521
1719581400,199.55,203.2,195.26,197.88,95438068
1719840600,201.02,213.23,200.85,209.86,135691395
1719927000,218.89,231.3,218.06,231.26,205047920
1720013400,234.56,248.35,234.25,246.39,166561471
1720186200,249.81,252.37,242.4601,251.52,154501152
1720445400,247.71,259.439,244.57,252.94,157219580
1720531800,251,265.61,250.3,262.33,160742516
1720618200,262.8,267.59,257.86,263.26,128519430
1720704600,263.3,271,239.65,241.03,221707273
1720791000,235.8,251.84,233.0912,248.23,155955773
1721050200,255.97,265.6,251.73,252.64,146912920
1721136600,255.31,258.62,245.8001,256.56,126332470
1721223000,252.73,258.47,246.182,248.5,115584810
1721309400,251.09,257.14,247.2,249.23,110869037
1721395800,247.79,249.44,236.83,239.2,87403903
1721655000,244.21,253.21,243.75,251.51,101225430
1721741400,253.6,255.7594,245.63,246.38,111928192
1721827800,225.42,225.99,214.71,215.99,167942939
1721914200,216.8,226,216.231,220.25,100636466
1722000600,221.19,222.2799,215.33,219.8,94604145
1722259800,224.9,234.27,224.7,232.1,129201789
1722346200,232.25,232.41,220,222.62,100560334
1722432600,227.9,234.68,226.7875,232.07,67497011
1722519000,227.69,231.867,214.3328,216.86,83861898
1722605400,214.88,216.13,205.78,207.67,82880120
1722864600,185.22,203.8799,182,198.88,100308836
1722951000,200.75,202.9,192.67,200.64,73783942
1723037400,200.77,203.49,191.48,191.76,71159778
1723123800,195.7,200.7,192.04,198.84,65033874
1723210200,197.05,200.88,195.11,200,58648274
1723469400,199.02,199.26,194.67,197.49,64044903
1723555800,198.47,208.49,197.06,207.83,76247387
1723642200,207.39,208.44,198.75,201.38,70250014
1723728600,205.02,215.88,204.82,214.14,89848530
1723815000,211.15,219.8,210.8,216.12,88765122
1724074200,217.07,222.98,214.09,222.72,76435222
1724160600,224.88,228.22,219.56,221.1,74001182
1724247000,222.67,224.6594,218.86,223.27,70145964
1724333400,223.82,224.8,210.32,210.66,79514482
1724419800,214.455,221.48,214.21,220.32,81525207
1724679000,218.75,219.09,211.01,213.21,59301187
1724765400,213.25,215.66,206.94,209.21,62821390
1724851800,209.72,211.84,202.59,205.75,64116350
1724938200,209.8,214.89,205.97,206.28,62308818
1725024600,208.63,214.5701,207.03,214.11,63370608
1725370200,215.26,219.9043,209.64,210.6,76714222
1725456600,210.59,222.22,210.57,219.41,80651767
1725543000,223.49,235,222.25,230.17,119355013
1725629400,232.6,233.6,210.51,210.73,112177004
1725888600,216.2,219.87,213.67,216.27,67443518
1725975000,220.07,226.4,218.6377,226.17,78891136
1726061400,224.55,228.47,216.8003,228.13,83548633
1726147800,224.66,231.45,223.83,229.81,72020042
1726234200,228,232.67,226.32,230.29,59515114
1726493400,229.3,229.96,223.53,226.78,54322995
1726579800,229.45,234.57,226.5533,227.87,66761636
1726666200,230.09,235.68,226.88,227.2,78010204
1726752600,234,244.24,232.13,243.92,102694576
1726839000,241.52,243.99,235.92,238.25,99879070
1727098200,242.61,250,241.92,250,86927194
1727184600,254.08,257.19,249.0501,254.27,88490999
1727271000,252.54,257.05,252.28,257.02,65034318
1727357400,260.6,261.75,251.53,254.22,67142193
1727443800,257.375,260.6999,254.12,260.46,70988067
1727703000,259.04,264.86,255.77,261.63,80873381
1727789400,262.67,263.98,248.53,258.02,87397613
1727875800,247.55,251.1585,241.5,249.02,93983930
1727962200,244.48,249.79,237.81,240.66,80729240
1728048600,246.69,250.96,244.58,250.08,86726285
1728307800,249,249.83,240.7,240.83,68113270
1728394200,243.56,246.21,240.56,244.5,56303160
1728480600,243.82,247.43,239.51,241.05,66289529
1728567000,241.81,242.7899,232.34,238.77,83087063
1728653400,220.13,223.34,214.38,217.8,142628874
1728912600,220.13,221.91,213.74,219.16,86291923
1728999000,220.01,224.26,217.12,219.57,62988787
1729085400,221.4,222.8199,218.93,221.33,49632824
1729171800,221.59,222.08,217.9,220.89,50791784
1729258200,220.71,222.28,219.23,220.7,49611867
1729517400,218.9,220.48,215.726,218.85,47328988
1729603800,217.31,218.22,215.26,217.97,43268741
1729690200,217.125,218.72,212.11,213.65,80938892
1729776600,244.68,262.1199,242.65,260.48,204491903
1729863000,256.01,269.49,255.32,269.19,161611931
1730122200,270,273.536,262.24,262.51,107653603
1730208600,264.51,264.98,255.51,259.52,80521751
1730295000,258.035,263.35,255.8201,257.55,53993576
1730381400,257.99,259.75,249.25,249.85,66575292
1730467800,252.043,254,246.63,248.98,57544757
1730730600,244.56,248.9,238.88,242.84,68802354
1730817000,247.34,255.2799,246.2101,251.44,69282505
1730903400,284.67,289.59,275.62,288.53,165228710
1730989800,288.89,299.75,285.52,296.91,117309232
1731076200,299.14,328.71,297.66,321.22,204782763
1731335400,346.3,358.64,336,350,210521625
1731421800,342.74,345.84,323.31,328.49,155726016
1731508200,335.85,344.5999,322.5,330.24,125405599
1731594600,327.69,329.98,310.37,311.18,120726109
1731681000,310.57,324.6799,309.22,320.72,114440286
1731940200,340.73,348.5499,330.01,338.74,126547455
1732026600,335.76,347.3799,332.75,346,88852452
1732113000,345,346.5999,334.3,342.03,66340650
1732199400,343.81,347.9899,335.28,339.64,58011719
1732285800,341.085,361.53,337.7,352.56,89140722
1732545000,360.14,361.93,338.2,338.59,95890899
1732631400,341,346.96,335.66,338.23,62295857
1732717800,341.8,342.55,326.59,332.89,57896439
1732890600,336.08,345.45,334.6501,345.16,37167621
1733149800,352.38,360,351.1501,357.09,77986478
1733236200,351.8,355.69,348.2,351.42,58267196
1733322600,353,358.1,348.6,357.93,50810874
1733409000,359.87,375.43,359.5,369.49,81403569
1733495400,377.42,389.49,370.8,389.22,81455834
1733754600,397.61,404.8,378.01,389.79,96359173
1733841000,392.68,409.73,390.85,400.99,97563578
1733927400,409.7,424.88,402.38,424.77,104287559
1734013800,424.84,429.3,415,418.1,87752225
1734100200,420,436.3,415.71,436.23,89000158
1734359400,441.09,463.19,436.15,463.02,114083811
1734445800,475.9,483.99,457.5101,479.86,131222978
1734532200,466.495,488.5399,427.01,440.13,149340788
1734618600,451.88,456.36,420.02,436.17,118566146
1734705000,425.505,447.08,417.64,421.06,132216176
1734964200,431,434.51,415.4112,430.6,72698055
1735050600,435.9,462.78,435.14,462.28,59551750
1735223400,465.16,465.3299,451.02,454.13,76651210
1735309800,449.52,450,426.5,431.66,82666821
1735569000,419.4,427,415.75,417.41,64941012
1735655400,423.79,427.93,402.54,403.84,76825121
1735828200,390.1,392.7299,373.04,379.28,109710749
1735914600,381.48,411.8799,379.45,410.44,95423329
1736173800,423.2,426.43,401.7,411.05,85516534
1736260200,405.83,414.33,390,394.36,75699525
1736346600,392.95,402.4999,387.4,394.94,73038805
1736519400,391.4,399.28,377.29,394.74,62287333
1736778600,383.21,403.79,380.07,403.31,67580494
1736865000,414.34,422.64,394.54,396.36,84565022
1736951400,409.9,429.8,405.661,428.22,81375460
1737037800,423.49,424,409.13,413.82,68335151
1737124200,421.5,439.74,419.75,426.5,94991429
1737469800,432.64,433.2,406.31,424.07,87320894
1737556200,416.81,428,414.59,415.11,60963342
1737642600,416.06,420.73,408.95,412.38,50690592
1737729000,414.45,418.88,405.78,406.58,56427149
1737988200,394.8,406.69,389,397.15,58125510
1738074600,396.91,400.59,386.5,398.09,48910676
1738161000,395.21,398.5899,384.48,389.1,68033648
1738247400,410.78,412.5,384.41,400.28,98092879
1738333800,401.53,419.99,401.34,404.6,83568219
1738593000,386.68,389.17,374.36,383.68,93732122
1738679400,382.63,394,381.4,392.21,57072235
1738765800,387.51,388.39,375.53,378.17,57614721
1738852200,373.03,375.4,363.18,374.32,77918230
1738938600,370.19,380.5459,360.34,361.62,70298258
1739197800,356.21,362.7,350.51,350.73,77514903
1739284200,345.8,349.37,325.1,328.5,118543400
1739370600,329.94,346.4,329.12,336.51,105382729
1739457000,345,358.69,342.85,355.94,89441519
1739543400,360.62,362,347.5,355.84,68277279
1739889000,355.01,359.1,350.02,354.11,51631702
1739975400,354,367.34,353.67,360.56,67094374
1740061800,361.51,362.3,348,354.4,45965354
1740148200,353.44,354.98,334.42,337.8,74058648
1740407400,338.14,342.3973,324.7,330.53,76052321
1740493800,327.025,328.89,297.2512,302.8,134228777
1740580200,303.715,309,288.04,290.8,100118276
1740666600,291.16,297.23,280.88,281.95,101748197
1740753000,279.5,293.88,273.6,292.98,115696968
1741012200,300.34,303.94,277.3,284.65,115551414
1741098600,270.93,284.35,261.8401,272.04,126706623
1741185000,272.92,279.55,267.71,279.1,94042913
1741271400,272.06,272.65,260.02,263.45,98451566
1741357800,259.32,266.2499,250.73,262.67,102369640
1741613400,252.535,253.37,220,222.15,189076948
1741699800,225.305,237.0649,217.02,230.58,174896415
1741786200,247.22,251.84,241.1,248.09,142215681
1741872600,248.125,248.29,232.6,240.68,114813525
1741959000,247.31,251.58,240.73,249.98,100242264
1742218200,245.055,245.4,232.8,238.01,111900565
1742304600,228.155,230.1,222.28,225.31,111477636
1742391000,231.61,241.41,229.201,235.86,111993753
1742477400,233.345,238,230.0501,236.26,99028270
1742563800,234.985,249.52,234.55,248.71,132728684
1742823000,258.075,278.64,256.33,278.39,169079865
1742909400,283.6,288.2,271.28,288.14,150361538
1742995800,282.66,284.9,266.51,272.06,156254441
1743082200,272.48,291.85,271.8216,273.13,162572146
1743168600,275.575,276.1,260.57,263.55,123809389
1743427800,249.31,260.56,243.3601,259.16,134008936
1743514200,263.8,277.45,259.25,268.46,146486911
1743600600,254.6,284.99,251.27,282.76,212787817
1743687000,265.29,276.3,261.51,267.28,136174291
1743773400,255.38,261,236,239.43,181229353
1744032600,223.78,252,214.25,233.29,183453776
1744119000,245,250.44,217.8,221.86,171603472
1744205400,224.69,274.69,223.88,272.2,219433373
1744291800,260,262.49,239.33,252.4,181722604
1744378200,251.84,257.74,241.3629,252.31,128948085
1744637400,258.36,261.8,245.93,252.35,100135241
1744723800,249.91,258.75,247.54,254.11,79594318
1744810200,247.61,251.97,233.89,241.55,112378737
1744896600,243.47,244.34,237.6833,241.37,83404775
1745242200,230.26,232.21,222.79,227.5,97768007
1745328600,230.96,242.79,229.8501,237.97,120858452
1745415000,254.86,259.4499,244.43,250.74,150381903
1745501400,250.5,259.54,249.2,259.51,94464195
1745587800,261.69,286.85,259.63,284.95,167560688
1745847000,288.98,294.86,272.42,285.88,151731771
1745933400,285.5,293.32,279.4695,292.03,108906553
1746019800,279.9,284.45,270.78,282.16,128961057
1746106200,280.01,290.8688,279.81,280.52,99658974
1746192600,284.9,294.78,279.81,287.21,114454683
1746451800,284.57,284.849,274.4,280.26,94618882
1746538200,273.105,277.73,271.35,275.35,76715792
1746624600,276.88,277.92,271,276.22,71882408
1746711000,279.63,289.8,279.41,284.82,97539448
1746797400,290.21,307.04,290,298.26,132387835
1747056600,321.99,322.21,311.5,318.38,112826661
1747143000,320,337.5894,316.8,334.07,136992574
1747229400,342.5,350,337,347.68,136997264
1747315800,340.34,346.1393,334.7153,342.82,97882596
1747402200,346.24,351.62,342.33,349.98,95895665
1747661400,336.3,343,333.37,342.09,88869853
1747747800,347.87,354.9899,341.63,343.82,131715548
1747834200,344.43,347.35,332.2,334.62,102354844
1747920600,331.9,347.27,331.39,341.04,97113416
1748007000,337.92,343.18,333.21,339.34,84654818
1748352600,347.35,363.79,347.32,362.89,120146414
1748439000,364.84,365,355.91,356.9,91404309
1748525400,365.29,367.71,356,358.43,88545666
1748611800,355.52,363.68,345.29,346.46,123474938
1748871000,343.5,348.02,333.33,342.69,81873829
1748957400,346.595,355.4,343.04,344.27,99324544
1749043800,345.095,345.6,327.3308,332.05,98912075
1749130200,322.49,324.5499,273.21,284.7,292818655
1749216600,298.83,305.5,291.14,295.14,164747685
1749475800,285.955,309.83,281.85,308.58,140908876
1749562200,314.94,327.83,310.667,326.09,151256520
1749648600,334.395,335.5,322.5,326.43,122611360
1749735000,323.075,332.56,316.86,319.11,105127536
1749821400,313.97,332.99,313.3,325.31,128964279
1750080600,331.29,332.05,326.41,329.13,83925858
1750167000,326.09,327.26,314.74,316.35,88282669
1750253400,317.31,329.32,315.45,322.05,95137686
1750426200,327.95,332.36,317.78,322.16,108688008
1750685400,327.54,357.54,327.48,348.68,190716815
1750771800,356.17,356.26,340.44,340.47,114736245
1750858200,342.7,343,320.4,327.55,119845050
1750944600,324.61,331.05,323.61,325.78,80440907
1751031000,324.51,329.3393,317.495,323.63,89067049
1751290200,319.9,325.5799,316.6,317.66,76695081
1751376600,298.46,305.89,293.21,300.71,145085665
1751463000,312.63,316.832,303.82,315.65,119483730
1751549400,317.99,318.45,312.76,315.35,58042302
1751895000,291.37,296.15,288.7701,293.94,131177949
1751981400,297,304.0499,294.35,297.81,103246742
1752067800,297.55,300.15,293.55,295.88,75586771
1752154200,300.05,310.48,300,309.87,104365271
1752240600,307.89,314.09,305.65,313.51,79236442
1752499800,317.73,322.5986,312.67,316.9,78043430
1752586200,319.675,321.2,310.5,310.78,77556346
1752672600,312.8,323.5,312.62,321.67,97284786
1752759000,323.15,324.34,317.0601,319.41,73922870
1752845400,321.66,330.9,321.42,329.65,94254993
1753104600,334.4,338,326.88,328.49,75768797
1753191000,329.74,335.4098,321.55,332.11,77370371
1753277400,330.9,336.2,328.67,332.56,92553756
1753363800,310,310.15,300.41,305.3,156966023
1753450200,308.74,323.63,308.01,316.06,148227027
1753709400,318.45,330.49,315.69,325.59,112673755
1753795800,325.55,326.25,318.25,321.2,87358861
1753882200,322.18,324.4499,311.6164,319.04,83931942
1753968600,319.605,321.37,306.1,308.27,85270919
1754055000,306.205,309.31,297.82,302.63,89121446
1754314200,309.08,312.1186,303.0001,309.26,78683905
1754400600,308.95,312.4499,305.5,308.72,57961278
1754487000,307.89,320.47,306.9345,319.91,78523579
1754573400,319.79,322.4,316.16,322.27,66658672
1754659800,321.43,335.15,320.98,329.65,91200319
1754919000,335,346.64,334.15,339.03,105320174
1755005400,345,345.26,332.94,340.84,80690111
1755091800,341.5,348.98,338.2,339.38,67838892
1755178200,335.76,340.4699,330.4,335.58,75000662
1755264600,337.655,339.3,327.02,330.56,74319792
1755523800,329.62,336.27,329.59,335.16,56956552
1755610200,335.79,340.55,327.85,329.31,75956002
1755696600,329.22,331.37,314.6,323.9,77481768
1755783000,322.08,324.9,318.68,320.11,55744445
1755869400,321.66,340.25,319.69,340.01,94016347
1756128600,338.9,349.53,335.03,346.6,86670037
1756215000,344.93,351.9,343.72,351.67,76651550
1756301400,351.94,355.39,349.156,349.6,65519012
1756387800,350.91,353.55,340.26,345.98,67903224
1756474200,347.23,348.7499,331.7,333.87,81145660
1756819800,328.23,333.33,325.6,329.36,58391952
1756906200,335.2,343.33,328.51,334.09,88733288
1756992600,336.15,338.89,331.48,338.53,60711033
1757079000,348,355.87,344.6801,350.84,108989785
1757338200,354.64,358.44,344.84,346.4,75208290
1757424600,348.44,350.77,343.82,346.97,53815991
1757511000,350.55,356.33,346.07,347.79,72121679
1757597400,350.17,368.99,347.6,368.81,103756010
1757683800,370.94,396.6899,370.24,395.94,168156391
1757943000,423.13,425.7,402.43,410.04,163823667
1758029400,414.495,423.25,411.43,421.62,104285721
1758115800,415.75,428.312095,409.67,425.86,106133532
1758202200,428.865,432.2199,416.56,416.85,90454509
1758288600,421.82,429.47,421.72,426.07,93131034
1758547800,431.11,444.98,429.13,434.21,97108777
1758634200,439.88,440.97,423.72,425.85,83422691
1758720600,429.83,444.21,429.0301,442.79,93133570
1758807000,435.24,435.35,419.08,423.39,96746426
1758893400,428.3,440.47,421.02,440.4,101628160
1759152600,444.35,450.98,439.5,443.21,79491510
1759239000,441.52,445,433.12,444.72,74357960
1759325400,443.8,462.29,440.75,459.46,98122285
1759411800,470.54,470.75,435.57,436,137008950
1759498200,443.285,446.77,416.575,429.83,133188180
1759757400,440.75,453.55,436.69,453.25,85324878
1759843800,447.82,452.68,432.4501,433.09,102296082
1759930200,437.57,441.33,425.23,438.69,71192128
1760016600,431.81,436.35,426.18,435.54,69339928
1760103000,436.54,443.13,411.45,413.49,112107870
1760362200,423.53,436.89,419.7,435.9,79552785
1760448600,426.79,434.2,417.86,429.24,72669438
1760535000,434.9,440.51,426.3301,435.15,71558185
1760621400,434.73,439.35,421.3101,428.75,77189889
1760707800,425.5,441.4558,423.6,439.31,89331578
1760967000,443.865,449.8,440.61,447.43,63718971
1761053400,445.755,449.3,442.05,442.6,54412169
1761139800,443.45,445.539,429,438.97,84023458
1761226200,420,449.3999,413.9,448.98,126709833
1761312600,446.83,451.68,430.17,433.72,94727774
1761571800,439.98,460.16,438.69,452.42,105867547
1761658200,454.775,467,451.6,460.55,80185667
1761744600,462.5,465.7,452.65,461.51,67983544
1761831000,451.05,455.0607,439.61,440.1,72447938
1761917400,446.75,458,443.6855,456.56,83135787
1762180200,455.99,474.07,453.8,468.37,84595244
1762266600,454.46,460.22,443.6,444.26,87756644
1762353000,452.05,466.3299,440.71,462.07,85573015
1762439400,461.96,467.45,435.09,445.91,109622907
1762525800,437.92,439.36,421.88,429.52,103471495
1762785000,439.6,449.6715,433.36,445.23,76515907
1762871400,439.4,442.49,432.36,439.62,60533237
1762957800,442.15,442.329,426.56,430.6,58513520
1763044200,423.13,424.5,396.34,401.99,118948032
1763130600,386.3,412.19,382.78,404.35,105506682
1763389800,398.74,423.96,398.74,408.92,102214259
1763476200,405.38,408.9,393.71,401.25,80688637
1763562600,406.18,411.78,398.5,403.99,72047704
1763649000,414.63,428.94,394.74,395.23,113548827
1763735400,402.32,402.8,383.76,391.09,100460633
1763994600,402.17,421.72,401.09,417.78,96806374
1764081000,414.42,420.48,405.95,419.4,71915624
1764167400,423.95,426.94,416.89,426.58,63462996
1764340200,426.59,432.93,426.2,430.17,36252861
1764599400,425.32,433.6599,425.29,430.14,57463552
1764685800,430.81,436.8,422.12,429.24,69336626
1764772200,432.1,447.92,431.11,446.74,87482964
1764858600,449.94,454.63,445.39,454.53,71906488
1764945000,453.03,458.87,451.66,455,56427522
1765204200,447.445,449.7463,435.25,439.58,69165753
1765290600,437.54,452.39,435.7,445.17,62367442
1765377000,446.065,456.88,443.61,451.45,63257475
1765463400,448.945,449.2699,440.33,446.89,55979492
1765549800,448.09,463.01,441.67,458.96,95656749
1765809000,469.44,481.7694,467.66,475.31,114542204
1765895400,472.21,491.5,465.83,489.88,107608075
1765981800,488.22,495.2799,466.2,467.26,106490405
1766068200,478.16,490.86,473.12,483.37,95168446
1766154600,488.12,490.49,474.72,481.2,103305424
1766413800,489.88,498.83,485.33,488.73,86916066
1766500200,489.395,491.97,482.84,485.56,58223633
1766586600,488.48,490.9,476.8,485.4,41285429
1766759400,485.23,489.09,473.82,475.19,58780659
1767018600,469,469.4,459,459.64,66263033
1767105000,461.09,463.12,453.83,454.43,59238464
1767191400,456.1,456.55,449.3,449.72,49077961
1767364200,457.8,458.34,435.3,438.07,85535406
1767623400,447.99,457.5499,444.57,451.67,67940839
1767709800,446.38,448.25,428.78,432.96,89093758
1767796200,435.9,438.37,431.29,431.41,59828790
1767882600,427.89,436.89,424.365,435.8,57041094
1767969000,435.945,449.05,430.39,445.01,67331456
1768228200,441.225,454.3,438,448.96,61649627
1768314600,450.2,451.81,443.95,447.2,53719214
1768401000,442.81,443.91,434.22,439.2,57259500
1768487400,441.125,445.36,437.65,438.57,49465813
1768573800,439.5,447.25,435.2601,437.5,60220551
1768919400,429.36,430.725,417.44,419.25,63187336
1769005800,421.66,438.2,419.6201,431.44,68123987
1769092200,435.16,449.5,432.6293,449.36,71546729
1769178600,447.425,452.43,444.04,449.06,56771364
1769437800,445,445.04,434.28,435.2,49397415
1769524200,437.41,437.52,430.69,430.9,37733077
1769610600,431.91,438.26,430.1,431.46,54857403
1769697000,437.8,440.2299,414.62,416.56,81686127
1769783400,425.35,439.88,422.7,430.41,82626066
1770042600,421.29,427.15,414.5,421.81,58739455
1770129000,424.27,428.56,413.6901,421.96,56886549
1770215400,420.46,423.9,399.18,406.01,74606873
1770301800,397.015,402.1,387.5309,397.21,72819838
1770388200,400.87,414.55,397.751,411.11,62677144
1770647400,409.905,421.25,407.29,417.32,54484258
1770733800,418.08,427.25,417,425.21,64450233
1770820200,427.955,436.35,420.03,428.27,57361989
1770906600,430.3,436.23,414,417.07,61933359
1770993000,414.305,424.06,410.88,417.44,51434147
1771338600,412.36,413.72,400.51,410.63,59678789
1771425000,411.11,416.9,409.58,411.32,45921402
1771511400,407.25,415.2499,404.11,411.71,51019638
1771597800,408.3,414.7,405.5,411.82,57912225
1771857000,407.285,407.7,394.04,399.83,69680026
1771943400,399.5,410.82,397.64,409.38,58579482
1772029800,412.15,420.34,412.15,417.4,54809704
1772116200,414.42,416.81,403.66,408.58,53602497
1772202600,402.94,407.12,398.11,402.51,56890097
1772461800,390.6,404.54,388.25,403.32,55088338
1772548200,395.09,396.34,385.39,392.43,62617298