time,open,high,low,close,Volume
1332250200,145.6,145.6,145.6,145.6,19
1332336600,201.76,202.8,197.6,202.8,19
1332423000,156,197.6,156,197.6,28
1332509400,161.2,166.4,161.2,166.4,48
1332768600,161.2,161.2,161.2,161.2,4
1332855000,164.32,164.32,145.6,145.6,9
1332941400,166.4,166.4,156,156,26
1333027800,156,156,150.8,156,201
1333114200,145.6,145.6,145.6,145.6,78
1333373400,160.16,160.16,160.16,160.16,4
1333459800,145.6,145.6,145.6,145.6,57
1333546200,145.6,145.6,138.32,138.32,52
1333978200,109.2,124.8,109.2,124.8,10
1334151000,124.8,150.8,124.8,150.8,24
1334669400,114.4,156,114.4,156,105
1334755800,79.04,140.4,79.04,140.4,11
1334842200,124.8,124.8,124.8,124.8,67
1334928600,124.8,124.8,124.8,124.8,81
1335187800,119.6,119.6,119.6,119.6,14
1335965400,53.04,135.2,53.04,130,343
1336138200,53.04,119.6,53.04,119.6,5
1336483800,53.04,104,53.04,104,5
1336743000,102.96,105.04,102.96,105.04,9
1337002200,105.04,107.12,105.04,107.12,317
1337088600,64.48,105.04,62.4,105.04,39
1337261400,97.76,97.76,97.76,97.76,4
1338471000,104,104,104,104,1
1338557400,52,78,52,78,1283
1338816600,68.172,104,68.172,104,26
1338903000,56.16,105.04,56.16,102.96,18
1340631000,53.04,53.04,53.04,53.04,19
1342531800,105.04,105.04,105.04,105.04,1
1346419800,105.04,105.04,105.04,105.04,9
1346851800,52.52,104,20.8,104,109
1346938200,41.6,104,41.6,104,18
1347370200,104,104,104,104,1
1352212200,104,104,104,104,2
1352471400,104,104,52.52,52.52,5
1352730600,104,104,104,104,1
1354545000,104,104,104,104,1
1354890600,104,104,104,104,9
1355927400,104,104,104,104,1
1356964200,53.04,104,53.04,104,44
1357137000,104,104,52.52,98.7896,49
1357914600,52.52,104,52.52,104,483
1358865000,72.8,72.8,72.8,72.8,300
1358951400,87.36,87.36,72.8,72.8,11
1359556200,57.2,97.76,57.2,97.76,59
1359642600,52.52,97.76,31.2,88.4,50
1360074600,78,78,78,78,1
1360161000,78,78,78,78,1
1360247400,78,78,78,78,8
1361284200,88.4,88.4,88.4,88.4,3
1362407400,52,52,52,52,1
1362666600,50.96,52,50.96,52,28
1363008600,50.96,52,47.84,52,53
1363267800,41.6,50.96,41.6,50.96,888
1363354200,50.96,50.96,50.96,50.96,7
1363613400,41.6,41.6,41.6,41.6,8
1363786200,31.2,31.2,31.2,31.2,666
1363872600,31.2,56.16,31.2,41.6,810
1363959000,38.48,46.8,38.48,41.6,459
1364218200,38.48,38.48,36.4,36.4,120
1364304600,39.52,41.6,38.48,40.56,376
1364391000,41.6,41.6,36.4,41.6,361
1364477400,40.56,41.6,39.52,41.6,852
1364823000,39.52,39.52,36.4312,36.4312,432
1364909400,41.6,41.6,37.44,40.56,156
1364995800,34.424,40.56,34.32,40.56,29
1365082200,34.424,41.6,31.2,41.6,199
1365168600,36.4,36.4,36.4,36.4,48
1365427800,36.4,36.4,36.4,36.4,28
1365514200,34.424,41.08,34.424,41.08,14
1365687000,41.08,41.08,34.424,35.36,202
1365773400,38.48,39.52,33.28,39.52,97
1366032600,39.52,41.08,33.28,33.28,192
1366119000,41.6,41.6,39.52,40.56,655
1366205400,39.52,40.56,38.48,40.56,129
1366291800,35.36,35.36,35.36,35.36,38
1366378200,35.36,39.52,35.36,39.52,670
1366723800,39.52,41.08,36.4,36.4,669
1366810200,41.08,41.08,34.528,38.48,1200
1366896600,39.52,39.52,36.4,39.52,255
1366983000,37.44,40.56,37.44,37.44,1297
1367242200,40.976,41.6,38.48,40.56,671
1367328600,42.64,44.72,37.856,41.6,4639
1367415000,41.6,46.8,40.56,41.6208,10850
1367501400,42.12,50.96,42.12,48.88,17728
1367587800,52,52,45.552,46.124,6876
1367847000,45.24,48.88,43.888,47.32,32362
1367933400,48.88,48.88,45.24,46.8,6339
1368019800,47.944,50.96,46.8,47.84,8080
1368106200,47.84,47.84,43.68,46.7896,5096
1368192600,46.28,47.32,45.76,46.28,1736
1368451800,46.8,47.84,46.28,47.84,1542
1368538200,47.84,52,46.8,46.8,1167
1368624600,48.88,50.96,46.28,46.28,1346
1368711000,46.28,46.28,43.16,43.16,941
1368797400,43.68,47.632,39.52,47.632,1710
1369056600,39.52,43.68,39.52,43.68,1640
1369143000,41.6,47.944,41.6,45.864,2471
1369229400,43.68,46.8,42.64,46.8,1744
1369315800,46.8,46.8,42.64,44.72,1953
1369402200,40.56,44.72,40.56,44.72,339
1369747800,45.76,46.28,41.912,43.68,1696
1369834200,43.68,43.68,42.64,42.64,1253
1369920600,42.12,45.76,42.12,42.12,855
1370007000,43.68,45.656,42.64,45.656,1253
1370266200,44.72,49.92,44.72,45.7704,5183
1370352600,46.28,47.32,43.68,44.72,1504
1370439000,43.68,44.2,43.68,43.68,415
1370525400,44.72,44.72,43.68,43.68,1983
1370611800,43.68,45.76,43.68,43.68,650
1370871000,43.68,45.76,41.7144,44.2,5204
1370957400,44.2,44.2,41.704,42.12,3672
1371043800,42.744,42.744,39.52,39.52,5216
1371130200,39.52,41.392,38.48,41.08,2299
1371216600,41.08,41.08,37.96,40.56,776
1371475800,40.56,40.56,39.52,40.56,711
1371562200,40.56,41.08,34.84,39.52,5813
1371648600,39.52,40.04,39.52,39.52,499
1371735000,40.56,41.6,37.128,39.52,1867
1371821400,38.48,41.08,36.92,41.08,2750
1372080600,40.04,40.04,36.4,37.44,1525
1372167000,38.48,39,36.4,36.4,611
1372253400,37.18,38.48,36.92,38.48,399
1372339800,36.92,36.92,35.88,35.88,582
1372426200,36.4,38.48,36.4,36.4,3326
1372685400,37.44,37.44,34.32,36.92,904
1372771800,36.4,37.96,35.88,36.4,588
1372858200,36.4,36.4,34.84,34.84,895
1373031000,35.36,35.88,34.84,35.36,2154
1373290200,35.36,36.296,33.28,36.088,4438
1373376600,35.36,41.6,35.36,41.08,5339
1373463000,44.72,44.72,36.4,40.56,1338
1373549400,38.48,41.6,36.4,41.08,2390
1373635800,38.48,40.56,38.48,39,1733
1373895000,40.04,40.56,36.4,40.56,2729
1373981400,40.56,42.64,40.04,41.6,7244
1374067800,41.6,48.88,41.6,46.8,32145
1374154200,49.92,51.48,44.72,44.72,17869
1374240600,45.76,47.84,42.64,47.84,9042
1374499800,48,51.2,48,51.2,5221
1374586200,51.2,53.6,50.8,53.44,12621
1374672600,54.44,63.52,54,58.4,37328
1374759000,61.2,61.6,54.8,54.8,9822
1374845400,56.4,57.6,54.8,56,10741
1375104600,57.6,57.6,51.28,55.2,15706
1375191000,54.4,56,52.8,56,4086
1375277400,56.16,58,53.6,53.6,3889
1375363800,52.4,55.92,50.08,51.2,6473
1375450200,49.04,53.6,48.96,53.2,5421
1375709400,53.2,53.6,52,52,5268
1375795800,51.2,51.2,48.8,49.6,9890
1375882200,48.96,51.6,48.8,51.6,4660
1375968600,52,55.2,51.2,52.4,2324
1376055000,52.4,52.4,49.12,51.2,7979
1376314200,50.8,51.92,50.8,51.92,494
1376400600,50.88,52,49.6,49.6,3407
1376487000,50,51.44,49.44,50,4979
1376573400,50,50.8,48.88,50.1064,4000
1376659800,50,50,48.88,49.2,2551
1376919000,48.88,48.88,46.64,46.8,4332
1377005400,46.48,48.32,46.48,47.84,2350
1377091800,47.12,48.24,46.88,47.6,2270
1377178200,46.8,47.2,46.08,47.2,1345
1377264600,47.2,48.64,46.8,46.8,1039
1377523800,46.64,46.64,44.4,45.04,690
1377610200,45.6,46,45.6,46,464
1377696600,44.4,45.6,43.2,44.8,2500
1377783000,48,48,44.48,44.8,6486
1377869400,44.4,45.92,42.4,45.92,3593
1378215000,44.8,45.6,43.28,43.6,2740
1378301400,43.2,43.2,42.08,42.8,1426
1378387800,42,44.08,42,43.2,1067
1378474200,42.96,47.6,42.88,47.2,4588
1378733400,47.2,47.2,45.84,46.8,9531
1378819800,47.2,48.64,46.16,48.64,13400
1378906200,48.08,48.8,46.4,47.36,3626
1378992600,47.36,48.8,45.6,48,6019
1379079000,46.4,48.72,46.4,48.08,6279
1379338200,47.2,48.32,45.76,47.68,3103
1379424600,46,46.4,45.36,46.24,763
1379511000,45.6,45.6,44.08,44.72,844
1379597400,44.16,46.08,43.2,43.68,2498
1379683800,43.36,44,43.2,44,500
1379943000,44,44.8,42.64,42.64,281
1380029400,42.72,44.4,42.64,43.2,1926
1380115800,43.2,43.2,40.4,41.2,13496
1380202200,41.28,41.6,40.64,40.88,1111
1380288600,40.88,41.44,40,40.4,7164
1380547800,40.8,41.52,40.8,41.52,2108
1380634200,42,43.6,42,42.8,8613
1380720600,43.6,43.6,42.8,42.8,2556
1380807000,42.8,42.8,40.4,41.76,1455
1380893400,41.6,41.6,40,40.8,1272
1381152600,40,40.56,38,38,1110
1381239000,38.4,40.56,35.36,36.8,3869
1381325400,36,37.12,36,37.12,3685
1381411800,36.4,37.2,36.08,37.2,3768
1381498200,38.4,40.64,38.4,40.24,2359
1381757400,39.6,40.4,38,38.24,1085
1381843800,38,38.32,37.6,38.32,135
1381930200,37.2,37.52,36.8,36.8,505
1382016600,36,46.8,36,42.4,4282
1382103000,40.4,45.84,40.4,45.84,8170
1382362200,44,46.24,44,45.2,5360
1382448600,46,46.16,44.8,44.88,625
1382535000,46,46,44.8,44.8,4894
1382621400,46,46,44.8,44.8,621
1382707800,45.2,45.28,44.4,45.2,2043
1382967000,45.52,46.4,44.8,46.4,2838
1383053400,44.4,45.6,42.56,45.6,37654
1383139800,46,47.68,43.36,44.8,1500
1383226200,46.4,46.8,44,46.8,1071
1383312600,45.6,47.2,45.6,46.4,1503
1383575400,46.4,50.8,46.4,48.4,8849
1383661800,48,48.16,44,47.44,3809
1383748200,46.8,47.76,46.32,47.68,2726
1383834600,47.6,47.6,46.8,46.8,1161
1383921000,46.8,46.8,44.88,46.8,2729
1384180200,44.88,47.2,42.88,45.6,1582
1384266600,45.6,48,44.16,45.6,5419
1384353000,45.6,45.6,44.8,45.6,2729
1384439400,44.8,46,44.56,44.8,425
1384525800,44.56,46.4,43.44,46,3767
1384785000,49.6,49.6,46.4,47.44,6919
1384871400,47.44,49.2,46.56,46.96,4605
1384957800,47.2,47.6,42.72,44,3690
1385044200,47.6,47.6,40.8,41.6,2455
1385130600,43.12,45.04,41.2,42,3074
1385389800,42,45.2,42,45.2,1936
1385476200,43.6,43.6,40.8,42,2422
1385562600,45.92,45.92,44,45.2,797
1385735400,45.6,49.2,45.6,48.8,1900
1385994600,47.6,48,45.6,45.6,2235
1386081000,45.6,48.56,43.2,47.2,3611
1386167400,47.2,47.2,44.8,46,2190
1386253800,46.8,46.8,44.24,46.4,5998
1386340200,46.4,46.56,44.8,44.8,2416
1386599400,46.4,50,46.16,49.04,18552
1386685800,48.64,49.76,48,48.8,2323
1386772200,48.8,49.6,46.8,48.48,6246
1386858600,49.6,52,48.72,51.2,16915
1386945000,51.6,52,50.8,52,5357
1387204200,52,52,49.84,51.6,8734
1387290600,51.6,54.4,50.16,54.4,25626
1387377000,53.76,54.4,51.6,51.6,1377
1387463400,50.8,51.12,48,50.4,3543
1387549800,51.2,51.2,49.6,51.2,386
1387809000,50,50.4,48.8,48.8,3110
1387895400,48.8,50.32,48.8,50.32,260
1388068200,49.28,51.92,49.28,51.92,418
1388154600,51.92,51.92,49.12,49.2,2702
1388413800,49.68,51.6,48.56,48.8,1075
1388500200,48.8,50.4,47.6,50.4,996
1388673000,50.96,50.96,48.8,49.6,736
1388759400,48.8,48.8,46.96,47.6,2992
1389018600,49.6,49.6,46.4,47.04,1585
1389105000,44.64,48.4,44.48,46.08,3906
1389191400,46.08,46.32,46,46.32,1088
1389277800,48.08,49.44,47.92,48,1626
1389364200,46.8,49.44,46.8,46.8,1181
1389623400,46,47.2,44.4,46.8,2861
1389709800,46,48,46,48,1624
1389796200,48,48.32,45.6,48.32,1357
1389882600,47.6,48,46.4,48,1674
1389969000,47.2,48.32,47.2,47.2,1398
1390314600,48.4,49.6,48.4,49.2,5603
1390401000,49.6,50,48.8,50,3127
1390487400,50.16,50.4,49.6,50,1542
1390573800,50,50.4,49.6,50.4,3113
1390833000,50.08,50.24,48.64,49.28,1767
1390919400,48.64,50.56,48,49.6,1134
1391005800,48.8,49.6,47.2,47.2,999
1391092200,46.8,47.2,46.8,47.2,487
1391178600,46.8,46.8,46.4,46.8,213
1391437800,48,50.4,48,48.8,7565
1391524200,48.56,49.76,48.16,48.4,1996
1391610600,48.96,48.96,48,48,345
1391697000,48.64,48.64,46.56,46.56,874
1391783400,47.28,48.8,47.28,48.4,5653
1392042600,49.6,49.6,48,48,1044
1392129000,48,48.4,48,48.4,5295
1392215400,48.64,50,48.4,50,3978
1392301800,49.2,49.6,48.8,49.04,1174
1392388200,49.6,50.4,47.6,50.4,1594
1392733800,48.8,49.6,47.6,47.6,1337
1392820200,49.2,49.2,48.08,48.08,518
1392906600,48.4,48.8,48,48.8,592
1392993000,48.4,49.28,48,48.4,2834
1393252200,48.4,48.4,47.12,48,2871
1393338600,48.32,48.32,47.28,48.24,309
1393425000,48.32,50.8,48.32,50.8,18304
1393511400,50.928,53.84,50.56,53.28,21708
1393597800,52,53.2,51.44,52.8,3856
1393857000,51.76,55.36,51.2,53.6,9200
1393943400,53.6,53.6,49.6,52,2397
1394029800,50,54.4,50,54.4,4718
1394116200,54.24,54.4,52.8,53.6,6345
1394202600,53.6,55.6,52.8,55.6,3836
1394458200,55.24,59.12,54.8,57.2,8886
1394544600,57.192,58,56.32,56.8,2113
1394631000,56,58.4,56,56.4,1646
1394717400,56.16,56.8,54.64,55.92,2136
1394803800,55.6,56.16,54.48,55.2,2422
1395063000,55.2,55.2,53.6,54.4,1478
1395149400,54.8,55.6,53.2,55.12,1408
1395235800,54.8,54.8,52,53.52,2531
1395322200,53.52,56,53.2,56,1452
1395408600,53.6,55.52,53.6,55.52,1941
1395667800,55.92,55.92,50,52,917
1395754200,55.2,55.2,52,53.52,748
1395840600,51.2,53.6,50,53.6,1931
1395927000,52,53.6,52,53.6,125
1396013400,52.72,55.2,52.72,55.2,725
1396272600,54.4,56,52,53.6,3464
1396445400,53.6,55.6,52,55.2,2334
1396531800,55.12,55.12,54.4,54.4,228
1396618200,54.32,55.2,54.32,54.32,1353
1396877400,54,54,50.8,50.88,3512
1396963800,52.4,54.8,52.4,53.6,862
1397050200,53.6,53.6,52.4,53.6,254
1397136600,53.6,53.6,51.6,51.6,3608
1397223000,51.2,51.2,50.4,51.2,339
1397482200,51.2,52.8,51.2,51.2,376
1397568600,50.8,53.6,50,52.72,1128
1397655000,49.76,53.2,49.76,51.92,194
1397741400,52.4,52.8,51.2,52.8,2075
1398087000,53.2,53.6,52,52.8,704
1398173400,52,52.8,51.2,52.8,279
1398259800,52.8,54,52.8,54,1897
1398346200,54.72,55.6,53.6,55.6,2217
1398432600,55.2,55.2,54.96,55.2,3468
1398691800,55.6,56.8,53.6,53.6,3030
1398778200,56,57.2,55.2,55.84,3315
1398864600,56.16,56.16,56.16,56.16,320
1398951000,55.6,57.2,55.6,57.2,43
1399037400,57.2,57.44,56.8,57.44,375
1399296600,60,68,59.2,65.2,8536
1399383000,65.44,65.44,59.2,60.8,3566
1399469400,60.8,64,60.8,63.76,4793
1399555800,63.76,64.8,62.4,64,4717
1399642200,62.56,64,62.4,63.6,1097
1399901400,64.16,64.4,64,64,3600
1399987800,64.4,66.8,62.4,66,3107
1400074200,66,66.72,65.36,66.64,740
1400160600,67.36,67.36,63.2,64,4566
1400247000,65.6,65.6,62.4,62.4,605
1400506200,62.56,62.56,60,62,1215
1400592600,62,64,62,64,592
1400679000,66.4,66.4,64.4,64.8,1728
1400765400,64.4,67.6,64,67.6,2175
1400851800,67.2,69.92,67.2,68.4,1865
1401197400,69.84,74,69.2,73.6,6726
1401283800,72.8,73.52,64.8,72.8,2625
1401370200,72.8,74.8,72.4,73.2,478
1401456600,73.2,73.2,70.88,72.8,2828
1401715800,72.4,72.4,70.4,72,545
1401802200,72.8,72.8,72.4,72.4,94
1401888600,70.8,72,68,70.4,5195
1401975000,70.4,71.2,68.4,71.2,1680
1402061400,70.4,73.2,70.4,73.12,3277
1402320600,72,72,70.8,72,860
1402407000,70.8,72,70.8,72,290
1402493400,70.8,72.8,68,72.8,1845
1402579800,70.8,72.8,68,72.56,5763
1402666200,72.8,84,72.8,80.8,10300
1402925400,81.6,81.6,79.2,79.92,1870
1403011800,78.4,80,78,78.4,519
1403098200,78.4,78.4,76.4,78.4,4217
1403184600,79.2,79.6,78,78.4,2655
1403271000,78.8,80.4,76.4,79.6,3629
1403530200,80.32,86.4,80.32,83.2,3572
1403616600,83.2,89.2,83.2,86,2382
1403703000,86,89.6,82.8,86.4,1053
1403789400,87.92,89.6,86.4,86.4,612
1403875800,86.4,88.8,86.4,88.8,25
1404135000,89.6,94,84.4,88.8,2734
1404221400,88.8,89.6,86.8,86.8,671
1404307800,87.2,88,86.8,88,2828
1404394200,89.2,91.6,87.84,91.6,3954
1404739800,90.4,92,88.08,90,2531
1404826200,89.6,89.6,88.08,88.8,512
1404912600,89.2,92.4,88.8,90.96,2169
1404999000,90.4,96.8,88.4,95.52,5264
1405085400,95.52,95.6,94,95.2,2984
1405344600,95.76,97.6,92.4,96.8,4458
1405431000,96,96,94.2,96,907
1405517400,95.2,95.2,92,94.4,2267
1405603800,92.8,94.4,92,92,644
1405690200,92,94.4,92,93.6,1333
1405949400,92,92,90.8,92,661
1406035800,92,97.68,91.2,97.68,5702
1406122200,99.52,100.16,97.2,99.12,4081
1406208600,98.8,102.56,97.2,100,4149
1406295000,98.6,100.72,95.36,96,25983
1406554200,100,101.5992,96.4384,97.1872,18051
1406640600,96.3992,96.4,91.2,93.2,14462
1406727000,94.88,97.4392,92,92,2038
1406813400,92,94.8,89.28,94.24,2147
1406899800,92.8,93.12,89.2744,93.12,2857
1407159000,93.34,94,90.4008,92.4,643
1407245400,90.024,91.6,85.6,90,3315
1407331800,88.64,91.2,88.64,90.5192,389
1407418200,90,91.2,89.92,90.8,1784
1407504600,92,96,90.48,95.84,719
1407763800,96.64,98.456,92.96,93.2696,3374
1407850200,92.32,94.8,92.32,94.24,1049
1407936600,94.48,94.8,91.2008,94.64,2857
1408023000,93.68,94.8,92.4,94.64,2768
1408109400,93.2,95.816,86.48,88.08,9508
1408368600,85.76,89.776,85.76,88.8808,1754
1408455000,90.0008,92,88.96,89.68,7206
1408541400,91.2,98.296,91.2,92,33041
1408627800,92.08,97.68,92,94.364,8510
1408714200,94.0656,94.1,92.24,92.3952,2550
1408973400,93.2,93.6,86.448,88.08,9054
1409059800,88,90.32,86.4008,90.24,4325
1409146200,88.24,89.44,88,88.24,3199
1409232600,88.24,94.32,88,90,3377
1409319000,88.8,90.72,88.8,89.92,1859
1409664600,90,90.96,88.756,90.32,3311
1409751000,89.6,90.8,89.1992,90.8,1949
1409837400,90.88,90.88,87.92,89.6,2910
1409923800,88.4008,90.8,88.4,89.6,2572
1410183000,90.7992,97.5192,89.2,95.52,8210
1410269400,96,98.72,95.2,98.72,9306
1410355800,103.92,112,100,111.6,18541
1410442200,112,119.6,112,118.16,11554
1410528600,119.2,127.28,119.2,127.2,13366
1410787800,131.04,131.2,116,119.12,10253
1410874200,116.4,119.44,114.256,117.12,7510
1410960600,117.92,118.4,112.4,114.8,5888
1411047000,116.7992,116.7992,108.96,115.36,6222
1411133400,116.56,117.6,108,109.04,13043
1411392600,110.8,113.76,104.568,108.48,5519
1411479000,108.88,113.68,107.2,109.12,3647
1411565400,107.44,110.96,106,110.64,2522
1411651800,109.28,117.52,109.28,117.04,2769
1411738200,117.5992,118.8792,115.2,117.28,3480
1411997400,117.28,117.28,113.68,114.24,2768
1412083800,114.08,117.12,113.6,115.12,2895
1412170200,114.08,116.712,109.92,111.2,4113
1412256600,112.88,114.032,96.96,107.36,9734
1412343000,108.32,114,108.32,111.68,2840
1412602200,119.76,121.76,112.56,113.2,7212
1412688600,113.84,114.72,112,114.16,3110
1412775000,114.08,118.24,114,114.16,1803
1412861400,114.32,117.6,103.8208,110.8,10028
1412947800,108.96,108.96,102.4,105.6,6696
1413207000,107.6,112,103.2,104,6773
1413293400,104.48,106.8,98,99.36,5813
1413379800,98,103.2,89.36,97.992,9696
1413466200,96,102.8792,92,96.16,1607
1413552600,96.08,103.36,94.72,98.24,5153
1413811800,99.68,100.4,96.0008,98.72,3525
1413898200,96.72,102.64,96.72,100.32,6208
1413984600,99.36,99.92,89.2,97.12,6462
1414071000,93.12,100,93.12,96.48,2527
1414157400,96.96,98.56,93.6,94.56,2086
1414416600,95.28,99.04,94.72,96.24,8009
1414503000,96.88,98.56,94.56,95.2,3807
1414589400,96.48,98.3192,93.6,93.68,2657
1414675800,93.6,100,90.48,99.6,9196
1414762200,102.16,103.2,96.16,102.4,10327
1415025000,103.84,108.8,101.6,105.84,9331
1415111400,105.04,105.92,102.72,105.92,1265
1415197800,106,118.56,104.224,111.04,5370
1415284200,111.5992,113.52,109.96,109.96,8255
1415370600,113.6,113.6,108.88,113.52,6426
1415629800,113.6,113.6,110.56,111.76,4453
1415716200,113.84,115.28,112.7024,114.8,5595
1415802600,114.4,116.3992,113.44,116,8135
1415889000,124.4,127.2,112.64,118.88,22580
1415975400,118.48,118.48,113.04,116.8,3137
1416234600,117.84,117.84,108.736,114.4,4306
1416321000,113.5992,115.52,111.28,115.44,2215
1416407400,114.64,114.64,108.8,112.8,1788
1416493800,111.2,113.04,106.8808,111.6,2787
1416580200,111.28,114.552,110.48,113.52,2720
1416839400,113.6,120,113.28,119.12,8578
1416925800,120,121.92,116.74,118.24,5997
1417012200,118.4,119.76,118.0008,119.44,2055
1417185000,118.4,121.2,117.6,119.52,2462
1417444200,120.8,121.2,116.48,116.8,2543
1417530600,119.04,120.8,118.4,119.6,2162
1417617000,120.0008,121.6,118.4,120.9608,4800
1417703400,120.8008,130.72,120.8008,130.5304,15851
1417789800,131.52,141.3872,131.36,141.256,26976
1418049000,142.64,142.76,136.48,142.4,13087
1418135400,142.4,142.4,131.376,138.4,8985
1418221800,142.32,142.32,137.6,140.64,3748
1418308200,138.08,142.32,137.9584,139.2,7034
1418394600,138.24,140,134.9,138.72,7903
1418653800,144.64,146.4,140,144.48,28643
1418740200,144.72,151.4736,144.48,149.04,8239
1418826600,150.08,150.4,144,144.08,10873
1418913000,146.8,146.8,141.68,141.92,7829
1418999400,141.92,149.2,140.8,146.8,11253
1419258600,149.36,152,148.8,149.52,8421
1419345000,149.6,155.68,140.16,154.72,20943
1419431400,153.12,153.12,144.8016,149.12,3119
1419604200,150.08,152.8,144.96,145.6,6545
1419863400,146.24,149.1184,141.76,142.88,2877
1419949800,143.84,143.84,136,137.12,7659
1420036200,139.2,140.0016,128.96,134.72,7025
1420209000,128,140.9888,128,133.76,4903
1420468200,134.56,134.56,125.6,126.72,9677
1420554600,129.12,129.12,124,124.96,3567
1420641000,128,135.2,118.08,134.88,9849
1420727400,134.4,134.4,121.92,129.44,4915
1420813800,128.16,128.16,120,125.76,4470
1421073000,129.76,130.08,124.64,125.76,4781
1421159400,125.44,127.0048,120,122.08,4601
1421245800,120.8,123.84,116.448,117.12,4624
1421332200,118.4,124.4784,111.52,122.4,8759
1421418600,123.04,129.6,121.6,121.6,5175
1421764200,120.48,121.6,113.952,115.52,5510
1421850600,114.72,115.68,111.36,112.64,4532
1421937000,113.44,113.44,105.76,111.84,8304
1422023400,109.6,110.4,101.6,106.88,5221
1422282600,105.6,116.96,102.512,114.08,8879
1422369000,115.04,122.56,109.92,122.24,4219
1422455400,124,124,115.84,119.04,4353
1422541800,118.88,121.6,116.16,121.6,3561
1422628200,120.64,120.64,116.8,118.24,3102
1422887400,118.24,118.24,112,115.52,2430
1422973800,117.12,117.12,112,114.08,3672
1423060200,114.56,116,109.6512,111.2,7490
1423146600,111.2,114.24,108.8,108.8,5242
1423233000,109.28,116.8,108.8,114.56,8571
1423492200,115.2,115.2,110.56,111.2,2710
1423578600,112.8,113.44,106.4,109.12,7123
1423665000,110.88,110.88,102.72,103.28,7943
1423751400,103.84,108.32,103.84,107.36,2946
1423837800,107.52,108.32,104.4784,106.72,5743
1424183400,108.64,113.44,108,110.24,6214
1424269800,111.68,112.64,108.8,109.6,4239
1424356200,109.6,110.72,105.92,109.6,1449
1424442600,110.4,113.44,108,112.64,3234
1424701800,112.8,113.76,110.24,113.28,5845
1424788200,113.6,113.808,110.88,112.16,3134
1424874600,112.16,115.36,110.72,115.36,4237
1424961000,116.32,120.8,112.976,120.8,13261
1425047400,122.4,124.32,117.44,117.44,8215
1425306600,119.04,122.304,117.12,119.52,10146
1425393000,120.32,124.8,116.32,121.44,5800
1425479400,123.04,123.04,117.28,120.16,5006
1425565800,120,120.544,113.92,119.84,5672
1425652200,119.68,119.68,115.968,117.92,2268
1425907800,118.4,118.4,108.992,111.04,7291
1425994200,111.52,112,104.9616,105.92,4057
1426080600,107.68,110.72,104,107.84,5151
1426167000,108.48,113.92,107.04,111.84,7857
1426253400,110.4,110.4,107.2,108,6976
1426512600,107.2,108.96,107.2,107.68,2409
1426599000,107.84,111.2,107.2,107.36,2268
1426685400,108,108.8,105.12,105.76,4990
1426771800,104.96,106.88,104.8,105.76,5205
1426858200,106.4,107.2,104.8,105.6,5315
1427117400,107.2,112.16,106.4,111.04,9472
1427203800,111.52,111.6688,105.6,108.16,4623
1427290200,108.8,109.76,99.04,100.64,22928
1427376600,101.92,104,97.76,99.2,5637
1427463000,101.12,104,93.28,96.48,9774
1427722200,97.44,97.92,86.08,89.44,24277
1427808600,88.32,97.28,85.44,92.96,15022
1427895000,96.16,96.16,89.76,90.4,5018
1427981400,91.04,92.96,89.6736,90.4,4046
1428327000,87.04,90.2384,81.6,87.04,11956
1428413400,89.6,90.24,82.624,85.68,7324
1428499800,84.16,87.2,83.68,84.48,6126
1428586200,84.64,85.76,83.04,83.2,2829
1428672600,83.2,95.752,81.76,93.28,18204
1428931800,93.12,96.368,89.92,93.28,4542
1429018200,94.4,95.2,92.16,95.2,2490
1429104600,94.56,99.84,91.68,96.16,7570
1429191000,95.84,96.176,91.84,94.08,4929
1429277400,92.48,95.52,91.36,93.28,1904
1429536600,95.68,96.16,91.04,95.36,7674
1429623000,95.52,95.52,88.64,91.2,3599
1429709400,90.5744,92.64,88.64,92.48,1065
1429795800,92.8016,94.4,89.92,92.32,4239
1429882200,92.8,98.88,90.68,96.96,6273
1430141400,96.64,97.2784,90.08,92.48,2698
1430227800,90.7696,94.56,90.7696,92.96,2019
1430314200,90.56,96.552,90.4,91.68,2378
1430400600,96,96,88,92.08,3762
1430487000,93.6,93.6,89.76,91.52,3899
1430746200,91.84,95.04,89.76,94.4,4038
1430832600,92.8,95.2,89.76,91.2,4421
1430919000,92,94.4,88.32,93.12,5356
1431005400,92.8,93.1184,90.56,91.68,2466
1431091800,93.12,94.08,91.424,92.64,2873
1431351000,91.976,93.28,89.1216,91.04,2473
1431437400,90.56,92.3184,84.8,86.24,6517
1431523800,84.48,86.56,80.4816,83.2,4101
1431610200,83.2,88.4544,83.2,87.04,2493
1431696600,86.4,93.12,82.0368,89.76,6223
1431955800,90.72,93.44,88.16,88.32,5889
1432042200,86.9232,89.92,85.92,88.48,3035
1432128600,88,88.32,81.1408,85.92,2535
1432215000,84,86.08,81.776,82.72,2627
1432301400,81.76,84,79.04,80.8,2998
1432647000,78.4,80.016,74.56,77.44,9257
1432733400,77.44,79.52,76,78.4,4150
1432819800,79.2,82.4,78.4,81.28,2207
1432906200,81.28,82.56,79.68,80.32,4579
1433165400,80,80,74.4,74.56,4252
1433251800,74.24,74.24,68.32,72,16470
1433338200,74.72,77.12,72.96,74.72,10335
1433424600,75.52,77.6,73.12,73.12,2312
1433511000,71.36,78.72,71.36,77.36,8713
1433770200,76.32,77.5104,73.92,73.92,2287
1433856600,74.08,82.56,72,79.2,32901
1433943000,79.36,87.04,79.36,85.6,16899
1434029400,85.92,85.92,52.8,53.76,190775
1434115800,50.24,56.64,47.28,50.88,68010
1434375000,47.2,54.72,46.08,52.32,26238
1434461400,52.32,53.4384,48.16,50.56,10792
1434547800,50.56,51.2,48.8,51.2,8774
1434634200,50.72,50.88,49.28,49.92,7958
1434720600,50.24,51.504,47.52,49.44,9854
1434979800,50.72,51.8384,48.16,50.4,7609
1435066200,50.4,50.4,47.2,48.96,10948
1435152600,48.8,48.8,46.4,46.88,9789
1435239000,46.72,47.04,45.28,45.6,4111
1435325400,46.08,47.04,45.76,46.72,2296
1435584600,45.28,46.88,44.1584,45.76,3009
1435671000,45.12,47.68,44.8,46.4,4797
1435757400,47.0208,47.68,44.32,45.44,4403
1435843800,45.76,49.44,44.96,47.36,8653
1436189400,48,48.64,44.736,46.24,1077
1436275800,46.56,46.88,44.3392,45.92,4798
1436362200,45.76,47.84,44.7584,47.36,6998
1436448600,47.52,47.84,46.56,47.2,4790
1436535000,47.84,47.84,45.76,47.04,4793
1436794200,46.72,48.32,46.08,47.84,8826
1436880600,47.84,48.64,46.72,48.16,5626
1436967000,47.68,53.44,47.68,53.12,11028
1437053400,54.24,54.4,51.2,52.32,4360
1437139800,52.8,52.8,49.92,50.88,3525
1437399000,51.2,51.2,48.08,48.64,4308
1437485400,48.96,49.12,47.6,48.32,3647
1437571800,47.84,48.8,47.4464,48.32,2934
1437658200,48,48.16,47.84,48,7031
1437744600,48.16,49.1952,46.24,46.24,9814
1438003800,45.6,47.1984,44.96,46.56,2531
1438090200,45.76,47.04,45.6,46.4,1112
1438176600,46.24,52.8,46.24,48.48,8700
1438263000,48.48,49.28,47.36,48.16,4588
1438349400,48.48,49.44,47.36,48.16,3029
1438608600,48.6384,48.6384,46.88,47.2,2462
1438695000,47.68,48.64,47.68,48,1823
1438781400,48.3184,48.32,46.88,47.04,2684
1438867800,47.2,47.2,36.96,41.6,28148
1438954200,38.24,41.92,38.24,41.12,6992
1439213400,41.6,45.92,41.6,45.92,6824
1439299800,45.44,46.4,44,44.16,766
1439386200,42.88,44.8,42.08,44.8,1249
1439472600,46.88,46.88,43.2,46.88,7220
1439559000,46.48,47.2,45.76,46.6688,7361
1439818200,46.4,47.0384,34.08,40.48,7178
1439904600,39.04,42.56,37.12,37.28,3744
1439991000,37.6,39.68,34.24,35.52,10316
1440077400,35.04,36.32,33.92,34.24,3259
1440163800,34.08,35.2,32.96,34.4,8876
1440423000,32.8,34.4,27.68,30.72,10352
1440509400,31.84,32.96,24.16,32.96,4682
1440595800,33.44,33.44,30.992,32.8,2014
1440682200,32.96,36.16,32.7856,34.56,1588
1440768600,35.36,37.76,35.36,36.64,3903
1441027800,36.32,37.6,36,36.48,2096
1441114200,36,36.48,31.2,33.6,2179
1441200600,33.6,34.56,32.32,33.28,1391
1441287000,33.92,33.92,31.9104,32.96,1285
1441373400,33.12,34.4,32.32,34.4,7592
1441719000,34.56,35.52,32.976,33.6,1821
1441805400,34.4,36.64,32.96,33.44,1379
1441891800,33.76,34.88,32.64,33.12,2018
1441978200,33.28,35.52,31.36,34.72,3491
1442237400,35.2,35.36,32.8,34.56,475
1442323800,35.52,35.84,32.32,32.96,1723
1442410200,32.8,36.64,32.32,32.48,538
1442496600,33.44,33.92,31.36,33.44,12792
1442583000,32.48,35.2,32.48,34.4,16994
1442842200,34.72,36,34.4,35.68,593
1442928600,34.88,44.8,34.72,36,8035
1443015000,35.36,37.12,32.16,35.04,4127
1443101400,34.4,36,32.96,35.04,1297
1443187800,35.2,35.2,33.92,34.4,519
1443447000,33.92,36.48,30.72,32.96,6761
1443533400,32.64,33.7584,24.96,29.92,3473
1443619800,32.32,32.32,28.48,29.6,1027
1443706200,29.12,35.2,28.0016,28.8,1804
1443792600,27.68,33.44,27.68,29.36,1784
1444051800,29.6,31.2,27.68,30.4,1490
1444138200,30.88,31.84,29.6,29.92,1446
1444224600,30.56,32.64,30.56,30.88,3864
1444311000,31.04,33.28,30.88,32,3555
1444397400,32,32,31.68,31.68,696
1444656600,31.84,32.48,31.2,31.68,1314
1444743000,31.84,31.84,28.8,30.72,2597
1444829400,31.04,31.04,29.44,29.76,1247
1444915800,30.56,31.68,29.6,29.6,2643
1445002200,30.24,32.8,29.6,30.72,970
1445261400,30.72,31.68,29.52,30.4,3052
1445347800,30.08,30.4,26.2384,29.2,13759
1445434200,28.8,29.92,27.52,28.64,3808
1445520600,29.28,30.24,28.8,28.96,1268
1445607000,29.12,29.12,28.16,28.48,770
1445866200,28.16,29.6,27.52,27.52,1700
1445952600,27.68,29.28,26.08,26.56,7897
1446039000,27.2,28.32,27.2,28.32,312
1446125400,27.52,28.96,26.72,28,2123
1446211800,28.16,28.48,26.88,27.36,1538
1446474600,26.4,28.48,26.2416,27.2,961
1446561000,26.4,28,25.7616,26.8816,1468
1446647400,26.2912,27.2,26.24,27.2,941
1446733800,26.56,27.84,26.4,27.36,2166
1446820200,26.88,27.84,26.4,27.2,2829
1447079400,27.2,27.52,26.4,27.2,3811
1447165800,27.2,27.2,24.48,24.48,6626
1447252200,25.6,25.6,23.52,23.68,2615
1447338600,23.68,24.48,22.24,23.52,3397
1447425000,23.2,23.2,21.44,21.4416,2279
1447684200,21.12,22.56,21.12,22.4,4834
1447770600,24,28.8,22.4,26.08,41722
1447857000,25.12,28.16,24.6,27.2,14747
1447943400,27.52,28.8,26.7232,27.84,5220
1448029800,26.4016,26.88,22.88,23.68,2147
1448289000,23.52,26.24,22.4,25.6,2845
1448375400,25.92,28.48,25.92,28.32,6969
1448461800,28,30.56,27.6416,29.9184,4238
1448634600,30.56,30.56,28,28,4735
1448893800,28,28.64,26.88,27.84,1734
1448980200,28,29.28,27.68,29.28,1092
1449066600,28.9728,31.04,28.9728,29.76,3231
1449153000,29.12,30.72,28.16,29.44,378
1449239400,30.24,31.04,28.64,30.08,1298
1449498600,30.72,31.52,28.096,28.48,5298
1449585000,31.2,31.2,26.112,26.4,1950
1449671400,26.88,27.04,24.48,25.76,751
1449757800,27.04,28.32,25.1216,28.32,1089
1449844200,29.4384,29.4384,25.76,26.08,1995
1450103400,26.56,27.28,24.64,25.76,6482
1450189800,25.92,26.08,23.04,24,1948
1450276200,25.4384,25.4384,23.2,23.36,1294
1450362600,23.84,26.88,23.52,26.4,3410
1450449000,26.4,31.04,24.64,26.24,4510
1450708200,26.4,26.56,24.4,25.92,6733
1450794600,25.28,26.56,24,25.6,940
1450881000,26.8784,26.88,25.92,25.92,1938
1450967400,25.9392,26.56,25.76,26.3584,333
1451313000,26.4,26.4,22.24,22.88,4863
1451399400,22.88,25.44,22.88,24.64,1101
1451485800,24.8,26.4,24.8,25.92,7116
1451572200,25.28,26.24,25.28,25.6,1167
1451917800,26.2384,26.24,25.44,25.44,1927
1452004200,25.6,25.6,24.96,24.96,380
1452090600,24.48,32.96,24.48,26.8816,9673
1452177000,27.36,27.36,25.76,26.72,885
1452263400,26.72,26.72,25.92,26.08,458
1452522600,26.56,26.56,24.496,24.96,351
1452609000,24.6416,25.44,24.48,24.64,584
1452695400,24.8,25.28,20.64,24.64,6946
1452781800,26.88,27.68,21.76,24.8,9080
1452868200,24.16,25.12,22.88,24.32,800
1453213800,24.8,27.04,22.4,25.6,7780
1453300200,25.92,26.08,22.4,23.84,11321
1453386600,24,25.6,23.84,24.8,1899
1453473000,25.44,28.48,25.44,27.84,1831
1453732200,27.36,27.84,25.92,25.92,439
1453818600,28.96,28.96,26.72,28,1051
1453905000,27.84,30.56,27.84,28.96,4238
1453991400,30.5584,30.5584,27.4,28.8,1203
1454077800,29.6,29.6,28.72,28.8,452
1454337000,27.84,30.72,27.84,30.6592,2217
1454423400,28.8,30.08,28.8,29.92,1183
1454509800,29.92,32.8,29.4416,32.8,2870
1454596200,33.92,37.12,33.44,35.2,6095
1454682600,34.72,45.92,33.76,38.56,4378
1454941800,38.88,38.88,33.92,36.9584,1567
1455028200,38.3984,38.3984,35.52,36,1255
1455114600,33.44,35.9984,32.96,35.04,347
1455201000,35.04,35.04,33.44,34.56,2248
1455287400,35.2,35.36,33.6,35.04,1210
1455633000,35.2,38.88,34.88,35.2,962
1455719400,36.32,38.24,36.32,38.24,726
1455805800,38.72,38.88,36.32,38.24,794
1455892200,36.32,38.88,36.32,38.24,361
1456151400,35.52,38.88,35.52,38.5584,406
1456237800,37.92,37.92,36.16,36.96,448
1456324200,36.8,38.24,33.4416,36.96,4000
1456410600,37.92,38.0784,36.64,37.28,528
1456497000,34.432,37.28,34.432,36.64,1087
1456756200,36.48,37.28,35.2,35.2,2472
1456842600,36,37.28,36,36.96,2243
1456929000,36.96,36.96,35.68,36.16,661
1457015400,36.4784,36.48,30.72,34.56,16363
1457101800,33.76,33.76,27.424,31.52,13851
1457361000,33.6,34.8,27.68,31.2,9463
1457447400,31.52,33.6,29.12,31.68,4692
1457533800,31.36,33.84,30.72,31.36,1994
1457620200,33.12,33.44,31.3616,32.64,813
1457706600,32.16,32.88,31.84,32,3291
1457962200,31.584,32.48,30.8816,32.48,2048
1458048600,31.36,32.64,29.76,29.76,1850
1458135000,30.88,32.32,30.72,32.32,2015
1458221400,32.16,34.56,32.0016,32.32,651
1458307800,33.44,33.6,30.72,31.84,875
1458567000,32.48,32.48,31.84,32.1584,1045
1458653400,30.48,34.56,30.48,32.8,2282
1458739800,32,36.8,32,35.04,6167
1458826200,34.56,34.8784,32.48,33.44,2343
1459171800,32,33.12,32,32.96,888
1459258200,32.48,33.6,32.48,32.8,1026
1459344600,32.16,33.6,32.16,32.8,966
1459431000,33.28,33.6,31.68,31.84,1342
1459517400,31.68,34.24,31.36,31.52,1658
1459776600,31.04,32.48,30.56,31.36,2113
1459863000,30.4016,31.68,30.4,30.56,639
1459949400,31.0384,31.2,28.8,30.4,653
1460035800,31.36,32.7984,30.7728,30.88,75
1460122200,30.56,32.16,30.08,30.4,932
1460381400,30.88,31.04,28.96,30.56,1515
1460467800,30.88,31.52,30.4,31.52,539
1460554200,30.88,31.36,30.72,30.72,165
1460640600,30.7216,31.36,30.4,30.4,687
1460727000,30.4,30.72,29.6,29.6,797
1460986200,30.24,32.6384,30.1584,30.4,2554
1461072600,31.36,41.92,26.4,29.92,79921
1461159000,29.12,29.12,26.0944,28.1648,7557
1461245400,29.1184,31.68,28.48,31.04,11261
1461331800,28.32,31.2,28.32,29.92,3117
1461591000,30.08,30.08,27.2,28.16,2621
1461677400,28.16,29.44,27.2016,29.28,1582
1461763800,28.816,29.76,27.3616,28.96,2815
1461850200,29.12,30.184,28.8,29.12,947
1461936600,28.8,29.28,27.36,28.64,4214
1462195800,28,29.28,27.68,27.68,9607
1462282200,27.2,28.48,27.2,28.48,1719
1462368600,27.28,28.48,27.28,27.68,2108
1462455000,27.52,28.32,26.24,26.72,4938
1462541400,26.72,27.52,22.48,26.24,1608
1462800600,27.1984,27.2,25.92,26.24,12386
1462887000,27.04,27.2,26.24,27.04,3394
1462973400,26.4,27.2,25.76,27.2,5704
1463059800,27.2,30.4,26.88,29.6,10919
1463146200,32,32,29.44,31.04,6875
1463405400,30.4,34.88,30.4,34.24,21689
1463491800,35.36,37.44,34.72,36,8842
1463578200,35.9984,36.96,33.2672,34.08,6645
1463664600,34.24,35.4832,32.1616,35.2,3273
1463751000,34.72,36.48,33.92,36,1720
1464010200,35.68,37.92,34.4,35.36,3255
1464096600,38.08,38.4,36.32,36.48,1516
1464183000,36.96,38.4,36.96,37.76,2528
1464269400,37.44,44,37.44,41.76,30763
1464355800,43.52,45.12,41.36,42.88,4361
1464701400,41.76,43.52,41.76,42.88,2741
1464787800,44,46.88,43.2,45.6,5604
1464874200,45.92,46.56,44.64,45.12,5114
1464960600,45.76,45.76,43.52,44.32,3265
1465219800,44.64,46.24,44.16,44.64,3768
1465306200,45.76,46.0224,42.56,43.84,4103
1465392600,43.68,46.08,43.68,45.28,2920
1465479000,45.6,46.224,42.88,43.84,3375
1465565400,42.7216,45.632,41.92,43.2,12553
1465824600,43.2,44.48,39.68,41.44,3125
1465911000,41.12,42.72,39.2,40.8,6745
1465997400,40.8,41.6,39.2,41.6,3464
1466083800,41.76,41.76,35.68,37.92,8960
1466170200,39.2,41.44,36.64,41.28,1960
1466429400,40.6704,41.44,38.56,38.72,3412
1466515800,38.88,41.12,38.24,39.84,1455
1466602200,40,41.92,40,41.92,1510
1466688600,42.08,43.04,38.56,43.04,4611
1466775000,42.272,42.4816,40,41.28,3144
1467034200,40.64,41.12,37.76,40.32,1652
1467120600,40.8,43.1984,40.8,42.72,3340
1467207000,42.4,44.32,42.08,44,1375
1467293400,44,44.32,43.52,43.84,822
1467379800,44.8,45.76,43.2,44.64,3454
1467725400,44.32,44.8,43.36,44.48,609
1467811800,43.68,44,42.72,43.84,1501
1467898200,43.52,43.68,41.44,43.2,1948
1467984600,42.24,43.2,42.08,43.04,700
1468243800,41.44,43.36,41.28,43.04,2078
1468330200,43.04,45.28,42.08,44,1693
1468416600,44.16,45.12,43.2,45.12,859
1468503000,45.12,47.84,41.6,47.84,2521
1468589400,47.6784,49.76,47.2,49.6,9351
1468848600,50.08,50.08,48.64,49.6,2155
1468935000,48.8,49.12,46.0784,49.12,6694
1469021400,48,48.8,47.84,48.16,4473
1469107800,48.4576,49.12,48.16,48.64,802
1469194200,48.6384,49.28,46.56,49.28,1198
1469453400,48.64,49.28,48.64,49.28,1329
1469539800,49.28,49.28,46.8064,48,3716
1469626200,48.32,49.28,48.0016,49.28,1315
1469712600,49.12,49.28,48.16,49.12,1259
1469799000,47.52,48,47.36,47.36,292
1470058200,46.88,48.16,46.56,47.36,795
1470144600,48,48.16,47.04,47.2,555
1470231000,46.72,48.32,44.8,46.4,2228
1470317400,45.92,45.92,45.28,45.28,151
1470403800,45.44,47.312,44.8,46.56,1721
1470663000,47.04,48.48,47.04,47.04,137
1470749400,47.68,48.48,46.56,48,1299
1470835800,47.52,47.52,46.4,46.4,669
1470922200,46.24,48.16,45.6,45.6,1492
1471008600,46.72,48.96,46.72,48.64,5133
1471267800,49.12,51.68,46.72,48.48,12303
1471354200,50.56,55.04,47.04,48.48,13230
1471440600,48.16,48.16,45.28,47.36,5593
1471527000,46.4,48.16,46.4,47.84,7518
1471613400,48.16,48.16,45.92,47.04,2461
1471872600,45.7616,47.2,45.28,45.92,1141
1471959000,46.24,47.2,44.16,47.2,3006
1472045400,47.52,47.52,44.16,45.6,1361
1472131800,46.2384,46.4,44.16,45.6,1550
1472218200,43.36,46.88,43.2016,46.88,2290
1472477400,46.4672,46.72,45.968,46.4,362
1472563800,46.08,46.72,45.92,46.72,839
1472650200,46.4,46.72,45.6048,46.08,1666
1472736600,45.12,47.84,45.12,47.84,425
1472823000,46.72,47.52,45.92,46.4,1840
1473168600,47.36,47.36,46.24,46.4,2815
1473255000,45.7568,47.04,44.48,45.28,5990
1473341400,45.44,47.04,45.44,47.04,1066
1473427800,46.4,46.4,44.8,45.12,627
1473687000,46.56,47.68,44.96,46.24,209
1473773400,45.6,45.6,44.96,45.6,303
1473859800,44.9952,46.24,44.8,46.24,1027
1473946200,45.76,46.4,44.76,46.08,1810
1474032600,46.24,47.68,44.8,44.8,2796
1474291800,44.64,46.56,44.64,45.28,505
1474378200,45.6,45.6,41.44,44.32,2272
1474464600,44.32,44.32,43.04,44,1487
1474551000,43.68,45.44,42.72,43.68,4803
1474637400,43.84,45.12,43.36,45.12,404
1474896600,44.8016,44.816,43.2,44.16,1469
1474983000,44.64,45.12,44,44.6336,309
1475069400,44.64,45.12,43.2,43.2,1080
1475155800,42.7216,44.96,42.7216,42.88,583
1475242200,43.84,44.96,43.2,44.96,713
1475501400,44.96,44.96,43.36,44.48,577
1475587800,44.16,44.64,42.24,43.04,995
1475674200,42.72,43.52,39.84,42.4,977
1475760600,40,40.832,39.04,39.6,2752
1475847000,39.536,42.016,35.84,38.72,2027
1476106200,36.64,38.88,36.16,38.56,1200
1476192600,40.096,40.16,38.08,38.08,168
1476279000,37.9216,38.24,37.92,38.08,515
1476365400,38.08,39.84,35.2,38.56,3691
1476451800,39.2,42.88,38.24,39.52,2510
1476711000,37.92,38.64,37.12,37.76,646
1476797400,37.44,38.4,36.8,37.12,1575
1476883800,38.4,38.4,36.16,37.28,1797
1476970200,35.84,36.8,33.44,36,1998
1477056600,36,37.92,32.64,37.28,9259
1477315800,37.6,41.12,37.6,39.68,4960
1477402200,40.48,40.48,36.48,37.76,886
1477488600,39.68,39.68,35.2,35.52,1175
1477575000,36,36,35.04,35.04,465
1477661400,34.56,37.6,33.28,36.64,4096
1477920600,36.16,37.6,34.4512,35.2,4738
1478007000,36.32,41.76,33.28,34.72,9879
1478093400,34.4,36.3184,32.48,32.48,4531
1478179800,32.64,32.96,30.4,31.36,2718
1478266200,31.84,33.76,28.16,33.76,3925
1478529000,33.6,33.6,29.12,33.6,10463
1478615400,33.28,38.24,31.568,35.04,3014
1478701800,34.08,41.1184,31.52,37.12,2276
1478788200,36.96,37.28,33.6576,37.28,1114
1478874600,36.8,36.96,33.6,36.8,1262
1479133800,36.8,39.68,35.9328,39.2,2559
1479220200,32,37.6,32,37.44,7732
1479306600,37.44,39.68,34.56,39.04,5355
1479393000,38.4,39.2,33.8,34.72,19353
1479479400,35.68,36.96,30.56,31.2,8362
1479738600,32,34.8,31.2,33.6,5126
1479825000,33.6,33.6,30.4,31.84,5870
1479911400,32,32,26.7904,29.12,12400
1480084200,29.28,30.56,27.04,30.24,608
1480343400,30.4,30.4,27.36,29.44,1836
1480429800,28.96,31.36,28.96,29.28,7210
1480516200,29.44,29.92,28.32,28.96,4698
1480602600,29.28,29.28,27.2,28,10607
1480689000,27.52,27.52,26.08,26.72,4079
1480948200,26.4,27.8384,25.6,26.56,8154
1481034600,26.72,28,25.92,26.4,3013
1481121000,27.4304,27.4304,26.4,26.4064,3165
1481207400,26.72,27.36,25.92,26.88,5470
1481293800,25.92,26.08,23.36,24.64,31689
1481553000,24.2816,24.64,23.04,24.64,14035
1481639400,24.48,24.96,24.16,24.8,7442
1481725800,24.48,25.28,24,24.32,2552
1481812200,24.8064,26.88,24.64,24.96,7598
1481898600,25.28,29.44,25.28,27.84,6918
1482157800,27.84,28.8,26.72,28.16,5611
1482244200,28.16,28.3216,27.2,27.84,6797
1482330600,27.84,28,24.96,26.72,15492
1482417000,24.96,26.144,24.48,24.48,8294
1482503400,24.8,27.84,24.48,24.48,2594
1482849000,24.32,25.6,24.32,25.44,1738
1482935400,25.2704,25.7616,24.736,25.76,2101
1483021800,25.92,26.4,25.6,25.76,2277
1483108200,26.24,27.816,25.44,27.52,3578
1483453800,25.44,29.76,25.44,28.64,5143
1483540200,29.44,29.92,28,29.44,3076
1483626600,29.6,32.96,29.6,32.8,7628
1483713000,32,33.4384,29.28,30.4,6678
1483972200,30.32,30.4,29.6,30.4,4471
1484058600,29.92,30.4,29.6,29.92,3658
1484145000,29.92,31.2,29.6,30.56,3736
1484231400,30.08,32.48,30.08,32,3688
1484317800,30.56,32.16,30.56,30.88,1625
1484663400,31.2,31.84,29.12,29.28,4678
1484749800,29.12,29.28,28.5776,29.28,1763
1484836200,28.96,29.28,28,28,2205
1484922600,28.9344,28.9344,28,28.16,255
1485181800,28.16,28.48,28,28.48,2708
1485268200,28.64,34.72,28.32,33.92,76665
1485354600,34.4,36.64,32.16,34.08,31822
1485441000,34.88,34.88,33.12,33.28,9401
1485527400,33.76,33.7824,29.76,30.3984,15284
1485786600,31.2,31.84,27.2,30.56,38976
1485873000,30.4,31.1392,27.2,28,24721
1485959400,28.16,28.7984,25.6,25.6768,10701
1486045800,25.6,27.2,25.6,27.04,6683
1486132200,27.04,28.16,26.56,27.68,6268
1486391400,27.84,28.96,25.28,25.92,11347
1486477800,26.56,26.8784,25.28,25.6,7262
1486564200,25.28,25.76,24.8,25.28,7348
1486650600,24.8,26.0032,24.8,25.6,3110
1486737000,25.6,25.9184,24.96,25.28,5042
1486996200,25.6,25.6,22.72,22.72,23669
1487082600,23.2,23.616,20.96,21.76,12741
1487169000,21.76,23.52,21.12,23.2,9992
1487255400,23.52,24.64,22.08,22.08,5333
1487341800,21.76,24.304,20.48,21.44,13022
1487687400,21.76,24,21.5632,21.6,18686
1487773800,21.92,23.52,21.28,22.24,6909
1487860200,22.88,22.88,21.6,21.76,1738
1487946600,21.6,23.52,21.12,21.6,13506
1488205800,22.08,23.36,21.6,21.92,14403
1488292200,22.56,22.56,22.08,22.4,3071
1488378600,22.88,22.88,21.76,22.08,4068
1488465000,22.92,22.92,21.12,21.44,3412
1488551400,21.92,21.92,20.8,21.6,2919
1488810600,21.12,23.04,21.0816,22.88,2525
1488897000,23.36,23.36,21.76,22.4,2134
1488983400,21.92,22.4336,21.2784,22.4,4141
1489069800,21.92,22.224,20.8,20.96,4083
1489156200,20.96,22.08,20.96,21.12,2257
1489411800,21.44,22.24,20.96,21.12,1605
1489498200,21.12,22.4,21,21.44,2490
1489584600,21.92,22.3712,21.12,21.12,2073
1489671000,21.12,21.44,19.52,19.52,7979
1489757400,19.2,19.52,17.12,17.12,8593
1490016600,17.12,18.08,16.32,16.8,12394
1490103000,16.8,17.6,10.08,10.4,48524
1490189400,13.4272,13.6,10.76,12.0016,51936
1490275800,12.6016,12.6656,11.2,11.68,21920
1490362200,12,13.5792,11.92,13.568,32866
1490621400,14.24,18.08,13.92,16.96,44470
1490707800,16.96,18.4,16.8,16.8,32286
1490794200,16.8,17.0944,14.6192,15.5216,12392
1490880600,16.16,16.16,14.56,15.2,9808
1490967000,18.56,19.2,12.496,16.32,53005
1491226200,16.16,16.32,14.24,14.4,9894
1491312600,14.176,15.4576,14.176,14.72,5410
1491399000,14.88,15.68,14.24,14.3376,8239
1491485400,14.08,14.4144,12.9616,13.128,14388
1491571800,12.96,14.3968,12.96,13.2784,3795
1491831000,13.28,14.352,13.12,13.5664,6052
1491917400,13.6,14.24,13.28,13.44,6483
1492003800,13.6048,14.2352,13.28,13.4912,2173
1492090200,13.6,13.76,13.12,13.4144,4840
1492435800,13.6,13.84,13.28,13.28,1570
1492522200,13.28,13.792,10.096,10.2576,68032
1492608600,10.0976,10.608,8.32,8.6224,48262
1492695000,8.48,9.584,8.4016,9.2,22287
1492781400,9.44,9.76,9.2,9.5984,14219
1493040600,9.2,9.68,9.2,9.6,7832
1493127000,9.28,9.76,9.2,9.68,8382
1493213400,9.76,9.76,9.28,9.44,5522
1493299800,9.2,9.6,9.2,9.4384,10169
1493386200,9.44,9.6,8.3648,8.6416,6675
1493645400,8.8,9.4832,8.3616,9.2032,4150
1493731800,8.64,9.44,8.32,8.6384,2760
1493818200,8.32,9.76,8,9.1184,27190
1493904600,9.12,9.28,8,8.6384,8286
1493991000,8.32,8.4,7.216,8.032,7096
1494250200,8.32,8.48,7.224,7.68,13778
1494336600,7.68,8,6.72,6.752,12601
1494423000,7.04,7.04,5.76,6.4,39490
1494509400,6.128,6.56,6,6.008,7567
1494595800,5.984,6.3968,5.12,5.92,22560
1494855000,6.368,6.4,5.44,6.0032,27024
1494941400,5.76,5.76,4.528,5.424,56018
1495027800,5.424,5.4256,4.832,4.968,12580
1495114200,4.496,5.44,4.496,4.8,9374
1495200600,4.656,6.24,3.9696,4.32,95602
1495459800,4.72,4.72,2.5968,2.88,170585
1495546200,3.3584,4.48,3.04,3.84,123309
1495632600,4.032,6.048,4.032,4.4976,341789
1495719000,4.976,5.5904,3.9184,4.0624,189446
1495805400,4.2,4.3168,3.4304,3.984,58789
1496151000,3.68,3.968,3.488,3.968,27525
1496237400,3.68,3.968,3.0192,3.6192,33487
1496323800,3.28,3.808,3.28,3.52,20193
1496410200,3.4544,4.88,3.4464,4.32,157474
1496669400,4.32,4.32,3.4464,3.52,117529
1496755800,3.68,4.144,3.36,3.728,134646
1496842200,3.84,3.84,3.3792,3.6,61470
1496928600,3.6,3.6,3.232,3.36,52454
1497015000,3.44,3.4688,3.0656,3.1984,57643
1497274200,2.88,3.2,2.7328,3.12,69986
1497360600,3.1216,3.184,2.896,3.12,19004
1497447000,2.9648,3.3616,2.72,2.88,95891
1497533400,2.848,2.88,2.56,2.5616,78596
1497619800,2.672,2.672,2.4,2.5984,63484
1497879000,2.504,2.72,2.32,2.56,65399
1497965400,2.56,2.56,2,2.464,113529
1498051800,2.5104,5.4176,2.2496,4.8576,927297
1498138200,4.48,5.904,3.52,3.52,953049
1498224600,3.936,7.68,3.8416,5.36,2134064
1498483800,6.72,8.824,5.9488,8.144,2059114
1498570200,8.112,8.128,6.7248,7.36,475526
1498656600,6.4,7.04,5.7664,6.0976,330403
1498743000,6.408,8.32,5.1264,6.56,606487
1498829400,6.24,6.5584,5.76,6.048,218162
1499088600,6.08,6.112,5.76,5.92,78866
1499261400,5.808,5.92,5.28,5.3808,111379
1499347800,5.6,7.52,5.3808,6.56,660385
1499434200,7.04,7.04,5.696,5.84,231761
1499693400,6.08,6.256,5.7648,6.0784,84445
1499779800,6.16,6.16,5.6016,5.92,99148
1499866200,5.92,6.08,5.4416,5.6,86730
1499952600,5.712,5.712,4.8,5.2992,153860
1500039000,5.4528,5.4528,4.8016,5.04,74352
1500298200,5.12,5.1488,4.672,4.8,72682
1500384600,4.88,4.96,4.576,4.64,61089
1500471000,5.12,5.12,4.48,4.854944,40534
1500557400,4.8,4.8,4.52,4.56,43811
1500643800,4.792,4.792,4.16,4.1712,111134
1500903000,4.224,4.32,4,4.16016,46113
1500989400,4.32,5.1184,4,4.8,186330
1501075800,4.6496,5.44,4.16,4.32,172690
1501162200,4.32,4.784,4,4.1936,71138
1501248600,4.32,4.48,4.0816,4.152,30218
1501507800,4.32,5.12,4.32,4.96,192894
1501594200,5.12,5.12,4.48,4.5632,70087
1501680600,4.48,4.704,4.1072,4.144,67727
1501767000,4.48,4.8,4.16,4.395904,55912
1501853400,4.24,4.48,4.24,4.312,19367
1502112600,4.24,4.448,4.1616,4.2896,19121
1502199000,4.3856,4.64,4.224,4.352,42182
1502285400,4.4,4.592,4.208,4.32,38495
1502371800,3.84,4.192,3.52,4.0384,84779
1502458200,3.8656,4.1584,3.68,4,18143
1502717400,4.08,4.544,3.8816,4.4656,56205
1502803800,4.48,4.48,3.856,4.2144,79844
1502890200,4.16,4.312,3.92,4.1328,57702
1502976600,4.16,4.3872,4,4.144,51457
1503063000,4.24,5.1136,4.056,4.88,189425
1503322200,4.8,4.8,4.208,4.6112,64832
1503408600,4.6112,4.6384,4.24,4.2416,35049
1503495000,4.4512,4.64,4.24336,4.2896,41023
1503581400,4.32,4.96,4.32,4.4336,105136
1503667800,4.6544,4.7888,4.48,4.64,28539
1503927000,4.528,5.7232,4.408,5.2112,174627
1504013400,5.28,6.704,5.28,6.1136,377963
1504099800,5.904,6.08,5.6,5.9232,108253
1504186200,5.92,7.6,5.616,7.008,464999
1504272600,6.96,7.92,6.4,6.56,474581
1504618200,6.864,6.88,6.12,6.16,85811
1504704600,6.4,7.04,6.376,6.688,89015
1504791000,6.4,6.704,6.24,6.6288,56710
1504877400,6.56,7.5056,6.48,6.96,252803
1505136600,6.992,7.104,6.24,6.3056,84815
1505223000,6.5552,6.5552,5.6,5.9184,107547
1505309400,5.6,5.92,5.6,5.688,40283
1505395800,5.6,6.144,5.44,6.08,65950
1505482200,6.08,6.24,5.872,5.92,35051
1505741400,5.76,6.0784,5.6,5.8016,36515
1505827800,5.7584,5.7584,5.44,5.4752,56733
1505914200,5.5824,6.08,5.4432,6.08,71170
1506000600,5.648,6.48,5.648,6.1632,54990
1506087000,6.3824,6.4016,6.0784,6.3344,31976
1506346200,6.4,6.832,5.84,6.208,49024
1506432600,6.24,8,5.92,7.6,425420
1506519000,7.36,8.96,6.752,8.16,923492
1506605400,8.2416,9.28,7.2,7.5184,434571
1506691800,7.2256,7.84,6.72,6.8,189064
1506951000,6.88,7.36,6.72,7.12016,64318
1507037400,7.04,7.52,7.04,7.2,89672
1507123800,7.2,7.3568,6.592,6.96,95843
1507210200,7.168,7.168,6.56,6.768528,67583
1507296600,6.7552,6.8784,6.0816,6.5696,60928
1507555800,6.4,6.5584,6.08,6.1632,58164
1507642200,6.56,6.72,6.24016,6.592,39937
1507728600,6.4,6.6864,6.3312,6.4032,27157
1507815000,6.4,6.7184,6.1248,6.3632,38539
1507901400,6.24,6.496,6.16016,6.4,20157
1508160600,6.4,6.96,6.4,6.608,46879
1508247000,6.6656,6.6656,6.16,6.3824,32137
1508333400,6.4,6.688,5.6,6.144,108942
1508419800,6.144,6.384,5.76,5.944,31967
1508506200,5.92,6.4,5.76,6.0816,55344
1508765400,6.08,6.3616,5.68,5.936,24408
1508851800,5.92,6.1408,5.84,5.9584,15262
1508938200,5.92,7.3008,5.68,6.712,212584
1509024600,7.04,7.04,6.24,6.4784,67722
1509111000,6.272,6.5376,4,5.616,143959
1509370200,5.52,7.2,4.36,6.4,220821
1509456600,6.12,6.3976,5.8,6.16,62433
1509543000,6.12,7.96,6,7.36,191296
1509629400,8.6,9.24,5.8,5.96,1040987
1509715800,5.88,6,5.284,5.76,159477
1509978600,5.72,5.76,5.4,5.72,71659
1510065000,5.64,6.28,5.4,5.6,250388
1510151400,5.52,5.72,4.76,5.2,143389
1510237800,5.16,5.4416,5.04,5.2364,63856
1510324200,5.2,5.36,5.04,5.32,38025
1510583400,5.28,5.68,5.08,5.4396,180803
1510669800,5.56,5.56,5.1256,5.36,44933
1510756200,5.16,5.36,5.12,5.28,38484
1510842600,5.32,5.6,5.124,5.4,131425
1510929000,5.4,5.8308,5.36,5.56,126234
1511188200,5.84,6.64,5.68,5.84,752812
1511274600,5.96,5.96,5.28,5.68,150441
1511361000,5.8,10.72,5.56,8.7204,3676209
1511533800,13.8,24.16,12.76,23.8,10860279
1511793000,34.8,40.12,25.2,26.04,12014641
1511879400,18.2,18.6,14.56,15.4,4682184
1511965800,21.4,22,15.08,16.2,4533770
1512052200,15.92,17.8,14.7796,16.68,1763278
1512138600,19.6,20.6,17.84,19.8,4329445
1512397800,21.36,21.6,18.04,18.64,1790501
1512484200,17.96,21.52,17.64,20.44,1539093
1512570600,21.4,22.28,18,18.5956,1967963
1512657000,19.92,20.4,17.64,18.32,742295
1512743400,17.88,18.516,17.32,17.64,527135
1513002600,18.84,25.4,18.4312,25.2,4275248
1513089000,23.8,28.12,22,23.2,4862031
1513175400,23.6,26.52,22.16,22.76,2293347
1513261800,22.6,23.8,21.16,21.72,901655
1513348200,23.44,24.72,22.6,22.96,1570850
1513607400,25.2,27.36,23.6004,25.36,2668803
1513693800,23.24,25.4,22.68,23.28,1994636
1513780200,24.04,24.16,21.4,22.8,919739
1513866600,23.4,23.4,18.4,19.6,1001583
1513953000,16.16,18.8,15.68,17.76,771295
1514298600,18.88,19.52,18.12,18.12,442701
1514385000,18.32,19.3988,18.24,18.88,263515
1514471400,18.4,18.52,16.72,17.24,372197
1514557800,17.6,17.72,16.32,16.4,298612
1514903400,16.4,17.28,15.56,17.28,504635
1514989800,17.32,18.52,16.4,16.76,598668
1515076200,16.64,17.04,16.04,16.28,302880
1515162600,16.8,17.08,15.68,15.72,340333
1515421800,16,16.076,14.2804,15.56,429773
1515508200,15.76,15.76,14.8,15.28,205101
1515594600,15.2,17.16,14.4,15.92,737911
1515681000,16.56,16.56,15.28,15.36,334420
1515767400,20,20.24,16.52,16.68,2714349
1516113000,15.84,15.8764,13.88,14.36,636874
1516199400,14.16,14.64,12.28,13.88,554089
1516285800,16.08,16.8,14.92,14.92,2006098
1516372200,15.48,15.48,14,14,341485
1516631400,14,14.24,13.04,13.4,317693
1516717800,13.24,14,13,13.6,229324
1516804200,13.6,14.3624,13.2,14.04,396232
1516890600,13.68,14.36,13.68,14,183274
1516977000,14,14.08,13.2,13.2,214797
1517236200,13.04,13.28,12.4,12.52,206711
1517322600,12.4,12.7352,11.48,11.6,211787
1517409000,11.76,14.4,11.76,12.84,900588
1517495400,12.44,13.2,12.2032,12.28,191704
1517581800,12.04,12.24,11.04,11.04,208801
1517841000,10.8,11,9.4,9.48,180224
1517927400,9.2,10.56,9,10.44,211386
1518013800,11.36,11.5568,10.52,10.6,211654
1518100200,11.4,11.4,10.12,10.24,74718
1518186600,10.2,10.2,9.24,9.84,120300
1518445800,10.12,10.56,9.92,10.12,108746
1518532200,10,10.12,9.6004,9.84,58191
1518618600,9.72,11.08,9.72,10.6,163667
1518705000,11.6,12,11,11.2,381863
1518791400,11.8,11.8,10.6,10.6,189577
1519137000,11.4,11.4,10.6,10.72,132733
1519223400,10.8,10.8,10,10.04,86794
1519309800,10,10.4,9.604,9.72,74207
1519396200,9.68,9.92,9.4,9.44,65859
1519655400,9.84,10.32,8.88,9.92,129055
1519741800,10,10.16,9.4,9.56,97027
1519828200,9.72,9.74,8.76,8.92,135418
1519914600,8.92,9.2,8.28,8.4,126777
1520001000,8.24,8.76,7.8,8.44,244536
1520260200,8.28,8.72,8.08,8.28,181309
1520346600,8.44,8.44,7.84,7.88,205412
1520433000,7.68,7.836,7.28,7.28,158026
1520519400,7.28,7.5196,6.72,6.76,231481
1520605800,6.92,6.92,6.12,6.126,283115
1520861400,6.4,10.2,6.32,9.72,3574364
1520947800,9.44,9.44,7.8,7.88,946202
1521034200,8.04,8.12,6.76,7.12,590684
1521120600,6.84,7.2,6.44,6.48,429400
1521207000,6.44,6.96,6.44,6.58,421990
1521466200,6.76,6.76,6.04,6.12,346019
1521552600,6.12,6.2096,5.32,5.36,477142
1521639000,6.4,7.88,6.2,6.44,2891232
1521725400,6.16,6.4,5.76,6.36,574097
1521811800,6.24,6.24,5.6,5.64,425746
1522071000,5.72,5.72,5.16,5.28,430232
1522157400,5.84,5.84,4.76,4.8,507126
1522243800,4.88,5.16,4.8,4.96,236828
1522330200,4.96,5,4.4,4.48,248425
1522675800,4.72,4.72,4.48,4.56,183876
1522762200,3.96,4.56,3.68,4.48,588842
1522848600,4.32,4.96,3.8996,4.92,495472
1522935000,4.8,5.4,4.4,4.72,506707
1523021400,4.72,5.04,4.48,4.52,191004
1523280600,4.64,4.88,4.48,4.64,198840
1523367000,4.8,4.8,4.56,4.68,160673
1523453400,4.64,4.8,4.56,4.72,141143
1523539800,5.44,6.6,5.24,5.68,3366093
1523626200,6.56,6.88,5.76,6,1515552
1523885400,6.08,6.16,5.4404,5.64,330142
1523971800,5.88,6.12,5.52,5.8,368192
1524058200,5.88,5.88,5.4,5.72,171986
1524144600,5.68,5.76,5.284,5.4,187040
1524231000,5.76,5.8,5.6,5.72,193188
1524490200,6,6.356,5.8,6.12,375355
1524576600,6.4,7.76,6.28,7.72,2220748
1524663000,7.16,7.4,6.44,7.04,1011837
1524749400,6.88,7.52,6.6,7.2,425091
1524835800,7.2,8.4,7.2,7.6,1417277
1525095000,7.68,7.7196,7,7.24,433735
1525181400,6.76,6.84,6.24,6.44,470806
1525267800,6.56,6.72,6.2,6.28,321659
1525354200,6.24,7.08,6.24,7.04,729214
1525440600,7.2,7.2,6.44,6.6,477138
1525699800,6.32,6.56,6.24,6.36,255725
1525786200,6.24,6.36,5.8,5.8,427389
1525872600,5.92,6.32,5.84,6.04,292351
1525959000,6.04,6.16,5.6,5.72,277908
1526045400,5.4,5.68,5.4,5.48,230297
1526304600,5.48,5.796,5.36,5.76,272677
1526391000,5.64,5.72,5.52,5.56,173084
1526477400,5.52,5.68,5.32,5.6,197636
1526563800,5.64,6.32,5.52,5.92,297100
1526650200,5.84,6.12,5.7204,5.88,190718
1526909400,5.8,5.88,5.5604,5.5604,166911
1526995800,5.52,5.56,5.28,5.4,183437
1527082200,5.24,5.24,5,5.16,211616
1527168600,5.08,5.28,5.08,5.192,93167
1527255000,5.2,5.4,5.16,5.2,75397
1527600600,5.32,5.4,5.2,5.28,83378
1527687000,5.32,5.3596,5.12,5.1996,74390
1527773400,5.2,5.64,5.08,5.56,362026
1527859800,5.52,5.5556,5.28,5.4,102710
1528119000,5.44,5.46,5.04,5.12,161242
1528205400,5.08,5.44,5,5.32,204827
1528291800,5.4,5.6,5.16,5.32,317931
1528378200,5.32,5.436,5.2,5.24,109667
1528464600,5.32,5.4,5.16,5.16,75792
1528723800,5.04,5.08,4.8,4.8,301836
1528810200,4.92,4.92,4.64,4.6804,129178
1528896600,4.72,4.8,4.64,4.72,122998
1528983000,4.76,4.856,4.6,4.84,156058
1529069400,4.92,5,4.72,4.84,103922
1529328600,4.72,4.8,4.68,4.76,72152
1529415000,4.8,4.836,4.68,4.68,57582
1529501400,4.64,4.72,4.6,4.6,117402
1529587800,4.68,4.6804,4.56,4.5888,62917
1529674200,4.44,4.52,4.2,4.38,91143
1529933400,4.48,4.48,4.12,4.14,114299
1530019800,4.08,4.1196,3.72,3.9204,207106
1530106200,3.88,4.08,3.8408,3.9268,86971
1530192600,3.9268,3.9996,3.8,3.8,71879
1530279000,3.8,3.88,3.6,3.6756,132127
1530538200,3.64,3.76,3.5236,3.76,262762
1530624600,3.8,3.8012,3.6,3.701064,93233
1530797400,3.8,3.8,3.6348,3.7152,66861
1530883800,3.76,3.76,3.534,3.5692,85368
1531143000,3.44,3.7396,3.44,3.6404,93434
1531229400,3.68,3.68,3.52,3.5344,84798
1531315800,3.52,3.554,3.38,3.3804,88514
1531402200,3.3804,3.4,3.28,3.3648,82869
1531488600,3.3364,3.66376,3.321588,3.5612,106076
1531747800,3.56,4.52,3.56,4.04,812851
1531834200,4.12,5.4,3.6,5,1968638
1531920600,4.92,5.28,4.32,4.36,1381771
1532007000,4.48,4.76,4.36,4.56,553752
1532093400,4.56,4.92,4.36,4.36,352577
1532352600,4.6,5,4.56,4.74,739707
1532439000,5.56,6.24,5.32,5.68,4455712
1532525400,5.36,5.48,4.92,5.02,709490
1532611800,5.12,5.28,4.84,4.9556,234997
1532698200,4.72,4.8,4.3364,4.6756,346380
1532957400,4.56,4.68,4.16,4.52,198945
1533043800,4.4,4.4,4.08,4.2,175249
1533130200,4.2,4.2,4.04,4.04,103658
1533216600,4,4.36,3.92,4.2,153549
1533303000,4.2,4.32,4.0364,4.12,158592
1533562200,4.04,4.2,3.94,3.9996,175897
1533648600,4,4.118,3.96,3.96,127864
1533735000,3.92,3.96,3.6804,3.8604,173093
1533821400,3.8264,3.9436,3.72,3.84862,92261
1533907800,3.84,3.9396,3.8,3.8408,75261
1534167000,3.88,3.88,3.72,3.856,69936
1534253400,3.76,3.7996,3.48,3.5996,187053
1534339800,3.6,3.72,3.32,3.5472,256188
1534426200,3.6,3.6396,3.32,3.44,114080
1534512600,3.4,3.6,3.328,3.5668,170713
1534771800,3.56,3.66,3.4,3.52,80655
1534858200,3.6,3.6,3.44,3.486,46427
1534944600,3.56,3.6,3.44,3.568,129364
1535031000,3.6,3.66,3.38,3.44,134084
1535117400,3.4,3.5148,3.4,3.5148,110997
1535376600,3.548,3.72,3.404,3.6408,294737
1535463000,3.8,4.28,3.8,4,996209
1535549400,4.04,4.16,3.728,3.88004,420162
1535635800,3.796,3.8,3.6,3.7008,153257
1535722200,3.7332,4,3.72,3.92,167010
1536067800,4.16,4.28,3.92,4,528707
1536154200,3.92,3.92,3.6,3.64,363747
1536240600,3.48,3.68,3.46,3.6,144634
1536327000,3.6,3.6004,3.48,3.53,109832
1536586200,3.48,3.612,3.48,3.558,86130
1536672600,3.48,3.52,3.37,3.416,115847
1536759000,3.4,3.4,3.24,3.314,120531
1536845400,3.356,3.52,3.356,3.44,88210
1536931800,3.3716,3.4728,3.36,3.368,101687
1537191000,3.3928,3.396,3.3004,3.32,71239
1537277400,3.32,3.5292,3.304,3.44,181301
1537363800,3.36,3.44,3.32,3.32,152130
1537450200,3.4,3.412,3.32,3.32,89793
1537536600,3.48,3.48,3.28,3.28,248489
1537795800,3.336,3.4,3,3.0224,255989
1537882200,3.08,3.1008,2.8008,2.92,272594
1537968600,3.04,3.1832,2.92,3.0984,170060
1538055000,3.04,3.16,2.92,3.0736,179642
1538141400,2.982,3.08,2.88,2.918,158226
1538400600,2.954,2.96,2.84,2.8796,86944
1538487000,2.8404,2.94,2.68,2.748,157611
1538573400,2.7272,2.748,2.6,2.6792,193969
1538659800,2.68,2.88,2.64,2.8,144014
1538746200,2.728,2.86,2.64,2.6988,56869
1539005400,2.792,2.876,2.6704,2.84,115356
1539091800,2.8,2.8,2.62,2.68,103332
1539178200,2.64,2.724,2.52,2.52,99578
1539264600,2.52,2.52,2.28,2.34,184067
1539351000,2.4,2.712084,2.36,2.434,174734
1539610200,2.56,2.6276,2.4012,2.4832,91574
1539696600,2.4,2.6796,2.3996,2.6,204276
1539783000,2.48,2.56,2.4024,2.44166,58350
1539869400,2.5464,2.56,2.36,2.4388,54608
1539955800,2.56,2.598,2.4,2.5204,101350
1540215000,2.56,2.752,2.5596,2.604,172536
1540301400,2.6,2.6648,2.4,2.5388,86193
1540387800,2.5388,2.76,2.444,2.4808,102941
1540474200,2.6224,2.68,2.52,2.5608,82323
1540560600,2.5544,2.708,2.4708,2.656,86523
1540819800,2.72,2.72,2.32,2.32,115257
1540906200,2.384,2.384,2.2,2.3404,84683
1540992600,2.3204,2.36,2.228,2.352,53650
1541079000,2.4,2.6204,2.3608,2.56,99332
1541165400,2.6196,2.68,2.5332,2.644,73126
1541428200,2.76,3.08,2.7,2.912,361794
1541514600,2.904,3.446,2.904,3.2292,568023
1541601000,3.48,3.5992,3.2468,3.476,399530
1541687400,3.3064,3.4,3.04,3.044,217265
1541773800,2.8804,2.984,2.8012,2.9208,109201
1542033000,3,3,2.8,2.808,86642
1542119400,2.68,2.8,2.68,2.7332,75810
1542205800,2.7896,2.836,2.6,2.6588,96662
1542292200,2.7928,2.8,2.48,2.6776,82968
1542378600,2.72,2.8,2.596,2.6824,52492
1542637800,2.6424,2.7032,2.4804,2.5624,87239
1542724200,2.52,2.5536,2.453956,2.4872,53969
1542810600,2.4,2.56,2.4,2.4208,81383
1542983400,2.4,2.4,2.2804,2.3264,41512
1543242600,2.4,2.558068,2.32,2.36,45954
1543329000,2.36,2.4412,2.324,2.3872,39753
1543415400,2.4,2.68,2.4,2.64,171492
1543501800,2.6,2.72,2.5204,2.6,48941
1543588200,2.532,2.6,2.44,2.4696,41208
1543847400,2.44,2.518,2.32,2.4312,70633
1543933800,2.3604,2.4396,2.32,2.32,37968
1544106600,2.2804,2.32,2.2,2.2276,56627
1544193000,2.2276,2.275644,1.966,2.0136,179548
1544452200,2.04,2.142,2,2.0124,63892
1544538600,2.08,2.1044,1.9604,1.98,51735
1544625000,2.08,2.16,2,2.0804,130055
1544711400,2.0044,2.1076,1.8,1.8084,104252
1544797800,1.8988,1.8988,1.64,1.7108,66115
1545057000,1.8436,1.98,1.68,1.84,185213
1545143400,1.936,2,1.68,1.68,129734
1545229800,1.842,2.08,1.84,1.856,245877
1545316200,1.92,2,1.6116,1.72,149888
1545402600,1.8,1.8084,1.64,1.668,109636
1545661800,1.4472,1.5996,1.4472,1.552,74414
1545834600,1.44,1.6,1.4204,1.56,58467
1545921000,1.56,1.6,1.44,1.552,92796
1546007400,1.52,1.6788,1.48,1.608,79075
1546266600,1.65,1.65,1.44,1.4488,126260
1546439400,1.512,1.56,1.4524,1.5252,66178
1546525800,1.5696,1.582,1.52,1.52,33217
1546612200,1.52,1.64,1.52,1.6116,53212
1546871400,1.6576,1.72,1.52,1.672,143091
1546957800,1.6476,1.876,1.6476,1.7024,70735
1547044200,1.7872,1.7872,1.6124,1.6836,31238
1547130600,1.716,1.76,1.6,1.608,53636
1547217000,1.6208,1.68,1.528,1.56,59544
1547476200,1.6,1.635596,1.52,1.52,58075
1547562600,1.5516,1.58,1.484,1.5096,42204
1547649000,1.4864,1.508,1.448,1.480244,31905
1547735400,1.48,1.4916,1.464,1.464,35868
1547821800,1.49,1.556,1.452,1.532,45787
1548167400,1.56,1.5624,1.466,1.472,25272
1548253800,1.52,1.7196,1.4804,1.6372,229452
1548340200,1.6276,1.6392,1.5004,1.5872,74484
1548426600,1.548,1.6,1.4804,1.502,34166
1548685800,1.476,1.56,1.44,1.472,51217
1548772200,1.476,1.476,1.4,1.44,32174
1548858600,1.4472,1.47,1.36,1.399964,70845
1548945000,1.4068,1.41,1.316552,1.3604,63329
1549031400,1.3604,1.3668,1.32,1.36,15556
1549290600,1.344,1.88,1.344,1.88,343260
1549377000,1.88,1.88,1.56,1.6488,287841
1549463400,1.6984,1.6984,1.52,1.584,82278
1549549800,1.6,1.6,1.44,1.544,33053
1549636200,1.488,2.3056,1.48,2.06,956738
1549895400,2.2,2.28,2,2.0176,376185
1549981800,2.0004,2.304,2.0004,2.28,136306
1550068200,2.3596,2.36,2.08,2.12,131409
1550154600,2.112,2.2508,2,2.08,224563
1550241000,2.12,2.2404,2.0624,2.16,105259
1550586600,2.4,3.14,2.4,2.9196,1368573
1550673000,2.74,2.92,2.484,2.82,626649
1550759400,2.602,2.762,2.48,2.534,127283
1550845800,2.6044,2.9668,2.6044,2.9596,387609
1551105000,2.76,2.92,2.52,2.7796,378195
1551191400,2.7128,2.76,2.564,2.6,143772
1551277800,2.56,2.68,2.56,2.56,77040
1551364200,2.638,2.68,2.4412,2.532,124608
1551450600,2.61,2.7596,2.56,2.5796,80395
1551709800,2.5448,2.5996,2.444,2.4796,89896
1551796200,2.6,2.6976,2.6,2.6,157194
1551882600,2.642,2.642,2.4,2.44,71218
1551969000,2.48,2.66,2.4,2.56,109229
1552055400,2.56,2.64,2.4404,2.5156,78298
1552311000,2.52,2.5784,2.42,2.47,93345
1552397400,2.442,2.56,2.44,2.4796,71432
1552483800,2.6,2.6,2.3368,2.4376,51435
1552570200,2.434,2.4788,2.32,2.3796,40669
1552656600,2.28,2.48,2.28,2.4012,108548
1552915800,2.56,2.56,2.404,2.4608,86510
1553002200,2.6,2.6,2.5,2.53,103324
1553088600,2.508,2.5923,2.46,2.54,55966
1553175000,2.54,2.544,2.4044,2.4556,67307
1553261400,2.4556,2.4668,2.28,2.2948,114997
1553520600,2.388,2.388,1.86,1.987676,116515
1553607000,1.92,2.16,1.92,2.0016,55678
1553693400,2.1016,2.2876,2.04,2.052,71408
1553779800,2.1176,2.196,2.0804,2.1,28938
1553866200,2.2,2.2316,2.04,2.082,59986
1554125400,2.12,2.386,2.0884,2.28,132330
1554211800,2.82,3.08,2.6,2.712,1005082
1554298200,2.96,3.1996,2.73368,3.04,905769
1554384600,2.86,2.98,2.56,2.6,391660
1554471000,2.8,2.9,2.4424,2.5908,373819
1554730200,2.31,2.87,2.15,2.77,1664531
1554816600,2.77,2.89,2.61,2.71,429460
1554903000,2.58,3.97,2.57,3.86,2794288
1554989400,3.4,3.47,3.05,3.19,1108924
1555075800,3.25,3.79,3.2,3.31,1427808
1555335000,3.29,3.471,3,3,641223
1555421400,2.99,3.2775,2.6,3.17,812702
1555507800,3.26,3.35,2.8,2.98,895384
1555594200,3.07,3.4,2.98,3.3,751449
1555939800,3.23,3.45,3.11,3.26,859662
1556026200,3.5,3.68,3.33,3.44,1203116
1556112600,3.35,3.36,3.1,3.1,759586
1556199000,3.15,3.1995,2.88,2.98,863263
1556285400,2.9,2.9,2.7,2.74,465873
1556544600,2.75,2.91,2.7,2.86,194915
1556631000,2.88,3.05,2.86,2.95,269243
1556717400,2.98,2.98,2.75,2.83,267237
1556803800,2.9,2.9596,2.752,2.93,292360
1556890200,3.11,3.28,2.9,2.94,1277619
1557149400,2.8,2.99,2.72,2.94,173140
1557235800,2.97,3.0501,2.82,2.85,311271
1557322200,2.82,2.95,2.77,2.91,126862
1557408600,2.83,2.8996,2.7372,2.84,208958
1557495000,2.87,2.98,2.65,2.92,637069
1557754200,3.11,3.85,3.03,3.38,6488617
1557840600,3.54,3.75,3.15,3.18,2234233
1557927000,3.12,3.31,3.07,3.22,738046
1558013400,3.2,3.3,3.11,3.29,445543
1558099800,3,3.1801,2.9,2.95,396238
1558359000,2.98,3.12,2.97,3.12,164401
1558445400,3.1,3.15,3,3.01,347804
1558531800,3,3.01,2.8815,2.97,163488
1558618200,2.91,2.92,2.79,2.86,142674
1558704600,2.86,3.0199,2.85,2.98,125659
1559050200,3.08,3.24,2.75,2.96,640218
1559136600,2.9,2.9184,2.8,2.84,213873
1559223000,2.82,3.08,2.75,2.92,893044
1559309400,2.84,2.8937,2.62,2.73,380350
1559568600,2.71,2.71,2.46,2.47,314303
1559655000,2.35,2.3655,2.07,2.16,384678
1559741400,2.17,2.2756,2.1003,2.2,93745
1559827800,2.2,2.2,1.92,2.02,268188
1559914200,2.05,2.205,2.05,2.15,195158
1560173400,2.15,2.1708,2.0201,2.11,133001
1560259800,2.08,2.18,2,2.06,69767
1560346200,2.04,2.15,1.95,2.07,111310
1560432600,2.07,2.2914,2.01,2.18,302571
1560519000,2.19,2.45,2.19,2.32,293247
1560778200,2.45,2.57,2.21,2.22,274459
1560864600,2.22,2.2599,2.06,2.17,175401
1560951000,2.17,2.1839,2.07,2.11,73631
1561037400,2.15,2.25,2.1201,2.22,159343
1561123800,2.3,2.3399,2.1,2.17,208616
1561383000,2.26,2.59,2.1533,2.48,871031
1561469400,2.58,2.75,2.55,2.67,581721
1561555800,2.8,3.49,2.8,3.45,2383143
1561642200,2.89,3.0903,2.61,2.71,899696
1561728600,2.81,2.91,2.76,2.89,461521
1561987800,2.8,2.8,2.5,2.65,374067
1562074200,2.63,2.9499,2.53,2.8,213551
1562160600,2.9,2.94,2.71,2.77,136985
1562333400,2.75,2.78,2.68,2.76,64353
1562592600,2.83,2.88,2.6303,2.85,301224
1562679000,2.85,2.8758,2.66,2.73,270881
1562765400,2.74,2.83,2.56,2.64,209416
1562851800,2.62,2.62,2.44,2.47,159804
1562938200,2.44,2.49,2.22,2.37,267910
1563197400,2.33,2.42,2.26,2.34,230332
1563283800,2.32,2.4,2.19,2.23,122959
1563370200,2.2,2.3492,2.19,2.19,123711
1563456600,2.19,2.3323,2.15,2.28,223593
1563543000,2.21,2.27,2.1798,2.18,132334
1563802200,2.11,2.15,2.04,2.1,170376
1563888600,2.2,2.22,2.09,2.15,94616
1563975000,2.15,2.17,2.0818,2.16,108698
1564061400,2.14,2.17,2.06,2.15,53812
1564147800,2.1,2.15,2.1,2.12,45965
1564407000,2.12,2.18,2.02,2.11,98026
1564493400,2.09,2.17,2.09,2.17,46339
1564579800,2.13,2.25,2.09,2.09,173797
1564666200,2.2,2.201,2.0541,2.06,141754
1564752600,2.1,2.22,2.05,2.1,94901
1565011800,2.23,2.27,2.0701,2.1,258557
1565098200,2.14,2.14,2.02,2.04,112073
1565184600,2,2.11,2,2.02,140359
1565271000,2,2.11,2,2.09,60428
1565357400,2.07,2.1067,2,2.07,25968
1565616600,2.05,2.0899,2.01,2.02,38192
1565703000,2,2.09,1.92,2.06,134927
1565789400,2.08,2.18,1.92,1.97,227936
1565875800,1.96,2.01,1.92,1.9401,27307
1565962200,1.92,1.99,1.9,1.9,63702
1566221400,1.88,1.97,1.77,1.7801,171025
1566307800,1.76,1.8,1.71,1.71,86251
1566394200,1.69,1.71,1.63,1.66,63677
1566480600,1.66,1.85,1.57,1.77,121397
1566567000,1.79,1.79,1.68,1.7,29525
1566826200,1.7,1.7106,1.62,1.62,84521
1566912600,1.64,1.7,1.56,1.56,43024
1566999000,1.71,1.71,1.5501,1.62,199587
1567085400,1.6,1.6399,1.55,1.57,59389
1567171800,1.61,1.88,1.545,1.67,180606
1567517400,1.68,1.84,1.68,1.75,141003
1567603800,1.76,1.84,1.65,1.81,96808
1567690200,1.77,1.86,1.75,1.82,52196
1567776600,1.82,1.9,1.82,1.83,74096
1568035800,1.81,1.91,1.76,1.81,45232
1568122200,1.81,1.9099,1.81,1.83,44243
1568208600,1.82,1.92,1.82,1.84,48890
1568295000,1.88,1.93,1.81,1.91,37536
1568381400,1.87,1.93,1.84,1.89,64906
1568640600,1.91,1.93,1.8,1.88,71821
1568727000,1.84,1.8999,1.79,1.87,47376
1568813400,1.84,1.88,1.81,1.82,32795
1568899800,1.81,1.9199,1.81,1.81,18878
1568986200,1.8205,1.85,1.8,1.8,27191
1569245400,1.84,1.84,1.7,1.74,44182
1569331800,1.75,1.78,1.63,1.67,46506
1569418200,1.66,1.81,1.61,1.79,46621
1569504600,1.76,1.79,1.66,1.71,27983
1569591000,1.71,1.79,1.7,1.71,16646
1569850200,1.73,1.78,1.6906,1.75,39502
1569936600,1.76,1.79,1.6913,1.73,23410
1570023000,1.76,1.78,1.62,1.66,45771
1570109400,1.66,1.7,1.57,1.65,33528
1570195800,1.67,1.71,1.67,1.68,17589
1570455000,1.66,1.7,1.615,1.65,19169
1570541400,1.65,1.7089,1.63,1.63,8996
1570627800,1.66,1.78,1.6,1.73,66607
1570714200,1.71,1.77,1.68,1.72,11230
1570800600,1.71,1.7131,1.57,1.66,29078
1571059800,1.66,1.69,1.5802,1.65,8888
1571146200,1.66,1.66,1.61,1.65,24339
1571232600,1.62,1.6356,1.58,1.6,29138
1571319000,1.62,1.68,1.61,1.63,46741
1571405400,1.63,1.66,1.5857,1.62,10839
1571664600,1.6,1.66,1.59,1.625,26351
1571751000,1.62,1.6375,1.12,1.32,326082
1571837400,1.35,1.35,1.2,1.25,113610
1571923800,1.28,1.3063,1.21,1.26,29137
1572010200,1.27,1.55,1.26,1.54,363913
1572269400,1.7,1.75,1.56,1.56,202693
1572355800,1.59,1.59,1.45,1.48,83597
1572442200,1.5,1.5,1.39,1.39,41834
1572528600,1.41,1.42,1.28,1.35,43675
1572615000,1.34,1.46,1.34,1.375,28505
1572877800,1.36,1.46,1.36,1.42,129083
1572964200,1.41,1.46,1.38,1.44,65459
1573050600,1.44,1.48,1.38,1.38,13231
1573137000,1.38,1.4,1.32,1.32,24939
1573223400,1.39,1.39,1.28,1.33,54477
1573482600,1.32,1.32,1.24,1.24,41669
1573569000,1.25,1.3171,1.24,1.26,26811
1573655400,1.24,1.2499,1.19,1.2298,71230
1573741800,1.25,1.25,1.165,1.19,60603
1573828200,1.19,1.2099,1.13,1.14,62505
1574087400,1.13,1.14,1.02,1.03,93516
1574173800,0.98,1.1,0.98,0.99,101361
1574260200,1.01,1.06,0.92,0.9855,96070
1574346600,0.952,1,0.94,1,82320
1574433000,0.99,1.11,0.95,1.09,115351
1574692200,1.06,1.4,1.0074,1.4,412794
1574778600,1.33,1.38,1.255,1.34,153705
1574865000,1.33,1.3899,1.21,1.2625,86631
1575037800,1.28,1.32,1.21,1.28,36874
1575297000,1.23,1.32,1.23,1.31,30211
1575383400,1.25,1.32,1.22,1.3,26033
1575469800,1.28,1.3,1.2545,1.26,29345
1575556200,1.25,1.28,1.25,1.26,5593
1575642600,1.24,1.26,1.1,1.14,91621
1575901800,1.2,1.21,1.05,1.08,121742
1575988200,1.05,1.05,0.99,1.03,180620
1576074600,0.99,1.19,0.99,1.1,322766
1576161000,1.09,1.09,1.03,1.04,148145
1576247400,1.03,1.05,0.8985,1.05,189615
1576506600,1.01,1.03,0.99,0.9929,58212
1576593000,0.999,1.03,0.95,0.985,110593
1576679400,0.9501,1.05,0.9501,1.02,152609
1576765800,1.04,1.04,0.96,0.9738,144062
1576852200,0.9709,0.99,0.9561,0.9561,60858
1577111400,0.9601,0.99,0.9145,0.9486,143009
1577197800,0.927,0.95,0.92,0.926,42938
1577370600,0.933,0.954703,0.9,0.918,67596
1577457000,0.91,0.9299,0.856,0.9,135225
1577716200,0.889,0.91,0.86,0.8996,85069
1577802600,0.86,0.908673,0.86,0.8814,140391
1577975400,0.8814,1.0799,0.8814,1.05,448717
1578061800,0.99,1,0.9296,0.955,127994
1578321000,0.96,1.056,0.96,0.97,192117
1578407400,0.98,1.12,0.98,1.09,1069199
1578493800,1.13,1.13,0.92,0.9476,487875
1578580200,0.9022,0.95,0.9,0.93,129540
1578666600,0.96,0.9899,0.924931,0.9301,186384
1578925800,0.93,0.9572,0.9,0.9113,92480
1579012200,0.95,1.03,0.95,0.985,346337
1579098600,1.05,1.05,0.9659,0.9878,107207
1579185000,0.99,1.04,0.94,1.0175,138166
1579271400,0.99,1.04,0.9899,1.035,140090
1579617000,1.02,1.04,0.97,0.9803,138136
1579703400,0.97,1.01,0.97,0.9829,54957
1579789800,0.97,0.9701,0.9403,0.941,77993
1579876200,0.9401,0.9501,0.9201,0.9279,91082
1580135400,0.91,1,0.91,0.9522,103080
1580221800,0.97,1.12,0.97,1.01,510709
1580308200,1.04,1.04,0.97,0.9883,85163
1580394600,0.99,1.1,0.96,1.07,238132
1580481000,1.1,1.1,0.9905,1.04,163452
1580740200,1.04,1.06,1,1.02,102910
1580826600,1.05,1.05,0.99,1.02,63292
1580913000,1.05,1.17,1.05,1.15,433722
1580999400,1.18,1.2,1.08,1.11,259151
1581085800,1.1,1.2,1.1,1.14,96109
1581345000,1.2,1.22,1.08,1.11,199700
1581431400,1.11,1.28,1.1,1.18,415459
1581517800,1.22,1.35,1.218,1.26,449392
1581604200,1.27,1.34,1.22,1.249,128977
1581690600,1.25,1.3,1.24,1.25,92759
1582036200,1.18,1.22,1.0622,1.11,302967
1582122600,1.19,1.19,1.015,1.07,224363
1582209000,1.04,1.0503,1,1.04,101454
1582295400,1.01,1.0521,1,1.03,87577
1582554600,1.01,1.04,0.96,0.983049,150447
1582641000,0.9809,1.003,0.9522,0.9523,48910
1582727400,0.9522,0.99,0.9522,0.9648,113684
1582813800,0.96,0.96,0.8,0.9323,197547
1582900200,0.85,0.8999,0.83,0.8597,141583
1583159400,0.8663,0.92,0.86,0.876069,59798
1583245800,0.91,0.92,0.85,0.9,81176
1583332200,0.9,0.91,0.864981,0.91,27822
1583418600,0.95,0.95,0.89,0.909799,58971
1583505000,0.9192,0.93,0.87,0.89,82023
1583760600,0.78,0.78,0.63,0.717,161541
1583847000,0.73,0.75,0.72,0.74,52710
1583933400,0.739,0.7759,0.7,0.715,60646
1584019800,0.69,0.69,0.5223,0.54,162450
1584106200,0.616,0.623,0.525,0.59504,89091
1584365400,0.368549,0.5496,0.3522,0.4884,135966
1584451800,0.51,0.52,0.4801,0.4802,73718
1584538200,0.49,0.52,0.38,0.396302,49189
1584624600,0.401,0.48,0.401,0.48,85933
1584711000,0.4646,0.589,0.44,0.5163,115927
1584970200,0.5271,0.56,0.45,0.45,97331
1585056600,0.4832,0.54,0.45,0.5164,136358
1585143000,0.53,0.53,0.488,0.5,88436
1585229400,0.51,0.54,0.5,0.52,89566
1585315800,0.5138,0.54,0.4898,0.5,125444
1585575000,0.525,0.525,0.4601,0.49,85088
1585661400,0.4981,0.4999,0.4,0.45,99260
1585747800,0.46,0.48,0.3904,0.4,85275
1585834200,0.4058,0.46489,0.4058,0.4501,208057
1585920600,0.46,0.47,0.44,0.4595,39766
1586179800,0.504,0.5165,0.45,0.5,914891
1586266200,0.51,0.57,0.4701,0.495,1044328
1586352600,0.4701,0.5,0.43,0.4798,227106
1586439000,0.48,0.487,0.44001,0.4599,154345
1586784600,0.46,0.4601,0.4302,0.442,128211
1586871000,0.4537,0.47,0.4003,0.445411,157777
1586957400,0.4526,0.4614,0.4061,0.445,173455
1587043800,0.448,0.49,0.4156,0.43,835641
1587130200,0.46,0.46,0.42,0.4251,220067
1587389400,0.42,0.4449,0.42,0.43,175536
1587475800,0.4313,0.45,0.38,0.418,342894
1587562200,0.43,0.43,0.4,0.4198,109827
1587648600,0.4253,0.5,0.401101,0.4997,3280333
1587735000,0.4847,0.4847,0.425,0.47,663751
1587994200,0.505,0.505,0.45,0.4599,581427
1588080600,0.4599,0.47,0.4324,0.4403,313949
1588167000,0.475,0.548,0.4603,0.479,3810795
1588253400,0.498,0.498,0.428,0.45,1285131
1588339800,0.45,0.45,0.41,0.439,483832
1588599000,0.4599,0.4599,0.411,0.426,558010
1588685400,0.444,0.496,0.43,0.45,6301469
1588771800,0.51,0.62,0.4709,0.5199,8662798
1588858200,0.55,0.695,0.525,0.6738,9859083
1588944600,0.73,1.12,0.68,0.895,32788974
1589203800,0.8,0.834,0.7,0.76,9326952
1589290200,0.714,0.75,0.61,0.6243,4664964
1589376600,0.66,0.74,0.6239,0.739,7862972
1589463000,0.85,1.05,0.758,0.8597,20875617
1589549400,0.7799,0.84,0.7158,0.8,3576441
1589808600,0.861,0.87,0.78,0.81,2733261
1589895000,0.82,0.8602,0.791,0.8055,2770645
1589981400,0.845,0.94,0.805,0.83,6305180
1590067800,0.796,0.81,0.7,0.709,3494322
1590154200,0.71,0.74,0.7,0.7295,1786908
1590499800,0.71,0.72,0.6601,0.7194,1907576
1590586200,0.73,0.75,0.7022,0.72,1979835
1590672600,0.748,0.76,0.71,0.7332,2930365
1590759000,0.7733,0.7788,0.682,0.7,1880596
1591018200,0.7166,0.75,0.71,0.73,4256717
1591104600,0.8777,0.98,0.7901,0.82,14269485
1591191000,0.961,0.9701,0.8407,0.92,12774849
1591277400,0.9075,1.18,0.86,1.09,11848177
1591363800,1.05,1.0601,0.9211,1,3812076
1591623000,0.9898,0.9898,0.9003,0.9134,3241079
1591709400,0.95,0.95,0.88,0.9,2493541
1591795800,1.04,1.4,0.97,1.25,35201011
1591882200,1,1.09,0.9,0.93,7838841
1591968600,1.01,1.02,0.91,0.9301,2969608
1592227800,0.95,1.02,0.91,0.9496,5714631
1592314200,1,1.01,0.9054,0.9389,2845150
1592400600,0.93,0.9425,0.871,0.876,2763729
1592487000,0.8783,0.9097,0.84,0.86,1584071
1592573400,0.88,0.92,0.8417,0.8417,1938158
1592832600,0.8731,1.18,0.855,1.09,12568588
1592919000,1.17,1.19,0.99,1.1,8711870
1593005400,1,1.04,0.94,0.9801,3596764
1593091800,0.9631,1.06,0.963,1.01,2169259
1593178200,0.9801,0.9801,0.9,0.9225,2501109
1593437400,0.9,0.9175,0.8501,0.8901,1539943
1593523800,0.8698,0.967,0.861,0.91,1905650
1593610200,0.899,0.9562,0.885,0.9336,2344531
1593696600,0.9613,0.9613,0.9,0.9101,1649934
1594042200,0.93,0.96,0.9054,0.9389,1900076
1594128600,0.918,0.93,0.9,0.9,1024249
1594215000,0.9201,1.05,0.9103,1,5136534
1594301400,1.02,1.02,0.905,0.938,2313787
1594387800,0.92,0.955,0.91,0.93,723070
1594647000,0.931,0.95,0.87,0.878,1681410
1594733400,0.92,0.92,0.88,0.91,1110662
1594819800,0.91,0.936,0.8862,0.918,1278545
1594906200,0.9,0.93,0.8999,0.9076,897712
1594992600,0.9194,0.93,0.89,0.8975,879453
1595251800,0.91,0.93,0.895,0.925,1136514
1595338200,0.95,1,0.929,0.9446,3776000
1595424600,0.965,1.22,0.96,1.05,13490884
1595511000,1.12,1.2,0.932,0.961,12385690
1595597400,0.9324,1.15,0.91,1.04,25520011
1595856600,1.37,1.72,1.27,1.42,75828462
1595943000,1.52,2.03,1.44,1.71,73062621
1596029400,1.8,1.935,1.72,1.82,26702481
1596115800,1.7162,1.8,1.54,1.78,10582972
1596202200,1.73,2.19,1.67,2.03,39462038
1596461400,3.11,4.79,2.84,3.83,225520808
1596547800,3.01,3.66,2.86,3.31,28945740
1596634200,4.2,4.74,3.91,4.2,98927901
1596720600,4.5,5.25,4.44,5.09,80517441
1596807000,4.55,4.69,3.98,4.38,27004145
1597066200,4.898,4.93,4.3485,4.44,18341244
1597152600,3.88,4.16,3.7,3.86,14350706
1597239000,4.05,4.05,3.43,3.57,9697779
1597325400,3.25,3.9,3.04,3.55,16577922
1597411800,3.84,4.09,3.55,3.87,22073534
1597671000,4.039,4.19,3.55,3.72,27713414
1597757400,3.67,3.67,3.25,3.41,9986530
1597843800,3.2,3.41,3.1,3.14,7388153
1597930200,3.14,3.29,3.08,3.27,8377835
1598016600,3.1533,3.1533,2.46,2.71,14544339
1598275800,2.8344,2.84,2.3,2.31,8552957
1598362200,2.14,2.51,2.08,2.44,8316080
1598448600,2.59,2.63,2.44,2.54,8319821
1598535000,2.5,2.55,2.22,2.26,5742197
1598621400,2.28,2.75,2.26,2.56,12713616
1598880600,2.73,2.73,2.31,2.48,6973016
1598967000,2.5,2.81,2.38,2.57,17949328
1599053400,2.36,2.4,2.23,2.38,6341837
1599139800,2.13,2.2488,2.06,2.095,6075938
1599226200,2.04,2.19,1.72,2.09,8612469
1599571800,1.81,2.065,1.79,1.85,5140817
1599658200,1.93,2.05,1.875,1.97,3843588
1599744600,2.02,2.09,1.86,1.89,4548869
1599831000,1.8901,1.92,1.75,1.8,3239567
1600090200,1.86,1.99,1.85,1.98,5648393
1600176600,2.01,2.09,1.92,1.98,4264758
1600263000,2,2.33,1.99,2.07,13048721
1600349400,1.96,2.04,1.89,1.99,4019536
1600435800,2.01,2.02,1.92,1.92,3486553
1600695000,1.8111,1.89,1.79,1.89,3726595
1600781400,1.89,1.8994,1.81,1.82,1922008
1600867800,1.81,1.85,1.64,1.64,4070980
1600954200,1.6,1.89,1.48,1.75,5946744
1601040600,1.76,2.05,1.74,1.93,8295303
1601299800,2.05,2.15,1.98,2.02,3865803
1601386200,1.99,2.08,1.95,2.02,2414545
1601472600,2,2.0488,1.91,1.96,2040870
1601559000,2.01,2.03,1.9,1.95,2484867
1601645400,1.85,1.96,1.82,1.96,1840358
1601904600,1.96,2.01,1.89,1.96,2880171
1601991000,1.93,1.95,1.85,1.87,2219657
1602077400,1.87,1.94,1.87,1.94,1714579
1602163800,1.98,2.37,1.97,2.14,18834625
1602250200,2.24,2.27,2.06,2.16,6001748
1602509400,2.22,2.59,2.15,2.42,18581623
1602595800,2.5,2.5,2.22,2.36,7581614
1602682200,2.25,2.42,2.18,2.25,6235882
1602768600,2.12,2.37,2.12,2.33,5121448
1602855000,2.3,2.31,2.16,2.18,3428714
1603114200,2.29,2.47,2.24,2.34,12348755
1603200600,2.48,2.68,2.36,2.46,19529348
1603287000,2.8,3.06,2.72,2.84,34785291
1603373400,3.07,3.11,2.71,3,23509351
1603459800,2.87,2.88,2.5799,2.74,10512717
1603719000,2.91,2.94,2.42,2.54,13681070
1603805400,2.76,2.85,2.57,2.76,18966919
1603891800,2.5,2.55,2.28,2.35,12497459
1603978200,2.275,2.49,2.26,2.28,11043846
1604064600,2.27,2.27,2.07,2.16,10002833
1604327400,2.12,2.25,2.06,2.1,7388831
1604413800,2.16,2.35,2.12,2.22,8262650
1604500200,2.26,2.54,2.15,2.35,17677927
1604586600,2.51,2.59,2.43,2.495,17925134
1604673000,2.53,2.5301,2.34,2.41,9110992
1604932200,2.3,2.34,2.16,2.21,8188441
1605018600,2.16,2.23,2.06,2.19,3942455
1605105000,2.23,2.4301,2.2013,2.33,8968983
1605191400,2.38,2.45,2.24,2.3,8789078
1605277800,2.32,2.44,2.18,2.39,8835107
1605537000,2.3766,2.53,2.33,2.48,11321170
1605623400,2.58,3.155,2.5,3.1,59644970
1605709800,3.46,3.51,2.78,2.89,49980548
1605796200,3.06,3.24,2.95,3.09,21534005
1605882600,3.18,3.5,3.14,3.39,30386300
1606141800,3.73,4.96,3.6808,4.92,55604998
1606228200,6.01,6.05,4.27,4.91,50743784
1606314600,5.09,5.4491,5,5.12,22889609
1606487400,4.19,4.63,4.03,4.28,18155615
1606746600,5.14,6.28,5.05,6.28,69432057
1606833000,5.86,6.8,5.55,6.19,36089931
1606919400,5.979,6.01,5.46,5.76,15836050
1607005800,5.96,6.18,5.66,5.91,25417500
1607092200,5.76,5.9,5.37,5.4,22191132
1607351400,5.4,6.04,5.39,5.51,21467759
1607437800,5.42,5.49,5.07,5.18,13333496
1607524200,5.2308,5.34,4.5245,4.78,16146332
1607610600,4.51,5.29,4.5,5.22,12805045
1607697000,4.98,5.17,4.66,4.75,10126500
1607956200,5.3169,5.86,5.14,5.54,23564903
1608042600,5.7,7.16,5.53,7.07,38775383
1608129000,8.18,8.85,7.65,8.23,88747754
1608215400,9.66,10.45,9.03,9.47,89585871
1608301800,8.8,10.19,8.43,9.31,42205476
1608561000,9.11,11.55,9.0518,11.5,50428039
1608647400,12.95,14.08,12.23,13.97,55985276
1608733800,13.68,13.85,10.79,10.81,41595337
1608820200,11.6666,12.35,10.55,10.92,19138181
1609165800,14,14.66,12.1,12.25,58753611
1609252200,12.225,12.54,11.09,11.76,28427128
1609338600,12.56,12.95,10.71,10.88,55300355
1609425000,10.87,11.61,9.62,10.44,36916433
1609770600,12.48,12.49,10.53,11.01,35826550
1609857000,10.7,14.3,10.69,13.59,61984103
1609943400,14.58,17.58,14.25,16.96,83119889
1610029800,20.18,24.35,18.55,22.36,118963598
1610116200,25.06,28.37,23.8,26.39,97428209
1610375400,20,25.44,19.6,23.36,93551099
1610461800,24,26.92,22.81,26.15,58671046
1610548200,22.39,23.66,21.65,23,69462975
1610634600,25.91,26.55,23.73,24.44,55343591
1610721000,23.1,23.67,21.85,22.39,33851090
1611066600,23.82,23.9299,22.04,22.35,28223735
1611153000,21.11,21.38,17.59,19.27,45124116
1611239400,16.45,19.1,15.72,17.56,51838225
1611325800,18.77,19.85,17.95,18.3,41305224
1611585000,19.5,19.5652,17.45,18.22,24655898
1611671400,17.5,19.59,17.01,18.6,29926829
1611757800,17.09,18.4299,16.48,17.65,17609069
1611844200,18.39,21.96,17.16,19.9,39673487
1611930600,24.14,24.18,19.65,20.74,43378261
1612189800,20.58,21.16,19.35,20.74,17122646
1612276200,21.39,23.4091,20.3,22.74,23919121
1612362600,23,24.96,22.8,23.67,26745792
1612449000,24,24.09,21.86,22.795,21042027
1612535400,23.1,23.89,21.9,22.52,16620831
1612794600,26.94,32.07,25.65,32.07,73091631
1612881000,35.51,39.74,33.53,37.59,57665362
1612967400,34.66,36.35,30.63,34.01,30291663
1613053800,38.3,41,36,37.27,38459738
1613140200,37.89,40.99,36.3129,38.46,31026274
1613485800,41.96,45.26,41.25,43.56,29144014
1613572200,46.03,49.4069,43.65,47.9,35068986
1613658600,44.18,47.72,40.72,40.98,24599806
1613745000,43.76,46.4,42.18,43.27,24234147
1614004200,37.05,41.489,36.6,37.11,20575258
1614090600,30.99,31.71,26.06,28.56,31753913
1614177000,32.55,36.54,31.1301,33.41,26774964
1614263400,36.0739,37.69,29.68,30.63,23955614
1614349800,28.552,32.35,28.2,30.15,21127493
1614609000,34.22,38.5,32.33,38.5,22963786
1614695400,40,40,34.67,34.89,17302454
1614781800,38.11,38.4535,34.83,36.62,18558709
1614868200,34.35,36.1952,28.5,32.01,20974687
1614954600,32.4,32.88,24.11,30.03,24275717
1615213800,31.498,32.45,28.01,28.51,16352345
1615300200,32.02,37.96,31.8301,36.77,27885055
1615386600,39.4,40.55,36.3,38.19,24032818
1615473000,38.8969,42.208,37.87,41.81,19389218
1615559400,37.77,43.6,37.5,40.7,15683410
1615815000,41.01,44.87,41,43.1,16102261
1615901400,41.59,42.19,37.08,38.36,14829452
1615987800,37.01,43.4,35,43.18,21192111
1616074200,41.9,45.91,40.71,41.56,22772546
1616160600,42.31,44.3,41.6002,43.05,18246669
1616419800,42.97,43.23,39.13,39.99,16740591
1616506200,39.19,41.37,37.61,38.04,15570411
1616592600,40.02,40.59,33.64,34.04,14714118
1616679000,29.84,34.7,29.5701,34.2,17276021
1616765400,34.75,36.19,33.8,36.09,10801912
1617024600,39.02,40.44,37.62,38.13,15161099
1617111000,39.3265,44.35,38.55,44.14,23344683
1617197400,43.53,50.21,42.6,48.02,35148763
1617283800,48.88,51.76,47.31,48.85,20813172
1617629400,48.89,57.17,47.4,56.56,29046803
1617715800,56.685,57.75,51.22,52.45,21419496
1617802200,49.21,51.17,45.55,46.26,21233718
1617888600,48.7,52.1,48.47,49.82,22117833
1617975000,51,52.1109,46.85,49,20887495
1618234200,51.61,54.5224,48.71,50.07,27398820
1618320600,54,54.04,49.7201,51,33395307
1618407000,50.96,50.9804,42.26,42.97,43053774
1618493400,43.87,44.98,38.55,42.14,35506908
1618579800,39.6,41.19,37.68,38.93,23728215
1618839000,35.02,37.0899,33.24,35.55,28403463
1618925400,34.8,35.77,30.74,33.57,26874728
1619011800,31.39,35.6753,31.05,34.93,22768419
1619098200,34.55,35.73,30.92,31.06,22212712
1619184600,29.09,32.71,28.36,32.3,21943958
1619443800,34.92,36.32,33.26,34.14,20890211
1619530200,35.1,35.4,33.78,34.12,12994261
1619616600,34.18,37.92,33.58,37.64,20558230
1619703000,36.1,36.64,33.8,34.26,15562058
1619789400,34.98,38.55,34.6701,36.78,22154519
1620048600,38.2,39.68,35.21,36.22,17671238
1620135000,34.88,35.24,32.22,33.95,14261883
1620221400,34.5,36.23,32.951,33.55,15077594
1620307800,33.59,34.11,30,31.4,13903816
1620394200,31.91,32.79,30.81,31.33,11735127
1620653400,30.99,31.15,27.62,27.82,17201073
1620739800,23.6,26.41,23.23,25.95,23322048
1620826200,24.85,26.31,22.4301,22.85,20186851
1620912600,21.37,22.6,18.3225,19.66,33368445
1620999000,21.23,23.99,20.99,23.08,24535790
1621258200,20.56,22.51,20.31,22.36,19471007
1621344600,22.06,23.87,21.81,22.99,16461671
1621431000,19.45,21.7799,19.31,21.71,33073078
1621517400,23.465,24.27,20.93,21.89,22823409
1621603800,21.94,22.8,20.41,20.89,20760503
1621863000,21.264,23.29,21.09,23.15,22112037
1621949400,22.4,23.287,21.93,22.62,13849398
1622035800,23.67,25.93,23.33,25.26,23333379
1622122200,26.51,27.11,24.78,25.84,20543557
1622208600,24.84,25.7112,24.16,24.77,12356076
1622554200,24.544,25.65,24.45,25.2,11830955
1622640600,25.88,26.3019,24.93,25.24,12685523
1622727000,25.64,25.72,23.73,23.79,9132907
1622813400,23.2321,24.75,23.0874,24.35,8142363
1623072600,24.14,24.615,23.58,24.39,7793052
1623159000,23.17,23.89,21.54,23.64,13667227
1623245400,23.96,27.24,23.4101,26.14,17945220
1623331800,26.55,27.45,25.68,26.51,12889445
1623418200,26.5993,27.05,25.83,26.55,7224799
1623677400,29,32.06,28.44,29.94,20040197
1623763800,30.84,31.63,28.95,30.67,14980378
1623850200,29.68,30.44,28.94,29.97,10244924
1623936600,29.84,32.04,29.84,30.06,11472550
1624023000,29.72,30,28.28,28.92,9796998
1624282200,27.202,28.5771,27.0148,27.83,10225799
1624368600,25.53,27.82,24.5,27.34,18428415
1624455000,28.355,29.1,27.42,27.61,9348304
1624541400,28.116,29.8792,27.75,29.48,10040892
1624627800,28.5537,28.93,27.664,28.19,22895539
1624887000,29.24,30.77,28.79,30.11,10762589
1624973400,31.9,33.72,31.3,31.89,14213770
1625059800,31.12,32.2,30.035,31.37,9633673
1625146200,31.37,31.55,30.2,30.69,5881742
1625232600,30.9,31.3,30.16,30.29,4799976
1625578200,30.83,30.95,29.03,29.72,5946383
1625664600,30.05,30.25,28.45,28.59,5634109
1625751000,27.0349,28.12,26.6,27.79,5225883
1625837400,28.2638,28.6797,27.5208,27.69,4204478
1626096600,27.8053,28.02,26.2,27.37,4555334
1626183000,26.83,27.08,25.86,25.96,4209023
1626269400,26.23,26.62,24.57,24.64,4783978
1626355800,24.03,25.1642,23.67,24.48,4664959
1626442200,24.59,24.7999,23.295,23.33,4749051
1626701400,22.02,23.26,21.67,22.35,5960330
1626787800,21.945,22.9,20.61,22.63,6292424
1626874200,24.19,25.7,23.9604,25.06,10684869
1626960600,25.49,25.64,24.08,25.26,6719750
1627047000,25.05,25.35,23.8,24.64,5328079
1627306200,28.2165,29.97,27.2,29.58,18732811
1627392600,28.2,29.17,26.16,27.02,8900739
1627479000,28.42,28.752,27.54,28.16,6461752
1627565400,28.12,29.265,27.47,27.48,6233005
1627651800,27.21,28.2,27.01,27.63,4791893
1627911000,27.63,29.14,26.88,28.23,9763683
1627997400,28,28.06,26.2,27.13,7987498
1628083800,27.61,29.57,27.405,28.72,9121667
1628170200,27.99,31.5,27.62,31.47,11624247
1628256600,31.98,34.74,30.9012,34.25,17648922
1628515800,36.22,37.77,35.38,35.98,18631502
1628602200,35.98,36.71,34.3501,35.7,8647741
1628688600,36.31,37.1,34.51,35.18,8581582
1628775000,33.72,34.16,32.4307,33.84,6185392
1628861400,35.0665,36.25,32.7348,32.88,9910446
1629120600,32.99,33.77,31.83,33.04,6271298
1629207000,32.93,33.54,30.03,30.65,7216466
1629293400,30.5704,32.45,30.25,30.78,6087353
1629379800,30.3,32.4298,30.1,31.81,8219217
1629466200,32.57,36.18,32.37,35.26,15533243
1629725400,37.57,38.79,35.6,36.76,19439807
1629811800,36.47,38.05,35.15,37.98,10997127
1629898200,37.41,38.99,36.77,38.33,9732360
1629984600,37.242,38.48,36.02,36.22,7795484
1630071000,36.6,40.66,36.25,40.2,13083255
1630330200,39.3135,40.79,37.6493,40.54,9673356
1630416600,39.86,41.5778,39.27,40.59,8161911
1630503000,41.05,42.8569,40.48,41.18,9554275
1630589400,43.19,44.515,41.721,42.2,10942958
1630675800,43.7123,44.97,43.22,43.41,12728286
1631021400,42.8,43.66,38.66,39.39,15592753
1631107800,39.125,39.87,37.1,37.29,7771906
1631194200,38.25,40.3,37.86,38.89,9530899
1631280600,38.8996,39.18,35.57,35.74,8576182
1631539800,35.04,36.67,34.2625,35.59,8485060
1631626200,36.6963,37.27,34.41,34.68,7443594
1631712600,36.09,37.2,35.18,37.05,9514030
1631799000,36.9028,37.32,35.26,36.34,6203839
1631885400,36.45,36.5859,35.47,35.84,6082265
1632144600,32.49,34.5,32.3,33.89,8322062
1632231000,34.21,34.21,32.45,33.24,6551428
1632317400,33.34,36.42,33.11,35.7,8110822
1632403800,35.89,37.72,35.54,37.7,7151314
1632490200,35,36.4059,34.64,36.18,8227607
1632749400,36.28,37.03,35.09,35.17,5463405
1632835800,34.6,35.25,32.65,32.75,5648323
1632922200,33.12,33.34,30.5535,30.61,7559722
1633008600,32.0324,32.44,31.0515,31.58,6362944
1633095000,34.0343,34.27,32.34,33.17,8287819
1633354200,32.81,33.8463,31.89,33.63,7866975
1633440600,34.195,37.29,33.88,37.19,11565427
1633527000,38.49,39.8,37.443,38.96,15438698
1633613400,38.151,38.59,37.11,38.42,8015072
1633699800,38.74,39.98,37.98,39.49,7564151
1633959000,40.56,44.1196,40.43,42.96,14174471
1634045400,42.88,43.04,39.63,40.86,10236192
1634131800,40.66,43.88,39.5501,43.79,9918792
1634218200,44.2955,44.88,42.3033,43.59,10298090
1634304600,45.5,48.95,45.16,48.89,22547366
1634563800,48.39,53.42,48.27,51.45,22345350
1634650200,51.6,54.005,48.74,53.91,23597581
1634736600,54.11,56.48,52.5,53.07,22137655
1634823000,52.67,53.99,49.3962,50.91,15392114
1634909400,50.56,51.13,47.37,49.46,9819511
1635168600,51.1,55.29,51.01,54.69,14915816
1635255000,53.88,54.96,52.27,52.86,10082164
1635341400,50.82,51.3,48.9,50.04,8853311
1635427800,52.19,53.6799,49.85,50.39,11053583
1635514200,50.8298,52.75,49.802,52.24,9944611
1635773400,52.34,57.79,52.29,55.51,15363254
1635859800,58.5,63.3423,58.2,63.34,18599327
1635946200,61.6,64.94,58.8,64.66,14060157
1636032600,63.875,65.69,61.6713,64.29,10292053
1636119000,65.02,65.77,61.97,63.82,7396919
1636381800,70.01,77.3274,70.01,75.3,16719504
1636468200,81.51,83.45,72.01,76.09,16497792
1636554600,79.19,79.19,64.1201,64.84,19254259
1636641000,66.82,72.9,66.1,70.69,10760648
1636727400,69.995,76.83,67.5,75.92,13218873
1636986600,72.59,73.5,54.65,55.4,34932949
1637073000,51.33,57.68,50.77,55.37,27102856
1637159400,55.69,56.6214,48.76,50.95,18385264
1637245800,50.9,52.0299,47.41,51.46,13860519
1637332200,51.84,56.8,51.7933,54.68,14141864
1637591400,55.14,56,48.391,49.57,13165736
1637677800,50.78,53.77,49.6,52.12,11340031
1637764200,49.99,52.6462,48.9,52.39,8088597
1637937000,49.165,51.2,48.05,49.2,6711150
1638196200,52.145,52.2994,48.12,51.39,11242834
1638282600,52.095,54.93,49.09,51.07,14540677
1638369000,52.61,57.7,49.81,50.79,18677077
1638455400,50.5,52.94,47.05,49.07,13241206
1638541800,48.89,49.65,40.2101,41.64,16794930
1638801000,37.96,44.08,35.9723,41.81,16472386
1638887400,44.29,47.11,43.7655,45.7,11198812
1638973800,45.49,47.21,43.91,46.64,8408798
1639060200,45.7,46,41.1103,41.37,11781474
1639146600,43.12,43.6,39.2,40.44,8529297
1639405800,39.61,39.63,36.4601,36.84,11589764
1639492200,35.95,38.4192,35.58,37.33,9912800
1639578600,37.02,39.96,34.3,38.73,15213145
1639665000,39.015,39.8,34.62,35.51,11334197
1639751400,33.9,35.95,32.38,33.855,11664981
1640010600,32.185,33.48,31.45,32.47,9289193
1640097000,34.24,34.8,32.8,34.43,9805933
1640183400,34.19,35.2,33.45,34.13,8122891
1640269800,34.05,38.73,33.05,38.13,15471671
1640615400,39,40.78,38.1401,39.4,14334509
1640701800,37.19,37.35,34.51,35.14,12501100
1640788200,34.86,35.8,33.37,33.91,8734699
1640874600,33.9752,36,33.7,34.39,10789539
1640961000,34.7,35.42,32.8,32.86,8982498
1641220200,33.68,34.19,32.35,32.89,6826655
1641306600,33.6,35.48,32.64,34.13,10570538
1641393000,33.3,33.9,29.21,29.62,15872241
1641479400,29.7139,30.4122,27,29.3,10608010
1641565800,28.48,29.41,27.2,28.49,9316374
1641825000,26.88,29.22,26.27,28.93,11521473
1641911400,28.61,30.379,28.0617,29.58,11142700
1641997800,31.36,31.79,29.8,30.36,14678533
1642084200,30.94,31.3899,27.86,28.1,12245349
1642170600,27.58,29.09,27.42,28.59,9692013
1642516200,27.575,28.09,25.95,26.07,9257256
1642602600,26.35,27.02,24.78,24.85,9449791
1642689000,25.38,27.34,24.74,24.83,12531587
1642775400,23,24.3116,21.92,22.055,17539915
1643034600,19.82,23.0199,19.43,22.9,22184763
1643121000,22.5737,23.43,21.43,22.18,14056067
1643207400,24,24.22,20.952,21.46,17840617
1643293800,21.5,21.92,19.6,19.79,12599005
1643380200,20.57,22,19.4319,21.97,13896122
1643639400,22.0646,23.6,21.28,23.54,12131498
1643725800,24.09,25.22,23.19,25.03,13900736
1643812200,24.4535,24.75,22.4101,23.02,11073735
1643898600,21.98,22.65,21.01,21.21,8835349
1643985000,22.1114,23.84,21.08,23.51,19894173
1644244200,25,26.54,24.97,25.575,22861584
1644330600,25,26.4,24.62,26.33,12740332
1644417000,26.8,29.04,26.35,28.99,14937593
1644503400,27.88,31.44,27.66,28.82,20081635
1644589800,28.775,29.74,26.455,26.93,15399148
1644849000,26.85,27.9,25.2714,25.55,12765749
1644935400,27.55,28.93,27.44,28.63,15775814
1645021800,27.57,28.93,27.11,28.4,10612818
1645108200,27.14,27.8797,25.5,25.72,10745949
1645194600,25.6214,25.76,23.83,23.89,10793234
1645540200,22.9,24.095,22.01,22.53,12002281
1645626600,23.41,23.9,20.94,21.04,11574439
1645713000,19.56,23.02,19.51,22.96,16630216
1645799400,23.39,23.73,22.01,23.07,12124657
1646058600,23.2,25.98,23.13,25.35,20632357
1646145000,27.37,27.49,24.96,26.08,21748443
1646231400,25.55,27.1,25.3335,26.88,13294076
1646317800,26.6,27.25,24.52,24.66,9502957
1646404200,24.73,25.18,22.46,22.82,10885101
1646663400,23.12,23.88,21.4538,21.48,10943721
1646749800,21.75,23.49,21.28,22.35,10851565
1646836200,24.3965,26.19,24.0342,25.68,15227990
1646922600,24.01,24.85,23.29,24.75,9376086
1647009000,25.14,25.21,22.44,22.49,8914602
1647264600,22.3,22.43,20.95,21.41,8346716
1647351000,21.33,22.4657,20.32,22.41,8796122
1647437400,23.31,24.2693,22.19,24.23,11982593
1647523800,24.05,26.7,24,26.66,11090555
1647610200,26.1,28.03,26.04,27.92,10161540
1647869400,27.94,28.79,26.56,27.63,8684348
1647955800,28.93,30.9601,28.8,29.44,13227157
1648042200,29.15,30.3,28.51,29.25,8156735
1648128600,30.04,30.47,28.32,30.33,11873995
1648215000,31.28,31.49,28.22,28.89,12140817
1648474200,31.055,32.74,30.1,31.27,19226370
1648560600,31.35,31.65,29.31,31.14,11228189
1648647000,30.49,31.38,29.28,29.56,8076211
1648733400,29.87,30.19,27.92,27.95,8306219
1648819800,27.86,29.06,27.3722,28.54,9201787
1649079000,28.54,28.95,27.6,28.92,8359455
1649165400,29.35,29.488,26.02,26.26,11188619
1649251800,25.2,25.62,23.84,24.185,10107265
1649338200,24.05,24.605,22.82,23.77,9526038
1649424600,23.56,23.81,22.61,22.68,9102842
1649683800,22.05,22.87,21.4,21.92,6768460
1649770200,22.55,23.35,20.85,21.16,10968465
1649856600,21.02,22.58,20.9399,22.3,8388965
1649943000,22.3,22.37,20.93,21.23,8928513
1650288600,20.91,21.26,19.79,20.9,9628174
1650375000,21.1,21.925,20.41,21.5,8522979
1650461400,21.695,22.09,20.25,20.72,8875042
1650547800,21.3,21.99,19.12,19.32,12743673
1650634200,19.08,19.7699,18.085,18.15,9866652
1650893400,17.78,18.78,17.6,18.72,11327424
1650979800,18.5,18.57,17.02,17.1,8916369
1651066200,17,18.15,16.64,16.72,11128709
1651152600,16.87,17.26,15.59,16.86,13725858
1651239000,16.63,17.4799,15.53,15.6,10525696
1651498200,15.56,16.92,15.05,16.66,13859704
1651584600,16.35,17.32,16.2254,16.78,7599026
1651671000,16.88,17.83,15.61,17.76,11809887
1651757400,17.275,17.4,15.535,15.9,9300465
1651843800,15.47,15.81,14.45,14.95,8417598
1652103000,13.94,14.03,11.7709,12.08,15824984
1652189400,12.86,13.19,11.54,11.8,12884537
1652275800,11,12.17,9.91,9.98,17834920
1652362200,9.49,10.6,8.8,10.15,20886664
1652448600,11.17,12,10.92,11.39,15326165
1652707800,11.175,11.2,10.13,10.32,11021333
1652794200,10.78,11.26,10.51,11.09,10896815
1652880600,10.61,10.99,9.93,10.16,9931685
1652967000,10.19,10.93,10.12,10.35,10241711
1653053400,10.65,10.7,9.21,9.77,12377964
1653312600,9.88,10.26,9.5201,9.93,9389491
1653399000,9.61,9.8,8.74,9,11216515
1653485400,8.885,9.44,8.84,9.27,6868675
1653571800,8.81,9.96,8.53,9.85,15649978
1653658200,9.968,10.4788,9.81,10.27,13974019
1654003800,11.04,11.17,10.015,10.23,19496558
1654090200,10.3,10.35,9.11,9.22,14993765
1654176600,9.14,9.6,9.1,9.34,11644094
1654263000,9.07,9.11,8.4,8.8,11020743
1654522200,9.23,9.26,8.7,8.93,10203480
1654608600,8.645,8.875,8.32,8.69,10773214
1654695000,8.64,9.14,8.39,8.53,11216963
1654781400,8.4,8.4386,7.65,7.66,13904882
1654867800,7.35,7.69,7.245,7.54,10518172
1655127000,6.15,6.9999,6.12,6.65,18789092
1655213400,6.54,7.07,6.41,6.94,10702245
1655299800,6.71,7.17,6.55,6.87,18151334
1655386200,6.73,6.82,6.27,6.57,12253762
1655472600,6.46,6.84,6.44,6.61,10248614
1655818200,6.94,7.7883,6.89,7.22,16390944
1655904600,7.07,7.33,6.72,6.75,10511167
1655991000,6.77,7.1,6.51,7.05,13282055
1656077400,7.17,7.7588,7.12,7.42,13665920
1656336600,7.48,7.5,6.81,6.85,9098171
1656423000,6.95,7.153,6.32,6.43,10515351
1656509400,6.25,6.27,5.65,5.8,12163876
1656595800,5.5345,5.77,5.27,5.34,10706090
1656682200,5.41,5.7,5.2779,5.54,11547917
1657027800,5.4,6.08,5.2,6.07,12360941
1657114200,5.94,6.07,5.61,5.65,11174624
1657200600,5.77,7.09,5.71,7.01,20439574
1657287000,6.65,8.9,6.6,8.51,49125083
1657546200,7.9,8.29,7.67,7.81,14370120
1657632600,7.75,7.985,7.36,7.67,10812467
1657719000,7.5,7.9,7.05,7.76,12906701
1657805400,7.59,8.1,7.26,8,15079765
1657891800,8.26,8.56,7.67,8.04,13282060
1658151000,8.83,10.97,8.7,9.76,43749464
1658237400,10.37,13,9.85,12.9,58076452
1658323800,13.55,14.2,11.86,12.47,70804290
1658410200,11.76,13.51,11.67,13.49,31470883
1658496600,13.89,13.92,12.06,12.42,29213398
1658755800,11.7,12.48,11.51,11.57,16546758
1658842200,11.19,11.29,10.08,10.11,13455452
1658928600,10.87,12.65,10.58,12.32,31320980
1659015000,12.32,13.72,11.84,13.2,36780950
1659101400,12.82,14.1697,12.575,12.99,31918900
1659360600,12.5,13.19,11.83,12.27,20687990
1659447000,11.9,13.64,11.81,12.96,23868553
1659533400,13.17,13.77,12.93,13.28,24463920
1659619800,13.5,15.03,13.3,13.42,27091815
1659706200,13.23,14.39,13.13,14.17,17207095
1659965400,15.28,15.78,14.25,14.43,19936551
1660051800,14.01,14.95,13.34,14.11,16261104
1660138200,15.36,16.99,14.66,16.36,32584682
1660224600,17.715,18.8831,16.81,17.19,29953903
1660311000,17.25,18.3,16.39,18.24,17649083
1660570200,17.98,18.47,17.38,17.65,14104829
1660656600,17.55,17.81,16.2683,16.88,17057445
1660743000,16.3,16.67,15.3,15.45,17188475
1660829400,15.75,15.82,15.0542,15.59,10602357
1660915800,13.88,14.36,13.05,13.18,16042635
1661175000,12.62,13.47,12.53,12.93,11300111
1661261400,13.185,14.375,13.03,13.71,15897443
1661347800,13.58,14.3474,13.41,13.78,12283123
1661434200,13.83,14.24,12.59,12.88,17280719
1661520600,13.21,13.28,11.2501,11.35,20712085
1661779800,11.125,12.38,11.09,11.81,14423405
1661866200,11.99,12.17,11.02,11.53,12817211
1661952600,11.68,12.24,11.42,11.85,11566022
1662039000,11.48,11.6949,10.72,11.51,10899816
1662125400,11.81,11.9,10.99,11.38,13466185
1662471000,11.4,12.1,10.73,11.12,18765958
1662557400,10.95,11.7,10.82,11.68,12185479
1662643800,11.444,13.28,11.3,13.26,19147834
1662730200,14.08,14.55,13.6731,14.16,22873093
1662989400,14.67,15.15,13.88,14.43,19467847
1663075800,13.05,13.65,12.8,12.82,14978712
1663162200,12.88,13.05,12.41,12.6,9742073
1663248600,12.4,13.17,12.05,12.07,13775031
1663335000,11.7,11.72,10.91,10.92,14387866
1663594200,10.44,11.05,10.385,10.87,13102551
1663680600,10.59,10.8489,10.2349,10.26,10026002
1663767000,10.4,11.57,10.22,10.85,21457090
1663853400,10.63,10.96,10.08,10.52,10893945
1663939800,9.99,10.14,9.355,9.47,16445148
1664199000,9.6199,10.22,9.515,9.61,13707057
1664285400,10.366,10.64,9.6,9.87,19299439
1664371800,9.81,11.02,9.77,10.95,19269000
1664458200,10.51,10.8,10.045,10.77,12878332
1664544600,10.765,11.83,10.47,10.71,20135139
1664803800,10.95,11.33,10.39,11.08,16558956
1664890200,11.79,12.985,11.78,12.88,22364663
1664976600,12.285,12.92,11.96,12.84,16236124
1665063000,12.865,13.79,12.7918,13.1,16076234
1665149400,12.5,12.8,11.01,11.21,14869438
1665408600,11.05,11.3053,10.3301,10.76,9727984
1665495000,10.74,10.9491,10.04,10.46,12125939
1665581400,10.33,10.62,9.91,10.42,10334468
1665667800,9.59,11.29,9.46,11.22,19672168
1665754200,11.48,11.75,10.26,10.3,15612014
1666013400,10.85,11.94,10.84,11.69,19014751
1666099800,12.34,12.515,11.11,11.38,16526578
1666186200,11.25,11.6599,10.84,11.07,13156282
1666272600,10.7,11.655,10.6,10.92,11439763
1666359000,10.79,11.74,10.56,11.7,14830726
1666618200,11.72,12.99,11.45,12.9,17317956
1666704600,12.95,14.935,12.78,14.76,24644562
1666791000,14.49,15.62,13.7523,13.79,28389885
1666877400,14.215,14.55,13.5,13.65,17465398
1666963800,13.77,14.24,13.11,13.85,17732631
1667223000,13.87,14.12,13.02,13.11,14695147
1667309400,13.45,13.58,12.185,12.22,14802496
1667395800,12.15,12.28,10.85,10.915,22105650
1667482200,10.9,11.5291,10.5,10.51,16103414
1667568600,11.275,11.45,10.295,10.84,25150782
1667831400,10.925,10.965,10.05,10.5,14330340
1667917800,9.98,10.65,9.2,9.96,32449645
1668004200,9.39,10.63,9.3,9.61,25489211
1668090600,10.03,10.23,9.42,9.98,28320963
1668177000,9.45,9.95,8.89,9.77,21901873
1668436200,9.58,10.025,9.51,9.52,12472564
1668522600,9.92,10.14,9.409,9.5,14864532
1668609000,9.35,9.5,8.2,8.31,18481445
1668695400,8.27,8.3,7.91,8.03,16515553
1668781800,8.38,8.4,7.45,7.47,23126730
1669041000,7.1,7.29,6.16,6.19,25771830
1669127400,6.4699,6.55,6.11,6.42,23179244
1669213800,6.46,6.753,6.31,6.48,18227804
1669386600,6.35,6.41,6.13,6.22,7127047
1669645800,6.021,6.18,5.83,5.98,14293649
1669732200,5.9,6.11,5.75,5.89,12013046
1669818600,6.05,6.35,5.78,6.32,23052499
1669905000,6.35,6.64,6.12,6.21,16154990
1669991400,6.23,6.94,6.06,6.91,21987588
1670250600,6.99,7.145,6.01,6.14,24158577
1670337000,6.12,6.16,5.57,5.79,15676081
1670423400,5.69,5.71,5.21,5.37,16775149
1670509800,5.41,5.52,5.22,5.39,16147898
1670596200,5.37,5.4,4.99,5,21330255
1670855400,4.921,5.13,4.7911,5.07,14076566
1670941800,5.55,5.62,4.65,4.66,32685420
1671028200,4.74,4.835,4.565,4.72,24054123
1671114600,4.6,4.63,4.31,4.34,16927428
1671201000,4.13,4.24,3.75,3.88,21250181
1671460200,3.88,3.95,3.69,3.87,11155190
1671546600,3.87,4.07,3.73,3.91,12919720
1671633000,3.9,3.96,3.64,3.65,14757222
1671719400,3.55,3.689,3.48,3.67,14615711
1671805800,3.688,3.8299,3.55,3.62,8600274
1672151400,3.56,3.59,3.22,3.24,12099428
1672237800,3.2,3.36,3.11,3.145,9560515
1672324200,3.18,3.44,3.1273,3.41,11226237
1672410600,3.29,3.47,3.25,3.42,9614973
1672756200,3.58,3.77,3.28,3.4,13014371
1672842600,3.5,4.33,3.48,4.22,32367423
1672929000,4.11,4.3,3.89,3.91,24923844
1673015400,3.94,4.215,3.71,4.09,19314224
1673274600,4.255,5.3,4.2,4.9,44884630
1673361000,4.91,5.8175,4.76,5.75,42394302
1673447400,5.7,6.15,5.2,5.37,43071854
1673533800,5.96,7.085,5.39,7.03,67399979
1673620200,6.65,8.12,6.56,7.68,78829739
1673965800,8.4,8.8599,7.9,8.37,59317610
1674052200,8.51,8.53,6.82,6.91,58413477
1674138600,6.72,7.4485,6.52,7.34,35227260
1674225000,7.52,8.09,7.03,8.07,48773058
1674484200,8.05,9.12,7.81,9,47089174
1674570600,8.745,9.57,8.58,8.8,39398765
1674657000,8.31,8.94,7.9,8.75,34985413
1674743400,9.17,9.36,8.5,8.75,30466565
1674829800,8.55,8.86,7.98,8.02,48107299
1675089000,7.79,8.17,7.09,7.17,36747982
1675175400,7.41,7.5,7.1,7.21,24173193
1675261800,7.17,7.865,6.83,7.52,43280695
1675348200,8,8.56,7.735,8,60716882
1675434600,7.51,7.9164,6.98,7.07,34183138
1675693800,6.92,7.27,6.65,7.08,23094613
1675780200,7.082,7.24,6.51,7.1,32060567
1675866600,6.91,7.4,6.72,6.81,23079432
1675953000,6.89,6.9,5.83,5.95,27776752
1676039400,5.84,5.94,5.51,5.92,20107406
1676298600,5.76,6.03,5.58,5.85,14942257
1676385000,5.82,6.83,5.69,6.72,36350699
1676471400,7.02,8.02,6.86,7.95,51590044
1676557800,7.68,8.66,7.15,7.21,66418688
1676644200,7.45,7.87,7.05,7.7,44076948
1676989800,7.38,7.75,7.03,7.13,29693294
1677076200,7.02,7.4286,6.84,7.19,28798706
1677162600,7.27,7.42,7.0126,7.28,18858865
1677249000,6.98,7.1682,6.51,6.67,25465542
1677508200,6.97,7.14,6.8,7.11,25241241
1677594600,7.05,7.7899,7.03,7.1,38171822
1677681000,7.18,7.25,6.38,6.51,26686635
1677767400,6.25,6.42,5.98,6.26,22507554
1677853800,6.02,6.62,5.94,6.38,20929998
1678113000,6.4,6.85,6.18,6.32,19853785
1678199400,6.29,6.42,6.04,6.09,17933132
1678285800,6.01,6.22,5.88,6.18,14775310
1678372200,6.03,6.2276,5.5,5.51,19083227
1678458600,5.48,5.66,5.13,5.33,20766690
1678714200,5.7,6.955,5.35,6.7,66972986
1678800600,7.45,7.83,6.74,7.13,64006910
1678887000,7.13,7.48,6.61,7.09,38441496
1678973400,7.06,7.74,7,7.63,35674396
1679059800,8.4,8.51,7.66,8.17,61120190
1679319000,8.48,8.5,7.61,7.85,39108123
1679405400,7.88,8.92,7.73,8.87,46252279
1679491800,8.88,9.12,7.75,7.78,48722816
1679578200,8.03,8.93,7.9,8.46,45826846
1679664600,8.23,8.3,7.57,7.81,28365457
1679923800,8.035,8.038,7.1,7.11,23372078
1680010200,7.01,7.21,6.8723,7.2,18648249
1680096600,7.57,8.14,7.49,7.95,36009988
1680183000,8.1,8.15,7.5976,7.83,25958530
1680269400,7.92,8.74,7.83,8.72,36159731
1680528600,8.54,8.905,8.12,8.43,25824828
1680615000,8.6,8.655,8.005,8.51,23882270
1680701400,8.62,8.63,7.65,7.93,27754463
1680787800,7.815,8.29,7.65,7.98,15392501
1681133400,7.965,9.14,7.66,9.1,42370876
1681219800,9.46,10.64,9.27,10.23,63439544
1681306200,10.05,10.58,9.69,9.95,43348576
1681392600,10.42,11.69,10.37,11.52,57539123
1681479000,12.27,12.28,10.98,11.97,54369906
1681738200,11.05,11.65,10.93,11.45,29146918
1681824600,12.02,12.825,11.45,11.68,41896321
1681911000,10.92,11.33,10.65,10.66,28329910
1681997400,10.4,10.65,9.45,9.52,27389840
1682083800,9.87,9.95,8.87,8.93,28395186
1682343000,9.02,9.35,8.69,8.89,26334995
1682429400,8.77,9.44,8.5626,8.99,35069121
1682515800,10.1,10.65,9.4,9.46,65526213
1682602200,9.87,10.08,9.27,10.06,46101814
1682688600,9.85,10.33,9.51,10.07,28853053
1682947800,9.76,9.93,8.64,8.78,28506304
1683034200,8.87,9.715,8.655,9.55,32177294
1683120600,9.17,9.97,9.09,9.55,26882426
1683207000,9.745,10.535,9.59,10.27,35765116
1683293400,10.38,10.65,10,10.49,37753410
1683552600,9.975,10,9.25,9.33,30157198
1683639000,9.47,9.795,9.31,9.38,23037975
1683725400,9.79,10.7246,9.66,10.22,51276923
1683811800,9.84,9.93,8.65,8.73,39314935
1683898200,8.71,8.93,8.52,8.92,23041799
1684157400,9.185,9.6093,8.9,9.54,26854978
1684243800,9.2,9.5389,9,9.25,18094973
1684330200,9.071,10.2,9.04,10.09,30436775
1684416600,9.92,10.41,9.03,9.38,37908582
1684503000,9.52,9.73,9.17,9.175,19235373
1684762200,9.17,9.72,8.95,9.67,25877158
1684848600,9.75,10.36,9.26,9.32,30437689
1684935000,9.15,9.6077,8.86,9.43,28986408
1685021400,9.49,9.565,8.78,9.11,28309528
1685107800,9.16,9.69,8.85,8.93,31800125
1685453400,9.44,10.2,9.135,9.42,42716660
1685539800,9.18,9.835,9.01,9.79,28923868
1685626200,9.66,10.38,9.53,9.99,30340028
1685712600,10.32,10.39,9.57,10.03,32655300
1685971800,9.73,9.98,9.06,9.19,35660445
1686058200,8.95,10.13,8.47,10.08,53229192
1686144600,10,10.58,9.43,9.55,39054085
1686231000,9.61,9.89,9.53,9.57,19797159
1686317400,9.78,9.82,9.2,9.38,20588649
1686576600,9.27,9.49,9.17,9.33,14585701
1686663000,9.5,9.95,9.29,9.68,25412177
1686749400,9.73,10.03,9.51,9.69,30560404
1686835800,9.33,9.54,9.11,9.36,30601503
1686922200,9.48,10.06,9.16,9.98,50994770
1687267800,10.21,11.73,9.81,11.72,81874027
1687354200,12.25,12.9,12.01,12.21,88558516
1687440600,12.25,12.68,11.14,11.83,55820496
1687527000,11.78,13.1,11.5,12.71,87494197
1687786200,12.55,13.05,11.42,11.79,51715164
1687872600,12.18,13.5,12.05,13.38,64774842
1687959000,13.02,13.7,12.58,13.16,52768508
1688045400,13.625,14.31,13.18,13.82,50627953
1688131800,14.44,14.62,13.15,13.86,63953206
1688391000,14.05,15.635,13.951,15.32,43136990
1688563800,14.68,15.84,14.57,15.56,47454798
1688650200,15.75,15.97,14.51,15.32,47638419
1688736600,15.28,16.74,15.24,15.67,60526218
1688995800,15.8,16.98,15.24,16.92,51905156
1689082200,16.77,17.58,16.56,17.39,47291841
1689168600,17.94,18.26,16.78,16.86,54020337
1689255000,17.19,19.48,17.03,19.3,71665804
1689341400,19.13,19.875,17.87,18.07,53399322
1689600600,18.18,18.6916,16.95,17.26,42105660
1689687000,17.01,17.79,16.55,16.81,33566419
1689773400,17.15,18.03,17.13,17.59,37645741
1689859800,17.87,18.1,16.82,17.06,31582400
1689946200,17.3,17.4,16.24,16.88,26577252
1690205400,16.15,16.62,15.76,16.42,26395787
1690291800,16.6,17.34,16.16,16.18,26409924
1690378200,16.46,17.04,16.21,16.82,24164627
1690464600,17.31,17.33,15.875,15.97,23067370
1690551000,16.3,16.785,16.121,16.7,21420577
1690810200,17,17.79,16.58,17.37,27394293
1690896600,16.86,16.92,15.86,16.83,31624724
1690983000,16.72,17.4,16.29,16.48,26715578
1691069400,16.27,17.205,16.16,16.56,25066791
1691155800,16.74,16.835,15.81,15.83,21965053
1691415000,15.85,15.86,14.15,15.07,29981157
1691501400,15.55,15.96,14.86,15.72,27403255
1691587800,15.85,16.421,15.43,15.51,26381866
1691674200,15.66,16.0313,14.41,14.55,25847082
1691760600,14.405,15.27,14.2201,14.88,21862732
1692019800,14.65,15.2199,14.11,14.99,20920225
1692106200,14.74,15.1,13.9,13.93,24409021
1692192600,13.67,13.88,13.19,13.5,23097157
1692279000,13.06,13.22,12.2,12.25,35069657
1692365400,11.47,11.98,11.145,11.28,33316157
1692624600,11.37,11.575,10.84,11.05,22828352
1692711000,11.21,11.34,10.88,10.95,19751211
1692797400,10.92,11.88,10.87,11.75,24746754
1692883800,11.79,11.8,10.3701,10.55,25292485
1692970200,10.68,10.94,10.26,10.55,19391150
1693229400,10.62,10.94,10.52,10.62,13672847
1693315800,10.6,13.87,10.54,13.68,74154466
1693402200,13.37,13.54,12.47,13.47,38206980
1693488600,13.56,13.92,12.45,12.57,33448770
1693575000,12.53,12.74,11.74,12,25287926
1693920600,11.85,12.2,11.64,12,14834055
1694007000,11.87,12.59,11.83,12.06,23218931
1694093400,11.9,12.45,11.3213,12.36,20436210
1694179800,11.85,11.9,10.43,10.91,43599180
1694439000,10.55,10.64,9.9625,10.07,30365976
1694525400,10.51,10.9,10.06,10.16,36784744
1694611800,10.1,10.18,9.7,9.89,29524371
1694698200,10.15,10.46,9.9,10,35131007
1694784600,9.95,9.95,9.53,9.8,26199717
1695043800,10.32,10.35,9.47,9.79,37718912
1695130200,9.71,9.98,9.31,9.56,23670241
1695216600,9.57,9.84,9.28,9.29,17914024
1695303000,8.85,9.3,8.765,9.16,16611239
1695389400,9.17,9.28,8.655,8.67,17195685
1695648600,8.48,8.89,8.42,8.56,19232032
1695735000,8.46,8.68,8.22,8.25,16815783
1695821400,8.39,8.55,7.91,8.01,22627049
1695907800,8.06,8.89,7.93,8.57,24186656
1695994200,8.7099,8.88,8.39,8.5,20212695
1696253400,9.2,9.688,8.51,8.53,42145541
1696339800,8.3,8.41,7.22,7.3,33702911
1696426200,7.47,7.58,7.18,7.54,25114435
1696512600,7.6,7.88,7.33,7.42,25668978
1696599000,7.2,8.18,7.16,8.08,30916914
1696858200,7.64,8.38,7.6,8.36,27156348
1696944600,8.26,8.85,8.23,8.46,25100580
1697031000,8.18,8.3,7.725,7.9,28534788
1697117400,7.85,8.13,7.6701,7.78,17753949
1697203800,8.04,8.07,7.55,7.71,18436501
1697463000,8.54,8.94,7.87,8.1,52441562
1697549400,7.98,8.74,7.91,8.45,30035030
1697635800,8.38,8.65,7.65,7.74,28486952
1697722200,8,8.08,7.625,7.71,31017161
1697808600,7.95,8.38,7.6912,7.76,36236443
1698067800,8.061,9.02,7.74,8.75,63932622
1698154200,9.89,10.72,9.35,9.76,95449846
1698240600,9.7,10.08,9.28,9.47,53992941
1698327000,9.2,9.5201,8.78,8.99,32254608
1698413400,9.2,9.4,8.8181,8.86,27482799
1698672600,9.2,9.57,8.61,8.85,31761776
1698759000,8.71,8.975,8.42,8.81,22365556
1698845400,9,9.05,8.51,8.92,31215338
1698931800,9.35,9.865,9.09,9.86,41686654
1699018200,9.62,9.96,9.292,9.41,43816546
1699281000,9.65,10.06,9.02,9.24,30637670
1699367400,9.15,9.25,8.66,9.18,32002154
1699453800,9.03,9.05,8.385,8.55,32485793
1699540200,9.67,10.481,9.16,9.23,90786628
1699626600,9.41,9.66,8.8757,9.61,42444228
1699885800,9.42,9.46,8.84,9.18,31332280
1699972200,9.38,9.6,8.88,9.17,37575382
1700058600,9.34,10.43,9.16,10.24,64345272
1700145000,9.82,9.94,9.21,9.76,39678355
1700231400,9.81,10.11,9.51,10,27699589
1700490600,10.2,10.83,10.13,10.64,55879613
1700577000,10.35,10.56,9.96,10.31,42923542
1700663400,10.32,10.98,9.88,10.92,50015258
1700836200,11.04,11.6,10.85,11.41,42385866
1701095400,10.94,11.645,10.76,11.28,38413447
1701181800,11.66,12.4,11.55,12.38,62545106
1701268200,12.42,12.63,12.04,12.4,42596284
1701354600,12.31,12.43,11.91,11.97,29942458
1701441000,12.2,13.7,12.18,13.7,57061486
1701700200,15.33,15.53,14.07,14.86,81617851
1701786600,14.82,16.07,14.81,15.28,77635503
1701873000,15.65,16.17,15.3,15.54,56390727
1701959400,14.9,15.68,14.71,15.51,41151850
1702045800,15.6,16.79,15.56,16.78,53071215
1702305000,15.67,15.68,14.225,14.65,59302888
1702391400,14.75,15.11,14.45,14.89,35579532
1702477800,14.74,16.86,14.48,16.76,63715258
1702564200,16.74,17.99,16.42,17.82,60551547
1702650600,17.35,18.32,17.05,18.29,53947861
1702909800,17.69,20.09,17.66,19.88,60344635
1702996200,20.6,22.49,20.33,21.97,91857590
1703082600,23.618,24.33,22.04,22.1,117235276
1703169000,23.24,25.1,22.42,24.78,104432718
1703255400,25.52,27.73,24.66,26.71,118601941
1703601000,26.15,27.05,25.22,26.96,79566204
1703687400,28.15,31.3,28.15,31.07,106789741
1703773800,28.99,30.225,27.56,28.11,119982160
1703860200,28.95,29.67,23.05,23.49,144949654
1704205800,26.64,26.691,22.77,22.93,102571842
1704292200,20.7,23.75,20.39,23.435,96670291
1704378600,24.16,26.88,23,26.27,97753594
1704465000,25.48,25.6,23.3221,24.12,92250599
1704724200,24.77,26.6501,22.62,25.98,113019059
1704810600,25.48,26.67,24.75,25.73,84955919
1704897000,24.79,27.68,23.78,25.63,140233366
1704983400,27.29,29.18,20.75,22.4,213408162
1705069800,21.5,22.07,18.76,18.98,138255714
1705415400,18.65,19.04,17.18,17.78,106408843
1705501800,17.5,17.9799,16.62,17.26,76361061
1705588200,17.22,18.15,15.96,16.07,91998273
1705674600,15.98,16.48,14.62,16.13,110136410
1705933800,15.52,17.14,15.205,16.61,82482702
1706020200,15.79,16.65,15.45,16.11,56602638
1706106600,16.604,17.19,15.54,15.65,68891568
1706193000,15.76,16.57,15.57,16.27,56469249
1706279400,17.23,18.45,16.89,17.85,87559350
1706538600,17.96,19.73,17.53,18.52,92576940
1706625000,18.44,19.08,17.83,18.11,56458795
1706711400,17.46,19.18,17.27,17.73,75527896
1706797800,17.76,18.87,17.14,18.6,64373705
1706884200,17.94,19.0758,17.83,18.2,52991503
1707143400,18.12,18.26,16.62,16.64,50371814
1707229800,16.66,17.495,16.4,17.06,39214207
1707316200,16.85,17.6,16.14,17.54,53166154
1707402600,18.66,21.62,18.26,21.58,106855874
1707489000,23.682,24.36,22.5,23.89,117143246
1707748200,23.6,27.5499,23.6,27.28,102363866
1707834600,24.4,26.4,24.1,25.72,77122133
1707921000,29.03,29.73,28.11,29.41,79211214
1708007400,30,30.45,26.1601,27.02,97860275
1708093800,28.06,28.64,26.25,26.94,58428553
1708439400,26.945,27.4,22.89,24.51,72618037
1708525800,22.91,23.94,22.76,22.9,44857513
1708612200,23.26,25.1099,22.67,24.56,53000396
1708698600,23.63,24.63,23.045,23.99,42059100
1708957800,24.41,29.815,24.41,29.19,106547575
1709044200,31.74,32.87,28.22,30.31,116889408
1709130600,32.3,34.09,29.47,31.03,179649718
1709217000,29.77,30.71,25.0589,25.9,133154370
1709303400,26.53,27,24.52,27,78532510
1709562600,27.865,29.38,24.46,25.71,119395495
1709649000,24.71,26.66,22.01,22.255,100790273
1709735400,23.475,23.94,21.63,22.62,66880735
1709821800,22,22.94,21.45,21.8,58499154
1709908200,22.1,25.28,22.02,23.48,94269620
1710163800,24.665,24.8899,20.6,20.64,82992195
1710250200,20.89,20.95,19.25,20.19,65064399
1710336600,20.07,21.375,19.625,19.7,49994442
1710423000,19.2,19.2,17.525,18.23,61409644
1710509400,17.77,19.84,17.48,19.32,58173454
1710768600,18.98,20.115,18.2112,19.41,51913058
1710855000,18.38,19.43,17.4,19.32,47831660
1710941400,19.56,22.43,19.02,22.43,74376856
1711027800,22.4,23.08,21.31,21.78,64872649
1711114200,21.17,21.5605,20.6,20.87,37475316
1711373400,21.225,22.52,20.71,20.95,64877053
1711459800,20.754,21.49,19.82,20.38,42142055
1711546200,21.05,22.58,20,22.07,58349678
1711632600,22.44,24.65,22.19,22.58,86137132
1711978200,22.02,22.5,21.065,21.63,37253773
1712064600,20.42,20.5699,19.46,19.73,35079573
1712151000,19.65,20.32,19.42,19.425,31025530
1712237400,20.02,20.46,18.33,18.47,56690123
1712323800,18.1,19.26,18.07,18.43,31600114
1712583000,19.425,19.725,17.61,17.95,44457606
1712669400,17.83,18.55,17.62,17.98,34671843
1712755800,17.3,18.0699,17.11,17.38,34618361
1712842200,17.28,17.83,17.05,17.6,30602019
1712928600,17.45,17.47,15.8,16.11,39158474
1713187800,16.165,16.3499,15.11,15.15,33790126
1713274200,14.815,14.985,14.225,14.6,35943498
1713360600,14.58,15.125,14.18,14.63,37799806
1713447000,14.61,15.82,14.46,15.03,39146087
1713533400,15.16,16.85,15.1,16.5,50052964
1713792600,17.15,17.58,15.535,17.55,66955474
1713879000,17.31,19.89,17.25,19.44,61140892
1713965400,19.11,20.0395,18.67,19.09,45466958
1714051800,17.92,19.12,17.51,19.01,37047328
1714138200,19.05,19.81,18.62,19.43,39397292
1714397400,18.428,18.89,17.7004,18.03,40382671
1714483800,17.18,17.51,16.0101,16.06,42086991
1714570200,15.74,17.21,15.6301,16.07,38827757
1714656600,16.6,17.14,15.91,17.07,35299781
1714743000,17.915,18.21,17.13,17.52,38631083
1715002200,18.44,21.0272,18.23,20.67,87046939
1715088600,20.09,20.68,19.7,20.21,88992718
1715175000,19.59,20.28,18.77,20.09,39681142
1715261400,19.71,20.66,19.48,19.65,45293461
1715347800,19.78,19.82,17.09,17.16,56095686
1715607000,17.655,18.405,17,17.26,31441590
1715693400,16.895,18.23,16.8,18.07,30169219
1715779800,18.87,20.23,17.98,20.2,53512033
1715866200,19.85,20.44,19.33,19.65,32569118
1715952600,20.19,20.88,19.26,19.45,48373464
1716211800,19.68,22.815,18.87,22.32,66423220
1716298200,22.23,22.55,21.12,21.35,45259538
1716384600,21.5,22.86,20.9,21.24,47596674
1716471000,21.46,21.5863,19.84,20.08,43108385
1716557400,20.26,21.73,19.8601,21.21,46639890
1716903000,21.15,22.27,20.15,20.73,49579935
1716989400,20.35,21.1,20.11,20.24,31746446
1717075800,20.54,21.18,19.76,20.04,47554292
1717162200,20.34,20.65,18.9,19.52,39494863
1717421400,20.21,21.39,19.12,19.58,47885295
1717507800,19.6,21.31,19.57,20.52,62277753
1717594200,20.93,21.15,19.41,21.07,62964689
1717680600,20.93,22.05,20.58,20.8,57567509
1717767000,20.77,21.44,19.06,19.27,59027931
1718026200,19.17,19.92,18.783,19.46,37683319
1718112600,18.85,19.88,17.6,19.83,44635844
1718199000,20.31,20.995,19.97,20.31,52222979
1718285400,20.34,21.08,19.36,20,40912387
1718371800,19.995,20.355,18.95,19.47,36095192
1718631000,19.155,20.5299,18.48,20.02,43085329
1718717400,19.48,20.39,19.15,20.28,36053159
1718890200,20.67,21.37,20.08,20.66,50043000
1718976600,19.93,19.975,18.58,19.21,67042572
1719235800,18.465,19.15,18.37,18.69,33442812
1719322200,18.988,19.82,18.55,19.25,40559491
1719408600,19.09,20.2655,19.03,19.37,38602787
1719495000,19.7,20.23,19.28,19.66,34565019
1719581400,19.85,20.81,19.47,19.85,49591032
1719840600,20.33,22.8393,20.32,22.56,74453651
1719927000,22.48,22.98,21.54,22.12,47465145
1720013400,21.5,21.5798,20.64,20.98,30989025
1720186200,19.65,20.235,19.42,20.17,40044604
1720445400,20.57,21.0499,19.21,19.5,41156646
1720531800,19.71,19.85,18.85,19.03,38904461
1720618200,19.21,19.31,18.78,18.89,27531574
1720704600,19.52,19.89,18.84,19.02,40818860
1720791000,19.16,20.92,19.12,20.77,53885669
1721050200,21.91,24.98,21.56,24.58,96172770
1721136600,24.25,26.79,24.18,26.72,67641719
1721223000,25.8,27.3,24.31,25.55,62374834
1721309400,25.99,26.17,23.36,23.65,44289797
1721395800,23.71,25.5,23.3801,24.73,61002934
1721655000,25.03,25.56,23.3,23.95,48793639
1721741400,23.5,23.57,21.5,21.65,54378411
1721827800,22.03,22.59,20.61,20.67,36964220
1721914200,20.25,21.265,19.905,20.28,37320555
1722000600,21.57,22.14,20.83,21.57,43781943
1722259800,22.53,22.9,20.415,20.45,45269213
1722346200,20.59,20.96,19.62,19.73,27107939
1722432600,20.26,20.67,19.58,19.67,31839934
1722519000,19.72,19.98,17.845,18.14,38813770
1722605400,17.71,18.47,17.085,17.19,38866863
1722864600,13.93,16.95,13.6602,16.95,45550551
1722951000,17.38,17.58,16.055,17.25,29049141
1723037400,17.735,17.8,15.74,15.84,28804038
1723123800,16.55,17.67,16.1,17.39,34023058
1723210200,17.39,17.46,16.71,17.03,22114122
1723469400,16.03,16.2,15,15.11,52147507
1723555800,15.01,15.98,14.75,15.49,41943356
1723642200,15.78,15.795,14.91,15.14,29611393
1723728600,15.2,16.28,15.19,15.46,34757630
1723815000,15.565,16.49,15.39,16.24,36335456
1724074200,16.385,16.8,15.96,16.44,25446324
1724160600,16.84,17.12,16.03,16.42,34991510
1724247000,16.55,17.65,16.4,17.63,38065366
1724333400,17.605,17.73,16.75,16.86,30867667
1724419800,17.1599,18.73,16.82,18.69,46172414
1724679000,18.565,18.84,17.83,18.56,29703641
1724765400,18.084,18.17,17.1301,17.75,33185188
1724851800,17.21,17.545,16.7,17.13,24596645
1724938200,17.55,18.45,16.86,16.99,41675096
1725024600,17.23,17.2762,16.49,16.7,31089257
1725370200,16.5,16.52,15.03,15.26,30074458
1725456600,14.93,15.45,14.72,14.88,24012974
1725543000,14.84,15.09,13.74,13.84,31903170
1725629400,14.3,14.36,13.165,13.37,29409836
1725888600,13.8,14.75,13.6714,14.62,30047122
1725975000,14.75,15.96,14.36,15.94,35512325
1726061400,15.44,16.195,14.88,15.79,35427821
1726147800,15.81,16.05,15.38,15.8,27260754
1726234200,15.85,16.72,15.66,16.12,34828701
1726493400,15.7,16.21,15.36,15.87,23786856
1726579800,16.23,16.5899,15.5619,15.87,33344289
1726666200,15.83,16.58,15.17,15.34,35338456
1726752600,16.38,16.5085,15.43,15.45,42715669
1726839000,15.42,15.61,14.97,15.54,30712875
1727098200,15.55,16.3,15.36,16.07,24601494
1727184600,16.13,16.55,15.62,16.41,36047273
1727271000,16.35,16.8589,16.0236,16.14,32695401
1727357400,16.7,18.25,16.5,17.52,60450688
1727443800,17.915,17.92,16.845,17.29,41237575
1727703000,16.61,16.71,16.08,16.22,30892853
1727789400,16.13,16.19,14.665,15.07,36592279
1727875800,15.02,15.53,14.845,15.21,26569568
1727962200,15.04,15.48,14.79,15.47,26987016
1728048600,15.81,16.64,15.55,16.31,32311379
1728307800,16.435,16.72,15.52,15.99,30753995
1728394200,15.75,16.37,15.65,15.83,25109172
1728480600,15.78,16.1494,15.35,15.44,26085317
1728567000,15.39,15.5,15.06,15.23,20941160
1728653400,15.43,16.23,15.31,16.08,36454615
1728912600,16.79,17.96,16.34,16.98,65860574
1728999000,17.05,17.94,16.6301,16.92,50534294
1729085400,17.5,18.19,16.96,18.08,53156452
1729171800,17.97,18.49,17.1,18.01,43533656
1729258200,18.37,19.1,18.26,18.88,47505605
1729517400,18.7,18.77,17.86,18.71,42646367
1729603800,18.34,19.14,18.11,18.97,32372976
1729690200,18.6,18.75,17.33,18.07,44412115
1729776600,18.476,18.99,17.7301,18.22,48745946
1729863000,18.2,18.32,16.95,17.06,56106487
1730122200,17.72,19.19,17.62,18.94,60624082
1730208600,19.39,19.94,18.71,18.94,65540400
1730295000,18.35,19.12,18.01,18.28,33488459
1730381400,18.15,18.24,16.45,16.77,39712981
1730467800,16.93,17.3699,16.1,16.11,32711048
1730730600,15.87,15.94,15.31,15.5,29692103
1730817000,15.96,16.355,15.7,16.24,32554806
1730903400,17.61,19.6,17.24,19.32,85571484
1730989800,18.9,19.5497,18.745,19.31,49751241
1731076200,19.11,19.43,18.57,19.25,47164431
1731335400,22.3,25.465,21.8,25.01,125540705
1731421800,24.1,25.3806,23.46,25.23,87663857
1731508200,24.32,26.19,21.43,21.7,94879654
1731594600,22.48,22.9,20.18,20.79,46982988
1731681000,21.27,21.3,20.01,21.07,42768842
1731940200,19.83,21.16,17.72,18.105,122312745
1732026600,18.3,20.65,18.27,19.86,88677438
1732113000,20.74,23.5,20.51,22.63,124501370
1732199400,25.21,25.75,22.5,24.18,166260619
1732285800,23.64,26.71,23.11,26.03,105262414
1732545000,27.07,28.89,24.86,26.42,123760552
1732631400,25.1,27.91,24.65,24.97,91188056
1732717800,26.03,27.3167,25,26.92,87941708
1732890600,27.52,30.28,27.14,27.42,89541888
1733149800,26.835,26.905,23.82,25.63,125972901
1733236200,24.49,25.73,24.15,25.13,60750226
1733322600,25.14,26.1,24.58,25.96,69104648
1733409000,27.16,28.07,24.78,24.79,97084606
1733495400,25.48,26.9099,25.0001,26.43,72455844
1733754600,25.48,26.2067,23.78,23.855,68522447
1733841000,24.37,24.5499,22.55,22.805,43813135
1733927400,23.5,24.61,22.92,23.27,57624013
1734013800,23.8,24.31,22.56,22.58,50696211
1734100200,22.87,23.3,22.295,22.73,40491695
1734359400,23.475,25.4484,23.265,24.56,65027667
1734445800,25.395,25.58,24.28,24.6,62399844
1734532200,24.05,24.845,21.32,21.61,54388381
1734618600,22.56,22.91,19.87,20.37,47800025
1734705000,19.88,20.68,19.75,19.96,55121681
1734964200,19.98,20.07,19.02,19.25,28960967
1735050600,19.81,20.27,19.56,20.15,20546451
1735223400,19.86,20,19.26,19.3,22758204
1735309800,19.4,19.41,18.345,18.44,26370176
1735569000,18.09,18.15,16.84,17.29,39377114
1735655400,17.98,18.22,16.64,16.77,33064603
1735828200,17.47,18.22,16.965,17.21,39560062
1735914600,17.33,19.73,17.19,19.64,46612505
1736173800,20,20.59,19.61,20.55,46138427
1736260200,20.05,20.53,19.02,19.07,33898865
1736346600,18.565,18.8775,17.6601,18.34,29108175
1736519400,18.04,18.1664,17.42,17.86,27905367
1736778600,16.97,17.47,16.4,17.19,32866521
1736865000,17.94,18.13,16.94,17.36,31584001
1736951400,18.13,18.62,17.85,18.15,38818596
1737037800,18.062,18.56,17.75,18.3,29327558
1737124200,19.225,20.98,18.96,19.91,88413255
1737469800,20.25,20.58,18.66,19.56,55287677
1737556200,19.24,20.1,18.93,19.69,35787006
1737642600,19.22,20.84,19.06,19.95,49812424
1737729000,20.22,21.175,19.83,19.99,46490555
1737988200,18.835,19.28,17.5,18.285,40307716
1738074600,18.5,18.58,17.855,18.26,23062080
1738161000,18.28,18.86,17.77,18.42,24935678
1738247400,18.72,19.58,18.6997,19.18,33297240
1738333800,19.16,19.41,18.0348,18.34,33629885
1738593000,16.92,18.3,16.87,17.95,39377804
1738679400,17.65,18.045,17.44,17.65,23501559
1738765800,17.84,17.94,17.02,17.03,24474235
1738852200,17.25,17.545,16.54,16.8,27578540
1738938600,17.32,17.86,16.51,16.77,34042510
1739197800,17.07,17.18,16.7,16.76,22213979
1739284200,16.64,16.81,16.01,16.02,22148437
1739370600,15.9,16.37,15.68,16.24,23646956
1739457000,16.17,16.95,15.88,16.91,26889671
1739543400,16.99,17.3,16.65,16.9,25267925
1739889000,16.735,16.7899,15.92,16.05,26269876
1739975400,16.185,16.41,15.76,15.78,20777987
1740061800,16.04,16.2,15.555,15.95,21087404
1740148200,16.275,16.335,14.65,14.66,36080764
1740407400,14.6,14.65,13.68,13.89,38058976
1740493800,13.22,13.49,12.05,12.415,51032897
1740580200,12.255,12.87,12.21,12.45,41577430
1740666600,14.21,14.85,13.06,13.13,90411850
1740753000,12.97,14.55,12.92,13.92,63390325
1741012200,15.32,15.59,13.52,13.79,70463879
1741098600,13.235,14.815,13.12,13.97,59643705
1741185000,14.27,15.24,13.77,15.12,49178591
1741271400,14.89,15.7,14.5701,15.09,48365403
1741357800,14.86,16.24,14.42,16.02,59542782
1741613400,15.27,15.38,13.145,13.41,52093519
1741699800,13.53,13.6414,12.7101,13.32,39338857
1741786200,13.545,13.84,12.835,13.11,32587871
1741872600,13.24,13.27,12.125,12.16,30067905
1741959000,12.51,13.34,12.385,13.18,42035485
1742218200,13.12,13.32,12.57,12.97,31566292
1742304600,12.605,12.6299,12.029,12.07,29973066
1742391000,12.29,12.86,12.15,12.53,38724770
1742477400,12.365,13.11,12.33,12.5,31171833
1742563800,12.26,12.48,12.08,12.38,43101551
1742823000,12.835,14.64,12.805,14.61,52289341
1742909400,14.54,14.69,13.92,14.25,38228248
1742995800,14.2,14.26,13.47,13.79,30046036
1743082200,13.52,14.09,13.26,13.64,22451790
1743168600,13.44,13.44,12.35,12.47,35038130
1743427800,11.95,11.96,11.29,11.5,33298270
1743514200,11.65,11.9174,11.05,11.84,35567767
1743600600,11.53,12.6551,11.5,12.42,42127949
1743687000,11.35,11.6,11.17,11.23,26360274
1743773400,10.98,11.36,9.81,11.3,44968359
1744032600,10.12,12.27,9.85,11.26,44828049
1744119000,11.86,11.92,10.185,10.52,34841571
1744205400,10.45,12.745,10.31,12.31,56429497
1744291800,11.77,11.965,11,11.74,33703574
1744378200,11.89,12.62,11.7301,12.51,34927205
1744637400,12.895,13.45,12.595,12.95,35548858
1744723800,13.055,13.16,12.18,12.58,31020441
1744810200,12.26,12.69,12.0531,12.32,24621430
1744896600,12.34,12.67,12.03,12.66,19415524
1745242200,12.865,13.11,12.18,12.29,32417999
1745328600,12.755,14.08,12.7,14.06,62449159
1745415000,14.6,14.77,13.95,14.13,42139153
1745501400,13.905,14.31,13.86,14.01,29150169
1745587800,14.28,14.6,14.02,14.3,31608612
1745847000,14.4,14.49,13.4548,14.01,30247077
1745933400,14.005,14.48,13.96,14.22,37502715
1746019800,13.85,13.96,13.045,13.37,34872292
1746106200,13.93,14.655,13.6,14.05,61180734
1746192600,14.12,14.9602,14.055,14.48,56634891
1746451800,13.97,14.06,12.7401,13.09,51812537
1746538200,12.74,13.3299,12.63,13.15,23009502
1746624600,13.32,13.59,13.05,13.33,31630601
1746711000,13.99,14.5,13.76,14.29,49215673
1746797400,14.125,16.15,14.065,15.76,86525424
1747056600,16.44,16.69,15.58,15.95,58400293
1747143000,16.31,16.63,15.8,16.37,48425715
1747229400,16.34,16.43,15.77,15.87,30663197
1747315800,15.56,15.885,15.25,15.68,28710294
1747402200,15.75,16.59,15.68,16.21,40908220
1747661400,15.72,16.39,15.56,16.32,35229095
1747747800,16.225,16.3,15.72,16.19,34242557
1747834200,16.155,17.22,15.66,15.84,75135701
1747920600,16.69,17.24,15.64,15.65,84449416
1748007000,15.03,15.28,14.58,14.73,47232676
1748352600,15.22,16.595,15.2,16.44,66177843
1748439000,16.31,16.31,14.79,14.86,57658136
1748525400,15.21,15.23,14.505,14.61,27018456
1748611800,14.435,14.69,14.09,14.12,35164241
1748871000,14.02,14.43,13.93,14.36,36748670
1748957400,14.47,15.55,14.28,15.33,49904439
1749043800,15.02,15.79,14.92,15.67,50856428
1749130200,15.75,15.85,14.6503,14.88,41498782
1749216600,15.2,16.105,15.12,15.78,61255182
1749475800,16.22,16.3,15.47,16.27,64736531
1749562200,16.315,16.68,16.03,16.49,49306083
1749648600,16.56,16.73,15.96,16.35,40761427
1749735000,15.85,16.48,15.61,15.82,42679733
1749821400,15.365,15.72,14.57,15.04,55022495
1750080600,15.325,15.54,15.05,15.32,39214878
1750167000,15.115,15.19,14.29,14.67,54621953
1750253400,14.52,14.92,14.43,14.49,37450971
1750426200,14.785,14.91,14.11,14.32,49493018
1750685400,13.95,14.45,13.485,14.18,48736216
1750771800,14.52,15.05,14.37,14.88,43803766
1750858200,15.37,15.41,14.815,14.98,37554984
1750944600,14.8796,15.4,14.58,15.27,39641231
1751031000,15.135,15.5,14.85,15.03,39794049
1751290200,15.215,15.8,15.065,15.68,46603136
1751376600,15.36,16.16,15.29,15.7,41974213
1751463000,15.95,17.84,15.87,17.8,82124870
1751549400,17.58,18.2177,17.38,17.66,32142502
1751895000,17.42,17.49,16.24,16.75,42431660
1751981400,17.11,17.67,16.96,17.52,33898547
1752067800,17.975,18.53,17.4,18.46,42743084
1752154200,18.475,19.19,17.95,19,46005291
1752240600,19.5,19.8,19,19.14,54864083
1752499800,19.79,21.5,18.98,19.21,86813198
1752586200,19.04,19.355,18.58,18.76,39532001
1752672600,19.49,20.19,19.4,19.44,49524198
1752759000,19.48,20.2,19.17,19.97,37813624
1752845400,20.245,20.99,19.27,19.51,41471932
1753104600,19.56,19.99,18.67,18.83,39987124
1753191000,19.17,19.99,18.69,19.88,36111117
1753277400,18.72,18.745,16.93,17.57,138542791
1753363800,17.545,17.68,17.13,17.26,59837901
1753450200,17.21,17.26,16.63,17.25,39143648
1753709400,17.64,17.65,16.95,17.16,40821702
1753795800,17.17,17.395,16.47,16.61,41980463
1753882200,17.415,17.915,16.3,16.55,58937274
1753968600,16.42,16.66,16.065,16.08,40020402
1754055000,15.465,15.94,15.01,15.5,43231700
1754314200,15.61,16.21,15.31,16.04,29808042
1754400600,15.895,15.99,15.325,15.62,28810489
1754487000,15.69,16.11,15.44,15.89,21598743
1754573400,16.2,16.5,15.6,15.95,26323642
1754659800,16.04,16.175,15.29,15.38,25638852
1754919000,15.9,16.21,15.57,15.66,32497245
1755005400,15.675,15.98,15.57,15.72,26895245
1755091800,15.8,16.32,15.605,15.86,46169177
1755178200,15.52,15.78,14.87,15.75,45222377
1755264600,15.685,15.92,15.36,15.67,37126691
1755523800,15.26,16.35,15.26,16.09,50673538
1755610200,16.15,16.25,15.02,15.17,40759662
1755696600,15.07,15.46,14.48,15.45,40586243
1755783000,15.125,15.58,15.02,15.51,47738583
1755869400,15.41,16.63,15.27,16.29,79096945
1756128600,15.845,15.915,15.02,15.4,75372572
1756215000,15.33,15.965,15.2135,15.84,50800983
1756301400,15.78,16.135,15.55,15.85,49786301
1756387800,16.1,16.31,15.835,15.96,38340795
1756474200,15.855,16.1,15.54,15.98,66806684
1756819800,15.66,16.55,15.38,16.06,56252754
1756906200,16.15,16.68,15.65,15.89,56723910
1756992600,15.73,15.87,15.04,15.11,53255627
1757079000,15.5,15.72,14.61,15.19,62431975
1757338200,15.2,15.35,14.975,15.2,59266826
1757424600,15.41,15.995,15.35,15.93,71693289
1757511000,16.09,16.44,15.76,15.86,59254482
1757597400,15.86,16.39,15.6663,15.71,53841888
1757683800,15.84,16.64,15.58,16.31,70580364
1757943000,16.235,16.35,15.57,16.24,76839518
1758029400,16.305,17.62,16.17,17.53,112743547
1758115800,17.37,17.815,16.75,17.34,79415847
1758202200,17.75,19.22,17.3812,18.5,83114735
1758288600,18.5,18.71,18.26,18.29,62943838
1758547800,17.68,18.43,17,18.35,84866850
1758634200,18.64,19.17,17.63,17.71,66847673
1758720600,18.13,19.29,17.55,17.64,71462955
1758807000,17.27,17.28,15.7301,16.07,85062091
1758893400,16.21,16.37,15.725,16.13,51924370
1759152600,16.49,18.73,16.38,18.66,104494839
1759239000,18.27,18.615,18.035,18.26,57430647
1759325400,18.865,19.4099,18.2,18.61,65823379
1759411800,19.17,19.75,18.63,18.79,58147414
1759498200,19.03,19.615,18.45,18.82,60740840
1759757400,19.67,20.6,19.24,20.57,73382812
1759843800,20.7,20.93,19.12,20.25,56239910
1759930200,20.42,20.97,20.03,20.2,50170482
1760016600,20.33,20.6557,19.4324,20.2,49472630
1760103000,20.76,22.055,18.18,18.65,80366564
1760362200,19.34,20.6,18.98,20.24,42343566
1760448600,19.37,22.98,19.0001,22.24,72225895
1760535000,22.7,23.45,22.22,22.84,58503662
1760621400,23.16,23.16,19.9,20.265,63827735
1760707800,19.57,20.18,19,19.57,49863678
1760967000,20.545,22.0899,20.105,20.73,49220211
1761053400,20.37,21.04,19.66,20.07,40022638
1761139800,19.57,20.02,18.39,19.15,41372865
1761226200,19.33,19.92,19.13,19.22,32710138
1761312600,19.775,20.04,19.2,19.54,30810097
1761571800,20.37,20.47,19.54,19.56,34113030
1761658200,19.63,20.29,18.67,18.88,40462088
1761744600,19.04,19.27,18.15,18.88,33793308
1761831000,18.47,18.68,17.76,17.76,34392357
1761917400,18.295,18.39,17.65,18.27,33419493
1762180200,18.605,18.6888,17.405,17.81,38631965
1762266600,17.475,17.905,16.54,16.62,51710278
1762353000,17.215,18.04,17.07,17.13,43786364
1762439400,17,17.06,15.93,15.96,40692295
1762525800,15.39,15.89,14.805,15.87,51496909
1762785000,16.56,16.62,15.56,15.58,37135409
1762871400,15.27,15.32,14.49,14.63,50681674
1762957800,14.96,14.98,13.98,14.41,41649892
1763044200,14.25,14.28,12.68,12.78,53568227
1763130600,12.39,12.69,11.96,11.99,49802855
1763389800,12.015,12.27,11.1,11.51,53541862
1763476200,11.41,12.1199,11.36,11.88,49781473
1763562600,11.865,11.89,10.84,11.1,51758938
1763649000,11.48,11.74,10.21,10.24,55553211
1763735400,10.12,10.48,9.71,10.07,56525087
1763994600,10.375,11.275,10.12,11.21,53592247
1764081000,10.895,11.235,10.63,11.17,39384536
1764167400,11.32,11.52,10.9,11.11,49739527
1764340200,11.74,11.98,11.54,11.81,31835076
1764599400,11.08,11.65,10.62,11.52,47151646
1764685800,11.98,12.42,11.7,11.91,46125199
1764772200,12.055,12.5399,11.8,12.47,42574503
1764858600,12.325,12.59,12.12,12.44,32405822
1764945000,12.2,12.2,11.63,11.74,37605530
1765204200,12.03,12.115,11.56,12.05,33653842
1765290600,11.87,12.87,11.76,12.25,42518215
1765377000,12.06,12.3365,11.77,11.92,37825575
1765463400,11.585,11.86,11.1745,11.84,44290760
1765549800,11.81,12.26,11.36,11.52,42717287
1765809000,11.48,11.51,10.58,10.7,44712665
1765895400,10.77,11.05,10.5,10.69,39827433
1765981800,10.78,10.95,9.92,9.93,49404047
1766068200,10.195,10.37,9.61,9.69,46078302
1766154600,9.9,10.22,9.89,10.18,57068148
1766413800,10.405,10.69,9.995,10.13,35379800
1766500200,9.99,10.055,9.69,9.86,32302318
1766586600,9.81,9.94,9.69,9.94,13168609
1766759400,9.965,9.97,9.43,9.59,28503092
1767018600,9.47,9.85,9.37,9.49,29561194
1767105000,9.515,9.665,9.31,9.33,28454786
1767191400,9.35,9.3799,8.95,8.98,30543603
1767364200,9.19,9.99,9.03,9.91,45407957
1767623400,10.365,10.73,10.21,10.59,40202146
1767709800,10.63,10.69,9.965,10.31,34062497
1767796200,10.29,10.32,9.821,10.08,32215433
1767882600,9.9,10.675,9.83,10.44,31093064
1767969000,10.525,10.575,10.07,10.22,32172717
1768228200,10.22,10.85,10.16,10.65,38514001
1768314600,10.9,11.07,10.61,10.95,43133412
1768401000,11.18,11.46,10.8899,11.11,56484257
1768487400,11.115,11.245,10.64,10.66,47808171
1768573800,10.69,11.565,10.59,11.36,51948080
1768919400,10.81,10.95,10.22,10.37,45896129
1769005800,10.51,11.22,10.23,10.56,43023361
1769092200,10.61,10.8098,10.14,10.29,42011181
1769178600,10.26,10.99,9.99,10.5,46881186
1769437800,10.38,10.39,9.88,9.98,39545111
1769524200,10.05,10.596,9.9,10.52,38581230
1769610600,10.71,10.79,10.2406,10.37,36791311
1769697000,10.11,10.27,9.6,9.86,39218826
1769783400,9.745,9.83,9.32,9.5,37390617
1770042600,9.18,9.44,8.9114,9.12,48414831
1770129000,9.225,9.55,8.51,9.05,53722584
1770215400,8.92,8.9899,7.9,8.28,54008127
1770301800,7.8,8.035,6.66,6.73,80158262
1770388200,7.23,8.39,7.115,8.24,82353074
1770647400,7.85,8.47,7.78,8.06,67741570
1770733800,8,8.15,7.64,7.66,45953157
1770820200,7.63,7.9,7.28,7.56,49265213
1770906600,7.56,7.665,7.1407,7.25,38590532
1770993000,7.495,8.08,7.315,7.92,50848013
1771338600,7.675,7.88,7.33,7.51,41177886
1771425000,7.48,7.78,7.325,7.5,31304594
1771511400,7.42,8.08,7.31,7.96,36294023
1771597800,7.875,8.31,7.75,7.97,37530954
1771857000,7.75,8.13,7.58,7.875,33052509
1771943400,7.78,8.17,7.585,8.05,37255134
1772029800,8.39,8.84,8.16,8.57,57452166
1772116200,8.425,8.65,8.135,8.45,51112031
1772202600,9.68,9.84,8.93,8.94,102354874
1772461800,8.605,9.84,8.435,9.45,70189853
1772548200,9.02,9.16,8.6098,8.66,51493619