time,open,high,low,close,Volume
1400765400,21.75,22.8,20.24,20.9,84449677
1400851800,21.25,21.25,19.94,20.1,20890284
1401197400,20.28,22.98,20.25,22.97,15338016
1401283800,22.98,25.3,22.8,24.78,16782983
1401370200,25.04,25.69,24.24,25.4,8525826
1401456600,25.27,25.56,23.79,25,6302714
1401715800,25.4,25.44,24.07,24.6,3808755
1401802200,24.17,25.25,24.03,25.1,3388490
1401888600,24.99,25.28,24.44,24.54,2991224
1401975000,24.8,26.75,24.6,25.78,7935624
1402061400,26.5,27.04,26.31,26.58,4322660
1402320600,27,29.09,26.58,28.43,10659766
1402407000,28.82,28.86,27.7,28.35,5623469
1402493400,28.1,29.49,28.1,29,6558796
1402579800,29.59,29.6,26.34,27.17,9165623
1402666200,27.68,28.2,27.13,27.79,5165783
1402925400,27.22,27.44,26.38,26.89,6162189
1403011800,27.22,27.45,26.63,27.019,3653127
1403098200,27.44,27.89,26.03,26.52,5281182
1403184600,27,27,25.8,25.83,3719805
1403271000,25.75,25.97,24.92,25.45,7613541
1403530200,25.11,26.46,25.1,26.37,5598292
1403616600,26.51,27.34,26.51,27.04,5739377
1403703000,27.25,27.35,26.45,27.07,1927951
1403789400,27.14,28.35,26.81,28.3,3624099
1403875800,28.36,28.5,27.71,28.01,3066340
1404135000,28.17,28.53,27.68,28.51,3988201
1404221400,29,31.22,28.8601,29.69,12625969
1404307800,30.4,30.41,28.5,28.96,6108938
1404394200,29.28,29.35,27.53,27.79,4398182
1404739800,28.01,28.73,27.45,27.63,3827893
1404826200,28.08,28.08,25.81,26.47,6454715
1404912600,27.09,27.15,26.05,26.36,4549861
1404999000,25.83,27.7956,25.28,27.7,4718485
1405085400,27.51,27.9,26.85,27.04,3315394
1405344600,27.63,28.23,27.5,28.04,2851143
1405431000,28.2,28.4,27.7501,28.21,3427547
1405517400,28.5,29.3,28.3,29.11,3799570
1405603800,28.82,29.39,27.5,27.5599,3749238
1405690200,27.74,28.33,27.5,27.82,1994402
1405949400,27.67,28.66,27.67,28.54,2098841
1406035800,28.84,29.3799,28.5,28.73,2304691
1406122200,28.89,29.06,27.81,27.88,2476889
1406208600,28,29.23,27.9,29.05,2736422
1406295000,29.1,29.48,28.5,29.03,3872197
1406554200,29.26,30.35,29.07,29.49,5041223
1406640600,29.83,30.22,29.5,29.62,3318470
1406727000,30.06,30.1,29.02,29.07,3085052
1406813400,28.5,28.9,28.1,28.58,2988701
1406899800,28.55,28.7899,27.3,27.94,4572505
1407159000,28.2,28.3,27.56,27.79,5315640
1407245400,27.7,28.187,27.5,27.73,2893713
1407331800,27.56,27.73,27.3,27.51,2412767
1407418200,27.75,28.07,27.38,27.48,3865335
1407504600,27.84,28.38,27.6,28.36,3737871
1407763800,28.8,29,28.09,28.21,4218746
1407850200,28.3,28.98,28.3,28.77,2742747
1407936600,28.95,30.56,28.95,30.47,8378227
1408023000,30.4,30.7,29.71,30.01,5536932
1408109400,28.69,30.7,28.1,29.58,10587223
1408368600,30.075,30.61,29.52,30.04,6620735
1408455000,30.42,31.81,29.89,30.21,10277367
1408541400,30.08,31.15,30.07,30.93,4141940
1408627800,31.02,31.45,30.53,30.82,4316216
1408714200,30.81,31.2,30.81,30.96,2418286
1408973400,31.31,31.45,30.74,31.34,3471129
1409059800,31.19,32.08,31.12,32.01,5346635
1409146200,31.85,33.1,31.83,32.64,7763462
1409232600,32.3,32.31,31.38,31.44,6762579
1409319000,31.54,32.07,31.3,31.92,3442747
1409664600,32,32.35,30.32,31.07,7452144
1409751000,31.5,31.55,30.57,30.81,2753986
1409837400,30.81,31.47,29.679,30.26,3774530
1409923800,30.34,30.42,28.9,29.03,7136511
1410183000,29,29.6,28.93,29.13,3337437
1410269400,29.22,29.57,28.99,29.06,3332739
1410355800,29.04,29.23,28.02,28.35,7512478
1410442200,28.67,29.17,28.18,29.12,5500614
1410528600,29.32,29.89,29.01,29.25,4192825
1410787800,29.59,29.6,28.36,28.87,5209897
1410874200,28.55,28.76,27.05,27.8,7239662
1410960600,27.98,28.24,27.73,28.1,3438396
1411047000,27.87,29.77,27.87,29.55,7527890
1411133400,30,30.2,27.64,28.35,12513429
1411392600,27.68,28.33,26.68,26.97,8150443
1411479000,27.02,27.16,25.84,26.57,5964772
1411565400,27.01,27.4324,26.8,27.18,2863911
1411651800,27.46,27.65,26.095,26.57,5455469
1411738200,26.6,27,26.53,26.93,2482668
1411997400,26.48,26.7,26,26.33,3475760
1412083800,26.33,26.35,25.3,25.82,5397283
1412170200,25.52,26.16,24.98,25.02,4900208
1412256600,25.02,26.18,24.99,25.69,4961265
1412343000,25.98,26.38,25.8,25.98,2125186
1412602200,26.34,26.794,25.85,25.96,2441918
1412688600,25.8,26.04,25.28,25.35,4094350
1412775000,25.34,26.43,25.01,26.4,4149259
1412861400,26.3,26.4,25.56,25.66,4066746
1412947800,25.21,25.41,24.1,25.01,5530703
1413207000,25,25.2,23.83,24.06,7505681
1413293400,24.17,24.4,22.6,23.9,7695425
1413379800,23.25,24.33,22.89,24.3,4349495
1413466200,23.65,25.05,23.33,25.02,3853070
1413552600,25.64,26.27,24.38,25.07,4941445
1413811800,25.4,25.77,24.61,25.41,3293239
1413898200,25.46,25.7999,24.9,25.4,3216633
1413984600,25.5,26,25.08,25.44,2541437
1414071000,25.73,25.98,24.6,24.66,3988081
1414157400,24.65,24.74,23.3,24.02,8052091
1414416600,23.75,24.55,23.7,24.13,3532956
1414503000,24.31,24.8,24.16,24.78,2726063
1414589400,24.7,24.88,24.09,24.1,2875561
1414675800,24.2,24.35,23.51,23.88,4398510
1414762200,24.29,24.5,23.732,23.89,5523626
1415025000,23.6,25.4,23.57,24.77,5740714
1415111400,24.76,25.06,24.3,24.91,4505110
1415197800,25.36,25.36,23.88,23.91,4620662
1415284200,23.95,24.6,23.61,24.53,3420228
1415370600,24.48,24.96,24.4,24.74,2588636
1415629800,25.25,27.07,25.2164,26.25,7731060
1415716200,26.35,26.45,25.4,25.81,3549304
1415802600,26,28.255,25.853,27.65,9204652
1415889000,27.75,28.4,26.91,27.32,5952836
1415975400,27.36,27.45,26.3,27.01,6201810
1416234600,27.78,28,24.8,25,11837626
1416321000,25,25.46,24.85,25.41,4693759
1416407400,25.05,25.9,24.49,24.5,3676726
1416493800,24.37,24.39,23.58,23.75,7410657
1416580200,24.425,25.26,23.8,24.08,4114639
1416839400,23.73,24.3,23.55,24.04,4637462
1416925800,24.08,24.0878,23.48,23.79,3228346
1417012200,23.74,24.1,23.53,23.78,2231308
1417185000,23.85,24.12,23.27,23.52,1939708
1417444200,23.53,23.64,21.78,21.97,6087821
1417530600,22.15,24.74,22.1,23.91,14864964
1417617000,24.4,25.25,24.17,24.6,18634788
1417703400,24.31,24.74,24.2,24.47,5112294
1417789800,24.36,24.5,23.4,23.85,8307130
1418049000,22.88,23.7,22.86,23.24,17062344
1418135400,22.61,25.95,22,25.42,20204063
1418221800,24.94,25.16,24.19,24.75,11808942
1418308200,24.84,25.5,24.63,24.79,7112147
1418394600,24.39,24.6,23.95,23.97,4668825
1418653800,24.2,24.38,22.92,23.26,7204065
1418740200,23,23.2,22.71,23.13,7588732
1418826600,23.22,23.531,23.02,23.5,8794640
1418913000,23.89,24.63,23.8,24.27,7931454
1418999400,24.23,24.72,23.98,24.57,9375350
1419258600,24.28,25.02,23.945,24.9,8317958
1419345000,24.82,24.95,24.39,24.73,4739064
1419431400,24.71,24.95,24.49,24.61,1220025
1419604200,24.5,24.63,24.18,24.56,1405623
1419863400,23.93,24.18,23.53,24.08,4095399
1419949800,23.51,24,23.13,23.25,7023727
1420036200,23.3,23.48,22.85,23.14,5271520
1420209000,23.37,24.11,23.15,24.02,3358492
1420468200,24.02,24.95,24,24.58,5033850
1420554600,24.6,25.01,24.15,24.53,9797772
1420641000,24.86,25.09,24.57,24.81,9084399
1420727400,24.82,25.29,24.51,25.08,12821700
1420813800,25.01,25.555,24.75,24.94,8119814
1421073000,24.88,24.88,23.84,24.11,4228577
1421159400,24.27,24.33,23.59,23.84,4772058
1421245800,23.6,24.3,23.5,23.82,3829488
1421332200,24.02,24.03,22.96,23.32,5077573
1421418600,23.19,24.17,23.08,24.07,6879112
1421764200,24.04,24.78,23.81,24.56,6678810
1421850600,24.42,24.88,24.23,24.48,7539974
1421937000,24.41,24.49,24,24.34,4051177
1422023400,24.23,25.07,23.89,24.65,7165237
1422282600,24.47,25.04,24.47,25.01,7530139
1422369000,24.68,25.64,24.33,25.34,11316422
1422455400,25.46,26.33,25.38,25.99,14564807
1422541800,25.39,25.98,24.52,24.69,12246134
1422628200,24.6,25,24.52,24.84,5581429
1422887400,24.99,25.48,24.35,25.48,5630945
1422973800,25.63,26.44,25.46,26.32,10489561
1423060200,26.23,26.91,26.1,26.71,7972415
1423146600,26.69,26.99,26.43,26.81,4467925
1423233000,26.66,26.92,26.05,26.46,4904735
1423492200,26.81,27.35,26.48,26.61,8417708
1423578600,26.65,26.93,26.198,26.32,4944567
1423665000,26.27,26.81,26.1881,26.45,6130150
1423751400,26.67,27,26.36,26.5,7895251
1423837800,26.7,26.86,26.13,26.23,3844380
1424183400,26.42,27.31,25.98,27.3,5805007
1424269800,27.4,28.49,27.19,28,12621949
1424356200,28.22,28.22,27.429,27.83,4433826
1424442600,27.92,28.27,27.45,28.21,4147415
1424701800,28.2,28.49,28,28.11,3698761
1424788200,27.9,28.14,27.48,27.49,3618029
1424874600,27.34,27.66,26.87,27.3,6402621
1424961000,27.57,28.35,27.2,28,5438116
1425047400,28,28.17,27.34,27.67,8232410
1425306600,27.84,28.22,27.67,28.15,10054908
1425393000,29.3,29.9,27.34,27.53,24166738
1425479400,28,28.2,27.3,27.72,7161998
1425565800,28.33,29.04,27.05,29,10052652
1425652200,28.5,29.28,28.5,28.62,11477142
1425907800,28.52,29.16,28.52,28.92,6116599
1425994200,28.59,28.7595,27.75,28.25,8779659
1426080600,28.14,28.14,27.11,27.51,6990061
1426167000,27.78,28.26,27.53,28.2,6445055
1426253400,28.2,28.3,27.811,28.08,8797793
1426512600,27.87,28.19,27.41,27.72,10363330
1426599000,28,28.7,27.69,28.53,14498572
1426685400,28.02,29.06,28.02,29.01,9694518
1426771800,29,29.13,28.64,28.94,6348824
1426858200,29.15,29.16,28.84,29.11,8733202
1427117400,28.96,29.2,28.74,29,8168417
1427203800,28.79,29.99,28.71,29.74,18103158
1427290200,29.84,30.6,29.66,29.71,12682394
1427376600,29.63,30.28,29.36,29.78,5719312
1427463000,29.89,30.2,29.72,30.08,5220996
1427722200,30.22,30.27,29.24,29.75,4873179
1427808600,29.58,29.74,29.35,29.38,4493133
1427895000,29.45,29.81,29.01,29.22,5100322
1427981400,29.4,30.0701,29.3,29.49,6989867
1428327000,29.44,30.52,29.4,30.03,10998661
1428413400,30.13,31.84,30.1225,31,11665471
1428499800,31.47,32.95,31.45,32.66,12985409
1428586200,33,33.71,32.365,32.69,8605376
1428672600,32.7,33.56,32.54,33.23,7258354
1428931800,33.39,34.77,33.05,34.11,17579244
1429018200,33.77,33.82,32.7,33.22,10773077
1429104600,33.83,34.23,33.4,33.55,7788280
1429191000,33.55,34.075,33.04,33.95,6753241
1429277400,33.13,33.72,32.65,33.19,7269091
1429536600,33.3,33.39,32.67,33,4530980
1429623000,33.07,33.85,32.87,33.72,5947083
1429709400,33.89,34.05,33.4799,33.76,7423266
1429795800,33.93,34.04,33.5,33.66,8136696
1429882200,33.8,35.29,33.8,34.72,11236246
1430141400,34.93,36.75,34.93,35.28,15443478
1430227800,35.45,35.5,34.43,35.02,8637288
1430314200,34.78,34.97,34,34.2,8296042
1430400600,34.2,34.51,33.12,33.56,5762777
1430487000,33.88,34,32.71,33.53,5292610
1430746200,34.01,34.91,33.7,34.29,7758893
1430832600,34,34.14,33.15,33.7,4681536
1430919000,33.55,33.65,32.38,32.48,7477251
1431005400,33.8,33.8,32.36,33.08,10169994
1431091800,32.96,33.85,32.1,33.74,11417158
1431351000,34,34.52,33.51,34.46,7216317
1431437400,34.19,34.43,32.6,32.77,11040880
1431523800,32.76,32.89,32.28,32.76,9156741
1431610200,32.97,33.64,32.7,33.38,7195724
1431696600,33,33.85,32.3,33.4,12119467
1431955800,33.44,34.25,33.3,33.91,7399883
1432042200,33.95,34.2,33.57,34.15,7250118
1432128600,34.08,34.35,33.46,33.73,5678708
1432215000,33.82,34.09,33.47,33.86,10710227
1432301400,34.06,34.89,33.8,34.89,10199658
1432647000,35.07,35.37,33.96,34.21,9760645
1432733400,34.1,34.47,33.36,34.25,4805925
1432819800,33.73,34.25,33.49,34.02,6050612
1432906200,33.95,34.37,33.4,33.68,8288302
1433165400,33.88,34.96,33.8,34.76,9605197
1433251800,34.29,35.05,34,34.8,7089302
1433338200,34.96,35.19,34.57,34.77,8312875
1433424600,34.62,34.62,33.89,34.12,6243232
1433511000,34.08,36.59,33.95,35.67,21242822
1433770200,36.01,37.06,35.77,36.23,19789103
1433856600,36.3,36.66,35.45,36.43,11905423
1433943000,36,36.6,35.78,36.26,8395006
1434029400,36.37,37.15,36.34,36.87,6144132
1434115800,36.97,38,36.86,37.95,10378619
1434375000,37.27,37.82,36.53,36.63,7435527
1434461400,36.43,37,36.24,36.5,5084071
1434547800,37.03,37.15,35.38,35.45,11766163
1434634200,35.5,35.9,35.055,35.57,8543627
1434720600,35,35.22,33.92,34.61,10461099
1434979800,34.95,35.04,34.41,34.59,6621598
1435066200,35,35,34.41,34.59,6173076
1435152600,34.9,35.48,34.67,34.78,4968340
1435239000,34.57,34.74,33.64,34.02,5549653
1435325400,33.1,33.55,32.08,33.455,10685975
1435584600,32.62,33.176,31.72,32.5,9346523
1435671000,33.07,34.1,33.03,34.1,9319653
1435757400,34.08,34.205,32.93,33.25,7856355
1435843800,33.48,33.64,32.8,33.13,4676417
1436189400,31.6,32.4,31.2,31.89,9617603
1436275800,30.2,30.965,28.13,30.61,25428910
1436362200,28.91,30.86,28.71,30.32,13745308
1436448600,32.84,33.42,31.88,32.78,14262104
1436535000,32.88,33.2502,32.35,32.4,9779290
1436794200,32.95,34.45,32.95,33.9,8597055
1436880600,33.66,34.37,33.5,33.92,5304570
1436967000,33.47,34,32.15,32.39,7342059
1437053400,32.8,34.34,32.731,33.84,7117723
1437139800,34.5,35.4,34.41,35.32,10091933
1437399000,34.94,35.4,34.52,35.06,5817772
1437485400,35.39,35.4,35,35.31,4792782
1437571800,34.99,35.41,34.65,35.38,5068199
1437658200,35.45,35.45,33.915,34.7,7820109
1437744600,35.4,35.56,33.97,34.64,8765156
1438003800,32.8,33.32,32.06,32.15,9862869
1438090200,32,32.54,31.42,32.48,23242023
1438176600,32.66,33.47,32.51,33.29,5709123
1438263000,33.1,33.82,33,33.37,3850811
1438349400,33.7,33.7,31.73,33.03,6954335
1438608600,32.53,33.94,32.45,32.92,5380809
1438695000,33.17,34.02,33,33.99,8671470
1438781400,34.32,34.99,34.16,34.32,7432600
1438867800,34.3,34.77,32.63,32.81,9153877
1438954200,33.03,34.2,31.65,32.07,15015822
1439213400,30.88,31,29.67,30.06,21184250
1439299800,29.67,29.6999,27.37,28.02,24493480
1439386200,26.97,27.02,25.64,26.77,32310382
1439472600,27.47,27.57,26.9,27.05,12373310
1439559000,27,28.225,27,28.12,10130024
1439818200,27.8,27.96,27.13,27.33,10546353
1439904600,26.51,27.14,26.2,26.62,7864269
1439991000,26.68,27,26,26.78,10029131
1440077400,26.1,26.28,24.89,24.9,12159183
1440163800,24.03,26.06,23.66,25.05,16420055
1440423000,22.7,24.94,21.55,23.93,21356305
1440509400,26.5,27.92,24.995,25.06,13116295
1440595800,25.51,25.8,24.55,25.59,12724353
1440682200,26.48,27.1497,26.0299,27.1,12850773
1440768600,26.27,27.48,26.27,26.77,10343477
1441027800,26.66,26.705,25.665,25.88,10443126
1441114200,25.17,25.92,24.68,24.88,10543734
1441200600,25.24,25.65,24.22,24.87,7220223
1441287000,24.92,25.14,24.39,24.41,9376949
1441373400,24,24.46,22.64,22.81,14608225
1441719000,24.08,25.98,23.28,23.95,31308776
1441805400,24.8,25.85,24.5,24.67,20122667
1441891800,24.5,24.82,24.035,24.19,12979329
1441978200,24.1,24.29,23.15,24.26,11195239
1442237400,23.5,24.47,23.29,24.21,8213821
1442323800,24.29,25.14,24.1001,24.98,9320717
1442410200,25.4,27.05,25.19,26.99,16470408
1442496600,26.34,27.96,26.32,27.64,11760988
1442583000,27.02,27.54,26.285,26.43,12731158
1442842200,26.94,26.94,25.85,25.98,6746165
1442928600,25.5,25.8499,25.14,25.54,6286366
1443015000,25.63,25.88,24.06,24.38,12222318
1443101400,24.33,25.43,24.13,25.34,7729905
1443187800,25.77,26.8,25.6,25.94,12661133
1443447000,25.62,25.89,24.67,24.69,12208247
1443533400,24.8,24.9066,24.11,24.43,9020245
1443619800,25.46,26.5,25.2,26.06,13389226
1443706200,26.75,27.07,25.44,26.5,7539234
1443792600,26.98,29.4,26.5,28.91,19914325
1444051800,29.15,29.15,28.35,28.78,12349977
1444138200,28.7,28.7,27.445,27.71,11769205
1444224600,28.14,28.68,27.42,27.54,14352327
1444311000,27.41,27.49,26.23,27.32,16777688
1444397400,27.47,28.77,27.29,28.41,14903857
1444656600,28.62,28.75,27.95,28.72,8970675
1444743000,28.32,28.32,26.83,26.91,13935965
1444829400,27,27,25.1,25.52,21679466
1444915800,26.06,26.7,25.39,26.26,17715896
1445002200,26.37,26.95,26.14,26.89,9598541
1445261400,26.89,27.415,26.63,27.09,8152780
1445347800,27.09,27.4,26.46,26.53,7138735
1445434200,26.32,26.89,25.825,26.01,6744752
1445520600,26.3,26.93,25.81,26.2,15818856
1445607000,27.23,27.52,26.93,27.1,17484764
1445866200,27.3,27.49,26.78,26.84,7516303
1445952600,27.71,28.07,27.09,27.66,13398047
1446039000,27.5,28.11,27.24,27.68,9983630
1446125400,27.74,27.85,26.82,27.69,9818794
1446211800,27.55,27.805,27.45,27.62,7371953
1446474600,27.5,28.88,27.31,28.65,9802321
1446561000,28.71,29.9,28.65,29.37,10877838
1446647400,30,30.26,29.17,29.27,7948325
1446733800,29.56,29.57,27.87,28.8,9722371
1446820200,29,29.95,28.37,29.7,11373847
1447079400,29.89,29.95,28.41,28.76,10377312
1447165800,28.62,28.7,27.3,28.2,12391980
1447252200,28.44,28.49,26.85,27.88,14747642
1447338600,28.18,29.45,27.65,28.78,15874668
1447425000,27.82,28.25,26.6,26.75,23067720
1447684200,26.71,29.58,26.5308,28.81,26242713
1447770600,29.19,29.95,28.67,28.93,13884141
1447857000,29.15,29.2,27.95,28.56,10246813
1447943400,28.71,29.215,28.3266,29.05,9054017
1448029800,29.33,30.05,29.13,29.99,11573342
1448289000,30.08,31.07,29.99,30.68,14031677
1448375400,30.6,31.18,30.1,30.35,8037361
1448461800,30.45,30.75,29.825,29.99,6705568
1448634600,29.1,30.05,29.07,29.95,6163416
1448893800,30.38,30.93,29.84,30.68,37066347
1448980200,30.38,31.58,30.2,31.5,12626836
1449066600,31.7,32.44,31.3,31.93,12022523
1449153000,32,32.48,31.08,31.56,9512552
1449239400,31.35,32.37,31.1,32.25,9732569
1449498600,32.36,32.62,31.89,32.53,6434597
1449585000,31.97,32.25,31.58,31.89,7786964
1449671400,31.77,32.08,31.205,31.58,5257019
1449757800,31.58,31.75,31.16,31.6,7783407
1449844200,31.15,31.3,30.53,30.55,11736432
1450103400,30.78,30.85,30.03,30.84,7091830
1450189800,31,31.9,31,31.58,7356709
1450276200,31.9,32.355,31.75,32.225,6822602
1450362600,32.65,33.48,31.89,32.38,10487054
1450449000,32.11,32.79,31.93,32.65,8456109
1450708200,32.94,33.1,32.38,32.5,4843962
1450794600,32.45,32.64,32.15,32.53,6373222
1450881000,32.57,33.1,32.51,32.54,4869393
1450967400,32.65,32.78,32.54,32.58,1728928
1451313000,32.5,32.545,31.37,31.89,6195051
1451399400,32.19,32.945,32.05,32.65,6311122
1451485800,32.09,32.61,31.91,32.08,3746288
1451572200,31.96,32.71,31.63,32.265,3463995
1451917800,30.66,30.66,29,29.53,18265272
1452004200,30.05,30.3,29.6,30,9426355
1452090600,29.23,30.03,29.05,29.76,12988927
1452177000,28.34,29.15,27.65,27.95,18155683
1452263400,28.58,28.9,27.47,27.62,15164071
1452522600,27.35,27.73,25.97,27.03,18866572
1452609000,27.52,28.3,27.245,28.205,11202565
1452695400,28.37,28.5,26.78,27.1,8981127
1452781800,27.35,28.43,26.8502,28.12,9756942
1452868200,26.5,27.29,26.35,26.99,13641516
1453213800,28.32,28.635,26.94,27.41,14022407
1453300200,26.5,26.88,25.36,26.38,23393332
1453386600,26.17,27.16,25.8,26.69,8423142
1453473000,27.89,27.89,26.955,27.27,9454409
1453732200,27.12,27.525,26.95,27.03,6988358
1453818600,26.75,27.2,26.09,27,6816336
1453905000,27.04,27.04,25.145,25.38,21140395
1453991400,26,26.08,24.97,25.37,21548344
1454077800,25.85,26.35,25.5,26.03,11895763
1454337000,25.62,25.96,25.14,25.59,10915508
1454423400,25.32,25.57,24.525,24.67,11283243
1454509800,24.68,24.79,23.37,23.81,20209972
1454596200,24,25.26,23.97,24.96,20950950
1454682600,24.69,24.95,23.51,23.64,19828476
1454941800,23.05,23.26,22.18,23.21,30399427
1455028200,22.7,23.525,22.47,22.88,16699044
1455114600,23.38,23.56,22.84,23.24,12427190
1455201000,22.53,23.13,22.135,22.9,20207587
1455287400,23.1,23.41,22.45,23.13,13903599
1455633000,24.76,25.99,24.18,24.98,20056886
1455719400,25.42,26.2,24.86,25.72,17465739
1455805800,25.9,25.9,25.01,25.33,11910918
1455892200,25.2,25.82,24.89,25.54,7525272
1456151400,26.09,26.47,25.67,26.32,8158183
1456237800,26.01,26.17,25.5,25.59,5601468
1456324200,25.1,25.76,24.3,25.68,10381304
1456410600,24.75,25.1,24.44,24.93,10993268
1456497000,25.66,25.8,25.16,25.41,8269343
1456756200,25.33,26,25.28,25.71,14099064
1456842600,26.89,27.19,26.31,26.5,17268274
1456929000,27.12,27.13,26.26,26.64,14655409
1457015400,26.78,26.78,25.21,25.59,15821357
1457101800,25.94,26.55,25.68,26.48,13871774
1457361000,26.28,26.56,25.9,26.14,12718738
1457447400,25.85,26.34,25.76,26.07,9149137
1457533800,26.16,26.48,25.77,26.34,6110331
1457620200,26.48,26.815,26.01,26.39,8237536
1457706600,26.75,27.92,26.53,27.83,11863145
1457962200,28,28.25,27.69,27.74,7517202
1458048600,27.45,27.5,26.865,27.16,6979250
1458135000,27.03,27.96,26.95,27.84,7251802
1458221400,27.5,28.04,26.985,27.03,9674575
1458307800,27.17,27.36,26.52,27.08,12890744
1458567000,27.26,27.56,26.58,26.96,10530256
1458653400,26.7,27.04,26.58,26.99,6492039
1458739800,26.91,27.05,26.29,26.74,8036115
1458826200,26.46,26.46,26.1,26.36,7954765
1459171800,26.32,26.33,25.635,25.82,9130395
1459258200,25.84,26.63,25.59,26.42,15294069
1459344600,26.66,27.615,26.66,27.24,12037365
1459431000,27.37,27.48,26.42,26.5,8153707
1459517400,26.26,27.25,26.09,26.76,10965622
1459776600,26.76,27.05,26.37,26.64,8024295
1459863000,26.35,26.76,26.201,26.52,6661683
1459949400,26.74,26.99,26.18,26.74,9612340
1460035800,26.8,27,26.43,26.51,7843907
1460122200,26.94,27.34,26.715,26.86,4830820
1460381400,27,27.73,26.96,27.28,8124615
1460467800,27.19,28.17,27.19,28.1,10061790
1460554200,28.78,29.79,28.72,29.58,13914868
1460640600,29.49,29.87,29.3,29.63,5552938
1460727000,29.89,30.01,29.77,29.88,7269482
1460986200,29.73,29.86,29,29.34,9061136
1461072600,29.66,29.77,28.595,28.85,9290198
1461159000,28.6,28.79,28.41,28.68,7914234
1461245400,28.75,29.21,28.68,28.79,6355652
1461331800,28.6,28.77,27.66,28.3,7841393
1461591000,28.09,28.1992,27.31,27.43,7511572
1461677400,27.43,27.58,24.55,25.07,51175809
1461763800,25.11,25.84,25,25.34,22144518
1461850200,25.36,26.3,25.36,25.65,12202852
1461936600,25.58,26.28,24.9,25.56,13835303
1462195800,25.52,25.65,24.97,25.29,9604735
1462282200,25.13,25.13,24.25,24.4,12706771
1462368600,24.31,24.72,24.14,24.22,15504116
1462455000,25.07,25.17,24.59,24.85,13347853
1462541400,24.93,25.45,24.48,25.2,15385510
1462800600,23.99,23.99,22.67,23.43,45307397
1462887000,23.23,24.19,23.22,23.77,15698241
1462973400,24.01,24.01,23,23.13,19287250
1463059800,23.53,23.68,22.02,22.11,28229912
1463146200,22.48,22.94,22.35,22.64,16484833
1463405400,22.82,23.51,22.82,23.37,14553164
1463491800,23.28,24.42,23.28,23.88,14692004
1463578200,23.74,23.93,23.31,23.6,12681852
1463664600,23.35,23.94,22.84,23.11,12931409
1463751000,23.18,23.91,23.18,23.45,11508744
1464010200,23.41,23.46,22.8,22.89,8444100
1464096600,23.19,24.04,23.01,23.79,17843252
1464183000,23.8,23.9,22.805,22.98,18157272
1464269400,23.31,23.39,22.86,23.17,12505389
1464355800,23.32,24.28,23.18,24.25,16123514
1464701400,24.57,25,24.17,24.61,95370800
1464787800,24.35,24.37,23.68,23.79,17704669
1464874200,24,24.22,23.445,23.66,11889680
1464960600,23.71,23.9,22.85,22.98,13132723
1465219800,23.16,23.505,23.12,23.32,9133421
1465306200,23.51,23.54,21.71,22.01,35788732
1465392600,22.2,22.27,21.21,21.24,27727728
1465479000,21.07,21.82,20.82,21.71,20359233
1465565400,21.4,21.53,20.885,21.06,13279993
1465824600,20.95,21.28,20.8,20.99,9725979
1465911000,21.06,21.14,20.38,20.9,15179061
1465997400,21,21,19.91,20.17,19726915
1466083800,19.95,20.51,19.51,20.43,26123203
1466170200,20.51,20.56,19.85,20.13,14205945
1466429400,20.68,22.04,20.6,21.06,28239264
1466515800,21.37,21.48,20.91,21.13,11895359
1466602200,21.12,21.52,20.77,21.2,15245784
1466688600,21.42,21.51,21.04,21.46,6173500
1466775000,20.39,21.25,20.25,20.64,23682965
1467034200,20.54,20.65,19.909,20.24,11356761
1467120600,20.53,20.99,20.175,20.32,14651559
1467207000,20.48,20.823,20.305,20.39,11708079
1467293400,20.39,21.34,20.3399,21.23,14122861
1467379800,21.23,21.5,20.98,21.31,8291555
1467725400,21.18,21.3,20.4,20.86,10698089
1467811800,20.55,20.64,20.035,20.38,13669069
1467898200,20.46,20.665,20.31,20.57,6776143
1467984600,20.61,20.73,20.34,20.72,9715258
1468243800,20.88,22.01,20.85,21.76,17041841
1468330200,22.14,22.3,21.87,22.21,12988218
1468416600,22.2,22.3,21.51,21.68,9906981
1468503000,21.95,21.98,21.63,21.68,8905553
1468589400,21.73,21.78,21.31,21.41,6555430
1468848600,21.4,22.35,21.4,22.14,10227491
1468935000,21.85,22.6,21.85,22.42,11323702
1469021400,22.52,22.9,22.32,22.66,12076577
1469107800,22.87,22.87,21.94,21.99,12080374
1469194200,22.06,22.06,21.65,21.92,7038544
1469453400,22,22.02,21.51,21.85,4859823
1469539800,21.85,22.65,21.74,22.48,10490806
1469626200,22.5,22.64,22.2,22.36,5465712
1469712600,22.2,22.27,21.97,22.14,5436426
1469799000,22.11,22.13,21.55,21.65,8820690
1470058200,21.69,22.13,21.66,21.84,7058476
1470144600,21.86,21.98,21.56,21.8,5046648
1470231000,21.65,21.78,21.51,21.73,6009109
1470317400,21.65,21.73,21.22,21.37,9724768
1470403800,21.5,22.1725,21.29,21.85,8376975
1470663000,21.82,22.37,21.55,22.35,11757581
1470749400,22.36,22.69,22.05,22.37,19990922
1470835800,24.11,24.6,23.26,23.41,33722234
1470922200,23.65,24,23.07,23.29,17637932
1471008600,23.27,24.89,22.93,24.65,27840241
1471267800,24.86,25.62,24.85,25.32,16615135
1471354200,25.57,25.58,24.75,25.02,13730805
1471440600,24.9,25.44,24.8,25.39,12086235
1471527000,25.34,25.52,25.12,25.4,10071253
1471613400,26.15,26.2,25.7,25.91,20568715
1471872600,25.95,25.99,25.52,25.77,7850838
1471959000,25.81,26.3,25.785,25.94,9013682
1472045400,25.97,26.08,25.51,25.56,9650367
1472131800,25.4,25.7,25.295,25.42,9101723
1472218200,25.46,25.99,25.42,25.79,9713367
1472477400,25.85,25.85,25.47,25.61,5399966
1472563800,25.71,25.95,25.495,25.59,6194472
1472650200,25.5,25.695,25.2,25.41,10244243
1472736600,25.41,25.73,25.33,25.71,5595909
1472823000,25.9,26.07,25.52,25.55,9844031
1473168600,25.72,27,25.72,26.54,18271835
1473255000,26.57,26.78,26.48,26.55,9256252
1473341400,26.6,27.08,26.55,26.86,8710167
1473427800,26.86,26.95,26.34,26.37,13938552
1473687000,25.6,26.575,25.55,26.5,12505496
1473773400,26.22,26.575,26.11,26.53,10934799
1473859800,26.59,26.69,25.71,26.01,16734216
1473946200,26,26.13,25.62,26.13,12228754
1474032600,26.23,26.55,26.01,26.23,11428241
1474291800,26.34,26.48,25.93,26.05,8593112
1474378200,25.88,26.16,25.68,25.85,8912956
1474464600,25.94,26.03,25.54,25.88,12895583
1474551000,26,26.4,25.86,26.3,17247472
1474637400,26.32,26.99,26.18,26.84,13020867
1474896600,26.54,26.61,26.35,26.54,11176748
1474983000,26.6,27.29,26.55,26.68,12270322
1475069400,26.64,26.87,26.01,26.29,9455705
1475155800,26.22,26.48,25.8,25.98,16217582
1475242200,26.01,26.32,25.92,26.09,6577301
1475501400,26.03,26.13,25.7,26.11,9348917
1475587800,26.15,29.235,26.125,27.49,29533273
1475674200,27.59,28.09,27.28,27.93,23699714
1475760600,28.45,28.53,26.96,27.4,15635288
1475847000,27.4,27.5,26.8,27.03,9607399
1476106200,27.04,27.51,26.77,27.3,7989085
1476192600,27.24,27.405,26.58,26.75,7285082
1476279000,26.61,26.82,26.34,26.59,8227576
1476365400,26.15,26.27,25.53,26.27,14027616
1476451800,26.72,26.78,26.27,26.5,7110387
1476711000,26.3,26.84,26.14,26.31,5593158
1476797400,26.78,26.79,26.2,26.26,5754426
1476883800,26.36,26.58,26.09,26.3,6073506
1476970200,26.17,26.855,26.17,26.65,8381403
1477056600,26.61,26.9,26.58,26.87,5368571
1477315800,27,27.12,26.09,26.5,11741345
1477402200,26.55,26.69,26.25,26.42,4902396
1477488600,26.32,26.57,26.14,26.48,4687801
1477575000,26.59,26.68,25.73,25.88,9069430
1477661400,25.7,26.05,25.38,25.9,8031905
1477920600,26.03,26.44,25.93,25.95,5345174
1478007000,25.9,26.04,25.18,25.31,9236391
1478093400,25.44,25.5,24.37,24.74,14255094
1478179800,24.54,25.05,24.51,24.67,6738788
1478266200,24.57,24.77,24.31,24.65,7038280
1478529000,25.18,25.715,25,25.46,8212158
1478615400,25.51,25.55,25.015,25.44,6778090
1478701800,24.6,25.58,24.6,25.13,6544750
1478788200,25.5,25.5,23.88,24.39,10182802
1478874600,24.25,24.52,23.68,24.04,12219739
1479133800,24.23,24.23,23.375,23.71,15581497
1479220200,25.69,26.96,25.29,26.41,38369212
1479306600,25.62,26.6,25.62,26.51,9433066
1479393000,26.5,26.93,26.33,26.75,8590293
1479479400,26.75,26.89,26.255,26.45,5658152
1479738600,26.5,26.5601,25.89,26,7494752
1479825000,26,26.135,25.64,25.81,7125086
1479911400,25.76,25.95,25.65,25.74,5986269
1480084200,25.89,25.99,25.43,25.54,6497668
1480343400,25.56,25.945,25.5399,25.83,9681689
1480429800,25.84,27.7,25.75,26.85,29892613
1480516200,26.85,27.4,26.665,26.87,15084817
1480602600,26.79,26.95,26.18,26.3,11150653
1480689000,26.32,26.45,25.72,25.88,9493292
1480948200,25.86,26.315,25.58,25.95,7537700
1481034600,26.09,26.26,25.77,25.83,4690779
1481121000,25.76,27.19,25.72,26.98,17786711
1481207400,26.99,27.2,26.69,26.97,8078966
1481293800,26.87,26.97,26.265,26.84,7892442
1481553000,26.38,26.62,25.82,26.16,6383423
1481639400,26.31,26.92,25.92,26.66,7137258
1481725800,26.69,27.38,26.51,26.95,11007725
1481812200,26.74,26.74,25.58,25.77,9761438
1481898600,25.73,26.16,25.57,25.61,7792460
1482157800,25.6,25.64,25.25,25.38,4873582
1482244200,25.72,25.72,25.31,25.52,4972665
1482330600,25.42,25.96,25.42,25.88,3935765
1482417000,25.86,25.9,25.49,25.62,4442017
1482503400,25.51,25.85,25.34,25.49,5616297
1482849000,25.52,26.21,25.455,25.93,5188205
1482935400,26.09,26.195,25.61,25.74,2880628
1483021800,25.76,25.9115,25.56,25.64,3394780
1483108200,25.68,25.84,25.285,25.44,3531505
1483453800,25.95,26.11,25.64,25.82,8275311
1483540200,26.05,26.085,25.585,25.85,7862762
1483626600,26.15,26.8,26.05,26.3,10205559
1483713000,26.3,26.41,25.92,26.27,6234331
1483972200,26.64,26.95,26.14,26.26,8072075
1484058600,26.3,27.1,26.25,26.9,20417379
1484145000,26.76,27.18,26.445,26.77,5498066
1484231400,26.83,26.83,26.48,26.61,4867676
1484317800,26.77,26.9,26.52,26.84,5929707
1484663400,26.82,27.65,26.71,27.21,7717468
1484749800,27.34,27.5,26.86,27.16,5974390
1484836200,27.3,27.84,27.13,27.75,10279738
1484922600,27.96,28.14,27.54,27.6,7141958
1485181800,27.5,28.27,27.46,28.18,9972357
1485268200,28.5,28.91,28.22,28.54,13843192
1485354600,28.77,28.84,28.3538,28.59,7484578
1485441000,28.8,28.8,28.18,28.32,6052070
1485527400,28.35,28.5,28.12,28.36,3107023
1485786600,28.17,28.64,28.06,28.56,3595494
1485873000,28.32,28.46,28.01,28.4,4381726
1485959400,28.59,28.59,28.02,28.13,4109167
1486045800,28,28.21,27.88,28.17,4403282
1486132200,28.28,28.4,28.08,28.32,3671480
1486391400,28.64,28.8,28.35,28.54,3919297
1486477800,28.66,28.94,28.46,28.81,4834574
1486564200,28.81,29.06,28.63,28.98,3769446
1486650600,28.96,29.2,28.76,29.01,6234699
1486737000,29.21,29.525,29.01,29.38,4491403
1486996200,29.52,29.65,29.105,29.52,6084490
1487082600,29.48,29.74,29.28,29.43,3330771
1487169000,29.5,30.25,29.4,30.14,8001239
1487255400,30.32,30.57,30.03,30.23,7706227
1487341800,29.57,30.27,29.51,29.85,7080140
1487687400,30,30.285,29.81,30.23,5131397
1487773800,30.27,30.67,30.1,30.47,6604605
1487860200,30.75,30.88,30.23,30.61,9921265
1487946600,30.5,30.52,30.03,30.27,4641515
1488205800,30.3,30.91,30.25,30.8,5946260
1488292200,30.97,31.16,30.36,30.57,8639465
1488378600,30.83,30.99,30.56,30.67,7942571
1488465000,31.74,32.47,30.48,30.93,22176037
1488551400,31.32,31.58,30.87,30.93,9199263
1488810600,30.97,30.98,30.24,30.41,8109765
1488897000,30.2,30.94,29.96,30.75,7488251
1488983400,30.61,31.64,30.6,31.34,8226569
1489069800,31.15,31.51,30.96,31.2,5546220
1489156200,31.35,31.55,30.945,31.06,6038544
1489411800,31.27,31.82,31.15,31.69,6473455
1489498200,31.46,31.59,31.11,31.37,4364713
1489584600,31.35,31.53,31.08,31.38,4368827
1489671000,31.87,32.21,31.44,31.54,6367450
1489757400,31.77,31.77,31.34,31.56,6464095
1490016600,31.57,31.87,31.54,31.72,4270760
1490103000,31.88,31.93,30.14,30.32,9364436
1490189400,30.18,30.61,29.88,30.58,6790040
1490275800,30.85,31.35,30.61,31.29,8940535
1490362200,31.42,31.84,31.1,31.26,5826837
1490621400,31,31.55,30.76,31.38,4055379
1490707800,31.33,32,31.21,31.46,5862345
1490794200,31.5,31.67,31.425,31.58,3152526
1490880600,31.5,31.89,31.47,31.56,4907678
1490967000,31.4,31.56,31.085,31.11,5975227
1491226200,31.43,32.1,31.27,31.92,7934878
1491312600,31.8,31.89,31.23,31.44,4927524
1491399000,31.58,32.06,31.44,31.53,5368448
1491485400,31.69,32.26,31.49,32.23,5840730
1491571800,32.2,32.25,31.57,32.01,5651022
1491831000,32.16,32.92,32.15,32.67,8303755
1491917400,32.7,33.281,32.22,32.3,8054205
1492003800,32.31,32.88,32.31,32.71,6817951
1492090200,32.74,32.87,32.45,32.47,3029646
1492435800,32.67,33.0899,32.58,32.72,4383267
1492522200,32.67,33.005,32.55,32.84,4273453
1492608600,33.16,34,33.1,33.36,10268606
1492695000,34.04,34.14,33.45,33.97,7963522
1492781400,34.14,34.725,34,34.35,11713477
1493040600,34.78,34.94,34.36,34.57,9606789
1493127000,35,35.07,34.88,34.96,6889994
1493213400,35.06,35.075,34.8,34.94,6069918
1493299800,35.05,35.32,34.97,35.3,4982978
1493386200,35.5,35.5,34.73,35.07,4759964
1493645400,35.14,35.45,35.02,35.34,5712699
1493731800,35.35,35.565,34.87,35.45,5194750
1493818200,35.53,35.53,34.51,35.15,7920871
1493904600,35.26,35.495,34.9578,35.4,10001587
1493991000,35.5,35.9,35.16,35.78,9033875
1494250200,37.88,39.09,37.69,38.55,31389643
1494336600,38.84,38.99,38.28,38.53,16211102
1494423000,38.55,39.36,38.42,39.32,16745122
1494509400,39.15,40,38.75,39.76,13039746
1494595800,39.82,40.72,39.77,40.56,13923142
1494855000,40.99,41.0118,39.91,40.23,12498618
1494941400,40.28,41,40.23,40.77,14975910
1495027800,40.2,40.96,39.96,40.04,10284555
1495114200,39.025,40.395,38.59,40.16,12521356
1495200600,40.47,41.72,40.42,41.06,12501170
1495459800,41.61,41.97,41.2,41.66,11472038
1495546200,41.96,41.97,40.32,40.72,11557421
1495632600,40.86,40.91,39.77,40.44,10724131
1495719000,41,41.35,40.715,41.02,9737561
1495805400,40.93,41.1,40.615,40.99,6780278
1496151000,41.1,41.1,40.37,40.79,7109914
1496237400,40.72,40.79,39.69,40.03,14503580
1496323800,40.2,40.47,39.98,40.29,10061442
1496410200,40.32,40.37,39.86,40.23,8721058
1496669400,40.32,40.53,40.07,40.32,5543313
1496755800,40.2,40.55,40.07,40.18,6317790
1496842200,40.3,41.43,40.15,41.18,7187410
1496928600,43.41,43.8,41.22,41.92,23897036
1497015000,42.49,42.51,38.46,39,23285148
1497274200,39,39.62,37.98,39.22,18130801
1497360600,39.83,40.14,38.9365,39.27,11098780
1497447000,39.57,39.5745,38.2,38.4,14856262
1497533400,38.03,38.14,36.77,38.12,17218376
1497619800,37.92,38.585,37.73,38.17,10328759
1497879000,39.455,40.32,39.35,39.74,17094129
1497965400,39.6,39.84,38.75,38.9,8672760
1498051800,39.19,41.27,38.95,41.09,16040907
1498138200,40.62,41.45,40.6,41.33,11009132
1498224600,41.3,43.06,41,42.95,15892126
1498483800,43.31,44.18,42.0502,43.08,17101002
1498570200,42.79,42.95,40.53,40.69,16074236
1498656600,41.49,41.52,39.63,41.28,13714726
1498743000,41.15,41.19,39.22,39.5,14952449
1498829400,39.865,39.95,38.74,39.22,13271219
1499088600,39.83,39.83,38.75,38.86,5713432
1499261400,38.95,39.9201,38.51,39.76,11584563
1499347800,39.21,39.49,38.71,39.11,8527372
1499434200,39.1,39.66,39.1,39.22,6603165
1499693400,39.25,40.635,39.21,40.42,9663655
1499779800,40.59,41.335,40.32,40.81,8056330
1499866200,41.27,41.98,41.2,41.44,8126156
1499952600,41.5,41.91,41.01,41.43,5157757
1500039000,41.38,42.135,41.175,42.01,7283543
1500298200,42.05,42.14,40.97,41.63,7573539
1500384600,41.6,43.1,41.34,42.99,10107559
1500471000,43.4,44.09,42.7707,43.22,12296654
1500557400,43.26,43.49,42.515,42.92,5826311
1500643800,43,43.235,42.4,43.08,4154836
1500903000,43.15,43.68,43.05,43.54,5842313
1500989400,43.75,44.73,43.27,44.46,8479143
1501075800,44.76,46.85,44.6196,45.87,15727694
1501162200,46.5,46.85,43.88,45.16,16176911
1501248600,44.7,45.9608,44.2,45.22,8919292
1501507800,45.27,45.9838,44.44,45.17,11473065
1501594200,45.82,45.91,45.25,45.55,6188457
1501680600,45.55,45.75,44.16,45.25,7937703
1501767000,45.49,45.73,44.66,45.3,8277641
1501853400,45.6,46.415,45.34,46.4,5775836
1502112600,46.64,47.95,46.27,47.56,10439175
1502199000,47.92,48.99,47.63,48.15,16061883
1502285400,47.64,47.88,46.89,47.84,10069785
1502371800,47.5,47.85,45.76,46.09,12381885
1502458200,45.5,46.2134,44.91,45.9,16163479
1502717400,45,45.45,43.06,44.25,36778831
1502803800,44.94,44.98,43.26,44.05,18834737
1502890200,44.47,44.95,43.46,43.65,14150306
1502976600,43.04,43.15,40.75,40.8,30668993
1503063000,41.06,41.17,39.93,40.13,19114597
1503322200,40.4,41.47,40.21,41.26,17220867
1503408600,41.87,42.215,41.15,42.15,15564082
1503495000,42.13,43.06,41.85,42.44,14382410
1503581400,42.81,42.96,41.45,42.07,13507718
1503667800,42.04,42.14,40.36,40.87,15744883
1503927000,41,41.1217,39.43,40.35,14718931
1504013400,39.4,41.07,39.33,40.84,9388055
1504099800,40.9,42.05,40.895,41.94,9590317
1504186200,42.38,42.51,41.397,41.91,9956661
1504272600,41.93,42.49,41.68,41.99,6093375
1504618200,41.525,41.88,40.97,41.4,9568902
1504704600,41.7,42.18,41.135,41.64,7885979
1504791000,41.73,42.133,41.57,41.83,5668129
1504877400,41.76,41.9558,41.07,41.15,7008346
1505136600,41.71,42.5,41.71,42.04,10256584
1505223000,42.36,43.5,41.81,43.29,14168299
1505309400,43.45,45.28,43.36,45.27,20095030
1505395800,44.84,45.93,44.52,45.25,12954291
1505482200,45.585,45.6,44.7,44.91,16910724
1505741400,45.45,45.83,44.71,44.74,11368523
1505827800,45,45.0399,43.83,44.33,9301579
1505914200,44.39,44.55,43.715,44.44,8014207
1506000600,43.9,43.96,42.41,42.98,14574084
1506087000,42.48,42.68,42.16,42.37,11622080
1506346200,42.04,42.09,40.47,40.93,17094894
1506432600,41.56,41.78,40.11,40.32,15067466
1506519000,40.71,40.84,39.33,39.71,20020440
1506605400,39.48,39.5,38.21,38.65,24883301
1506691800,38.375,38.83,37.82,38.2,23315395
1506951000,38.4,39.94,38.3,39.1,18686053
1507037400,39.93,40.23,39.1,39.21,15964161
1507123800,39.21,39.21,37.61,38.34,21458574
1507210200,38.62,39.2662,38.21,39.14,11729223
1507296600,38.98,39.7187,38.9328,39.24,9685899
1507555800,39.4,39.47,38.69,38.91,9505437
1507642200,39.29,40.29,39.1,40.17,16530284
1507728600,40.37,40.42,39.52,39.62,14071760
1507815000,39.6,39.62,38.4401,38.51,14544883
1507901400,38.71,38.97,38.44,38.72,13047409
1508160600,40.14,40.15,38.96,39.67,19939445
1508247000,39.95,40.15,39.37,39.59,12073638
1508333400,40,40.77,39.57,40.32,19064603
1508419800,39.8,40.18,39.21,39.38,16381205
1508506200,39.7,39.75,38.69,39,20233520
1508765400,39.15,39.2,38.33,38.43,13575917
1508851800,38.66,38.815,38.46,38.52,11847132
1508938200,38.55,38.97,37.13,37.4,22016362
1509024600,37.56,37.68,36.71,36.81,19145511
1509111000,37.01,37.47,35.79,37.36,23630701
1509370200,37.81,37.87,36.94,37.42,15653058
1509456600,37.84,38.03,37.275,37.52,13581668
1509543000,38,38.31,37.72,37.86,15800077
1509629400,38.24,38.67,37.6652,37.88,17726780
1509715800,38.4,38.61,38.21,38.42,15409232
1509978600,39.01,39.18,38.6,39.01,14493508
1510065000,39.69,39.9,39.09,39.79,14580119
1510151400,39.91,40.83,39.85,40.33,17107204
1510237800,40.19,40.22,38.89,39.8,16914758
1510324200,39.83,40.4,39.17,39.96,16868913
1510583400,41.97,42.77,40.85,41.34,43667302
1510669800,41,41.05,38.25,38.9,38892755
1510756200,38.5,39.38,37.79,39.35,19456414
1510842600,39.64,40.58,39.34,40.22,18078563
1510929000,40.34,40.73,39.95,40.25,16665643
1511188200,40.36,40.45,38.9,39.2,20091061
1511274600,39.495,40.37,39.495,39.88,13821446
1511361000,40.2,40.4599,39.45,39.79,9319989
1511533800,39.72,39.73,39.05,39.21,7234746
1511793000,39,39.13,38.52,38.66,9577508
1511879400,38.76,38.96,38.3,38.57,8241815
1511965800,38.4,38.61,37.1,37.83,18255650
1512052200,37.87,38,37.12,37.45,16357653
1512138600,37.02,37.68,36.54,37.27,13552493
1512397800,37.77,38.25,36.66,36.75,15756822
1512484200,36.04,37.6299,35.81,37.3,16057285
1512570600,36.71,37.85,36.55,37.82,14647381
1512657000,37.83,38.33,37.73,38.13,16026007
1512743400,38.41,38.78,37.92,38.01,9479338
1513002600,38.05,38.55,37.61,38.46,9114520
1513089000,38.24,38.815,38.03,38.56,9126401
1513175400,39.02,40.91,38.9,40.8,28073691
1513261800,40.4,40.99,39.88,40.63,22350233
1513348200,40.46,40.59,39.9,40.32,24030539
1513607400,42,42.09,41.36,41.68,20053328
1513693800,41.61,43.48,41.61,42.97,31675294
1513780200,42.71,43.09,41.44,42.16,21883585
1513866600,42.2,42.7,41.97,42.27,7217729
1513953000,42.31,42.86,41.9,42.19,7162121
1514298600,41.96,42.42,41.645,42.14,6323869
1514385000,42.18,42.63,41.71,42.29,7002242
1514471400,42.31,42.47,41.6,41.63,6835649
1514557800,41.67,41.861,41.3065,41.42,4815885
1514903400,42.14,43.5,41.9,43.28,18131166
1514989800,43.72,43.9,43.1114,43.51,12451049
1515076200,43.96,44.08,43.13,43.67,9994171
1515162600,44,45.83,43.89,45.64,18182595
1515421800,45.675,46.5,45.56,46.1,14483436
1515508200,46.49,46.8,45.79,46.13,12380892
1515594600,45.44,46.5,45.17,46.45,11890770
1515681000,46.5,46.73,45.82,46.61,9719167
1515767400,46.68,47.23,46.285,46.4,9367176
1516113000,47.32,47.4,45.92,46.46,13359672
1516199400,46.9,46.93,46.02,46.61,6980679
1516285800,46.69,46.8,45.6,45.9,10400935
1516372200,46.15,46.4,45.57,46.02,6650566
1516631400,45.51,45.6,43.34,45.26,18430399
1516717800,45.4,45.7,44.34,45.18,13589749
1516804200,45.43,47.94,45.42,46.74,20874638
1516890600,46.74,47.74,46.35,47.38,14501113
1516977000,48.23,50.55,48.1057,50.5,25705402
1517236200,50.6,50.68,49.71,49.94,15783464
1517322600,48.75,49.43,48.22,49.26,13417983
1517409000,49.74,50.17,49.035,49.23,18376314
1517495400,46.89,49.25,45.5,47.55,19814438
1517581800,47.99,48.02,45.92,46.03,15944181
1517841000,45.03,47.64,44.11,44.6,19415651
1517927400,43.06,45.3,42.6,45.05,20648878
1518013800,44.97,45.33,44.22,44.39,14960187
1518100200,44.84,44.84,42.17,42.25,16458352
1518186600,42.62,43.41,40.93,42.93,18336748
1518445800,43.68,44.095,43.04,43.72,11475842
1518532200,43.77,44.74,43.57,44.55,8432096
1518618600,44.84,47.25,44.72,46.86,16726990
1518705000,47.78,47.91,46.26,47.11,9799789
1518791400,47.1,47.3,46.3,46.42,7362644
1519137000,46.34,47.92,46.3,46.93,10756846
1519223400,47.53,48.8,47.13,47.16,14555629
1519309800,47.93,48.01,47.16,47.81,9622201
1519396200,48.22,48.36,47.48,48.35,9730492
1519655400,49,49,48.19,48.8,9126891
1519741800,48.57,48.72,46.99,47.04,12688574
1519828200,47.46,48.18,46.8,47.15,12227796
1519914600,47.1,47.65,45.05,46.21,15883160
1520001000,42.98,43.99,41.8,43.8,34896969
1520260200,43.37,43.65,41.89,42.99,22091042
1520346600,43.53,43.71,42.69,43.14,14014384
1520433000,42.8,44.54,42.61,44.41,11848606
1520519400,44.51,45.71,44.5,45.39,15116811
1520605800,45.71,46.13,45.29,45.71,10069730
1520861400,46.02,46.31,45.45,46.01,8896163
1520947800,46,46,43.9,44.32,15869334
1521034200,44.775,45.15,44.05,44.09,11801596
1521120600,45.08,45.48,44.38,44.94,14188053
1521207000,44.99,45.22,44.75,44.97,14659384
1521466200,44.26,44.69,43.43,44.15,19223715
1521552600,44.24,44.36,43.75,44,11270567
1521639000,44.36,44.67,43.4,43.51,14568919
1521725400,42.94,43.06,41.6,42.51,18312596
1521811800,42.3,42.89,40.661,40.87,18935911
1522071000,41.97,42.4,41,41.85,13573792
1522157400,42.2,42.29,40.33,40.71,15262397
1522243800,40.34,40.4,39.1201,40.01,21590678
1522330200,40.24,41,40.18,40.49,11619609
1522675800,40.09,40.52,38.68,39.08,14019012
1522762200,39.6,39.66,38.44,38.98,9496666
1522848600,37.8,39.63,37.7517,39.44,11933675
1522935000,40,40.44,39.91,40.19,10002821
1523021400,39.55,40.04,38.91,39.23,12637015
1523280600,39.89,41.05,39.56,40.07,9335177
1523367000,41.27,41.3,40.18,40.7,7752378
1523453400,40.44,41.05,40.41,40.46,6299632
1523539800,40.63,40.995,40.42,40.6,5957260
1523626200,40.4,40.52,39.58,39.8,8288471
1523885400,39.89,40.07,39.49,39.93,5445277
1523971800,40.12,40.58,39.81,40.27,9740181
1524058200,40.5,40.5,39.51,40.18,9516578
1524144600,40.14,40.34,38.61,38.9,16780071
1524231000,37.34,37.49,36.5,37.44,25691736
1524490200,37.41,37.76,36.74,37,12407811
1524576600,37.37,37.55,35.46,35.87,19627300
1524663000,35.79,36.24,34.88,35.88,10914321
1524749400,36.13,36.9,36.115,36.5,9146258
1524835800,37.1,37.188,36.33,36.76,8360286
1525095000,37.08,37.09,36.15,36.51,8537939
1525181400,36.3,37.5,36.29,37.47,10001093
1525267800,37.27,37.495,36.94,37.08,8285234
1525354200,36.9,37.44,36.2,37.2,11486386
1525440600,36.55,37.85,36.4,37.67,14010723
1525699800,38.24,38.91,38,38.72,19097223
1525786200,38.18,38.29,36.55,36.94,26166380
1525872600,36.75,37.4,36.51,37.14,13651153
1525959000,37.14,37.2525,36.66,36.85,9592065
1526045400,37.02,37.2,36.69,36.95,6867176
1526304600,37.25,37.76,37.07,37.17,8145757
1526391000,36.73,36.93,35.93,36.12,11197141
1526477400,36.4,36.755,36.16,36.43,9408383
1526563800,36.34,36.74,35.687,35.96,10110133
1526650200,36,36.02,35.55,35.71,9266909
1526909400,36.21,36.95,36.07,36.28,13780821
1526995800,36.27,36.87,36.27,36.36,9000118
1527082200,36.18,37.18,36.01,36.72,18619478
1527168600,36.9,37.14,36.48,36.7,13873029
1527255000,36.8,37.15,36.75,36.87,7837963
1527600600,36.7,37,36.1,36.53,9715383
1527687000,36.35,36.54,35.67,35.8,10801618
1527773400,35.93,36.02,34.76,35.18,20143472
1527859800,35.57,36.26,35.54,36.09,12420436
1528119000,36.49,38.18,36.3819,38.16,20428817
1528205400,39,39.46,38.51,38.87,19386852
1528291800,39.25,40.68,39.2,40.4,21989231
1528378200,40.79,40.84,38.92,39.5,13793243
1528464600,38.99,40.41,38.96,39.92,12679772
1528723800,40.08,40.08,39.23,39.64,8980102
1528810200,39.86,41.47,39.7,41.47,16751856
1528896600,41.46,41.88,40.5615,41.25,15571156
1528983000,41.12,43.96,41.11,43.75,28735660
1529069400,42.81,43.88,42.05,43.59,24615496
1529328600,45.03,45.23,43.12,43.76,45450775
1529415000,42,42.37,40.89,41.89,27377463
1529501400,42.66,42.72,41.36,41.68,16169897
1529587800,41.47,41.59,40.41,40.82,14422135
1529674200,41.14,41.19,40.37,40.82,9409922
1529933400,39.94,40,38.8,39.18,17566696
1530019800,39.56,39.76,39.05,39.47,10262158
1530106200,39.5,40.21,38.29,38.39,15703974
1530192600,38.41,38.98,37.93,38.93,9852722
1530279000,39.15,39.87,38.75,38.95,10243902
1530538200,38.01,38.8,37.87,38.79,12932283
1530624600,39.18,39.21,38.35,38.38,5953279
1530797400,38.54,38.87,37.78,38.54,9390632
1530883800,38.28,39.53,38.16,39.46,11616782
1531143000,39.99,40.04,39.29,39.4,9902588
1531229400,39.49,39.96,38.42,38.59,10153736
1531315800,37.86,38.23,37.39,37.95,10935294
1531402200,38.27,38.77,38.01,38.52,9926551
1531488600,38.53,38.77,37.96,38.27,6950126
1531747800,38.3,38.31,37.79,38.04,6270887
1531834200,37.7,38.17,37.6,37.99,8431792
1531920600,37.96,38.09,37.05,37.53,15027502
1532007000,37.19,37.24,36.78,36.88,8132852
1532093400,36.85,36.9,35.26,35.51,30286724
1532352600,35.94,36.14,35.47,35.66,9977670
1532439000,36.27,36.7,35.215,35.31,13768076
1532525400,35.58,37.11,35.38,36.92,17815897
1532611800,36.22,37.4,36.22,36.64,10394162
1532698200,37.15,37.365,35.86,36.21,10426677
1532957400,36.18,36.29,34.86,35.16,13689195
1533043800,35.19,35.89,34.9,35.86,14307819
1533130200,35.58,36.89,35.56,36.28,13061326
1533216600,35.4,36.34,35.13,36.29,12221626
1533303000,36.48,36.7136,35.81,36.17,6753957
1533562200,36.06,36.11,35.53,35.9,9665768
1533648600,36.29,36.7,35.9215,36.5,9422945
1533735000,36.57,36.8,35.96,36,8679785
1533821400,36.27,36.6219,35.9601,36.02,8158397
1533907800,35.62,35.905,35.47,35.79,8679163
1534167000,35.58,35.66,34.54,35.07,15529476
1534253400,34.59,34.59,33.02,33.87,33338462
1534339800,32.13,32.56,31.48,32.36,46803338
1534426200,32,33.2,31.18,31.97,46628209
1534512600,31.83,32.445,31.07,32.22,20065932
1534771800,32.61,33.28,32.6,33.04,15729420
1534858200,33.41,33.6,32.46,32.8,12379431
1534944600,32.75,32.85,32.31,32.34,15485850
1535031000,32.74,33.05,31.13,31.39,23523293
1535117400,31.55,31.6555,31.265,31.4,12823198
1535376600,31.98,32.805,31.77,32.67,16679765
1535463000,32.98,32.99,31.81,32.16,14949805
1535549400,32.03,32.39,31.905,31.95,9592608
1535635800,31.65,31.82,30.761,31,15360709
1535722200,30.66,31.46,30.52,31.3,10738237
1536067800,30.01,30.0295,29.06,29.43,47842233
1536154200,27.96,28.05,26,26.3,82488003
1536240600,27.24,27.935,26.56,27.25,41710614
1536327000,27.21,27.41,26.7,26.95,26661477
1536586200,26.75,26.85,26.11,26.53,21667313
1536672600,26.04,27.4,25.9,27.09,22625832
1536759000,26.98,27.76,26.72,27.63,21283727
1536845400,28.31,29.02,27.551,27.76,28412940
1536931800,27.91,28.03,27.04,27.11,16352879
1537191000,26.125,26.185,25.33,25.73,27869819
1537277400,25.9,26.09,25.27,25.75,17188066
1537363800,26.12,27.11,26.12,26.92,16091864
1537450200,27.2,27.265,26.65,26.93,15145065
1537536600,27.31,27.3499,26.25,26.49,14918432
1537795800,25.06,25.53,24.38,24.51,34559246
1537882200,24.8,24.84,24.4,24.54,19370204
1537968600,24.72,25.86,24.66,25.2,31064333
1538055000,25.4,25.89,25.28,25.43,15062048
1538141400,25.3,26.23,25.3,26.09,13787550
1538400600,26.03,26.26,25.38,25.49,11217325
1538487000,25.1,25.4,24.54,24.9,14443522
1538573400,25.15,25.44,24.79,25.14,10944377
1538659800,24.78,24.85,24.0623,24.32,15836821
1538746200,24.2,24.25,23.37,23.62,18050490
1539005400,23.02,24.24,22.65,23.89,18179768
1539091800,23.45,24.1999,23.34,23.78,13748110
1539178200,23.45,23.55,22.7,22.71,21411572
1539264600,22.52,23.66,22.5,23.48,25139994
1539351000,24.54,24.9,23.74,24.45,20258472
1539610200,24.11,24.64,23.8,24.14,11138163
1539696600,24.5,24.7,24.08,24.63,11689496
1539783000,24.52,24.61,23.46,23.68,15378695
1539869400,23.5,24.1321,23.22,23.33,15585013
1539955800,23.94,23.9499,22.95,23.01,12969982
1540215000,23.86,24.11,23.3,23.54,13939869
1540301400,22.61,23.59,22.33,23.23,17949567
1540387800,23.18,23.2,21.69,21.76,22822220
1540474200,22.05,22.59,21.91,22.56,13330225
1540560600,21.67,22.93,21.58,22.58,18085102
1540819800,22.7,23.02,21.69,21.98,15114546
1540906200,22.07,22.47,21.7,22.38,12069075
1540992600,22.87,23.59,22.57,23.52,19094117
1541079000,23.72,25.76,23.2001,25.45,25744038
1541165400,25.54,25.6,23.84,24.05,26777621
1541428200,23.94,24.46,23.65,24.15,10519571
1541514600,24.1,24.47,23.45,23.6,10321399
1541601000,24.02,24.16,23.47,24.07,10476661
1541687400,23.85,23.87,22.38,22.4,17331566
1541773800,22,22.48,21.58,21.7,17573406
1542033000,21.92,22.38,21.46,22.01,14257134
1542119400,22.24,22.79,22.17,22.39,14807614
1542205800,22.75,23.08,22.5,22.76,11823938
1542292200,22.9,24.27,22.81,24.2,24377711
1542378600,23.68,24,22.6,23.05,23225860
1542637800,22.45,22.83,20.93,21.11,42137009
1542724200,20.48,20.5,19.2698,19.49,41354954
1542810600,20,20.69,19.92,20.34,29173366
1542983400,19.86,19.88,19.21,19.27,18858158
1543242600,19.76,20.7827,19.75,20.46,22571789
1543329000,20.19,21.0284,20.11,20.84,14539302
1543415400,21.32,21.41,20.61,21.38,16977745
1543501800,21.05,21.15,20.38,20.97,13441364
1543588200,21,21.26,20.56,21.23,10591081
1543847400,22.36,22.49,21.77,22.01,19812621
1543933800,21.92,22.26,21.39,21.45,18051442
1544106600,20.45,21.49,20.11,21.23,20377416
1544193000,21.07,21.755,20.92,20.93,13522873
1544452200,20.75,21.19,20.12,20.51,14536256
1544538600,20.95,21.34,20.82,20.91,13446140
1544625000,21.3,22.315,21.27,21.89,19667955
1544711400,22,23.35,22,22.71,25480953
1544797800,22.04,22.94,22.01,22.17,14871264
1545057000,22.04,22.26,21.17,21.35,16535305
1545143400,21.47,21.8369,20.91,21.04,14271821
1545229800,20.95,21.485,20,20.17,15276032
1545316200,20.09,20.21,19.64,19.91,17860264
1545402600,20.09,21.99,19.52,21.08,49686107
1545661800,21.49,21.51,19.26,19.75,28037349
1545834600,20.32,21.13,19.75,21.1,25225337
1545921000,20.5,22.06,20.5,21.7,31047510
1546007400,21.78,22,21.15,21.71,16643548
1546266600,22.04,22.48,20.77,20.93,19422399
1546439400,20.31,21.48,20.18,21.27,15840004
1546525800,20.89,21.14,20.25,20.35,18607994
1546612200,20.98,22.68,20.7501,22.27,25156940
1546871400,22.43,22.85,22.26,22.76,18889810
1546957800,22.99,23.18,22.435,22.95,15180422
1547044200,23.24,24.1201,23.22,23.69,21656218
1547130600,23,23.55,22.83,23.4,12368422
1547217000,23.19,23.75,22.69,22.88,10034434
1547476200,22.25,22.3,21.53,22.04,14129934
1547562600,22.25,22.7402,22.12,22.25,11862905
1547649000,22.37,22.68,22.28,22.33,9761001
1547735400,22.05,22.485,22.02,22.14,12013731
1547821800,22.45,23.85,22.3,23.26,23275226
1548167400,22.88,22.91,21.5,21.68,19538292
1548253800,22.05,22.6,21.755,21.97,11262156
1548340200,21.98,22.26,21.5,22.1,13846291
1548426600,22.48,23.93,22.47,23.63,28039861
1548685800,23.43,24.1399,23.06,23.72,13925836
1548772200,23.74,23.87,23.31,23.52,11310381
1548858600,24.01,24.72,23.76,24.64,19832307
1548945000,24.5,25.45,24.47,24.85,19318413
1549031400,24.74,25.31,24.31,24.63,11938167
1549290600,24.5,24.54,24.16,24.29,9054280
1549377000,24.45,25.98,24.41,25.42,19165647
1549463400,25.47,25.715,24.96,25.11,11083109
1549549800,24.77,24.93,23.52,23.98,15836102
1549636200,23.65,24.28,23.6,23.99,8246200
1549895400,24.35,24.73,24.15,24.28,9035113
1549981800,24.67,25.35,24.57,24.68,10932834
1550068200,25,25.56,24.49,24.61,12449904
1550154600,24.54,24.62,23.885,24.33,10126762
1550241000,24.51,24.57,23.91,23.96,11489361
1550586600,23.66,24.77,23.65,24.64,12430949
1550673000,24.81,25.42,24.51,24.68,13209231
1550759400,24.82,24.88,24.01,24.27,13542641
1550845800,24.55,25.96,24.48,25.95,27113291
1551105000,27.11,27.38,26.04,26.19,29338463
1551191400,25.98,26.82,25.66,26.59,20278754
1551277800,26.42,26.9,25.87,25.97,22994173
1551364200,28.58,28.62,26.58,27.71,66593109
1551450600,28.03,29.39,27.97,28.73,37083592
1551709800,29.04,29.2,28.14,28.89,23454404
1551796200,28.88,29.7,28.7,29.35,19982866
1551882600,29.25,29.66,28.72,29.03,21316910
1551969000,28.5,28.645,27.6,27.84,20959537
1552055400,26.71,27.25,26.37,27.05,28554013
1552311000,27.46,27.89,27.16,27.62,21410836
1552397400,27.95,28.43,27.5299,28.11,18551089
1552483800,28.27,28.42,27.86,28.13,13941520
1552570200,27.75,27.9685,27.385,27.89,17280892
1552656600,28.16,28.71,27.78,27.93,16302283
1552915800,28.25,28.69,27.92,28.14,12513807
1553002200,28.3,28.67,28.01,28.31,12356530
1553088600,28.16,28.29,27.67,28.08,12752388
1553175000,27.97,28.82,27.87,28.76,14343004
1553261400,28.41,28.76,27.84,28,13944213
1553520600,27.69,28.55,27.47,28.39,14183103
1553607000,28.5,29.05,28.32,28.81,17986930
1553693400,28.81,29.71,28.81,29.16,20596578
1553779800,29.23,29.45,28.86,29.41,9747253
1553866200,29.77,30.53,29.69,30.15,22128181
1554125400,30.93,31.625,30.78,31.26,25515797
1554211800,31.14,31.2,30.1,30.29,20620250
1554298200,30.71,30.9288,30.23,30.31,15451489
1554384600,29.73,30.66,29.68,30.25,14536882
1554471000,30.5,31.57,30.37,31.24,17824342
1554730200,30.92,31.18,30.67,30.79,11378684
1554816600,30.75,31.32,30.39,30.9,13887319
1554903000,30.63,30.84,29.81,30.17,20472727
1554989400,29.81,30.35,29.55,30.2,10818929
1555075800,30.63,31.19,30.3199,30.57,11289259
1555335000,30.4,30.6627,29.12,29.66,16600408
1555421400,30.08,30.53,29.4,29.91,15046318
1555507800,29.97,30.64,29.21,29.85,17614872
1555594200,29.84,30.02,29.48,30.01,9563677
1555939800,29.66,29.74,29.08,29.65,11174106
1556026200,29.5,30.14,29.35,29.78,12297111
1556112600,29.7,29.9,29.34,29.66,7644512
1556199000,29.42,29.5,28.42,29.23,14814006
1556285400,29.03,29.28,28.255,29.13,17751713
1556544600,29.24,29.98,29.14,29.865,10643739
1556631000,30.53,30.8899,30.01,30.27,18458593
1556717400,30.34,31,30.18,30.2,12212129
1556803800,30.13,30.89,29.875,29.99,11682451
1556890200,30.26,30.88,30.05,30.05,14887116
1557149400,28.24,28.93,27,28.7,27358737
1557235800,28.295,28.5,26.78,27.13,28758618
1557322200,26.95,27.44,26.7,26.89,18499859
1557408600,26.39,27.77,25.81,27.51,33001332
1557495000,30.19,30.47,27.91,28.17,57736632
1557754200,26.93,28.45,26.82,28.18,30821652
1557840600,28.63,29.8,28.26,29.67,22847856
1557927000,29.62,30.76,29.45,30.44,21663136
1558013400,30.25,30.89,29.875,30.46,14903211
1558099800,29.58,30.015,29.15,29.31,18158377
1558359000,28.75,28.97,28.08,28.36,17371483
1558445400,28.67,29.275,28.49,29.05,10069403
1558531800,28.76,29.04,28.19,28.23,12794509
1558618200,27.5,27.63,26.24,26.7,27158074
1558704600,27.08,27.22,26.17,26.32,17438246
1559050200,26.45,26.77,26.22,26.27,14073776
1559136600,25.97,26.13,25.48,26.01,12530113
1559223000,26.03,26.63,26.03,26.35,8466589
1559309400,25.81,25.9,25.525,25.76,11156154
1559568600,25.81,26.5,25.5,25.76,11858986
1559655000,26.18,26.9,26.085,26.8,11199007
1559741400,26.95,26.99,25.67,26.19,11011591
1559827800,26.18,26.38,25.81,26.24,7660507
1559914200,26.36,27.16,26.35,26.8,9518317
1560173400,27.44,27.76,27.135,27.26,14453017
1560259800,27.87,28.46,27.61,28,15134729
1560346200,27.47,27.49,27.01,27.24,8873706
1560432600,27.33,27.87,27.26,27.54,6933508
1560519000,27.11,27.12,26.64,27.05,9140221
1560778200,27.1,27.495,26.82,27.33,6570249
1560864600,27.6,28.88,27.47,28.26,19526191
1560951000,28.26,28.88,27.89,28.66,10938156
1561037400,29.25,29.8,28.82,29.12,14674389
1561123800,28.97,29.55,28.85,29.06,13397489
1561383000,29.19,29.27,28.89,28.91,6070818
1561469400,28.69,28.715,28.07,28.5,11002640
1561555800,28.91,30.325,28.845,30.14,23418817
1561642200,30.25,30.68,30.17,30.29,12985342
1561728600,30.29,30.49,30.03,30.29,10410082
1561987800,31.36,31.995,30.895,31.19,17367068
1562074200,31.06,31.96,31.04,31.45,13148697
1562160600,31.4,31.54,30.82,31.5,6008799
1562333400,30.97,31.2,30.72,31.03,7070810
1562592600,30.4,30.665,30.23,30.57,8808827
1562679000,30.38,30.81,30.29,30.75,7317716
1562765400,30.99,31.1,30.165,30.71,13297307
1562851800,30.79,30.9727,30.32,30.51,7386210
1562938200,30.69,31.415,30.6,31.08,11766899
1563197400,31.36,31.67,31,31.03,7110150
1563283800,31,31.1,30.52,30.72,9375528
1563370200,30.84,31.08,30.6,30.71,5349021
1563456600,30.5,30.6,30.1644,30.58,5784092
1563543000,30.81,31.29,30.81,30.99,8153818
1563802200,30.91,30.95,30.48,30.66,6677647
1563888600,30.9,31.92,30.84,31.85,11159519
1563975000,31.74,32.33,31.6,32.2,11972573
1564061400,32.04,32.38,31.68,31.83,7397747
1564147800,31.93,32.005,31.52,31.55,5591966
1564407000,31.45,31.4538,30.78,31.39,10329248
1564493400,30.85,30.99,30.375,30.42,8441212
1564579800,30.49,30.5,29.35,29.91,11912790
1564666200,29.91,30.595,27.64,28.61,23027102
1564752600,28.18,28.34,27.65,28.01,14058721
1565011800,26.65,26.905,25.77,26.17,23682890
1565098200,26.91,27.01,26.285,26.48,11748879
1565184600,26.12,26.77,25.8399,26.57,12524045
1565271000,27.04,27.635,26.84,27.54,11652846
1565357400,27.31,27.409,26.825,27.1,8960062
1565616600,26.8,27.36,26.53,27.16,20672928
1565703000,28.64,30.98,28.15,30.66,46373483
1565789400,29.7,30.702,29.55,29.63,30022929
1565875800,30.16,30.79,30.08,30.16,18150763
1565962200,30.5,31.45,30.08,31.29,19520106
1566221400,31.92,32.28,31.41,31.58,15395593
1566307800,31.49,31.82,31.37,31.42,11922779
1566394200,31.67,31.8,30.705,30.74,16914433
1566480600,30.57,30.71,29.21,29.49,19843265
1566567000,28.9,29.67,28.55,28.77,22038390
1566826200,29.18,29.82,29.08,29.74,12503980
1566912600,30,30.3,29.7332,29.92,7959361
1566999000,29.7,30.49,29.63,30.3,6625711
1567085400,30.69,31.24,30.635,30.74,9605386
1567171800,30.91,31.43,30.36,30.5,10090641
1567517400,30.1,30.2,29.4,29.45,7635475
1567603800,30.27,30.29,29.84,29.88,6568644
1567690200,30.32,31.08,30.25,30.84,11759956
1567776600,30.89,31.3967,30.76,31.08,6435782
1568035800,31.12,31.57,30.89,31.48,7537556
1568122200,31.2,31.2397,30.13,30.87,11056023
1568208600,31.2,31.72,30.64,31.07,12261793
1568295000,31.54,31.99,31.2,31.52,11849033
1568381400,31.66,31.79,31.13,31.23,7025846
1568640600,30.74,31.03,30.735,30.85,5453848
1568727000,30.74,31.3,30.52,31.17,6015459
1568813400,31.1,31.18,30.66,31.04,5229386
1568899800,31,32,30.91,31.05,12773579
1568986200,31.45,31.69,30.5,30.94,14097190
1569245400,31.36,31.47,30.285,30.33,9702109
1569331800,30.48,30.48,29.29,29.41,16542263
1569418200,29.15,30.06,29,29.99,13039071
1569504600,29.98,30.25,29.105,29.58,11151385
1569591000,29.71,30.01,27.47,27.82,28127838
1569850200,28.47,28.6368,27.95,28.21,13148977
1569936600,28.22,28.57,27.97,28.19,10640461
1570023000,28,28.22,27.53,28.06,9525754
1570109400,28.11,28.97,27.82,28.8,8772344
1570195800,28.88,29.19,28.65,28.99,7430948
1570455000,28.84,29.4,28.6,28.85,9085193
1570541400,28.19,28.61,27.72,27.73,11739396
1570627800,28.28,28.6,27.96,28.38,8449093
1570714200,28.32,28.95,28.2,28.58,8209170
1570800600,29.45,30.32,29.45,29.71,17451609
1571059800,29.5,29.91,29.5,29.83,6061510
1571146200,29.99,31.075,29.96,31,10364215
1571232600,30.83,31.45,30.83,31.24,9817280
1571319000,31.29,31.44,30.6105,30.74,6552544
1571405400,30.77,30.84,29.74,29.93,9017000
1571664600,30.31,31.08,30.26,31.03,9036983
1571751000,31,31.24,30.12,30.27,8929143
1571837400,30.31,30.899,30.25,30.76,5742237
1571923800,31,31.17,30.59,30.72,9570713
1572010200,30.58,31.25,30.25,31.16,16642390
1572269400,31.45,31.95,31.12,31.73,12037564
1572355800,31.41,31.8,31.13,31.78,8676115
1572442200,31.6,31.89,31.4,31.69,6421913
1572528600,31.8,31.8,30.9,31.15,7731937
1572615000,31.64,31.83,31.17,31.49,10471963
1572877800,32.04,33.29,32.02,33.12,18576693
1572964200,33.26,33.79,32.74,32.98,12870292
1573050600,33.14,33.15,32.61,32.87,6789658
1573137000,33.64,33.7605,33.06,33.28,9687540
1573223400,33.23,33.45,32.96,33.23,6369356
1573482600,32.77,33.55,32.42,33.21,10772254
1573569000,33.48,34.09,33.25,33.57,13923521
1573655400,33.4,33.6,33,33.37,9111073
1573741800,33.36,33.59,32.87,33.57,15344714
1573828200,35.05,35.43,32.9304,33.55,39411617
1574087400,33.95,34.26,32.73,32.8,18133098
1574173800,33.09,33.44,32.16,32.44,12460495
1574260200,31.99,32.32,31.425,31.68,14073462
1574346600,31.64,32.17,31.51,32.17,7905770
1574433000,32.23,32.3,31.78,31.95,6055074
1574692200,32.71,32.755,32.26,32.64,9645429
1574778600,32.58,32.95,32.3,32.86,11910410
1574865000,32.93,33.18,32.61,33.15,7146023
1575037800,32.72,32.96,32.5,32.65,5963968
1575297000,32.69,32.69,31.72,32.29,11144367
1575383400,31.54,32.1,30.84,32.03,12044528
1575469800,32.17,32.485,31.53,31.56,12522742
1575556200,31.8,32.65,31.71,32.54,11698247
1575642600,32.97,33.18,32.78,32.93,8519800
1575901800,33,33.655,32.95,33.25,9406898
1575988200,33.27,33.72,33.165,33.26,7735581
1576074600,33.31,33.35,32.7307,33.24,8136661
1576161000,33.19,34.195,33.08,33.82,12614185
1576247400,34,34.74,33.93,34,12290013
1576506600,34.46,34.92,34.41,34.64,11775277
1576593000,34.76,34.84,34.51,34.69,6385778
1576679400,34.7,34.75,34.33,34.44,7205668
1576765800,34.45,34.88,34.385,34.78,8117097
1576852200,34.94,35.52,34.87,35.31,14969561
1577111400,36.02,36.8,35.96,36.26,14705104
1577197800,36.56,36.56,36.06,36.28,3206253
1577370600,36.17,36.37,36,36.24,4387974
1577457000,36.36,36.42,35.83,35.93,5159205
1577716200,36,36,35.345,35.4,6831653
1577802600,35.3,35.51,35.2,35.23,4816197
1577975400,35.96,37.76,35.9,37.73,22704891
1578061800,36.78,38.54,36.68,37.99,16932481
1578321000,37.46,38.08,37.38,38,9746359
1578407400,38.08,38.61,37.64,38.32,10214911
1578493800,38.02,38.85,37.98,38.3,11437957
1578580200,38.84,39.1,38.7,38.9,10787315
1578666600,39.39,39.5,38.73,39.11,10330995
1578925800,39.68,40.985,39.63,40.31,20849780
1579012200,40.03,40.46,39.59,40.29,12400365
1579098600,40.02,40.4549,39.55,39.78,9567647
1579185000,40.18,40.27,39.405,39.56,8572223
1579271400,39.83,40.385,39.71,40.35,9941906
1579617000,39.275,40.16,39.05,40.06,13169831
1579703400,40.53,42,40.5,40.97,16055352
1579789800,39.99,40.83,39.94,40.77,14605388
1579876200,40.76,40.97,39.19,39.55,14322156
1580135400,36.99,38.84,36.35,37.65,22995494
1580221800,38.38,39.115,37.6835,38.91,14197286
1580308200,39.19,39.52,38.79,39.14,9741607
1580394600,38.2,38.69,37.54,38.49,12593290
1580481000,38.05,38.45,37.57,37.69,12075175
1580740200,38,39.5373,38,39.2,13568237
1580826600,40.31,41.28,40.065,40.35,16286551
1580913000,40.86,40.96,39.45,39.94,12503369
1580999400,40.41,40.97,40.06,40.38,9087340
1581085800,39.82,40.37,39.78,39.99,9500262
1581345000,40.05,40.16,39.56,40.1,7225288
1581431400,40.55,41.8562,40.5,40.78,11347111
1581517800,41.57,42.34,41.23,41.64,15260486
1581604200,41.15,42.41,41.06,42.01,15308655
1581690600,42.13,42.575,41.59,41.97,9165943
1582036200,42.42,42.79,41.66,42.32,11862615
1582122600,42.83,43.09,42.53,42.95,10717689
1582209000,42.99,43,41.33,41.48,13569089
1582295400,41.47,41.48,40.16,40.42,11047453
1582554600,38.5,39.58,38.38,39.37,14263210
1582641000,40,40.35,38.4,38.84,14776105
1582727400,39.39,40.19,39.25,39.92,15405767
1582813800,39.23,39.68,38.02,38.4,17144957
1582900200,37.01,38.73,36.815,38.51,22978926
1583159400,41.38,44.12,40.2501,43.3,45794496
1583245800,43.56,44.05,40.11,41.46,29036523
1583332200,42.49,44.76,42.4101,43.91,22143556
1583418600,42.55,45.34,42.55,44.62,24148609
1583505000,43,43.85,41.2,42.16,25393744
1583760600,40.1,41.795,39.2,39.91,26241893
1583847000,41.39,42.58,40.605,41.8,21203828
1583933400,40.41,43.08,40.41,41.53,27092082
1584019800,38.85,39.79,37.37,38.26,30770690
1584106200,41.01,41.21,37.44,39.71,22982858
1584365400,36.1,38.92,32.7,35.24,25203938
1584451800,37.66,39.98,36.26,38.35,27822645
1584538200,36,38.35,35.55,37.7,23689489
1584624600,37.51,38.9,36.56,37.21,25833997
1584711000,38.35,39.27,37.57,37.66,21050417
1584970200,38.18,39.295,36.22,38.61,18926277
1585056600,39.9103,42.31,39.9103,41.01,24405718
1585143000,41.35,42.93,40.52,41.35,18686195
1585229400,41.71,43.96,40.33,42.01,20484641
1585315800,40.62,41.32,39.92,40.15,12299839
1585575000,40.87,41.18,39.51,40.39,14771108
1585661400,40.52,40.9897,39.97,40.5,13869216
1585747800,39.91,42.8199,39.91,40.91,21650794
1585834200,40.55,41.55,39.51,40.08,21452211
1585920600,40.08,41.03,39.255,39.89,12172494
1586179800,40.92,42.06,40.2,41.56,15125748
1586266200,42.7,43.15,41.72,41.99,16888499
1586352600,41.93,42.43,40.76,41.17,14262810
1586439000,41.97,43.15,41.505,42.16,14805808
1586784600,42,42.8,41.705,42.78,10195709
1586871000,43.75,45.08,43.67,43.86,15310701
1586957400,43.88,46.36,43.47,44.6,22859111
1587043800,45.7,47.84,45.17,47.5,21130748
1587130200,47.73,47.98,45.31,46.15,22001468
1587389400,45.84,46.95,45,45.2,17578895
1587475800,44.38,44.85,42.05,43.24,24335530
1587562200,44.19,45.2,43.96,44.99,13764707
1587648600,45,45.72,44.64,44.94,11766855
1587735000,45.4865,45.67,44.225,45.05,8884067
1587994200,45.88,46.02,44.865,45.58,8222421
1588080600,46.04,46.19,43.16,43.58,15863258
1588167000,44.02,44.66,43.36,44.34,10799534
1588253400,44.07,44.37,42.34,43.1,14581427
1588339800,41.98,42.32,40.585,41.38,13145605
1588599000,41.48,42.35,41.28,42.25,15567533
1588685400,43.6,44.23,42.89,43.12,10772192
1588771800,43.76,44.22,42.425,43.3,11620002
1588858200,43.97,44.945,43.8691,44.76,10646000
1588944600,45.84,46.97,45.6002,46.78,14104138
1589203800,47.24,47.665,46.6773,46.72,11336123
1589290200,47.11,48.655,46.6,47.03,15412789
1589376600,48.71,49.13,47.18,47.81,23115927
1589463000,47.38,49.08,46.37,48.96,27173031
1589549400,50,51.008,48.76,50.85,40414533
1589808600,51.88,55.61,51.87,55.53,28512161
1589895000,56.17,56.5,54.23,54.26,20991693
1589981400,55,55.8,50.89,54.31,29858268
1590067800,52.98,53.802,51.47,52.57,19364690
1590154200,50.2635,51.09,49.33,49.9,22601870
1590499800,52.245,54.46,52.18,52.6,21407433
1590586200,52.97,53,49.92,52.16,16495923
1590672600,51.57,52.48,50.64,51.02,10654371
1590759000,51.35,54.33,51.06,54.33,16945701
1591018200,54.2,54.88,53.38,54.73,11045785
1591104600,55.03,56.18,54.77,55.62,15409412
1591191000,56.18,57.535,55.8,56.73,13526471
1591277400,56.46,57.485,55.85,56.52,10539741
1591363800,58.09,59.82,57.67,59.04,17635226
1591623000,60.08,60.29,58.05,59.17,11622270
1591709400,58.44,59.5062,58.43,58.82,11701771
1591795800,59.79,60.965,59.57,60.7,11565628
1591882200,58.5,59.17,56.74,57.24,19630984
1591968600,58.51,59.02,56.6,57.99,14544835
1592227800,56.98,59.57,56.8,59.51,12181021
1592314200,60.5,61.28,58.3,60.98,16246476
1592400600,61.5,62.42,61.0701,62.01,24165172
1592487000,60.81,61,59.52,60.79,40121200
1592573400,60.62,61,58.55,58.64,23173051
1592832600,59.14,59.15,57.94,59.09,15445921
1592919000,59.93,60.69,59.14,59.92,10271201
1593005400,60.09,61.06,58.58,59.84,11820268
1593091800,59.65,60.67,58.82,60.51,7796311
1593178200,60.455,60.95,58.95,59.65,12460376
1593437400,59.06,60,58.25,59.58,8217619
1593523800,59.36,60.9,59.21,60.18,10555891
1593610200,60.1635,60.78,59.61,60,6432284
1593696600,61.38,61.92,60.8,61.39,10492758
1594042200,63.59,64.05,62.5,63.24,16273390
1594128600,62.93,63.21,61.63,61.67,8974544
1594215000,63.48,65.9,62.92,65.38,21605876
1594301400,68,69.18,65.62,67.36,17758968
1594387800,66.28,66.4998,64.55,65.61,10317949
1594647000,65.8,66.35,62.1101,62.3,14758905
1594733400,60.9,62.45,59.96,62.13,14769943
1594819800,62.38,63.07,61.6,62.55,8188442
1594906200,60.717,62.11,59.41,61.71,11105456
1594992600,62.76,62.76,61.6,62.13,5404277
1595251800,63.425,63.7,62.27,63.4,10495078
1595338200,65.07,65.099,61.68,62.61,14551266
1595424600,61.96,62.415,60.87,61.84,9616096
1595511000,62.04,62.29,59.92,60.52,11889944
1595597400,59.34,61.33,58.76,60.88,11670823
1595856600,60.96,62.84,60.92,62.78,9133385
1595943000,62.87,62.948,61.29,61.49,5823136
1596029400,61.82,63.45,61.73,62.59,5655972
1596115800,62.58,62.81,61.57,62.29,5653159
1596202200,62.95,64.25,62.39,63.79,11259154
1596461400,64,65.55,63.94,64.53,10038916
1596547800,65,65.125,64.06,64.57,7548212
1596634200,64.49,65.85,63.9,65.52,9151723
1596720600,65.49,65.5,63.55,64.91,10765302
1596807000,63.13,63.6,60.74,62.06,14099110
1597066200,61.62,62.75,59.9,61.49,12736036
1597152600,61.99,62.58,60.85,61.18,10213155
1597239000,61.92,63.52,61.64,62.9,6934880
1597325400,63.45,63.46,62.18,62.54,7453292
1597411800,62.73,62.79,60.9422,62.06,10270152
1597671000,64.66,67.1,62.6,66.98,32952629
1597757400,68.19,71.4,68.14,70.32,23255679
1597843800,70.8,73.69,70.8,72.56,22115999
1597930200,71.26,74.39,71.03,73.94,22001056
1598016600,74.56,75.7219,73.86,74.98,12574662
1598275800,76.99,77.3,75.01,76.18,12517097
1598362200,76.57,79.82,76.34,78.97,19106252
1598448600,81.06,81.45,79.3199,80.38,19095708
1598535000,81.13,81.24,78.2301,79.3,12674108
1598621400,79.68,80.72,78.89,79.96,7995127
1598880600,79.94,80.47,78.57,78.64,12917301
1598967000,79.49,83,79.145,82.49,11447729
1599053400,85.459,86.58,81.8,83.21,13860919
1599139800,81.375,81.69,76.03,79.04,19253966
1599226200,77.9656,80.8,75.4,80,21500881
1599571800,76,78.015,75.38,76.22,14080540
1599658200,77.14,77.66,75.7,77.19,8952763
1599744600,77.13,78.17,73.55,74.53,11810426
1599831000,75.18,76.19,73.33,74.18,10572275
1600090200,75.7,76.91,75,76.59,7414914
1600176600,78.23,78.415,76.5902,77,8105463
1600263000,77.01,77.07,74.95,75.09,8073989
1600349400,73.02,74.47,72.7556,74.37,9099387
1600435800,75.08,75.79,73.07,74.5,9575014
1600695000,72.76,75.15,72.02,75.13,9180848
1600781400,75.31,75.58,74.07,75,7226601
1600867800,75.04,76.82,74.1,74.59,9962221
1600954200,73.5,74.29,72.35,72.72,12166677
1601040600,72.88,75.18,71.76,74.67,12517604
1601299800,75.89,76.1,73.95,76.1,8245567
1601386200,76.1,76.4,74.74,75.16,5929728
1601472600,76.29,78.82,75.64,77.61,11377915
1601559000,78.75,79,77.47,78.57,7422723
1601645400,76.74,78.1384,75.76,76.1,8825788
1601904600,76.88,77.54,75.59,76.4,6122319
1601991000,76.89,78.52,76.31,76.69,10015369
1602077400,78.56,79.41,77.678,78.12,12186350
1602163800,78.51,78.59,77.1001,78.15,10987660
1602250200,79.09,80.15,78.67,79.79,11319814
1602509400,82.14,85.385,81.9,84.32,18046161
1602595800,84.1,84.345,82.13,82.61,12402306
1602682200,82.81,83.14,79.91,81.1,12407713
1602768600,79,80.32,78.64,80.25,10549954
1602855000,81.43,82.24,80.67,81.52,9779288
1603114200,82,82.64,80.22,80.61,8051040
1603200600,81,83.52,81,82.57,9706460
1603287000,83.38,84.46,82.19,82.63,7680228
1603373400,83.22,83.64,80.14,81.31,8751134
1603459800,80.76,81.34,79.32,81.34,6838835
1603719000,81.12,81.98,80.01,81.41,4882233
1603805400,81.77,83.97,80.62,83.01,7915977
1603891800,81.3,82,79.81,80.08,8176257
1603978200,81.23,84.93,81,83.04,13156593
1604064600,82.08,82.345,80.272,81.52,9184021
1604327400,82.84,83.43,79.84,82.32,8976802
1604413800,79.8,83.1,78.181,82.69,14326794
1604500200,86.7,89.58,86.21,89.31,24149428
1604586600,91.685,92.06,88.14,91.59,16688530
1604673000,92,92.77,90.91,92.49,9631781
1604932200,92.4,92.47,84.01,84.86,20851526
1605018600,82.52,82.88,78.25,80.08,27080050
1605105000,79.505,83.2653,78.56,82.84,17811685
1605191400,87.03,89.66,85.85,86.38,21698851
1605277800,90.9335,92.33,88.21,92.08,22845544
1605537000,88.5,89.59,84.14,85.26,31929382
1605623400,87.38,87.9,85.69,86.97,17068318
1605709800,87.125,87.22,84.4,86.25,12563851
1605796200,85.21,86.33,84.7201,86.04,10795266
1605882600,86.19,87.91,85.38,87.74,10585883
1606141800,88.54,89.11,86.42,87.56,9925077
1606228200,89.1235,90.29,88.33,89.82,9568055
1606314600,87.965,89.01,86.76,88.23,11424304
1606487400,89.06,89.7899,88.1755,89.41,5787598
1606746600,88.24,88.47,83.31,85.35,18014434
1606833000,86.255,86.38,84.6,85.36,10888671
1606919400,84.49,84.9,82.79,84.38,12434383
1607005800,85.16,87.0699,85.07,86.29,7929363
1607092200,87.12,87.46,84.6,85.19,9411046
1607351400,85.11,85.45,82.93,83.49,12677465
1607437800,84.01,84.01,81.5,82.01,16316734
1607524200,82.25,83.35,81.65,81.82,11117785
1607610600,81.5,82.2,80.91,81.71,9952302
1607697000,82.3,84.67,82,82.61,13942852
1607956200,81.51,82,79.07,79.96,12966246
1608042600,79.94,80.46,79.1,79.5,8454383
1608129000,80.5,82.03,79.92,81.77,8962383
1608215400,83.15,83.37,81.65,82.71,9031706
1608301800,82.34,82.7999,81.1,81.53,9813448
1608561000,79.607,81.26,79.37,80.64,8246190
1608647400,81.25,82.89,80.552,82.79,7783762
1608733800,85.04,87.47,84.21,85.46,13241494
1608820200,83.39,86.66,83.11,84.49,12164403
1609165800,82.68,83.8,81.06,81.61,9496420
1609252200,83.09,86.265,83,86.14,9689713
1609338600,87.5,89.56,86.92,89.52,12057079
1609425000,88.12,89.02,86.77,87.9,7729770
1609770600,87.56,88.06,85.16,86.33,9204181
1609857000,88.15,96.2,88.0803,95.5,31011764
1609943400,92.53,93.29,86.81,88.18,21751429
1610029800,90.54,90.62,85.87,87.92,17070204
1610116200,89,91.6,87.38,91.54,13007378
1610375400,90.035,91.54,88.8,90.38,6956073
1610461800,90.62,91.1,88.44,88.54,10018915
1610548200,89.155,91.2,88.18,90.44,7282378
1610634600,91.43,92.45,89.03,89.24,8053123
1610721000,89.81,89.89,87.21,87.77,8862548
1611066600,90.53,91.43,89.9742,91.15,10805221
1611153000,93.72,95.725,92.83,95.31,15501595
1611239400,95.4,95.57,93.35,95.1,7342361
1611325800,93.95,95.55,93.645,94.91,6948398
1611585000,99.3,101.68,96.23,98.38,16409680
1611671400,99.02,99.3,96.21,96.97,8246658
1611757800,93.4,94.41,89.75,90.09,16058152
1611844200,90.36,92.19,89.53,91.41,11254380
1611930600,89.98,91.8,88.64,88.69,10855273
1612189800,90.15,91.8,89.085,91.27,7452679
1612276200,94.9865,96.05,94.22,95.42,11522413
1612362600,96.84,97.46,95.3,95.5,7328171
1612449000,95.595,96.01,93.9,94.63,5336188
1612535400,95.24,96.82,94.86,96.64,5821845
1612794600,95.68,95.79,94.0801,94.57,5686000
1612881000,95.04,97.5599,94.44,97.07,5790420
1612967400,98.8,100.47,96.8806,98.77,8629359
1613053800,99.95,99.95,98.13,99,4461553
1613140200,98.79,99.76,97.81,99.31,3233936
1613485800,102.85,105.2,102.48,103.43,10809044
1613572200,106.64,108.29,105.11,106.88,11456432
1613658600,102.915,106.01,102.26,105.43,8646052
1613745000,106.58,107.67,105.42,106.09,6451194
1614004200,102.15,102.45,97.16,97.66,13054056
1614090600,96.54,100.07,92.5801,99.47,13873475
1614177000,96.44,96.7599,94.58,96.37,11914998
1614263400,95.31,96.96,92.45,93.36,11309175
1614349800,92.43,94.65,90.87,93.87,14582123
1614609000,96.73,98.45,96.43,98.02,9909633
1614695400,97.97,98.7,96.285,96.38,8151724
1614781800,96.79,97.8,92.92,93.62,11139661
1614868200,92.74,93.8845,89.25,90.77,17790978
1614954600,92.38,92.6,85.89,90.62,16834230
1615213800,87,88.18,85.22,85.36,13504199
1615300200,87.36,90.04,86.835,89.53,11581538
1615386600,90.71,91.6187,88.75,89.33,9256319
1615473000,94.198,94.4,88.53,90.01,24719797
1615559400,86.02,86.19,83.28,84.02,24763992
1615815000,83.59,85.24,82.42,85.13,12763427
1615901400,85.13,86.7,84.6,85.76,10145195
1615987800,83.5403,86.24,83.0584,85.37,11941603
1616074200,83.84,85.26,82.8838,83.9,10282446
1616160600,83.78,85.28,83.03,84.99,13364487
1616419800,85.3,85.88,83.69,84.97,7398764
1616506200,83.47,84.46,83.12,83.51,8862475
1616592600,82.1,82.5,78.755,79.07,17406090
1616679000,76.5,80.295,76.11,78.71,14599237
1616765400,79.54,83.48,79.02,82.07,19789613
1617024600,81.25,82.58,80,81.76,8988997
1617111000,81.64,83.745,81.36,83,7102211
1617197400,83.68,85.225,83.23,84.33,10140599
1617283800,86.5,86.88,83.96,84.31,11909095
1617629400,85.1435,85.57,81.74,82.49,9268286
1617715800,82.65,84.47,82.02,83.51,8909481
1617802200,81.79,82.19,80.86,81.25,9445156
1617888600,82.67,82.82,81.96,82.14,6651820
1617975000,81,81.33,79.75,80.41,8313427
1618234200,79.5,79.5,77.67,78.65,14302542
1618320600,77.81,79.51,76.77,78.8,12511539
1618407000,79.58,79.71,77.94,78.12,8603738
1618493400,78.16,78.44,77.265,77.49,8614366
1618579800,77.27,77.75,76.72,77.04,13891605
1618839000,77.01,77.6,76.2,76.95,9509046
1618925400,76.74,76.74,74.315,74.55,15550751
1619011800,74,75.76,72.81,75.72,10833531
1619098200,75.8271,77.05,75.13,76.11,9508967
1619184600,76.73,77.91,76.68,76.75,9587386
1619443800,76.13,76.56,74.94,76.14,12238624
1619530200,76.715,78.93,76.47,78.46,11834054
1619616600,78.69,79.54,77.72,79.06,7035546
1619703000,79.84,80.07,77.42,77.83,7327340
1619789400,76.37,78.208,76.37,77.36,6386928
1620048600,77.2,78.89,76.67,77.02,6255508
1620135000,76.765,77.59,75.53,76.08,8821967
1620221400,76.08,76.6894,75.19,75.54,5580168
1620307800,75.39,77.07,74.94,76.39,8142913
1620394200,76.76,77.2,75.485,75.51,7808512
1620653400,74.345,74.345,71.39,71.4,16602009
1620739800,69.45,73.06,69.16,72.78,10507221
1620826200,72.82,73,70.84,71.25,8704053
1620912600,71.07,71.23,66.99,67.03,34600007
1620999000,68.41,68.85,66.55,68.15,19366704
1621258200,68.24,68.78,67.42,68.21,11958032
1621344600,69.9,70.79,69.05,69.74,12594032
1621431000,67.5,71.01,66.56,70.58,15617803
1621517400,72.44,74.84,72.255,73.7,18384537
1621603800,74.8885,75.15,72.45,72.75,10657724
1621863000,72.25,72.75,71.58,71.66,8579512
1621949400,73.06,73.6,72.26,72.81,9398954
1622035800,73.55,73.72,72.56,73.2,6598702
1622122200,73.58,73.58,72.07,72.83,9926226
1622208600,72.61,74.09,72.4,73.94,7876436
1622554200,76.1,78.84,75.98,78.33,21292126
1622640600,77.89,77.95,76.365,76.54,9419916
1622727000,75.42,75.865,74.71,75.52,12027681
1622813400,76,76.35,75.08,75.43,8264643
1623072600,75.39,75.395,73.61,74.68,8419478
1623159000,75.0128,75.11,72.59,73.28,8902747
1623245400,73.14,74.07,72.47,72.64,7421482
1623331800,73.065,73.1,71.555,71.85,9476610
1623418200,71.28,72.01,70.74,71.19,11387076
1623677400,71.2,71.725,70.41,71.43,8032088
1623763800,71.25,71.55,70.62,70.84,8455560
1623850200,71,73.1,70.43,71.49,12306479
1623936600,71.38,74.07,71.3,73.5,12893998
1624023000,72.74,73.69,71.39,71.62,27666526
1624282200,71.61,72.975,70.74,72.62,8410114
1624368600,72.19,74.46,72.19,73.3,10250387
1624455000,73.49,74.35,72.8,73.14,7976604
1624541400,73.71,75.11,73.05,74.9,9800070
1624627800,75.925,78.35,75.8,78.23,16604471
1624887000,78.08,78.5,76.65,77.12,8378976
1624973400,77.34,79.78,77.135,79.75,11876435
1625059800,78.89,80.27,78.4,79.81,11263965
1625146200,79.3,80.15,77.15,77.44,11116652
1625232600,77.3,77.41,75.55,76.23,8016401
1625578200,74.25,74.38,72.24,72.39,15591270
1625664600,73.3,73.61,71.89,72.7,10459509
1625751000,70.36,71.23,69.83,70.89,11918778
1625837400,71.77,73.735,71.62,73.56,11205415
1626096600,73.09,73.84,72.38,73.17,5664117
1626183000,74.155,77.55,74.155,76.52,15412828
1626269400,76.25,76.63,74.52,75.45,9620573
1626355800,76.17,78.17,76.1,76.86,9169867
1626442200,76.87,77.45,75.22,75.59,6527675
1626701400,74,74.36,72.68,74.22,9476921
1626787800,74.16,74.2499,72.8,73.87,6612382
1626874200,73.35,75.48,73.23,75.3,6176020
1626960600,76,76.64,75.39,75.91,4531898
1627047000,72.9475,73,70.71,72.29,20290015
1627306200,69.19,69.95,65.2891,66.08,39967555
1627392600,62.2235,65.51,61.65,64.77,44229164
1627479000,68.23,71.27,67.7178,70.28,33628717
1627565400,72.08,72.2,69.45,71.93,17065031
1627651800,69.97,72.2,69.77,70.88,9947957
1627911000,71.07,72.62,70.81,71.49,8422528
1627997400,70.66,70.91,69.19,70.24,8509517
1628083800,70.63,72.85,70.63,71.4,8074923
1628170200,70.89,71.1595,69.76,70.74,7485547
1628256600,71.1,71.24,69.21,69.59,6977587
1628515800,69.93,71.865,69.812,71.73,6342002
1628602200,72.8,73.49,71.52,71.76,5195324
1628688600,72.54,72.695,70.81,71.07,5674238
1628775000,70.36,70.96,69.41,70.53,5783820
1628861400,69.95,70.49,69.19,69.86,5630593
1629120600,68.21,68.22,64.8,66.67,12502807
1629207000,64.15,65.53,63.02,64.26,13385986
1629293400,65,66.29,63.995,65.53,9352488
1629379800,63.29,63.9813,61.76,62.19,16724759
1629466200,63.05,65.29,63,63.62,14986850
1629725400,65.575,66.2999,62.33,65.73,19782755
1629811800,71.4,75.85,71.3403,75.22,35954690
1629898200,74.75,76.3,73.73,76.14,11311876
1629984600,76.19,77.4734,75.805,77.04,11581114
1630071000,77.25,78.12,75.81,76.43,12969554
1630330200,75.1478,76.9682,74.29,76.69,7979903
1630416600,78.08,80.56,77.3,78.56,13044413
1630503000,79.48,81.55,79.46,80.78,12061461
1630589400,80.51,81.32,79.3374,80.24,9906151
1630675800,79.3,80.31,78.775,79.855,8507041
1631021400,81.09,84.08,80.94,83.24,19344126
1631107800,82.29,82.79,80.56,81.73,7158622
1631194200,78.755,81.17,77.92,80.26,9719349
1631280600,82.2,83.09,80.49,80.64,8229947
1631539800,79.5235,81.06,78.6273,80.17,7567679
1631626200,80,80.5,77.705,77.9,11325027
1631712600,75.7941,76.91,74.9702,76.63,10901631
1631799000,75.33,77.32,75.16,77.17,7989437
1631885400,79.0401,79.71,77.24,77.69,9779545
1632144600,74.56,75.36,73.02,74.15,10219391
1632231000,74.4557,75.43,73.44,73.5,7431619
1632317400,74.525,76.71,74.26,75.92,7788362
1632403800,75.95,76.41,74.84,76.13,4931460
1632490200,74.67,75.05,73.54,73.98,6085782
1632749400,74.52,76.69,73.66,76.43,7938996
1632835800,76.31,77.36,73.6,75.42,11185380
1632922200,75.1,75.5,71.451,71.62,12045238
1633008600,72.085,73.6825,71.99,72.24,7134269
1633095000,72.09,73.11,69.675,70.02,8899892
1633354200,70.02,70.195,68.46,69.41,10249373
1633440600,70.46,71.86,70.25,71.62,8558273
1633527000,69.91,72.3249,69.535,71.87,6398160
1633613400,74.96,76.6,74.7,76.3,12415719
1633699800,76.84,78.95,76.12,78.61,11563279
1633959000,80.04,80.23,77.84,78,10270271
1634045400,77.9,79.403,77.77,78.41,8772753
1634131800,79.6028,81.01,79.48,80.57,9579548
1634218200,80.815,81.305,78.83,81.03,7895681
1634304600,80.39,81.61,79.62,81.42,8360972
1634563800,81.55,82.87,81.43,82.42,6106603
1634650200,83.55,85.5,83.1418,84.91,11383848
1634736600,85.98,87.83,84.96,85.53,9831278
1634823000,84.11,84.96,83.38,83.97,6718708
1634909400,84.16,85.35,82.86,83.07,5852466
1635168600,83.68,84.67,82.57,84.25,5129227
1635255000,84.05,84.8516,81.07,81.48,6447767
1635341400,79.89,81.91,79.05,80.86,5779849
1635427800,79.43,80.93,78.74,80.92,4468662
1635514200,79.73,80.165,77.985,78.28,8080133
1635773400,78.66,82.55,78.59,82.5,6063625
1635859800,80.95,81.39,80.31,80.7,6083705
1635946200,81.51,81.72,79.74,81.36,5520253
1636032600,82.63,83.06,80.05,80.3,6799745
1636119000,79.9,80,77.46,77.57,5704234
1636381800,79.04,79.11,76.83,77.47,6595199
1636468200,77.04,79.57,76.6301,77.19,5250200
1636554600,78.8,79.49,77.29,77.74,8367110
1636641000,81.55,84.33,81.07,84.2,15637255
1636727400,84.09,86.32,83.85,85.95,9315097
1636986600,86.14,86.26,83.71,84.62,7317918
1637073000,85.95,86.79,84.92,85.73,9064690
1637159400,85,85.275,82.24,83.15,7427147
1637245800,87.985,89.29,85.12,88.1,19318723
1637332200,89.86,92.1,89.11,91.55,15183896
1637591400,89.33,92.16,86.38,87.71,12301573
1637677800,90.21,92.69,87.8332,89.46,11903363
1637764200,90,91.19,88.1901,89.36,6977328
1637937000,86.87,89.35,85.78,88.67,8311022
1638196200,88.3,88.92,86.26,87.91,9475248
1638282600,87.17,87.945,83.94,84.11,14608355
1638369000,86.88,88.22,85.12,85.18,8963097
1638455400,86.5,87.33,82.4,84.46,10695328
1638541800,79.86,80.46,73.69,77.95,20656928
1638801000,76.52,76.95,74.27,75.19,22191758
1638887400,78.81,79.24,76.52,78.09,14548429
1638973800,78.29,79.6,77.35,78.29,11270312
1639060200,78.54,81.08,78.045,79.57,7498320
1639146600,79.82,80.65,78.73,79.71,10624833
1639405800,78.54,78.58,76.44,78.05,6059470
1639492200,76.23,77.849,75.88,77.65,5595971
1639578600,75.89,76,70.45,73.66,14821512
1639665000,73.5,76,72.4,72.68,7849844
1639751400,70.02,72.63,70,71.04,13130537
1640010600,69.545,69.545,67.16,68.19,10714839
1640097000,70.07,73.7,69.52,73.41,9822844
1640183400,71.1165,74.005,70.78,73.75,9264729
1640269800,67.87,69.5,66.18,68.65,26529017
1640615400,67.7035,68.88,67.545,67.71,7691903
1640701800,67.3,67.32,65.56,65.87,9263487
1640788200,66.5,67.01,64.7,65.63,6469254
1640874600,65.87,71.67,65.79,70.4,13902628
1640961000,69.57,70.92,69.32,70.07,5446238
1641220200,68.9,69.49,66.87,68.33,9378560
1641306600,67.7,67.84,63.11,64.2,19989819
1641393000,63.57,65.5887,62.17,63.02,19188110
1641479400,65.25,68.075,63.665,66.78,12965369
1641565800,68.39,69.68,67.13,68.24,13008261
1641825000,69.69,71.06,68.1685,69.6,15804191
1641911400,71,76.83,70.425,76.76,27375599
1641997800,78.17,78.6,75.86,76.4,12939593
1642084200,74.47,74.47,71.15,71.44,12504230
1642170600,73.9,74.015,71.93,73.72,12783097
1642516200,71.12,74.93,71.0901,73.4,10213821
1642602600,73.18,74.22,72.03,72.3,6318328
1642689000,77.25,81.24,76.77,77,26218261
1642775400,77.6018,77.68,72.66,73.46,14440496
1643034600,72.52,72.52,68.11,71.74,15503395
1643121000,70.28,72.97,70.2,72.15,7291178
1643207400,72.9,73.49,70.51,71.11,9546074
1643293800,70.75,70.8,65.785,66.68,13137075
1643380200,67.6,69.42,66.2,69.34,9026547
1643639400,71.84,74.95,71.79,74.88,9331051
1643725800,74.26,75.89,73.84,75.08,7408338
1643812200,75.58,75.71,72.41,73.21,5887066
1643898600,72.08,73.3,71.33,71.85,7493688
1643985000,71.94,74.95,71.86,73.77,6082889
1644244200,74.09,74.99,72.81,73.15,6135832
1644330600,73.12,76.07,72.05,75.36,7903249
1644417000,76.83,78.67,76.61,78.29,7061571
1644503400,75.955,78.39,75.24,76.4,6432184
1644589800,75.97,76.55,73.55,73.98,6673354
1644849000,73.94,74.62,73.01,74.45,5244967
1644935400,75.35,76.35,74.8,76.13,6766205
1645021800,75.59,75.84,74.44,75.3,6201160
1645108200,74.93,76.58,74.43,74.55,5944452
1645194600,72.26,73.34,70.48,71.86,8913822
1645540200,70.36,71.83,69.76,70.98,8539445
1645626600,72.44,72.95,70.05,70.54,9412824
1645713000,67.05,70.99,66.11,70.91,10307089
1645799400,71.28,72.75,70.17,72.5,6711319
1646058600,70.92,71.79,70.22,71.63,6469842
1646145000,72.42,74.99,72.13,73.3,8895760
1646231400,72.69,72.94,70.3476,71.79,4990926
1646317800,73.12,73.83,66.76,67.83,16448389
1646404200,66.28,67.23,63.15,63.59,15967822
1646663400,63.2,64.11,60.3,60.52,15696784
1646749800,60,60.13,56.41,58.69,11869439
1646836200,61.48,62.78,60.31,62.4,9487275
1646922600,53.01,55.36,50.601,52.52,55348139
1647009000,53.901,54.09,47.85,47.99,32963038
1647264600,43.0035,45.77,41.56,42.94,47477332
1647351000,41.64,48.22,41.63,45.98,39194538
1647437400,56.96,64.28,54.75,64.08,60081307
1647523800,62,63.8587,58.32,61.94,25854081
1647610200,61.17,69.43,60.82,65.13,46344098
1647869400,62.48,63.82,58.3,61.44,19698576
1647955800,65.15,65.69,62.295,64.73,19038547
1648042200,62.01,69.245,61.36,64.29,23626395
1648128600,61.35,61.71,58.72,61.52,20640912
1648215000,59.61,60.545,58.09,59.92,16014029
1648474200,58.14,60.1,56.962,59.77,18145959
1648560600,62.18,64.56,61.87,62.73,13144157
1648647000,61.2,63.05,60.821,61.49,10687286
1648733400,59.95,60.09,56.8,57.87,13887602
1648819800,61.25,61.75,58.8531,59.09,15599268
1649079000,62.27,64.42,61.45,63.31,13879337
1649165400,62.32,62.405,60.37,60.92,7657115
1649251800,59.5,59.75,57.59,59.07,9038992
1649338200,57.85,57.85,56.21,57.1,10869328
1649424600,56.75,57.848,55.82,56.54,10467985
1649683800,55.78,58.23,54.85,56.83,8787566
1649770200,57.48,58.31,56.44,56.48,7966983
1649856600,57.74,59.7,56.99,58.28,11732207
1649943000,57.34,57.97,56.27,56.56,7345653
1650288600,55.44,58.13,55.3445,57.5,9225020
1650375000,56.35,56.92,55.07,56.89,8462822
1650461400,56.6,56.605,53.03,53.75,9340646
1650547800,52.89,53.68,50.25,50.7,10540633
1650634200,52.88,54.3,51.31,52.04,12520892
1650893400,50.83,54.02,50.59,53.72,9105891
1650979800,54.13,55.49,52.92,53.21,10156428
1651066200,55.49,58.89,55.35,57.42,14688147
1651152600,57.82,58.8,56.15,57.81,8069977
1651239000,65.08,65.29,61.56,61.66,19762702
1651498200,61.64,63.57,60.9,63.37,10728824
1651584600,62.8,63.96,61.645,62.17,9119109
1651671000,60.23,63.33,59.11,63.18,10050852
1651757400,60.58,61.2426,58.26,59.39,11266486
1651843800,58.11,58.71,55.45,55.61,15135886
1652103000,53.7,54,50.12,51.04,22233031
1652189400,53.695,53.85,50.18,51.65,18345836
1652275800,52.32,53.29,49.55,49.83,13276902
1652362200,48.83,49.83,46.83,48.67,13177879
1652448600,49.96,52.35,49.71,51.55,11579256
1652707800,51.69,52.75,51.15,51.53,9181059
1652794200,55.66,56.4,49.7,53.67,38056210
1652880600,52.43,53.26,50.64,51.2,13836934
1652967000,51.09,53.6364,51.01,52.78,13828436
1653053400,54.25,54.9,50.99,52.17,12289433
1653312600,53.84,54.01,52.4001,53.33,11441184
1653399000,51.06,51.13,48.93,49.58,11263784
1653485400,50.22,50.65,49.02,50.19,8486579
1653571800,50.77,53.59,50.3082,52.72,14157126
1653658200,53.46,53.7,51.61,53.68,10263605
1654003800,56.87,57.72,55.76,56.12,20892993
1654090200,56.83,57.25,54.64,55.79,12724894
1654176600,56.02,58.56,55.63,58,11547196
1654263000,57.13,57.21,55.94,56.52,8358336
1654522200,59.89,61.29,59.11,60.21,18820071
1654608600,60.225,61.99,59.81,61.74,12851710
1654695000,63.975,67.3,63.35,66.47,22812047
1654781400,62,62.75,60.83,61.4,19049299
1654867800,62.9,64.77,61.3273,61.51,11810153
1655127000,59.9,60.54,57.6,58.93,12244109
1655213400,61.38,63.52,60.58,62.51,12539538
1655299800,63.66,64.53,62.23,64.32,13970989
1655386200,61.66,63.02,60.79,62.01,9632047
1655472600,67.31,67.39,63.81,65.23,28556603
1655818200,64.59,65.04,61.82,63.65,18598540
1655904600,60.98,62.6701,60.65,61.42,12084024
1655991000,62.47,64.03,60.765,61.9,17658544
1656077400,63.09,64.84,62.6,64.01,11412587
1656336600,67.16,68.29,64.92,65.62,15168037
1656423000,65.7,66.68,63.87,64.54,8475480
1656509400,63.72,64.91,63.25,64.85,6445917
1656595800,63.89,64.63,62.91,64.22,5557396
1656682200,63.91,66.36,63.68,65.95,5462223
1657027800,65.33,65.33,62.32,64.73,10610024
1657114200,63.22,63.62,60.77,61.76,8607602
1657200600,62.87,64.1152,62.61,63.13,7912716
1657287000,61.96,62.75,61.05,62.01,6004142
1657546200,59.4,59.85,58.56,59.59,8089639
1657632600,58.83,61.06,58.77,60.16,5807891
1657719000,59.78,62.91,59.76,61.7,5967547
1657805400,61.45,61.9,60.27,61.04,6276809
1657891800,60.38,60.63,58.585,60.26,5875847
1658151000,62.96,64.73,61.84,62.05,6014991
1658237400,62.96,63.2,61.57,62.78,4215182
1658323800,63.15,63.8,62.05,62.62,4784799
1658410200,63.23,64.4,63.04,64.01,3850747
1658496600,63.35,63.44,61.45,61.58,4241179
1658755800,63.07,63.65,62.06,62.98,4522149
1658842200,63.38,64.66,62.63,62.97,4336267
1658928600,63.95,63.95,61.6,63.32,4987755
1659015000,62.12,63,60.2,62.13,6070218
1659101400,59,60.085,58.37,59.5,7464385
1659360600,57.58,58.83,56.35,58.76,7032637
1659447000,57.01,60.64,56.86,59.73,6395414
1659533400,59.47,61.22,59,61.13,4812209
1659619800,64.35,64.95,62.92,63.35,7232929
1659706200,61.48,62.34,61.2,61.91,4763333
1659965400,61.59,61.74,58.46,58.84,8208345
1660051800,58.64,59.11,56.7,57.08,8594798
1660138200,56.36,56.95,54.35,55.5,13971938
1660224600,56.49,58.485,56.26,56.94,9374454
1660311000,54.52,57.33,54.52,57.05,6238870
1660570200,56.58,58.28,56.435,57.98,5223157
1660656600,56.82,57.85,56.46,57.29,4834381
1660743000,57,57.35,55.8,56.15,4903280
1660829400,55.62,55.88,54.385,55.19,5552838
1660915800,55.1,55.88,54.58,54.7,4714387
1661175000,55.36,56.15,54.97,55.32,8342890
1661261400,55.8,57.7799,53.05,57.2,13406984
1661347800,56.645,61.645,56.22,59.44,12443409
1661434200,62.01,66.42,61.93,64.91,19917604
1661520600,67.69,67.87,63.41,63.46,14638322
1661779800,63.57,64.74,62.185,62.32,7340353
1661866200,62.42,62.8499,60.61,61.51,7001449
1661952600,63,64.62,62.53,63.49,6955218
1662039000,61.75,63.2,61.33,63.11,4268199
1662125400,62.01,62.13,60.89,61.29,4544152
1662471000,59.61,60.12,59,59.35,4376847
1662557400,58.95,60.05,58.02,59.88,4845932
1662643800,59.3,60.36,59.22,59.91,2941733
1662730200,61.47,61.88,60.2,60.41,5023886
1662989400,60.99,61.83,60.12,61.79,5340461
1663075800,58.33,59.26,57.28,57.43,7339356
1663162200,57.41,57.67,56.25,57.4,5076419
1663248600,57.505,58.15,57,57.65,5181101
1663335000,56.51,56.905,55.09,55.37,7378856
1663594200,55.42,56.82,55.25,56.82,6204654
1663680600,56.615,57.94,56.52,56.8,4296763
1663767000,55.86,55.96,53.84,53.93,6177795
1663853400,54.19,54.75,52.99,53.47,4552267
1663939800,52.37,53.05,51.83,52.31,5627643
1664199000,53.23,54.68,53.1,53.34,6258213
1664285400,54.025,55.06,52.17,52.66,6126505
1664371800,51.32,53.25,50.55,52.93,5989091
1664458200,51.38,52.09,50.09,51.25,6141678
1664544600,50.27,51.355,49.81,50.3,6553623
1664803800,49.38,49.595,48.09,49.52,9727978
1664890200,50.67,52.99,50.42,52.04,8173575
1664976600,53.68,54.38,52.41,52.98,9187060
1665063000,52.55,53.07,51.64,51.66,6967169
1665149400,50.4,50.96,49.2,49.91,8249162
1665408600,48.98,49.06,46.72,47.58,8791271
1665495000,46.508,47.405,45.31,46.27,8667895
1665581400,46.34,47.23,45.605,46.4,5145056
1665667800,44.06,45.79,43.53,45.05,8880474
1665754200,45.265,45.27,42.21,42.33,12859853
1666013400,44.25,45.16,43.76,44.44,9118329
1666099800,45.84,46.13,43.785,44.67,7836203
1666186200,42.52,42.775,40.6,41.22,11761097
1666272600,41.64,43.65,41.4,42.16,10832746
1666359000,41.34,42.2,40.61,42.15,8515890
1666618200,35.775,36.92,33.17,36.66,29614425
1666704600,38.15,38.79,37.07,37.77,15122260
1666791000,37.8,42.57,37.48,41.04,22860882
1666877400,39.6,40.7,39.2,39.5,10699485
1666963800,37.14,37.93,36.69,37.86,13592240
1667223000,37.57,38.295,37.11,37.29,9761981
1667309400,40.47,40.54,38.24,38.44,12171645
1667395800,39.92,41.13,39.16,39.84,13757458
1667482200,38.34,41.18,38.09,40.44,11091835
1667568600,44.39,44.84,42.52,44.38,20375063
1667831400,45.41,46.1961,44.05,44.51,10360500
1667917800,45,45.84,43.9501,45.49,9351285
1668004200,43.435,43.6,42.195,42.46,9533906
1668090600,45.39,46.93,45.23,46.03,11965986
1668177000,49.47,50.55,48.53,48.93,12951770
1668436200,50.94,52.02,50.12,50.85,12662512
1668522600,55,55.87,53.38,54.48,13060514
1668609000,53.42,53.87,52.75,53.49,6782513
1668695400,52.01,58.07,51.86,57.52,15141186
1668781800,58.66,58.78,55.1094,56.07,16768050
1669041000,53.42,53.87,52.12,52.5,11007011
1669127400,50.09,51.71,49.87,51.56,6675443
1669213800,52.87,53.03,51.68,52.26,6054290
1669386600,50.05,50.17,49.24,49.48,5908909
1669645800,49.41,51.12,49.29,49.91,7633360
1669732200,53.46,54.49,53.12,53.25,13450244
1669818600,56.54,58.39,56.35,57.18,15765783
1669905000,55.33,56.37,54.68,55.85,7147658
1669991400,55.09,59.67,55.05,58.64,10436271
1670250600,60.7,60.74,58.56,59.18,9149633
1670337000,60.2,60.49,58.53,60.35,7771339
1670423400,57.07,58.95,56.88,58.45,6229072
1670509800,60.415,61.4,59.915,60.37,7278683
1670596200,59.87,60.22,57.9,58.32,7993580
1670855400,58.68,58.81,56.87,57.42,7473947
1670941800,60.51,60.68,57.11,57.81,8382900
1671028200,58.25,59.08,58.05,58.57,7296663
1671114600,60.08,60.62,56.22,56.65,8443755
1671201000,57.63,58.18,56.54,56.59,7517299
1671460200,57.4201,57.8,56.7,57.19,6995497
1671546600,55.66,57.37,55.61,56.42,4568125
1671633000,56.14,58.335,55.93,58.12,4726186
1671719400,58.75,59.4,57.11,57.67,5319438
1671805800,57.85,58.2,56.3,56.44,5041639
1672151400,57.49,59.84,57.0702,58.8,8114664
1672237800,58.35,58.73,55.11,56.15,10055919
1672324200,56.14,57.325,55.75,57.09,4613464
1672410600,55.87,57.16,55.82,56.13,4567533
1672756200,57.97,59.57,56.87,57.64,7337674
1672842600,61.68,67.095,61.04,66.1,19823120
1672929000,63.5,66.25,63.47,65.9,10826181
1673015400,63.955,64.89,62.595,64.3,8492350
1673274600,64.81,65.05,62.21,63.13,9838379
1673361000,64.1,64.62,62.95,63.65,5537959
1673447400,63.28,63.59,61.72,63.04,7476469
1673533800,63.02,63.75,62.2583,63.17,5271454
1673620200,63.84,65.41,62.775,63.6,7964606
1673965800,61.12,61.35,59.645,59.96,8511176
1674052200,60.71,60.9299,58.48,58.52,6763339
1674138600,59.09,60.3387,59.09,59.42,5255030
1674225000,60.495,60.99,60.14,60.43,6869755
1674484200,60.95,61.7,60.55,61.06,4605959
1674570600,60.2,61.695,60.1,61.62,4130116
1674657000,61.14,61.66,60.2,61.38,3651695
1674743400,62.52,63.26,61.95,63.11,4809239
1674829800,64.2,64.46,62.88,63.74,5667359
1675089000,60.61,60.89,59.16,59.83,7464322
1675175400,59.03,60.39,58.81,59.53,5075583
1675261800,60.13,61.76,59.18,60.47,7872120
1675348200,60.3,60.3,58.4,59.31,8239901
1675434600,58.69,59.49,57.52,57.63,6162942
1675693800,56.47,57.12,55.85,56.73,5384776
1675780200,56.89,57.42,56,57.09,7999231
1675866600,56.79,56.87,55.19,55.35,7881410
1675953000,56.42,57.09,55.08,55.45,7964599
1676039400,53.42,53.63,51.83,52.29,10942621
1676298600,52.9,53.22,52.2,52.43,7134604
1676385000,51.64,52.53,51.36,52.32,5405800
1676471400,51.64,52.27,51.085,52.23,5158182
1676557800,53.79,54.77,53.49,54.1,9148358
1676644200,53.11,53.7,52.46,53.02,6342043
1676989800,48.11,48.959,46.67,47.17,23406150
1677076200,48.245,48.31,46.1607,46.53,12536247
1677162600,47.9,48.16,45.955,46.65,11819689
1677249000,44.7384,45.565,44.455,44.8,11854333
1677508200,45.5,45.5,44.49,44.74,8017993
1677594600,44.275,45.11,43.97,44.44,6437600
1677681000,46.54,46.77,45.3,45.73,9294944
1677767400,45.62,47.155,45.4,47.07,7923451
1677853800,47.17,48.24,47.15,47.46,7866373
1678113000,47.67,48.72,47.23,47.92,7170397
1678199400,47.36,47.36,46.34,46.57,6508475
1678285800,45.51,47.41,45.47,46.98,8511440
1678372200,44.51,44.79,41.31,41.68,37309866
1678458600,40.88,41.38,40.07,40.47,15478057
1678714200,39.684,40.84,39.04,40.11,13141614
1678800600,39.98,40.805,39.4584,40.44,11110688
1678887000,39.38,39.88,38.81,39.34,10398053
1678973400,39.07,40.09,38.91,39.79,9829963
1679059800,39.48,39.67,38.57,38.83,11476168
1679319000,38,39.3,37.7,38.66,11302960
1679405400,38.62,39.59,38.43,39.54,9756481
1679491800,39.5,39.87,38.5,38.5,8310854
1679578200,40.3,40.8901,39.635,40.07,11071409
1679664600,39.92,40.84,39.85,40.29,7352292
1679923800,39.34,39.96,39.15,39.78,7330308
1680010200,41.08,41.87,40.55,41.55,14232921
1680096600,40.92,41.62,40.56,41.18,7576359
1680183000,43.64,45.16,43.18,44.4,32046992
1680269400,44.46,44.72,43.54,43.89,16668802
1680528600,43.27,43.56,41.955,42.4,12816301
1680615000,42.13,42.435,41.415,41.84,8908205
1680701400,41.14,41.21,40.09,40.5,7699348
1680787800,40.5,40.92,39.85,40.76,7171677
1681133400,39.38,39.97,39.05,39.97,7750536
1681219800,40.54,40.75,39.96,40.01,10072888
1681306200,39.01,39.187,36.87,36.95,22565010
1681392600,37.67,37.73,37.05,37.45,12818237
1681479000,37.3,37.55,36.45,36.85,10707968
1681738200,37.862,38.17,37.55,38.05,10919336
1681824600,38.3,38.42,37.525,37.73,9551098
1681911000,36.82,37.14,36.66,37.1,8405062
1681997400,36.46,36.76,35.97,36.19,12624515
1682083800,35.5,35.755,35.215,35.63,10121820
1682343000,35.29,35.34,34.16,34.68,15115362
1682429400,33.86,34.26,33.53,33.7,11859781
1682515800,34.96,35.15,34.13,34.23,8791805
1682602200,34.33,34.82,34.0299,34.75,9255076
1682688600,34.68,35.86,34.61,35.72,8911124
1682947800,35.72,35.8597,35.24,35.49,5428243
1683034200,35.01,35.03,33.65,34.23,10100398
1683120600,34.11,35.01,33.8126,34.68,8096563
1683207000,35.2,35.895,35.04,35.78,8961249
1683293400,35.855,36.23,35.53,35.88,8962397
1683552600,35.65,36.11,35.22,35.9,6574515
1683639000,34.69,35.64,34.66,35.62,6286715
1683725400,34.57,35.265,34.44,35.1,18060841
1683811800,36.45,37.93,36.25,37.63,26039072
1683898200,36.94,36.97,35.09,35.3,17056905
1684157400,36.22,38.11,35.795,37.67,17401762
1684243800,37.315,38.2,37.12,37.92,10170214
1684330200,36.905,37.65,36.51,37.34,9646211
1684416600,37,37.01,35.6,35.8,16761465
1684503000,35.61,35.7255,34.8,35.06,11483377
1684762200,35.99,36.55,35.8,35.99,10623745
1684848600,35.2,35.7,34.97,35.04,7889133
1684935000,34.38,34.68,33.515,33.88,13984430
1685021400,33.3,33.34,32.29,32.44,13708187
1685107800,33.04,33.4,32.455,33.1,9963626
1685453400,32.99,33.08,31.67,32.1,15818623
1685539800,32.25,32.67,31.565,32.6,18734536
1685626200,33.28,35.3,33.25,34.53,17095006
1685712600,35.84,36.18,35.315,35.43,10321514
1685971800,35.39,36.45,34.9002,36.29,10798497
1686058200,36.015,37.83,35.89,37.75,15402633
1686144600,36.85,37.535,36.61,36.95,11110662
1686231000,37.05,37.735,36.94,37.24,6952339
1686317400,37.04,37.1599,36.29,36.58,8415268
1686576600,36.72,37.445,36.52,36.7,8229889
1686663000,37.9,38.82,37.72,37.99,12883929
1686749400,37.965,38.88,37.8429,38.64,10684049
1686835800,39.59,40.07,39.45,39.96,12974522
1686922200,40.67,40.68,39.26,39.85,11064856
1687267800,38.04,38.0435,36.685,37.17,17834056
1687354200,36.755,37.27,36.5,36.59,8615927
1687440600,36.66,36.72,35.8701,36.59,5359731
1687527000,35.87,35.9,34.6,34.87,12691135
1687786200,34.915,35.31,34.87,34.97,7240943
1687872600,35.78,35.81,35.42,35.75,6349538
1687959000,34.995,35.03,34.17,34.79,9907885
1688045400,33.82,34.28,33.63,34.02,10586375
1688131800,34.19,34.49,33.85,34.13,14159615
1688391000,35.1,35.715,35.03,35.15,6531482
1688563800,35.225,35.29,34.88,35.2,7196141
1688650200,34.33,34.64,33.805,34.08,7115913
1688736600,34.66,36.19,34.58,35.76,12942825
1688995800,35.3,36.155,35.06,35.95,8334150
1689082200,35.9,36.39,35.31,36.02,7323807
1689168600,37.34,37.835,36.91,37.41,11464042
1689255000,38.7,39.41,38.49,39.36,15422609
1689341400,38.4,38.429,37.9,38.14,10836969
1689600600,37.22,38,36.9201,37.78,7310840
1689687000,36.703,36.86,35.475,36.06,17041426
1689773400,36.92,37.38,36.41,36.41,10172882
1689859800,36.95,36.96,36.52,36.67,9865460
1689946200,37.37,37.6701,36.88,37.07,12131684
1690205400,36.475,38.85,36.36,38.36,13363077
1690291800,39.57,39.69,38.36,38.53,10273606
1690378200,38.18,39.23,38.18,39.13,7721232
1690464600,38.87,39,37.77,37.98,11475258
1690551000,39.53,40.69,39.335,40.53,16992618
1690810200,41.08,41.9525,40.77,41.31,12149569
1690896600,40.42,40.81,40,40.04,7554723
1690983000,39.01,39.15,37.98,38.25,11169456
1691069400,39.13,39.76,38.93,39.56,8588008
1691155800,39.88,40.155,39.06,39.09,6056309
1691415000,39.68,39.68,38.31,38.91,8379055
1691501400,37.5556,38.06,37.2349,38.05,7580556
1691587800,38.33,38.38,37.36,37.67,7628517
1691674200,38.57,39.4,38.18,38.49,9801305
1691760600,37.1,37.16,35.88,36.46,14070345
1692019800,36.4,36.955,36.01,36.76,5972791
1692106200,36.2,36.31,35.5,35.97,9143688
1692192600,34.955,35.8199,33.92,34.88,20116328
1692279000,35.52,35.58,34.405,34.76,11094430
1692365400,33.03,33.26,32.68,33.11,17024431
1692624600,33.01,33.445,32.86,33.22,8220634
1692711000,33.8,33.92,32.9,33.28,8183221
1692797400,33.17,33.975,33.145,33.81,7309792
1692883800,33.86,34.06,33.01,33.02,10830415
1692970200,33.17,33.17,32.325,32.96,8541602
1693229400,33.69,34.095,33.35,33.81,10403872
1693315800,34.6,34.98,34.162,34.5,8932400
1693402200,33.79,34.31,33.75,33.97,8583804
1693488600,33.14,33.315,32.85,33.21,12123759
1693575000,33.85,34.95,33.8,34.1,11907116
1693920600,33.715,34.34,33.54,34.26,7669143
1694007000,33.91,34.4171,33.78,33.79,7200377
1694093400,32.48,32.5,31.96,32.34,12472705
1694179800,32.345,32.4861,32,32.4,5461209
1694439000,32.21,32.285,31.65,31.92,9831818
1694525400,31.72,32.14,31.61,31.73,7047581
1694611800,31.63,31.8999,31.5,31.69,4821198
1694698200,31.9,32.02,31.53,31.72,6813220
1694784600,31.78,31.835,31.445,31.57,7347428
1695043800,31.08,31.17,30.705,31.12,9074358
1695130200,30.6,30.79,30.41,30.64,9677700
1695216600,30.32,30.7585,30.32,30.35,7038530
1695303000,29.65,30.06,29.51,29.81,9400871
1695389400,30.955,30.99,30.355,30.41,8385231
1695648600,29.4,29.87,29.35,29.78,7537438
1695735000,28.95,29.32,28.91,29.03,10521627
1695821400,29.1,29.17,28.68,28.95,8363554
1695907800,28.38,28.655,28.07,28.55,12698936
1695994200,29.3,29.55,28.93,29.13,9443816
1696253400,29.248,29.27,28.86,29.07,5809356
1696339800,28.28,28.57,28.22,28.46,7515840
1696426200,28.43,28.57,28.28,28.39,5457058
1696512600,28.6,28.68,28.25,28.65,4877138
1696599000,28.7,29.73,28.66,29.61,10870831
1696858200,29.09,29.365,28.835,29.23,7493793
1696944600,29.65,30.32,29.59,30.27,7783398
1697031000,30.46,30.8,30.19,30.34,8762183
1697117400,29.95,29.95,27.55,27.83,32118911
1697203800,26.48,27.19,26.36,27.05,25619558
1697463000,26.61,27.91,26.51,27.64,14941777
1697549400,26.96,27.165,26.52,26.65,16078837
1697635800,26.24,26.26,25.82,25.88,13103368
1697722200,24.97,25.48,24.9,25.07,13496283
1697808600,24.51,24.59,24.19,24.38,18606269
1698067800,24.27,24.95,24.01,24.8,14827153
1698154200,24.4,25.6,24.39,25.25,18331350
1698240600,24.86,25.265,24.56,25.12,10666791
1698327000,25.21,26.17,25.19,25.92,17135242
1698413400,26.22,26.32,25.19,25.65,14522160
1698672600,26.1,26.18,25.655,25.94,8090939
1698759000,25.46,25.59,25.08,25.42,12274569
1698845400,25.45,25.46,24.96,25.33,9874347
1698931800,25.69,25.85,25.33,25.81,8440927
1699018200,26.66,27.16,26.5,26.94,13891244
1699281000,27.34,27.425,26.8632,27.11,10031824
1699367400,26.72,26.86,26.41,26.82,8691916
1699453800,26.56,26.79,26.37,26.45,7328777
1699540200,26.26,26.3442,25.64,25.75,7365773
1699626600,25.65,25.815,25.37,25.76,6982120
1699885800,25.97,26.025,25.54,25.75,14208790
1699972200,26.33,26.84,26.12,26.71,18328056
1700058600,28.52,29.27,28.05,28.59,32265332
1700145000,27.11,28.1,26.99,28.08,19515596
1700231400,27.65,27.785,27.25,27.61,11787743
1700490600,28.16,28.88,28.03,28.55,16081274
1700577000,28.365,28.68,27.83,28.08,10227963
1700663400,28.38,28.55,28.085,28.31,9279304
1700836200,28.14,28.98,28.13,28.76,5939880
1701095400,28.46,29.17,28.28,28.34,9402395
1701181800,28.09,28.22,27.61,28.16,13227303
1701268200,27.43,27.785,27.235,27.44,14469940
1701354600,27.41,27.71,26.8624,27.43,10322125
1701441000,26.91,27.22,26.66,27.16,10278133
1701700200,26.68,26.9286,26.53,26.59,10383418
1701786600,26.01,26.59,25.895,26.12,10328479
1701873000,26.5,26.84,26.315,26.6,9520588
1701959400,26.8,27.15,26.72,26.93,12058579
1702045800,26.79,26.92,26.44,26.45,9210493
1702305000,25.3,25.83,25.01,25.6,14067422
1702391400,25.58,25.58,25.03,25.18,12059923
1702477800,25,25.3,24.66,25.29,12794138
1702564200,25.49,26.35,25.475,26.24,17238156
1702650600,27.59,28.09,27.33,27.41,51696870
1702909800,26.69,26.94,26.53,26.64,11920342
1702996200,26.77,27.685,26.71,27.6,15043197
1703082600,27.02,27.235,26.39,26.43,18838610
1703169000,27.07,28.02,26.895,27.98,17451778
1703255400,27.38,27.92,27.1801,27.59,11935252
1703601000,27.82,28.185,27.38,27.61,8455911
1703687400,27.57,27.765,27.3025,27.75,8776272
1703773800,28.57,29.185,28.44,28.51,12970866
1703860200,28.62,29.07,28.62,28.89,10280145
1704205800,28,28.03,27.11,27.2,15718228
1704292200,26.95,27.54,26.82,27.47,12776261
1704378600,27.31,27.47,27.06,27.16,8080680
1704465000,27.02,27.05,26.495,26.68,13282357
1704724200,25.415,26.055,25.22,25.96,15459012
1704810600,25.09,25.53,24.91,25.32,11853084
1704897000,25.3,25.47,25.165,25.28,8922535
1704983400,25.63,25.78,25.195,25.39,9859207
1705069800,25.14,25.5563,24.64,24.7,12212275
1705415400,24,24.0581,23.46,23.58,20451264
1705501800,22.48,22.56,22.2,22.42,24370679
1705588200,22.37,22.37,21.89,22.02,15665162
1705674600,21.62,22.51,21.345,22.29,31230707
1705933800,21.28,21.74,20.82,21.66,18861660
1706020200,22.96,23.33,22.78,23.22,25469134
1706106600,23.83,23.9,23.09,23.6,26931464
1706193000,24.05,24.15,23.61,23.93,15090152
1706279400,23.59,23.93,23.44,23.86,9517991
1706538600,23.94,23.99,22.99,23.46,17044065
1706625000,22.48,22.87,22.325,22.75,13100869
1706711400,22.35,22.99,22.33,22.55,12201912
1706797800,22.58,22.6773,22.02,22.22,16024203
1706884200,21.83,21.88,21.525,21.78,15420947
1707143400,21.99,22.635,21.62,22.39,15771453
1707229800,23.73,24.13,23.3,24.11,20107946
1707316200,22.88,23.41,22.69,23.05,17331708
1707402600,22.62,22.65,22.02,22.05,11162363
1707489000,22.24,22.455,21.79,22.38,9307655
1707748200,22.58,23.23,22.57,22.89,10606957
1707834600,22.5,22.725,22.061,22.13,7225833
1707921000,22.83,23.15,22.72,23.14,9256695
1708007400,23.46,23.95,23.43,23.56,11316625
1708093800,24.395,24.65,24.19,24.22,11662250
1708439400,23.76,23.8,23.05,23.23,12655174
1708525800,23.9,24.23,23.69,23.79,10660785
1708612200,24,24.16,23.66,23.96,7576683
1708698600,24.03,24.2,23.66,23.9,11409884
1708957800,23.77,24.0199,23.59,23.7,6773565
1709044200,24.07,24.355,23.93,24.08,9359500
1709130600,23.33,23.4,22.77,22.81,15249496
1709217000,22.85,23.11,22.52,22.62,14660577
1709303400,23,23.27,22.85,23,12998335
1709562600,22.79,22.83,21.6,21.88,28522682
1709649000,21.34,21.67,21.18,21.44,18632547
1709735400,24.85,25.67,24.33,24.91,54459259
1709821800,24.52,24.54,23.65,23.99,17507657
1709908200,23.87,24.95,23.78,24.75,26012123
1710163800,25.6,26.35,25.58,26.07,21510859
1710250200,26.86,27.61,26.81,27.37,24082670
1710336600,27.26,28.55,27.26,28.01,25266614
1710423000,27.29,27.306,26.65,27.05,16774234
1710509400,26.94,27.85,26.72,27.45,18122078
1710768600,27.42,28.1,27.4,27.85,15992200
1710855000,27.5,27.59,26.9644,27.59,13498618
1710941400,27.84,28.18,27.605,28.14,14761813
1711027800,27.995,28.16,27.01,27.05,15520651
1711114200,26.31,26.62,26.045,26.5,13891656
1711373400,26.5,27.05,26.47,26.8,14936941
1711459800,26.94,26.965,26.34,26.36,8388918
1711546200,26.28,27.345,26.19,27.23,16220877
1711632600,27.5,28.1,27.36,27.39,16331086
1711978200,28,28.38,27.6,27.76,11004376
1712064600,27.7,28.11,27.625,27.81,12525024
1712151000,27.41,27.58,27.05,27.27,10171193
1712237400,27,27.015,26.1,26.12,8583526
1712323800,26.2,26.29,25.96,26.02,5699375
1712583000,26.1,26.33,25.87,25.94,5572355
1712669400,26.1,26.73,25.9821,26.7,11757269
1712755800,26.62,27.065,26.42,26.67,6012583
1712842200,27.02,27.32,26.71,26.99,6212301
1712928600,26.05,26.06,25.38,25.39,15121914
1713187800,25.89,26.18,25.3,25.42,10557556
1713274200,25.04,25.38,24.66,25.06,7515239
1713360600,25.27,25.62,25.1,25.15,5683890
1713447000,24.94,25.735,24.93,25.46,10096155
1713533400,24.98,25.53,24.83,25.51,14563095
1713792600,25.7,27.015,25.68,26.99,17274549
1713879000,27.34,27.6375,27.13,27.55,11831161
1713965400,28.19,28.4,27.98,28.27,11230312
1714051800,28.14,28.71,28.11,28.59,11071007
1714138200,29.89,30.46,29.73,30.34,22195234
1714397400,29.99,30.35,29.6415,29.89,9079729
1714483800,29.27,29.55,28.86,28.89,9345057
1714570200,28.86,29.57,28.71,29.27,7695413
1714656600,30.78,32.8595,30.73,32.64,26785907
1714743000,32.8,32.935,32.33,32.87,11366600
1715002200,32.75,33.03,32.555,32.71,8004881
1715088600,31.98,32.345,31.88,32.13,6376724
1715175000,31.41,32.095,31.34,31.95,5592201
1715261400,32.64,32.925,31.95,32.37,6498632
1715347800,32.69,32.95,32.14,32.2,7127606
1715607000,33.41,34.6,33.3701,33.78,15268104
1715693400,32.96,33.45,32.69,33.35,9959199
1715779800,33.925,33.925,33.1802,33.62,10870480
1715866200,34.5,34.59,32.085,34.27,23780771
1715952600,34.545,35.685,34.31,35.27,19445980
1716211800,35.1,35.54,34.2814,34.75,9619110
1716298200,33.28,33.87,32.9358,33.29,47141377
1716384600,32.95,33.3,32.625,32.68,27805206
1716471000,31.9,32.33,31.15,31.2,20064905
1716557400,30.945,31.1,30.17,30.27,18961575
1716903000,30.29,30.47,29.32,29.89,18743364
1716989400,29.4,29.59,29.04,29.32,18978486
1717075800,29.48,30.345,29.39,30.21,10533788
1717162200,29.38,29.78,29.21,29.62,9842478
1717421400,30.28,30.61,29.55,29.9,9909056
1717507800,30.02,30.25,29.76,30.07,8939162
1717594200,30.55,30.92,30.43,30.59,8606862
1717680600,30.08,30.16,29.73,29.77,11657631
1717767000,29.385,29.945,29.24,29.33,9661046
1718026200,29.38,29.71,28.94,29.59,6706327
1718112600,29.63,29.86,29.135,29.41,6854424
1718199000,29.67,29.85,29.14,29.56,12297928
1718285400,29.79,29.99,29.4,29.4,9590383
1718371800,28.91,28.98,28.64,28.77,11933463
1718631000,28.98,29.38,28.685,29.24,11917300
1718717400,28.99,29.36,28.77,29.05,5621971
1718890200,28.69,28.995,28.43,28.68,11552879
1718976600,28.14,28.35,27.93,28.1,10699177
1719235800,28.35,28.94,28.31,28.36,8277605
1719322200,27.91,28.15,27.28,27.57,8614712
1719408600,27.53,27.67,27.2,27.51,4823279
1719495000,27.19,27.22,26.21,26.26,13983918
1719581400,26.33,26.375,25.755,25.84,11558148
1719840600,25.93,26.22,25.67,25.79,6998219
1719927000,25.92,26.1499,25.57,26.09,9133059
1720013400,26.42,26.8999,26.36,26.87,6717179
1720186200,26.12,26.86,26.12,26.76,9372274
1720445400,26.5,26.52,26.24,26.47,6177923
1720531800,26.29,27.1,26.16,26.82,9156707
1720618200,26.79,27.03,26.53,26.76,6913253
1720704600,27.5,28.81,27.5,28.63,22612200
1720791000,28.94,29.07,27.895,28.15,11884215
1721050200,27.24,27.24,26.6,26.65,11893267
1721136600,26.65,27.325,26.4803,27.2,7466266
1721223000,27.17,27.3,26.75,26.98,7396717
1721309400,27.04,27.17,26.17,26.28,9427493
1721395800,26.26,26.535,26.07,26.26,4797772
1721655000,26.89,27.14,26.735,26.85,6149565
1721741400,26.25,26.32,25.94,26.19,7296705
1721827800,25.88,26.22,25.63,25.76,5874885
1721914200,26.53,27.39,26.31,26.33,14040607
1722000600,26.35,26.67,26.0801,26.56,3608583
1722259800,26.54,26.69,26.235,26.61,4825087
1722346200,26.48,26.48,26.065,26.36,5116698
1722432600,26.89,26.94,26.24,26.39,5131777
1722519000,25.78,25.9,25.13,25.24,10127470
1722605400,25,25.28,24.77,25.16,7902652
1722864600,24.2,24.979,24.13,24.95,12298163
1722951000,24.95,25.65,24.925,25.45,8098029
1723037400,25.65,25.8,25.14,25.33,6102210
1723123800,25.48,26.08,25.465,25.98,5067016
1723210200,25.71,25.9,25.485,25.88,4326701
1723469400,25.83,26.32,25.83,26.07,5548748
1723555800,26.05,26.2,25.905,26.13,6868656
1723642200,26.17,26.2265,25.55,25.9,10591888
1723728600,27.07,27.78,26.63,27,20742028
1723815000,27.94,29.3,27.93,29.29,24919113
1724074200,29.08,29.71,29.03,29.54,12534556
1724160600,28.65,28.76,27.79,28.19,26334264
1724247000,26.04,27.04,25.85,27.02,86065286
1724333400,27.18,27.19,26.17,26.64,28986980
1724419800,27.01,27.04,26.64,26.83,17486224
1724679000,25.5,26.03,25.24,25.8,26881630
1724765400,26.8,26.88,26.325,26.38,22812925
1724851800,26.415,26.455,25.815,25.94,14987574
1724938200,26.485,26.68,26.275,26.37,11472281
1725024600,27.34,27.405,26.76,27,21636913
1725370200,26.52,26.87,26.45,26.7,9254224
1725456600,27.1,27.14,26.705,26.83,14148331
1725543000,26.8,26.915,26.27,26.38,12588964
1725629400,26.3,26.47,26.005,26.07,10172868
1725888600,25.73,25.96,25.61,25.89,9164775
1725975000,26.19,26.38,25.91,25.98,8632362
1726061400,26.06,26.58,26,26.56,8239779
1726147800,26.68,26.75,26.4,26.65,6952037
1726234200,26.59,26.65,26.12,26.24,9395751
1726493400,26.36,26.44,26.175,26.3,6960907
1726579800,26.66,27.3895,26.63,26.92,15021388
1726666200,27.02,27.135,26.67,26.92,10352792
1726752600,28.43,28.79,28.17,28.74,21141945
1726839000,28.86,28.9,28.385,28.55,10082955
1727098200,29.11,29.97,29.09,29.76,16394861
1727184600,32.49,33.91,32.03,33.9,45861969
1727271000,32.514,33.3701,32.33,33.21,25649788
1727357400,37.06,38.18,36.93,37.99,53720642
1727443800,39.51,39.94,38.81,39.9,44906878
1727703000,42.38,42.68,39.81,40,49794846
1727789400,39.79,43,39.65,42.93,36322880
1727875800,46.64,46.64,43.73,44.8,58760403
1727962200,43,44.83,42.81,44.6,30201844
1728048600,46.28,47,45.76,46.97,30072361
1728307800,47.55,47.82,44.48,47.08,34782857
1728394200,43.08,44.5,42.53,43.54,33635762
1728480600,41.39,43.54,41.29,42.84,26457026
1728567000,43,44.04,41.91,43.22,15866822
1728653400,42.08,44.25,41.91,43.83,14606741
1728912600,43.77,45.35,43.354,44.14,22318336
1728999000,41.565,42,40.015,40.16,25545908
1729085400,40.47,41.71,40.4,40.54,17310344
1729171800,39.42,39.74,38.63,38.85,17418518
1729258200,40.83,40.98,39.56,39.98,15214145
1729517400,39.46,39.91,39.36,39.68,9582582
1729603800,39.6,41.03,39.44,40.35,11353199
1729690200,40.785,41.18,39.765,40,11646829
1729776600,39.63,39.82,38.8,39.33,8541779
1729863000,40.245,40.9399,39.72,39.9,10675420
1730122200,40.46,41.88,40.33,41.64,11411877
1730208600,42.49,42.6,41.01,41.14,14259116
1730295000,39.98,40.42,39.4609,40.03,7626141
1730381400,40.28,40.73,39.79,40.62,8319626
1730467800,40.77,41.175,40.33,40.44,6746147
1730730600,40.275,40.92,39.78,39.86,7358738
1730817000,40.75,41.18,39.94,40.03,7419899
1730903400,38.065,39.03,36.93,38.67,15031769
1730989800,40.145,41.5,40.07,41.23,16561709
1731076200,39.79,40.2,38.14,38.35,13967613
1731335400,39.08,39.29,38.615,39.02,12044314
1731421800,36.91,36.92,36.01,36.1,20709373
1731508200,36.535,36.82,35.56,35.69,18818589
1731594600,35.43,35.43,33.16,33.35,30434972
1731681000,34.25,35.195,33.66,35,17140243
1731940200,35.43,35.7,35.06,35.33,10651058
1732026600,34.6,35.19,34.5,35.19,8723025
1732113000,35.48,35.49,34.88,35.18,8294475
1732199400,35.18,35.76,35.1,35.38,9256761
1732285800,35.202,35.4,34.54,34.68,10254587
1732545000,34.28,34.65,34.03,34.51,10780538
1732631400,35.21,35.5,34.73,35.33,12297240
1732717800,36.7,37.31,36.57,37.19,15474985
1732890600,37.16,37.41,36.76,37.38,6108812
1733149800,38,38.099,37.24,37.47,7745089
1733236200,37.08,37.61,36.9494,37.1,5056509
1733322600,36.4701,36.565,35.55,35.73,14240169
1733409000,36.435,36.74,36.31,36.41,8938761
1733495400,37.62,37.98,37.16,37.18,11390614
1733754600,40.62,42.73,40.52,41.27,33201132
1733841000,39.79,40.1506,39.34,39.565,10131312
1733927400,38.295,38.46,37.85,38.21,11369649
1734013800,37.41,38.12,37.01,38.11,9606765
1734100200,37.415,37.51,36.915,37.29,7498065
1734359400,36.74,36.98,36.48,36.71,6836018
1734445800,36.625,37.515,36.4725,37.27,5980708
1734532200,36.97,37.47,36.31,36.44,6149693
1734618600,36.56,36.73,35.89,35.91,7279605
1734705000,35.395,35.875,35.05,35.64,12467946
1734964200,35.78,36.37,35.67,36.29,7293261
1735050600,36.42,36.49,36.1749,36.46,2140772
1735223400,36.19,36.62,36.065,36.13,4578714
1735309800,35.2,35.26,34.67,34.98,6635682
1735569000,34.65,34.68,34.04,34.26,12576759
1735655400,34.86,35.24,34.475,34.67,6339090
1735828200,34.12,34.82,34.09,34.23,6383670
1735914600,34.67,35.36,34.67,35.34,7170459
1736173800,35.65,35.96,34.935,35.14,8641746
1736260200,34.87,35.3,34.87,34.98,7231771
1736346600,34.62,34.86,34.295,34.72,5985996
1736519400,33.575,33.61,32.78,33.1,12721135
1736778600,32.99,33.6,32.99,33.39,7485923
1736865000,35.1,35.34,34.6799,34.74,9069337
1736951400,35.7,35.7,35.245,35.37,6495414
1737037800,35.7,35.94,35.38,35.42,6110676
1737124200,37.37,39.24,37.21,39,28483990
1737469800,40.03,40.22,38.4,38.5,16564979
1737556200,39.15,39.3975,38.67,39.12,12974860
1737642600,38.86,38.9,38.304,38.7,7291509
1737729000,39.805,40.78,39.575,40.72,11759010
1737988200,40.6,40.72,39.93,40.3,10170013
1738074600,40.28,41.14,39.83,41.07,7840719
1738161000,41.11,41.47,40.15,40.26,10791696
1738247400,40.15,42.435,40.12,42.3,11679950
1738333800,41.845,42.02,40.455,40.72,11072503
1738593000,38.94,40.94,38.89,40.03,10652310
1738679400,41.65,42.25,41.12,41.16,13552674
1738765800,40.29,40.55,39.685,39.81,10936955
1738852200,40.45,40.64,39.83,40.01,5359937
1738938600,40.6,41.33,39.86,40.17,8332408
1739197800,41.43,42.31,40.65,42.17,10894644
1739284200,41.2,41.54,40.4,40.8,18749183
1739370600,39.97,40.03,38.9034,39.31,19220068
1739457000,38.15,39.66,37.84,39.59,10155822
1739543400,42.01,42.22,40.98,41.38,13326392
1739889000,40.185,40.2,38.76,38.91,18769352
1739975400,39.23,39.335,38.59,39.19,10187004
1740061800,41.465,42.93,40.48,41.19,20896996
1740148200,41.74,43.63,41.54,42.42,22998409
1740407400,40.76,40.99,38.83,39.31,27908919
1740493800,39.95,40.56,39.77,40.07,16079929
1740580200,42.8,43.5,42.175,42.53,17009473
1740666600,42.915,43.335,42.04,42.54,10789815
1740753000,40.965,41.92,40.9,41.9,9714341
1741012200,41.29,41.69,39.96,40.24,15436474
1741098600,40.615,41.63,40.31,40.95,11817459
1741185000,42.44,43.9,41.92,43.76,19302168
1741271400,44.73,46.445,42.6903,43.92,46754383
1741357800,43.29,43.747507,41.75,42.29,22241533
1741613400,41.16,41.8,40.2,40.64,16387288
1741699800,41.55,41.79,40.36,40.75,13318469
1741786200,40.25,40.67,39.621,40.37,11661950
1741872600,40.515,42.15,40.492,41.24,16393161
1741959000,43,43.38,42.68,43.16,12370535
1742218200,43.42,45.28,43.3,45.21,15971346
1742304600,45.675,45.75,44.69,44.92,10885820
1742391000,45.28,45.38,44.26,44.83,6522971
1742477400,42.58,43.5894,42.41,42.98,17561077
1742563800,42.08,42.46,41.89,42.24,10837886
1742823000,42.52,42.81,42.03,42.57,8128762
1742909400,41.75,42.62,41.36,41.47,11454875
1742995800,41.84,42.2999,41.47,41.78,9396292
1743082200,41.99,43.38,41.8,42.89,9563568
1743168600,41.99,42.205,41.435,41.58,6737941
1743427800,40.86,41.315,40.55,41.12,7232056
1743514200,41.31,41.69,41.07,41.32,11027699
1743600600,41.22,41.475,40.675,41.09,6850376
1743687000,39.29,40.2597,39.21,39.9,10969154
1743773400,36.395,36.9082,34.86,36.81,25781397
1744032600,34.415,36.97,33.52,34.92,28861917
1744119000,35.71,35.945,32.715,33.02,26493222
1744205400,33.385,35.65,33.03,35.075,26784490
1744291800,36.025,37.17,34.99,35.58,24546350
1744378200,36.24,36.7,35.08,36.42,22648291
1744637400,37.715,39.27,37.65,38.18,18710168
1744723800,37.755,37.76,37.17,37.44,12425922
1744810200,35.93,36.15,35.05,35.33,16172146
1744896600,35.58,35.775,34.69,34.72,13869885
1745242200,34.16,34.24,33.08,34.06,14714102
1745328600,33.885,34.26,33.3,33.67,25811276
1745415000,34.215,34.82,33.47,33.56,20795841
1745501400,32.32,32.6,31.895,32.47,25415757
1745587800,31.99,32.585,31.8,32.53,14425445
1745847000,32.595,33.175,32.35,32.7,14246608
1745933400,32.985,33.21,32.845,32.88,10406617
1746019800,32.58,32.67,31.94,32.62,12113081
1746106200,32.78,33.07,32.525,32.85,6796812
1746192600,34.37,34.645,33.86,34.47,12543591
1746451800,34.025,34.455,33.95,34.06,6749253
1746538200,34.04,34.31,33.94,34.06,11487319
1746624600,33.6,33.92,33.37,33.82,6933129
1746711000,34.09,34.37,33.68,34.12,6830768
1746797400,34.1,34.39,33.82,33.86,6690967
1747056600,35.9,36.24,35.555,36.05,21421318
1747143000,36.065,38.08,35.32,37.25,39428970
1747229400,36.79,37,35.54,35.73,16957388
1747315800,34.914,34.97,33.95,34.35,19620591
1747402200,33.88,33.92,33.465,33.55,13346233
1747661400,33.23,33.7,33.03,33.69,7112633
1747747800,34.08,34.46,33.885,33.95,10704864
1747834200,34.22,34.3,33.545,33.65,8321355
1747920600,33.6,33.97,33.28,33.69,8963608
1748007000,33.25,33.535,33.1,33.35,6530919
1748352600,32.865,32.89,32.45,32.54,11839533
1748439000,32.18,32.2,31.555,31.58,13150800
1748525400,32.99,33.12,32.525,32.94,18270986
1748611800,32.485,32.625,31.98,32.41,11037470
1748871000,32.59,32.9,32.45,32.86,6943063
1748957400,32.62,32.665,32.25,32.41,7013132
1749043800,32.775,33.5,32.75,33.33,11293732
1749130200,33.505,33.505,32.895,33.09,10187585
1749216600,32.89,33.15,32.7,33.12,8489730
1749475800,34.05,34.12,33.6,33.94,11381435
1749562200,33.96,33.96,33.47,33.79,6061680
1749648600,34.235,34.305,33.7,33.73,6792168
1749735000,33.58,33.8,33.49,33.61,5265872
1749821400,32.99,33.18,32.625,32.76,6847223
1750080600,33.18,33.7899,33.18,33.48,9697838
1750167000,33.56,33.9,33.17,33.17,7943287
1750253400,32.84,32.84,32.31,32.5,9966106
1750426200,32.115,32.115,31.36,31.44,16387892
1750685400,31.5,31.69,31.2712,31.59,9278678
1750771800,32.32,32.79,32.095,32.58,10894282
1750858200,33.03,33.275,32.76,32.94,8387230
1750944600,33.125,33.29,32.88,33.26,6795936
1751031000,33.265,33.27,32.9113,33.07,7636421
1751290200,32.56,32.675,32.18,32.64,7922906
1751376600,32.435,32.96,32.19,32.7,6415475
1751463000,32.59,32.59,32.005,32.47,10078880
1751549400,31.985,32.3,31.915,32.07,5948477
1751895000,31.88,32.52,31.845,32.02,6779728
1751981400,32.49,33.18,32.45,32.7,8190382
1752067800,32.055,32.07,31.4,31.6,12983558
1752154200,31.37,31.45,31.13,31.22,10081104
1752240600,31.36,31.51,31.05,31.1,7774208
1752499800,31.02,31.105,30.71,30.8,8442754
1752586200,31.75,32.2,31.555,32.04,16352709
1752672600,31.78,31.8,31.36,31.64,7506649
1752759000,31.6,32.81,31.56,32.69,12359306
1752845400,34,34.54,33.6501,33.92,23776777
1753104600,33.55,33.88,33.16,33.4,10481438
1753191000,33.49,33.99,33.18,33.88,10338589
1753277400,34.245,34.315,33.83,33.93,8726203
1753363800,33.93,33.98,33.3122,33.47,7713781
1753450200,33.15,33.31,32.98,33.18,4898006
1753709400,33.38,33.65,33.06,33.22,5788343
1753795800,33.2,33.265,32.13,32.22,11111479
1753882200,32.06,32.17,31.5847,31.75,9185088
1753968600,31.27,31.91,31.08,31.49,12633630
1754055000,31.12,31.17,30.6,30.91,11472684
1754314200,31.468,31.66,31.17,31.62,9410715
1754400600,31.4,31.61,31.31,31.34,5967147
1754487000,31.29,31.42,30.97,31.34,4616654
1754573400,31.66,31.83,31.52,31.75,4975833
1754659800,31.42,31.5,31.185,31.49,4302804
1754919000,31.225,31.56,31.05,31.18,7617970
1755005400,31.46,32.198,31.41,32.12,8489073
1755091800,32.725,32.8,32.115,32.51,16590568
1755178200,31.9,32.77,31.16,31.58,24556776
1755264600,31.12,31.81,31.12,31.7,14059807
1755523800,31.99,32.48,31.68,31.77,9849970
1755610200,31.52,31.85,31.13,31.24,8780074
1755696600,31.26,31.45,30.96,31.17,7150407
1755783000,30.98,31.3,30.95,31.18,5007992
1755869400,31.31,31.96,31.2,31.88,12016228
1756128600,32.215,32.425,31.985,31.99,9985576
1756215000,32.1,32.37,31.76,31.81,5606213
1756301400,30.8,30.88,30.5507,30.82,16777306
1756387800,30.13,30.45,29.9,30.39,18320573
1756474200,30.755,31.34,30.5,31.07,18807393
1756819800,30.55,31.62,30.205,31.58,16122211
1756906200,31,31.33,30.8663,31.2,9620810
1756992600,31.02,31.14,30.61,30.93,13222479
1757079000,31.39,31.45,30.955,31.45,13874860
1757338200,31.66,32.87,31.6,32.85,21711589
1757424600,33.02,33.93,32.75,33.87,27784503
1757511000,33.87,33.88,33.075,33.32,20033880
1757597400,33.33,34.46,33.27,34.4,23507984
1757683800,34.235,34.27,33.61,33.67,20314018
1757943000,34.21,34.32,33.37,33.62,19129591
1758029400,33.47,34.94,33.14,34.71,27885428
1758115800,35.445,35.685,34.5502,35.24,31709686
1758202200,34.725,35.575,34.52,35.38,26354209
1758288600,35.73,36.055,35.06,35.1,28939064
1758547800,34.84,34.91,33.855,33.93,21413797
1758634200,33.41,34.15,32.92,32.94,20467919
1758720600,34.11,35.8,33.87,34.83,34013513
1758807000,35.34,35.745,34.395,35.17,22362302
1758893400,34.785,35.03,34.18,34.5,14737538
1759152600,35.285,35.7,35.1244,35.64,16570500
1759239000,35.65,35.9451,34.71,34.98,25025988
1759325400,35.3,36.33,35.22,36.17,21279546
1759411800,36.745,36.86,35.85,35.98,21720498
1759498200,36.16,36.23,35.065,35.4,15225021
1759757400,35.28,36.08,35.11,35.91,11856827
1759843800,36.035,36.14,34.7226,34.89,14372374
1759930200,34.805,35.11,34.24,34.98,12424665
1760016600,34.9,34.98,33.75,33.97,17371890
1760103000,33.875,34.19,31.35,31.85,38090130
1760362200,32.915,33.59,32.61,33.25,24982503
1760448600,32.5,33.03,32.18,32.71,12008335
1760535000,33.09,33.5,32.845,33.14,11346831
1760621400,33.22,33.41,32.67,32.74,7938769
1760707800,32.35,33.34,32.16,33.07,9941270
1760967000,33,33.9,32.58,33.76,14131706
1761053400,33.01,33.1665,32.76,32.83,9309873
1761139800,32.61,32.865,32.165,32.46,9981401
1761226200,32.895,33.375,32.82,33.18,10962017
1761312600,33.475,33.55,33.04,33.19,8421720
1761571800,34.22,34.38,34.035,34.2,10583283
1761658200,33.99,34.77,33.82,34.53,12463938
1761744600,35.02,35.0588,34.1118,34.36,10322636
1761831000,33.25,33.75,33.055,33.37,10339883
1761917400,32.91,33.26,32.66,33.04,8086654
1762180200,33,33,32.3,32.78,7712008
1762266600,31.84,32.3551,31.68,31.82,11183195
1762353000,31.89,32.09,31.64,32.04,7422789
1762439400,32.52,32.665,31.72,31.95,8388577
1762525800,31.385,31.9,30.95,31.79,10591318
1762785000,31.49,31.53,31.08,31.41,13963573
1762871400,31.82,31.925,31.43,31.61,10870611
1762957800,31.93,31.93,31.11,31.25,14927498
1763044200,31.445,31.8,30.18,30.71,31428175
1763130600,29.555,30.1,29.01,29.31,30566465
1763389800,29.43,30.15,29.365,29.54,16398318
1763476200,29.1,29.735,29.02,29.45,11462056
1763562600,29.27,29.43,28.715,28.875,13343345
1763649000,29.065,29.5,28.34,28.39,13790306
1763735400,28.255,29.11,28.21,28.93,11966744
1763994600,28.935,29.165,28.7716,29.06,11968574
1764081000,29.1,29.38,28.94,29.14,10999842
1764167400,29.475,29.73,29.01,29.42,12656973
1764340200,29.85,29.99,29.735,29.83,6417237
1764599400,29.95,30.14,29.89,29.89,10819710
1764685800,29.8,30.155,29.61,30.05,5958974
1764772200,29.69,30.015,29.6,29.87,5206686
1764858600,29.88,30.02,29.69,29.74,6441130
1764945000,29.98,30.1397,29.85,29.9,5238848
1765204200,29.86,30.03,29.75,29.92,6452736
1765290600,29.13,29.715,29.11,29.7,8579202
1765377000,29.572,29.8999,29.572,29.61,7067187
1765463400,29.43,29.61,29.3,29.54,8783543
1765549800,29.61,29.93,29.31,29.44,7582426
1765809000,29.32,29.38,28.84,28.85,7265222
1765895400,28.44,28.86,28.32,28.85,8175541
1765981800,28.93,29.18,28.555,28.6,6603834
1766068200,28.905,29.09,28.775,28.8,6832441
1766154600,28.64,29,28.61,28.82,9963780
1766413800,28.88,29.14,28.8,29.09,9558620
1766500200,29,29.08,28.73,29.08,6847379
1766586600,29.04,29.4368,29.03,29.17,4152289
1766759400,29.29,29.4399,29.06,29.4,4767858
1767018600,28.9,29.28,28.76,29.27,13141030
1767105000,29.195,29.27,28.685,28.71,10284247
1767191400,28.61,28.74,28.51,28.7,8272184
1767364200,29.585,29.595,29.02,29.53,12077131
1767623400,29.12,29.865,28.86,29.65,11039039
1767709800,29.79,30,29.5746,29.6,9735524
1767796200,29.26,29.26,28.8637,29.03,8705555
1767882600,28.73,29.725,28.64,29.67,10892877
1767969000,29.65,29.765,29.365,29.45,6221608
1768228200,29.91,30.979,29.89,30.73,15581997
1768314600,30.388,30.475,29.76,29.88,11961209
1768401000,29.595,30.195,29.56,29.83,8962974
1768487400,29.71,29.79,29.055,29.41,9606695
1768573800,29.26,29.32,28.57,28.9,10720928
1768919400,28.5,28.86,28.34,28.38,8556283
1769005800,28.945,29.335,28.7181,29.07,13987712
1769092200,29.39,30.155,29.38,30,13027554
1769178600,29.55,29.975,29.5,29.84,7592756
1769437800,29.78,30.015,29.49,29.78,7040848
1769524200,29.2,29.57,29.04,29.5,9219256
1769610600,29.65,29.7,29.095,29.23,8432289
1769697000,29.475,29.82,28.825,29.07,11682377
1769783400,28.9,29.04,28.33,28.48,9416487
1770042600,28.28,28.715,28.18,28.53,7621144
1770129000,28.1,28.295,27.7,28.04,11786395
1770215400,27.73,27.84,27.16,27.55,13923096
1770301800,27.56,27.67,27.225,27.32,10774672
1770388200,27.6,28.11,27.5,28.07,8876239
1770647400,27.75,28.25,27.615,28.01,7502270
1770733800,28.12,28.71,27.925,28.35,7784201
1770820200,28.04,28.31,27.8701,28.27,5828630
1770906600,27.86,27.88,27.02,27.52,13130500
1770993000,27.05,27.475,27.03,27.14,8908484
1771338600,27.14,27.48,26.95,27.33,6222765
1771425000,27.51,27.615,27.325,27.41,3780103
1771511400,27.42,27.45,27.075,27.27,5254816
1771597800,26.8,27.52,26.715,27.41,8653546
1771857000,27.56,27.6,27,27.23,7434629
1771943400,27.3,27.625,27.15,27.52,5391423
1772029800,27.46,27.585,27.215,27.54,4549193
1772116200,26.815,27.06,26.675,26.98,9675496
1772202600,26.57,26.735,26.4,26.53,7858627
1772461800,25.71,26.355,25.65,26.35,9507891
1772548200,25.32,25.79,25.015,25.64,16010065