time,open,high,low,close,Volume
1356618600,1.2941416,1.3062844,1.2648557,1.2928559,148993319.99999997
1356705000,1.2828559,1.2935701,1.2699986,1.2761416,111302070
1356964200,1.2768559,1.335713,1.27157,1.322713,180782810
1357137000,1.3601416,1.3687129,1.2955701,1.3144271,194926809.99999997
1357223400,1.3138558,1.3988557,1.3075717,1.3798558,279327920
1357309800,1.3791413,1.3958559,1.3648556,1.3711415,177693140
1357569000,1.3769986,1.45357,1.3731415,1.417147,455691980
1357655400,1.4287127,1.442713,1.3828558,1.3879458,247251159.99999997
1357741800,1.3874272,1.3992843,1.3507129,1.3701415,202257989.99999997
1357828200,1.3795702,1.4274271,1.3671415,1.3999986,261237530
1357914600,1.4025699,1.4559985,1.3999986,1.4469984,298544270
1358173800,1.442713,1.4928557,1.43657,1.4777844,234777640
1358260200,1.4717128,1.4907985,1.44357,1.4527128,170752220
1358346600,1.4545701,1.4614271,1.3822842,1.39257,280495809.99999994
1358433000,1.4012843,1.4085702,1.3678558,1.3957129,162258690
1358519400,1.434,1.4562843,1.4096729,1.4167129,360111230
1358865000,1.4235699,1.4235699,1.3798558,1.3972843,227814309.99999997
1358951400,1.38757,1.4832842,1.3859986,1.4751412,742386020
1359037800,2.0569981,2.1309979,1.9945694,2.0979979,1188055739.9999998
1359124200,2.0809979,2.4668545,2.0801122,2.4222833,1914459350
1359383400,2.464426,2.5321403,2.2969976,2.3158548,1091598310
1359469800,2.2589977,2.4268547,2.2375692,2.4159976,596083140
1359556200,2.4784262,2.5071388,2.323712,2.3957119,480896910.00000006
1359642600,2.3872119,2.4142833,2.2902836,2.3605692,356324149.99999994
1359729000,2.428569,2.4714261,2.3411405,2.3542834,504100879.99999994
1359988200,2.3254262,2.5018546,2.3254262,2.4962834,509688559.9999999
1360074600,2.462569,2.5412832,2.4428547,2.4912402,570908250
1360161000,2.4999975,2.6479259,2.4935689,2.6344259,672360820
1360247400,2.6535688,2.6982759,2.5505687,2.5994547,531065399.99999994
1360333800,2.5963545,2.6279959,2.5715687,2.5852831,256749400
1360593000,2.5568546,2.6007117,2.4971404,2.5412832,293644269.99999994
1360679400,2.5808546,2.6222831,2.5101405,2.5421403,344035009.99999994
1360765800,2.584283,2.6628543,2.5665689,2.6609831,409288510
1360852200,2.6755686,2.7121387,2.6384401,2.67714,319958550
1360938600,2.6938546,2.714283,2.6608543,2.7073114,266640829.99999994
1361284200,2.7285687,2.8167115,2.7164289,2.8064258,341529780
1361370600,2.8225686,2.82314,2.6642831,2.6731402,350276500
1361457000,2.6571402,2.7457115,2.6071403,2.6735686,368936759.99999994
1361543400,2.6245688,2.6255687,2.5489989,2.569426,389706480
1361802600,2.585569,2.6728546,2.5064261,2.5617119,522000389.99999994
1361889000,2.5799976,2.6459974,2.5085691,2.6298545,338955659.99999994
1361975400,2.6225688,2.6571402,2.5794403,2.6331404,226461000
1362061800,2.6258545,2.7447258,2.6215687,2.6868545,343025470
1362148200,2.6729973,2.7191401,2.6601403,2.705283,214526409.99999997
1362407400,2.6954257,2.7154259,2.5237132,2.5887118,478451590
1362493800,2.6381402,2.6472831,2.5439975,2.5961403,323527230
1362580200,2.6021401,2.6422832,2.5654273,2.613426,174601239.99999997
1362666600,2.571426,2.6071403,2.5165689,2.5937117,287152880
1362753000,2.606426,2.6549975,2.581569,2.6385688,235230679.99999997
1363008600,2.6285688,2.6359959,2.557283,2.5778546,210230579.99999997
1363095000,2.5622832,2.6309961,2.5607117,2.6015688,211609930
1363181400,2.67714,2.7884258,2.6678545,2.7479973,538980860
1363267800,2.7527115,2.7527115,2.672426,2.6909973,284833150
1363354200,2.7035687,2.7141387,2.6364259,2.6407118,206736100
1363613400,2.5911403,2.6681402,2.5793117,2.6512831,180833279.99999997
1363699800,2.6571402,2.6678545,2.5607117,2.5909974,198819930
1363786200,2.6088545,2.6264245,2.5775687,2.6149974,111396709.99999999
1363872600,2.6057115,2.67714,2.5995688,2.5998547,188072470
1363959000,2.6157118,2.6265688,2.5642832,2.5899974,142078859.99999997
1364218200,2.6061401,2.6405688,2.5681403,2.5827116,150326970
1364304600,2.6285688,2.7519972,2.6228547,2.7229973,468254260
1364391000,2.7091401,2.81514,2.6904259,2.7177117,404857160
1364477400,2.7249973,2.7557114,2.6942832,2.7039973,195954760
1364823000,2.7278544,2.7357116,2.592426,2.6061401,229669170
1364909400,2.6271401,2.6454245,2.5157119,2.5241403,322920470
1364995800,2.5293545,2.5475689,2.3465689,2.4248549,754019960
1365082200,2.3909976,2.4303977,2.3401405,2.3812833,344649750
1365168600,2.3359977,2.4357119,2.3218548,2.3522834,325170830
1365427800,2.3689976,2.3757119,2.2714263,2.3294262,317587580
1365514200,2.3355692,2.4481404,2.3149977,2.4194262,340830339.99999994
1365600600,2.3999976,2.4207119,2.3558548,2.3724263,297311359.99999994
1365687000,2.4118547,2.4771402,2.411712,2.4715688,330558390
1365773400,2.5284262,2.5377117,2.4457261,2.4742832,378173200
1366032600,2.5079975,2.6049944,2.4971404,2.5214261,465518799.99999994
1366119000,2.4995689,2.5389975,2.4609975,2.5121405,297332640
1366205400,2.4905689,2.5341403,2.4038547,2.4194262,275551000
1366291800,2.4428547,2.4557117,2.3114263,2.3402835,231307670
1366378200,2.3642834,2.4167119,2.3289992,2.3338548,201663620
1366637400,2.3674262,2.5214261,2.3674262,2.4909975,848701069.9999999
1366723800,3.0795685,3.1339969,2.9929969,3.0998542,1148605730
1366810200,3.1085685,3.2042825,3.045997,3.0959969,469279620
1366896600,3.0997112,3.1255682,3.0467112,3.0535684,292811900
1366983000,3.0999969,3.101854,3.035997,3.0792826,218033830
1367242200,3.0944255,3.1104255,3.0287111,3.0716112,207897679.99999997
1367328600,3.0657114,3.1392826,3.0605685,3.0867113,250842800
1367415000,3.0845683,3.1055542,3.0235683,3.0415684,183721130
1367501400,3.0462828,3.0778541,3.0027113,3.0641399,183344670
1367587800,3.0825683,3.1175683,3.0385684,3.0492827,154336079.99999997
1367847000,2.9947113,3.034997,2.9145685,3.0098541,317388499.99999994
1367933400,2.9825684,3.0074256,2.9371401,2.9464256,170972019.99999997
1368019800,2.9275684,3.0057111,2.9218542,2.9801399,176239449.99999997
1368106200,2.9718542,3.126854,2.9502828,3.0915683,361194900.00000006
1368192600,3.0915683,3.1392826,3.0651412,3.1099112,188628970
1368451800,3.1024255,3.2812824,3.1019969,3.2768396,413927910
1368538200,3.3141397,3.3798538,3.2971396,3.3424252,385539870
1368624600,3.4209966,3.5061392,3.397568,3.4771392,360585410
1368711000,3.5278536,3.5549966,3.3599966,3.3861395,280619220
1368797400,3.407568,3.4678537,3.3714252,3.4142823,201465449.99999997
1369056600,3.4062823,3.4521393,3.3822822,3.4221394,147716589.99999997
1369143000,3.4291393,3.441425,3.3571395,3.3869966,115215839.99999999
1369229400,3.3485679,3.4028537,3.2377126,3.2651396,217914479.99999997
1369315800,3.2242825,3.2599967,3.1649968,3.2311395,162105390
1369402200,3.2175682,3.2714253,3.2071397,3.2677112,118118179.99999999
1369747800,3.310711,3.3708539,3.0424971,3.0598541,395249369.99999994
1369834200,3.0649969,3.1625668,2.9987113,3.0762826,341201970
1369920600,3.0861398,3.1857111,3.0221398,3.180854,241006039.99999997
1370007000,3.2177112,3.279711,3.2007124,3.2321396,254394110
1370266200,3.2435682,3.2499968,3.1081399,3.1709968,212754150
1370352600,3.144497,3.250711,3.1224256,3.2187111,230143850
1370439000,3.1884254,3.2571396,3.1199967,3.1922827,330980560
1370525400,3.1731397,3.2199966,3.0571398,3.1105685,260789669.99999997
1370611800,3.1234254,3.1545684,3.0807111,3.1459969,153100440
1370871000,3.1861397,3.1904254,3.0865683,3.1561396,138175789.99999997
1370957400,3.1121399,3.1467111,3.0542827,3.0637114,142143399.99999997
1371043800,3.0832826,3.0832826,2.9552828,2.9662827,191139600
1371130200,2.9712829,3.0792826,2.9392828,3.0769969,185196239.99999997
1371216600,3.0681398,3.1041396,3.03314,3.0569971,124977559.99999999
1371475800,3.2219966,3.2928523,3.1964254,3.274711,358653260
1371562200,3.2891397,3.2999967,3.2342823,3.2689967,174856389.99999997
1371648600,3.2571396,3.3697109,3.2515823,3.318711,223620470
1371735000,3.2781396,3.2999967,3.1505681,3.1931397,211291290
1371821400,3.2149968,3.2339968,3.0599969,3.0985682,233982020
1372080600,3.0428541,3.1297112,2.9857113,3.0799971,179067589.99999997
1372167000,3.0281398,3.049997,2.9651399,3.0414254,209200800
1372253400,3.0649969,3.117854,3.0117114,3.0299971,188395380
1372339800,3.0415684,3.0961682,2.9942829,3.0709969,183326119.99999997
1372426200,3.0609969,3.0899955,3.0007113,3.0155684,195814549.99999997
1372685400,3.0517112,3.2189968,3.0285684,3.2039968,245183079.99999994
1372771800,3.2175682,3.2495682,3.1142826,3.1637113,177306950
1372858200,3.1731397,3.1999968,3.127854,3.155854,86414589.99999999
1373031000,3.1727111,3.2178539,3.1332826,3.2157112,99584679.99999999
1373290200,3.2425682,3.3605682,3.2215681,3.3299968,243000339.99999997
1373376600,3.3577108,3.534425,3.3552824,3.534025,355499760
1373463000,3.5078536,3.5271392,3.4172824,3.4831395,225780460
1373549400,3.5428536,3.5599964,3.4402824,3.4881394,211547839.99999997
1373635800,3.5118536,3.6775668,3.5107108,3.6751533,342697939.99999994
1373895000,3.7057092,3.7121406,3.6018535,3.6854246,206148170
1373981400,3.6755683,3.8052836,3.6671385,3.7211389,333763059.99999994
1374067800,3.7319961,3.832282,3.6952809,3.8274236,195359200
1374154200,3.8615684,3.8615684,3.7714248,3.8058521,205025579.99999997
1374240600,3.8204238,3.8278386,3.7597095,3.7796524,181292130
1374499800,3.8121405,3.8392819,3.6731409,3.7422814,473136210
1374586200,3.5914248,3.7462085,3.5171393,3.5751391,768843590
1374672600,3.567425,3.6035678,3.4314251,3.4471394,334215610
1374759000,3.436568,3.5379965,3.4272823,3.5248538,196429710
1374845400,3.4945679,3.5282822,3.4401394,3.5187108,178318589.99999997
1375104600,3.5151393,3.5809964,3.4642823,3.4994252,132184420
1375191000,3.5057106,3.5415679,3.4544251,3.4822821,108903160
1375277400,3.4772822,3.5299966,3.4562823,3.4926249,131259230
1375363800,3.5219963,3.571425,3.4938538,3.5588536,142066399.99999997
1375450200,3.5619964,3.5619964,3.4971394,3.5168535,139261560
1375709400,3.4844251,3.6271391,3.4482823,3.6262821,229848999.99999997
1375795800,3.6278535,3.6799977,3.5728537,3.6557105,204226529.99999997
1375882200,3.6337107,3.6781388,3.5522822,3.5601394,163395140
1375968600,3.5981393,3.6270678,3.5492822,3.5771391,148184750
1376055000,3.5712823,3.6244251,3.5685679,3.6107107,123275370
1376314200,3.5897107,3.6714249,3.577425,3.665712,178117130
1376400600,3.6949949,3.7456958,3.6180035,3.7027097,219643339.99999997
1376487000,3.689997,3.7684254,3.6859337,3.74014,174028990
1376573400,3.6999963,3.7212819,3.5908536,3.6201392,166378399.99999997
1376659800,3.6172822,3.7164234,3.5875821,3.6981409,213575740
1376919000,3.6857106,3.764282,3.6821392,3.7111396,155075979.99999997
1377005400,3.7561381,3.9077109,3.7499963,3.9041395,301406369.99999994
1377091800,3.8984231,3.9235661,3.8214248,3.8624264,213018469.99999997
1377178200,3.8931392,3.906567,3.831853,3.8535676,100283989.99999999
1377264600,3.857854,3.9769945,3.8431393,3.976569,223464089.99999997
1377523800,3.9444262,4.1420579,3.9148538,4.0388527,310173880
1377610200,3.9878517,4.0839942,3.9214247,3.9434252,231383480
1377696600,3.9808519,4.0714245,3.9485661,4.0479975,193777689.99999997
1377783000,4.0575678,4.1461384,4.0548544,4.1121402,191121189.99999997
1377869400,4.117853,4.1261399,4.0421381,4.0558518,151584030
1378215000,4.1061378,4.1529953,4.0649966,4.1285673,199794749.99999997
1378301400,4.1262829,4.1865681,4.0998529,4.1775663,197440019.99999997
1378387800,4.2399965,4.2704233,4.2059947,4.2158545,190930440
1378474200,4.2332826,4.235853,4.1457094,4.1648535,177102409.99999997
1378733400,4.1821387,4.2185679,4.1468534,4.2021372,138487220
1378819800,4.2499958,4.4748525,4.2401395,4.4722821,366814570
1378906200,4.4819954,4.4882802,4.3411368,4.404282,299849419.99999994
1378992600,4.311997,4.3778521,4.26214,4.3057958,219612329.99999997
1379079000,4.3142814,4.3714242,4.2741413,4.3664228,150507850
1379338200,4.428567,4.4312804,4.311425,4.3165658,141051750
1379424600,4.3148534,4.3322815,4.2528522,4.2792821,182192260
1379511000,4.2708523,4.3954232,4.2588546,4.3845659,137477750
1379597400,4.405283,4.4106402,4.3429958,4.3642535,174490779.99999997
1379683800,4.3691398,4.5126733,4.3659973,4.4832824,308359330
1379943000,4.5769939,4.5769939,4.2788531,4.3148534,320550550
1380029400,4.3042821,4.4199942,4.2907149,4.3784241,188223459.99999997
1380115800,4.402852,4.4399963,4.3437108,4.3877083,146522949.99999997
1380202200,4.4005676,4.4927097,4.3928528,4.4787099,124810539.99999999
1380288600,4.4394243,4.4788529,4.4242806,4.4628513,83109959.99999999
1380547800,4.3959952,4.4592798,4.3599949,4.4172807,125394970
1380634200,4.4967101,4.6385661,4.4857098,4.6374256,297592690
1380720600,4.6012824,4.7657109,4.5945685,4.7247093,306260169.99999994
1380807000,4.7287097,4.7785667,4.5435676,4.595995,246636279.99999997
1380893400,4.6239944,4.689996,4.5505674,4.6751383,168181949.99999997
1381152600,4.6291388,4.6709949,4.544994,4.545137,146564390
1381239000,4.5612817,4.5931385,4.2795019,4.3188538,286783419.99999994
1381325400,4.2889954,4.2939236,4.0399967,4.1204235,420188299.99999994
1381411800,4.2999957,4.3918518,4.2342801,4.3427657,306947290
1381498200,4.3472997,4.3944257,4.2875654,4.2978228,192003680
1381757400,4.4372828,4.6467099,4.3714242,4.6337112,456597850
1381843800,4.6442825,4.6761393,4.5619967,4.595566,269097269.99999994
1381930200,4.572997,4.6499954,4.546567,4.6125372,188765049.99999997
1382016600,4.6029948,4.7172804,4.5665656,4.715711,193298959.99999997
1382103000,4.7714238,4.8068521,4.6799967,4.764281,254549509.99999997
1382362200,4.8988511,5.0773631,4.858568,5.0712805,650899780
1382448600,5.5405672,5.5594217,4.5928526,4.6074801,1811001490
1382535000,4.5331393,4.7884229,4.5285669,4.7177094,584292190
1382621400,4.7348516,4.8121395,4.6237084,4.7317091,335595940.00000006
1382707800,4.7285667,4.8171373,4.6558512,4.6861526,240832230.00000003
1382967000,4.6429954,4.7279953,4.4544241,4.4857098,342609180
1383053400,4.5509954,4.6767096,4.4171384,4.6757096,309666230
1383139800,4.6959953,4.6989953,4.5088526,4.5448526,216763610
1383226200,4.544424,4.6664239,4.5099955,4.6068525,184896989.99999997
1383312600,4.6975667,4.764281,4.6557111,4.703781,220359239.99999997
1383575400,4.7278524,4.8255666,4.6449954,4.8228523,219405829.99999997
1383661800,4.7934238,4.8914237,4.7578524,4.8785666,173203620
1383748200,4.8498523,4.9195665,4.7541381,4.7947095,207938280
1383834600,4.8428523,4.8524237,4.6451382,4.6694239,200424760
1383921000,4.670281,4.7942809,4.6502811,4.7842809,194678239.99999997
1384180200,4.7535667,4.8499952,4.6945667,4.8272809,168242779.99999997
1384266600,4.8025666,4.8499952,4.7335667,4.7675667,122485979.99999999
1384353000,4.760281,4.7922809,4.7014239,4.7897666,119958969.99999999
1384439400,4.7969952,4.9142808,4.7874238,4.8938522,201212609.99999997
1384525800,4.9228522,4.9984236,4.901138,4.9965664,201903440
1384785000,4.999995,5.006995,4.8499952,4.8824237,202628850
1384871400,4.868138,4.9545665,4.7748524,4.8184238,170576870
1384957800,4.9049951,4.9478522,4.8235666,4.8502809,194887259.99999997
1385044200,4.889138,4.9811379,4.8809951,4.9785665,160150640
1385130600,4.9832807,5.0085664,4.9142808,4.9692807,142111270
1385389800,4.9557093,5.0418521,4.9287094,5.0034236,139865590
1385476200,5.0071379,5.0922806,4.9652807,5.0742806,146890939.99999997
1385562600,5.1015663,5.1977948,5.0505664,5.1784234,168329230
1385735400,5.2007091,5.2542805,5.185852,5.2257091,83881430
1385994600,5.2125662,5.2565662,5.137282,5.1988519,116768860
1386081000,5.169852,5.1939948,5.0928521,5.184852,134035779.99999999
1386167400,5.1512806,5.2664233,5.0892806,5.0895663,193994760
1386253800,5.1114235,5.1589948,5.0484235,5.1151377,137931910
1386340200,5.1577091,5.161852,5.0285664,5.0634235,120820469.99999999
1386599400,5.0738521,5.1409949,5.0515664,5.0809949,117243110
1386685800,5.0714235,5.2062805,5.0474235,5.1871377,141026830
1386772200,5.2052805,5.3022804,5.1745663,5.1997091,201008210
1386858600,5.1952805,5.3548518,5.1935662,5.3332804,213187870
1386945000,5.3735661,5.3857089,5.268709,5.2709947,178766450
1387204200,5.2854233,5.2999947,5.2035662,5.2329948,139214170
1387290600,5.2392805,5.3957089,5.2324233,5.3552804,185167890
1387377000,5.3408518,5.3857089,5.2358519,5.3748518,198950479.99999997
1387463400,5.3457089,5.426566,5.3335661,5.3819946,138566390
1387549800,5.3785661,5.4241374,5.3477089,5.3667089,188221500
1387809000,5.4098517,5.477566,5.3804375,5.4368517,126629559.99999999
1387895400,5.4394231,5.4851374,5.392566,5.405566,55778500
1388068200,5.401566,5.441566,5.3690518,5.3847089,122757160
1388154600,5.3872803,5.4107089,5.2258519,5.2499948,169540650
1388413800,5.251709,5.2791376,5.1291377,5.242709,150802340
1388500200,5.2214234,5.2735662,5.1947091,5.2595662,105272120
1388673000,5.2401376,5.2511376,5.1542806,5.1831377,123339910
1388759400,5.1999948,5.2495576,5.1842805,5.1871377,108188949.99999999
1389018600,5.1889948,5.2044234,5.0475664,5.1367091,155039300
1389105000,4.9684236,4.9698522,4.8152809,4.8499952,362101890
1389191400,4.8104238,4.9425665,4.8074238,4.8712808,200190049.99999997
1389277800,4.8824237,4.9139951,4.7857095,4.8149952,170173180
1389364200,4.8295666,4.8376666,4.7218524,4.7448524,162497740
1389623400,4.7304238,4.980995,4.7304238,4.8115666,272478839.99999994
1389709800,4.8777094,4.8799951,4.7509952,4.8279952,197703149.99999997
1389796200,4.7857095,4.8367094,4.5581383,4.7197096,404794440.00000006
1389882600,4.6915667,4.7695667,4.6002811,4.738281,211398179.99999997
1389969000,4.7438524,4.7831352,4.6891382,4.7148524,164344620
1390314600,4.7461381,4.7496024,4.5749954,4.6958524,252407789.99999997
1390401000,4.7071382,4.7776967,4.6764382,4.7675667,493310580
1390487400,5.5342802,5.6518515,5.3927089,5.5531373,913601430
1390573800,5.4811374,5.581423,5.4768517,5.5154231,357131599.99999994
1390833000,5.5341373,5.5928516,5.293709,5.4461374,325892249.99999994
1390919400,5.4474231,5.820137,5.4394231,5.8109942,437468160
1391005800,5.7588514,5.819137,5.6864229,5.72028,290269220
1391092200,5.8157085,5.8455656,5.7358514,5.7809942,184083589.99999997
1391178600,5.74728,5.8914227,5.7471371,5.8475656,236467090
1391437800,5.8842798,5.8878513,5.7244943,5.7768514,201534609.99999997
1391524200,5.7921371,5.836137,5.6715658,5.7987085,181014510
1391610600,5.75928,5.8249942,5.6857086,5.7774228,167826280
1391697000,5.8059942,5.870137,5.72028,5.8272799,129068429.99999999
1391783400,5.9062798,6.1499939,5.8651384,6.1425653,330508620
1392042600,6.1347082,6.1767081,6.0611368,6.1491367,138485680
1392129000,6.1422796,6.2251166,6.0787082,6.1998509,136844670
1392215400,6.2111366,6.2128509,6.0791368,6.1275653,156829340
1392301800,6.0812796,6.2784209,6.0714368,6.2364223,187230929.99999997
1392388200,6.243708,6.2528509,6.1669938,6.2215652,120878709.99999999
1392733800,6.2422795,6.3034794,6.1142796,6.240708,155183639.99999997
1392820200,6.1667081,6.2321366,6.113851,6.1175653,160505330
1392906600,6.147851,6.2538509,6.130851,6.2135652,120132930
1392993000,6.2671366,6.2671366,6.1378781,6.1747081,135230680
1393252200,6.2209938,6.4241364,6.1214225,6.3857079,260975589.99999997
1393338600,6.428565,6.5398506,6.3571365,6.4718507,187365050
1393425000,6.5128506,6.5142792,6.3714222,6.4112793,150180460.00000003
1393511400,6.3977079,6.4875149,6.3977079,6.4604221,103260460
1393597800,6.4732792,6.4885649,6.2999937,6.3661365,157749980
1393857000,6.302708,6.3678508,6.2585652,6.3655651,135380900
1393943400,6.4417078,6.4999935,6.3655651,6.4997078,124055729.99999999
1394029800,6.4855649,6.5262792,6.4558507,6.478565,108814750
1394116200,6.4991364,6.5428506,6.4141079,6.4358507,118243549.99999999
1394202600,6.4867078,6.4934221,6.3644222,6.4052793,115744480
1394458200,6.4067079,6.4110793,6.1728653,6.2849937,154596900
1394544600,6.3234222,6.3811365,6.2235652,6.249708,104530890
1394631000,6.1954224,6.2785637,6.1382796,6.2368509,121520749.99999999
1394717400,6.2815651,6.289708,6.1182796,6.1437081,113902360
1394803800,6.1104225,6.2141366,6.0428511,6.0641368,150058590
1395063000,6.1169939,6.1542796,6.032994,6.0388511,107046760
1395149400,6.0338511,6.0894225,5.9499941,6.0035654,147289310
1395235800,5.9981369,6.0778296,5.957994,6.0012797,105315520
1395322200,5.9952797,6.1742795,5.9928512,6.0609939,144950890
1395408600,6.0871368,6.1191367,5.7962799,5.7998513,267990850
1395667800,5.7927085,5.8064228,5.265709,5.4128517,424840640
1395754200,5.4142803,5.4989945,5.2249948,5.297709,304056220
1395840600,5.328709,5.3921375,5.2367233,5.3182804,271593480
1395927000,5.3001376,5.397566,5.1647091,5.2025662,286719370
1396013400,5.1459949,5.2714233,5.0821378,5.1267092,246993770
1396272600,5.1644234,5.2408519,4.9982807,5.028995,221253839.99999997
1396359000,5.024995,5.2178519,5.0248521,5.2098519,213571049.99999997
1396445400,5.2237091,5.300709,5.1185663,5.1839948,241944669.99999997
1396531800,5.161852,5.2157091,5.0014236,5.0669949,220014489.99999997
1396618200,5.0778521,5.0857092,4.7982809,4.8187095,349902900
1396877400,4.8644237,4.9741379,4.7301381,4.8285666,373512600
1396963800,4.8578523,5.0112307,4.834138,4.9841379,257921549.99999997
1397050200,5.0147093,5.0557092,4.902138,5.0432807,205291229.99999997
1397136600,5.0639949,5.106852,4.7715667,4.7818524,249179800
1397223000,4.7257096,4.7831381,4.6229954,4.667281,301658860
1397482200,4.7555667,4.7857095,4.6505668,4.7368524,180010849.99999997
1397568600,4.7011382,4.7367095,4.458567,4.6609953,308265739.99999994
1397655000,4.729281,4.7709952,4.619424,4.7344238,161229060
1397741400,4.8108523,4.9961379,4.7499953,4.9391379,321419389.99999994
1398087000,4.989995,4.9914236,4.8328523,4.9784236,478926959.99999994
1398173400,5.3804232,5.4411374,5.2118519,5.3271375,647024429.9999999
1398259800,5.181852,5.2499948,5.0428521,5.049995,403472210
1398346200,5.0357093,5.0842663,4.7828524,4.9152808,306596590
1398432600,4.8208523,4.8772794,4.5999954,4.6011383,331135260.00000006
1398691800,4.5435669,4.5842811,4.2785672,4.4887098,471236900
1398778200,4.460567,4.6375668,4.457567,4.5695669,231355130
1398864600,4.5417097,4.6057097,4.4321384,4.6005668,236319460
1398951000,4.6292811,4.9384236,4.6149954,4.8074095,370137900
1399037400,4.8215666,4.9128522,4.7721381,4.8664237,262303209.99999997
1399296600,4.8295666,4.9354236,4.8014238,4.9197094,203360910
1399383000,4.9102808,4.9674236,4.6519953,4.6598525,227228900
1399469400,4.6589953,4.6834382,4.5030098,4.5791383,256824929.99999997
1399555800,4.5308526,4.7388524,4.4908527,4.5951383,211825320
1399642200,4.6011383,4.7134239,4.5335669,4.6935667,179686600
1399901400,4.7265667,4.9361379,4.7217096,4.9349951,214014360
1399987800,4.9207094,5.0609949,4.8677094,4.9591379,208317820
1400074200,4.9578522,5.0628521,4.9437093,5.0268521,199096710
1400160600,5.0121378,5.0255664,4.8482809,4.9169951,233739960
1400247000,4.9352808,4.9995664,4.8548523,4.9982807,190777979.99999997
1400506200,4.9571379,5.2460233,4.950745,5.2071377,254237310
1400592600,5.2144234,5.3242804,5.1771377,5.3095661,288434650
1400679000,5.3588518,5.5812801,5.3335661,5.5799944,399673579.99999994
1400765400,5.5839944,5.6785658,5.5357088,5.5971373,332286270
1400851800,5.5948515,5.7495657,5.5665801,5.7478514,221406230
1401197400,5.7428514,5.7459943,5.616423,5.69728,267528919.99999994
1401283800,5.67428,5.7885656,5.621423,5.7319943,198801030
1401370200,5.7628514,5.9427083,5.7078514,5.9314226,228626660
1401456600,5.9311369,6.0248511,5.880137,5.968994,292549960
1401715800,5.9925654,6.0415654,5.8928513,6.0294225,205014869.99999997
1401802200,5.9998511,6.0799939,5.9578512,5.9652797,171400909.99999997
1401888600,5.9537083,6.0642797,5.9042798,6.0458511,174447519.99999997
1401975000,6.0535654,6.1342796,5.9795654,6.1192796,189461410
1402061400,6.1429939,6.2127081,6.1194225,6.1447081,157349300
1402320600,6.1357082,6.1521367,6.0012797,6.0441368,167109690
1402407000,6.0788511,6.2291366,6.0717082,6.1184225,229408699.99999997
1402493400,6.0747082,6.1799938,6.0714225,6.142851,137528290
1402579800,6.1295653,6.1463853,6.0071369,6.034994,158390970
1402666200,6.0428511,6.112851,5.9601369,6.1101367,157897120
1402925400,6.0932796,6.1601367,6.0488511,6.1465653,125504310
1403011800,6.257708,6.4012779,6.2538509,6.3378508,289996980
1403098200,6.3381365,6.4402793,6.2892794,6.4097079,187963620
1403184600,6.4204222,6.4212793,6.2579937,6.3055651,173412150
1403271000,6.3028508,6.3268508,6.2139938,6.2882794,132477999.99999997
1403530200,6.2765652,6.3122794,6.2221366,6.2788509,106917609.99999999
1403616600,6.2578509,6.4277079,6.2214224,6.2337081,203990909.99999997
1403703000,6.2142795,6.3537079,6.1904224,6.3458508,157633990
1403789400,6.2969937,6.3162794,6.2392795,6.2801366,142490390
1403875800,6.261708,6.3312794,6.2485652,6.3154223,155895260
1404135000,6.3265651,6.3838222,6.2812794,6.2942794,106140120
1404221400,6.5175649,6.7668504,6.5042792,6.7585647,380394240
1404307800,6.7639932,6.7981361,6.6577076,6.6677076,173222240
1404394200,6.7165647,6.7517075,6.6981362,6.7478504,113595059.99999999
1404739800,6.744279,6.7461361,6.571422,6.5802791,183392480
1404826200,6.566422,6.5857077,6.2754366,6.3578508,262009839.99999997
1404912600,6.3739936,6.4191364,6.2818509,6.3285651,210160229.99999997
1404999000,6.2055938,6.3455637,6.1171367,6.2649937,243975650
1405085400,6.3065651,6.3447079,6.2449952,6.2851366,142371460
1405344600,6.3328508,6.5068506,6.2714223,6.4654235,174391170
1405431000,6.4384221,6.448135,6.3181365,6.415565,135194840
1405517400,6.4867078,6.5099935,6.3342794,6.3491365,134521370
1405603800,6.3325651,6.4121364,6.2612795,6.2765652,132764020
1405690200,6.2972794,6.3471365,6.2249223,6.3452794,117722119.99999999
1405949400,6.4527078,6.5357078,6.394565,6.4564207,346709989.99999994
1406035800,6.3282794,6.3524222,6.0722996,6.1584224,571779750
1406122200,6.1487081,6.2201366,6.0929939,6.112851,172780820
1406208600,6.1352796,6.1458367,5.985994,6.0768511,186387220.00000003
1406295000,6.0714225,6.1167082,6.0057083,6.0265654,116160280
1406554200,6.0315654,6.0844225,5.9788512,6.0665654,119609179.99999999
1406640600,6.0458511,6.119851,6.0458511,6.0611368,92873780
1406727000,6.0678511,6.2184209,6.0615654,6.2051367,153062080
1406813400,6.1465653,6.1852795,6.0184226,6.0388511,138270220
1406899800,6.0251368,6.110371,5.8929941,6.0771368,189500050
1407159000,6.102851,6.142851,6.0111368,6.0385654,106946170
1407245400,6.0185654,6.1142796,6.0044226,6.0407082,106654970
1407331800,6.0142797,6.2128509,6.0078511,6.1471367,158405880
1407418200,6.2185652,6.4278493,6.2078509,6.4238507,273349430
1407504600,6.4314221,6.4424221,6.3149937,6.3692793,155061349.99999997
1407763800,6.4174222,6.5378506,6.4101364,6.450565,132537919.99999999
1407850200,6.4478507,6.4714221,6.3344222,6.3772793,108495340
1407936600,6.408565,6.4887792,6.3831365,6.4504221,90630839.99999999
1408023000,6.4601364,6.4999935,6.4031365,6.4409936,66763750.00000001
1408109400,6.4498507,6.5999934,6.408565,6.558422,220535989.99999997
1408368600,6.6008505,6.7071361,6.5892791,6.6571362,135220739.99999997
1408455000,6.6727076,6.7214204,6.6061363,6.6878505,109070250
1408541400,6.6714219,6.7678504,6.6362934,6.7455647,121708420
1408627800,6.7325647,6.8021361,6.6810076,6.7435647,117532910
1408714200,6.7277076,6.8507003,6.7149933,6.8455646,137465289.99999997
1408973400,6.8792788,6.9328502,6.8218503,6.8704217,135038950
1409059800,6.8357075,6.8835645,6.7792932,6.8479932,101583890.00000001
1409146200,6.8485646,6.860636,6.7661361,6.7814218,103949190
1409232600,6.7521361,6.821136,6.7258504,6.7887075,76018739.99999999
1409319000,6.812136,6.8642789,6.7734218,6.8234217,98394189.99999999
1409664600,6.8357075,6.8398503,6.7798504,6.8085646,88345399.99999999
1409751000,6.8645646,6.9657073,6.8075646,6.8198503,162275139.99999997
1409837400,6.8444217,6.8812788,6.7447075,6.7524218,119623460
1409923800,6.7604218,6.8192789,6.715279,6.7954218,119533510
1410183000,6.7771361,6.8657074,6.7742789,6.8475646,76755209.99999999
1410269400,6.9471359,6.989803,6.8057075,6.8429932,197550550
1410355800,6.8599931,6.9249931,6.8148046,6.9198502,91107400
1410442200,6.8938502,6.9194217,6.8524217,6.8794217,78699950
1410528600,6.9092788,6.9269931,6.8017075,6.8078503,134321659.99999997
1410787800,6.8219932,6.8219932,6.526422,6.5392792,206167910
1410874200,6.4057079,6.5448506,6.3657079,6.5272792,268440390
1410960600,6.5272792,6.5552149,6.4469936,6.4932792,121356669.99999999
1411047000,6.5352792,6.5908506,6.4759935,6.5572792,106313509.99999999
1411133400,6.5857077,6.590422,6.4881364,6.5359935,119627660
1411392600,6.5181363,6.5278506,6.2697094,6.3254222,161768900
1411479000,6.3032794,6.4001365,6.2928509,6.3414222,114743060
1411565400,6.3494222,6.4522793,6.3219937,6.436565,95566120
1411651800,6.4271364,6.4621364,6.3202794,6.3355651,98532790
1411738200,6.3571365,6.4377078,6.3412794,6.4107079,104047049.99999999
1411997400,6.3438508,6.4362793,6.3145651,6.4222793,95175380
1412083800,6.4614221,6.531272,6.4257079,6.4454221,124782190
1412170200,6.4098507,6.428565,6.2469938,6.2685652,154216730
1412256600,6.2699937,6.435565,6.2554223,6.4282793,184534530
1412343000,6.4741364,6.5799934,6.4644221,6.5648506,152924110
1412602200,6.5999934,6.6744219,6.5857077,6.6211362,137113610
1412688600,6.5871363,6.6611362,6.5142792,6.5178506,137601299.99999997
1412775000,6.5235649,6.6799933,6.4483407,6.6694219,143440780
1412861400,6.6661362,6.6855647,6.5651363,6.5945648,149332890
1412947800,6.5685649,6.6405648,6.4491364,6.4582793,191228639.99999997
1413207000,6.4464221,6.4638521,6.1857081,6.2654223,202313429.99999997
1413293400,6.3644222,6.4569935,6.2589937,6.4159936,167597170
1413379800,6.3495651,6.442565,6.1454224,6.4084222,599276330
1413466200,4.753281,5.2309948,4.7285667,5.1671377,923050880
1413552600,5.1401377,5.143852,4.8785666,5.1012806,791855420
1413811800,5.0857092,5.2741376,5.0793121,5.1317092,335384540
1413898200,5.1751377,5.2398519,5.0777092,5.2284233,193925459.99999997
1413984600,5.2712804,5.4568517,5.1885662,5.3521375,321757209.99999994
1414071000,5.4359946,5.5109945,5.4035675,5.4719945,199268560
1414157400,5.4654231,5.5285659,5.4401374,5.5002802,146628440
1414416600,5.4842802,5.4928517,5.3814232,5.4199946,149513769.99999997
1414503000,5.4249946,5.5267088,5.4049946,5.5174231,117508549.99999999
1414589400,5.5174231,5.5239588,5.3967089,5.4014232,125600700
1414675800,5.3929946,5.4619945,5.3514232,5.4144232,105936909.99999999
1414762200,5.4914231,5.6252801,5.4857088,5.6109944,204867589.99999997
1415025000,5.6175658,5.6502801,5.5015659,5.5487087,176083980
1415111400,5.527423,5.5321373,5.4109946,5.4682802,113898440
1415197800,5.5087088,5.5405659,5.3770189,5.4339946,136457710
1415284200,5.3999946,5.5047088,5.3907089,5.4757088,99919420
1415370600,5.4777088,5.5035659,5.418566,5.4879945,93039890
1415629800,5.4714231,5.5635659,5.4142803,5.532423,97113260
1415716200,5.532423,5.6299944,5.4544231,5.4649945,148491910
1415802600,5.4447088,5.5137088,5.3863403,5.4837088,109587340
1415889000,5.4922802,5.5006945,5.3932089,5.4201374,104904760
1415975400,5.4197089,5.5317088,5.408066,5.5148516,109886310
1416234600,5.5054231,5.5642787,5.4392803,5.4448517,92256520
1416321000,5.4428517,5.4985659,5.4361374,5.4432803,79271849.99999999
1416407400,5.4744231,5.5292802,5.180852,5.1871377,245154449.99999997
1416493800,5.1869948,5.3322804,5.1571377,5.2591376,154254459.99999997
1416580200,5.3211375,5.3321375,5.1357092,5.146852,178777999.99999997
1416839400,5.150852,5.1922562,5.0771378,5.0924235,178639260
1416925800,5.0145664,5.0347607,4.9142808,4.9855664,281008699.99999994
1417012200,5.0154236,5.0527092,4.9745407,5.0165664,100653310
1417185000,5.0512807,5.0571378,4.9427093,4.9512808,67022609.99999999
1417444200,4.9285665,4.9571379,4.8234266,4.8829951,119646840
1417530600,4.8757094,5.0477092,4.869138,5.032995,142717119.99999997
1417617000,5.0221378,5.0731378,4.9181379,5.0731378,138319149.99999997
1417703400,5.0428521,5.1135663,4.9908522,5.0085664,118647240
1417789800,5.0147093,5.0642807,4.9732807,5.0131378,99298800
1418049000,4.9881379,4.9982807,4.8289952,4.8497094,136286560
1418135400,4.7819952,4.9337094,4.700281,4.9111379,179943850
1418221800,4.902138,4.9247094,4.7665667,4.7759952,126749890
1418308200,4.8012809,4.8699951,4.7655667,4.7804238,117714350
1418394600,4.7417095,4.8322809,4.6979953,4.7782809,135745320
1418653800,4.8055666,4.8418523,4.6618525,4.6719953,120255570
1418740200,4.6427096,4.7069953,4.5142812,4.5205669,169811899.99999997
1418826600,4.5375669,4.7867095,4.5077169,4.7664238,201930670
1418913000,4.8399952,4.8928523,4.723281,4.7774238,156393800
1418999400,4.7899952,4.8719951,4.7621381,4.8588523,150480760
1419258600,4.8542809,4.9239951,4.7748524,4.8097095,80076579.99999999
1419345000,4.8287095,4.8427837,4.747281,4.8061381,83079719.99999999
1419431400,4.8072809,4.9069951,4.7998523,4.887138,54124119.99999999
1419604200,4.8844237,4.9484165,4.8534237,4.8578523,88474550
1419863400,4.7969952,4.9104237,4.7652809,4.8847094,86085940
1419949800,4.8714237,4.9139951,4.8538809,4.9032808,70112280
1420036200,4.9032808,4.9391379,4.8787094,4.880138,86277810
1420209000,4.9151379,5.0331378,4.873138,4.9848522,134748380
1420468200,4.9258522,4.9258522,4.7147167,4.7311381,181650389.99999997
1420554600,4.7347096,4.7639952,4.5661383,4.6501382,160379680
1420641000,4.7347096,4.7421381,4.6271382,4.674281,98500310
1420727400,4.7119953,4.7835666,4.6478525,4.7779238,96242180
1420813800,4.7631381,4.8019952,4.6898525,4.7041382,95779690
1421073000,4.7089953,4.7198524,4.526424,4.5547097,129446220
1421159400,4.6021383,4.7048182,4.5899954,4.6255668,187292739.99999997
1421245800,4.7071382,4.7369953,4.5679954,4.6319954,198846180
1421332200,4.6547096,4.6785668,4.584424,4.6251382,116786989.99999999
1421418600,4.6857096,4.8249952,4.6381382,4.819138,196964930
1421764200,4.857138,4.999995,4.7714238,4.9828522,405513270
1421850600,5.9234226,5.9239941,5.7409943,5.8468513,669028320
1421937000,5.857137,6.1374224,5.7828514,6.1205653,333194310
1422023400,6.098851,6.2742794,6.0881368,6.2493509,267843779.99999997
1422282600,6.2571366,6.3898508,6.1957081,6.3794222,212690660
1422369000,6.308708,6.5339935,6.3049937,6.4881364,246125769.99999997
1422455400,6.4741364,6.4821364,6.3081365,6.3208508,245328819.99999997
1422541800,6.3204223,6.3927079,6.2499938,6.3399937,151279530
1422628200,6.3132794,6.3984222,6.265568,6.3114223,132156140
1422887400,6.2842794,6.3428508,6.1955652,6.3009223,129908010
1422973800,6.3319937,6.5467077,6.2729937,6.527422,164399290
1423060200,6.5041364,6.5174206,6.3889222,6.4101364,124509539.99999997
1423146600,6.4541364,6.5138506,6.3665651,6.4129936,142487380
1423233000,6.4249936,6.4428507,6.3175651,6.3479937,88982680
1423492200,6.3198508,6.3785651,6.263708,6.3294937,81793399.99999999
1423578600,6.3459937,6.5157649,6.3101365,6.4849935,154188940
1423665000,6.4829935,6.6141362,6.4557078,6.4984221,139533090
1423751400,6.5058506,6.5607077,6.4451364,6.5247078,84719469.99999999
1423837800,6.5428506,6.6629933,6.5422777,6.6585648,129687579.99999999
1424183400,6.6515648,6.7371361,6.594422,6.7137076,111704150
1424269800,6.702279,6.8069932,6.6645648,6.7865646,103168410
1424356200,6.7857075,6.8714217,6.7574218,6.7799932,104385639.99999999
1424442600,6.7949932,6.8374389,6.7637075,6.8314217,94218550
1424701800,6.8299932,6.8314203,6.714279,6.7405647,90317100
1424788200,6.737279,6.808346,6.7355647,6.7839932,60752079.99999999
1424874600,6.7807075,6.8794217,6.7807075,6.8332789,68598729.99999999
1424961000,6.8625646,6.9499788,6.8429932,6.9004217,108528939.99999999
1425047400,6.9081359,6.9428502,6.7818504,6.7844218,115167050
1425306600,6.7714218,6.8607074,6.7234218,6.8607074,101869349.99999999
1425393000,6.8344217,6.845636,6.7507075,6.7815646,74266150
1425479400,6.7529932,6.7925646,6.6182791,6.7109933,174537960
1425565800,6.7428504,6.7464147,6.6419934,6.6807076,112489969.99999999
1425652200,6.6642791,6.6925847,6.4844221,6.4874221,128885520
1425907800,6.4989935,6.5092792,6.2828509,6.3661365,189709489.99999997
1425994200,6.3015651,6.3351365,6.1982795,6.2151366,179470509.99999997
1426080600,6.2239938,6.3940507,6.2239938,6.2884223,163634330
1426167000,6.334708,6.4582793,6.3339937,6.404565,146546609.99999997
1426253400,6.3907079,6.4057079,6.236708,6.2628509,101610070
1426512600,6.1547081,6.1547081,5.961994,6.0281368,267961449.99999997
1426599000,5.9712797,6.0694225,5.9384226,5.9788512,184281480
1426685400,5.9738512,6.0649939,5.9299941,6.0445654,146349490
1426771800,6.045994,6.1211925,6.0255654,6.0744225,114498340
1426858200,6.1337082,6.1785653,6.0895653,6.1184939,136418509.99999997
1427117400,6.0889939,6.1155653,6.0330083,6.0714225,76641110
1427203800,6.1135653,6.3098508,6.1118796,6.2611366,168887620
1427290200,6.2684223,6.2691366,6.0244225,6.024994,216524070
1427376600,5.9628512,6.0447082,5.9389941,5.9751369,160388010
1427463000,5.9329941,5.9847083,5.8572799,5.9252798,158519490
1427722200,5.9715655,6.0564225,5.9364226,6.0367082,132723909.99999999
1427808600,6.010994,6.0419925,5.9455655,5.9527083,142486190
1427895000,5.9642798,5.9785655,5.8702798,5.9017084,146397580
1427981400,5.907137,5.9607083,5.886137,5.9154227,98642199.99999999
1428327000,5.8768513,6.0447082,5.8464227,6.032994,107303380
1428413400,6.0497082,6.0848511,6.0042797,6.0494225,99777249.99999999
1428499800,6.1201367,6.310708,6.118451,6.3049937,223277190
1428586200,6.2999937,6.3135651,6.2114224,6.2785652,134555530
1428672600,6.4397078,6.4995649,6.3947079,6.4938506,223671150
1428931800,6.7239933,6.9285645,6.7057076,6.7811361,444369890
1429018200,6.8857074,6.9142788,6.7421361,6.8387074,286421660
1429104600,6.8704217,6.8704217,6.7363933,6.7922789,425286610
1429191000,7.5999924,8.1249919,7.571421,8.0292777,1045008499.9999999
1429277400,7.9778492,8.2142775,7.9714206,8.1649918,583064250
1429536600,8.1785633,8.2304203,8.0381348,8.1055633,307664300
1429623000,8.1234204,8.1484204,7.979992,8.0062777,159255890
1429709400,8.0211348,8.0712776,7.9544206,7.9668492,120895230
1429795800,7.9655635,8.0342777,7.8955635,7.9865634,126872950
1429882200,8.0172777,8.0808491,7.9507063,7.9770635,110452480
1430141400,8.0292777,8.1785633,8.022992,8.0868491,152470159.99999997
1430227800,8.0589919,8.127849,7.9944206,8.0437062,88264830
1430314200,8.006992,8.1055619,7.9644206,8.0407062,95404770
1430400600,8.0237063,8.0835633,7.9124207,7.9499921,105652639.99999999
1430487000,7.9855634,7.9967063,7.8894207,7.9575635,89060940
1430746200,7.9571349,7.9714206,7.8899921,7.9271349,79670920
1430832600,8.123849,8.2442775,8.0757062,8.0792776,271163119.99999994
1430919000,8.102849,8.1214205,7.9521349,8.0077063,115045180
1431005400,8.0114206,8.0794205,7.9457063,8.0748491,102206049.99999999
1431091800,8.1041348,8.2152775,8.0964205,8.2085632,138282609.99999997
1431351000,8.2324203,8.4857058,8.2185632,8.4277773,238824060
1431437400,8.3808488,8.3808488,8.2992774,8.3377059,119069829.99999999
1431523800,8.3404202,8.4197059,8.2691346,8.2872774,111557360
1431610200,8.3285631,8.3924202,8.2329918,8.383563,88986670
1431696600,8.6364199,8.8348312,8.5755629,8.7607055,370530460
1431955800,8.7544198,8.8534054,8.7024199,8.8267055,148119579.99999997
1432042200,8.8888483,8.9785625,8.7809912,8.8068483,191013250
1432128600,8.8214198,8.9108482,8.736277,8.8789911,127571410
1432215000,8.9081339,8.9571339,8.818134,8.9002768,127670320
1432301400,8.9178482,8.9407053,8.8692768,8.8838483,74660460
1432647000,8.8874197,8.9061197,8.7786198,8.7992769,96457290
1432733400,8.8142769,8.9907053,8.7928484,8.9857053,105064220
1432819800,8.9714196,8.9855624,8.8929911,8.9507053,78215480
1432906200,8.9472768,9.0205624,8.8955625,8.9151339,127120260
1433165400,8.8837054,8.9121625,8.7944198,8.9002768,99258410
1433251800,8.871134,8.9678482,8.8405626,8.9129911,75289340
1433338200,8.9242768,8.9732767,8.8644197,8.8808483,62379999.99999999
1433424600,8.8378483,8.9428482,8.8042769,8.9348482,100743889.99999999
1433511000,8.9214197,9.0539909,8.9125625,9.045991,116243580
1433770200,9.0714195,9.0815623,8.8995625,8.9604196,111489249.99999999
1433856600,8.9334196,9.2714193,8.9334196,9.2449908,220251020
1433943000,9.3395621,9.8969901,9.3225621,9.5871333,571214360
1434029400,9.6889903,9.6918475,9.4087049,9.5094191,266234129.99999994
1434115800,9.4915619,9.5342762,9.4124192,9.4418477,102788310
1434375000,9.285705,9.3591335,9.165848,9.3431335,190539700
1434461400,9.4242763,9.5607047,9.3691335,9.5272762,160430359.99999997
1434547800,9.5132762,9.5132762,9.3957335,9.4271334,99051279.99999999
1434634200,9.4651334,9.5341333,9.4368477,9.4742762,89631299.99999999
1434720600,9.6242761,9.6417832,9.3821335,9.3871335,198148209.99999997
1434979800,9.5042762,9.669276,9.4188477,9.6414189,167329210
1435066200,9.6335618,9.7389903,9.5749904,9.731276,156264509.99999997
1435152600,10.0014186,10.0891328,9.6397046,9.6944189,771388729.9999999
1435239000,9.5481333,9.5999904,9.3458478,9.4891334,416232450
1435325400,9.5299905,9.531419,9.3088478,9.3088478,303147269.99999994
1435584600,9.1505623,9.2912764,9.1117052,9.2231336,245759109.99999994
1435671000,9.335705,9.435562,9.2785622,9.3848478,168804740
1435757400,9.4805619,9.5238462,9.3218478,9.3635621,146994330
1435843800,9.3998477,9.4198477,9.3214193,9.4044192,110532419.99999999
1436189400,9.3472764,9.4928477,9.3339907,9.4571334,118083949.99999997
1436275800,9.5012762,9.5427047,9.2622765,9.4091334,215732930
1436362200,9.3471335,9.399562,9.2284193,9.3507049,129907029.99999997
1436448600,9.4899905,9.5845618,9.428562,9.5727047,167313320
1436535000,9.752276,9.8502744,9.6899903,9.7228474,216366150
1436794200,9.8098473,10.2308469,9.8078745,10.1087042,332050439.99999994
1436880600,10.1271327,10.1635613,9.9652757,10.0371328,197364560
1436967000,9.997,10.075,9.705,9.813,308985940
1437053400,11.102,11.649,10.768,11.581,634609920
1437139800,11.734,11.788,11.424,11.477,251369480
1437399000,11.47,11.47,11.014,11.055,226769130
1437485400,11.021,11.371,10.932,11.251,140854220
1437571800,11.214,11.388,11.05608,11.15,105005480
1437658200,11.091,11.218,10.984,11.01,83067740
1437744600,11.155,11.168,10.89,10.934,81250650
1438003800,10.779,10.986,10.625,10.643,113026240
1438090200,10.729,10.794,10.388,10.69,111559450
1438176600,10.683,10.775,10.54,10.708,66956400
1438263000,10.64,11.19,10.54,11.156,142291960
1438349400,11.195,11.5,11.115,11.431,163490710
1438608600,11.46,11.46,11.178,11.256,101448170
1438695000,11.315,12.279,11.3,12.115,296533230
1438781400,12.562,12.929,12.2705,12.371,269464860
1438867800,12.629,12.885,12.204,12.645,247167460
1438954200,12.642,12.66,12.13,12.352,173606690
1439213400,12.609,12.65,12.151,12.303,134245740
1439299800,12.001,12.376,12,12.274,115968110
1439386200,12.147,12.245,11.866,12.051,138816120
1439472600,12.099,12.573,11.934,12.373,152843970
1439559000,12.496,12.5,12.3,12.339,86676830
1439818200,12.314,12.57,12.259,12.536,92338480
1439904600,12.526,12.6749,12.355,12.405,93819940
1439991000,12.35,12.37,12.15,12.206,101152710
1440077400,11.98,12.145,11.134,11.249,280453180
1440163800,10.62,11,10.2751,10.396,332282960
1440423000,8.875,10.963,8.55,9.688,599519480
1440509400,10.775,10.788,10.15,10.152,376207190
1440595800,10.715,11.028,10.202,11.013,361646380
1440682200,11.494,11.825,11.302,11.766,370560710
1440768600,11.635,11.935,11.588,11.763,202402370
1441027800,11.524,11.7,11.376,11.503,170055810
1441114200,10.935,11.124,10.382,10.579,359770810
1441200600,10.931,10.95,10.03,10.544,398432540
1441287000,10.269,10.417,10.011,10.106,295466520
1441373400,9.805,9.9928,9.734,9.879,242119780
1441719000,10.208,10.25,9.355,9.495,434796500
1441805400,9.651,10.279,9.552,9.918,355244410
1441891800,9.942,10.085,9.678,9.948,210318660
1441978200,9.857,10.085,9.723,9.751,173739200
1442237400,9.684,9.791,9.433,9.569,155459910
1442323800,9.522,9.965,9.361,9.916,225910840
1442410200,9.97,10.448,9.933,10.408,280582160
1442496600,10.367,10.75,10.183,10.421,258176510
1442583000,10.2,10.436,10.071,10.262,217150340
1442842200,10.33,10.377,9.95568,10.03,179006240
1442928600,9.829,9.99,9.7,9.847,167179190
1443015000,9.86,9.974,9.766,9.807,102645400
1443101400,9.711,10.4,9.678,10.376,212744710
1443187800,10.53,10.54487,10.157,10.224,190666320
1443447000,10.157,10.33275,9.78414,9.947,170266390
1443533400,9.963,10.063,9.685,9.835,174059410
1443619800,9.991,10.346,9.905,10.326,170275790
1443706200,10.291,10.611,10.112,10.598,174269480
1443792600,10.301,10.687,10.145,10.611,215267170
1444051800,10.748,11.228,10.576,11.125,211579370
1444138200,11.033,11.225,10.564,10.833,208363030
1444224600,10.884,10.978,10.675,10.81,123295350
1444311000,10.794,11.505,10.26,11.493,428319440
1444397400,11.411,11.583,11.244,11.333,224552050
1444656600,11.445,11.542,11.236,11.345,126244970
1444743000,11.285,11.372,10.878,10.973,175121180
1444829400,11.15,11.163,10.805,11.023,332314810
1444915800,10.377,10.488,9.91,10.109,484843280
1445002200,10.021,10.165,9.841,9.899,213405110
1445261400,9.807,10.362,9.626,10.169,299647140
1445347800,10.106,10.211,9.758,9.899,173456140
1445434200,9.967,10.034,9.701,9.796,137595830
1445520600,9.807,9.993,9.686,9.732,127867680
1445607000,9.761,10.156,9.727,10.004,180198860
1445866200,10.005,10.331,9.938,10.304,122348240
1445952600,10.258,10.472,10.123,10.307,120664020
1446039000,10.29,10.621,10.206,10.58,130939620
1446125400,10.5,10.691,10.475,10.512,98414060
1446211800,10.512,11.01,10.49,10.838,155714680
1446474600,10.92,10.937,10.63,10.764,117845730
1446561000,10.736,11.105,10.724,10.974,124841360
1446647400,11.036,11.428,10.939,11.405,175050230
1446733800,11.375,11.568,11.172,11.35,138149390
1446820200,11.339,11.48,11.205,11.406,109366080
1447079400,11.336,11.4,10.864,10.986,161546320
1447165800,10.886,11.284,10.801,11.27,111663720
1447252200,11.308,11.461,11.141,11.286,110391540
1447338600,11.252,11.525,10.82,10.892,175681630
1447425000,10.834,10.907,10.327,10.365,188194180
1447684200,10.297,11.165,10.186,11.135,198661610
1447770600,11.211,11.879,11.17,11.71,330163020
1447857000,11.794,12.1,11.61,12.063,233535650
1447943400,12.025,12.313,11.961,12.022,192532360
1448029800,12.085,12.407,11.921,12.384,179770010
1448289000,12.43,12.62,12.166,12.503,157269840
1448375400,12.367,12.466,12.003,12.331,183352550
1448461800,12.423,12.52,12.236,12.416,109806770
1448634600,12.385,12.639,12.359,12.544,66454840
1448893800,12.603,12.66,12.289,12.333,138940310
1448980200,12.447,12.557,12.242,12.537,125507550
1449066600,12.553,13.135,12.493,12.893,241057120
1449153000,12.962,13.22,12.639,12.681,266472600
1449239400,12.7,13.099,12.575,13.093,202504110
1449498600,13.119,13.327,12.275,12.536,233516100
1449585000,12.151,12.824,12.11,12.698,185911470
1449671400,12.77,12.878,12.233,12.42,177887970
1449757800,12.45,12.521,12.162,12.291,134741190
1449844200,12.145,12.3,11.86,11.891,161053150
1450103400,11.977,12.09,11.466,12.067,187356080
1450189800,12.193,12.33,11.854,11.86,117599930
1450276200,11.98,12.3,11.809,12.264,131809820
1450362600,12.397,12.635,12.242,12.251,172848720
1450449000,12.085,12.219,11.792,11.802,179480600
1450708200,11.951,11.959,11.566,11.663,116699930
1450794600,11.73,11.743,11.486,11.624,96890440
1450881000,11.691,11.856,11.578,11.816,93243330
1450967400,11.822,11.88,11.73,11.733,35414030
1451313000,11.726,11.735,11.385,11.711,84242760
1451399400,11.819,11.96,11.692,11.912,81592110
1451485800,11.895,11.902,11.643,11.671,81496860
1451572200,11.621,11.746,11.428,11.438,92730080
1451917800,10.9,11,10.521,10.996,207948480
1452004200,11.045,11.058,10.585,10.766,176645620
1452090600,10.529,11.791,10.496,11.768,330456560
1452177000,11.636,12.218,11.229,11.456,336366610
1452263400,11.633,11.772,11.11,11.139,180671400
1452522600,11.213,11.679,11.12,11.497,219203900
1452609000,11.611,11.778,11.508,11.658,151335220
1452695400,11.443,11.448,10.453,10.656,249215870
1452781800,10.565,10.925,10.121,10.706,236647840
1452868200,10.243,10.55,10.172,10.404,197751410
1453213800,10.657,11.014,10.555,10.789,357227520
1453300200,10.891,10.999,9.70501,10.774,530094190
1453386600,10.832,10.851,10.21,10.235,310275030
1453473000,10.47225,10.499,9.922,10.072,268217710
1453732200,9.978,10.268,9.9,9.912,203211020
1453818600,9.974,10.055,9.485,9.783,220838970
1453905000,9.661,9.78495,9.059,9.115,255561870
1453991400,9.384,9.525,9.011,9.441,245623110
1454077800,9.2,9.439,9.063,9.184,204638950
1454337000,9.179,9.718,9.13,9.409,196844770
1454423400,9.554,9.665,9.073,9.149,219064950
1454509800,9.241,9.269,8.614,9.074,274660340
1454596200,8.95,9.125,8.654,8.971,191086000
1454682600,8.823,8.895,8.186,8.279,259292570
1454941800,8.057,8.47,7.995,8.332,250356340
1455028200,8.175,8.84,8.155,8.613,258928740
1455114600,8.9,9.221,8.742,8.845,231465170
1455201000,8.742,8.839,8.2911,8.635,218203210
1455287400,8.664,8.972,8.526,8.74,190676830
1455633000,8.9,9.014,8.754,8.905,163566040
1455719400,9.013,9.477,8.964,9.476,183238340
1455805800,9.48,9.49,9.031,9.049,176953240
1455892200,8.998,9.14,8.803,8.923,142592050
1456151400,9.075,9.311,8.83,9.193,163218220
1456237800,9.14,9.249,8.905,8.912,127444280
1456324200,8.85,9.176,8.67,9.161,159728190
1456410600,9.108,9.481,9.021,9.453,178987770
1456497000,9.53,9.748,9.425,9.479,169751510
1456756200,9.481,9.72,9.334,9.341,136630800
1456842600,9.458,9.916,9.361,9.83,170487900
1456929000,9.801,9.948,9.59,9.761,191028490
1457015400,9.783,9.835,9.539,9.793,153209210
1457101800,9.876,10.222,9.832,10.158,234146220
1457361000,10.1,10.179,9.525,9.549,239066720
1457447400,9.5,9.828,9.45,9.623,147969680
1457533800,9.682,9.837,9.5,9.8,122986600
1457620200,9.818,9.974,9.545,9.736,170020630
1457706600,9.951,9.96,9.605,9.766,151142990
1457962200,9.72,9.942,9.717,9.813,112518740
1458048600,9.787,9.851,9.643,9.786,96917680
1458135000,9.753,9.973,9.75,9.935,126305300
1458221400,9.905,10.139,9.9,9.972,138249640
1458307800,10.05,10.241,10.001,10.112,154534540
1458567000,10.115,10.21,9.95,10.106,95784660
1458653400,10.048,10.152,9.92,9.984,90699050
1458739800,9.975,10.039,9.881,9.959,83134800
1458826200,9.864,9.885,9.707,9.836,106711390
1459171800,9.834,10.144,9.782,10.121,124322170
1459258200,10.108,10.433,10.1,10.413,160088680
1459344600,10.465,10.491,10.14805,10.219,147049940
1459431000,10.243,10.353,10.105,10.223,97475390
1459517400,10.293,10.579,10.247,10.57,141823590
1459776600,10.59,10.592,10.32,10.435,109404260
1459863000,10.347,10.575,10.325,10.494,100609160
1459949400,10.53,10.644,10.425,10.483,96058000
1460035800,10.431,10.6435,10.36,10.445,107749110
1460122200,10.512,10.5326,10.282,10.381,78575920
1460381400,10.404,10.498,10.262,10.268,74513150
1460467800,10.315,10.722,10.221,10.698,124369820
1460554200,10.8,11.128,10.788,10.965,167017090
1460640600,11.001,11.164,10.915,11.042,95536880
1460727000,11.064,11.185,10.97803,11.151,117460650
1460986200,10.99,11.07,10.602,10.84,328164160
1461072600,9.949,10.137,9.42,9.434,557287650
1461159000,9.434,9.698,9.314,9.677,266135060
1461245400,9.731,9.738,9.478,9.498,199194150
1461331800,9.4847,9.669,9.421,9.59,158063200
1461591000,9.57,9.57461,9.28,9.356,149853820
1461677400,9.35,9.355,9.125,9.243,153308560
1461763800,9.218,9.25,9.021,9.104,122189290
1461850200,9.15,9.267,9.009,9.028,114749070
1461936600,9.05,9.056,8.821,9.003,139680180
1462195800,9.041,9.322,8.98901,9.311,125470050
1462282200,9.208,9.325,9.13,9.154,105938800
1462368600,9.1,9.216,9.035,9.079,73947420
1462455000,9.091,9.20775,8.925,8.937,103684910
1462541400,8.883,9.088,8.811,9.084,104339360
1462800600,9.073,9.1828,8.99,9.054,95437050
1462887000,9.114,9.325,9.109,9.289,111759130
1462973400,9.24,9.259,8.99,9.002,116928640
1463059800,9.032,9.041,8.574,8.774,204081180
1463146200,8.739,8.859,8.626,8.788,115713890
1463405400,8.756,9,8.615,8.912,112478120
1463491800,8.9,9.087,8.8172,8.863,115712670
1463578200,8.825,9.172,8.825,9.05,139118360
1463664600,9.016,9.127,8.83,8.955,114503230
1463751000,9.008,9.328,8.998,9.249,150630420
1464010200,9.298,9.52924,9.285,9.489,139923300
1464096600,9.598,9.914,9.575,9.789,212460230
1464183000,9.9,10.031,9.83,10.02,152112950
1464269400,10.321,10.4,10.138,10.281,178246730
1464355800,10.244,10.35,10.144,10.33,90921270
1464701400,10.295,10.345,10.213,10.257,87256560
1464787800,10.15,10.192,10.016,10.151,83933800
1464874200,10.139,10.215,10.077,10.125,79924480
1464960600,10.099,10.1,9.853,9.959,92239940
1465219800,10.029,10.10712,9.972,10.074,68281280
1465306200,10.12,10.163,9.977,9.989,64747420
1465392600,10.002,10.028,9.76,9.786,94239380
1465479000,9.722,9.8433,9.6664,9.709,89238030
1465565400,9.488,9.535,9.328,9.375,129079000
1465824600,9.502,9.72,9.362,9.385,134843450
1465911000,9.416,9.58,9.327,9.412,94803880
1465997400,9.461,9.546,9.35,9.429,76754490
1466083800,9.418,9.556,9.32474,9.544,75507740
1466170200,9.575,9.577,9.42,9.445,80468410
1466429400,9.522,9.588,9.365,9.38,90263760
1466515800,9.387,9.388,9.077,9.099,151997270
1466602200,9.078,9.198,8.977,9.001,94546850
1466688600,9.062,9.168,8.815,9.166,108190330
1466775000,8.753,9.049,8.721,8.844,112485820
1467034200,8.788,8.8,8.481,8.533,137757060
1467120600,8.741,8.888,8.641,8.797,115456310
1467207000,8.967,9.197,8.87,9.106,116870790
1467293400,9.091,9.17201,8.99,9.148,90989710
1467379800,9.5,9.7,9.48,9.667,161672100
1467725400,9.52,10.127,9.331,9.791,258793670
1467811800,9.503,9.6,9.355,9.46,163012110
1467898200,9.47,9.538,9.318,9.51,99135090
1467984600,9.6,9.741,9.53,9.706,83353750
1468243800,9.619,9.6869,9.43,9.467,132761610
1468330200,9.507,9.672,9.409,9.597,116174100
1468416600,9.626,9.672,9.48,9.643,87688630
1468503000,9.7,9.827,9.68,9.802,98850090
1468589400,9.852,9.87,9.741,9.839,90418650
1468848600,9.843,9.984,9.724,9.881,286696590
1468935000,8.543,8.675,8.45,8.584,556812090
1469021400,8.667,8.849,8.582,8.791,235251410
1469107800,8.83,8.838,8.521,8.599,160839960
1469194200,8.648,8.65,8.511,8.589,113639170
1469453400,8.573,8.787,8.501,8.766,141350270
1469539800,9.103,9.31,9.09,9.141,195776230
1469626200,9.15,9.206,9.01,9.204,87275170
1469712600,9.192,9.221,9.068,9.165,62276980
1469799000,9.119,9.1749,9.059,9.125,69602220
1470058200,9.123,9.467,9.05,9.437,106669450
1470144600,9.4,9.408,9.218,9.356,98362330
1470231000,9.328,9.467,9.255,9.31,70309160
1470317400,9.32,9.37319,9.182,9.344,60433940
1470403800,9.377,9.774,9.356,9.703,183648010
1470663000,9.591,9.593,9.4,9.511,101354010
1470749400,9.512,9.581,9.348,9.399,91754130
1470835800,9.44,9.475,9.295,9.393,65111420
1470922200,9.46,9.633,9.437,9.589,85476590
1471008600,9.553,9.683,9.508,9.659,65929230
1471267800,9.683,9.691,9.524,9.531,73046200
1471354200,9.519,9.561,9.44,9.512,63113390
1471440600,9.494,9.693,9.485,9.637,83156150
1471527000,9.598,9.72168,9.517,9.616,72526290
1471613400,9.605,9.678,9.551,9.587,69428920
1471872600,9.567,9.613,9.495,9.526,58305480
1471959000,9.568,9.659,9.548,9.594,52391060
1472045400,9.613,9.636,9.491,9.518,62764680
1472131800,9.638,9.8245,9.604,9.732,108230550
1472218200,9.733,9.795,9.657,9.758,66176360
1472477400,9.697,9.84497,9.657,9.73,80084300
1472563800,9.784,9.885,9.714,9.745,60935360
1472650200,9.748,9.788,9.676,9.745,46906140
1472736600,9.781,9.798,9.6916,9.738,41486210
1472823000,9.79,9.818,9.701,9.738,42471820
1473168600,9.776,10.032,9.7649,10.009,90360920
1473255000,10.011,10.019,9.842,9.915,64685120
1473341400,9.923,10.005,9.882,9.966,52012080
1473427800,9.906,9.939,9.65,9.65,73733190
1473687000,9.591,9.929,9.571,9.905,77183510
1473773400,9.717,9.8,9.533,9.609,117880780
1473859800,9.735,9.835,9.696,9.701,85284500
1473946200,9.723,9.797,9.653,9.734,52999300
1474032600,9.71,9.949,9.704,9.948,94451090
1474291800,9.99,10.035,9.782,9.806,86161830
1474378200,9.878,9.916,9.766,9.825,47367620
1474464600,9.69,9.71,9.326,9.488,200422360
1474551000,9.554,9.588,9.423,9.583,112149730
1474637400,9.575,9.697,9.543,9.594,61794710
1474896600,9.538,9.538,9.404,9.456,67391880
1474983000,9.504,9.764,9.5,9.707,96801000
1475069400,9.71,9.759,9.602,9.748,72351090
1475155800,9.731,9.831,9.66,9.667,62176360
1475242200,9.69,9.953,9.679,9.855,98079250
1475501400,9.8,10.339,9.8,10.263,153444900
1475587800,10.319,10.444,10.186,10.234,121431040
1475674200,10.35,10.697,10.34301,10.628,129428800
1475760600,10.497,10.547,10.388,10.507,65877380
1475847000,10.398,10.65,10.35501,10.482,86595180
1476106200,10.318,10.453,10.276,10.333,66996530
1476192600,10.231,10.29,9.986,10.059,90328540
1476279000,10.088,10.247,9.922,9.95,74265040
1476365400,9.801,10.05,9.763,10.023,83193330
1476451800,10.159,10.2099,10.035,10.147,95310560
1476711000,10.05,10.073,9.838,9.98,265894830
1476797400,11.663,11.982,11.65,11.879,421682210
1476883800,11.825,12.245,11.8,12.187,219817340
1476970200,12.197,12.375,12.106,12.335,144928270
1477056600,12.25,12.785,12.231,12.75,188324280
1477315800,12.742,12.929,12.615,12.733,159806740
1477402200,12.652,12.806,12.575,12.651,82539410
1477488600,12.629,12.872,12.575,12.697,86024070
1477575000,12.743,12.818,12.593,12.647,69141820
1477661400,12.608,12.893,12.60118,12.657,70772520
1477920600,12.685,12.69,12.44,12.487,65175120
1478007000,12.498,12.583,12.18,12.33,69786210
1478093400,12.283,12.407,12.183,12.234,48165260
1478179800,12.231,12.372,12.184,12.214,50413210
1478266200,12.2,12.343,12.162,12.203,50777190
1478529000,12.426,12.575,12.337,12.458,58271260
1478615400,12.412,12.581,12.322,12.434,46907560
1478701800,12.184,12.365,12.08611,12.219,77056730
1478788200,12.276,12.297,11.37,11.542,197187030
1478874600,11.49,11.663,11.311,11.478,110802510
1479133800,11.475,11.59,11.068,11.338,99323790
1479220200,11.455,11.641,11.3091,11.359,74450940
1479306600,11.296,11.612,11.181,11.519,59337280
1479393000,11.513,11.681,11.356,11.503,62327440
1479479400,11.573,11.642,11.351,11.521,67467830
1479738600,11.62,11.872,11.619,11.796,70645280
1479825000,11.832,11.946,11.698,11.804,70071880
1479911400,11.776,11.889,11.731,11.769,45213140
1480084200,11.764,11.839,11.718,11.741,16162600
1480343400,11.705,11.762,11.571,11.693,52788610
1480429800,11.73,11.918,11.71316,11.751,70822640
1480516200,11.9,12.037,11.63913,11.7,77151030
1480602600,11.752,11.868,11.395,11.722,86369430
1480689000,11.675,12.098,11.675,12.081,89535900
1480948200,12.073,12.075,11.84,11.916,76262830
1481034600,12.01,12.479,11.942,12.457,115132090
1481121000,12.448,12.575,12.325,12.539,82046870
1481207400,12.54,12.635,12.216,12.324,89877120
1481293800,12.378,12.43,12.173,12.288,47007830
1481553000,12.284,12.403,12.23,12.283,39176050
1481639400,12.351,12.509,12.27809,12.378,55645090
1481725800,12.343,12.44,12.25,12.344,61102730
1481812200,12.344,12.743,12.295,12.5,73761840
1481898600,12.639,12.668,12.401,12.422,78679750
1482157800,12.43,12.644,12.287,12.545,48672760
1482244200,12.546,12.63,12.464,12.512,39378120
1482330600,12.553,12.77372,12.5,12.65,65147930
1482417000,12.684,12.75,12.518,12.558,41614100
1482503400,12.561,12.628,12.508,12.559,20103820
1482849000,12.624,12.905,12.57,12.835,52881640
1482935400,12.907,12.907,12.576,12.589,43891620
1483021800,12.595,12.614,12.42,12.533,34450560
1483108200,12.624,12.657,12.36,12.38,44553510
1483453800,12.496,12.819,12.431,12.749,94378560
1483540200,12.749,13.017,12.655,12.941,78435590
1483626600,12.922,13.275,12.89,13.181,101855160
1483713000,13.208,13.388,12.981,13.107,106578780
1483972200,13.148,13.199,12.989,13.095,57718350
1484058600,13.127,13.222,12.929,12.989,59858090
1484145000,13.091,13.15,12.92475,13.05,56150610
1484231400,13.063,13.085,12.85,12.918,53888800
1484317800,13.115,13.393,13.058,13.37,105150150
1484663400,13.504,13.54,13.209,13.289,122202020
1484749800,13.321,13.365,13.106,13.326,161686170
1484836200,14.201,14.346,13.825,13.841,232034410
1484922600,13.936,14.079,13.766,13.86,94973940
1485181800,13.865,13.949,13.731,13.739,74338960
1485268200,13.811,14.093,13.703,14.011,77546730
1485354600,14.08,14.139,13.905,13.952,76128880
1485441000,14.045,14.121,13.851,13.896,60383130
1485527400,13.946,14.249,13.9,14.245,83238660
1485786600,14.177,14.1967,13.88,14.122,81224810
1485873000,14.055,14.183,13.97,14.071,44116310
1485959400,14.12,14.241,13.93,14.078,60334220
1486045800,14.061,14.104,13.905,13.92,34623700
1486132200,13.951,14.064,13.91,14.025,35125680
1486391400,14,14.1,13.916,14.097,35520660
1486477800,14.149,14.428,14.105,14.4,85735150
1486564200,14.357,14.507,14.256,14.474,68870500
1486650600,14.498,14.509,14.358,14.414,45551190
1486737000,14.468,14.52992,14.397,14.482,61719360
1486996200,14.519,14.595,14.305,14.32,47904350
1487082600,14.32,14.411,14.005,14.082,83677860
1487169000,14.072,14.243,14.051,14.227,53090500
1487255400,14.242,14.244,14.107,14.201,28474960
1487341800,14.175,14.29,14.127,14.222,45880730
1487687400,14.299,14.338,14.181,14.26,35714810
1487773800,14.292,14.4,14.217,14.386,34819680
1487860200,14.445,14.449,14.15196,14.278,46679780
1487946600,14.188,14.356,14.155,14.325,33027140
1488205800,14.312,14.392,14.238,14.341,39073770
1488292200,14.33,14.357,14.185,14.213,38622210
1488378600,14.284,14.326,14.21,14.265,41706490
1488465000,14.215,14.27,13.909,13.953,61199450
1488551400,13.969,14.091,13.826,13.914,54011040
1488810600,14.1,14.284,14.054,14.194,71161180
1488897000,14.199,14.24,14.038,14.143,42410370
1488983400,14.147,14.206,13.97704,14.032,40925500
1489069800,14.004,14.124,13.974,14.053,26527400
1489156200,14.139,14.18,14.028,14.089,33184640
1489411800,14.09,14.371,14.0321,14.352,49224320
1489498200,14.295,14.331,14.17,14.319,46602940
1489584600,14.42,14.552,14.323,14.525,59871980
1489671000,14.55,14.65,14.422,14.439,52864560
1489757400,14.405,14.576,14.34,14.511,62813160
1490016600,14.545,14.625,14.458,14.583,34210460
1490103000,14.675,14.77,14.21,14.242,76697530
1490189400,14.2545,14.38,14.076,14.265,64868930
1490275800,14.214,14.289,14.126,14.184,37126250
1490362200,14.236,14.28,14.158,14.202,35465990
1490621400,14.083,14.439,14,14.406,47716500
1490707800,14.41,14.611,14.392,14.517,46380030
1490794200,14.55,14.718,14.49089,14.647,38479270
1490880600,14.681,14.829,14.653,14.806,44610680
1490967000,14.8,14.8225,14.733,14.781,38882370
1491226200,14.67,14.8005,14.574,14.692,46093360
1491312600,14.684,14.709,14.489,14.55,43689190
1491399000,14.619,14.625,14.326,14.362,46076360
1491485400,14.4,14.414,14.301,14.374,33124100
1491571800,14.379,14.389,14.271,14.311,30405060
1491831000,14.304,14.465,14.121,14.385,58074400
1491917400,14.428,14.454,14.198,14.435,46214510
1492003800,14.485,14.574,14.355,14.383,43869540
1492090200,14.425,14.455,14.276,14.292,36857890
1492435800,14.443,14.732,14.443,14.725,163647430
1492522200,14.734,14.74,14,14.336,196709750
1492608600,14.337,14.4,13.866,13.976,123950640
1492695000,14.03,14.18,13.927,14.118,72481800
1492781400,14.139,14.303,14.09028,14.287,68247860
1493040600,14.361,14.45,14.34,14.383,48009200
1493127000,14.746,15.352,14.622,15.216,206116560
1493213400,15.153,15.215,14.89,15.017,92740810
1493299800,15.06,15.349,14.93,15.308,77193650
1493386200,15.271,15.297,15.094,15.22,63662470
1493645400,15.191,15.77,15.161,15.535,90316310
1493731800,15.576,15.65,15.461,15.645,53848390
1493818200,15.629,15.654,15.488,15.559,39312440
1493904600,15.559,15.79,15.455,15.725,55823300
1493991000,15.855,15.859,15.59,15.66,53417350
1494250200,15.655,15.764,15.53,15.638,48187940
1494336600,15.61,15.785,15.597,15.746,39110270
1494423000,15.782,16.11,15.656,16.028,68698790
1494509400,16.033,16.052,15.755,15.854,56773600
1494595800,15.911,16.084,15.851,16.081,50928850
1494855000,16.025,16.178,15.976,16.002,49719540
1494941400,16.05,16.118,15.933,15.941,34649120
1495027800,15.809,15.878,15.3,15.32,81844830
1495114200,15.361,15.689,15.324,15.57,68026700
1495200600,15.615,15.805,15.591,15.702,40914860
1495459800,15.786,15.86,15.643,15.716,37440550
1495546200,15.775,15.831,15.68,15.795,33709300
1495632600,15.835,15.848,15.717,15.775,29897970
1495719000,16.1,16.41,16.055,16.305,85609610
1495805400,16.284,16.305,16.112,16.243,48342910
1496151000,16.36,16.475,16.271,16.322,48286370
1496237400,16.361,16.4,16.074,16.307,53289190
1496323800,16.352,16.39316,16.17,16.299,38963170
1496410200,16.342,16.536,16.28,16.518,42590810
1496669400,16.549,16.55,16.343,16.506,38751740
1496755800,16.495,16.682,16.451,16.517,43820920
1496842200,16.56,16.64,16.44086,16.561,33530990
1496928600,16.612,16.687,16.484,16.588,37191020
1497015000,16.627,16.627,15.45,15.803,102919540
1497274200,15.53,15.553,14.831,15.144,141144770
1497360600,15.438,15.568,15.013,15.272,84847460
1497447000,15.434,15.5615,15.028,15.22,64617580
1497533400,14.944,15.256,14.73,15.176,73197460
1497619800,15.145,15.353,15.039,15.238,69097050
1497879000,15.429,15.558,15.241,15.34,65442980
1497965400,15.368,15.45,15.14,15.205,48786730
1498051800,15.25,15.538,15.226,15.503,58034460
1498138200,15.513,15.52,15.37,15.489,37691670
1498224600,15.501,15.819,15.376,15.802,62507610
1498483800,15.878,15.997,15.656,15.75,60159740
1498570200,15.662,15.69775,15.07197,15.103,74242520
1498656600,15.164,15.42,15.012,15.341,55898830
1498743000,15.282,15.282,14.8,15.009,71424620
1498829400,14.976,15.071,14.842,14.941,52133150
1499088600,14.98,15.045,14.58,14.617,39082150
1499261400,14.658,14.826,14.558,14.761,46278030
1499347800,14.613,14.727,14.425,14.625,54864820
1499434200,14.665,15.075,14.665,15.018,55612630
1499693400,15.034,15.323,14.965,15.267,53606060
1499779800,15.237,15.523,15.155,15.433,48986450
1499866200,15.577,15.88,15.577,15.875,84817790
1499952600,15.851,16.013,15.698,15.821,67000520
1500039000,15.93,16.135,15.797,16.112,55492210
1500298200,16.291,16.355,16.00201,16.17,174966850
1500384600,17.612,18.5,17.424,18.36,415873950
1500471000,18.297,18.717,18.175,18.386,173443210
1500557400,18.384,18.592,18.27,18.36,79071820
1500643800,18.272,19.15,18.271,18.854,92774480
1500903000,18.8685,19.025,18.701,18.791,87972600
1500989400,18.779,18.866,18.581,18.697,53744720
1501075800,18.77,18.97043,18.751,18.908,44792900
1501162200,18.989,19,17.938,18.268,112209820
1501248600,18.2,18.503,18.118,18.404,62019470
1501507800,18.426,18.49738,18.065,18.166,48836060
1501594200,18.249,18.462,18.143,18.203,51127070
1501680600,18.222,18.257,17.78149,18.074,57713360
1501767000,18.053,18.12248,17.802,17.923,46277320
1501853400,17.96,18.1,17.85,18.027,44910550
1502112600,18.1,18.227,17.91,18.133,46097880
1502199000,18.137,18.191,17.745,17.836,61040430
1502285400,17.143,17.596,17.001,17.578,96705020
1502371800,17.403,17.445,16.76,16.914,96930570
1502458200,16.986,17.258,16.9,17.14,50223340
1502717400,16.98,17.245,16.88,17.1,74684080
1502803800,17.153,17.188,16.825,16.85,56560640
1502890200,16.75,17.05,16.625,16.998,70135570
1502976600,16.923,17.058,16.572,16.609,52291880
1503063000,16.595,16.997,16.58,16.654,73857360
1503322200,16.691,16.899,16.423,16.676,64807080
1503408600,16.776,16.993,16.704,16.934,48863260
1503495000,16.835,16.964,16.67,16.906,46322560
1503581400,16.986,17.12363,16.615,16.813,53617490
1503667800,16.858,16.875,16.55,16.595,40640400
1503927000,16.643,16.867,16.56,16.712,36572640
1504013400,16.5,16.968,16.473,16.881,46209200
1504099800,16.95,17.485,16.937,17.469,80347430
1504186200,17.545,17.624,17.386,17.471,69409900
1504272600,17.555,17.648,17.392,17.474,38129680
1504618200,17.34,17.588,17.244,17.452,45974410
1504704600,17.525,17.946,17.373,17.925,87426430
1504791000,17.88,18.035,17.71,17.9,60361460
1504877400,17.845,18.039,17.625,17.642,45908460
1505136600,17.81,18.247,17.803,18.174,59794470
1505223000,18.255,18.533,18.06435,18.515,66895680
1505309400,18.407,18.44995,18.255,18.364,43203490
1505395800,18.325,18.52882,18.207,18.263,45107220
1505482200,18.273,18.493,18.143,18.235,55917430
1505741400,18.361,18.545,18.273,18.462,53595690
1505827800,18.498,18.623,18.417,18.568,49820860
1505914200,18.61,18.65,18.32,18.551,46249930
1506000600,18.582,18.995,18.451,18.878,71481040
1506087000,18.84,18.985,18.639,18.735,54643120
1506346200,18.646,18.655,17.77,17.855,93672310
1506432600,18.07,18.095,17.655,17.938,56024710
1506519000,18.101,18.334,18.07,18.197,57105440
1506605400,18.125,18.195,17.936,18.07,40769860
1506691800,18.073,18.29,18.065,18.135,42278640
1506951000,18.211,18.28,17.658,17.701,73420070
1507037400,17.765,17.97,17.755,17.919,39569400
1507123800,18.141,18.67,18.125,18.445,92358670
1507210200,18.565,19.449,18.449,19.439,194126900
1507296600,19.43,19.892,19.205,19.802,153483560
1507555800,19.91,19.94,19.656,19.687,69717140
1507642200,19.785,19.83,19.21,19.508,62338230
1507728600,19.557,19.62199,19.381,19.495,64501610
1507815000,19.675,19.862,19.471,19.586,77533410
1507901400,19.97,20.08199,19.71866,19.949,120812520
1508160600,20.195,20.283,19.786,20.268,221054420
1508247000,20.011,20.438,19.777,19.948,239001180
1508333400,19.999,20.001,19.425,19.554,111989380
1508419800,19.301,19.525,19.116,19.513,70346020
1508506200,19.59,19.638,19.377,19.416,59955680
1508765400,19.417,19.48999,19.10346,19.247,69799940
1508851800,19.275,19.6735,19.14,19.602,70691080
1508938200,19.538,19.7055,19.301,19.377,53152690
1509024600,19.466,19.761,19.408,19.521,51858300
1509111000,19.72,20.065,19.622,19.954,81285670
1509370200,19.962,20.1099,19.70721,19.837,54395630
1509456600,19.821,19.859,19.5218,19.643,55185950
1509543000,19.724,19.9199,19.6,19.8,50174200
1509629400,19.745,19.944,19.70901,19.932,36063320
1509715800,19.98,20.055,19.799,20.001,36788290
1509978600,20,20.248,19.809,20.013,58465810
1510065000,20,20.061,19.48,19.589,64679690
1510151400,19.6,19.709,19.474,19.644,42373980
1510237800,19.446,19.449,19.081,19.39,59799250
1510324200,19.161,19.259,18.95,19.202,66221680
1510583400,19.112,19.605,19.1,19.508,46069510
1510669800,19.364,19.588,19.3,19.571,34505130
1510756200,19.454,19.542,19.153,19.212,42030720
1510842600,19.433,19.77,19.375,19.551,56783550
1510929000,19.574,19.595,19.265,19.32,39063330
1511188200,19.33,19.432,19.19,19.41,38274740
1511274600,19.504,19.752,19.4971,19.623,47873110
1511361000,19.658,19.675,19.363,19.632,58954020
1511533800,19.665,19.69,19.533,19.575,19026190
1511793000,19.556,19.585,19.4,19.505,32101450
1511879400,19.534,19.968,19.401,19.918,69810940
1511965800,19.891,19.9029,18.432,18.815,142027130
1512052200,19.031,19.086,18.668,18.758,66300510
1512138600,18.699,18.98,18.5,18.682,62195310
1512397800,18.936,18.972,17.838,18.404,90697650
1512484200,18.35,18.814,18.119,18.421,57836970
1512570600,18.338,18.64844,18.288,18.53,54900880
1512657000,18.571,18.734,18.322,18.52,46595420
1512743400,18.65,18.942,18.63,18.854,49872700
1513002600,18.785,18.942,18.591,18.622,52985830
1513089000,18.601,18.785,18.48183,18.573,42659070
1513175400,18.61,18.869,18.541,18.786,47100410
1513261800,18.798,19.264,18.72,18.956,77928490
1513348200,18.961,19.143,18.801,19.012,72856410
1513607400,19.12,19.165,18.89,19.042,50109610
1513693800,19.018,19.02981,18.575,18.702,70329780
1513780200,18.794,18.911,18.526,18.882,65453940
1513866600,18.944,19.095,18.758,18.862,47298360
1513953000,18.833,19.095,18.68,18.994,38789040
1514298600,18.978,18.994,18.64,18.776,30456520
1514385000,18.78,18.81,18.522,18.624,40020980
1514471400,18.718,19.449,18.685,19.271,101073920
1514557800,19.251,19.395,19.122,19.196,51876060
1514903400,19.61,20.165,19.542,20.107,109668890
1514989800,20.205,20.621,20.15,20.505,85913690
1515076200,20.62,20.705,20.40006,20.563,60296160
1515162600,20.725,21.002,20.559,20.999,70332400
1515421800,21.002,21.25,20.844,21.205,55801780
1515508200,21.211,21.298,20.859,20.931,61258550
1515594600,20.757,21.364,20.691,21.252,59514860
1515681000,21.429,21.775,21.335,21.724,76594850
1515767400,21.718,22.255,21.6,22.123,81994230
1516113000,22.424,22.607,21.72,22.153,135160670
1516199400,22.1,22.115,21.632,21.75,91230560
1516285800,22.034,22.058,21.655,22.033,82253390
1516372200,22.275,22.349,21.85,22.046,105485670
1516631400,22.2,22.7785,22.12,22.758,177032930
1516717800,25.505,25.771,24.802,25.029,277053320
1516804200,25.088,26.171,24.9311,26.13,173524480
1516890600,26.3,27.23,26.023,26.97,153363780
1516977000,27.1485,27.46,26.876,27.46,110218390
1517236200,27.42,28.681,27.392,28.459,175297490
1517322600,27.7,28.273,27.27,27.88,124828520
1517409000,28.194,28.2289,26.958,27.03,116950720
1517495400,26.641,27.195,26.338,26.507,96690110
1517581800,26.3,27.062,26.271,26.743,91236100
1517841000,26.2,26.7899,25.003,25.426,118960530
1517927400,24.77,26.67,24.5,26.572,125958010
1518013800,26.658,27.245,26.4325,26.456,89815480
1518100200,26.708,26.762,25,25.01,93067010
1518186600,25.385,25.57999,23.611,24.947,169069420
1518445800,25.214,25.915,24.9,25.795,85349060
1518532200,25.729,26.141,25.47,25.827,68551510
1518618600,26.047,26.988,26.033,26.6,109719850
1518705000,27.003,28.05,26.763,28.027,107596670
1518791400,27.873,28.196,27.569,27.852,83123800
1519137000,27.774,28.5812,27.661,27.855,77690230
1519223400,28.207,28.664,28.001,28.104,93711210
1519309800,28.388,28.45,27.445,27.814,88915350
1519396200,28.1,28.6,27.781,28.593,73018090
1519655400,28.875,29.56475,28.701,29.416,102686330
1519741800,29.477,29.736,29.059,29.061,94164890
1519828200,29.31,29.575,29.078,29.138,76534540
1519914600,29.275,29.525,28.383,29.039,119320510
1520001000,28.465,30.118,28.323,30.105,133453130
1520260200,30.285,31.691,29.76,31.5,189860990
1520346600,31.988,32.579,31.65,32.522,185258440
1520433000,32,32.374,31.455,32.116,171322220
1520519400,32.22,32.29176,31.413,31.7,113400660
1520605800,32.133,33.144,32.023,33.144,145002190
1520861400,33.356,33.398,31.86,32.13,203691520
1520947800,32.387,32.58409,31.3278,31.588,129172240
1521034200,31.816,32.388,31.77,32.155,104750730
1521120600,32.317,32.34,31.814,32.109,56428830
1521207000,32.142,32.411,31.837,31.845,73337340
1521466200,31.58,31.7,30.734,31.348,99251620
1521552600,31.326,31.95,31.28,31.75,59919450
1521639000,31.635,31.94,31.4511,31.648,52639110
1521725400,31.307,31.412,30.566,30.67,80633050
1521811800,30.741,31.073,30.036,30.094,95299480
1522071000,30.936,32.103,30.2,32.035,119882740
1522157400,32.249,32.29,29.7,30.069,120686320
1522243800,29.839,29.88,28.161,28.577,189729120
1522330200,28.7,29.535,27.59,29.535,191455220
1522675800,29.194,29.287,27.505,28.029,134057600
1522762200,28.545,29.125,27.801,28.367,126948620
1522848600,27.363,29.031,27.12239,28.894,129139780
1522935000,29.315,29.916,28.911,29.397,106551780
1523021400,28.91,29.885,28.565,28.885,114447770
1523280600,29.177,29.955,28.912,28.993,98535640
1523367000,29.768,29.895,29.169,29.807,107190970
1523453400,30.28847,31.164,30.182,30.367,148774290
1523539800,30.97187,31.113,30.675,30.925,102494030
1523626200,31.729,31.749,30.823,31.165,120465730
1523885400,31.599,31.61,30.4,30.778,203079210
1523971800,32.966,33.862,32.377,33.606,338664560
1524058200,33.63,33.882,33.11,33.452,112211390
1524144600,33.288,33.531,32.677,33.27,84388250
1524231000,33.222,33.651,32.6,32.777,91586550
1524490200,32.91499,33.122,31.708,31.869,89680150
1524576600,31.92168,32.0249,30.231,30.702,138932170
1524663000,30.637,30.998,29.2615,30.576,149196980
1524749400,31,31.663,30.558,31.398,92666990
1524835800,31.625,31.745,30.65,31.176,70743840
1525095000,31.107,31.788,31.0118,31.246,60887870
1525181400,31.036,31.348,30.669,31.33,60366390
1525267800,31.165,31.71,31.04034,31.336,56971200
1525354200,31.259,31.259,30.573,31.169,61358280
1525440600,30.871,32.098,30.767,32.009,82095130
1525699800,32.19947,32.90234,31.934,32.626,71178230
1525786200,32.59,32.7348,32.305,32.689,47357380
1525872600,32.879,33.195,32.751,33.03,56334440
1525959000,33.15,33.2055,32.73438,32.96,53022540
1526045400,32.965,33.126,32.487,32.646,45897310
1526304600,32.725,33.05038,32.704,32.853,40898000
1526391000,32.594,32.694,32.2434,32.613,47460960
1526477400,32.628,32.972,32.514,32.819,36716900
1526563800,32.753,33.045,32.31734,32.522,49357080
1526650200,32.49,32.642,32.28,32.418,35777170
1526909400,32.711,33.188,32.545,33.182,66573260
1526995800,33.405,33.663,33.115,33.162,59644480
1527082200,32.904,34.5,32.809,34.472,100491470
1527168600,34.434,35.4,34.112,34.929,147585530
1527255000,34.99,35.436,34.883,35.129,78174000
1527600600,35.15,35.61,34.671,34.973,97179210
1527687000,35.237,35.4,34.926,35.354,56855310
1527773400,35.38,35.553,35.021,35.16,69216870
1527859800,35.388,35.999,35.282,35.993,71122920
1528119000,36.26847,36.3,35.551,36.181,76819950
1528205400,36.332,36.983,36.14124,36.58,83580450
1528291800,36.77848,36.96799,36.333,36.745,77123020
1528378200,36.854,36.87,35.78,36.14,82780400
1528464600,35.806,36.239,35.625,36.057,52257360
1528723800,36.188,36.567,36.091,36.145,44324450
1528810200,36.36,36.598,36.2,36.383,42909690
1528896600,36.753,38.42537,36.411,37.993,182227990
1528983000,38.427,39.503,38.325,39.287,145983330
1529069400,39.071,39.886,38.751,39.198,135881140
1529328600,38.772,39.316,38.65,39.04,68247940
1529415000,38.95,40.529,38.85,40.498,166971040
1529501400,41.515,41.94675,40.96,41.676,164945720
1529587800,42.138,42.32056,40.63701,41.544,183899360
1529674200,41.998,42.05,40.9651,41.109,104286210
1529933400,40.469,40.599,37.875,38.448,224909220
1530019800,39.328,40.478,38.905,39.939,151911570
1530106200,40.756,41.15865,39,39.039,165414260
1530192600,39.5,39.69,38.71,39.542,122198880
1530279000,39.919,40.13299,39.055,39.143,92525110
1530538200,38.545,39.838,38,39.818,81424570
1530624600,39.949,39.998,38.95,39.052,52803440
1530797400,39.38003,39.924,39.086,39.839,84489370
1530883800,39.745,40.86495,39.55225,40.825,86296060
1531143000,41.595,41.912,41.11,41.897,111274770
1531229400,41.724,41.944,41.308,41.563,93829440
1531315800,41.134,41.977,41.06,41.865,97139040
1531402200,41.51553,41.679,40.78,41.35,127432730
1531488600,40.919,41,39.5081,39.58,157472660
1531747800,39.898,40.3355,39.175,40.048,229599840
1531834200,34.695,38.5,34.4,37.948,584103620
1531920600,38.124,38.313,37.23552,37.513,217462660
1532007000,37.106,37.5749,36.3,36.423,168786810
1532093400,36.492,37.05,36.014,36.105,151137400
1532352600,35.91453,36.39,35.36,36.266,115052320
1532439000,36.694,36.74,35.456,35.732,128514570
1532525400,35.757,36.328,35.565,36.287,85162480
1532611800,35.819,36.554,35.6625,36.309,69936840
1532698200,36.685,36.7,35.165,35.521,89494910
1532957400,35.193,35.203,33.40201,33.496,182607100
1533043800,33.151,34.25,32.8,33.745,140853690
1533130200,33.587,34.441,33.402,33.838,77904770
1533216600,33.723,34.5,33.471,34.45,71313280
1533303000,34.775,34.786,33.84768,34.309,88483670
1533562200,34.28653,35.198,34.174,35.092,81980760
1533648600,35.323,35.731,34.901,35.183,79709300
1533735000,35.221,35.229,34.661,34.761,54024650
1533821400,34.796,35.2439,34.58157,34.936,48203130
1533907800,34.691,34.91,34.44233,34.587,43374810
1534167000,33.989,34.719,33.907,34.131,68936490
1534253400,34.209,34.241,33.625,33.749,58051820
1534339800,33.403,33.54962,32.1,32.64,117844850
1534426200,32.99,33.117,32.12138,32.244,66897330
1534512600,31.901,32.4365,31.296,31.678,104079080
1534771800,31.464,33.16,31.0928,32.773,135911000
1534858200,33.1,34.15,32.97,33.802,147832460
1534944600,33.849,34.621,33.7406,34.444,89306690
1535031000,34.811,35.008,33.765,33.917,113364250
1535117400,34.6,35.915,34.4541,35.882,147291370
1535376600,36.71453,37.449,36,36.458,174273040
1535463000,36.723,36.999,36.038,36.849,92226170
1535549400,36.72,36.986,36.291,36.804,81187340
1535635800,36.5,37.68085,36.354,37.098,109810130
1535722200,37.066,37.6,36.70766,36.768,79434430
1536067800,36.647,36.888,36.126,36.36,76051610
1536154200,36,36.339,33.583,34.118,130928470
1536240600,34.744,35.6,34.199,34.646,130501560
1536327000,34.22,35.575,34.125,34.868,91058170
1536586200,35.227,35.25,34.308,34.841,57521840
1536672600,34.467,35.615,34.39001,35.593,61980630
1536759000,35.908,37.043,35.624,36.995,104807690
1536845400,37.191,37.409,36.684,36.815,83661220
1536931800,36.855,37.109,36.346,36.456,47564260
1537191000,36.422,36.733,34.957,35.035,70719450
1537277400,35.367,36.815,35.156,36.765,104139810
1537363800,37.395,37.761,35.917,36.696,118768410
1537450200,37.026,37.026,36.317,36.536,67680860
1537536600,36.659,37.222,36.074,36.119,119305680
1537795800,35.9,37.364,35.433,36.961,93225220
1537882200,37.023,37.134,36.4492,36.943,67998160
1537968600,37.359,38.2,37.088,37.788,137997280
1538055000,37.987,38.32,37.6,38.071,73262460
1538141400,37.924,38.08,37.373,37.413,71148780
1538400600,37.585,38.611,37.559,38.143,83765600
1538487000,38.438,38.67999,37.383,37.714,86387170
1538573400,37.853,38.093,37.4881,37.705,57986050
1538659800,37.588,37.592,36.04,36.365,90743500
1538746200,35.977,36.35,34.3,35.135,135229570
1539005400,34.518,35.2945,33.811,34.91,123754960
1539091800,34.848,35.872,34.709,35.571,87549900
1539178200,35.352,35.515,32.539,32.589,171831200
1539264600,32.494,33.42,31.581,32.11,160820560
1539351000,33.957,34.13,32.89,33.956,148708300
1539610200,33.763,33.92057,32.693,33.313,112149560
1539696600,33.724,34.795,33.0555,34.64,201564180
1539783000,37.833,38,35.65,36.47,326109470
1539869400,36.0673,36.22,34.605,34.671,184610400
1539955800,35.1,35.58,33.22,33.267,167172330
1540215000,33.31,33.58,32.034,32.954,170971750
1540301400,31.8,33.658,31.677,33.316,149073260
1540387800,33.228,33.3,30.073,30.183,190392970
1540474200,30.712,31.994,30.525,31.287,133469210
1540560600,30.051,31.399,29.23,29.983,196160410
1540819800,30.526,30.789,27.54,28.484,216988410
1540906200,27.557,29.0525,27.12093,28.581,236857020
1540992600,29.777,31.15,29.505,30.178,203603420
1541079000,30.459,31.845,29.667,31.738,151214500
1541165400,31.8,32.188,30.833,30.91,134046460
1541428200,31.11,31.753,30.374,31.544,102830440
1541514600,31.476,32.022,30.53,31.084,97104240
1541601000,31.29,32.856,31.1,32.75,133283280
1541687400,32.8,33.20499,31.66103,31.792,110238530
1541773800,31.107,31.298,29.801,30.347,134807920
1542033000,30,30.249,29.063,29.407,109248270
1542119400,29.5,30.355,28.91,29.44,122321620
1542205800,30.04,30.184,27.82969,28.673,168535740
1542292200,28.551,29.25,28.216,29.006,99670980
1542378600,28.714,29.172,28.1,28.621,90994850
1542637800,28.379,28.509,26.915,27.06,129937970
1542724200,25.463,27.634,25,26.698,166938090
1542810600,27.442,27.534,26.151,26.213,110230370
1542983400,26.011,26.55,25.684,25.882,52451230
1543242600,26.055,26.625,25.38,26.143,124985600
1543329000,25.924,26.908,25.614,26.663,111495010
1543415400,27.198,28.4,26.334,28.265,148013330
1543501800,28.232,29.049,27.55,28.875,154315380
1543588200,28.8,29.081,28.3061,28.613,118601170
1543847400,29.319,29.872,28.458,29.03,141173700
1543933800,28.813,29.574,27.472,27.533,128005860
1544106600,26.833,28.322,26.714,28.288,130743240
1544193000,28.248,28.4209,26.338,26.514,124667110
1544452200,26.419,27.118,26.06094,26.97,96055530
1544538600,27.408,27.45,26.276,26.532,98431990
1544625000,26.766,28.17695,26.648,27.488,114567160
1544711400,27.764,27.932,27.185,27.602,83792920
1544797800,27.181,27.76665,26.5,26.684,99153190
1545057000,26.651,27.298,26.1075,26.28,96347340
1545143400,26.33,27.575,26.329,27.094,103500790
1545229800,26.996,28.087,26.377,26.677,137884480
1545316200,26.464,26.99,25.188,26.058,167929280
1545402600,26.383,26.45,24.129,24.639,213975950
1545661800,24.2,25.065,23.368,23.388,95476160
1545834600,23.392,25.45,23.123,25.367,144027350
1545921000,25.011,25.559,24.01,25.5565,122352170
1546007400,25.794,26.19144,24.98,25.608,109872860
1546266600,26.016,27.01001,26,26.766,135089200
1546439400,25.928,26.97499,25.658,26.766,116795280
1546525800,27.02,27.579,26.443,27.12,149696470
1546612200,28.188,29.78,27.854,29.757,193301020
1546871400,30.21,31.68,30.165,31.534,186201160
1546957800,31.998,32.0593,30.801,32.027,153591800
1547044200,31.771,32.33508,31.35,31.996,133431520
1547130600,31.457,32.537,31.25,32.466,134724750
1547217000,33.096,34.109,32.852,33.759,195004290
1547476200,33.424,33.548,32.913,33.294,104995820
1547562600,34.96,35.722,34.7,35.464,211812340
1547649000,35.4,35.885,34.811,35.139,153855480
1547735400,34.95,35.579,34.641,35.319,188711950
1547821800,35.197,35.3,33.673,33.91,266210400
1548167400,33.489,33.688,32.103,32.516,179414160
1548253800,32.825,33.175,31.86,32.199,134801380
1548340200,32.06,33.18,31.9,32.667,111316270
1548426600,32.872,34,32.851,33.805,111666090
1548685800,33.47,33.63,32.888,33.566,86520820
1548772200,33.587,33.822,32.8151,32.89,76551890
1548858600,33.275,34.178,33.08,34.066,92345300
1548945000,33.968,34.599,33.80919,33.95,85355170
1549031400,33.718,34.684,33.65,33.985,98277600
1549290600,34.26,35.2,34.13,35.134,90513870
1549377000,35.32,36,35.29,35.581,90466230
1549463400,35.7,35.704,34.719,35.219,67176620
1549549800,34.79,34.875,33.902,34.471,78645290
1549636200,33.8,34.8,33.8,34.757,75613910
1549895400,35,35.287,34.481,34.573,54548630
1549981800,34.809,36,34.652,35.997,104293990
1550068200,35.73,35.96,35.028,35.177,105591460
1550154600,35.175,36.045,34.833,35.907,92953380
1550241000,35.847,36.44,35.55,35.687,92299800
1550586600,35.58,36.5,35.532,36.192,73965590
1550673000,36.485,36.671,35.67,35.991,81107410
1550759400,36.003,36.285,35.388,35.697,62278970
1550845800,36.034,36.613,36.005,36.302,70882140
1551105000,36.701,37.149,36.379,36.391,75693200
1551191400,36.298,36.57,35.933,36.497,49445930
1551277800,36.35,36.803,35.98,36.287,56299450
1551364200,36.247,36.639,35.7709,35.81,61867630
1551450600,36.226,36.287,35.46915,35.732,55265390
1551709800,35.972,36.225,34.80436,35.104,74869960
1551796200,35.146,35.617,34.825,35.43,59377540
1551882600,35.36,35.988,35.17,35.961,62118950
1551969000,36.016,36.286,35.05,35.26,61513310
1552055400,34.575,34.992,34.247,34.96,68988380
1552311000,35.2,35.898,35.003,35.886,53872850
1552397400,35.937,36.013,35.38,35.627,51645710
1552483800,35.581,36.248,35.2765,36.121,64440920
1552570200,36.05,36.384,35.81008,35.882,52714290
1552656600,36.102,36.4,35.889,36.146,84432100
1552915800,36.247,37.09705,36.186,36.344,71947260
1553002200,36.64,36.696,35.68,35.878,75414250
1553088600,35.891,37.59,35.701,37.522,109171650
1553175000,37.4,37.9,37.061,37.787,85440170
1553261400,37.595,37.643,36.004,36.101,86613460
1553520600,35.9,36.70399,35.744,36.623,84738450
1553607000,36.787,36.838,35.802,35.997,76664750
1553693400,36.1,36.247,35.037,35.337,78523700
1553779800,35.4485,35.594,34.92,35.461,43609600
1553866200,35.716,35.825,35.371,35.656,47056360
1554125400,35.9,36.833,35.851,36.696,70360970
1554211800,36.625,36.842,36.222,36.772,51587420
1554298200,36.926,37.34105,36.619,36.975,53766230
1554384600,37.007,37.205,36.24,36.788,46273050
1554471000,36.9,36.98,36.466,36.549,39054930
1554730200,36.511,36.594,35.993,36.141,46538100
1554816600,36.054,36.674,35.9,36.471,54392280
1554903000,36.579,36.88481,36.225,36.392,45455610
1554989400,36.5,37.012,36.081,36.765,65268990
1555075800,36.069,36.175,34.936,35.114,156461990
1555335000,35.071,35.221,34.227,34.887,88423440
1555421400,35.5,36.44787,35.272,35.946,187402320
1555507800,36.505,36.8764,35.06,35.474,180541010
1555594200,35.5,36.041,35.164,36.035,83531650
1555939800,35.97,37.769,35.9,37.734,119805340
1556026200,37.545,38.48,37.47069,38.189,100898200
1556112600,38.107,38.19,37.32698,37.423,65418720
1556199000,37.449,37.476,36.57,36.833,62554960
1556285400,36.835,37.514,36.624,37.485,56219010
1556544600,37.368,37.45753,36.9115,37.183,38217030
1556631000,36.956,37.45,36.8348,37.054,38700950
1556717400,37.4,38.599,37.31746,37.881,92572840
1556803800,37.8,38.35,37.451,37.906,53981670
1556890200,38.153,38.503,37.82717,38.503,51303010
1557149400,37.769,38.135,37.6,37.867,57931440
1557235800,37.7,37.991,36.581,37.046,69749240
1557322200,36.792,36.9,36.136,36.437,65719570
1557408600,36.09,36.42,35.275,36.275,58825720
1557495000,36.162,36.52578,35.306,36.104,56571230
1557754200,35.229,35.426,34.31,34.526,80266970
1557840600,34.871,34.995,34.25,34.561,53530290
1557927000,34.334,35.65,34.139,35.499,63401180
1558013400,35.637,36.4,35.3935,35.931,64414630
1558099800,35.639,35.962,35.3785,35.445,47254480
1558359000,35.123,35.2418,34.54,34.811,46215150
1558445400,35.095,35.6425,34.993,35.427,40263690
1558531800,35.801,37.046,35.73,35.973,62293890
1558618200,35.55,35.742,34.77,35.221,56304430
1558704600,35.541,35.944,35.3791,35.439,38309630
1559050200,35.439,36.12,35.364,35.478,47171440
1559136600,35.36,35.38476,34.59,34.919,56589130
1559223000,35.055,35.421,34.83,35.185,40080420
1559309400,34.722,34.934,34.292,34.328,50234490
1559568600,34.356,34.766,33.265,33.663,78495890
1559655000,34.5,35.361,34.325,35.34,78916320
1559741400,35.438,35.788,34.871,35.573,50200810
1559827800,35.484,35.821,35.209,35.713,37099550
1559914200,35.739,36.515,35.569,36.087,47773210
1560173400,36.365,36.71,34.9285,35.201,78102610
1560259800,35.5,35.758,34.85,35.127,53967120
1560346200,35.182,35.361,34.323,34.556,45847040
1560432600,34.723,34.85,33.925,34.343,62093470
1560519000,34.163,34.34,33.6155,33.973,50190110
1560778200,34.269,35.177,34.206,35.062,53582190
1560864600,35.557,36.15,35.375,35.712,54285420
1560951000,36.172,36.474,35.612,36.352,56671560
1561037400,36.591,37.012,36.1215,36.521,58994670
1561123800,36.5,37.145,36.5,36.921,74483560
1561383000,37.027,37.5,37.02,37.104,48302400
1561469400,37.075,37.09994,35.829,36.03,57503830
1561555800,36.16,36.679,36.16,36.22,36696770
1561642200,36.32,37.085,36.32,37.002,41385750
1561728600,37.026,37.15448,36.487,36.732,45927060
1561987800,37.35,37.666,37.2,37.46,50015180
1562074200,37.489,37.6,37.031,37.543,36289620
1562160600,37.669,38.199,37.584,38.172,37990090
1562333400,37.829,38.14,37.5555,38.055,37321620
1562592600,37.819,37.825,37.536,37.616,31134020
1562679000,37.906,38.476,37.75,37.993,69328220
1562765400,38.277,38.43399,37.74,38.1,58787900
1562851800,38.11,38.454,37.88,37.95,43362870
1562938200,37.868,37.97375,37.27917,37.325,66369370
1563197400,37.294,37.368,36.23,36.66,79446800
1563283800,37.009,37.134,36.492,36.599,58632220
1563370200,36.625,36.65,36.175,36.244,136395360
1563456600,32.376,32.985,32.03,32.521,313058990
1563543000,32.34,32.585,31.423,31.51,163024820
1563802200,31.2,31.454,30.581,31.062,177253340
1563888600,31.144,31.35,30.6,30.73,91710680
1563975000,31.051,31.999,30.725,31.794,119618180
1564061400,31.886,32.769,31.63,32.646,107984960
1564147800,32.879,33.6,32.75,33.578,108474950
1564407000,33.598,33.64,32.877,33.27,57828170
1564493400,32.92,32.965,32.323,32.593,60293200
1564579800,32.516,33.177,31.853,32.299,62594940
1564666200,32.425,32.858,31.8735,31.95,65631560
1564752600,31.749,31.941,31.18,31.883,62803430
1565011800,31.096,31.34179,30.4677,30.763,86924850
1565098200,31.058,31.188,30.53,31.01,61790900
1565184600,30.256,30.5,29.68126,30.429,93224330
1565271000,31.103,31.63648,30.663,31.59,59058650
1565357400,31.374,31.664,30.568,30.893,53490590
1565616600,30.546,31.289,30.324,31.083,65317220
1565703000,30.977,31.643,30.816,31.228,53387610
1565789400,30.801,30.841,29.8005,29.911,73557530
1565875800,29.95,30.063,28.8,29.576,96833840
1565962200,29.886,30.355,29.627,30.28,70907570
1566221400,30.625,31.175,30.475,30.938,49517330
1566307800,30.457,30.5,29.76811,29.899,73521620
1566394200,30.161,30.288,29.62,29.781,56897460
1566480600,29.865,30.033,29.315,29.693,49770420
1566567000,29.5,29.901,29.032,29.144,63311890
1566826200,29.524,29.695,29.25,29.498,46969820
1566912600,29.454,29.677,28.71968,29.103,63145590
1566999000,28.947,29.282,28.775,29.177,39580430
1567085400,29.5,29.993,29.499,29.678,43925320
1567171800,29.878,29.894,29.085,29.375,44479900
1567517400,29.082,29.39,28.806,28.929,36841770
1567603800,29.125,29.238,28.651,29.152,46536650
1567690200,28.532,29.397,28.2785,29.325,89723560
1567776600,29.335,29.335,28.703,29.017,51665560
1568035800,29.481,30.155,29.06,29.434,82327440
1568122200,29.116,29.717,28.26629,28.799,123202480
1568208600,28.57,29.265,28.461,28.827,74059490
1568295000,28.81,29.273,28.66,28.886,50109270
1568381400,29.061,29.662,29.004,29.415,65831240
1568640600,29.423,29.743,28.978,29.429,53073860
1568727000,29.45,29.915,29.179,29.86,48171190
1568813400,29.499,29.605,28.745,29.156,78415390
1568899800,29.156,29.381,28.34,28.66,85457610
1568986200,28.026,28.25,26.6,27.075,239541920
1569245400,26.8345,27.339,26.189,26.592,136102940
1569331800,26.25,26.5,25.228,25.459,163928080
1569418200,25.571,26.66,25.37,26.475,118467480
1569504600,26.642,26.805,26.02,26.331,76968580
1569591000,26.6175,26.744,26.039,26.308,73674910
1569850200,26.4,26.888,26.278,26.762,68231000
1569936600,26.735,27.22,26.403,26.958,87862840
1570023000,26.361,26.935,26.219,26.803,77732990
1570109400,26.778,26.8843,25.701,26.815,90688100
1570195800,26.82,27.54846,26.647,27.279,99927740
1570455000,27.199,27.668,27.128,27.446,67968110
1570541400,27.303,27.553,27.06427,27.072,63022690
1570627800,27.002,27.1,26.457,26.753,68434880
1570714200,26.597,28.053,26.50337,28.048,109611910
1570800600,28.48,28.787,28.234,28.293,88173010
1571059800,28.393,28.693,28.2,28.553,55431200
1571146200,28.382,28.587,27.94,28.425,77281610
1571232600,28.312,28.817,28.07431,28.628,184133350
1571319000,30.449,30.875,28.83001,29.335,384623430
1571405400,28.936,29.09,27.336,27.53,234496380
1571664600,27.289,27.99399,26.9,27.805,126339590
1571751000,27.1159,27.541,26.58,26.669,118655930
1571837400,26.806,27.392,26.663,27.127,71544300
1571923800,27.181,27.402,26.88,27.15,49110330
1572010200,27.068,27.777,27.018,27.682,47478290
1572269400,27.805,28.575,27.735,28.186,62484330
1572355800,28.187,28.441,27.7545,28.121,43561810
1572442200,28.434,29.349,28.3,29.145,93455620
1572528600,29.1,29.145,28.478,28.741,50900210
1572615000,28.87,28.912,28.302,28.681,55942930
1572877800,28.8,29.539,28.716,29.286,55662130
1572964200,28.999,29.119,28.631,28.803,40623700
1573050600,28.819,29.056,28.584,28.859,34382570
1573137000,29.07,29.819,28.82679,28.957,59284710
1573223400,28.873,29.399,28.7505,29.157,45095880
1573482600,28.916,29.636,28.85,29.418,39458850
1573569000,29.532,29.5345,28.87,29.201,57748330
1573655400,29.103,29.341,28.114,28.311,92330660
1573741800,28.325,29.063,28.322,28.962,65397710
1573828200,29.059,29.58186,28.7568,29.503,63377790
1574087400,29.6,30.499,29.328,30.257,86215660
1574173800,30.401,30.56699,29.85201,30.26,59197100
1574260200,30.101,30.825,30.1,30.516,51155460
1574346600,30.6,31.269,30.42622,31.169,74883730
1574433000,30.91,31.14,30.441,31.048,59700560
1574692200,30.883,31.573,30.525,31.555,78789430
1574778600,31.5,31.65,31.169,31.249,53283480
1574865000,31.393,31.682,31.275,31.593,41009750
1575037800,31.578,31.662,31.334,31.466,24117490
1575297000,31.439,31.439,30.375,30.999,62231350
1575383400,30.222,30.736,30.188,30.616,52724470
1575469800,30.843,30.843,30.32727,30.432,35135510
1575556200,30.527,30.648,29.881,30.286,46188670
1575642600,30.47,30.78495,30.26,30.735,44596840
1575901800,30.735,31.149,30.244,30.25,57660060
1575988200,29.612,29.894,29.202,29.312,104812390
1576074600,29.449,29.943,29.42,29.893,56071550
1576161000,29.567,29.9165,29.506,29.844,47714040
1576247400,29.85,30.18,29.725,29.85,38830690
1576506600,30.085,30.571,29.863,30.421,46601660
1576593000,30.736,31.68,30.66,31.548,104371270
1576679400,31.626,32.536,31.56,32.08,112107370
1576765800,32.45,33.283,32.418,33.222,98333550
1576852200,33.5,33.8,33.06,33.69,99232600
1577111400,33.776,33.795,33.10201,33.31,57679370
1577197800,33.401,33.57,33.16,33.32,20193220
1577370600,33.46,33.64623,33.201,33.263,35958540
1577457000,33.296,33.382,32.601,32.909,50371560
1577716200,32.908,32.9185,32.286,32.331,43152670
1577802600,32.2,32.4916,32.109,32.357,37148370
1577975400,32.61,32.998,32.478,32.981,43484930
1578061800,32.678,32.98599,32.553,32.59,37954660
1578321000,32.312,33.636,32.12,33.583,56685770
1578407400,33.647,33.67,33.03,33.075,47424580
1578493800,33.149,34.27,33.105,33.926,71091170
1578580200,34.2,34.34196,33.46101,33.566,47174300
1578666600,33.713,33.85,32.727,32.905,47205400
1578925800,33.18,34.085,33.151,33.892,62961740
1579012200,34.44,34.538,33.552,33.869,72015440
1579098600,33.868,34.317,33.66,33.907,51580350
1579185000,34.35,34.3555,33.585,33.862,50159970
1579271400,34.1,34.157,33.738,33.967,60665470
1579617000,34,34.1,33.259,33.811,143503220
1579703400,33.255,33.63,32.36,32.6,217299590
1579789800,32.604,34.988,32.501,34.96,182002930
1579876200,34.846,35.985,34.588,35.316,179396810
1580135400,34.595,35.19,34.102,34.288,77094820
1580221800,34.588,35.24,34.278,34.852,68215810
1580308200,34.9,34.94,33.855,34.316,76491830
1580394600,34.11,34.82,33.925,34.774,53281360
1580481000,34.739,34.739,34.098,34.509,52300010
1580740200,34.724,35.963,34.628,35.8,66748850
1580826600,36.1,36.957,35.60964,36.901,71614510
1580913000,37.5125,37.525,36.23,36.967,64370260
1580999400,36.96,37.15499,36.2505,36.695,39204280
1581085800,36.504,37.18,36.357,36.677,43852270
1581345000,36.5,37.48,36.252,37.107,52941380
1581431400,37.375,37.811,36.972,37.369,47728700
1581517800,37.718,38.062,37.588,38.001,46247720
1581604200,37.696,38.537,37.651,38.14,44853830
1581690600,38.147,38.515,37.94342,38.04,37362660
1582036200,37.93,38.954,37.919,38.778,51804000
1582122600,38.812,39.295,38.49,38.619,48963680
1582209000,38.656,38.97,37.668,38.6,40794250
1582295400,38.533,38.732,37.79008,38.007,39356180
1582554600,36.476,37.282,36.1,36.87,69364180
1582641000,37.2,37.565,35.772,36.009,64812430
1582727400,36.631,38.2,36.5,37.924,89611260
1582813800,37.146,39.15624,37.05962,37.171,109676990
1582900200,36.421,37.677,35.68,36.903,111785720
1583159400,37.311,38.136,36.4502,38.105,69978910
1583245800,38.103,39.352,36.74,36.877,83646230
1583332200,37.777,38.401,37.051,38.379,54873400
1583418600,38.1,39.14,36.86401,37.278,87469850
1583505000,36.77,37.131,35.685,36.897,81471650
1583760600,34.386,35.747,34.17209,34.649,74054580
1583847000,35.6425,36.454,34.785,36.413,76044440
1583933400,35.892,36.298,34.479,34.992,60587820
1584019800,32.65,33.572,30.732,31.525,120715910
1584106200,33.051,33.642,30.739,33.6295,94581970
1584365400,30.663,33.435,29.475,29.884,105599400
1584451800,30.619,32.29,29.025,31.975,100139130
1584538200,30.2395,33.15794,30,31.547,125936470
1584624600,32.433,34.851,31.682,33.203,106159570
1584711000,34.231,35.049,33.2,33.283,108538460
1584970200,34.789,36.611,34.08838,36.027,134493780
1585056600,36.999,37.293,35.30301,35.732,116386830
1585143000,36.102,36.2,33.917,34.239,87671710
1585229400,34.4,36.384,34.173,36.299,72350160
1585315800,35.909,36.856,35.3,35.712,79487750
1585575000,36.3,37.78,36.117,37.096,86219640
1585661400,36.793,38.301,36.644,37.55,93664640
1585747800,37.605,38.0233,36.102,36.408,66724540
1585834200,36.408,37.099,36.006,37.008,45924770
1585920600,36.747,37.09,35.751,36.176,48607680
1586179800,36.522,38.029,36.171,37.996,81839210
1586266200,38,38.133,36.934,37.228,70464380
1586352600,37.401,37.839,36.831,37.112,69088790
1586439000,37.106,37.21,36.303,37.072,77112960
1586784600,37.131,40.051,36.77003,39.672,116929220
1586871000,39.75,41.782,39.48468,41.355,115809830
1586957400,41.3,43.498,41.225,42.675,135612220
1587043800,43.7,44.952,43.161,43.917,161286660
1587130200,43.1,43.2,41.4695,42.296,126162580
1587389400,43.517,44.449,43.056,43.749,126558180
1587475800,44.477,44.7,42.56,43.383,231775500
1587562200,42.9725,43.3,41.3,42.142,211237730
1587648600,41.926,43.8413,41.926,42.67,139523300
1587735000,42.5,42.717,41.588,42.499,86703620
1587994200,42.5,42.9,42.084,42.138,62774800
1588080600,41.999,42.1,40.29101,40.383,101012330
1588167000,39.953,41.586,39.36,41.189,96931370
1588253400,41.031,42.444,40.8,41.985,79539750
1588339800,41.51,42.797,41.173,41.527,82998580
1588599000,41.778,42.854,41.487,42.815,77990580
1588685400,42.7555,43.1,42.156,42.468,62862930
1588771800,42.93,43.977,42.6385,43.426,66607370
1588858200,43.689,43.888,43.066,43.653,56502810
1588944600,43.414,44.2,43.36389,43.555,50543080
1589203800,43.633,44.48899,43.556,44.052,54860370
1589290200,44.2,44.417,43.136,43.182,45982110
1589376600,43.569,44.7,42.727,43.827,70145630
1589463000,44.49,45.238,43.282,44.195,90074670
1589549400,44.07,45.5,43.751,45.419,72439980
1589808600,45.116,45.636,44.335,45.258,77803090
1589895000,45.33965,45.897,45.0465,45.104,48104870
1589981400,45.425,45.581,44.4,44.767,56072570
1590067800,44.856,44.896,43.025,43.625,91173250
1590154200,43.7,43.909,42.718,42.932,54223340
1590499800,42.777,42.85,41.314,41.477,78811150
1590586200,41.038,42.002,39.786,41.989,104463390
1590672600,41.724,42.23717,41.15,41.344,56601600
1590759000,41.746,42.0295,41.185,41.973,52704840
1591018200,41.883,42.672,41.598,42.592,37485730
1591104600,42.587,42.759,41.946,42.731,34948010
1591191000,42.695,42.71,41.805,42.197,43160440
1591277400,42.239,42.871,41.003,41.433,54105290
1591363800,40.729,42.02392,40.425,41.96,50995610
1591623000,41.6,42.08,40.65,41.949,58514530
1591709400,42.165,43.473,42.031,43.405,67969990
1591795800,43.6,43.969,43.055,43.448,48968930
1591882200,42.82,44.557,42.41601,42.556,74628680
1591968600,42.9,43.406,41.245,41.807,64611270
1592227800,42.14,42.649,41.54238,42.55,44714990
1592314200,42.576,43.796,42.518,43.613,55140160
1592400600,44.182,45.046,43.922,44.777,65295680
1592487000,44.873,45.276,44.28,44.987,42776270
1592573400,44.912,45.397,44.56,45.372,59336510
1592832600,45.501,46.859,45.421,46.804,62721050
1592919000,46.65,47.401,46.45,46.626,59484360
1593005400,46.854,47.236,45.4,45.785,48261910
1593091800,45.886,46.701,45.4,46.591,41345130
1593178200,46.639,46.803,44.224,44.34,68047260
1593437400,44.523,44.767,43.214,44.724,48439780
1593523800,45.002,45.759,44.7,45.504,41985450
1593610200,45.4,48.823,45.4,48.564,97058700
1593696600,48.564,49.228,47.55258,47.689,63514850
1594042200,48.077,49.95,47.98,49.381,78389900
1594128600,49.73105,50.482,49.083,49.316,56698700
1594215000,49.85755,50.51,49.381,50.278,56916820
1594301400,50.84,51,49.578,50.776,58405410
1594387800,51.973,55.58799,51.128,54.873,216055870
1594647000,56.798,57.537,52.096,52.55,183990200
1594733400,51.708,52.55,49.049,52.488,150833000
1594819800,51.63,52.9,51.018,52.326,100666520
1594906200,52.648,53.554,50.43627,52.739,244989940
1594992600,49.487,50.359,48.414,49.299,249913520
1595251800,48.914,50.45,48.42001,50.241,119403060
1595338200,50.6,50.622,48.861,49.01,91272180
1595424600,49.219,49.72,48.72,48.982,69540780
1595511000,49.113,49.19,47.20201,47.758,77220340
1595597400,46.877,48.717,46.754,48.045,77462470
1595856600,48.451,49.692,48.231,49.565,78630690
1595943000,49.602,49.77927,48.77601,48.851,59867270
1596029400,49.225,49.492,48.413,48.448,66117690
1596115800,48.07072,48.835,47.75101,48.58,66085690
1596202200,48.829,49.48,48.45,48.888,59243100
1596461400,49.086,50.309,49.023,49.862,58761900
1596547800,49.865,51.04436,49.865,50.964,56079680
1596634200,50.868,51.01021,50.12,50.211,43135260
1596720600,50.411,51.082,49.87,50.908,37258610
1596807000,50.545,50.829,48.668,49.473,59103480
1597066200,49.335,49.74584,47.86269,48.338,46911850
1597152600,47.975,48.092,46.655,46.693,73292260
1597239000,47.134,48.249,47.018,47.547,54412430
1597325400,47.84,48.445,47.645,48.133,30089330
1597411800,48.282,48.8325,48.021,48.268,29434870
1597671000,48.419,48.624,47.91,48.235,24235450
1597757400,48.435,49.53,48.28,49.187,35055180
1597843800,49.393,49.44985,48.35,48.453,31562180
1597930200,48.469,49.894,48.389,49.79,51324800
1598016600,49.646,49.813,49,49.231,39212930
1598275800,49.54383,50.1,48.316,48.881,47621830
1598362200,48.819,49.247,48.509,49.058,57277210
1598448600,49.25,54.904,49.2075,54.753,203736810
1598535000,53.7775,54.1,52.12471,52.627,90629120
1598621400,53.2,53.9,52.2,52.389,44175170
1598880600,52.116,53.199,51.758,52.956,49414090
1598967000,53.26,55.73895,53.245,55.655,95819070
1599053400,55.378,55.65,53.7369,55.284,58869300
1599139800,54.5,55.4,52.132,52.575,90710890
1599226200,52.018,52.736,48.598,51.605,82701180
1599571800,49.84,52.2,49.5,50.702,55726840
1599658200,51.921,52,49.25743,50.019,68481270
1599744600,50.335,50.629,47.884,48.067,62401810
1599831000,48.6485,49.373,47.681,48.203,50352000
1600090200,48.062,48.899,47.13001,47.626,73591260
1600176600,48.4,49.747,48.163,49.599,53369920
1600263000,49.999,50.466,48.331,48.386,44014120
1600349400,47.516,47.84,46.327,47.02,53793010
1600435800,47.251,47.94,45.86,46.996,67177110
1600695000,46.76923,48.7775,46.632,48.735,54575390
1600781400,48.901,49.182,47.926,49.117,34823240
1600867800,49.104,49.104,46.9,47.061,37264230
1600954200,47.053,47.7,46.782,47.308,37272010
1601040600,47.439,48.487,46.80258,48.288,37694360
1601299800,48.91094,49.2,47.788,49.065,47734970
1601386200,48.95,49.62868,48.653,49.348,35431930
1601472600,49.257,50.463,48.92704,50.003,46341110
1601559000,50.603,52.955,50.36,52.751,81537100
1601645400,51.643,52.63714,50.27,50.306,60711650
1601904600,50.68,52.099,50.16997,52.065,40880690
1601991000,51.872,52.182,50.416,50.587,41990340
1602077400,51.8,53.649,51.5815,53.466,79886830
1602163800,53.348,53.5,52.415,53.179,53864880
1602250200,53.78339,54.428,53.5,53.944,47812590
1602509400,54.881,55.181,53.824,53.981,53910740
1602595800,54.056,55.765,53.72,55.409,56024980
1602682200,56.261,57.249,54.1,54.145,95100810
1602768600,54.552,55.122,53.51,54.194,51131260
1602855000,54.95,55.433,53.003,53.079,63473630
1603114200,53.707,54.18,52.538,53.072,75675060
1603200600,52.814,53.378,52.226,52.542,100471750
1603287000,50.103,50.685,48.825,48.905,174057080
1603373400,49.469,49.514,48.2,48.523,69979220
1603459800,48.811,49.006,48.135,48.828,49278620
1603719000,48.7025,49.682,47.89,48.824,61860870
1603805400,49.001,49.049,48.293,48.893,36271750
1603891800,48.636,49.4,48.328,48.624,59927310
1603978200,48.85,51.38999,47.934,50.421,111206890
1604064600,50.201,50.588,47.221,47.574,78138970
1604327400,47.887,48.63,47.5,48.412,44081930
1604413800,48.493,49.5305,47.876,48.722,36902130
1604500200,49.536,50.773,49.398,49.695,51373300
1604586600,50.656,51.87337,50.345,51.376,53727810
1604673000,51.5,51.521,50.251,51.473,42363490
1604932200,48.554,49.585,46.726,47.05,104196760
1605018600,47.095,48.46,46.341,48.024,83061420
1605105000,48.3,49.168,47.826,49.076,54605320
1605191400,49.1,49.652,48.04255,48.677,50711550
1605277800,48.677,48.894,47.78,48.284,30065100
1605537000,48,48.558,47.73,47.91,39535630
1605623400,48.012,48.751,47.88525,48.063,36980820
1605709800,48.195,48.861,47.77212,48.179,36292370
1605796200,48.2,48.78,48.047,48.467,22546530
1605882600,48.522,49.476,48.157,48.824,42559240
1606141800,49.046,49.115,47.584,47.662,54165710
1606228200,47.884,48.405,47.589,48.288,35578940
1606314600,48.513,48.69,47.8919,48.5,35986290
1606487400,48.658,49.325,48.1845,49.136,28057620
1606746600,49.008,49.255,48.12678,49.07,35309400
1606833000,49.23404,50.947,49.19812,50.458,50632340
1606919400,50.162,50.6795,49.35,50.338,30283580
1607005800,50.299,50.877,49.604,49.752,28261160
1607092200,49.75,50.45,49.364,49.831,36662430
1607351400,50.001,51.776,49.777,51.578,42892930
1607437800,51.79,52.14909,50.555,51.266,42289500
1607524200,51.053,51.45,49.129,49.36,41787680
1607610600,49.456,50.377,49.291,50.109,30182030
1607697000,49.5,50.334,49.485,50.322,32109280
1607956200,50.544,52.41603,50.118,52.242,57704240
1608042600,51.85,52.47,51.356,51.978,33982090
1608129000,52.011,52.738,51.769,52.483,36823920
1608215400,52.9,53.549,52.644,53.29,31933770
1608301800,53.32,53.637,52.602,53.445,45026920
1608561000,53.005,53.262,52.115,52.891,38939640
1608647400,52.769,53.04,52.05,52.733,19085290
1608733800,52.476,52.632,51.42,51.448,23931870
1608820200,51.512,51.9345,51.22104,51.397,11439520
1609165800,51.643,52.366,50.713,51.912,28918670
1609252200,51.99,53.65478,51.54801,53.087,40223580
1609338600,53.013,53.32575,52.369,52.459,18762860
1609425000,52.553,54.55,52.31502,54.073,53923220
1609770600,53.9,54.08,51.5085,52.286,44444070
1609857000,52.155,52.678,51.589,52.08,31338720
1609943400,51.197,51.30998,49.95,50.049,53462100
1610029800,50.828,51.644,50.642,50.889,36864480
1610116200,51.131,51.324,50.451,51.04,29739490
1610375400,50.784,51.0725,49.795,49.91,38127200
1610461800,50,50.109,48.56701,49.425,59904250
1610548200,49.55012,51.23542,49.301,50.779,50320990
1610634600,50.735,51.45,49.958,50.086,41773570
1610721000,50,50.632,49.51,49.798,58957880
1611066600,50.1,50.925,49.35427,50.177,123158130
1611153000,56.542,59.32877,55.686,58.634,326374500
1611239400,58.245,58.875,57.04,57.984,118406340
1611325800,58.21,58.399,56.435,56.517,75508220
1611585000,56.7,56.975,54.865,55.678,72073290
1611671400,55.473,56.799,55.406,56.193,50238470
1611757800,55.071,55.64187,51.573,52.328,86702770
1611844200,53.588,55.31482,53.074,53.86,59689780
1611930600,53.8,54.1,53.018,53.239,43252640
1612189800,53.679,54.506,53.173,53.904,35475070
1612276200,54.201,55.548,53.8935,54.816,37675690
1612362600,55.017,55.048,53.8243,53.945,31722880
1612449000,53.981,55.948,53.751,55.216,51645370
1612535400,55.226,55.444,54.54778,55.079,23761750
1612794600,55.5,55.5,54.37,54.792,27917210
1612881000,54.6,56.6,54.3,55.907,37034990
1612967400,56.25,56.665,55.3463,56.359,39912640
1613053800,56.4442,56.593,55.422,55.759,27305870
1613140200,55.694,56.12499,55.085,55.652,21971280
1613485800,55.7286,56.363,55.273,55.728,26240970
1613572200,55.099,55.525,54.303,55.134,20715900
1613658600,54.9,55,53.82265,54.822,24576040
1613745000,54.8,54.899,53.88132,54.022,28414570
1614004200,53.499,54.179,53.079,53.378,30785940
1614090600,52.50035,54.854,51.828,54.615,41365320
1614177000,53.98,55.68499,53.9065,55.341,32450380
1614263400,55.027,55.648,53.575,54.67,42528790
1614349800,54.651,55.309,53.8,53.885,37555740
1614609000,54.55734,55.214,54.2,55.064,30421800
1614695400,55.334,55.699,54.602,54.782,30422260
1614781800,54.593,54.8005,51.781,52.07,53624430
1614868200,52.15,53.15,50.768,51.129,50347920
1614954600,51.198,51.776,49.87901,51.639,50699730
1615213800,51.446,51.884,49.285,49.333,39817580
1615300200,50.731,51.311,50.38221,50.644,34700420
1615386600,51.35,51.897,50.425,50.454,37714840
1615473000,51.22048,53.0235,51.071,52.306,47144690
1615559400,51.25,52.651,50.659,51.802,39817430
1615815000,51.632,52.0729,50.803,52.025,34855190
1615901400,52.447,53.342,52.321,52.403,32388880
1615987800,52.2,52.83654,51.43,52.444,28173760
1616074200,51.63959,51.79,50.385,50.479,40966060
1616160600,50.496,51.319,50.163,51.218,43863600
1616419800,50.913,52.931,50.913,52.311,33605870
1616506200,52.987,54.312,52.94,53.509,55834610
1616592600,53.378,53.442,52,52.081,41022110
1616679000,51.699,51.853,49.7,50.286,49267640
1616765400,50.282,50.872,49.668,50.805,34677970
1617024600,50.566,51.8,50.44,51.395,33300490
1617111000,51.0505,51.441,50.691,51.339,24181290
1617197400,51.5675,52.813,51.544,52.166,35031110
1617283800,52.993,54.05,52.703,53.942,39386370
1617629400,54.001,54.285,52.923,54.067,33559040
1617715800,54.481,55.4165,54.33,54.453,34742050
1617802200,54.35,54.964,54.145,54.699,21513190
1617888600,55.113,55.6899,54.757,55.458,43098290
1617975000,55.269,55.69,54.711,55.531,28940340
1618234200,55.105,55.798,54.958,55.278,29440600
1618320600,55.7,55.975,55.03,55.373,27203440
1618407000,55.487,55.487,53.853,54.002,37402940
1618493400,54.417,55.349,54.266,54.922,31390500
1618579800,55.054,55.198,53.951,54.654,32090750
1618839000,54.69,55.644,54.553,55.444,42887150
1618925400,55.442,56.356,54.63,54.957,112576480
1619011800,50.8,51.546,50.36001,50.89,228974460
1619098200,51.382,51.396,50.055,50.878,90610620
1619184600,50.901,50.97,50.07,50.555,73146590
1619443800,50.676,51.048,50.3,51.03,43888390
1619530200,51.262,51.299,50.45808,50.555,37613270
1619616600,50.52,50.8395,50.334,50.652,31929830
1619703000,50.76,50.929,49.9,50.9,51277920
1619789400,50.5,51.455,50.5,51.347,44132420
1620048600,51.265,51.895,50.52,50.911,40918950
1620135000,51.078,51.163,49.679,50.318,43495020
1620221400,50.499,50.77843,49.463,49.608,31293660
1620307800,49.599,49.955,49.137,49.955,37836980
1620394200,50.462,50.855,50.112,50.384,31327860
1620653400,50.2,50.315,48.611,48.669,51316320
1620739800,47.975,49.799,47.863,49.508,44010000
1620826200,48.683,49.354,48.27,48.498,41215400
1620912600,48.913,49.0775,48.271,48.666,27165610
1620999000,48.786,49.485,48.659,49.337,28824640
1621258200,48.559,49.271,48.281,48.894,27052490
1621344600,48.8395,49.34778,48.61895,48.628,23504960
1621431000,48.1625,48.857,47.854,48.77,33499300
1621517400,48.955,50.27,48.8975,50.167,37212180
1621603800,50.312,50.54,49.726,49.789,33229250
1621863000,50.105,50.425,49.951,50.29,24125950
1621949400,50.6,50.6365,49.922,50.134,26994590
1622035800,50.234,50.414,50.05,50.236,24653030
1622122200,50.18,50.51,49.854,50.386,32537730
1622208600,50.44,51.176,50.253,50.281,29112970
1622554200,50.401,50.541,49.77443,49.908,24825550
1622640600,49.982,50.322,49.582,49.924,22689790
1622727000,49.519,49.666,48.725,48.943,38874450
1622813400,49.2,50.186,49.095,49.474,31604870
1623072600,49.29169,49.67,49.055,49.466,27919320
1623159000,49.7,49.882,48.937,49.239,23740370
1623245400,49.45,49.609,48.465,48.581,30550290
1623331800,48.7165,49.021,48.214,48.727,43829280
1623418200,49,49.141,48.778,48.877,31239690
1623677400,48.968,50.35,48.691,49.989,44002220
1623763800,50.123,50.123,49.04,49.19,31040730
1623850200,49.5,49.646,48.628,49.241,35332060
1623936600,49.025,50.18,49.015,49.834,31982730
1624023000,49.64,50.449,49.524,50.077,51975760
1624282200,50.164,50.205,49.228,49.7,52772970
1624368600,49.854,51.355,49.5795,50.882,58092710
1624455000,50.848,51.663,50.82,51.274,39447820
1624541400,51.796,52.096,51.44001,51.806,33612020
1624627800,52.884,53.306,52.5,52.707,52990720
1624887000,52.812,53.39399,52.456,53.303,28202270
1624973400,53.355,53.613,52.857,53.35,23146470
1625059800,53.40551,53.438,52.682,52.821,27734450
1625146200,52.572,53.704,52.572,53.354,28054020
1625232600,53.55,53.85351,52.939,53.398,19803160
1625578200,53.3,54.286,53.3,54.164,27750510
1625664600,54.424,54.464,53.166,53.596,27224980
1625751000,53.093,53.55,52.909,53.076,32689880
1625837400,53.1,53.826,52.858,53.598,27772310
1626096600,54.03,54.06497,53.292,53.731,17807380
1626183000,53.576,54.533,53.576,54.068,27515930
1626269400,54.101,55.41,54.101,54.795,46595350
1626355800,55.397,55.75399,53.82,54.295,57138730
1626442200,54.181,54.406,52.705,53.031,34421010
1626701400,52.605,53.4913,52.22401,53.228,38857640
1626787800,52.607,53.664,52.03,53.105,69304400
1626874200,52.613,53.099,50.561,51.363,119067930
1626960600,51.02059,51.368,50.7,51.177,43280610
1627047000,51.216,51.741,50.466,51.541,38204780
1627306200,51.438,52.113,50.90101,51.649,22545380
1627392600,51.808,52.195,51.205,51.891,27590370
1627479000,52.182,52.447,51.698,51.93,23904660
1627565400,51.996,52.07799,51.37927,51.425,17360140
1627651800,51.269,51.979,51.09642,51.757,25371070
1627911000,51.9,51.985,51.051,51.515,20966320
1627997400,51.439,51.563,50.537,51.082,25794270
1628083800,51.3,51.798,51.037,51.735,20393740
1628170200,51.713,52.541,51.402,52.489,25566870
1628256600,52.4,52.684,51.939,52.055,19197980
1628515800,52.11469,52.26699,51.799,51.997,13677820
1628602200,52,52.079,51.2965,51.584,19605440
1628688600,51.7,51.957,50.977,51.24,16739040
1628775000,51.186,51.3,50.72014,51.072,16861700
1628861400,51.264,52.144,51.151,51.592,21777360
1629120600,51.524,52.338,51.23,51.792,20331760
1629207000,51.5465,52.079,51.42,51.891,23098030
1629293400,52,52.638,51.865,52.187,25820460
1629379800,52.274,54.839,52.187,54.371,74972920
1629466200,54.509,55.13883,53.91,54.688,37764290
1629725400,54.598,55.555,54.374,55.333,26020100
1629811800,55.1484,55.53141,54.927,55.341,21095250
1629898200,55.016,55.284,54.545,54.758,20656210
1629984600,54.616,55.2604,54.59,55.012,15954990
1630071000,55.16,56.417,54.925,55.892,32525950
1630330200,55.725,56.71648,55.645,56.618,24348390
1630416600,56.612,56.948,56.1611,56.919,24318860
1630503000,56.9,59.1,56.9,58.207,56262140
1630589400,58.368,59.87567,58.368,58.855,61847820
1630675800,58.58,59.18783,58.314,59.053,26840050
1631021400,59.469,61.385,59.399,60.671,58309790
1631107800,60.384,61.56,59.571,60.605,54245030
1631194200,60.647,60.944,59.655,59.754,29542140
1631280600,59.816,60.945,59.367,59.872,39507640
1631539800,59.857,59.857,58.2775,58.929,30628710
1631626200,58.489,58.728,57.556,57.776,34569580
1631712600,57.817,58.462,57.537,58.287,27556150
1631799000,58.43,58.748,57.772,58.65,18320280
1631885400,58.785,59.028,58.08501,58.935,41451450
1632144600,58.679,59.153,56.808,57.543,37322270
1632231000,57.831,58.188,56.937,57.314,22508840
1632317400,57.969,59.565,57.969,59.065,40218450
1632403800,59.079,59.932,58.91301,59.326,25261610
1632490200,59.25,59.298,58.364,59.239,21262460
1632749400,58.795,59.358,57.693,59.264,25047380
1632835800,58.9,59.95353,58.016,58.385,44310510
1632922200,58.901,60.98799,58.801,59.906,62210260
1633008600,60.805,61.9,60.805,61.034,66160400
1633095000,60.424,61.499,59.7505,61.315,40908470
1633354200,61.339,62.6125,59.468,60.335,49959320
1633440600,60.694,64.039,60.689,63.481,95342930
1633527000,62.818,63.98699,62.636,63.91,45804340
1633613400,64.22252,64.684,63.045,63.185,35568860
1633699800,63.4165,64.38,63.086,63.266,32720930
1633959000,63.3195,63.942,62.678,62.704,28624700
1634045400,63.302,63.7655,62.199,62.494,32273490
1634131800,63.21791,63.21791,62.21,62.976,24246380
1634218200,63.223,63.688,62.679,63.38,26725350
1634304600,63.8,63.942,62.516,62.829,41168740
1634563800,63.21,63.841,62.05901,63.797,46690710
1634650200,63.6969,64.1,63.23,63.9,76331470
1634736600,62.55728,63.74,61.715,62.514,106219970
1634823000,62.889,65.401,62.865,65.316,84370700
1634909400,65.181,66.546,65.181,66.478,61860160
1635168600,66.374,67.588,65.707,67.166,38335260
1635255000,67.376,67.64899,66.277,66.852,29048400
1635341400,66.9,67.141,66.185,66.292,22769140
1635427800,67.09493,67.68,66.803,67.405,28594090
1635514200,67.306,69.09699,67.124,69.031,38252790
1635773400,68.906,68.997,67.654,68.117,31109110
1635859800,68.311,68.768,67.382,67.772,38885970
1635946200,67.727,68.939,67.727,68.829,23348520
1636032600,68.589,68.594,66.55,66.84,48650230
1636119000,66.397,66.564,64.501,64.572,52834880
1636381800,65.029,65.6,64.379,65.145,28875230
1636468200,65.37,66.05,65.052,65.599,24156300
1636554600,65.301,66.03306,64.211,64.691,24057850
1636641000,65.024,66.582,64.9705,65.758,28683110
1636727400,66.001,68.334,65.382,68.261,41984100
1636986600,68.1235,68.52599,67.149,67.933,28721860
1637073000,67.827,68.83599,67.69,68.74,20773870
1637159400,69,70.09894,68.609,69.169,27328310
1637245800,69.161,69.174,67.9735,68.202,20149920
1637332200,69.235,69.416,67.5,67.88,26148520
1637591400,67.602,67.948,65.647,65.92,27653180
1637677800,65.818,66.643,64.605,65.406,23209170
1637764200,65.801,66.144,65.11,65.829,18672820
1637937000,67.5,67.6405,66.067,66.564,28725130
1638196200,66.32,66.799,65.829,66.384,25293640
1638282600,66.81975,67.538,64.001,64.19,56089190
1638369000,64.948,65.452,61.707,61.777,38970190
1638455400,61.71,62.536,61.288,61.647,33311310
1638541800,62.275,62.55,59.4,60.213,48292820
1638801000,60.601,61.729,60.1,61.269,30756720
1638887400,61.983,62.889,61.14,62.558,31251900
1638973800,63,63.2455,62.32,62.808,22203080
1639060200,62.758,63.024,61.044,61.1,23763210
1639146600,61.678,61.774,60.588,61.166,27487740
1639405800,61.2,61.264,59.952,60.456,25179150
1639492200,59.871,60.229,58.813,59.799,29845360
1639578600,59.818,60.569,58.451,60.504,28661960
1639665000,59.709,60.28308,58.8,59.106,31432170
1639751400,59.161,59.325,58.174,58.673,44337060
1640010600,58.643,60.28847,58.426,59.374,33584040
1640097000,59.75434,60.782,59.38611,60.492,23193900
1640183400,60.336,61.482,60.263,61.424,23357450
1640269800,61.64,61.688,60.757,61.409,16211460
1640615400,61.5,61.5,60.925,61.312,20622330
1640701800,61.495,61.841,60.969,61.071,18841160
1640788200,61.071,61.398,60.468,61.054,12875130
1640874600,61.299,62.061,61.12401,61.209,16250930
1640961000,61.001,61.4075,60.205,60.244,19959180
1641220200,60.561,60.999,59.056,59.737,30688080
1641306600,59.991,60.04099,58.16,59.115,43931350
1641393000,59.2,59.284,56.688,56.752,41487490
1641479400,55.434,56.336,54.201,55.329,57117950
1641565800,54.946,55.343,53.82175,54.106,33828730
1641825000,53.849,54.369,52.632,53.985,44861450
1641911400,53.699,54.391,53.007,54.084,30778360
1641997800,54.427,54.427,53.202,53.722,37873720
1642084200,53.706,54.079,51.826,51.92,44750630
1642170600,51.76,53.837,51.188,52.569,78611090
1642516200,52.008,52.175,50.868,51.08,48444180
1642602600,51.5,52.321,51.051,51.586,43535080
1642689000,51.77498,52.664,50.693,50.825,126589930
1642775400,40.0425,40.91499,37.999,39.75,589042660
1643034600,38.391,38.726,35.146,38.715,323867820
1643121000,37.914,38.771,36.513,36.642,151458160
1643207400,37.827,38.266,35.662,35.97,126839810
1643293800,38.206,39.48,37.81,38.67,243247470
1643380200,38.676,38.7,37.208,38.436,119666050
1643639400,40.197,42.77,39.82,42.714,200474520
1643725800,43.296,45.848,42.55401,45.713,225680990
1643812200,44.825,45.198,42.648,42.948,143460100
1643898600,42.144,42.926,40.428,40.56,99052100
1643985000,40.731,41.277,39.66391,41.017,77897980
1644244200,41.017,41.235,39.355,40.21,82328590
1644330600,39.818,40.661,39.583,40.353,68185430
1644417000,40.865,41.298,39.879,41.289,77382270
1644503400,40.21,40.8,39.636,40.627,84529150
1644589800,40.533,41.16103,38.765,39.131,75589390
1644849000,38.759,40.936,38.6891,39.657,72021550
1644935400,40.379,40.91619,40.101,40.746,53956410
1645021800,40.153,40.156,39.03842,39.808,52776500
1645108200,39.4235,39.911,38.57,38.667,46692220
1645194600,39.253,40.287,38.90466,39.129,68016680
1645540200,38.895,39.242,37.302,37.738,66975150
1645626600,38.272,38.6,36.666,36.746,46142900
1645713000,35.509,39.073,35.472,39.003,70687240
1645799400,38.661,39.129,37.558,39.08,48416360
1646058600,38.733,39.775,38.213,39.452,50350460
1646145000,39.16,39.5,38.3705,38.624,32904390
1646231400,38.893,38.922,37.521,38.003,53568090
1646317800,38.6,38.612,36.465,36.807,60768360
1646404200,36.8,37.48186,35.717,36.173,53291800
1646663400,36.041,36.1995,35.02,35.026,57083830
1646749800,34.98,35.886,34.067,34.176,64286550
1646836200,35.7685,36.414,35.05089,35.879,65201860
1646922600,35.62,36.702,35.33,35.677,48077670
1647009000,36.119,36.336,34,34.032,48199250
1647264600,33.872,34.132,32.982,33.101,59078170
1647351000,33.51,34.536,33.236,34.375,54606400
1647437400,34.82,35.999,34.306,35.753,69824690
1647523800,35.97,37.331,35.488,37.14,58183480
1647610200,37.2,38.18,36.847,38.06,83248250
1647869400,37.802,38.182,36.894,37.459,48664630
1647955800,37.114,38.666,36.676,38.292,42427620
1648042200,37.977,38.246,37.449,37.449,37289540
1648128600,37.976,37.976,36.89,37.571,38884610
1648215000,37.707,37.764,36.643,37.385,35759530
1648474200,37.523,38.028,36.673,37.851,43234350
1648560600,38.439,39.65,38.033,39.182,58807230
1648647000,38.955,39.27,37.8625,38.147,40233010
1648733400,38.359,38.4,37.361,37.459,41347200
1648819800,37.68,38.087,36.85,37.347,46442370
1649079000,37.355,39.602,37.313,39.15,70092350
1649165400,38.93,39,37.7305,38.015,42345080
1649251800,37.415,37.64699,36.273,36.835,43548850
1649338200,36.5,36.854,35.36897,36.215,49489090
1649424600,36.196,36.25,35.4865,35.588,40251830
1649683800,35,35.478,34.52,34.8,37770960
1649770200,35.591,35.941,34.225,34.41,38242610
1649856600,34.392,35.2,34.1155,35.043,32309500
1649943000,35.095,35.2,33.986,34.113,43438370
1650288600,34,34.236,33.1615,33.786,51050410
1650375000,33.322,35.168,33.322,34.861,209068850
1650461400,24.52,24.87,21.251,22.619,1333874800
1650547800,22,22.768,21.152,21.822,535016030
1650634200,22.018,22.627,21.005,21.552,375151270
1650893400,21.381,21.666,20.451,20.991,281520450
1650979800,20.88,20.915,19.82773,19.84,203180890
1651066200,19.4005,20.019,18.777,18.854,222983940
1651152600,19.156,20.148,18.56,19.952,213631620
1651239000,19.868,20.471,19,19.036,163918890
1651498200,19.171,20.02141,19.001,19.946,145916020
1651584600,19.829,20.32,19.477,19.987,118394310
1651671000,19.765,20.438,19.101,20.401,122187810
1651757400,20.045,20.071,18.6,18.832,139713260
1651843800,18.675,18.721,17.581,18.097,171854750
1652103000,17.7655,18.32,17.23,17.31,140313270
1652189400,17.601,18.18712,17.057,17.766,138839050
1652275800,17.609,18.092,16.555,16.637,126655180
1652362200,16.396,17.758,16.271,17.431,176621180
1652448600,17.716,18.777,17.601,18.764,131363340
1652707800,19.33,19.589,18.57,18.651,161450110
1652794200,18.917,19.14,18.517,19.056,98766850
1652880600,18.672,18.77,17.627,17.719,96656320
1652967000,17.8045,18.63,17.571,18.348,104485130
1653053400,18.58665,19.019,17.977,18.635,104293960
1653312600,18.615,18.766,17.789,18.744,96020270
1653399000,18.2,18.4,17.717,18.034,77063720
1653485400,18.028,18.887,18.017,18.783,85220920
1653571800,18.649,19.23402,18.30916,19.14,80499330
1653658200,19.319,19.525,19.03722,19.519,85859870
1654003800,19.618,19.995,19.08,19.744,113984600
1654090200,19.87,20.274,19.16606,19.291,84161510
1654176600,19.202,20.547,19.172,20.509,96231210
1654263000,20.014,20.295,19.805,19.898,71917750
1654522200,20.209,20.387,19.538,19.714,53720430
1654608600,19.487,19.96,19.3,19.861,48394910
1654695000,19.795,20.738,19.764,20.283,72441210
1654781400,20.065,20.169,19.254,19.277,69489670
1654867800,18.264,18.586,18.085,18.294,130742800
1655127000,17.707,17.909,16.89571,16.969,102224070
1655213400,16.975,17.20622,16.428,16.754,115553230
1655299800,16.9258,18.3845,16.853,18.011,123960410
1655386200,17.4,17.627,17.156,17.335,82013060
1655472600,17.363,17.965,17.334,17.551,121333720
1655818200,17.76,17.86189,16.98,17.091,121775920
1655904600,17.075,18.282,17.02,17.889,120106150
1655991000,18.05,18.276,17.587,18.171,95382260
1656077400,18.35,19.119,18.184,19.085,124239740
1656336600,19.177,19.178,18.239,18.914,83638790
1656423000,18.92,19.22,17.937,17.96,72018970
1656509400,17.955,18.0665,17.51,17.836,57668470
1656595800,17.707,17.945,17.03,17.487,78947100
1656682200,17.649,18.01,17.427,17.995,52015830
1657027800,17.628,18.592,17.26801,18.588,73390230
1657114200,18.52,18.622,18.082,18.406,57533850
1657200600,18.427,19.021,18.35,18.927,63345450
1657287000,18.602,18.991,18.275,18.6975,58356800
1657546200,18.473,18.499,17.689,17.734,60484470
1657632600,17.733,17.97839,17.342,17.445,68452640
1657719000,17.05,17.918,16.9702,17.656,127344210
1657805400,17.556,17.752,17.182,17.478,90394570
1657891800,17.558,18.922,17.456,18.911,163191160
1658151000,19.25,19.967,18.98,19.092,163228450
1658237400,19.302,20.197,18.84,20.163,281787160
1658323800,20.817,21.69699,20.01,21.644,539202660
1658410200,21.43,22.432,21.15,22.388,234301170
1658496600,22.238,22.935,21.844,22.044,178054520
1658755800,22.131,22.523,21.635,21.851,109352470
1658842200,21.666,21.939,21.164,21.391,95085320
1658928600,21.648,22.778,21.458,22.675,105083850
1659015000,22.46,22.81,21.967,22.602,89727380
1659101400,22.329,23.075,22.24,22.49,90649370
1659360600,22.3095,22.839,22.1,22.621,55250440
1659447000,22.276,22.82,22.088,22.142,63613270
1659533400,22.479,22.81,22.242,22.673,64007010
1659619800,22.768,23.207,22.505,22.991,71427410
1659706200,22.53,22.862,22.287,22.678,55397330
1659965400,22.749,24.19599,22.641,23.349,109974090
1660051800,23.162,23.21999,22.465,22.994,61811940
1660138200,23.699,24.454,23.65958,24.411,92547600
1660224600,24.468,25.162,24.151,24.27,87800620
1660311000,24.481,24.941,24.376,24.93,60985310
1660570200,24.811,25.199,24.751,24.911,65273910
1660656600,24.716,24.929,24.403,24.569,51368060
1660743000,24.118,24.424,23.756,24.115,56272240
1660829400,24.196,24.64794,23.92801,24.517,52803870
1660915800,24.095,24.329,23.568,24.116,75047070
1661175000,23.255,23.3475,22.459,22.654,86300940
1661261400,22.646,22.99,22.43,22.455,52769450
1661347800,22.566,23.41,22.394,22.961,54263160
1661434200,23.024,23.416,22.9,23.398,37668670
1661520600,23.3625,23.695,22.315,22.328,53498480
1661779800,22.193,22.987,22.152,22.457,71093970
1661866200,22.666,22.979,21.874,22.065,57404340
1661952600,22.7,23.38787,22.343,22.356,86159060
1662039000,22.072,23.037,21.947,23.004,72929170
1662125400,23.103,23.38814,22.504,22.611,81648830
1662471000,22.559,22.685,21.469,21.839,74690160
1662557400,22.021,22.933,21.82681,22.896,81493290
1662643800,22.416,22.8735,22.13,22.744,67374360
1662730200,22.962,23.47799,22.962,23.357,67020600
1662989400,23.361,23.949,23.337,23.653,60474250
1663075800,22.65,22.769,21.772,21.813,80001280
1663162200,21.982,22.8,21.58,22.412,82303400
1663248600,23.047,24.22871,22.91,23.538,194541220
1663335000,23.122,24.1355,22.783,24.013,189141770
1663594200,24.505,24.525,23.575,24.363,179123700
1663680600,24.037,25.049,23.966,24.285,160374310
1663767000,24.267,24.82999,23.668,23.687,91667720
1663853400,23.535,24.05,23.166,23.705,100179650
1663939800,23.514,23.64499,22.143,22.641,112072280
1664199000,22.56,23.27,22.301,22.407,82342850
1664285400,22.863,23.064,22.072,22.436,77622230
1664371800,22.969,24.665,22.738,24.52,175796700
1664458200,24.161,24.698,23.568,23.971,189949430
1664544600,23.7,24.244,23.326,23.544,118486070
1664803800,23.785,24.154,23.285,23.904,86574430
1664890200,24.484,24.57999,23.325,24.074,139258540
1664976600,23.876,24.159,22.738,23.673,108256330
1665063000,23.668,24.428,23.39101,24.002,91889400
1665149400,23.577,23.733,22.428,22.475,98061280
1665408600,22.564,23.383,22.423,22.998,99911450
1665495000,22.605,23.044,21.37,21.429,152824110
1665581400,21.43,22.367,21.264,22.087,129526430
1665667800,21.269,23.447,21.173,23.251,175050120
1665754200,23.78,23.88,22.951,23,152934000
1666013400,23.441,24.99221,23.44,24.51,210578240
1666099800,24.98,25.037,23.773,24.086,257767310
1666186200,26.5,27.93,26.266,27.238,466852550
1666272600,27.278,27.83755,26.638,26.816,172071040
1666359000,26.895,29.075,26.568,28.957,248890550
1666618200,29.023,29.049,28.036,28.245,133264180
1666704600,28.695,29.759,28.55501,29.102,151007180
1666791000,29.004,30.563,28.804,29.862,157492520
1666877400,29.833,30.521,29.478,29.694,146125860
1666963800,29.77,30.119,29.22924,29.572,99605470
1667223000,29.513,29.76199,28.95,29.188,75051330
1667309400,29.617,29.97,28.642,28.675,69164240
1667395800,28.64,28.733,27.284,27.3,103676200
1667482200,27.125,27.629,26.88,26.906,70573500
1667568600,27.202,27.497,25.532,26.079,111246940
1667831400,26.106,26.1155,25.209,25.86,79270330
1667917800,25.992,26.608,25.68801,26.346,76838260
1668004200,25.966,26.09,25.42202,25.466,72659940
1668090600,26.599,27.536,26.00901,27.497,96673230
1668177000,27.447,29.066,27.15577,29.013,95738340
1668436200,29,31.1,28.819,29.927,179733980
1668522600,30.92,31.271,30.255,31.02,146269320
1668609000,30.994,31.049,30.361,30.602,80385560
1668695400,29.472,29.982,29.1,29.528,98382200
1668781800,29.733,29.8,28.7,28.798,84001080
1669041000,29.1,29.187,28.266,28.505,72565070
1669127400,28.499,28.698,27.734,28.669,62451190
1669213800,28.591,29.247,28.376,29.15,59189880
1669386600,28.9,28.921,28.417,28.554,32359530
1669645800,28.4,28.955,28.053,28.117,47070490
1669732200,28.25,28.296,27.594,28.096,57868740
1669818600,28.137,30.826,28.041,30.553,160701200
1669905000,30.399,31.98,30.303,31.695,146648660
1669991400,31.049,32.199,31,32.041,126906020
1670250600,31.646,32.277,31.092,31.259,84230290
1670337000,31.1,31.32231,30.313,30.556,71953950
1670423400,30.65,30.961,30.21,30.842,78216340
1670509800,30.911,31.238,30.48098,31.026,72053260
1670596200,32.145,32.9,31.952,32.001,143640320
1670855400,32,32.318,30.885,31.518,101486140
1670941800,32.8,33.27236,31.7199,32.034,107564280
1671028200,31.897,32.471,31.442,31.783,75432910
1671114600,30.212,30.339,28.655,29.041,177245560
1671201000,28.876,29.47199,28.87,29.071,140800450
1671460200,28.973,29.225,28.613,28.83,61636670
1671546600,28.124,28.928,28.081,28.819,69181140
1671633000,28.999,30.066,28.65,29.796,63761730
1671719400,29.809,29.888,29.08131,29.775,78561920
1671805800,29.618,29.84614,29.191,29.4965,42511080
1672151400,29.319,29.357,28.213,28.417,57780980
1672237800,28.192,28.519,27.341,27.688,59643690
1672324200,28.318,29.54999,28.101,29.112,95885270
1672410600,28.553,29.501,28.322,29.488,75668920
1672756200,29.806,29.839,28.87,29.495,67639640
1672842600,29.824,31.1135,29.551,30.941,93450540
1672929000,30.7,31.418,30.4545,30.97,83283900
1673015400,31.157,31.677,30.369,31.555,89598390
1673274600,31.683,32.17,31.322,31.517,67666280
1673361000,31.107,32.935,31.107,32.754,130722860
1673447400,32.65,32.888,32.135,32.726,95796810
1673533800,33.25,33.295,32.314,33.013,108562460
1673620200,32.997,33.665,32.8885,33.282,82868160
1673965800,33.108,33.25,32.36,32.622,92469870
1674052200,32.675,33.008,32.125,32.633,78141150
1674138600,32.257,32.489,31.339,31.578,180081950
1674225000,33.679,34.4,33.2625,34.25,284303390
1674484200,34.1715,36.22453,34.06329,35.742,156468530
1674570600,35.753,36.565,35.51401,36.383,117965280
1674657000,36.057,36.88999,35.8501,36.796,77669070
1674743400,36.877,36.902,36.17,36.487,82568440
1674829800,36.32,36.592,36.059,36.077,67035480
1675089000,35.844,36.095,35.2855,35.311,51275930
1675175400,34.998,35.595,34.871,35.386,56607380
1675261800,35.386,36.5385,34.991,36.199,80051700
1675348200,36.516,36.832,35.843,36.689,78569520
1675434600,35.908,37.94301,35.9,36.59,94020340
1675693800,36.3642,36.845,36.068,36.148,49949420
1675780200,35.851,36.41799,35.418,36.295,62893680
1675866600,36.002,36.8193,35.831,36.683,62531790
1675953000,37.241,37.383,36.17444,36.25,69011000
1676039400,35.916,36.214,34.714,34.736,72910960
1676298600,34.95,35.97034,34.425,35.857,71344450
1676385000,35.755,36.375,35.34,35.996,46247580
1676471400,35.663,36.288,35.424,36.142,39699450
1676557800,35.5,36.15,35.031,35.071,52157260
1676644200,34.7905,34.9,34.244,34.796,52947270
1676989800,34.285,34.41253,33.64177,33.75,57102920
1677076200,33.75,34.191,33.282,33.488,45462490
1677162600,33.123,33.128,31.43,32.365,132386730
1677249000,31.93,32.15,31.452,31.715,68306920
1677508200,32.387,33,32.2121,32.303,61425800
1677594600,32.37,32.762,32.117,32.213,36760750
1677681000,32.155,32.66,31.236,31.348,49113110
1677767400,31.096,31.557,31.038,31.188,49210530
1677853800,31.545,31.749,31.082,31.518,59533190
1678113000,31.7,32.33,31.18412,31.203,56607430
1678199400,31.2675,31.43,30.66226,30.847,45530820
1678285800,30.929,31.183,30.575,31.179,34794740
1678372200,31.208,31.251,29.488,29.778,74433500
1678458600,29.7905,29.879,28.9,29.276,57593150
1678714200,28.734,29.924,28.53301,29.351,62923850
1678800600,29.597,29.745,29.031,29.494,59566920
1678887000,29.251,30.631,29.228,30.379,92153400
1678973400,30.475,31.66,30.171,31.006,79123710
1679059800,31.006,31.076,30,30.35,69187770
1679319000,29.979,30.75,29.6,30.513,51134300
1679405400,30.632,30.792,30.043,30.579,48862790
1679491800,30.631,30.645,29.354,29.39,58080350
1679578200,30.468,32.278,30.414,32.037,156533470
1679664600,32.063,33.183,32.063,32.839,130040850
1679923800,32.755,33.644,32.441,32.766,86257630
1680010200,32.606,33.332,32.128,32.352,64893880
1680096600,32.629,33.285,32.573,33.203,62873360
1680183000,34.02699,34.329,33.53,33.843,71314680
1680269400,34.005,34.584,33.72001,34.548,56101610
1680528600,34.183,34.858,34.04001,34.828,44136500
1680615000,34.849,34.98,34.395,34.675,32980720
1680701400,34.53,34.543,33.62526,34.235,42055450
1680787800,33.934,34.048,33.263,33.933,46605420
1681133400,33.527,33.988,33.336,33.899,26578980
1681219800,34.345,34.714,33.7635,33.821,40447780
1681306200,34.081,34.28,33.004,33.103,39654400
1681392600,33.999,34.643,33.875,34.619,74064370
1681479000,34.294,34.4853,33.641,33.863,53505080
1681738200,33.8,33.839,32.75,33.272,61360470
1681824600,33.5,33.719,33.05,33.37,179444960
1681911000,32.421,32.575,31.61,32.312,221282670
1681997400,32.039,33.14298,31.833,32.535,99478000
1682083800,32.3,32.829,31.95,32.798,63480000
1682343000,33.02,33.466,32.675,32.902,55866270
1682429400,32.85,32.8655,32.11,32.255,54266420
1682515800,32.136,32.59,32.047,32.115,46232380
1682602200,32.43,32.745,31.744,32.585,56187680
1682688600,32.524,33.08077,32.4,32.993,42283740
1682947800,32.9435,33.123,31.809,32.412,53414840
1683034200,32.5,32.607,31.562,31.755,43186120
1683120600,31.755,32.462,31.585,31.93,50640570
1683207000,31.901,32.361,31.795,32.078,38796570
1683293400,32.361,32.415,31.94401,32.276,39906370
1683552600,32.299,33.256,32.203,33.121,54885930
1683639000,33.067,33.632,32.97401,33.214,55448520
1683725400,33.521,33.711,32.951,33.542,42898970
1683811800,33.498,34.547,33.184,34.476,80335310
1683898200,34.476,34.81664,33.73637,33.989,60823600
1684157400,34.062,34.19,33.554,33.589,36529700
1684243800,33.4,33.517,33.191,33.375,33348630
1684330200,33.176,34.138,32.9615,33.996,39588070
1684416600,34.725,37.587,34.637,37.129,209252350
1684503000,36.986,36.999,36.381,36.536,78597030
1684762200,36.536,37.201,36.25,36.301,54064200
1684848600,36.024,36.417,35.431,35.599,68660780
1684935000,35.693,36.7151,35.6625,36.485,79733160
1685021400,35.961,36.74499,35.742,35.9,62631050
1685107800,36.11,38.376,35.6,37.888,93604360
1685453400,39.748,40.511,38.579,39.298,108649900
1685539800,39.189,39.626,38.891,39.523,69880470
1685626200,39.741,40.752,39.308,40.313,71601450
1685712600,40.289,40.658,39.59,40.047,59023810
1685971800,40.047,41.386,40.015,40.354,72474130
1686058200,40.5,40.512,39.693,39.929,49915320
1686144600,41.043,41.895,39.923,39.977,119323920
1686231000,39.977,40.954,39.634,40.937,59910870
1686317400,42.45,42.59,41.476,42.002,123728270
1686576600,41.883,42.47,41.65669,42.397,59677120
1686663000,43.001,43.727,42.84,43.573,78205350
1686749400,43.499,44.733,43.35,44.086,84130890
1686835800,44.41,44.865,43.95,44.527,70999150
1686922200,44.615,44.751,43.09,43.196,87537400
1687267800,43.018,44,43,43.47,47623130
1687354200,43.265,43.455,42.254,42.445,51464410
1687440600,42.293,42.471,41.86801,42.248,48722460
1687527000,41.859,42.582,41.773,42.402,82986000
1687786200,42.2435,43.09599,41.49,41.594,46400220
1687872600,41.739,42.08789,41.15,41.708,48180660
1687959000,42.31,43.72915,42.289,42.984,88113420
1688045400,43.433,43.785,42.615,42.824,49323100
1688131800,43.11,44.412,43.11,44.049,73463940
1688391000,43.976,44.1545,43.162,44.144,37332070
1688563800,44.491,45.097,43.96244,44.59,68754140
1688650200,44,44.27999,43.072,43.884,49448920
1688736600,43.86,44.2325,43.58354,43.81,41651440
1688995800,43.852,44.441,43.682,44.171,42517370
1689082200,43.865,44.08,43.10415,44.021,45745590
1689168600,44.455,44.54085,43.77494,44.405,57316570
1689255000,44.7,45.167,44.1177,45.038,61574750
1689341400,45.2785,45.648,43.97,44.191,71958600
1689600600,44.557,45.668,44.51053,45.005,69011410
1689687000,45.1,47.815,44.878,47.48,131968770
1689773400,47.686,48.5,47,47.759,209964810
1689859800,44.7,44.85,43.2,43.742,239897110
1689946200,43.737,43.824,42.319,42.75,173400280
1690205400,42.5,42.864,41.919,42.837,82824340
1690291800,42.718,43.08799,42.613,42.77,48598430
1690378200,42.42,42.526,41.559,42.267,60092420
1690464600,42.69,42.752,41.188,41.317,65944660
1690551000,41.556,42.747,41.376,42.578,64280730
1690810200,42.651,43.913,42.63,43.897,65876190
1690896600,43.737,44.52499,43.14,43.862,57255440
1690983000,43.523,43.556,42.656,42.97,49217810
1691069400,42.78,44.193,42.719,43.1,62593090
1691155800,43.306,43.65,42.627,43.16,54418110
1691415000,43.6455,44.111,42.89057,44.076,47813030
1691501400,44.036,44.357,43.51,43.83,37671950
1691587800,43.974,44.062,42.759,42.89,38466390
1691674200,43.112,43.812,42.869,42.998,54676070
1691760600,42.898,43.06317,42.13277,42.166,39279140
1692019800,42.199,42.8845,41.878,42.778,39659630
1692106200,42.441,42.912,42.104,42.37,33679980
1692192600,42.373,42.451,41.525,41.545,39670210
1692279000,41.5,41.524,40.15818,40.3,60314690
1692365400,39.933,40.652,39.815,40.453,43121960
1692624600,40.223,40.961,39.95,40.829,38615790
1692711000,40.9,41.574,40.74,41.317,36032730
1692797400,41.84,43.702,41.771,42.755,81747320
1692883800,42.541,42.759,40.6165,40.693,56877990
1692970200,41.2,41.925,40.75641,41.603,53909330
1693229400,41.804,41.983,41.327,41.806,29286130
1693315800,41.6,43.217,41.45,42.999,44867030
1693402200,43.085,43.816,42.835,43.467,36253800
1693488600,43.123,43.715,43.123,43.368,38029540
1693575000,43.7725,44.55,43.593,43.988,47933790
1693920600,43.839,45.345,43.8,44.868,61558650
1694007000,44.861,45.139,44.049,44.576,38622740
1694093400,44.115,44.46,43.67,44.314,29226760
1694179800,44.356,44.681,43.885,44.28,27043530
1694439000,44.307,44.989,44.275,44.536,29137670
1694525400,44.285,44.54399,43.412,43.469,31240240
1694611800,43.55,43.84,41.069,41.224,118430270
1694698200,41.04,41.139,40,40.049,107090430
1694784600,40.1,40.46997,39.503,39.694,91167450
1695043800,39.55,39.9465,39.26,39.44,47047060
1695130200,39.284,39.823,39.0245,39.62,40800540
1695216600,39.705,39.7985,38.612,38.63,38666190
1695303000,38.65,39.58999,38.342,38.415,55563880
1695389400,38.5,38.688,37.836,37.981,36997960
1695648600,38.29,38.662,38.081,38.48,37572780
1695735000,38.288,38.456,37.7355,37.925,40893920
1695821400,38.24,38.4223,37.625,37.759,38435210
1695907800,37.56,37.896,37.11,37.636,43699060
1695994200,38,38.258,37.535,37.76,42052980
1696253400,37.748,38.4808,37.68,38.033,31021010
1696339800,37.711,39.49,37.28492,37.675,88781340
1696426200,37.65,38.022,37.358,37.69,43036580
1696512600,37.801,37.85999,36.724,37.259,50347730
1696599000,36.843,38.252,36.777,38.151,47781180
1696858200,37.805,38.717,37.7755,38.595,32998020
1696944600,38.558,38.87,37.225,37.332,72889390
1697031000,37.2775,37.781,36.534,36.593,91513950
1697117400,36.648,36.883,35.905,36.12,73760860
1697203800,35.564,35.893,35.205,35.568,63163200
1697463000,35.621,36.30799,35.477,36.082,51289470
1697549400,36.11,36.27049,35.389,35.572,59084120
1697635800,35.1,35.479,34.473,34.619,114296430
1697722200,40.474,40.895,39.22601,40.177,280744160
1697808600,40.563,41.064,39.801,40.096,127829220
1698067800,40.332,40.754,39.85201,40.684,73900320
1698154200,40.968,41.66899,40.839,41.373,64592470
1698240600,41.602,41.884,41.011,41.125,62995870
1698327000,41.142,41.731,40.15444,40.354,68497020
1698413400,40.642,41.021,39.562,39.787,49976120
1698672600,40.235,41.282,39.941,41.008,53171470
1698759000,40.924,41.252,40.46301,41.169,38776230
1698845400,41.477,42.06,41.41798,42.019,48061080
1698931800,42.117,42.669,41.71,42.471,44759840
1699018200,42.876,43.4815,42.553,43.236,36670510
1699281000,43.438,43.503,42.961,43.474,30032350
1699367400,43.618,43.764,43.1,43.461,32910640
1699453800,43.5,43.807,43.368,43.665,23568450
1699540200,43.803,44.038,43.435,43.515,27355070
1699626600,43.748,44.748,43.551,44.724,44432840
1699885800,44.725,44.843,44.26,44.462,28961430
1699972200,44.878,45.4075,44.564,44.865,40608840
1700058600,45.281,46.27499,45.245,46.194,50352830
1700145000,46.3,46.728,45.965,46.695,36559740
1700231400,46.695,46.765,46.276,46.591,28002140
1700490600,46.54,47.67558,46.54,47.447,36210950
1700577000,47.263,47.702,47.121,47.495,29977230
1700663400,47.68,48.27,47.656,47.8,28438910
1700836200,47.711,48.04,47.52,47.956,14047320
1701095400,47.903,48.2,47.535,47.917,36259240
1701181800,47.811,48.05,47.595,47.9,28901640
1701268200,47.9,48.09885,47.449,47.719,28555400
1701354600,47.531,47.85907,47.042,47.397,42873490
1701441000,47.317,47.52299,46.46,46.574,43414710
1701700200,46.099,46.12,45.12,45.39,51577130
1701786600,45.07,45.639,44.958,45.515,33806740
1701873000,46,46.05,44.573,44.673,41787550
1701959400,45.085,45.2885,44.832,45.2,35067220
1702045800,45.076,45.55,45.076,45.376,34583840
1702305000,45.936,47.065,45.721,45.989,49296620
1702391400,46.523,46.561,45.91962,46.3,33026600
1702477800,46.198,48.125,46.198,47.998,58201920
1702564200,48.036,48.076,46.47601,46.983,51764370
1702650600,46.73,47.3,46.73,47.206,78409920
1702909800,47.63,49.204,47.5095,48.612,64106600
1702996200,48.84,49.614,48.406,49.502,38490140
1703082600,49.2,50.089,48.839,48.927,45636900
1703169000,49.266,49.44,48.677,49.161,27562250
1703255400,49.4,49.602,48.545,48.676,27026720
1703601000,48.939,49.148,48.638,49.119,20345170
1703687400,49.124,49.4015,48.925,49.179,25613300
1703773800,49.2,49.289,48.907,49.051,17104920
1703860200,49.037,49.22299,48.1935,48.688,27405550
1704205800,48.3185,48.465,46.186,46.85,50494230
1704292200,46.732,47.505,46.57727,47.026,34436940
1704378600,47.298,48.07393,46.653,47.467,36365130
1704465000,47.65,47.9545,47.1804,47.406,26312500
1704724200,47.389,48.524,47.365,48.503,36757750
1704810600,47.553,48.5085,47.38,48.209,35267570
1704897000,48.16,48.7,47.295,47.833,43424480
1704983400,49.254,50.341,48.382,49.223,79932650
1705069800,50.051,50.079,49.061,49.216,50037180
1705415400,49,49.415,47.802,48.124,46789740
1705501800,48.45,48.621,47.52642,48.033,48945930
1705588200,48.003,48.577,47.802,48.531,40543990
1705674600,48.498,48.567,47.606,48.295,56723510
1705933800,48.755,48.98,47.99,48.571,52123090
1706020200,49.2,49.896,48.14,49.219,155060240
1706106600,53.775,56.25,53.707,54.487,264327970
1706193000,55.195,56.346,54.846,56.2,94519150
1706279400,56.181,57.964,55.84319,57.042,127705710
1706538600,57.135,57.85499,56.268,57.579,69053900
1706625000,56.732,57.088,56.082,56.285,61817980
1706711400,56.285,57.215,56.2045,56.411,48575990
1706797800,56.702,57.266,56.383,56.751,31740020
1706884200,56.452,56.78,56.237,56.464,40328430
1707143400,56.247,57.575,55.7195,56.206,41430990
1707229800,56.412,56.63399,55.437,55.588,28403000
1707316200,55.816,56.78,55.498,55.93,43735910
1707402600,56.055,56.37,55.574,55.853,31754680
1707489000,56.5,56.6,55.81,56.132,30556980
1707748200,56.036,56.844,55.7,55.785,36084870
1707834600,55.08,55.91999,54.9,55.452,35114530
1707921000,56.726,58.1248,56.434,57.933,56342260
1708007400,58.191,59.377,58.032,59.346,52209380
1708093800,59.695,59.7,57.746,58.395,43256890
1708439400,58.018,58.6,56.966,57.513,31242360
1708525800,57.351,57.5775,56.732,57.335,22811430
1708612200,58.275,59.085,57.8885,58.847,35265970
1708698600,58.64,59.243,57.982,58.356,25688520
1708957800,58.356,59.075,58.327,58.765,23937120
1709044200,59.5,60.536,59.233,60.167,44893550
1709130600,59.579,59.817,59.001,59.648,26052420
1709217000,60.425,60.45161,59.516,60.292,35720820
1709303400,59.981,62.028,59.95,61.934,42703050
1709562600,62.156,62.442,61.508,61.583,30203060
1709649000,61.01,61.091,59.2,59.85,38495630
1709735400,60.299,60.793,59.35555,59.769,24695920
1709821800,59.934,61.053,59.59,60.851,27428050
1709908200,60.827,61.609,60.084,60.482,27772430
1710163800,60.808,61.1,60.037,60.093,25009400
1710250200,60.021,61.53,59.627,61.108,28216310
1710336600,61.337,61.48499,60.721,60.945,21920940
1710423000,61.5,62.08,60.735,61.301,31204520
1710509400,62.292,62.292,60.382,60.588,66716290
1710768600,61.356,62.741,61.04481,61.839,33442440
1710855000,61.562,62.128,60.8,62.074,21426130
1710941400,61.995,62.9505,61.834,62.769,26395090
1711027800,63.065,63.43617,62.233,62.271,25076710
1711114200,62.416,62.905,62.1,62.801,21356880
1711373400,62.79,63.046,62.316,62.746,18032640
1711459800,62.52,63.43899,61.91836,62.924,28044530
1711546200,62.901,63.135,61.073,61.353,26282670
1711632600,61.499,61.5,60.159,60.733,37088030
1711978200,60.8,61.511,60.5571,61.431,21159250
1712064600,61.1,61.503,60.55101,61.421,20292170
1712151000,61.2745,63.041,61.15,63.008,29312310
1712237400,63.321,63.8,61.658,61.714,30643490
1712323800,62.492,63.791,62.271,63.618,33788420
1712583000,63.639,63.9,62.811,62.841,21457310
1712669400,63.199,63.199,61.56347,61.82,21466350
1712755800,61.097,62.014,60.934,61.858,28062480
1712842200,62.442,63.166,61.724,62.878,26626620
1712928600,62.823,63.31199,61.8915,62.283,29592690
1713187800,63.017,63.017,60.3871,60.715,30853940
1713274200,60.75,62.245,60.75,61.752,35191220
1713360600,62.097,62.097,60.771,61.369,33122220
1713447000,61.21,62.133,60.5435,61.056,84684070
1713533400,56.788,57.9,55.216,55.504,164496990
1713792600,55.066,55.861,54.201,55.46,85976510
1713879000,55.649,57.921,55.528,57.775,49755200
1713965400,57.431,57.6907,55.13,55.512,53553120
1714051800,54.946,56.654,54.5705,56.48,38071010
1714138200,55.821,56.292,55.319,56.123,43325930
1714397400,55.918,55.964,55.424,55.949,25088820
1714483800,56,56,54.9375,55.064,33614920
1714570200,54.784,56.039,54.425,55.171,34732330
1714656600,55.602,56.546,55.559,56.515,30682280
1714743000,56.6,58.026,56.516,57.934,33075240
1715002200,58.182,59.734,58.025,59.697,36863370
1715088600,59.628,60.605,59.132,60.6,36140920
1715175000,60.163,61.822,60.163,60.947,30939040
1715261400,61.44,61.572,60.575,61.209,20653750
1715347800,61.9,62.398,60.506,61.087,26535860
1715607000,61.43,61.8219,60.683,61.659,20861970
1715693400,61.517,62.148,60.84,61.366,27923580
1715779800,61.857,62.41,60.91,61.352,56706070
1715866200,61.575,61.834,60.909,61.052,30563500
1715952600,61.7,62.579,61.47141,62.11,37827080
1716211800,62.04,64.437,61.952,64.082,38578530
1716298200,63.676,65.088,63.422,65.061,29201550
1716384600,64.714,64.925,63.812,64.047,21761740
1716471000,64.234,64.271,63,63.567,23139390
1716557400,63.94,65.2,63.76,64.675,26152600
1716903000,64.705,64.975,64.303,64.9,26094510
1716989400,64.413,66.425,64.389,65.462,36959350
1717075800,65.352,65.64899,64.473,64.766,23933540
1717162200,64.401,64.858,62.83,64.162,40710230
1717421400,64.5215,64.678,62.727,63.379,23235060
1717507800,63.378,63.52299,62.644,63.162,30081510
1717594200,63.402,65.125,62.825,65.027,26826140
1717680600,64.489,65.799,64.42368,64.852,24666640
1717767000,64.938,65.04,64.02401,64.147,18766310
1718026200,64.101,64.479,63.559,64.45,20667590
1718112600,64.072,65.019,64.052,64.855,21674170
1718199000,65.221,65.578,64.311,65.006,20943810
1718285400,64.4,65.525,64.235,65.326,18635870
1718371800,65.505,67.558,65.264,66.938,44471160
1718631000,66.911,68.27099,66.51101,67.583,36311840
1718717400,67.563,68.706,67.464,68.567,29437750
1718890200,68.18,68.988,67.37203,67.903,25850890
1718976600,68.326,68.69,67.81,68.612,45570860
1719235800,68.5,68.55,66.45,66.902,39163350
1719322200,67.344,67.3665,66.23,67.241,22787680
1719408600,67.241,68.296,67.002,67.769,35458150
1719495000,67.935,68.857,67.814,68.434,24048490
1719581400,67.9,68.7,67.308,67.488,34123910
1719840600,67.489,67.502,66.378,67.361,22128260
1719927000,67.354,68.174,67.007,67.958,24114260
1720013400,67.748,68.37499,67.55,68.251,14035450
1720186200,68.251,69.749,67.723,69.065,26590650
1720445400,68.7,68.886,68.1485,68.574,19307860
1720531800,69,69.527,68.472,68.574,25994740
1720618200,68.502,68.722,67.316,67.765,26519280
1720704600,67.2485,67.2485,64.744,65.275,51119280
1720791000,65.275,65.592,64.37075,64.76,33551970
1721050200,64.75,66.754,64.663,65.645,32087630
1721136600,66.18,66.3675,64.913,65.632,26857060
1721223000,65,65.045,63.947,64.746,40172770
1721309400,65.66,65.70395,63.9165,64.304,75757630
1721395800,66.064,67.897,62.91201,63.334,98156310
1721655000,63.95,65.629,63.26,64.75,52190770
1721741400,64.75,64.991,64.10001,64.276,24635790
1721827800,63.574,65.242,63.26744,63.599,48881630
1721914200,64.1,64.998,62.17001,63.409,45545390
1722000600,64.5,64.69899,62.977,63.137,31206590
1722259800,63.461,63.461,62.393,62.696,24005370
1722346200,63.017,63.469,61.70001,62.258,34966090
1722432600,62.657,63.35999,62.258,62.835,31348770
1722519000,62.925,64.67099,61.761,62.485,37205730
1722605400,62.098,62.527,60.835,61.364,35230030
1722864600,58.704,60.45627,58.704,59.855,40442350
1722951000,60.062,62.245,60.062,60.957,43190570
1723037400,61.6065,63.2,61.064,61.148,31877910
1723123800,62.199,63.229,61.602,63.035,32835420
1723210200,62.299,63.662,62.299,63.394,19808360
1723469400,63.1,63.9,62.707,63.314,23317120
1723555800,63.856,65.097,63.55,64.802,26395710
1723642200,64.87,66.357,64.87,66.168,40143440
1723728600,66.849,67.319,65.98,66.322,32101730
1723815000,66.943,68.023,66.536,67.407,35110140
1724074200,67.407,68.884,67.291,68.853,30162270
1724160600,68.886,71.133,68.8245,69.854,48131180
1724247000,69.7,70.1,69.138,69.712,22353430
1724333400,69.1,70.15,68.624,68.896,27293890
1724419800,69.413,69.607,67.863,68.673,23544500
1724679000,68.726,69.059,68.16376,68.844,13541540
1724765400,68.853,70.789,68.692,69.572,31648780
1724851800,69.583,69.667,67.71,68.384,24305830
1724938200,69,69.98,68.607,69.248,21869740
1725024600,70.036,70.186,68.816,70.135,32667230
1725370200,70.01,70.386,67.101,67.532,31609640
1725456600,67.331,68.465,67.306,67.968,17853370
1725543000,67.314,68.731,67.186,68.362,18100720
1725629400,68.186,68.31518,66.234,66.577,29912650
1725888600,67.4,68.35,67.214,67.542,26831110
1725975000,67.687,68.05899,66.5805,67.362,20791820
1726061400,67.746,68.297,66.08,68.147,23919240
1726147800,68.492,69.488,68.22,68.68,25884370
1726234200,68.001,69.964,68,69.706,22764820
1726493400,70,70.302,68.86316,69.65,18437450
1726579800,70.082,70.763,69.837,70.691,22986300
1726666200,70.755,70.755,68.8,69.047,29844110
1726752600,70.5,71.566,69.537,70.432,42284800
1726839000,70.555,70.66732,69.631,70.103,39980620
1727098200,70.239,71.22499,69.916,70.537,32243440
1727184600,70.6625,72.244,70.445,72.226,35657310
1727271000,72.1,72.512,71.621,72.156,22597750
1727357400,72.473,72.526,70.172,71.143,28329620
1727443800,70.836,71.071,70.12509,70.735,23956130
1727703000,70.7,71.121,70.28192,70.927,17115080
1727789400,71.364,71.776,69.859,70.613,28134820
1727875800,70.613,71.621,70.46878,71.109,17581670
1727962200,70.426,70.881,70,70.68,22564490
1728048600,71.332,72.101,70.882,71.97,22301390
1728307800,71.4755,71.588,69.643,70.192,33605200
1728394200,70.388,72.506,70.35457,72.176,31874020
1728480600,71.925,72.859,71.887,72.743,19810700
1728567000,72.329,73.385,72.25,73.029,27678620
1728653400,73.49,73.6,72.122,72.279,22995250
1728912600,72.5,72.66196,71.13109,71.3,27970710
1728999000,71.251,71.34,69.97806,70.598,29327520
1729085400,70.343,70.559,69.782,70.2,24942760
1729171800,70.435,70.44124,67.788,68.765,89266720
1729258200,73.764,76.6281,73.623,76.389,159741190
1729517400,76.576,77.3,75.66,77.207,60570930
1729603800,76.527,76.97,76.112,76.424,29872520
1729690200,76.283,76.37899,74.426,74.929,37490070
1729776600,75.197,75.582,74.625,75.455,26429620
1729863000,75.617,76.85,75.353,75.468,28194730
1730122200,75.868,75.868,74.788,74.912,28624050
1730208600,75.113,76.388,74.801,75.944,36604330
1730295000,75.808,75.979,75.22775,75.374,17220020
1730381400,75.393,76.07899,75.223,75.603,30577090
1730467800,75.348,76.37999,74.777,75.61,29968290
1730730600,75.314,76.248,74.969,75.551,19021940
1730817000,75.735,76.75299,75.627,76.391,22006450
1730903400,77.15,78.149,75.738,78.021,36908170
1730989800,78.137,79.822,77.994,79.654,32950740
1731076200,79.736,79.906,78.865,79.504,19106260
1731335400,79.59,80.6823,79.5565,80.544,23991500
1731421800,80.75,82.03697,80.375,81.95,28140640
1731508200,82.2615,83.69899,82.05368,83.047,27677720
1731594600,83.367,84.09997,83.002,83.726,30382310
1731681000,83.204,83.204,81.649,82.396,36737200
1731940200,81.55,84.845,80.93301,84.705,40840810
1732026600,83.975,87.449,83.916,87.132,38142270
1732113000,87.998,89.06,86.84,88.385,40938430
1732199400,88.393,90.8,87.724,89.748,45112630
1732285800,89.6,90.6,89.3,89.779,32140200
1732545000,90.205,90.205,86.422,86.559,60142030
1732631400,86.749,88.636,86.72501,87.26,31382590
1732717800,87.206,88.095,85.891,87.734,25782220
1732890600,88.217,89.241,87.668,88.681,20272370
1733149800,88.751,90.234,88.412,89.774,23889660
1733236200,89.436,90.269,88.8025,90.217,24016340
1733322600,89.805,91.59699,89.805,91.106,26896290
1733409000,91.785,92.7,91.11075,91.787,28353070
1733495400,91.523,93.527,91.271,93.474,29553830
1733754600,92.8,93.02999,90.259,91.369,33500820
1733841000,91.376,92.288,90.958,91.335,23885750
1733927400,92.471,94.175,92.308,93.656,35016910
1734013800,93.335,93.40886,92.26,92.555,24861970
1734100200,91.681,92.555,90.961,91.887,24858290
1734359400,92.394,92.894,91.95,92.108,26748920
1734445800,92.154,92.845,91.642,91.913,24594560
1734532200,91.913,92.244,88.656,88.955,29381940
1734618600,90.818,91.26215,89.9,90.204,28155120
1734705000,89.321,91.99238,89.0487207,90.905,45305190
1734964200,91.342,91.5,89.91001,91.145,23393750
1735050600,91.5,93.585,91.17,93.212,23202930
1735223400,92.84,93.049,91.53,92.414,23424180
1735309800,91.601,91.813,89.45,90.755,32261580
1735569000,89.451,90.82299,88.971,90.043,22029700
1735655400,90.18,90.268,88.947,89.132,18758970
1735828200,89.55,89.858,87.7,88.673,23156850
1735914600,89.313,89.883,87.98901,88.105,29700190
1736173800,88.876,89.283,87.169,88.179,34576560
1736260200,87.938,88.8,86.911,87.919,26498230
1736346600,88,88.6215,87.3,87.5,23479490
1736519400,86.64,86.641,83.44,83.769,48033120
1736778600,83.1525,84.707,82.914,84.029,30245170
1736865000,84.32,84.48925,82.3519,82.84,30376500
1736951400,83.644,85.084,83.041,84.826,31813830
1737037800,86.096,86.898,84.202,84.237,40285370
1737124200,85.979,86.5,85.213,85.81,36175650
1737469800,86.353,91.64,85.4745,86.968,98513510
1737556200,99.8025,99.9,95.076,95.399,142732050
1737642600,95.781,98.5,95.39,98.486,77521370
1737729000,98.441,98.628,96.768,97.759,45503970
1737988200,97.11,98.227,96.026,97.189,46342040
1738074600,96.671,97.7934,95.73,97.183,34339720
1738161000,98,98.764,96.82345,97.815,29307280
1738247400,98.675,99.459,97.00101,97.324,38678250
1738333800,97.4,99.02892,97.4,97.676,36187180
1738593000,97.3,98.76891,96.4375,97.894,37241970
1738679400,98.047,100.8,97.851,99.487,60001370
1738765800,98.773,101.1825,98.668,101.111,39977330
1738852200,100.787,101.635,100.261,101.568,31342930
1738938600,101.7,102.776,100.56701,101.393,32128530
1739197800,102.305,103.285,101.588,102.76,32965660
1739284200,102.079,102.269,100.295,100.808,33317970
1739370600,100.549,102.774,99.83473,102.731,33889660
1739457000,102.6625,104.59899,102.51,104.369,34760680
1739543400,104.495,106.45,104.169,105.86,31454300
1739889000,106,106.2,102.3749,103.585,42293390
1739975400,103.518,104.49999,102.451,104.333,26000480
1740061800,104.2,104.5,101.55941,102.454,31118310
1740148200,102.942,103.238,99.939,100.315,37387100
1740407400,100.8,101.517,98.448,98.847,44262270
1740493800,98.94,99.43999,95.5,97.724,47383040
1740580200,97.76,100.089,97.69,99.006,33972050
1740666600,99.5,100.07255,96.1825,96.307,37665660
1740753000,96.956,98.227,95.817,98.056,47174090
1741012200,98.3,99.493,96.481,97.37,39074470
1741098600,97.161,98.63135,94.821,97.258,43928140
1741185000,97.362,99.55999,96.948,99.092,38079350
1741271400,97.299,97.369,89.9,90.636,78525590
1741357800,89.764,90.48859,85.807,89.111,77374880
1741613400,87.507,88.127,85.45,86.668,69953090
1741699800,86.741,91.068,86.6,89.51,73989340
1741786200,91.46,92.718,90.1,91.968,68658370
1741872600,91.3,92.18892,88.751,89.017,50016980
1741959000,90.146,91.9625,90.1,91.8,52006840
1742218200,93.995,96.763,93.442,95.002,75431460
1742304600,94,94.82499,91.63,92.998,60094000
1742391000,93.577,96.8,92.4,95.949,66623610
1742477400,95.001,96.7,94.55,95.084,44663050
1742563800,94.1635,96.36532,94.095,96.029,59054290
1742823000,96.967,97.7,95.155,97.199,46778710
1742909400,97.818,99.87,97.711,99.728,37822450
1742995800,99.381,99.679,96.632,97.065,35347070
1743082200,97.422,98.9,96.63664,97.672,30472370
1743168600,97.2,97.498,92.923,93.385,44227170
1743427800,92.053,93.448,90.059,93.253,46340750
1743514200,92.75,93.229,91.15,92.838,35199560
1743600600,92.3,94.95479,91.611,93.552,32568860
1743687000,90.18,94.65919,90.047,91.705,58646220
1743773400,89.65,90.66282,85.387,85.586,67988060
1744032600,82.7845,90.674,82.11,86.783,66568230
1744119000,91.244,92.242,85.77,87.04,56253820
1744205400,85.593,95.143,85.44,94.547,74979740
1744291800,93.194,94.1235,89.4,92.117,51297550
1744378200,92,94.48599,90.668,91.829,40736380
1744637400,93.27,94.898,91.94979,93.128,40358950
1744723800,95,99.34499,94.8,97.628,77119820
1744810200,97.628,98.121,94.9165,96.163,60661130
1744896600,96.9,98.47015,95.6,97.303,88937350
1745242200,98.44,101.89999,97.305,98.791,97757470
1745328600,100.53,106.497,100.452,104.034,93688730
1745415000,104.7225,106.125,103.20001,104.959,64718760
1745501400,104.8,110.1,104.702,109.687,63818960
1745587800,109.704,110.67984,109.10001,110.153,39500080
1745847000,110,111.4,108.262,111.038,38310880
1745933400,110.392,112.781,109.548,112.564,37773290
1746019800,111.265,113.32005,110.11101,113.172,42666760
1746106200,112.252,114.242,111.18301,113.347,34994970
1746192600,113.666,115.944,113.332,115.649,37742820
1746451800,111.4795,114.402,110.701,113.406,56623170
1746538200,112.943,114.766,112.64,113.769,32566820
1746624600,113.9175,116.4,113.8,115.541,43523940
1746711000,116.162,116.22939,113.92,114.443,37608720
1746797400,114.71,115.1,113.322,114.022,25696330
1747056600,112.426,113,110.29301,111,64790790
1747143000,111.446,114.788,110.63,113.844,39978690
1747229400,112.9595,115.29003,112.84,115.099,39101470
1747315800,114.774,118.78019,114.7647,117.798,44640410
1747402200,119.314,119.65,117.939,119.153,46983530
1747661400,117.3575,119.164,117.171,119.164,28534150
1747747800,118.679,119.3,117.902,119.202,21330660
1747834200,118.65,121.12199,118.65,119.463,29766100
1747920600,119.24,119.87499,118.72082,118.797,18615880
1748007000,118.4,119.145,117.944,118.539,21864830
1748352600,119.533,121.177,119.309,121.157,29204690
1748439000,121.027,121.59101,120.602,120.855,18558500
1748525400,120.8,120.9,117.628,118.486,33030790
1748611800,119.833,121.181,118.0925,120.723,46967560
1748871000,120.12,121.93999,119.62501,121.898,22942160
1748957400,121.987,122.957,121.118,121.794,23637620
1749043800,122.0735,124.256,121.988,123.966,23593810
1749130200,124.06,126.281,123.72901,125.052,28217970
1749216600,125.941,125.99999,123.55501,124.1475,25569560
1749475800,123.888,123.888,122.157,122.446,24031170
1749562200,122.752,122.752,118.061,120.362,44544470
1749648600,120.26,122.829,119.60101,121.988,23822800
1749735000,122.259,123,121.1965,121.503,20846020
1749821400,120.659,122.062,120.189,121.215,22102530
1750080600,121.22,122.625,121.22,122.535,21127970
1750167000,121.995,123.23569,121.609,122.067,18921260
1750253400,122.999,124.19999,122.05,122.229,22810470
1750426200,123.445,124.84999,122.4349,123.141,53481930
1750685400,123.8025,125.484,121.501,125.354,26673180
1750771800,126.0545,128.2571,125.5,127.911,26633070
1750858200,128.684,129.79999,127.381,127.525,21465100
1750944600,128,130.734,128,130.667,26058700
1751031000,130.688,133.1345,130.1,132.312,40708570
1751290200,133.1,134.115,132.121,133.913,32829080
1751376600,133.823,133.87743,128.222,129.36,49935670
1751463000,129.696,129.99499,127.159,128.486,30488010
1751549400,129.2,130.226,127.976,129.718,20062240
1751895000,129.5,129.5,127.602,128.962,22737370
1751981400,129.09,129.325,126,127.531,32925250
1752067800,127.399,128.829,126.624,128.828,23844770
1752154200,128.55,128.95999,124.601,125.059,42364940
1752240600,125.9786,126.1,123.13,124.511,39571500
1752499800,124.491,127.049,124,126.195,27810480
1752586200,126.2,127.122,124.3245,126.027,28017310
1752672600,126.171,127.1,124.982,125.031,32270220
1752759000,125.3,127.75,124.48004,127.417,64698770
1752845400,124.196,124.65,120.101,120.924,106933060
1753104600,120.6,123.71,119.8,123.327,56275910
1753191000,123.038,123.237,118.75,119.008,50629700
1753277400,118.981,119.26194,117.36,117.678,45042640
1753363800,117.78,118.35,116.26601,118.076,38455700
1753450200,117.8415,118.732,117.43825,118.049,26292600
1753709400,118.12,119.77899,116.853,117.46,34469580
1753795800,117.9,117.96,116.329,116.874,27524890
1753882200,116.855,118.485,116.61,118.42,29227310
1753968600,118.48,119,115.774,115.94,37129490
1754055000,116.301,117.8505,115.285,115.86,38909500
1754314200,116.765,117.7,116.2615,117.099,22447020
1754400600,117.1,117.171,114.471,114.787,26607350
1754487000,115.352,118.1375,115.18701,117.848,33621610
1754573400,118.176,119.122,116.82,118.037,26283210
1754659800,118.319,121.411,118.03701,121.164,38166890
1754919000,121.401,122.307,120.193,121.831,24556480
1755005400,122.5,123.199,120.6505,122.528,22826270
1755091800,123.4,123.712,120.3,120.444,27623550
1755178200,120.989,124.409,120.703,123.056,39046680
1755264600,123.404,124.6941,122.788,123.895,27678040
1755523800,123.563,125.11599,123.545,124.509,21110870
1755610200,124.02,124.09999,119.279,121.415,37077310
1755696600,121.8,122.29999,119.33101,121.386,24343980
1755783000,121.143,122.13999,119.7635,120.621,20471780
1755869400,120.888,121.362,119.823,120.465,31281330
1756128600,120.165,123.38,119.9,121.807,28120360
1756215000,122.021,123.14999,121.22,122.609,19857140
1756301400,122.361,122.921,121.3,122.35,16645260
1756387800,122.279,123.7891,121.42681,123.145,19503360
1756474200,122.797,122.879,120.115,120.825,32098170
1756819800,119.7,121.54,118.28,121.411,23032690
1756906200,120.514,122.69999,120.338,122.618,24714950
1756992600,122.32,125.748,122.309,125.748,30235060
1757079000,126,126.71,123.90201,124.382,23796730
1757338200,124.854,125.20405,123.2,124.476,19150530
1757424600,124.667,126.5721,124.667,126.325,22196550
1757511000,126.3975,126.7,124.6355,124.771,27010150
1757597400,125.1,125.3445,119.2,120.35,56822860
1757683800,120.3055,121.178,118.24,118.844,37849440
1757943000,118.84,120.724,117.32076,120.226,29092770
1758029400,120.564,120.89999,119.728,120.051,24046860
1758115800,122.102,123.393,120.6605,122.85,34597960
1758202200,122.082,123.3,120.55,120.778,31691050
1758288600,121.862,122.99499,120.81,122.697,49475900
1758547800,122.19,122.976,121.42432,122.737,25468140
1758634200,122.733,122.779,120.847,121.847,24991460
1758720600,121.861,122.15,119.42,120.395,27731270
1758807000,120.309,121.684,119.151,120.824,19977830
1758893400,120.542,121.4,120,121.061,19449570
1759152600,120.5,122.449,118.754,120.641,30331740
1759239000,120.641,120.85,117.8,119.892,38303040
1759325400,117.549,117.914,116.321,117.09,41102210
1759411800,116.15,116.333,113.4,116.253,46854670
1759498200,116.5,116.8,114.322,115.332,31373650
1759757400,116.037,116.358,114.545,116.331,29685960
1759843800,117.779,120.1365,117.746,119.106,33090940
1759930200,119.711,121.739,119.2,121.425,28513530
1760016600,121.425,123.75,121.182,123.107,28240770
1760103000,122.9,124.7,121.91,122.008,42797760
1760362200,122.135,123.112,120.681,121.903,24607830
1760448600,121.475,122.42899,120.31,121.535,23624460
1760535000,121.301,121.962,120.161,120.329,20251940
1760621400,121.215,121.671,117.6,118.359,28326190
1760707800,118.36,120.312,117.895,119.936,29571010
1760967000,120.7875,124.776,120.69,123.856,39862350
1761053400,124.283,124.85999,123.176,124.135,65082340
1761139800,114.29,115.76,111.251,111.637,147890250
1761226200,112.69,112.78285,109.973,111.359,68497220
1761312600,111.1,111.451,109.441,109.469,60280250
1761571800,110.067,110.228,108.73,109.456,46911140
1761658200,109.4,111.69799,109.30083,110.25,40209010
1761744600,109.984,110.855,109.6,110.041,33994870
1761831000,109.44,110.616,108.811,108.9,41580990
1761917400,110.539,113.488,110.198,111.886,68665000
1762180200,113.324,113.35,107.515,110.009,58634390
1762266600,109.999,110.45999,108.668,109.296,38717800
1762353000,108.5,110.085,107.33701,109.846,35539170
1762439400,109.458,110.37,108.513,109.702,36531700
1762525800,109.4175,110.822,108.75,110.366,44125340
1762785000,110.6715,112.82,110.405,112.007,36929000
1762871400,111.76,113.92199,111.28,113.644,27965940
1762957800,113.817,116.43399,112.826,115.75,39220570
1763044200,115.85,116.733,114.569,115.423,40143590
1763130600,114.273,114.273,110.721,111.217,47607130
1763389800,110.75,111.85,109.55,110.29,26082730
1763476200,110.29,115.25,109.2,114.09,43440565
1763562600,113,113.34,108.61,110,31868089
1763649000,111,111.1,105.39,105.67,36918546
1763735400,105.13,106.53,103.81,104.31,41232687
1763994600,104.25,108.04,103.32,106.97,62918292
1764081000,106.12,106.3,103.82,104.4,35122559
1764167400,105.74,106.95,105.22,106.14,27951013
1764340200,106.435,107.94,106.24,107.58,15021609
1764599400,106.51,109.335,106.31,109.13,24873385
1764685800,109.205,109.73,107.52,109.35,25762983
1764772200,106.59,106.87,102.03,103.96,53593403
1764858600,103.57,103.8,101.77,103.22,51779136
1764945000,98.775,104.79,97.74,100.24,133363601
1765204200,99.87,99.89,95.3,96.79,100906259
1765290600,97.03,97.24,95.45,96.71,51745577
1765377000,96.735,96.97,92.35,92.71,74129272
1765463400,93.895,94.82,92.76,94.09,43949009
1765549800,95.5,96.92,94.65,95.19,49323122
1765809000,96.015,96.37,93.53,93.77,40016455
1765895400,93.88,94.93,93.32,94.57,34264989
1765981800,95.98,97.33,94.46,94.79,50472781
1766068200,95.02,95.81,93.59,94,37244734
1766154600,93.57,95.54,93.45,94.39,78990153
1766413800,94.71,94.71,92.91,93.23,39484765
1766500200,93.395,93.81,91.33,93.5,25896234
1766586600,93.11,93.68,92.665,93.64,12427895
1766759400,93.48,94.685,93.27,94.47,22068276
1767018600,93.99,94.97,93.625,94.15,24493738
1767105000,93.52,93.9899,93.34,93.78,23422033
1767191400,93.6,94.305,93.2,93.76,23495191
1767364200,94.13,94.13,90.8104,90.99,41155402
1767623400,90.92,92.63,90.84,91.46,39183316
1767709800,91.54,91.64,89.74,90.65,43330972
1767796200,91.555,92.419,90.06,90.73,36525740
1767882600,90.45,91.25,89.58,90.53,40068670
1767969000,90.03,90.05,88.32,89.46,55579523
1768228200,89.69,90.335,89.33,89.41,36290606
1768314600,89.44,91.15,89.07,90.32,45221097
1768401000,91.24,91.58,87.95,88.55,49737704
1768487400,89.02,89.89,87.82,88.05,36945057
1768573800,88.335,88.51,87.78,88,48130497
1768919400,88.97,89.9,87.02,87.26,109729663
1769005800,82.515,86,81.93,85.36,127940744
1769092200,85.02,85.1,82.98,83.54,69113304
1769178600,83.43,86.3,83.28,86.12,64520383
1769437800,86.92,86.94,85.35,85.7,40941875
1769524200,85.275,85.6,83.88,85.58,37790831
1769610600,85.625,86.47,84.295,84.64,37762612
1769697000,84.31,84.38,82.3501,83.16,42278102
1769783400,83.1,84.055,82.78,83.49,45755030
1770042600,83.53,85.27,82.72,82.76,41445253
1770129000,82.23,82.45,79.62,79.94,49789042
1770215400,79.99,81.435,79.225,80.16,48963242
1770301800,81.49,83.3,80.535,80.87,54805693
1770388200,81.02,82.485,80.65,82.2,46154060
1770647400,82.18,82.205,79.87,81.47,42200212
1770733800,82.715,84.66,82.09,82.21,43595792
1770820200,81.96,82.48,79.45,79.62,40840269
1770906600,79.11,79.15,75.23,75.86,73516074
1770993000,76.14,77.18,75.53,76.87,42292078
1771338600,76.92,77.87,75.3,77,35961512
1771425000,77.32,78.32,76.28,77.99,29883106
1771511400,77.75,78.7,76.59,77,30139202
1771597800,76.61,78.85,76.4,78.67,32411317
1771857000,77.79,77.83,75.01,76.02,38363022
1771943400,75.73,78.12,75.21,78.04,33079056
1772029800,79.43,83.117,79.25,82.7,69319330
1772116200,83.2,86.5,82.8,84.59,85642486
1772202600,94.295,96.75,90.58,96.24,200766961
1772461800,95.26,98.07,95.2,97.09,79915360
1772548200,96.01,98.46,95.33,97.7,59149000