time,open,high,low,close,Volume
1355149800,2.65,2.67,2.53,2.54,96747
1355236200,2.57,2.93,2.51,2.91,123958
1355322600,2.91,3.39,2.91,3.03,213084
1355409000,3.03,3.11,2.91,2.95,57405
1355495400,2.95,3.36,2.95,3.22,161127
1355754600,3.32,3.39,3.21,3.35,75034
1355841000,3.36,3.44,3.22,3.38,129416
1355927400,3.47,3.47,3.04,3.18,187339
1356013800,3.2,3.29,3.1,3.15,123274
1356100200,3.09,3.1,2.895,3.03,303445
1356359400,3,3.12,2.9401,3.09,33463
1356532200,3.08,3.13,2.93,3.03,64408
1356618600,3.08,3.97,3.08,3.51,374305
1356705000,3.52,3.64,3.35,3.6,249196
1356964200,3.57,3.8299,3.5131,3.65,189397
1357137000,3.87,3.89,3.69,3.79,234573
1357223400,3.84,3.88,3.66,3.73,155369
1357309800,3.76,3.98,3.7,3.9,221124
1357569000,3.9,3.9,3.64,3.75,202256
1357655400,3.8,3.81,3.7016,3.71,68309
1357741800,3.81,3.81,3.6,3.75,134474
1357828200,3.74,3.8,3.69,3.72,98725
1357914600,3.72,3.82,3.67,3.78,115684
1358173800,3.8,3.83,3.7206,3.78,116966
1358260200,3.78,3.915,3.7501,3.84,96368
1358346600,3.87,3.89,3.81,3.85,48225
1358433000,3.84,3.93,3.8,3.91,157938
1358519400,3.91,3.97,3.75,3.78,105309
1358865000,3.8,3.84,3.71,3.78,100003
1358951400,3.78,3.79,3.72,3.72,51388
1359037800,3.7,3.795,3.499,3.71,162350
1359124200,3.75,3.75,3.65,3.68,74336
1359383400,3.7,3.72,3.51,3.67,149148
1359469800,3.66,3.85,3.57,3.77,167676
1359556200,3.75,3.85,3.67,3.79,95830
1359642600,3.77,3.84,3.69,3.77,125816
1359729000,3.84,4.12,3.72,4.08,406855
1359988200,4.11,4.11,3.81,3.91,187324
1360074600,3.97,4.5,3.91,4.33,299309
1360161000,4.04,4.29,3.51,4.11,526321
1360247400,4.07,4.45,4.07,4.24,341322
1360333800,4.2,4.33,4,4.23,291787
1360593000,4.24,4.32,4.14,4.27,173210
1360679400,4.25,4.5,4.1701,4.48,239197
1360765800,4.45,4.61,4.31,4.33,159190
1360852200,4.33,5.22,4.28,5.1,487762
1360938600,5.1,5.15,4.9,5.03,267539
1361284200,5.1,5.48,4.9701,5.21,608189
1361370600,5.16,5.38,4.92,4.99,206822
1361457000,4.96,5.26,4.82,5.24,302476
1361543400,5.29,5.3699,5.01,5.24,276895
1361802600,5.36,5.36,4.82,4.84,330181
1361889000,4.81,5.245,4.5,5.05,458112
1361975400,5,5,4.51,4.63,265375
1362061800,4.64,4.96,4.5,4.93,262964
1362148200,5.03,5.07,4.62,4.75,281645
1362407400,4.75,4.9199,4.56,4.67,236315
1362493800,4.66,4.95,4.66,4.88,234081
1362580200,4.88,5.17,4.84,4.92,316025
1362666600,4.9,5.05,4.74,4.76,171153
1362753000,4.77,5.32,4.73,5.24,270314
1363008600,5.06,5.25,4.86,5.2,222690
1363095000,5.18,6.3,5.11,5.88,716301
1363181400,5.9,6.25,5.4,5.5,361088
1363267800,5.5,5.98,5.5,5.92,348065
1363354200,5.94,6,5.76,5.87,300210
1363613400,5.9,5.97,5.5,5.6,300132
1363699800,5.7,5.9,5.51,5.8,229057
1363786200,5.83,6.17,5.65,6.02,174041
1363872600,5.93,6.45,5.9,6.04,429704
1363959000,6.14,6.14,5.9001,5.96,209541
1364218200,6.05,6.55,6.01,6.46,398201
1364304600,6.53,6.7,6.28,6.52,378841
1364391000,6.14,6.68,5.76,6.42,768136
1364477400,6.45,6.45,6.11,6.2,227476
1364823000,6.13,6.13,5.74,5.86,264366
1364909400,5.9,6.24,5.8,5.9,160067
1364995800,5.9,5.9,5.54,5.68,288811
1365082200,5.69,6.17,5.69,6.15,241741
1365168600,6.15,6.2808,6.07,6.1,111374
1365427800,6.1,6.21,5.66,5.78,308495
1365514200,5.81,6.25,5.68,6.15,463062
1365600600,6.19,6.355,5.92,6.1,305595
1365687000,6.11,6.17,5.8,5.97,237059
1365773400,5.89,5.98,5.75,5.88,138774
1366032600,5.9,5.988,5.17,5.24,451893
1366119000,5.39,5.99,5.255,5.94,346928
1366205400,5.91,5.91,5.5,5.57,129187
1366291800,5.63,5.89,5.43,5.47,116708
1366378200,5.5,5.7,5.5,5.55,95096
1366637400,5.68,5.9,5.55,5.81,129191
1366723800,5.89,6.1,5.7492,5.97,163232
1366810200,5.97,6.28,5.9,6.2,234231
1366896600,6.24,6.77,6.04,6.7,459811
1366983000,6.7,7.4,6.7,7.25,526319
1367242200,7.32,7.58,7,7.11,386636
1367328600,7.19,7.21,6.56,7.04,345941
1367415000,6.92,7.01,6.56,6.95,263284
1367501400,7,7.55,6.98,7.5,249779
1367587800,7.59,7.9,7.38,7.74,339420
1367847000,7.76,8,7.73,7.85,276034
1367933400,7.9,7.95,7.52,7.63,254833
1368019800,7.91,7.95,7.15,7.44,348505
1368106200,7.45,7.95,7.29,7.89,298397
1368192600,7.95,8.07,7.63,7.92,350359
1368451800,8,9,7.68,8.91,403604
1368538200,9,10,8.72,9.66,570546
1368624600,9.65,9.65,9.2062,9.4,539955
1368711000,9.27,9.27,8.55,8.94,430811
1368797400,9.05,9.2499,8.86,9.05,344088
1369056600,9.09,9.4,8.9,9.1,462727
1369143000,9.36,9.74,8.95,8.99,299898
1369229400,9,9.1,8.15,8.43,343950
1369315800,8.12,8.45,7.84,8.22,443181
1369402200,8.07,8.3299,8.07,8.15,220271
1369747800,8.3,8.69,8.26,8.38,236766
1369834200,8.31,8.33,7.81,7.9,406212
1369920600,8.05,8.2312,7.69,7.79,457508
1370007000,7.81,7.96,7.71,7.72,217807
1370266200,7.71,7.84,7.27,7.42,363257
1370352600,7.38,7.49,6.87,7.04,486563
1370439000,6.96,7.27,6.5403,6.94,300517
1370525400,6.94,7.14,6.76,6.96,120409
1370611800,7.05,7.6799,6.83,6.98,195326
1370871000,6.99,7.385,6.901,7,301802
1370957400,6.89,6.95,6.7,6.8,213365
1371043800,6.85,6.85,6.14,6.17,299445
1371130200,6.15,6.69,6.15,6.66,248053
1371216600,6.71,7.05,6.4,6.6,274550
1371475800,6.64,6.89,6.59,6.7,228476
1371562200,6.7,7,6.5,6.91,171631
1371648600,6.91,7.02,6.56,6.64,160321
1371735000,6.49,6.6,6.31,6.53,237092
1371821400,6.58,7.25,6.33,7.19,838508
1372080600,7,7,6.54,6.65,407239
1372167000,6.73,7.04,6.6301,6.82,202475
1372253400,6.97,7.1,6.71,6.94,252205
1372339800,7.04,7.92,6.94,7.57,933733
1372426200,7.53,8.04,7.36,7.73,1528035
1372685400,7.85,7.95,7.66,7.68,225333
1372771800,7.65,7.84,7.18,7.32,362931
1372858200,7.19,7.53,7.19,7.43,88419
1373031000,7.57,7.65,7.285,7.5,140065
1373290200,7.65,8.2,7.65,8.01,354947
1373376600,8.04,8.3755,8,8.15,344338
1373463000,8.12,8.23,7.97,7.98,156715
1373549400,8.25,8.31,7.78,7.91,129358
1373635800,7.94,8.15,7.6,7.62,237747
1373895000,7.74,8.15,7.6,8.08,369923
1373981400,8.13,8.33,7.9,8.2,413685
1374067800,8.25,8.25,7.81,7.95,221252
1374154200,8.06,8.22,7.72,7.83,288059
1374240600,7.8,7.98,7.27,7.4,306655
1374499800,7.51,7.51,6.95,7.07,487583
1374586200,7.15,7.52,7.04,7.24,363860
1374672600,7.25,7.34,6.15,6.4,853496
1374759000,6.62,6.8699,6.45,6.71,315786
1374845400,6.63,6.73,6.52,6.6,172667
1375104600,6.7,6.89,6.28,6.3,293985
1375191000,6.37,6.4,6.19,6.31,249078
1375277400,6.35,6.48,6.3,6.35,239820
1375363800,6.43,6.58,6.22,6.25,206938
1375450200,6.22,6.28,6.19,6.28,205934
1375709400,6.44,6.85,6.36,6.6,510268
1375795800,6.58,6.68,6.03,6.06,467777
1375882200,5.7,6.09,5.5,6,1259817
1375968600,6.17,6.21,5.9,6.05,401032
1376055000,6.08,6.1,5.97,6.07,137528
1376314200,6.12,6.49,6.1,6.47,269629
1376400600,6.55,6.75,6.46,6.5,222037
1376487000,6.49,7.16,6.393,7.11,410270
1376573400,6.93,7.1,6.72,6.85,285688
1376659800,6.78,7.06,6.38,6.5,344440
1376919000,6.5,6.55,6.3139,6.49,340483
1377005400,6.55,6.56,6.34,6.41,114858
1377091800,6.38,6.58,6.29,6.36,162122
1377178200,6.42,6.635,6.31,6.61,164515
1377264600,6.68,7,6.6499,6.98,149400
1377523800,7,7.33,6.98,7.23,191717
1377610200,7.01,7.05,6.45,6.58,286423
1377696600,6.59,6.845,6.4301,6.51,94567
1377783000,6.48,6.755,6.42,6.44,102349
1377869400,6.43,6.61,6.16,6.29,215631
1378215000,6.82,6.83,6.49,6.61,296889
1378301400,6.65,7.1,6.64,6.98,348088
1378387800,7.12,7.74,7.02,7.11,582808
1378474200,7.19,7.2,6.76,6.94,368824
1378733400,7.15,7.5,7.14,7.44,384682
1378819800,7.76,7.8,7.53,7.79,417321
1378906200,7.83,8.18,7.77,8,354397
1378992600,8,8,7.84,7.88,185852
1379079000,7.89,8.14,7.89,8.06,175553
1379338200,8.26,8.3945,8.02,8.14,390738
1379424600,8.12,8.2,7.97,8.08,325515
1379511000,8.05,8.3,7.71,8.25,555185
1379597400,8.33,8.4206,8.21,8.3,499611
1379683800,8.34,8.73,8.21,8.73,919869
1379943000,8.68,8.7,8.2,8.52,515600
1380029400,8.49,8.49,7.77,8.05,467232
1380115800,8.11,8.43,7.89,7.99,338153
1380202200,8.11,8.3,7.93,8.05,226570
1380288600,8.03,8.126,7.86,7.94,338761
1380547800,7.63,8.2,7.2,8.12,445547
1380634200,8.14,8.52,8.05,8.32,413843
1380720600,8.1,8.49,8.1,8.36,201219
1380807000,8.23,8.44,7.8,8.34,282894
1380893400,8.41,9,8.34,8.93,450076
1381152600,8.76,8.93,8.6,8.66,196847
1381239000,8.64,8.89,8,8.06,412244
1381325400,8.03,8.08,7.47,7.62,288171
1381411800,7.85,8.22,7.85,8.19,290584
1381498200,8.17,8.75,8.13,8.69,300690
1381757400,8.55,8.83,8.27,8.75,223960
1381843800,8.68,8.92,8.53,8.58,272565
1381930200,8.66,8.95,8.51,8.59,281438
1382016600,8.52,8.87,8.5,8.66,188434
1382103000,8.71,9.1,8.69,8.84,452230
1382362200,8.98,9.17,8.77,9.08,485543
1382448600,9.16,9.37,8.76,9,558674
1382535000,8.96,8.9825,8.7,8.74,268973
1382621400,8.8,8.99,8.71,8.725,160640
1382707800,8.77,8.77,7.9,7.9,426654
1382967000,8.11,8.2399,7.6001,7.86,386128
1383053400,7.93,8.2,7.81,7.88,192217
1383139800,8.24,8.78,7.63,7.67,320185
1383226200,7.76,7.9899,7.5303,7.55,290507
1383312600,7.82,7.97,7.595,7.61,414536
1383575400,7.84,8.23,7.7,7.93,919349
1383661800,8.09,8.35,8.01,8.25,585716
1383748200,7.72,8.23,7.72,8,369394
1383834600,8.02,8.12,7.63,7.68,227124
1383921000,7.82,7.96,7.62,7.84,135603
1384180200,7.79,8.26,7.78,8.16,226192
1384266600,8.07,8.28,7.7501,8.22,318435
1384353000,8.1,8.19,7.92,7.95,308159
1384439400,7.99,8.14,7.75,7.84,275548
1384525800,7.72,7.95,7.7,7.77,194095
1384785000,7.77,7.9,7.5235,7.68,350343
1384871400,7.67,7.9,7.06,7.11,456727
1384957800,7.26,7.29,6.67,6.8,385974
1385044200,6.83,7.3353,6.83,7.07,504746
1385130600,7.1,7.17,6.95,7.11,171640
1385389800,7.2,7.21,7,7.05,276723
1385476200,7.09,7.24,6.95,7.14,274715
1385562600,7.08,7.29,7.08,7.24,196924
1385735400,7.32,7.39,7.061,7.25,60599
1385994600,7.29,7.35,6.84,6.91,265630
1386081000,6.75,6.89,6.48,6.6,440940
1386167400,6.55,6.8,6.37,6.41,387100
1386253800,6.26,6.6,6.0801,6.27,518274
1386340200,6.36,6.42,6,6,458721
1386599400,6.15,6.2453,5.66,5.72,565125
1386685800,5.71,5.85,5.38,5.65,748261
1386772200,5.65,5.6501,5.1,5.17,680800
1386858600,5.12,5.13,4.54,4.89,1068991
1386945000,5.05,5.97,5.05,5.7,986844
1387204200,5.86,5.86,5.5,5.56,308553
1387290600,5.58,5.85,5.52,5.77,278034
1387377000,5.83,5.96,5.75,5.8,237255
1387463400,5.76,5.99,5.62,5.98,325061
1387549800,6.02,6.09,5.7,5.7,377807
1387809000,5.71,5.84,5.53,5.61,464638
1387895400,5.65,5.875,5.61,5.83,132798
1388068200,5.86,5.98,5.67,5.78,280711
1388154600,5.78,5.9,5.7,5.87,265169
1388413800,5.89,6.44,5.88,6.39,756677
1388500200,6.41,6.59,6.12,6.34,460441
1388673000,6.36,6.88,6.26,6.78,470668
1388759400,7.06,7.08,6.66,6.92,435912
1389018600,6.89,7.09,6.6,7.04,433306
1389105000,7.05,7.665,7.04,7.54,748643
1389191400,7.56,7.56,7.07,7.25,464790
1389277800,7.5,7.68,7.12,7.59,483060
1389364200,7.66,7.85,7.25,7.79,294883
1389623400,7.7,8.18,7.55,8.05,661062
1389709800,7.66,8.09,7.66,7.87,268019
1389796200,8.09,8.34,7.73,8.26,533387
1389882600,8.25,8.39,8.11,8.28,375839
1389969000,8.3,8.37,8.08,8.13,201056
1390314600,8.17,8.38,7.96,8.22,312608
1390401000,8.19,8.2,7.9801,8.08,249329
1390487400,8.09,8.09,7.28,7.83,518119
1390573800,7.72,7.9,7.38,7.61,551730
1390833000,7.69,7.75,7.25,7.33,326429
1390919400,7.34,7.57,7.29,7.41,233140
1391005800,7.31,7.7899,7.25,7.32,184531
1391092200,7.37,7.63,7.28,7.54,193535
1391178600,7.41,7.74,7.31,7.4,173382
1391437800,7.4,7.67,6.35,6.65,572947
1391524200,6.68,6.8999,6.5121,6.74,264917
1391610600,6.71,6.8,6.5,6.6,161438
1391697000,6.6,6.74,6.51,6.6,119155
1391783400,6.77,6.77,6.47,6.69,180671
1392042600,6.72,7.08,6.68,7.03,208862
1392129000,7.07,7.16,6.82,7,206894
1392215400,6.98,7.136,6.73,6.86,162330
1392301800,6.81,7.33,6.76,7.3,213331
1392388200,7.21,7.3899,7.09,7.3,150310
1392733800,7.28,7.74,7.21,7.58,315146
1392820200,7.7,8.1,7.5,8.07,616320
1392906600,7.81,8.01,7.65,7.91,433319
1392993000,7.98,8,7.33,7.37,461756
1393252200,7.4,7.7,7.37,7.63,261658
1393338600,7.65,7.93,7.5,7.89,250139
1393425000,7.9,8.34,7.9,8.21,786511
1393511400,8.15,8.29,8.06,8.25,385427
1393597800,8.16,8.24,7.87,8.07,338037
1393857000,7.9,8.155,7.76,8.02,243469
1393943400,8.18,8.49,7.9437,8.475,644062
1394029800,8.43,8.75,8.3745,8.64,480697
1394116200,8.59,8.74,8.4,8.44,265747
1394202600,8.5,8.59,8.11,8.52,231116
1394458200,8.43,8.5,8.15,8.4,173159
1394544600,8.39,8.64,8.19,8.38,206983
1394631000,8.33,8.57,7.78,8.51,213397
1394717400,8.55,8.62,8.05,8.37,339398
1394803800,8.3,8.59,8.12,8.26,151539
1395063000,8.33,8.5,8.21,8.26,144946
1395149400,8.29,8.61,8.22,8.53,355149
1395235800,8.48,8.61,8.34,8.51,315380
1395322200,8.49,8.49,8.24,8.34,400665
1395408600,8.67,8.67,8.24,8.27,394463
1395667800,8.26,8.34,7.82,8.23,400206
1395754200,8.31,8.58,8.232,8.29,276949
1395840600,8.26,8.38,7.75,7.78,454375
1395927000,7.82,7.97,7.13,7.19,397699
1396013400,7.19,7.38,7.16,7.22,891974
1396272600,7.3,7.5,7.18,7.36,185945
1396359000,7.52,7.92,7.5,7.9,232804
1396445400,7.95,8.57,7.9,8.4,448983
1396531800,8.31,8.37,7.92,7.99,245076
1396618200,8.01,8.089,7.6,7.68,198092
1396877400,7.6,7.98,7.43,7.74,275508
1396963800,7.75,8,7.65,7.7,194795
1397050200,7.77,8,7.68,7.98,211782
1397136600,7.97,8.13,7.35,7.37,349784
1397223000,7.31,7.65,7.3,7.37,252954
1397482200,7.47,7.53,7.13,7.21,220385
1397568600,7.25,7.4753,6.8201,7.16,377970
1397655000,7.19,7.34,7.07,7.23,347471
1397741400,7.23,7.676,7,7.57,170173
1398087000,7.63,7.76,7.49,7.665,119587
1398173400,7.71,8.212,7.66,8.15,236860
1398259800,8.09,8.24,7.84,7.94,130761
1398346200,8.01,8.3,7.91,8.11,136514
1398432600,8.03,8.04,7.6,7.65,178460
1398691800,7.66,7.74,7.12,7.37,331264
1398778200,7.38,7.475,7.23,7.32,159241
1398864600,7.28,7.62,7.21,7.55,137384
1398951000,7.56,7.84,7.32,7.44,265842
1399037400,7.49,7.49,7.26,7.3,180332
1399296600,7.19,7.41,7.18,7.27,136297
1399383000,7.18,7.37,6.94,6.95,526522
1399469400,7.34,7.98,7.33,7.8,550908
1399555800,7.61,7.99,7.61,7.9,402011
1399642200,7.83,8.06,7.5147,8.02,294447
1399901400,8.02,8.85,8.02,8.44,651450
1399987800,8.45,8.73,8.19,8.36,377090
1400074200,8.35,8.49,8.2,8.21,160476
1400160600,8.15,8.34,7.91,8.09,219757
1400247000,7.99,8.49,7.99,8.39,343355
1400506200,8.37,8.46,8.09,8.245,213369
1400592600,8.22,8.37,7.99,8.08,253881
1400679000,8.14,8.54,8.14,8.54,253814
1400765400,8.55,8.83,8.5201,8.67,442124
1400851800,8.61,9,8.61,8.75,440873
1401197400,8.83,8.99,8.48,8.52,1423569
1401283800,8.46,8.566,8.36,8.42,296316
1401370200,8.38,8.505,8.29,8.43,219047
1401456600,8.45,8.5,8.27,8.45,431114
1401715800,8.43,8.551,8.29,8.43,196135
1401802200,8.4,8.46,8.145,8.38,506564
1401888600,8.34,8.62,8.21,8.59,430873
1401975000,8.51,8.9,8.4,8.87,269229
1402061400,8.9,8.99,8.71,8.78,168975
1402320600,8.8,8.96,8.66,8.78,332760
1402407000,8.89,8.93,8.51,8.61,194147
1402493400,8.57,8.69,8.37,8.44,187641
1402579800,8.45,8.64,8.33,8.39,209324
1402666200,8.43,8.61,8.25,8.43,190563
1402925400,8.38,8.67,8.34,8.57,232266
1403011800,8.6,8.9,8.5,8.66,289585
1403098200,8.75,8.94,8.7,8.8,304928
1403184600,8.81,8.84,8.5,8.66,229379
1403271000,8.72,8.79,8.415,8.47,256987
1403530200,8.49,8.7,8.41,8.48,196337
1403616600,8.5,8.67,8.21,8.38,292849
1403703000,8.3,8.52,8.3,8.51,198635
1403789400,8.49,8.65,8.42,8.5,150687
1403875800,8.49,8.71,8.4,8.49,397168
1404135000,8.52,8.79,8.46,8.55,135508
1404221400,8.49,9.05,8.49,9,559516
1404307800,9.25,9.35,8.8,9.07,784874
1404394200,9.1,9.3953,9.02,9.36,383819
1404739800,9.5,9.96,9.22,9.25,985618
1404826200,9.34,9.38,8.8,9.16,521950
1404912600,9.16,9.34,9.08,9.26,311998
1404999000,9,9.49,8.93,9.17,527432
1405085400,9.19,9.5,9.06,9.34,441427
1405344600,9.49,9.79,9.26,9.69,388913
1405431000,9.69,9.88,9.51,9.54,282858
1405517400,9.61,9.74,9.3827,9.41,232163
1405603800,9.32,9.59,9.17,9.22,277398
1405690200,9.21,9.89,9.1,9.7,547960
1405949400,9.64,11.38,9.61,11.36,1421506
1406035800,11.01,11.71,10.87,11.59,676273
1406122200,11.5,11.51,10.93,11.34,641222
1406208600,11.25,12.19,11.17,11.61,617168
1406295000,11.53,11.6,11.27,11.43,241860
1406554200,10.98,10.98,9.94,10.56,883653
1406640600,10.58,10.715,10.27,10.3,256362
1406727000,10.39,10.52,10.03,10.49,316929
1406813400,10.66,10.9099,10.12,10.3,263932
1406899800,10.23,10.29,9.5,9.82,414442
1407159000,9.86,10.11,9.55,9.72,432284
1407245400,9.56,9.95,9.51,9.7,423614
1407331800,11.5,12.16,10.83,11.06,3005746
1407418200,11.04,11.51,10.81,11.5,645201
1407504600,11.5,11.88,11.316,11.59,521860
1407763800,11.65,12.01,11.55,11.72,508401
1407850200,11.66,11.9699,10.89,11.22,591045
1407936600,11.3,11.807,11.12,11.55,487970
1408023000,11.35,12.47,11.0793,12.39,1923402
1408109400,12.46,12.81,12.04,12.64,978408
1408368600,12.6,13.445,12.6,13.19,1207178
1408455000,13.25,13.61,12.94,13.43,721086
1408541400,13.33,13.76,13.26,13.47,483158
1408627800,13.44,13.6809,13.22,13.5,849699
1408714200,13.65,14.2525,13.39,13.87,952994
1408973400,13.87,13.91,13.41,13.75,451910
1409059800,14.15,15.49,14.06,14.52,1369639
1409146200,15.13,15.13,14.3,14.47,948079
1409232600,14.13,14.28,13.75,13.98,683820
1409319000,14.02,14.22,13.9,14.08,357980
1409664600,14.09,14.49,13.9449,14.41,406295
1409751000,14.47,14.85,14.29,14.59,447767
1409837400,14.53,15.63,14.53,15.28,1043810
1409923800,15.29,15.3399,14.34,15.03,649404
1410183000,15.05,15.79,15.035,15.31,582009
1410269400,15.54,15.98,15.01,15.46,756303
1410355800,15.44,16.29,15.11,16.29,996439
1410442200,16.5,17.17,16.26,16.82,1144242
1410528600,17.31,17.4,16.54,16.79,823700
1410787800,16.84,16.9957,15.74,16.01,627109
1410874200,15.78,17.057,15.78,16.98,711126
1410960600,17.07,17.64,16.9,17.39,876246
1411047000,17.64,17.97,17,17.35,852698
1411133400,17.61,17.7,16.81,16.85,871772
1411392600,16.74,16.86,15.86,16.06,865722
1411479000,15.85,16.5,15.3,15.58,1135028
1411565400,15.57,15.7995,14.25,14.74,2055886
1411651800,14.61,14.84,13.9101,13.98,1591351
1411738200,14.15,14.59,14.05,14.51,1007392
1411997400,14.18,15.27,14.16,15.22,1308398
1412083800,15.16,15.37,14.55,14.99,1099958
1412170200,15,15,14.37,14.44,1171041
1412256600,13.99,14.15,12.26,12.51,2197853
1412343000,12.57,12.98,12.48,12.51,581470
1412602200,12.69,12.77,11.15,11.35,1818565
1412688600,11.32,12.145,11.32,11.66,713812
1412775000,11.66,11.95,10.91,11.93,715560
1412861400,12.06,12.17,11.111,11.23,490081
1412947800,11.12,11.23,10.48,10.55,1273777
1413207000,10.5,10.79,10.13,10.14,601088
1413293400,10.22,10.71,10.044,10.46,625351
1413379800,10.3,11.35,9.95,11.33,753804
1413466200,11.03,12.935,11,12.81,1120843
1413552600,13.1,13.25,11.75,12.02,1636376
1413811800,11.97,12.33,11.8,12.23,428881
1413898200,12.58,13.98,12.5,13.8,927224
1413984600,13.85,14.34,12.96,13.02,1014856
1414071000,13.39,13.82,13.2,13.6,777130
1414157400,13.56,13.7,13.08,13.4,457702
1414416600,13.31,13.4,13,13.14,463308
1414503000,13.27,14.15,13.25,13.85,613398
1414589400,13.98,13.99,13.53,13.94,289558
1414675800,13.85,14.22,13.6,14.13,457144
1414762200,14.7,15.14,14.48,15.02,631646
1415025000,15,15.23,14.8,14.84,638879
1415111400,14.73,15.82,14.4,15.6,1099328
1415197800,14.64,14.79,11.38,12.05,4224941
1415284200,12.17,12.26,11.2,11.41,1495165
1415370600,11.55,12.228,11.42,11.8,1140467
1415629800,11.76,11.9755,11.14,11.23,847538
1415716200,11.22,11.27,10.31,10.49,1311055
1415802600,10.32,10.66,9.86,10.63,1431626
1415889000,10.63,10.79,10.45,10.64,625773
1415975400,10.6,11.08,10.31,11.06,699591
1416234600,10.89,11.1499,10.5,10.6,512785
1416321000,10.65,11.19,10.64,11.09,540290
1416407400,11.33,11.337,10.6594,10.7,529933
1416493800,10.66,11.22,10.57,11.08,509839
1416580200,11.36,11.84,11.1,11.475,690249
1416839400,11.37,11.68,11.15,11.56,613400
1416925800,11.67,11.82,11.28,11.445,307183
1417012200,11.44,11.59,11.34,11.44,378258
1417185000,11.39,11.43,10.39,10.51,592043
1417444200,10.5,10.74,10.09,10.5,694759
1417530600,10.5,11.74,10.5,11.65,767268
1417617000,11.69,12.25,11.6001,12.2,672877
1417703400,12.21,12.21,11.47,11.85,562294
1417789800,11.92,12.91,11.87,12.86,734108
1418049000,12.72,13.02,12.25,12.3,1163871
1418135400,12.07,12.83,11.59,12.8,608911
1418221800,12.66,13.15,12.224,12.75,822266
1418308200,12.58,13.11,12.47,12.55,549512
1418394600,12.39,12.97,12.16,12.45,461232
1418653800,12.57,12.66,11.86,12.38,682154
1418740200,12.04,13,11.9,12.46,516057
1418826600,12.55,13.47,12.4,13.44,594827
1418913000,13.73,14.16,13.5,13.995,658119
1418999400,13.95,14.17,13.4095,14.08,776633
1419258600,14.05,14.9,14,14.6,606812
1419345000,14.69,14.8499,13.99,14.4,498519
1419431400,14.39,14.69,14.17,14.38,154452
1419604200,14.53,14.87,14.25,14.82,208225
1419863400,14.77,14.9399,14.11,14.3,350850
1419949800,14.16,14.44,14.05,14.09,470625
1420036200,14.11,14.55,13.91,14.29,553279
1420209000,14.3,14.71,13.57,14.21,836200
1420468200,14.04,14.54,13.88,13.88,720276
1420554600,13.92,14.14,12.41,12.94,922002
1420641000,12.41,12.48,11.25,11.4,2316855
1420727400,11.81,12.35,11.553,11.73,908875
1420813800,11.73,12.375,11.5,11.53,951927
1421073000,11.56,11.8063,10.87,10.91,1055940
1421159400,11.01,11.64,10.8801,11.03,1084225
1421245800,10.87,11.57,10.71,10.81,1226520
1421332200,10.9,11.01,10.195,10.27,893215
1421418600,10.35,10.8,10.2,10.78,977920
1421764200,10.69,10.8863,10.3226,10.6,485407
1421850600,10.46,10.85,10.39,10.43,558540
1421937000,10.51,11.02,10.4,11.01,786106
1422023400,11.03,11.9,10.91,11.84,991972
1422282600,11.84,12.37,11.64,12.11,741810
1422369000,11.65,12.14,11.5,12.13,672871
1422455400,12.15,12.39,11.93,12.09,509090
1422541800,12.2,13.35,11.86,12.98,918324
1422628200,12.85,13.13,12.3,12.39,577085
1422887400,12.4,13.29,12.24,13.17,575452
1422973800,13.23,14.0825,13.17,13.66,977801
1423060200,13.5,13.73,13.1,13.3,539314
1423146600,13.46,13.65,13.23,13.58,383160
1423233000,13.58,13.98,13.4,13.86,444372
1423492200,13.85,14.78,13.64,14.47,852454
1423578600,14.68,14.75,14.11,14.46,502693
1423665000,14.38,14.94,14.328,14.79,688999
1423751400,14.91,15.05,14.611,14.78,613996
1423837800,14.93,15.17,14.6,15.15,582476
1424183400,15,15,13.67,13.92,1095545
1424269800,15.2,15.2,13.26,14.065,2638338
1424356200,13.76,14.03,12.87,13.58,1283162
1424442600,13.14,13.4,13.14,13.3,729216
1424701800,13.31,13.7,13.17,13.51,607252
1424788200,13.78,14.19,13.56,13.77,726235
1424874600,13.91,14,13.7001,13.87,380209
1424961000,13.59,13.86,13.3,13.61,474748
1425047400,13.64,13.85,13.42,13.78,401401
1425306600,13.86,14.02,13.48,13.81,514834
1425393000,13.77,13.88,13.31,13.37,414602
1425479400,13.32,13.88,13.29,13.61,535713
1425565800,13.74,14.5,13.68,14.33,743937
1425652200,14.3,15.25,14.27,15.1,1283786
1425907800,15.23,15.23,13.85,14.18,828100
1425994200,14.04,14.138,12.77,13.1,1160238
1426080600,13.16,13.41,12.3775,12.51,1242963
1426167000,12.8,13.3,12.61,13.27,1075542
1426253400,13.18,13.4,13,13.25,529416
1426512600,13.11,13.585,13,13.09,684814
1426599000,12.97,13.26,12.97,13.25,946477
1426685400,13.1,13.2628,12.63,12.67,955917
1426771800,12.68,13,12.65,12.87,660056
1426858200,12.94,13.01,12.17,12.48,1282334
1427117400,12.87,12.87,12.09,12.6,900588
1427203800,12.67,12.84,12.21,12.25,919852
1427290200,12.35,12.54,11.715,11.87,843701
1427376600,11.88,12.82,11.88,12.23,1057751
1427463000,12.55,13.21,12.435,13.09,1035810
1427722200,13.21,13.31,12.65,13.22,1155851
1427808600,13.1,13.56,13.073,13.19,604434
1427895000,13.21,13.48,12.7,13.07,664597
1427981400,13.01,13.62,13.01,13.36,559500
1428327000,13.27,13.52,12.89,12.95,369740
1428413400,13.3,13.338,12.94,13.27,539820
1428499800,13.22,13.29,12.71,12.91,565882
1428586200,12.96,13.24,12.76,13.22,274577
1428672600,13.26,13.38,13.1,13.23,337016
1428931800,13.24,13.565,13.22,13.35,232275
1429018200,13.34,13.45,12.965,13.02,494344
1429104600,13.6,13.96,13.49,13.65,897907
1429191000,13.6,14.17,13.31,13.99,708881
1429277400,13.93,14,13.4,13.65,620148
1429536600,13.7,13.72,13.14,13.31,495759
1429623000,13.35,13.6,13.31,13.35,231675
1429709400,13.38,13.51,13.1,13.38,302377
1429795800,13.34,13.98,13.34,13.9,617391
1429882200,13.94,13.95,13.32,13.47,488149
1430141400,13.54,13.6,12.85,13,668330
1430227800,13.05,13.32,12.81,13.21,636456
1430314200,13.11,13.2599,12.76,12.85,418954
1430400600,12.81,12.965,12.31,12.57,806204
1430487000,12.39,13.14,11.99,12.75,1302490
1430746200,12.89,12.9,12.1,12.18,1169430
1430832600,12.21,12.5,11.85,12.11,1283746
1430919000,11.38,11.52,10.39,10.62,3472692
1431005400,10.78,11.2,10.7,10.92,1416385
1431091800,11,11.06,9.935,10.26,2085276
1431351000,10.34,10.74,10.1,10.58,1040892
1431437400,10.43,10.52,10.06,10.2,750919
1431523800,10.25,10.43,9.75,9.82,1265557
1431610200,9.89,10.1,9.3104,10.09,1146860
1431696600,10.34,10.62,9.81,10.54,1201553
1431955800,10.41,10.82,10.37,10.71,997205
1432042200,11.2,11.5,10.22,10.37,1644728
1432128600,10.39,10.54,9.96,10.09,744786
1432215000,10.1,10.15,9.76,10.01,774650
1432301400,10,10.2,9.82,9.95,792721
1432647000,9.91,10.12,9.67,9.79,452477
1432733400,9.79,9.93,9.5699,9.9,518448
1432819800,9.95,10.1,9.66,9.82,597076
1432906200,9.81,9.8196,9.45,9.47,674462
1433165400,9.52,9.63,9.03,9.29,1127232
1433251800,9.34,10.03,9.3,9.77,805624
1433338200,9.81,9.996,9.75,9.89,458331
1433424600,9.7,9.7,9.15,9.26,1076552
1433511000,9.01,9.25,8.87,9.13,1228135
1433770200,9.11,9.29,8.9,8.99,540345
1433856600,8.93,9.04,8.55,8.86,623613
1433943000,8.9,9.11,8.76,8.79,531590
1434029400,8.77,9.18,8.76,9.03,453307
1434115800,9.01,9.26,8.98,9.15,532959
1434375000,8.97,9.118,8.85,8.97,920072
1434461400,8.97,9.21,8.97,9.07,624422
1434547800,9.1,9.25,8.97,9.05,540517
1434634200,9.06,9.15,8.95,9,453952
1434720600,9,9.2,8.8901,9.09,1091709
1434979800,9.31,9.36,8.8,8.89,553838
1435066200,8.89,9.06,8.86,8.87,417246
1435152600,8.85,8.87,8.51,8.68,525022
1435239000,8.72,8.79,8.45,8.5,592321
1435325400,8.48,8.48,7.96,8.06,1759146
1435584600,7.99,8.08,7.67,7.84,976117
1435671000,7.95,7.95,7.54,7.61,678845
1435757400,7.7,7.86,7.47,7.61,575440
1435843800,7.62,7.75,7.54,7.62,447111
1436189400,7.53,7.55,7.2,7.45,775545
1436275800,7.45,7.58,7.17,7.57,908743
1436362200,7.17,7.35,6.15,6.2,2310491
1436448600,6.46,6.84,5.75,5.87,2326601
1436535000,6.17,6.26,5.945,5.99,1230946
1436794200,6.02,6.45,6.02,6.33,1115283
1436880600,6.36,6.72,6.34,6.68,1077749
1436967000,6.65,6.71,6.12,6.3,774594
1437053400,6.31,6.44,6.12,6.33,1256155
1437139800,6.35,6.51,6.26,6.45,1186718
1437399000,6.58,6.66,6.15,6.16,948038
1437485400,6.09,6.278,6.03,6.21,674185
1437571800,6.16,6.22,5.84,5.88,595321
1437658200,5.79,5.92,5.55,5.72,1211523
1437744600,5.72,5.85,5.59,5.76,710410
1438003800,5.61,5.72,5.42,5.64,507834
1438090200,5.8,5.9,5.51,5.63,580102
1438176600,5.6,5.99,5.595,5.97,483803
1438263000,5.98,6.25,5.78,5.99,680894
1438349400,6,6.18,5.86,5.91,585041
1438608600,5.97,5.97,5.44,5.47,806623
1438695000,5.47,5.66,5.38,5.64,866698
1438781400,6,7.1,5.76,6.98,2645584
1438867800,6.96,7,6.45,6.84,1560342
1438954200,6.82,6.9,6.08,6.24,1427544
1439213400,6.41,6.45,5.98,6.14,837028
1439299800,5.95,6.11,5.66,5.67,676709
1439386200,5.46,5.6,5.1,5.57,1378231
1439472600,5.55,5.87,5.43,5.44,570909
1439559000,5.48,5.66,5.43,5.5,411278
1439818200,5.49,5.62,5.33,5.6,469935
1439904600,5.36,5.53,4.95,5.01,1127645
1439991000,4.99,5.07,4.86,4.97,450547
1440077400,4.9,4.91,4.47,4.51,787009
1440163800,4.52,4.6099,4.24,4.42,931421
1440423000,4.01,5.18,3.9,4.86,1652591
1440509400,5.1,5.26,4.33,4.34,1337782
1440595800,4.45,4.7,4.28,4.48,909965
1440682200,4.5,4.7365,4.39,4.63,663185
1440768600,4.66,4.73,4.49,4.58,716761
1441027800,4.57,4.89,4.57,4.6,1073646
1441114200,4.57,4.68,4.38,4.42,828927
1441200600,4.44,4.56,4.305,4.42,785238
1441287000,4.78,4.78,4.38,4.46,1154441
1441373400,4.38,4.59,4.27,4.49,797305
1441719000,4.59,4.75,4.58,4.6,673526
1441805400,4.67,4.82,4.4,4.44,798552
1441891800,4.43,4.51,4.33,4.4,711667
1441978200,4.33,4.51,4.29,4.49,642180
1442237400,4.46,4.5,4.38,4.42,344361
1442323800,4.38,4.51,4.355,4.48,657371
1442410200,4.51,4.7299,4.505,4.63,709522
1442496600,4.6,4.76,4.44,4.63,864146
1442583000,4.55,4.66,4.45,4.66,682226
1442842200,4.63,4.69,4.35,4.39,717038
1442928600,4.38,4.43,4.15,4.17,684813
1443015000,4.15,4.35,4.02,4.03,528115
1443101400,3.98,4.06,3.76,3.97,850367
1443187800,4.04,4.13,3.825,3.9,851924
1443447000,3.87,3.87,3.42,3.62,808559
1443533400,3.63,3.69,3.49,3.55,796694
1443619800,3.55,3.78,3.55,3.7,541696
1443706200,3.76,3.8299,3.51,3.65,550051
1443792600,3.66,4.08,3.59,4.07,406038
1444051800,4.19,4.665,4.17,4.64,855885
1444138200,4.62,4.81,4.52,4.77,667807
1444224600,4.82,5.09,4.75,5.05,634763
1444311000,5.05,5.25,4.885,5.22,562373
1444397400,5.21,5.3699,5.08,5.16,504720
1444656600,5.16,5.22,4.9,5.08,377401
1444743000,5.01,5.16,4.86,4.88,592865
1444829400,4.9,5.07,4.82,4.99,540689
1444915800,5.04,5.22,4.97,5.21,845940
1445002200,5.19,5.22,4.86,4.96,932744
1445261400,4.9,5.11,4.82,4.98,499649
1445347800,4.37,4.51,3.72,3.75,2220342
1445434200,4.01,4.37,3.95,3.98,1206120
1445520600,3.99,4.04,3.73,3.83,760466
1445607000,3.9,4.018,3.77,3.87,435270
1445866200,3.94,4.25,3.905,4.03,747568
1445952600,3.96,4.098,3.49,3.5,1308262
1446039000,3.54,3.82,3.53,3.7,774020
1446125400,3.7,3.79,3.65,3.7,657185
1446211800,3.67,3.7,3.36,3.6,1695926
1446474600,3.61,3.71,3.27,3.49,1552154
1446561000,3.49,3.755,3.38,3.72,1526384
1446647400,2.27,2.45,2.17,2.33,7295848
1446733800,2.4,2.44,2.19,2.3,2498718
1446820200,2.27,2.27,2.06,2.19,2836811
1447079400,2.16,2.18,2.08,2.1,1371768
1447165800,2.13,2.13,1.82,1.92,1977744
1447252200,1.93,1.9399,1.85,1.87,897635
1447338600,1.83,1.93,1.82,1.855,788252
1447425000,1.84,1.93,1.84,1.88,526928
1447684200,1.88,2.13,1.88,2.12,1009754
1447770600,2.18,2.2,1.85,1.89,1162719
1447857000,1.95,1.98,1.86,1.9,813578
1447943400,1.87,1.9,1.7,1.725,1035450
1448029800,1.71,1.7399,1.6311,1.71,722491
1448289000,1.71,1.77,1.68,1.69,458797
1448375400,1.69,1.79,1.6652,1.73,603226
1448461800,1.73,1.8,1.69,1.75,637919
1448634600,1.76,1.79,1.74,1.77,127439
1448893800,1.8,1.81,1.66,1.67,1140428
1448980200,1.67,1.97,1.67,1.89,997884
1449066600,1.9,2.07,1.85,2.02,835626
1449153000,2.05,2.21,2.0116,2.13,1207052
1449239400,2.11,2.22,2.01,2.08,715363
1449498600,2.1,2.29,2.01,2.26,1136537
1449585000,2.2,2.3,2.04,2.105,836460
1449671400,2.09,2.27,2.05,2.22,721375
1449757800,2.23,2.23,2.01,2.15,647749
1449844200,2.13,2.16,2.05,2.1,358080
1450103400,2.13,2.27,2.02,2.23,850378
1450189800,2.25,2.53,2.21,2.41,1389980
1450276200,2.9,4.5,2.89,3.34,9972677
1450362600,3.54,3.67,3.15,3.16,3035346
1450449000,3.25,3.5556,2.97,3.01,3739225
1450708200,3.2,3.72,3.1,3.59,2602819
1450794600,3.65,3.98,3.44,3.54,2483698
1450881000,3.64,3.86,3.5,3.68,1401893
1450967400,3.66,3.85,3.6,3.62,530595
1451313000,3.58,3.6099,3.37,3.59,769288
1451399400,3.66,3.83,3.4,3.46,882397
1451485800,3.54,3.72,3.45,3.5,978176
1451572200,3.51,3.595,3.4,3.51,618222
1451917800,3.43,3.56,3.19,3.49,750162
1452004200,3.63,3.73,3.35,3.35,1152681
1452090600,3.3,3.35,3.08,3.16,748880
1452177000,3.02,3.158,2.93,3,1007345
1452263400,3.1,3.17,2.9,2.99,997386
1452522600,3,3.05,2.73,2.8,908797
1452609000,2.83,2.92,2.42,2.71,1159195
1452695400,2.68,2.865,2.42,2.5,610299
1452781800,2.49,2.49,2.25,2.35,811772
1452868200,2.25,2.32,2.05,2.19,1084783
1453213800,2.27,2.35,2.07,2.19,884911
1453300200,2.1,2.134,1.97,2.04,1019600
1453386600,2.1,2.55,2.0375,2.46,1016379
1453473000,2.55,2.6,2.31,2.36,578234
1453732200,2.43,2.5,2.25,2.31,530747
1453818600,2.35,2.41,2.21,2.34,298246
1453905000,2.31,2.404,2.23,2.26,344721
1453991400,2.34,2.46,2.26,2.31,417061
1454077800,2.33,2.44,2.32,2.43,364140
1454337000,2.44,2.49,2.27,2.39,247814
1454423400,2.21,2.25,2.12,2.21,402812
1454509800,2.22,2.4,2.22,2.31,439118
1454596200,2.35,2.4,2.28,2.31,362817
1454682600,2.32,2.37,2.12,2.13,492194
1454941800,2.12,2.19,2,2.09,765723
1455028200,2.04,2.08,1.9,1.94,638602
1455114600,2,2.08,1.85,1.9,583605
1455201000,1.84,1.88,1.7601,1.83,541702
1455287400,1.88,1.98,1.83,1.95,506185
1455633000,2.07,2.18,1.93,2.13,518438
1455719400,2.12,2.29,2.06,2.24,428896
1455805800,2.26,2.26,2.03,2.1,424086
1455892200,2.08,2.19,2.03,2.14,347871
1456151400,2.14,2.24,2.09,2.21,308993
1456237800,2.22,2.41,2.21,2.35,712856
1456324200,1.85,2.05,1.8,1.98,1379857
1456410600,1.95,1.99,1.83,1.96,671367
1456497000,1.92,2.02,1.9,1.92,678849
1456756200,1.93,2.5916,1.93,2.33,1366590
1456842600,2.45,2.6,2.36,2.44,758866
1456929000,2.44,2.635,2.44,2.61,746773
1457015400,2.65,3.36,2.6294,3.33,1412498
1457101800,3.3,3.3005,2.95,3.05,819021
1457361000,3.09,3.4283,3.05,3.3,771715
1457447400,3.29,3.3,2.87,2.92,694778
1457533800,2.95,3.17,2.93,3.11,446770
1457620200,3.17,3.2,2.91,2.94,416550
1457706600,2.91,2.995,2.81,2.94,540527
1457962200,2.88,2.93,2.79,2.82,340106
1458048600,2.78,2.81,2.61,2.67,306514
1458135000,2.66,2.67,2.4,2.56,789763
1458221400,2.61,2.77,2.575,2.7,316046
1458307800,2.77,2.82,2.6,2.63,531178
1458567000,2.62,2.69,2.46,2.54,270145
1458653400,2.5,2.6,2.435,2.46,308596
1458739800,2.45,2.494,2.25,2.26,540549
1458826200,2.29,2.29,2.13,2.21,551735
1459171800,2.2,2.2,2.05,2.13,494117
1459258200,2.11,2.16,2.01,2.14,445406
1459344600,2.21,2.42,2.15,2.29,469604
1459431000,2.27,2.38,2.25,2.33,499523
1459517400,2.35,2.41,2.32,2.39,381260
1459776600,2.48,2.66,2.41,2.57,660947
1459863000,2.6,2.69,2.515,2.59,330006
1459949400,2.58,2.61,2.4,2.575,388045
1460035800,2.55,2.5999,2.42,2.45,295709
1460122200,2.51,2.6,2.25,2.31,347986
1460381400,2.31,2.4999,2.31,2.32,166646
1460467800,2.31,2.45,2.23,2.39,317639
1460554200,2.39,2.58,2.35,2.56,464027
1460640600,2.55,2.8,2.55,2.71,406916
1460727000,2.68,2.74,2.5,2.57,255579
1460986200,2.51,2.69,2.46,2.63,184851
1461072600,2.6,2.73,2.5,2.53,276612
1461159000,2.53,2.605,2.49,2.54,177742
1461245400,2.55,2.645,2.41,2.49,387782
1461331800,2.48,2.59,2.48,2.57,179260
1461591000,2.58,2.67,2.46,2.5,350333
1461677400,2.52,2.69,2.5001,2.64,328194
1461763800,2.62,2.78,2.6197,2.68,194159
1461850200,2.63,2.6999,2.57,2.58,148391
1461936600,2.61,2.668,2.45,2.51,274322
1462195800,2.51,2.59,2.41,2.56,212354
1462282200,2.41,2.564,2.37,2.46,939600
1462368600,2.25,2.4866,2.05,2.1,926257
1462455000,2.24,2.24,2.06,2.08,427855
1462541400,2.1,2.13,1.89,1.92,1012053
1462800600,1.98,2.17,1.9,1.93,517173
1462887000,1.9,1.98,1.87,1.94,537715
1462973400,1.91,1.98,1.88,1.9,285267
1463059800,1.91,1.94,1.78,1.8,602648
1463146200,1.79,1.79,1.75,1.77,305671
1463405400,1.8,1.87,1.73,1.81,278257
1463491800,1.8,1.91,1.78,1.79,275434
1463578200,1.78,1.89,1.75,1.85,373642
1463664600,1.84,1.85,1.76,1.84,263975
1463751000,1.86,1.87,1.84,1.85,136011
1464010200,1.85,2.04,1.85,1.98,354551
1464096600,2,2,1.92,1.94,205774
1464183000,1.97,2.05,1.9,2.05,326832
1464269400,2.08,2.08,1.97,2.01,225649
1464355800,2,2.15,2,2.11,241924
1464701400,2.11,2.18,2.08,2.09,240543
1464787800,2.06,2.1,1.98,2.09,196514
1464874200,2.08,2.13,2.055,2.09,219884
1464960600,2.06,2.1,1.99,2.01,294732
1465219800,2.01,2.38,2.01,2.29,636359
1465306200,2.28,2.3,2.21,2.23,193340
1465392600,2.23,2.27,2.18,2.23,199488
1465479000,2.21,2.21,2.09,2.1,157902
1465565400,2.09,2.14,2.03,2.03,221183
1465824600,2.02,2.02,1.9,1.94,559372
1465911000,2.02,2.06,1.9288,2,173832
1465997400,2,2.09,1.97,2.07,256274
1466083800,2.05,2.06,2,2.01,200839
1466170200,2.03,2.17,2.02,2.12,406785
1466429400,2.15,2.18,2.1,2.14,187776
1466515800,2.13,2.2,2.1,2.15,268033
1466602200,2.15,2.18,2.11,2.13,145186
1466688600,2.16,2.3,2.12,2.28,378362
1466775000,2.08,2.29,2.05,2.08,2879809
1467034200,2.04,2.09,1.9,1.91,602061
1467120600,1.95,1.9999,1.91,1.95,272535
1467207000,1.99,2.02,1.89,1.89,366302
1467293400,1.93,2.01,1.91,1.99,325990
1467379800,1.95,1.9999,1.91,1.96,295705
1467725400,1.93,1.96,1.87,1.9,287526
1467811800,1.9,1.94,1.85,1.89,187923
1467898200,1.89,1.95,1.86,1.89,240616
1467984600,1.89,2,1.89,1.96,328329
1468243800,1.98,2.14,1.98,2.06,612639
1468330200,2.09,2.1,1.97,2.05,366484
1468416600,2.04,2.05,1.93,1.96,323924
1468503000,1.97,1.9892,1.9,1.9,545709
1468589400,1.87,1.9,1.86,1.88,391406
1468848600,1.87,1.91,1.87,1.89,278336
1468935000,1.9,1.9,1.78,1.82,532945
1469021400,1.82,1.87,1.78,1.84,334872
1469107800,1.86,1.9,1.84,1.85,265977
1469194200,1.85,1.88,1.84,1.85,153369
1469453400,1.85,1.88,1.76,1.76,367703
1469539800,1.76,1.86,1.76,1.78,188364
1469626200,1.77,1.9,1.77,1.81,186084
1469712600,1.82,1.84,1.79,1.8,184428
1469799000,1.8,1.8277,1.77,1.8,144171
1470058200,1.77,1.85,1.77,1.81,274070
1470144600,1.81,1.82,1.78,1.79,231602
1470231000,1.77,1.95,1.75,1.79,290765
1470317400,1.8,1.83,1.77,1.8,206107
1470403800,1.81,1.89,1.81,1.89,318708
1470663000,1.88,1.9467,1.88,1.925,402986
1470749400,1.94,2,1.93,1.98,223963
1470835800,1.95,2,1.83,1.83,530369
1470922200,1.82,1.875,1.78,1.78,248079
1471008600,1.77,1.8,1.75,1.78,254340
1471267800,1.81,1.89,1.81,1.89,283946
1471354200,1.78,1.89,1.78,1.82,171035
1471440600,1.84,1.85,1.81,1.83,185893
1471527000,1.84,1.9,1.81,1.89,243805
1471613400,1.88,1.99,1.8504,1.95,349857
1471872600,1.94,1.94,1.87,1.9,142980
1471959000,1.89,1.93,1.88,1.92,167512
1472045400,1.92,1.96,1.85,1.87,179109
1472131800,1.83,1.8725,1.83,1.84,121147
1472218200,1.84,1.87,1.8,1.81,146402
1472477400,1.8,1.86,1.8,1.84,136935
1472563800,1.86,1.86,1.8,1.84,167582
1472650200,1.85,1.85,1.8,1.82,103560
1472736600,1.83,1.83,1.79,1.82,212417
1472823000,1.83,1.83,1.79,1.82,85019
1473168600,1.81,1.86,1.81,1.85,245768
1473255000,1.82,1.86,1.81,1.82,130150
1473341400,1.82,1.83,1.78,1.8,231466
1473427800,1.81,1.82,1.775,1.8,145691
1473687000,1.81,1.81,1.75,1.8,193095
1473773400,1.8,1.81,1.75,1.75,158538
1473859800,1.86,1.86,1.68,1.7,300850
1473946200,1.68,1.74,1.66,1.67,309205
1474032600,1.66,1.66,1.28,1.44,1083120
1474291800,1.47,1.53,1.46,1.48,308113
1474378200,1.52,1.52,1.4,1.4,254635
1474464600,1.42,1.49,1.37,1.48,433424
1474551000,1.5,1.72,1.496,1.67,494339
1474637400,1.17,1.26,1.16,1.2,8098731
1474896600,1.22,1.25,1.19,1.2,1774610
1474983000,1.2,1.23,1.18,1.2,1146968
1475069400,1.21,1.21,1.19,1.19,843850
1475155800,1.2,1.25,1.19,1.2,2276501
1475242200,1.2,1.2,1.17,1.18,526726
1475501400,1.19,1.2,1.19,1.19,602007
1475587800,1.2,1.22,1.18,1.2,784957
1475674200,1.19,1.22,1.18,1.19,654081
1475760600,1.2,1.22,1.19,1.21,668125
1475847000,1.22,1.22,1.16,1.16,990928
1476106200,1.19,1.19,1.04,1.06,1628526
1476192600,1.02,1.14,1.02,1.07,1017183
1476279000,1.1,1.1,1.02,1.09,659948
1476365400,1.1,1.11,1.07,1.1,294361
1476451800,1.12,1.16,1.09,1.14,1286588
1476711000,1.16,1.16,1.13,1.15,517418
1476797400,1.15,1.18,1.13,1.13,694516
1476883800,1.13,1.13,1.11,1.12,472978
1476970200,1.14,1.2,1.1,1.15,609726
1477056600,1.17,1.22,1.15,1.16,756733
1477315800,1.22,1.22,1.13,1.14,909988
1477402200,1.13,1.17,1.1,1.11,625860
1477488600,1.12,1.12,1.03,1.06,804642
1477575000,1.05,1.09,1.02,1.09,646787
1477661400,1.09,1.12,1.03,1.07,916759
1477920600,1.07,1.075,0.98,1,983534
1478007000,0.99,1.03,0.986,1.01,594954
1478093400,1.1,1.24,1.06,1.17,2568180
1478179800,1.21,1.21,1.16,1.2,869065
1478266200,1.19,1.2,1.1,1.17,582089
1478529000,1.2,1.23,1.14,1.16,946414
1478615400,1.2,1.2,1.13,1.2,615152
1478701800,1.04,1.15,1.03,1.11,760162
1478788200,1.09,1.13,1.08,1.12,361459
1478874600,1.09,1.18,1.0701,1.14,352501
1479133800,1.17,1.2,1.12,1.14,458784
1479220200,1.15,1.17,1.05,1.05,901380
1479306600,1.05,1.14,1.05,1.11,332805
1479393000,1.11,1.15,1.11,1.13,222268
1479479400,1.1,1.13,1.09,1.1,215615
1479738600,1.1,1.12,1.07,1.08,442338
1479825000,1.07,1.15,1.07,1.09,266147
1479911400,1.11,1.15,1.1,1.14,378214
1480084200,1.14,1.14,1.1,1.14,156695
1480343400,1.1,1.13,1.1,1.13,131843
1480429800,1.11,1.13,1.1,1.12,196333
1480516200,1.12,1.13,1.09,1.12,199908
1480602600,1.12,1.12,1.0931,1.11,385570
1480689000,1.11,1.15,1.09,1.14,349813
1480948200,1.15,1.16,1.1,1.15,609188
1481034600,1.25,1.5,1.25,1.37,5971347
1481121000,1.48,1.48,1.3,1.32,1173092
1481207400,1.31,1.37,1.25,1.34,642828
1481293800,1.36,1.3626,1.28,1.32,315501
1481553000,1.3,1.32,1.25,1.25,424347
1481639400,1.3,1.3,1.25,1.28,373294
1481725800,1.28,1.31,1.2,1.2,400366
1481812200,1.22,1.22,1.15,1.18,453363
1481898600,1.16,1.26,1.16,1.24,425491
1482157800,1.22,1.31,1.22,1.3,315605
1482244200,1.33,1.33,1.27,1.27,412803
1482330600,1.26,1.2899,1.21,1.21,362892
1482417000,1.23,1.2499,1.2,1.23,240616
1482503400,1.17,1.22,1.09,1.13,1607181
1482849000,1.1,1.13,1.05,1.06,797933
1482935400,1.05,1.06,0.95,0.9801,2352253
1483021800,0.9593,0.9949,0.95,0.97,828389
1483108200,0.97,1.02,0.97,1.01,600629
1483453800,1.02,1.05,1.01,1.05,445861
1483540200,1.09,1.15,1.05,1.15,903137
1483626600,1.19,1.19,1.11,1.12,308693
1483713000,1.12,1.14,1.08,1.11,259696
1483972200,1.1,1.11,1.08,1.11,180762
1484058600,1.09,1.13,1.09,1.13,378413
1484145000,1.35,1.45,1.28,1.44,3789179
1484231400,1.44,1.44,1.3,1.36,1082704
1484317800,1.36,1.69,1.332,1.54,2873947
1484663400,1.56,1.85,1.5,1.65,3091296
1484749800,1.68,1.99,1.66,1.89,2999513
1484836200,1.93,1.99,1.6,1.78,2147940
1484922600,1.76,1.9,1.7,1.85,693447
1485181800,1.88,1.9,1.68,1.7,1030125
1485268200,1.69,1.7,1.59,1.66,894293
1485354600,1.66,1.76,1.66,1.71,852088
1485441000,1.68,1.71,1.61,1.64,568760
1485527400,1.6,1.675,1.56,1.6,671472
1485786600,1.57,1.6,1.45,1.49,818526
1485873000,1.45,1.54,1.45,1.49,1340052
1485959400,1.5,1.542,1.46,1.51,394384
1486045800,1.5,1.53,1.45,1.47,310120
1486132200,1.44,1.4695,1.43,1.43,713013
1486391400,1.39,1.43,1.38,1.42,400337
1486477800,1.4,1.47,1.4,1.45,523512
1486564200,1.42,1.59,1.4101,1.54,1238733
1486650600,1.56,1.65,1.55,1.56,1104388
1486737000,1.58,1.63,1.55,1.56,1270843
1486996200,1.56,1.59,1.47,1.51,826343
1487082600,1.52,1.53,1.47,1.5,772065
1487169000,1.52,1.61,1.52,1.6,1097422
1487255400,1.61,1.63,1.54,1.61,950768
1487341800,1.65,1.67,1.59,1.64,1206476
1487687400,1.69,1.73,1.65,1.69,1602298
1487773800,1.7,1.72,1.61,1.61,989992
1487860200,1.61,1.69,1.61,1.69,485125
1487946600,1.69,1.89,1.65,1.86,1468394
1488205800,1.9,2.03,1.83,1.9,1593628
1488292200,1.85,1.91,1.73,1.79,1316418
1488378600,1.55,1.68,1.5,1.61,4192143
1488465000,1.59,1.61,1.49,1.53,979993
1488551400,1.55,1.56,1.45,1.47,846304
1488810600,1.45,1.48,1.33,1.355,1349925
1488897000,1.33,1.35,1.27,1.28,926189
1488983400,1.26,1.33,1.21,1.22,851446
1489069800,1.23,1.26,1.135,1.14,1341824
1489156200,1.14,1.345,1.14,1.33,1642439
1489411800,1.34,1.35,1.215,1.23,638977
1489498200,1.22,1.3367,1.2,1.28,627260
1489584600,1.27,1.37,1.25,1.37,629809
1489671000,1.38,1.4,1.34,1.37,425645
1489757400,1.38,1.4,1.35,1.4,527420
1490016600,1.39,1.39,1.32,1.34,543894
1490103000,1.36,1.36,1.25,1.25,679873
1490189400,1.25,1.265,1.2,1.24,1151133
1490275800,1.24,1.2699,1.22,1.24,510798
1490362200,1.23,1.27,1.22,1.24,391881
1490621400,1.25,1.28,1.24,1.24,482576
1490707800,1.25,1.26,1.21,1.25,357741
1490794200,1.25,1.3,1.25,1.3,384100
1490880600,1.29,1.37,1.29,1.35,408088
1490967000,1.36,1.39,1.3201,1.37,504042
1491226200,1.39,1.4,1.36,1.37,241924
1491312600,1.38,1.4,1.35,1.4,235275
1491399000,1.4,1.4,1.28,1.29,275422
1491485400,1.3,1.37,1.27,1.35,343984
1491571800,1.35,1.37,1.3,1.36,249002
1491831000,1.35,1.38,1.33,1.35,301453
1491917400,1.34,1.4101,1.3,1.34,468777
1492003800,1.39,1.39,1.32,1.34,357501
1492090200,1.34,1.36,1.3,1.31,252864
1492435800,1.3,1.37,1.29,1.31,440223
1492522200,1.32,1.32,1.21,1.26,597650
1492608600,1.26,1.295,1.18,1.19,723204
1492695000,1.2,1.25,1.16,1.18,801619
1492781400,1.19,1.24,1.17,1.23,486891
1493040600,1.25,1.28,1.23,1.28,290141
1493127000,1.28,1.3,1.25,1.29,333190
1493213400,1.27,1.29,1.25,1.27,213799
1493299800,1.26,1.27,1.23,1.24,222786
1493386200,1.22,1.24,1.19,1.19,568744
1493645400,1.19,1.22,1.18,1.2,255799
1493731800,1.2,1.235,1.1,1.23,799483
1493818200,1.22,1.25,1.14,1.16,685145
1493904600,1.2,1.21,1.12,1.12,582572
1493991000,1.14,1.16,1.11,1.16,481346
1494250200,1.19,1.19,1.12,1.17,360396
1494336600,1.17,1.18,1.13,1.15,622555
1494423000,1.05,1.15,1.05,1.06,1354977
1494509400,1.07,1.08,0.92,0.9211,7973821
1494595800,0.9,0.929,0.801002,0.8255,2507668
1494855000,0.8225,0.86,0.75,0.7745,2988241
1494941400,0.7608,0.8,0.731,0.765,1354712
1495027800,0.76,0.77,0.7101,0.7118,1110142
1495114200,0.7,0.71,0.6501,0.699,754514
1495200600,0.71,0.741,0.71,0.724,941499
1495459800,0.739,0.799,0.7332,0.7849,2211761
1495546200,0.8,0.87,0.75,0.7652,1431392
1495632600,0.77,0.77,0.7027,0.7347,491529
1495719000,0.739,0.739,0.705,0.7273,340115
1495805400,0.7225,0.7448,0.702,0.7194,414922
1496151000,0.7007,0.7545,0.7,0.75,727978
1496237400,0.7462,0.786,0.74,0.76,1012289
1496323800,0.76,0.777,0.755,0.7752,491988
1496410200,0.78,0.8296,0.7752,0.824,838940
1496669400,0.83,0.85,0.7717,0.7804,691446
1496755800,0.77,0.7989,0.75,0.755,421912
1496842200,0.76,0.82,0.76,0.765,560273
1496928600,0.7783,0.8,0.77,0.7949,399995
1497015000,0.79,0.81,0.77,0.7815,347144
1497274200,0.79,0.7984,0.7715,0.7728,221512
1497360600,0.77,0.83,0.76,0.8199,604281
1497447000,0.8219,0.83,0.78,0.7964,766830
1497533400,0.78,0.8168,0.78,0.7901,541021
1497619800,0.8,0.811,0.77,0.77,883670
1497879000,0.84,0.84,0.77,0.7978,807278
1497965400,0.92,0.92,0.803,0.8394,2122607
1498051800,0.83,0.841,0.801,0.8274,689221
1498138200,0.82,0.8691,0.8134,0.868,952245
1498224600,0.87,0.888,0.8302,0.888,534951
1498483800,0.88,0.88,0.85,0.8548,545465
1498570200,0.85,0.87,0.825,0.85,676525
1498656600,0.83,0.865,0.7617,0.865,754568
1498743000,0.85,0.8674,0.8235,0.8468,262987
1498829400,0.8525,0.865,0.833,0.865,434873
1499088600,0.865,0.87,0.85,0.8624,95711
1499261400,0.8595,0.86,0.81,0.8199,290729
1499347800,0.8,0.8449,0.8,0.8221,270736
1499434200,0.8535,0.8535,0.78,0.7987,326503
1499693400,0.7912,0.84,0.789,0.8322,380738
1499779800,0.82,0.8451,0.78,0.7911,864402
1499866200,0.8306,0.8306,0.8,0.8185,573196
1499952600,0.81,0.82,0.79,0.8102,382546
1500039000,0.8165,0.8315,0.8123,0.8249,539142
1500298200,0.827,0.84,0.79,0.795,656228
1500384600,0.7907,0.8189,0.7902,0.8,431508
1500471000,0.8,0.82,0.785,0.7999,690193
1500557400,0.8,0.85,0.7955,0.8449,2157479
1500643800,0.85,0.8989,0.83,0.8633,1241691
1500903000,0.87,0.9,0.86,0.8877,1026454
1500989400,0.9,1.02,0.8999,0.99,2114213
1501075800,1.03,1.07,0.96,1.01,1175530
1501162200,1,1.02,0.93,0.95,649793
1501248600,0.9626,0.9809,0.9225,0.9624,357261
1501507800,0.96,0.98,0.92,0.9353,316571
1501594200,0.9309,0.98,0.91,0.96,467250
1501680600,0.98,0.98,0.93,0.94,446520
1501767000,0.94,0.9901,0.93,0.9402,695764
1501853400,0.95,0.955,0.925,0.926,472095
1502112600,0.93,0.96,0.8675,0.87,681509
1502199000,0.9,0.94,0.8733,0.89,1013169
1502285400,0.95,1.12,0.902,0.928,3801479
1502371800,0.93,0.97,0.82,0.8289,1101606
1502458200,0.83,0.8479,0.81,0.8185,928808
1502717400,0.81,0.843424,0.81,0.8219,581193
1502803800,0.83,0.84,0.7801,0.7849,602797
1502890200,0.7652,0.84,0.76,0.8224,661881
1502976600,0.8,0.85,0.8,0.8225,487200
1503063000,0.84,0.8999,0.80211,0.8666,1013719
1503322200,0.88,0.88,0.835,0.8443,307179
1503408600,0.85,0.87,0.825,0.8375,254041
1503495000,0.8252,0.8699,0.8251,0.855,276640
1503581400,0.87,0.9398,0.8561,0.9149,734652
1503667800,0.9145,0.9398,0.9,0.9375,199874
1503927000,0.9267,0.9364,0.89,0.92,398730
1504013400,0.89,0.93,0.89,0.9174,273400
1504099800,0.92,0.9499,0.905,0.9499,376222
1504186200,0.95,0.95,0.92,0.92,237069
1504272600,0.912,0.985,0.9102,0.9801,519444
1504618200,1,1.09,0.9903,1.09,990481
1504704600,1.14,1.14,1.05,1.11,763434
1504791000,1.11,1.32,1.11,1.3,2059033
1504877400,1.3,1.31,1.2301,1.3,956478
1505136600,1.29,1.3,1.17,1.25,584465
1505223000,1.23,1.3,1.21,1.21,536217
1505309400,1.21,1.35,1.21,1.29,905860
1505395800,1.28,1.34,1.27,1.3,342995
1505482200,1.3,1.53,1.3,1.53,2555888
1505741400,1.58,1.65,1.42,1.51,1671896
1505827800,1.5,1.5315,1.37,1.51,711877
1505914200,1.51,1.67,1.47,1.52,1243622
1506000600,1.53,1.53,1.4,1.41,669356
1506087000,1.43,1.49,1.32,1.41,1194090
1506346200,1.38,1.45,1.29,1.36,819457
1506432600,1.34,1.39,1.32,1.37,270997
1506519000,1.37,1.5,1.3475,1.45,411111
1506605400,1.45,1.56,1.41,1.51,517141
1506691800,1.49,1.58,1.4701,1.52,350778
1506951000,1.53,1.57,1.481,1.53,249265
1507037400,1.53,1.63,1.53,1.59,1181578
1507123800,1.6,1.61,1.52,1.52,387850
1507210200,1.5,1.55,1.43,1.53,485352
1507296600,1.51,1.526,1.45,1.49,281611
1507555800,1.5,1.51,1.43,1.43,529187
1507642200,1.41,1.43,1.33,1.38,1004380
1507728600,1.37,1.43,1.36,1.4,276367
1507815000,1.4,1.5,1.38,1.41,532453
1507901400,1.4,1.43,1.35,1.39,311122
1508160600,1.4,1.44,1.3801,1.41,248981
1508247000,1.43,1.43,1.33,1.37,492486
1508333400,1.38,1.393,1.25,1.26,602910
1508419800,1.28,1.29,1.24,1.29,383777
1508506200,1.287,1.37,1.287,1.37,311761
1508765400,1.37,1.38,1.301,1.32,245503
1508851800,1.33,1.42,1.32,1.33,657966
1508938200,1.32,1.366,1.26,1.27,300052
1509024600,1.28,1.32,1.28,1.32,117972
1509111000,1.32,1.41,1.32,1.36,598152
1509370200,1.42,1.5,1.3978,1.49,951943
1509456600,1.5,1.55,1.45,1.53,519181
1509543000,1.53,1.53,1.38,1.4,406058
1509629400,1.4,1.4682,1.37,1.45,390300
1509715800,1.44,1.5,1.4001,1.48,292652
1509978600,1.5,1.53,1.47,1.49,533024
1510065000,1.51,1.52,1.41,1.46,839222
1510151400,1.61,1.82,1.56,1.75,3199439
1510237800,1.69,1.8731,1.69,1.83,1385605
1510324200,1.84,2.1,1.81,1.965,1900341
1510583400,1.98,2.36,1.96,2.32,2173233
1510669800,2.32,2.44,2.28,2.37,1055950
1510756200,2.37,2.72,2.31,2.61,1911173
1510842600,2.6,2.98,2.32,2.78,2203502
1510929000,2.8,3.19,2.76,2.77,2961351
1511188200,2.83,2.87,2.27,2.555,1621105
1511274600,2.57,2.81,2.56,2.78,1041705
1511361000,2.82,2.97,2.73,2.81,842556
1511533800,2.85,2.85,2.63,2.66,530419
1511793000,2.72,3.03,2.7004,3,2485003
1511879400,3.01,3.27,2.85,3.14,1764036
1511965800,3.1,3.45,2.825,2.87,3172167
1512052200,2.89,3.18,2.85,2.9,1483186
1512138600,2.88,3.01,2.81,2.9,976940
1512397800,2.94,3,2.55,2.65,1431622
1512484200,2.65,2.879,2.65,2.76,811091
1512570600,2.73,2.8698,2.695,2.7,666555
1512657000,2.72,2.93,2.72,2.8,1100046
1512743400,2.84,2.84,2.72,2.77,414922
1513002600,2.78,2.85,2.68,2.7,672365
1513089000,2.71,2.77,2.67,2.72,606270
1513175400,2.7,2.73,2.65,2.66,810504
1513261800,2.68,2.75,2.66,2.7,528924
1513348200,2.7,2.88,2.67,2.8,809316
1513607400,2.82,2.87,2.55,2.56,1246996
1513693800,2.56,2.6437,2.45,2.47,1128385
1513780200,2.47,2.61,2.45,2.52,719793
1513866600,2.5,2.57,2.4648,2.55,616537
1513953000,2.6,2.62,2.51,2.53,457907
1514298600,2.47,2.5,2.39,2.42,741590
1514385000,2.43,2.529,2.42,2.45,224839
1514471400,2.46,2.51,2.3957,2.49,508096
1514557800,2.49,2.5,2.33,2.41,474307
1514903400,2.39,2.66,2.38,2.6,852719
1514989800,2.62,2.64,2.55,2.58,434124
1515076200,2.62,2.62,2.43,2.5,547460
1515162600,2.52,2.53,2.42,2.47,512081
1515421800,2.46,2.487,2.34,2.41,953048
1515508200,2.4,2.45,2.35,2.38,947963
1515594600,2.38,2.38,2.23,2.26,757383
1515681000,2.23,2.43,2.15,2.4,1242851
1515767400,2.4,2.4,2.17,2.24,810846
1516113000,2.21,2.23,2,2.09,1373099
1516199400,2.07,2.15,2.06,2.1,410372
1516285800,2.08,2.09,1.94,1.94,877270
1516372200,1.93,1.9698,1.83,1.95,1313390
1516631400,1.9,2.07,1.87,1.97,864581
1516717800,2.07,2.3,2.06,2.06,1893160
1516804200,2.1,2.1,1.95,2.02,762920
1516890600,2.03,2.11,1.991,2.09,482733
1516977000,2.1,2.23,2.1,2.14,1045375
1517236200,2.14,2.155,1.95,2.03,716927
1517322600,2.03,2.06,1.95,2.03,408971
1517409000,2.05,2.2,2.042,2.2,642309
1517495400,2.18,2.18,2.07,2.17,557036
1517581800,2.16,2.1699,2.01,2.07,563301
1517841000,2,2.415,2,2.3,2087453
1517927400,2.21,2.37,2.2,2.31,975886
1518013800,2.33,2.54,2.26,2.53,1066968
1518100200,2.52,2.59,2.26,2.28,1000028
1518186600,2.3,2.39,2.1,2.29,1156439
1518445800,2.32,2.75,2.32,2.66,1834285
1518532200,2.64,2.87,2.55,2.85,1095834
1518618600,2.83,2.86,2.66,2.67,996878
1518705000,2.73,2.85,2.65,2.76,1085993
1518791400,2.75,2.88,2.67,2.82,878086
1519137000,2.78,2.7999,2.53,2.55,1174612
1519223400,2.58,2.67,2.57,2.63,720409
1519309800,2.63,2.63,2.4,2.43,742957
1519396200,2.45,2.4884,2.373,2.47,453527
1519655400,2.5,2.69,2.4,2.68,851212
1519741800,2.67,2.915,2.59,2.79,2744030
1519828200,3.2,3.45,3.07,3.32,4834337
1519914600,3.32,3.49,3.21,3.31,3206427
1520001000,3.27,3.477,3.14,3.43,2685441
1520260200,3.45,3.88,3.31,3.71,3537016
1520346600,3.77,3.98,3.7,3.85,2418123
1520433000,3.82,3.98,3.711,3.92,1676692
1520519400,3.95,3.97,3.62,3.79,1564907
1520605800,3.8,3.9,3.73,3.87,1226556
1520861400,3.89,4.25,3.77,4.05,2481348
1520947800,4.06,4.14,3.81,3.98,1045870
1521034200,3.98,4.44,3.96,4.25,2891862
1521120600,4.28,4.48,4.13,4.41,1358597
1521207000,4.42,4.74,4.38,4.72,3552590
1521466200,4.7,4.8,4.6,4.74,1572280
1521552600,4.76,4.9705,4.72,4.76,2310940
1521639000,4.8,4.9,4.52,4.71,2366692
1521725400,4.69,4.9,4.511,4.73,1949360
1521811800,4.77,4.97,4.66,4.83,1296529
1522071000,4.95,4.97,4.62,4.92,1892221
1522157400,4.97,5.58,4.95,5.08,4006521
1522243800,5.08,5.27,4.26,4.59,3758238
1522330200,4.59,4.83,4.51,4.57,1656135
1522675800,4.58,4.65,4.32,4.51,1449290
1522762200,4.51,4.53,3.81,4.24,3199367
1522848600,4.18,4.49,3.9,4.42,2375534
1522935000,4.39,4.52,4.3,4.36,1147901
1523021400,4.34,4.41,4.1,4.14,1583182
1523280600,4.16,4.31,4.04,4.15,976329
1523367000,4.18,4.3,3.91,4,1250247
1523453400,4.03,4.12,3.9,3.96,940439
1523539800,3.97,4.26,3.97,4.07,1070360
1523626200,4.1,4.12,3.9,3.94,1011728
1523885400,4,4.24,3.95,3.96,1580483
1523971800,3.99,4.3,3.99,4.26,1497134
1524058200,4.27,4.42,4.18,4.25,1066082
1524144600,4.37,4.71,4.33,4.58,1799907
1524231000,4.63,4.91,4.63,4.91,1942395
1524490200,4.87,5.2,4.83,4.96,2907341
1524576600,5.04,5.12,4.4,4.46,2809289
1524663000,4.41,4.6599,4.31,4.39,1189301
1524749400,4.38,4.51,4.31,4.38,1033946
1524835800,4.41,4.46,4.21,4.26,936937
1525095000,4.3,4.44,4.02,4.15,1528809
1525181400,4.12,4.189,3.95,4.06,1752104
1525267800,4.3,4.839,4.21,4.63,3267013
1525354200,4.63,4.63,4.32,4.5,1925616
1525440600,4.52,4.56,4.28,4.3,1237090
1525699800,4.36,4.6,4.32,4.59,1528639
1525786200,4.59,4.641,4.39,4.49,1214418
1525872600,4.52,4.72,4.39,4.68,1490144
1525959000,4.72,5.41,4.68,5.21,4707242
1526045400,5.21,5.21,4.88,5.09,1765348
1526304600,5.15,5.3275,5.13,5.18,1508681
1526391000,5.15,5.33,5.15,5.3,1580922
1526477400,5.41,6.0399,5.32,5.6,5209221
1526563800,5.7,5.85,5.35,5.53,3105289
1526650200,5.56,5.5746,5.21,5.34,1932308
1526909400,5.49,5.64,5.42,5.5,1168325
1526995800,5.48,5.57,5.3272,5.54,1628537
1527082200,5.54,6.12,5.54,5.65,3641012
1527168600,5.7,5.83,5.54,5.8,2304129
1527255000,5.77,5.8,5.52,5.61,1785629
1527600600,5.69,5.9,5.53,5.85,1813837
1527687000,5.88,6.3,5.73,6.23,3743421
1527773400,6.3,6.37,5.655,5.73,3371729
1527859800,5.85,5.99,5.71,5.78,2002443
1528119000,5.82,5.89,5,5.79,4502862
1528205400,5.81,5.9,5.42,5.62,2460851
1528291800,5.54,5.61,5.16,5.3,2858459
1528378200,5.24,5.37,5.08,5.32,2124361
1528464600,5.33,5.34,5.02,5.03,1711923
1528723800,5.05,5.17,4.571,4.62,4889926
1528810200,4.58,4.735,4.42,4.5,5323379
1528896600,6.1,6.23,5.76,5.98,20283982
1528983000,6.02,6.54,5.941,6.44,8567336
1529069400,6.44,6.47,5.6,5.69,8122508
1529328600,5.73,6.1359,5.629,6.1,3324655
1529415000,5.96,6.21,5.93,6.2,3702547
1529501400,6.27,6.39,6.15,6.16,2415821
1529587800,6.21,6.325,6.12,6.22,2759363
1529674200,6.25,6.8,6.2101,6.62,15059394
1529933400,6.72,6.99,6.46,6.98,5549056
1530019800,6.95,7.35,6.67,7.3,7362943
1530106200,7.22,7.55,6.77,6.81,5129440
1530192600,6.83,7.09,6.61,6.95,3220003
1530279000,6.96,7.199,6.61,6.73,4340033
1530538200,6.73,7.19,6.5201,7.14,3088550
1530624600,7.13,7.17,6.86,7.03,1392809
1530797400,7.08,7.24,6.995,7.01,2267343
1530883800,6.97,7.11,6.91,7.03,2310051
1531143000,7.03,7.48,7,7.4,2773859
1531229400,7.39,7.6,7.32,7.48,2813333
1531315800,7.27,7.3,6.86,7.04,4152149
1531402200,7.08,7.24,6.88,7.02,2447324
1531488600,6.98,7.1,6.89,7.04,1519176
1531747800,7,7.2,6.65,6.73,2812473
1531834200,6.74,6.86,6.62,6.63,2506225
1531920600,6.7,6.77,6.57,6.69,1923217
1532007000,6.61,7.145,6.6,7.02,2872501
1532093400,7.06,7.27,6.76,6.76,2760844
1532352600,6.77,6.9908,6.7,6.72,2312682
1532439000,6.9,6.99,6.58,6.62,2705620
1532525400,6.25,6.57,6,6.48,7796243
1532611800,6.34,6.48,5.82,6.18,6491226
1532698200,6.15,6.17,5.24,5.59,8746600
1532957400,5.48,5.99,5.4,5.68,4485595
1533043800,5.8,6.17,5.6633,5.95,6094238
1533130200,5.47,5.6175,5.03,5.59,7718375
1533216600,5.53,5.8,5.43,5.695,2575045
1533303000,5.73,5.73,5.21,5.36,3690721
1533562200,5.39,5.78,5.22,5.76,2607652
1533648600,5.68,5.9599,5.66,5.87,2282071
1533735000,5.83,5.87,5.68,5.75,2009589
1533821400,5.77,6.09,5.63,5.68,2825393
1533907800,5.64,5.7299,5.46,5.71,1816715
1534167000,5.68,5.69,5.36,5.37,2338133
1534253400,5.36,5.4129,4.98,5.05,4345211
1534339800,4.6,4.93,4.4,4.895,11269748
1534426200,4.84,5.03,4.74,4.98,3795998
1534512600,4.845,4.94,4.55,4.77,4666942
1534771800,4.76,5.0967,4.68,4.97,3199885
1534858200,4.97,5.21,4.78,4.91,3388553
1534944600,4.91,5.04,4.89,4.94,2016449
1535031000,4.96,5.05,4.79,4.9,2543198
1535117400,4.94,5,4.87,4.91,1749438
1535376600,4.89,4.93,4.7,4.79,2097275
1535463000,4.81,5.039,4.771,5.01,1824587
1535549400,4.96,5.36,4.95,5.21,3908514
1535635800,5.28,5.35,4.7,4.71,4266358
1535722200,4.69,4.91,4.6105,4.89,1743482
1536067800,4.86,4.959,4.76,4.89,1898297
1536154200,4.89,4.89,4.5291,4.61,2270192
1536240600,4.61,4.68,4.38,4.43,1808386
1536327000,4.4,4.68,4.35,4.45,2173221
1536586200,4.46,4.51,4.38,4.42,1904161
1536672600,4.42,4.58,4.41,4.47,1151793
1536759000,4.49,4.52,4.33,4.41,1885431
1536845400,4.39,4.5,4.07,4.1,3476842
1536931800,4.11,4.24,3.9731,4.03,2875991
1537191000,4.01,4.03,3.7,3.89,4584389
1537277400,3.89,4.415,3.88,4.36,3921537
1537363800,4.42,4.459,4.045,4.23,4044681
1537450200,4.25,4.5,4.13,4.42,2111229
1537536600,4.42,4.54,4.23,4.4,3172158
1537795800,4.37,4.44,4.18,4.21,1970893
1537882200,4.24,4.84,4.1887,4.62,3478274
1537968600,4.67,4.78,4.52,4.54,2954515
1538055000,4.59,5.21,4.45,4.94,6265195
1538141400,5.15,5.16,4.76,4.85,4393851
1538400600,5.01,5.0117,4.7899,4.96,2052269
1538487000,4.95,5.1361,4.91,4.99,2401431
1538573400,5.03,5.1068,4.86,4.93,2063211
1538659800,4.87,4.925,4.6,4.64,1958063
1538746200,4.64,4.73,4.34,4.51,2675098
1539005400,4.46,4.66,4.35,4.63,1679040
1539091800,4.63,4.7754,4.49,4.54,1248742
1539178200,4.5,4.5201,4.3,4.33,1794122
1539264600,4.3,4.635,4.26,4.5,1705932
1539351000,4.56,4.63,4.45,4.6,1360948
1539610200,4.699,5,4.64,4.94,2230938
1539696600,4.99,4.99,4.76,4.89,1431408
1539783000,4.9,4.94,4.75,4.92,1109151
1539869400,4.89,5.11,4.83,4.87,2186603
1539955800,4.88,4.99,4.6,4.74,1453396
1540215000,4.78,4.87,4.65,4.7,798662
1540301400,4.57,4.6432,4.39,4.51,1383101
1540387800,4.52,4.65,4.26,4.26,1205387
1540474200,4.31,4.4634,4.23,4.4,1599309
1540560600,4.3,4.34,4.065,4.19,1546605
1540819800,4.33,4.3999,4.06,4.15,1345955
1540906200,4.13,4.33,4.1,4.24,1377150
1540992600,4.36,4.575,4.21,4.54,2094374
1541079000,4.55,4.95,4.51,4.91,2357751
1541165400,4.94,5.21,4.91,5.15,3441126
1541428200,5.22,5.43,5.135,5.39,2438156
1541514600,5.44,5.6,5.04,5.15,2665452
1541601000,4.93,5.75,4.6,5.64,2999826
1541687400,5.65,5.81,5.4709,5.81,1761635
1541773800,5.8,5.81,5.4,5.56,1316153
1542033000,5.53,5.64,5.28,5.43,1200313
1542119400,5.48,5.6799,5.38,5.44,1105785
1542205800,5.49,5.535,5.3113,5.4,1016765
1542292200,5.36,5.575,5.2,5.54,1320884
1542378600,5.46,5.55,5.24,5.45,1482967
1542637800,5.43,5.44,5.21,5.29,1327133
1542724200,5.17,5.2797,4.805,4.92,2079806
1542810600,4.98,5.14,4.89,5.08,1060505
1542983400,4.99,5.22,4.96,5.21,639822
1543242600,5.28,5.37,5.22,5.3,1231398
1543329000,5.25,5.35,5.21,5.32,663583
1543415400,5.34,5.59,5.31,5.57,1631988
1543501800,5.57,5.57,5.4,5.42,914155
1543588200,5.38,5.48,5.265,5.4,1270895
1543847400,5.58,5.81,5.56,5.78,2631093
1543933800,5.67,6.34,5.6,5.66,3300876
1544106600,5.45,6.1384,5.41,5.87,2710143
1544193000,5.89,5.99,5.65,5.68,1480631
1544452200,5.68,5.769,5.52,5.68,1447584
1544538600,5.75,6.03,5.67,5.7,1579347
1544625000,5.84,5.9,5.66,5.8,1365972
1544711400,5.8,5.98,5.75,5.76,1315892
1544797800,5.68,5.85,5.62,5.68,1275140
1545057000,5.64,5.7,5.49,5.53,1732124
1545143400,5.57,5.62,5.13,5.25,1844318
1545229800,5.26,5.4,5.115,5.19,1208609
1545316200,5.11,5.26,4.72,5,2122019
1545402600,5.04,5.05,4.53,4.74,4174901
1545661800,4.65,4.771,4.56,4.64,716717
1545834600,4.64,5.07,4.6,4.99,1366498
1545921000,4.87,4.92,4.71,4.9,788171
1546007400,4.95,5.01,4.77,4.83,1558512
1546266600,4.84,4.89,4.56,4.73,1145761
1546439400,4.63,4.93,4.61,4.92,756478
1546525800,4.86,4.98,4.74,4.76,1305303
1546612200,4.86,5.11,4.8307,5.08,1814430
1546871400,5.12,5.39,4.9,5.26,1458666
1546957800,5.33,5.48,5.205,5.35,1222565
1547044200,5.41,5.77,5.41,5.63,1326254
1547130600,5.54,5.77,5.44,5.63,1056093
1547217000,5.6,5.7,5.57,5.68,812072
1547476200,5.64,5.84,5.48,5.82,1444210
1547562600,5.9,6.18,5.82,6.15,2436611
1547649000,6.13,6.74,6.1,6.68,3825996
1547735400,6.78,7.2,6.75,6.82,3367389
1547821800,6.85,6.98,6.425,6.53,2219159
1548167400,6.48,6.77,6.41,6.59,1621913
1548253800,6.61,6.66,6.39,6.51,1083368
1548340200,6.5,6.68,6.44,6.66,1550172
1548426600,6.72,6.83,6.515,6.72,1550143
1548685800,6.64,7.09,6.64,6.9,1563484
1548772200,6.99,7.19,6.94,7.1,1696221
1548858600,7.14,7.29,7.04,7.16,1515780
1548945000,7.16,7.58,7.1,7.23,3743396
1549031400,7.26,7.35,6.6,7,4422149
1549290600,7.02,7.06,6.8,7,1289035
1549377000,6.87,7.33,6.865,7.3,1842798
1549463400,7.3,7.53,7.26,7.32,1471514
1549549800,7.32,7.6,7.27,7.48,1814166
1549636200,7.4,7.55,7.27,7.44,1095356
1549895400,7.55,7.78,7.45,7.73,2439459
1549981800,7.9,7.94,7.46,7.6,1902220
1550068200,7.65,7.84,7.5109,7.68,1192599
1550154600,7.63,7.83,7.61,7.66,1088245
1550241000,7.72,7.78,7.56,7.65,1298117
1550586600,7.57,7.65,7.41,7.56,1608359
1550673000,7.49,7.5161,7.01,7.23,2484175
1550759400,7.26,7.53,7.26,7.37,1245735
1550845800,7.42,7.78,7.38,7.78,1610982
1551105000,7.82,8.15,7.71,8.06,2175675
1551191400,8.01,8.18,7.85,8.09,2395220
1551277800,8.4,9.1192,8.02,8.87,6182469
1551364200,9,9.4,8.7731,9.07,3523373
1551450600,9.11,9.3,9.025,9.1,4636638
1551709800,9.19,9.24,8.65,8.78,4228460
1551796200,8.76,8.86,8.31,8.7,2422559
1551882600,8.85,9.075,8.2,8.38,2475037
1551969000,8.34,8.63,8.24,8.29,2912194
1552055400,8.19,8.4792,8.03,8.46,1854757
1552311000,8.44,8.9,8.43,8.84,2338324
1552397400,8.84,9.04,8.78,9,1373887
1552483800,9.05,9.38,9.05,9.36,1758894
1552570200,9.35,9.53,9.23,9.38,1860871
1552656600,9.4,9.44,9.03,9.05,2248630
1552915800,9.18,9.7,9.18,9.67,1494967
1553002200,8.86,9.46,8.8,9.2,3672259
1553088600,9.14,9.4,9,9.18,1771452
1553175000,9.22,9.565,9.15,9.38,1703970
1553261400,9.35,9.48,9.04,9.19,1662187
1553520600,9.19,9.2,8.61,9.03,2011584
1553607000,9.09,9.09,8.565,8.71,2022538
1553693400,8.74,8.83,8.5749,8.8,1029847
1553779800,8.82,9.1,8.76,9.08,1464709
1553866200,9.17,9.395,9.15,9.23,1841260
1554125400,9.15,9.32,9.055,9.26,2439325
1554211800,9.27,9.42,9.16,9.35,1148506
1554298200,9.4,9.79,9.4,9.69,2388322
1554384600,9.6,9.7399,9.47,9.52,1188656
1554471000,9.53,9.98,9.53,9.84,2576395
1554730200,10,10.25,9.965,10.24,2292952
1554816600,10.24,10.36,10,10.03,1901071
1554903000,10.01,10.3,10.01,10.15,1761947
1554989400,10.18,10.18,9.76,9.8,1861734
1555075800,9.93,10.088,9.8466,9.93,1163118
1555335000,9.99,10.183,9.41,9.59,2116622
1555421400,9.62,9.755,9.56,9.66,1174851
1555507800,9.75,9.78,9.6114,9.73,898287
1555594200,9.73,9.8354,9.39,9.45,1186819
1555939800,9.43,9.4389,9.15,9.28,1438096
1556026200,9.32,9.86,9.23,9.75,2711633
1556112600,9.78,10,9.64,9.83,1299201
1556199000,9.85,9.99,9.76,9.91,1144899
1556285400,9.92,10.47,9.9,10.43,4421400
1556544600,10.38,10.49,10.195,10.21,2043589
1556631000,10.29,10.29,9.8,10.04,2668024
1556717400,12.3,13.2,12,12.98,15852964
1556803800,12.4,13.04,12.36,12.93,3633996
1556890200,12.93,13.8792,12.93,13.83,4101389
1557149400,13.5,13.895,13.4301,13.75,2482844
1557235800,13.65,14.29,13.65,14.21,3277826
1557322200,14.27,14.32,13.55,13.93,2366463
1557408600,13.83,13.91,13.189,13.56,2543984
1557495000,13.45,14.13,13.42,14.02,2635568
1557754200,13.65,13.95,13.27,13.69,2320044
1557840600,13.75,14.16,13.75,14.02,2137811
1557927000,13.96,14.64,13.93,14.58,2890230
1558013400,14.65,14.9484,14.2,14.82,2390368
1558099800,14.75,14.8862,14.41,14.65,1778996
1558359000,14.58,14.65,13.85,14.31,2233636
1558445400,14.4,15,14.28,14.88,2009725
1558531800,14.86,15.25,14.83,15.22,2385441
1558618200,15.1,15.15,14.46,14.68,2663193
1558704600,14.79,15.4,14.79,15.36,2498384
1559050200,15.39,15.94,15.39,15.81,3642322
1559136600,15.8,16.29,15.49,16.29,2525725
1559223000,15.92,15.99,14.9,15.77,10071786
1559309400,15.4,15.4,14.56,15.17,5425140
1559568600,15.09,15.77,14.97,15.71,2532821
1559655000,15.92,16.29,15.81,15.97,2759127
1559741400,16,16.11,15.52,15.92,2344938
1559827800,15.95,16.0599,15.53,15.68,3333140
1559914200,15.71,16.87,15.71,16.36,3386892
1560173400,16.78,16.85,16.1,16.19,3248606
1560259800,16.41,17.15,16.27,17.07,4033027
1560346200,17.22,17.545,17.01,17.08,4271708
1560432600,17.5,17.68,16.71,17.51,4329741
1560519000,17.41,17.48,17,17.33,2648122
1560778200,17.46,17.7875,17.145,17.75,2866643
1560864600,17.95,19.13,17.92,18.8,4731938
1560951000,19.01,19.06,18,18.63,4293879
1561037400,18.4,18.74,18.15,18.4,3349676
1561123800,18.22,18.3,17.63,17.64,3101174
1561383000,17.65,18.299,17.46,17.49,2626685
1561469400,17.42,17.47,16.15,16.29,4261840
1561555800,16.4,16.94,16.32,16.79,2455542
1561642200,16.91,18.07,16.9,17.92,2712902
1561728600,17.96,18.28,17.64,18.23,6928834
1561987800,18.8,18.88,18.15,18.3,3409767
1562074200,18.25,18.6592,17.96,18.56,1980883
1562160600,18.67,19.23,18.67,18.97,1891196
1562333400,19.01,19.715,18.56,19.64,2474262
1562592600,19.63,20.18,19.28,19.97,3775275
1562679000,20,20.59,19.86,20.42,3685233
1562765400,20.58,20.67,19.09,19.89,4919003
1562851800,20.005,20.37,19.22,19.48,4329769
1562938200,19.57,19.93,19.32,19.67,3275540
1563197400,19.82,19.9,19.28,19.66,2479014
1563283800,19.72,20.5856,19.52,20.35,3761389
1563370200,20.31,20.54,20.1,20.19,2310621
1563456600,20.15,20.77,20.03,20.66,5944266
1563543000,20.72,21.17,20.58,20.81,3346096
1563802200,21.03,21.28,20.68,21.26,3009896
1563888600,21.38,21.5143,19.14,19.65,5561604
1563975000,19.65,20.0739,19.36,20.02,2537716
1564061400,20.45,20.46,19.72,19.8,2602616
1564147800,19.89,20.84,19.8,20.8,3104594
1564407000,21,21.32,20.14,21.2,3592812
1564493400,21,21.7,20.7,21.65,5147104
1564579800,26.31,28.93,26.29,28.15,22313414
1564666200,28.58,31.165,28.2,30.1,11805995
1564752600,29.49,29.89,28.35,29.12,6600289
1565011800,27.8,28.47,26.11,27.45,6764455
1565098200,28.01,29.536,28,28.72,4969475
1565184600,28.77,31.3027,28.26,30.785,5962161
1565271000,31.07,31.69,29.81,31.58,4372966
1565357400,31.48,32.8,30.83,31.85,4300034
1565616600,31.07,32.07,30.52,30.9,5011459
1565703000,30.69,32.36,30.57,32.17,3341198
1565789400,31.81,31.95,29.21,30.22,5836984
1565875800,30.63,30.8131,29.51,29.78,3486206
1565962200,30.35,32.4,30.22,32.03,5169813
1566221400,32.9,33.89,32.5,33.4,5170410
1566307800,33.25,34.63,32.6401,33.88,4133762
1566394200,34.47,35.09,34.21,34.83,3606193
1566480600,34.76,35.1141,33.18,33.75,4788854
1566567000,33.34,34.8699,33.17,33.4,3925182
1566826200,33.73,34.64,33.33,34.62,3621654
1566912600,34.88,35.42,32.92,33.05,5099533
1566999000,32.77,33.9,32.11,33.27,4062323
1567085400,33.83,33.9936,29.9,31.15,8509754
1567171800,31.62,31.8,28.7,29.67,7039725
1567517400,28.79,29.89,27.605,27.7,6681626
1567603800,27.65,28.1389,26.7,27.86,4901006
1567690200,28.6,28.9278,24.57,25.29,10034920
1567776600,25.32,26.22,24.24,25.4,6979198
1568035800,25.27,25.4,23.36,23.8,6176572
1568122200,23.09,23.87,22.61,23.28,4718005
1568208600,23.39,25.09,23.35,24.72,5771412
1568295000,25.13,25.4,21.23,22.2,16805094
1568381400,21.77,22.99,21.54,22.08,6497733
1568640600,23.57,24.9248,23.1,23.26,6434647
1568727000,23.07,25.47,22.89,25.07,6059936
1568813400,25.27,25.78,24.5,25.2,5260244
1568899800,25.27,27.585,25.27,27.12,7702204
1568986200,27.35,27.72,26.07,27.47,6822465
1569245400,27.19,27.5,25.64,27.23,5522007
1569331800,27.27,27.45,24.42,25.02,6408883
1569418200,24.71,25.6353,24.5,25.06,3207297
1569504600,25.06,25.5,23.06,23.185,4689588
1569591000,23.18,23.4,22.16,22.255,4298227
1569850200,22.49,22.74,21.62,22.23,5060169
1569936600,22.07,22.33,21.38,21.71,3013407
1570023000,21.27,21.94,20.23,21.9,4117695
1570109400,21.95,22.48,21.2,22.42,3410806
1570195800,22.83,23.52,22.1169,23.445,3150180
1570455000,23.67,24.1705,22.78,23.75,3961472
1570541400,23.65,24.44,23.3,24.245,3106246
1570627800,24.39,24.6,23.12,24.22,3463713
1570714200,24.17,25.46,24,24.53,3935659
1570800600,24.71,25.26,23.88,24.28,3228429
1571059800,24.36,25,24.14,24.75,2108891
1571146200,24.65,25.0697,23.3,24.14,3194004
1571232600,23.91,24.345,23.16,24.165,2168028
1571319000,24.29,25.26,23.75,25.1,2590418
1571405400,25,25.8899,24.42,24.75,3123994
1571664600,24.9,26.3,24.6848,25.89,3249898
1571751000,26.05,26.19,23.115,23.71,6632918
1571837400,23.56,24.9022,23.3,23.4,4398866
1571923800,23.6,23.95,22.59,23.21,4830289
1572010200,23.21,24.725,21.84,24.55,7283476
1572269400,24.51,26,24.06,25.44,5684097
1572355800,25.59,27.61,24.1907,25.19,13241143
1572442200,21.685,22,18.59,18.76,27217213
1572528600,19.45,19.95,18.68,19.43,9056036
1572615000,19.43,19.53,18.59,18.83,6991077
1572877800,18.92,19.13,17.18,17.955,11757225
1572964200,17.55,18.75,17.3,18.59,5515939
1573050600,18.54,19.18,17.87,18.2,4769653
1573137000,18.32,18.7748,17.71,18,3702636
1573223400,17.96,18.49,17.87,18.44,2754789
1573482600,18.4,19.255,18.27,18.74,3848576
1573569000,18.87,19.57,18.81,19.12,3486714
1573655400,19.01,19.1,18.2447,18.925,3539663
1573741800,18.88,19.04,18.0784,18.99,2777130
1573828200,18.63,19.68,18.35,19.32,3795433
1574087400,19.97,20,18.47,18.61,6074944
1574173800,18.75,19.365,18.2156,19.19,4722798
1574260200,19.05,19.5756,18.025,18.12,5387107
1574346600,18.25,18.83,17.6,18.82,5535368
1574433000,18.96,19.5,18.28,19.37,5048677
1574692200,19.31,21.21,19.25,21.15,8308066
1574778600,21.17,21.82,20.77,21.51,4130185
1574865000,21.45,23.09,21.31,23.04,6323333
1575037800,23.04,23.38,21.37,21.87,4225870
1575297000,21.87,22.34,21.08,22.07,4400095
1575383400,22.56,24.1381,22.33,23.74,9658156
1575469800,23.93,24.7147,23.29,24.27,5586141
1575556200,24.31,24.58,22.82,23.37,5531073
1575642600,23.46,24.17,23.02,24.11,3876781
1575901800,24.15,24.56,23.67,24.04,3925020
1575988200,23.98,24.31,23.27,24.02,5230967
1576074600,24.12,24.77,23.9306,24.21,4649336
1576161000,24.3,25.29,23.65,23.68,6146685
1576247400,23.9,25.5,23.9,24.62,6524101
1576506600,25,25.95,24.53,25.76,6118179
1576593000,25.74,26.13,25.45,25.85,4909448
1576679400,25.97,26.5,24.89,25.74,4579351
1576765800,25.8,26.63,25.8,25.96,5699086
1576852200,26.05,26.43,25.59,25.94,4582653
1577111400,25.95,27.03,25.845,26.81,4861863
1577197800,26.89,27.17,26.59,27.02,1922554
1577370600,27.16,27.585,26.58,27.34,3878891
1577457000,27.35,27.4899,26.535,26.755,2810863
1577716200,26.71,26.852,25.23,25.37,4309643
1577802600,25.16,26.19,24.75,26.13,3590078
1577975400,26.37,29.35,26.04,29.34,7775679
1578061800,28.79,29.73,28.38,29.29,4812506
1578321000,29.05,29.66,27.83,29.66,4629729
1578407400,29.82,30.2,28.66,29.99,5388138
1578493800,29.68,31.5,29.44,31,5446354
1578580200,31.62,32.37,30.96,31.59,6544404
1578666600,31.56,32,30.37,30.67,5651054
1578925800,30.94,31.89,30.5341,30.79,12390590
1579012200,30.91,30.94,29.54,30.2,6409332
1579098600,29.98,30.3701,29.16,30.16,4242343
1579185000,30.15,30.9065,30.13,30.83,3211536
1579271400,30.97,31.85,30.73,31.5,3807305
1579617000,31.61,31.69,30.63,31.26,3336670
1579703400,31.5,32.3,31.34,31.62,3614189
1579789800,31.59,32.4,30.91,32.07,2683898
1579876200,32.29,33.28,31.95,32.7,5103223
1580135400,31.56,31.64,29.43,29.95,6828805
1580221800,30.61,32.34,30.0601,32.24,4240554
1580308200,32.57,33.08,31.7036,32.56,4337728
1580394600,31.99,33.84,31.6741,33.49,4293735
1580481000,33.35,33.43,31.2501,31.52,5097919
1580740200,31.69,33.23,31.5801,32.92,5513312
1580826600,33.8,36.94,33.23,36.9,9833925
1580913000,37.68,38.01,35.3,36.91,6721845
1580999400,37.1,38.65,36.4,38.39,5825420
1581085800,38,38.88,37.69,38.05,4404985
1581345000,37.87,38.64,37.8,38.61,4552879
1581431400,39.26,40.25,38.695,39.66,5554230
1581517800,40.05,41.52,39.77,41.5,5716225
1581604200,40.05,41.59,39.12,41.34,6964119
1581690600,41.15,42.39,40.98,41.09,4912452
1582036200,40.38,41.29,39.75,40.17,7445215
1582122600,47.51,57.57,47.3,57.22,35435592
1582209000,56.47,58.95,54.14,58.74,21837422
1582295400,57.8,59.15,56.74,59.09,7630966
1582554600,54.59,58.749,54,55.26,9342127
1582641000,57,57.01,50.11,50.9,11328769
1582727400,49.27,53.8,48.79,51.87,8131330
1582813800,48.81,51.25,45.9901,48.76,9360209
1582900200,45.61,50.2199,45.56,48.97,7396127
1583159400,50.46,52.52,48.1538,51.4,7152566
1583245800,52.41,54.6399,51.1,52.37,6930797
1583332200,52.31,54,51.51,53.47,6578848
1583418600,52.54,59,51.77,56.69,8225335
1583505000,55.34,57.32,51.44,53.05,6601327
1583760600,45.77,48.47,42,43.38,7804050
1583847000,47.16,47.8218,43.4721,45.59,5291620
1583933400,44.12,45.26,39.648,41.73,5511637
1584019800,34.4,37.3899,33,33.02,9793535
1584106200,36.25,37.3,31.56,32.86,7449668
1584365400,27.57,31.92,23.7,27.45,8283621
1584451800,28.07,31.6499,26,29.28,6855191
1584538200,26.5,28.75,22.48,23.99,8524823
1584624600,24,27.22,21.49,26.25,7231508
1584711000,27.68,31.47,26,26,9510709
1584970200,26.36,28,23.4,27.51,5999217
1585056600,30.84,35.259,30.7959,34.34,7685516
1585143000,36.92,40.72,34.5,36.81,9277025
1585229400,37.65,40.53,34.58,36.13,6274433
1585315800,34.05,34.5,31.27,32.38,5179180
1585575000,32.76,33,30.75,32,3892410
1585661400,32.85,34.87,31.81,32.29,4900233
1585747800,29.94,31.48,29.11,29.77,3839440
1585834200,29.5,31.57,28.77,29.92,3610558
1585920600,29.85,30.4393,27.55,28.69,3557997
1586179800,30.81,34.23,30.61,34.05,4792763
1586266200,37.81,38.38,34.42,35.04,4846992
1586352600,36.25,38.42,34.86,37.93,6193946
1586439000,39.09,41.75,36.53,38.06,6161788
1586784600,38.24,38.43,36.08,37.78,3081434
1586871000,39.57,41.8,39.52,41.4,4678929
1586957400,39.3,40.06,38.3,39.61,3543054
1587043800,40.01,40.3,37.89,38.79,4338997
1587130200,40.83,41.05,38.7,38.96,4873325
1587389400,38,40.55,37.8,39.01,3472118
1587475800,38.01,38.89,34.3401,35.51,6950460
1587562200,37.38,38.65,37,38.24,2796864
1587648600,38.44,40.7002,38.23,39.48,3512940
1587735000,39.41,40,37.08,37.73,3770642
1587994200,38.21,38.52,36.91,37.21,5050762
1588080600,39.73,44.4199,38.91,43,11042320
1588167000,44.53,49.28,44.08,48.985,9245125
1588253400,47.51,48.76,45.54,46.83,18043390
1588339800,45.13,46.48,41.76,43.25,6139682
1588599000,41.75,44.15,41.57,43.98,3294538
1588685400,46.33,46.5,43.79,44.37,5430121
1588771800,47,53.53,46.5,52.68,11216009
1588858200,52.56,55.88,50.56,54.49,8124638
1588944600,55.74,57.8428,54.37,57.28,4513958
1589203800,56.67,59.98,55.8505,59.58,4851349
1589290200,60.43,63.8,59.1002,59.27,7032034
1589376600,58.77,62.05,54.61,57.47,7477822
1589463000,55.15,57.8,54.25,56.98,4913853
1589549400,56.49,58.48,55.3601,58.375,4691479
1589808600,61,64.5,60.58,64.42,6485706
1589895000,64.8,70.36,64.8,67.04,6944614
1589981400,69.25,69.4018,62.34,64.17,8025467
1590067800,61,61.7025,57.52,59.93,8424943
1590154200,60.84,61.489,55.8,56.42,6710537
1590499800,59.83,61.1585,58.05,58.43,5301294
1590586200,59.75,59.75,52.5014,57.86,5874378
1590672600,57,60.17,55.21,55.8,4159889
1590759000,55.74,58.54,55.31,58.19,3777139
1591018200,58.18,60.5843,57.63,59.68,3487070
1591104600,59.8,60,56.2503,56.95,4196199
1591191000,57.14,57.19,52.66,53.32,6436108
1591277400,53.3,54.06,50.51,51.64,5493436
1591363800,53.11,55.85,51.49,54.59,5897615
1591623000,55.36,55.5,52.02,52.9,3501217
1591709400,52.22,53.54,51.5,51.58,3147889
1591795800,52.5,52.51,47.8388,49.35,10607686
1591882200,45.99,49.41,45.4203,47.66,6067354
1591968600,50,50.16,46.85,48.63,4586801
1592227800,47.53,51.195,46.76,50.45,5162083
1592314200,52.37,55.02,51.37,52.76,8654383
1592400600,52.15,52.23,37.81,39.04,55172909
1592487000,43.29,47.1897,43.28,45.72,30687896
1592573400,46.81,49.67,45.9301,46.72,16133816
1592832600,46.77,47.35,44.92,45.56,5867592
1592919000,46.24,46.935,44.96,45.49,3879130
1593005400,45,47.14,44.45,46.68,6945038
1593091800,45.84,46.03,43.42,45.8,6620468
1593178200,45.88,46.675,44.14,45.3,13892939
1593437400,46.01,47.9,45.21,47.45,3467501
1593523800,47.68,48.48,46.93,47.57,2940539
1593610200,47.53,49.93,46.608,49.06,3227563
1593696600,49.61,51.54,48.22,48.86,3812545
1594042200,49.7,50.72,49.15,50.16,3395149
1594128600,49.8,51.47,49.25,50.64,2376104
1594215000,51.02,55.22,50.98,54.93,4305841
1594301400,55.84,56.5,52.83,55.8,3177107
1594387800,54.83,55.71,54.1,55.43,2357677
1594647000,56.25,58.06,52.12,52.32,4159769
1594733400,52.8,55.99,51.3336,55.88,4188354
1594819800,57.0113,58.18,55.348,57.95,3938378
1594906200,57.21,58.25,56.39,57.74,2990185
1594992600,58,59.75,57.74,59.31,3150194
1595251800,59.9,64.055,59.75,63.54,3631759
1595338200,64.06,64.7,59.68,61.1,4303323
1595424600,61.19,63.49,60.96,62.08,2719512
1595511000,62.46,65.43,60.3,61.67,3993919
1595597400,60.38,60.5,56.28,59.65,3511560
1595856600,61.01,62.9296,60.35,62.22,3498139
1595943000,61.84,61.84,57.05,57.23,3648472
1596029400,58.02,60.36,57.71,59.12,3079774
1596115800,58.14,59.25,57.6,59.14,1399425
1596202200,59.72,60.4,58.59,60.36,2455222
1596461400,60.89,61.93,59.12,61.21,3006006
1596547800,64.83,70.15,64.4,68.95,9014921
1596634200,68.99,75.98,67.6,74.99,8603261
1596720600,75.3047,76.75,71.1,71.37,5019920
1596807000,72.3,75.83,71.11,72.84,3723374
1597066200,72.8,74.39,70.35,71.84,5581727
1597152600,71.74,71.81,67.055,67.3,3495230
1597239000,68.6848,71.7806,67.57,71.19,2647908
1597325400,70.91,76.49,70.26,74.88,3322112
1597411800,75.62,76.6886,72.8101,73.16,2366966
1597671000,74.34,76.3899,73.73,75.06,2016384
1597757400,75.24,77.73,72.5339,75.16,2052978
1597843800,75.1,77.3,74.9892,75.49,1935918
1597930200,75.09,75.22,72.2038,73.09,1876197
1598016600,73.28,74.8,72.81,73.14,1559978
1598275800,73.79,75.65,72.2287,73.36,1472796
1598362200,73.3,76.6087,72.5,75.93,2283024
1598448600,76.66,78.53,74.4,75.24,1838835
1598535000,76.5,76.5,72.0205,73.44,4370749
1598621400,74.1407,78.53,73.5401,76.04,3301747
1598880600,76.68,79.53,75.8,77.23,2767337
1598967000,77.47,79.52,77.1,78.71,2160020
1599053400,80,80.4699,75.09,77.02,2607918
1599139800,75.2377,75.48,65.13,67.8,5850677
1599226200,67.13,68.67,58.67,66.155,5516353
1599571800,62.03,67.34,60.17,65.05,3879275
1599658200,67.01,69.56,64.87,67.71,3435451
1599744600,67.93,70.09,66,66.1,2787020
1599831000,67.78,68.1,64.2,65.1,2585220
1600090200,67.17,69.78,66.31,69.49,2547978
1600176600,71.01,73.03,70.44,72.16,2868299
1600263000,72.6,76.4,72.5464,72.83,2968016
1600349400,69.77,70.19,65.89,66.87,3318732
1600435800,67.72,69.86,65.42,68.27,12892584
1600695000,65.51,70.82,65.41,70.72,3082432
1600781400,71,72.32,67.49,72.23,3109252
1600867800,71.85,74.76,69.44,70.27,2796879
1600954200,69.32,70.98,67.53,69.41,2064680
1601040600,69.79,73.9,69.5506,73.62,2387042
1601299800,75.14,79.73,74.7,78.14,3455605
1601386200,78.2,83.37,78.2,80.8,4218447
1601472600,81.37,84.72,81.27,82.59,3352573
1601559000,85.56,89.52,84.41,89.51,4046316
1601645400,85.61,92.57,85.16,90.43,4115769
1601904600,93,98.42,92.9,98.05,4212241
1601991000,98.06,100.28,95.06,98.57,5770036
1602077400,101.5,108.75,100.46,107.82,4977889
1602163800,109.6,109.8,102.5638,105.5,6016615
1602250200,107.18,111.27,105.29,109.18,2955288
1602509400,110.4,110.41,101.52,104.43,4176626
1602595800,103.11,107.44,102.75,106.65,2872296
1602682200,108.425,111.1,107.06,108.97,3037773
1602768600,107.25,111.59,105.2001,110.71,2388366
1602855000,112.75,114.3,108.76,110.84,3851010
1603114200,111.485,118.05,110.825,114.69,3303933
1603200600,114.88,118.05,112.3339,116.14,2898559
1603287000,116.9,118.939,100.4,101.53,5484427
1603373400,102.26,104.02,92.14,103.46,7405361
1603459800,106.3535,109.22,100.7,103.33,3367069
1603719000,98.56,104.29,97.5,103.67,2958413
1603805400,103.37,104.43,97.31,98.63,3572380
1603891800,97.29,105.8699,95.7551,102.81,5804720
1603978200,103.29,105.53,100.87,102.51,1968586
1604064600,100.99,102.12,93.53,98.09,3046923
1604327400,99.01,106.04,99,103.83,3316529
1604413800,100.5565,107.38,100.24,104.75,3503375
1604500200,99.3323,106.36,93.49,106.19,5388601
1604586600,111,123.285,110.9901,120.26,4929140
1604673000,123.69,125.6399,118.66,122.53,3382118
1604932200,129.54,129.6077,116.74,117.08,3378923
1605018600,117.27,117.59,108.05,109.39,3169923
1605105000,113.9883,121.48,113.9883,120.43,2935945
1605191400,119.95,122.259,115.83,117.21,2059743
1605277800,119.4,120.36,115.1,116.59,1732227
1605537000,118.21,123.6,116.01,119.93,2173391
1605623400,119.57,126.58,118.65,125.12,1861521
1605709800,126.1787,127.49,122.5,124.92,1920648
1605796200,126.62,130.95,125.8501,128.89,2219178
1605882600,131,133.78,129.3,129.59,2984912
1606141800,132.93,134.85,130.45,134.43,2608314
1606228200,135.33,138.7,130.8,136.02,2705819
1606314600,136.21,141.42,135.13,139.07,2773757
1606487400,142.49,148.9373,137.77,140.56,3654754
1606746600,141.95,145,133.03,136.57,9315449
1606833000,138.6505,139.5247,127.3,128.85,3350188
1606919400,127.5,130.442,121.7,127.93,2490775
1607005800,129.5,133.69,126.29,127.67,1850653
1607092200,130.12,136.11,129.23,130.46,2413248
1607351400,130.29,133.2,127.22,129.32,1308648
1607437800,129.98,135.149,129.41,134.74,1528551
1607524200,136.36,136.715,125.87,127.26,2184123
1607610600,125.6675,132.22,125.54,131.21,1310483
1607697000,133.38,144.6,133,139.91,3083566
1607956200,143,147.49,137.7475,145.07,2215730
1608042600,147.4,161.56,147.2574,160.46,4003975
1608129000,159,163.46,152.53,163.31,3213304
1608215400,165.52,168.18,159,163.52,2818534
1608301800,163.69,169.67,163.005,164.41,3563254
1608561000,162.95,172.1,161.185,170.78,2741064
1608647400,174.99,186.4,173,177.27,3500861
1608733800,181.4008,184.08,174.2101,180.32,2535028
1608820200,179.7604,184.54,177.48,181.39,1062292
1609165800,188.452,189.4064,173.6718,175.49,2698571
1609252200,175.49,176.23,164.3001,170.2,3147304
1609338600,171.68,177.55,171.68,172.93,2474115
1609425000,176.9408,183.9899,172.91,175.47,5626524
1609770600,178.7,179.15,167.07,172.24,3878990
1609857000,175.71,186.63,173.55,181.48,4607169
1609943400,197.9,210.2,195.77,203.38,33331857
1610029800,209.84,222.43,209.2,213.76,6055484
1610116200,217.6977,219.97,200.05,207.41,5199658
1610375400,200.4,208.39,196.12,201.68,3005495
1610461800,204.88,207.99,197.08,206.49,2505216
1610548200,205.47,208.27,199.64,203.69,2411631
1610634600,207.04,216.22,206.5,208.83,2773012
1610721000,206.54,208.35,189.21,190.59,5237050
1611066600,197.83,204.01,194.21,201.28,3841441
1611153000,203.21,206.47,196.33,199.4,2746569
1611239400,201.97,214.5,196.65,212.09,3612618
1611325800,208.18,213.55,204.7,212.07,2521503
1611585000,215.555,221.42,200.36,202.73,3447564
1611671400,206.21,209.62,185.22,187.34,4957444
1611757800,180,190.9999,175.39,179.02,4470724
1611844200,182.85,195.7,177,193.74,3472152
1611930600,191.5,194.9499,177.67,182.35,2750795
1612189800,185.3,188.355,177.3494,186.34,2494265
1612276200,189.84,194.31,186.66,192.63,2178210
1612362600,196.1766,197.93,190,196.34,1693775
1612449000,194.6,197.24,191.58,195.63,1531327
1612535400,196.98,196.99,190.5,193.2,1755283
1612794600,194.63,203.38,193.6,197.87,2114248
1612881000,197.76,202.92,195.7028,200.1,2894577
1612967400,214,229.04,200.6,202.07,6482824
1613053800,205.5459,209.4237,197.26,199.08,2999119
1613140200,196,208.95,193.6587,206.51,2446200
1613485800,208.07,208.41,192.81,193.5,2866670
1613572200,190.02,191.5,181.52,189.34,3649967
1613658600,182.5,184,175.51,180.84,3633791
1613745000,185.02,194.94,184,189.74,2486151
1614004200,182.81,183.07,166.1244,167.86,4845805
1614090600,159.34,171.25,148,170.89,5325672
1614177000,170.66,183.25,163.1,180.87,4020983
1614263400,179.41,181,166.0951,167.37,5927352
1614349800,168,177.43,163.51,176.06,3046481
1614609000,179.98,186.77,177,186.45,2699570
1614695400,185.3,185.3,171.135,171.69,3343161
1614781800,171.39,173.79,160.93,161.12,3993545
1614868200,157.11,163.62,143,149.88,5586821
1614954600,153.68,154.65,129,143.55,6613434
1615213800,145,147.8564,131.47,132.06,4701656
1615300200,141,150.83,139.5,148.7,4848211
1615386600,158.01,162.7379,150.0901,152.43,4720738
1615473000,158.49,166.4,155.79,165.34,3681435
1615559400,157.5,166.25,153.1,164.71,2387900
1615815000,165.01,175.13,164.4,174.16,3378129
1615901400,173.01,175.78,163.56,166.31,2385422
1615987800,158.57,167.8276,153.09,163.82,4099383
1616074200,157.5,159.745,147.86,148.48,3886446
1616160600,151.57,156.75,147.55,154.95,5954113
1616419800,157.59,163.86,155.59,161.11,3055645
1616506200,160.4939,165.35,154.69,155.97,3576577
1616592600,159.0513,159.0513,147.93,147.98,2153461
1616679000,140.51,148.74,136.88,148.48,3736176
1616765400,148.07,153,144.5241,152.07,2041480
1617024600,148.97,152.24,139.69,142.14,2868981
1617111000,139.57,150.89,138.06,150.6,2504281
1617197400,155.87,164.87,154.58,162.16,2956612
1617283800,169.1178,172.39,162.25,162.69,2718144
1617629400,165.14,165.57,148.8,149.42,3653071
1617715800,151.4787,161.17,151.01,157.92,2647186
1617802200,156.12,157.68,149.225,150.01,2123540
1617888600,152.2,156.095,151.38,153.13,2104987
1617975000,150,152.52,147.25,151.35,2033687
1618234200,151.19,152.34,146.055,151.87,1636894
1618320600,150.93,153.53,147.58,153.09,1531678
1618407000,152.48,157.1,150.92,151.91,1726964
1618493400,155.55,155.65,142.42,145.79,2775303
1618579800,144.87,151.06,144.84,150.01,2302940
1618839000,146.93,153.6,139.27,141.14,2789445
1618925400,141.85,147.75,140.85,147,2697456
1619011800,144.08,155.36,142.0201,155.08,2599583
1619098200,160.18,167.23,159.01,160.88,3779705
1619184600,163.46,168.26,162,166.97,2289716
1619443800,167.35,174.09,164.9,172.65,2471206
1619530200,173.27,175.74,169.1,171.1,2656606
1619616600,150.36,152.99,144.55,146.91,12961016
1619703000,148.5,149.5761,140.08,143.4,4947453
1619789400,140.51,144.3399,139.11,139.25,3451790
1620048600,140.385,140.385,134.7285,136.41,3706247
1620135000,133.7,134.93,124.16,127.83,6601210
1620221400,130.2383,130.6941,124.96,126.88,3440483
1620307800,123.52,125.942,117.66,121.94,5159322
1620394200,124.0749,127.8099,121.35,122.96,3432738
1620653400,121.45,121.7148,116.92,118.12,3220670
1620739800,111.08,122.85,108.88,121.42,3884917
1620826200,117.055,120.7,115.96,117.17,3920312
1620912600,119.03,121.25,112.32,114.61,4365774
1620999000,116.43,120.14,114.61,119.78,2486361
1621258200,119.01,119.68,114.23,118.42,2886101
1621344600,119.0797,126.21,117.5,122.51,3742200
1621431000,119.91,130.8,119.2,130.67,4409654
1621517400,132.04,142.62,131.88,141.82,5137968
1621603800,144.3837,144.9981,139.59,142.28,3552862
1621863000,143.7,145.08,138.93,140.87,2284725
1621949400,142.29,143.11,136.16,138.53,2837895
1622035800,139.5,144.36,139.05,143.04,2795941
1622122200,143.24,145.5,141.66,142.31,2608092
1622208600,143.25,146.76,142.21,143.05,2175368
1622554200,144.5,146.378,137.23,139.44,2336172
1622640600,139.03,143.75,137.22,139.17,2419967
1622727000,136.75,138.24,132.475,134.13,2537251
1622813400,135.87,138.69,133.57,134.7,2193562
1623072600,133.62,137.91,130.65,137.47,2084567
1623159000,138.36,141.61,135.13,139.15,1612277
1623245400,139.95,141.23,136.7217,136.97,1615529
1623331800,137.15,144.4552,136.1801,143.5,3008424
1623418200,143.31,147.46,140.63,147.13,2522076
1623677400,148.03,151.7444,146.61,147.65,2063099
1623763800,147.26,147.71,143.42,144.92,1663775
1623850200,144.005,154.06,144.005,152.02,3405971
1623936600,150.59,164.28,150.12,161.99,4969858
1624023000,159.36,168.15,159.35,165.85,5347527
1624282200,163.53,165.89,157.55,163.08,2708794
1624368600,162.395,169.8,162.275,167.3,2195502
1624455000,167.45,171.7,167.17,170.24,2386145
1624541400,171.24,172.4605,165.93,170.77,2528701
1624627800,174.9,181.19,173.25,175.39,4042757
1624887000,179.02,188.99,178.42,188.33,2809885
1624973400,188.2,192.9199,184.4828,185.71,2882151
1625059800,184.31,186.38,181.25,183.63,2651062
1625146200,182.32,183.5,177.28,183.11,1711217
1625232600,185.88,191,184.63,186.41,1729751
1625578200,186.348,189.18,183.3401,188.81,2138881
1625664600,190.1,196.0196,181.41,181.83,2657897
1625751000,173.15,181.72,170.2593,179.72,2405822
1625837400,181,184.01,177.75,183.8,1424918
1626096600,184.3,187.62,180.49,185.72,1550335
1626183000,185.45,188.95,182.365,184.06,1351810
1626269400,185.05,185.92,170.61,170.79,2377082
1626355800,171.99,174.31,162.82,165.29,3122736
1626442200,167.54,168.3,163.02,163.45,1522772
1626701400,158.11,165.86,155.2535,165.28,1968319
1626787800,167.53,173.515,163.93,172.09,1943212
1626874200,173.55,180.9,172.3,179.79,1921570
1626960600,179.75,181.92,176.56,178.94,1329616
1627047000,178.9,178.9,174.21,178.18,1311711
1627306200,177.44,180.92,174.5,176.68,1246369
1627392600,175.52,176.85,166.128,172.86,2785752
1627479000,170.26,183,163.35,181.42,3610587
1627565400,182.56,188.36,179.4,182.06,2035271
1627651800,178.73,189.92,177.22,189.6,2351825
1627911000,190.01,191,182.35,183.11,2230587
1627997400,188.94,201.5,187,192.62,4428362
1628083800,192.33,196.4099,191.34,193.93,2027372
1628170200,192.6,193.528,182.991,183.45,2134513
1628256600,183.5917,184.343,177.5,179.74,2039331
1628515800,181.13,186.5983,178.8,185.56,1515219
1628602200,187.51,188.9743,183.32,184.09,1399171
1628688600,185.6,186.28,177.06,182.29,1495903
1628775000,180.73,183,178.212,181.29,1296933
1628861400,180.7,180.71,174.6,175,1300141
1629120600,173.605,174.23,166.6,167.54,1733582
1629207000,166.14,167.4,159.84,163.48,2029472
1629293400,164.745,166.6247,162.36,162.47,1162824
1629379800,161.38,166.49,160.27,162.89,1389703
1629466200,162.73,168.09,162.66,165.99,1132851
1629725400,168.8,172.88,166.71,172.24,2144497
1629811800,172.823,176.8,171.71,172.92,1234858
1629898200,172.93,174.65,170.34,172.91,763832
1629984600,172.91,177.78,172.105,172.43,1292135
1630071000,172.78,177.5,171.66,174.99,1043056
1630330200,176.657,179.05,174.61,177.78,1372851
1630416600,178.13,178.6168,169.604,173.73,2046153
1630503000,177.98,181.72,175.0001,176.43,1479996
1630589400,177.6534,180.31,175.51,176.89,1104494
1630675800,175.62,177.69,172.67,173.94,1181916
1631021400,171.5,172.72,166.6401,168.73,1917239
1631107800,171.36,174.99,163.085,163.38,2262593
1631194200,163.45,164.4,160.1801,161.36,2043134
1631280600,163.08,164.8,157.81,158.22,2034960
1631539800,158.99,161.01,154.17,160.09,1952613
1631626200,160.46,162.44,157.19,157.95,1543901
1631712600,156.87,157.67,152.11,155.53,2400817
1631799000,153.94,157.095,152.21,156.79,1997638
1631885400,155.43,161.67,153.965,160.89,3596097
1632144600,154.6588,156.77,149.32,152.44,2526365
1632231000,154.91,155.8,150.3,154.29,1949185
1632317400,153.24,158.92,152,158.21,1304372
1632403800,158.99,160.12,157,158.32,1151061
1632490200,157.21,157.39,152.1,153.66,1243438
1632749400,151.81,156.88,148.47,155.06,1565239
1632835800,152,153.07,149.42,150.71,1984977
1632922200,152.33,153.1,146.72,148.4,1866598
1633008600,150.19,151.73,148,149.97,1905260
1633095000,152.02,155.96,150.56,155.36,1612539
1633354200,153.54,153.72,144.47,145.03,2126809
1633440600,146,149.73,144.9,147.41,1411211
1633527000,144.36,155.85,143.4487,153.58,2355602
1633613400,156.17,162.73,156,157.23,1966338
1633699800,158.46,159.5,153.59,154.36,1205274
1633959000,154.75,165.4564,154.75,161.26,2146138
1634045400,162.12,172.1,162.12,169.84,2438486
1634131800,171.93,175.91,169.82,173.21,2119885
1634218200,175.6,176.6303,170.44,173.78,1541626
1634304600,174.59,175.96,171.09,172.92,2037801
1634563800,171.39,181.12,171.28,179.97,1900463
1634650200,181,190.87,180.1,187.06,2834433
1634736600,186.23,187,177.34,180.1,2250141
1634823000,179.47,184.775,177.96,179.8,2393691
1634909400,181.4672,181.4672,174.3294,176.7,1624328
1635168600,178.68,181.24,176.9201,179.43,1367541
1635255000,181.62,183.38,170.42,173.46,2974996
1635341400,205.5,225.4,204.04,216.22,15168362
1635427800,216.22,227.59,210.67,224.46,5733402
1635514200,225,237,225,231.63,4171341
1635773400,233.04,239.89,232.12,239.53,2631025
1635859800,238.05,239.0299,228.5306,237.61,2762926
1635946200,234.45,238.8799,231.07,236.58,2158489
1636032600,236.69,243.12,232.67,242.6,2162603
1636119000,242.12,244.88,234.26,237.9,1835639
1636381800,241.16,246.54,239,241.62,1242713
1636468200,243.55,244.38,232.5551,239.39,1214825
1636554600,228.73,237.8299,227.6,231.48,1422232
1636641000,235.41,252.05,235.31,250.49,2661051
1636727400,251.5,254.7,248.19,251.62,1600571
1636986600,253.64,253.99,241.61,244.71,1715600
1637073000,245.37,253.6,239.55,251.59,2242801
1637159400,252.01,260.56,250.5201,254.86,1772111
1637245800,258.32,259.75,249.02,254.48,1539809
1637332200,255.83,272,255.0222,267.74,2721858
1637591400,269.16,282.46,260.58,261.12,3029416
1637677800,258.08,265.2599,245.74,250.5,2598494
1637764200,251.88,255.92,242.8701,255.1,1541961
1637937000,250.39,259,243.62,247.42,1476151
1638196200,253.63,257.7,250.05,256.71,1513371
1638282600,252.9881,259.4,243.89,250,2793159
1638369000,253.39,255.09,234.62,236.86,2059013
1638455400,237,244.96,230.18,235,1949096
1638541800,242.26,243.39,215.79,217.1,3208715
1638801000,216.5,217.4199,207.05,212.94,2539553
1638887400,224.3953,230.05,220.5,222.56,1970221
1638973800,224.95,227.48,220.04,225.61,1644574
1639060200,225.61,229.01,215.8,216.35,1512180
1639146600,220.59,223.32,214.55,215.02,1639036
1639405800,215.63,220.35,208.48,213.52,2446832
1639492200,205.1,206.188,194.14,202.32,3418111
1639578600,203.31,204.97,192.83,204.04,2771478
1639665000,209.6,211,189.5098,190.85,3215443
1639751400,185.65,192.3,178.69,189.11,4416662
1640010600,179.68,185.6297,175.05,178.73,3834767
1640097000,181.825,189.53,180,189,2088385
1640183400,186.73,191.31,185.485,189.33,1378511
1640269800,190.49,191.29,186.585,188.17,1250547
1640615400,189.9044,191,184.6265,188.69,1272533
1640701800,190.47,190.83,184.67,186.79,1193390
1640788200,186.54,187.73,181.15,185.47,1102566
1640874600,185.75,189.52,183.1,186.41,1204823
1640961000,186.9,188.43,182.79,182.94,1107124
1641220200,185.23,187.58,180.7,184.45,1490885
1641306600,187.59,188,171.3,178.28,2483964
1641393000,174.555,174.85,156.76,157.2,4059029
1641479400,156.01,156.23,145.82,151.49,3546228
1641565800,152.11,154.95,144.17,145.13,3562956
1641825000,140.21,147.39,137.66,147.13,3730051
1641911400,145.92,151.29,145.245,148.51,3007568
1641997800,150.52,154.13,147.35,149.28,2430478
1642084200,156.64,157.3611,143.2,143.49,2765387
1642170600,141.56,147,138.88,142.84,2134803
1642516200,139.77,142.36,135.695,135.92,2679105
1642602600,138,140.31,133.66,134.58,2400804
1642689000,137.97,143.09,134.3,134.69,2711195
1642775400,131.9,133.56,124.5168,126.02,3896928
1643034600,119.7686,128.31,113.4,128.1,5219285
1643121000,123,127.46,120.48,122.65,2785816
1643207400,126.67,130.665,119.8,121.75,4013902
1643293800,125.2,125.779,119.62,119.97,2732751
1643380200,120.32,124.28,113.97,123.86,3074556
1643639400,125,140.75,125,140.47,3988906
1643725800,141.19,143.3486,136.62,142.67,2605202
1643812200,144.9,145.2608,138.5892,139.51,2375043
1643898600,134,139.02,130.07,132.91,2912453
1643985000,133.715,143.42,131.65,141.23,2536924
1644244200,140.52,146.74,139.4663,140.77,3609362
1644330600,139.2,145.67,137.1801,144.5,4026359
1644417000,178.52,183.15,154.6001,161.89,24860620
1644503400,156.19,166.7078,153.27,154.64,5356110
1644589800,154.07,156.84,143.78,145.69,3384260
1644849000,145.83,149.98,142.38,143.93,2439179
1644935400,147.61,154.89,147.57,154.29,3053181
1645021800,149.6,154.84,146.8,154.03,1972480
1645108200,151.23,154.77,147.825,148.37,1675660
1645194600,148.44,148.96,139.275,140.35,2610282
1645540200,137.19,139.9,131.3,133.03,2587922
1645626600,135,135.5199,126.12,126.56,2107527
1645713000,119,147.925,118.57,147.35,5034801
1645799400,148,154.5699,146.04,153.73,3086899
1646058600,157.4,167.95,157.4,166.7,5368896
1646145000,167.54,172.87,163.52,170.6,3539809
1646231400,169.875,169.875,159.53,163.89,3473325
1646317800,164.86,165.73,157.21,159.03,2329240
1646404200,159.82,164.25,152.95,158.15,2512550
1646663400,162.7,168,158.68,158.81,3294069
1646749800,160,182.65,158.95,175.99,6829983
1646836200,173.05,182,167.1,179.87,4552029
1646922600,178.935,180.4,169.2,178.72,3117797
1647009000,179.25,186.38,170.89,171.07,2771499
1647264600,169.0035,171.88,155.01,157.64,3058631
1647351000,157.87,164.84,150.88,164.64,2732349
1647437400,166.23,177.86,164.7,177.21,3147913
1647523800,174.44,183.45,172.79,180.85,2314889
1647610200,179.27,185.32,178.25,184.52,3194407
1647869400,184.62,187.94,179.4,185.45,1974177
1647955800,185.45,195.79,184.31,189.25,2333261
1648042200,184.89,197.92,184.1376,190.19,1908122
1648128600,191.24,197.86,189.33,197.84,1983495
1648215000,197.63,198.65,187.3,193.81,2010215
1648474200,191.17,201.34,189.65,195.52,2055000
1648560600,196,202.52,188.55,202.36,2397751
1648647000,201.73,203.85,195.575,196.65,1671810
1648733400,197.69,205.87,195.62,201.78,1851477
1648819800,201.03,208.7,201.02,205.89,2047186
1649079000,207.27,217.29,207.11,216.38,2390232
1649165400,216,220.985,209.658,211.23,3024139
1649251800,206.595,208.8,197.0841,203.99,2996837
1649338200,203.76,215.47,201.2901,206.95,2977257
1649424600,204,206.14,194.74,195.14,1820116
1649683800,191,194.32,185.24,187.88,2683392
1649770200,192,194.89,185.6,185.95,1863584
1649856600,187.47,193.75,184.505,193.23,1480273
1649943000,192.12,197.29,189.9,190.51,1543196
1650288600,190,192.73,187.06,190.03,1507122
1650375000,190.32,195.96,185.39,195.6,1646559
1650461400,197.27,197.85,176.72,178.53,2797607
1650547800,181.97,181.97,154.41,156.56,5301480
1650634200,156.91,161.47,150.52,153.63,3877630
1650893400,151,158.26,146.6226,157.6,2828997
1650979800,154.68,158.76,151.23,153.83,3597062
1651066200,169.5,178.2499,161.6001,165.71,7929982
1651152600,170.39,172.48,156.42,164.47,3332616
1651239000,163.45,170.82,160.13,161.4,2422661
1651498200,159.37,168.76,158.18,168.33,1927318
1651584600,168.12,177.01,166.01,174.53,2208369
1651671000,175.48,192.9,174.28,191.94,3644689
1651757400,188.39,190.92,177.82,181.14,2194559
1651843800,179.64,179.86,164.72,165.89,2543237
1652103000,160.4,163.74,146.62,150.51,3022067
1652189400,156.79,161.9754,144.32,151.65,2777145
1652275800,149.28,151.5899,136.49,137.55,3171422
1652362200,133.15,147.513,128.67,140.94,3932083
1652448600,146.62,159.46,146,157.79,3090340
1652707800,154.2,159.92,150.45,151.03,1795009
1652794200,156.99,161.21,151.1,158.11,1524466
1652880600,155.01,166.1507,154.1964,156.17,2077250
1652967000,156.17,173.98,156.17,165.54,2966957
1653053400,169,171.55,160.77,168.25,2503758
1653312600,168.58,170.51,161.69,169.55,1640607
1653399000,167.22,168.7,159.605,162.51,1840551
1653485400,160.68,171,160.68,169.28,1568305
1653571800,167.5,181,165.96,178.78,2104813
1653658200,180.72,190.2,180.3,188.95,2239488
1654003800,188.97,193.584,183.405,186.19,2709392
1654090200,187.71,191.5,180.3525,182.49,1479742
1654176600,183.12,200.68,182.27,198.93,2943038
1654263000,192.86,203.75,190.2,196.34,2081646
1654522200,211,215.35,204.3101,206.97,4167794
1654608600,203.73,210.1696,201.8499,209.63,2067032
1654695000,209.34,217.23,202.66,204.77,2230205
1654781400,203.17,209.75,200.415,200.51,1710273
1654867800,197.19,203.22,191.6,196.19,2395240
1655127000,182.58,187.05,173.56,178.24,3462923
1655213400,179.96,182.12,174.6,179.52,1761668
1655299800,180.24,191.22,175.55,188.48,2424757
1655386200,180,184,167.23,169.595,2821823
1655472600,170.5,187.68,168.27,184.75,3829270
1655818200,187.91,198.73,187.91,193.29,2677241
1655904600,187,198,185.5196,193.43,2569821
1655991000,195.83,201.79,189.93,200.67,2464483
1656077400,203.69,204.42,190.41,198.39,3448843
1656336600,201.92,210.1,199.6,206.17,2765749
1656423000,206.17,207.19,189.4,190.65,2432882
1656509400,185.95,186.79,178.5,184.64,3018952
1656595800,185.7,198.8138,182.72,195.24,3264908
1656682200,193.5,200.85,191.05,195.72,2068380
1657027800,190.07,193.64,179.2,192.59,2621375
1657114200,193.44,199.41,190.0873,194.93,1642320
1657200600,199.37,212.89,198.64,206.84,3826230
1657287000,204.81,219.09,200.91,216.45,3578792
1657546200,214.61,214.87,203.51,206.06,2481669
1657632600,206.4,208.74,187.85,189.47,3494923
1657719000,185.01,197.85,182.2801,192.63,2599836
1657805400,191.72,197.45,185.2,196.92,1882651
1657891800,190,195.18,175,194.91,6620245
1658151000,199.61,213.66,199.61,206.43,3490631
1658237400,208.64,213.66,203.59,213.34,3147029
1658323800,212.84,221.35,211.7283,218.83,2813630
1658410200,218.71,219.91,212.2,219.78,1935585
1658496600,220.45,225.6,211.11,211.54,2532130
1658755800,213.49,219.3799,207.16,218.55,2734343
1658842200,216.08,219.79,213.29,216.1,3094687
1658928600,235.28,257.5499,229,254.77,11773470
1659015000,271.4,285,263.5,274.18,9418627
1659101400,268,287.38,267.5,284.18,5299733
1659360600,282.91,290.47,277.32,280.89,4427429
1659447000,278.27,298.97,273.3,292.26,4410123
1659533400,290.52,292.6854,275.23,290.25,4582084
1659619800,289.39,298.24,284.78,295.82,2959107
1659706200,296.2,305.88,289.095,300.91,3669754
1659965400,305.12,308.88,283.61,287.74,4285677
1660051800,282.9,295.6455,280.35,290.82,3428310
1660138200,298.75,304.32,287.49,303.25,3148229
1660224600,305.48,305.605,291.5042,292.9,2903294
1660311000,295.45,300.24,291.39,299.26,2421874
1660570200,295.75,306.5,292.6,301.13,2489548
1660656600,298.88,299.575,289.56,292.94,3551344
1660743000,289.41,296.79,284.55,293.13,2181633
1660829400,297.5,304.4799,293.68,294,2134936
1660915800,287.575,289.24,280.78,283.7,2668220
1661175000,276.05,285.2,272.71,280.76,2327613
1661261400,282.24,287,278.19,285.41,2282198
1661347800,285.45,297.65,283.5,293.09,1988216
1661434200,296,299.92,289.59,299.81,1731970
1661520600,300,305.66,288.16,288.59,2459140
1661779800,284.245,295.795,283.0101,284.82,2939124
1661866200,288.45,296.82,276.7,285.77,3438416
1661952600,291.14,293.8,280.53,286.44,2715886
1662039000,280.285,285.543,271.75,281.86,2678875
1662125400,284.5,287.69,274.31,279.07,2527327
1662471000,282.91,297.9899,278.92,292.82,4050079
1662557400,291.22,318.22,291.12,316.31,7161750
1662643800,315,324.8399,311.1963,317.41,4505194
1662730200,312,314.5,294.2,305.7,5659010
1662989400,304.27,309.785,297.11,308.93,3525918
1663075800,297.29,311.49,293.04,305.5,4449618
1663162200,306.04,320.97,298.62,320.62,4222040
1663248600,316.31,322.95,307.67,312.18,3821220
1663335000,306.93,318.32,301.84,318.01,4852874
1663594200,313,319.65,309.88,316.23,3013952
1663680600,314.91,317.28,304.5,304.71,2624578
1663767000,306.75,318.49,297.34,304.56,4194267
1663853400,301.9,306,280.975,283.63,4696070
1663939800,279.03,281.5,270.57,279.49,3936229
1664199000,277.86,288.95,273.6713,274.92,3358851
1664285400,285.1,294.8,282.04,284.81,3689607
1664371800,282,294.385,279.2,292.31,2742348
1664458200,287.58,290.98,273.62,277.84,3572753
1664544600,276.65,286.73,273.4,277.47,3135631
1664803800,279.54,289.43,278.5,286.61,3068737
1664890200,296,297.71,286.38,288.25,3635093
1664976600,284.74,285.38,248.13,261.6,12141078
1665063000,260,269.335,254.61,257.45,4470892
1665149400,253.902,263.7399,252.26,255.15,4868262
1665408600,252.54,260,246.38,258.18,3522343
1665495000,254.02,259.39,247.86,255.8,3814299
1665581400,256.91,259.3999,246.92,248.13,3461437
1665667800,237.11,250.9096,234.58,248.7,3648572
1665754200,249,254.21,237.26,237.87,2896144
1666013400,244.9,250.24,238.88,242.29,2918221
1666099800,250.63,253.9999,245.2601,251.42,3102424
1666186200,247.5,247.6,238.86,243.19,3166083
1666272600,242.49,247.68,234,244.29,3449218
1666359000,243.2,254.19,237.57,252,4687916
1666618200,253.1,253.98,243.01,253.3,3322138
1666704600,256.57,268.89,256.22,265.59,4893712
1666791000,290.92,303.97,279.01,291.87,9587902
1666877400,295.56,312.77,292.62,306.08,5505317
1666963800,308.82,309.56,296.595,305.25,4078899
1667223000,301.11,308.2799,296.86,307,2653821
1667309400,314.55,316.8695,299.12,299.48,3016503
1667395800,300,306.78,289.31,289.5,3533272
1667482200,287.08,302.3506,286.125,296.11,2531566
1667568600,303.99,305.3,271.7,282.44,4117104
1667831400,282.31,283.38,262.6,268.83,3796158
1667917800,274.6,282.715,271.1,280.07,2758762
1668004200,278.89,295.9,278.07,284.75,3326300
1668090600,295.68,312.29,288.14,309.25,4402468
1668177000,308.25,319.4873,291.29,292.01,5078352
1668436200,299.07,306.4699,285.0101,297.94,4280571
1668522600,309.525,313.39,299.84,300.73,3086796
1668609000,299.62,312.79,297.5032,305.18,3449160
1668695400,299,314.78,294,312.96,3538955
1668781800,315.37,322.6499,307.76,311.94,10460645
1669041000,308.3,310.5,297.05,308.1,2817497
1669127400,309.02,321.09,303.02,320.44,2848579
1669213800,318.93,324.46,314.72,315.78,2637658
1669386600,315.05,323.44,310.7501,319.42,1538815
1669645800,316.575,323.79,309.92,312.21,2666975
1669732200,312.71,315.74,303.06,303.39,2385430
1669818600,306.65,320.97,305.31,320.59,4063999
1669905000,322.11,322.3349,312.5,314,2222025
1669991400,310.62,338.16,309.61,336,5542131
1670250600,334.01,339.92,326.31,335.82,3912202
1670337000,332.99,335,304.4502,309.73,5609667
1670423400,309.22,317.44,300.34,317.05,3787855
1670509800,319.75,324.88,315.07,319.87,2336887
1670596200,314.5,326.48,312.5364,319.55,2399665
1670855400,315.46,323.32,312.551,320.86,2509160
1670941800,331.01,333.64,320.8601,325.99,2551970
1671028200,325.99,338.1,324.7979,332.8,2754973
1671114600,324.9,334.8399,312.14,314.06,3471675
1671201000,309.95,313,299.0101,303.39,4635819
1671460200,308.11,312.91,301,305.01,2349173
1671546600,302.52,310.09,293.2,302.07,2257382
1671633000,302.45,317.825,290.06,317.1,3877335
1671719400,312.62,316,291.8701,298.87,3085488
1671805800,302.57,303,288.27,293.95,2338842
1672151400,292.42,293.03,273.77,274.54,3282559
1672237800,272.16,273.09,262.52,267.38,2891941
1672324200,271.92,274.44,264.14,265.49,3300660
1672410600,260.95,265.72,258.4653,264.96,2350107
1672756200,269.17,271.72,250.51,253.31,3091412
1672842600,252.45,256.22,246.76,251.64,3604487
1672929000,248.55,251.8499,239.41,240.37,4099257
1673015400,240.82,241.7399,230.1,233.65,5401545
1673274600,236.36,243.17,227.14,227.94,4657991
1673361000,227.36,233.45,224.45,229.83,3655783
1673447400,229.22,242,229.01,238.82,5298592
1673533800,240.86,243.22,230.55,241.72,3699830
1673620200,238.415,251.65,238.415,245.83,3965452
1673965800,249.08,260.98,245.1663,251.06,4427975
1674052200,255,260,245.4,250.31,3632192
1674138600,245.9,249.25,222.91,222.97,6219688
1674225000,224.75,227.9,219.8253,222.54,6102237
1674484200,223.58,234.325,217.97,228.44,4818285
1674570600,222.5,223.95,215.28,219.47,5967625
1674657000,207.17,211.7146,201.68,210.32,6627850
1674743400,213.9,214.4899,203.61,208.02,3510148
1674829800,206.65,213.5938,204.67,210.09,3731410
1675089000,208.43,217.99,206.25,212.22,4017912
1675175400,212.17,221.58,212.15,221.38,4161948
1675261800,221.26,229.64,216.91,227.14,4137604
1675348200,232.7,235.9,222.2,227.7,4405246
1675434600,220.002,227.8953,219.4264,222.93,2506050
1675693800,224.13,231.68,220.57,222.99,3758653
1675780200,225.88,230.1099,219.5577,228.46,6312290
1675866600,246.9,247,214.79,218.87,14098017
1675953000,221.71,222.4899,202.76,209.6,9220446
1676039400,208.91,220.287,206.8601,212.07,6710943
1676298600,212.88,217.07,208.5,212.57,3597030
1676385000,208,211.39,199.03,208.35,6190897
1676471400,208.88,218.62,207.17,217.87,4547465
1676557800,212.5,217.12,202.67,202.8,4941031
1676644200,202.65,206.58,202.04,204.99,4082797
1676989800,203.69,207,200.5,201.65,3275578
1677076200,202.47,205,198.5,203.57,2399699
1677162600,207,208.8243,198.13,204.71,2971838
1677249000,199.46,203.16,196.25,198.96,2776834
1677508200,205.47,213.28,203.3593,210.78,4119834
1677594600,209.82,213.49,207.15,210.53,2807004
1677681000,212.21,216.385,210,212.95,2632958
1677767400,209.34,212.35,207.44,211.56,1804700
1677853800,213.36,219.18,210.77,217.16,2547321
1678113000,218.57,230.44,217.61,225.35,4529601
1678199400,225.17,227.67,219.46,224.21,2938489
1678285800,222.72,223.58,213.66,218.31,3170379
1678372200,219.18,224.4061,214.65,215.85,2564006
1678458600,217.07,221.52,207.54,210.22,3675692
1678714200,209.17,215.59,203.11,211.53,3146932
1678800600,216.59,221.485,209.2101,213.01,2946276
1678887000,209.98,211.97,198.69,205.76,3910089
1678973400,204.92,205.58,198.28,201.1,3542949
1679059800,200.7,200.7,181.55,183.64,8717499
1679319000,189.59,196.88,185.2,192.51,5073471
1679405400,196.93,209.35,195.2901,207.63,5470658
1679491800,209.65,211.22,201.75,202.15,4009367
1679578200,207.2,214.85,201.83,204.66,3430937
1679664600,202.35,203.55,192.36,195.99,4042246
1679923800,199.36,200.27,191.6,195.83,2769472
1680010200,196,196.5954,190.624,193.52,1811132
1680096600,196.75,205.7999,191.3547,203.95,3643043
1680183000,209.435,214.19,203.8118,205.27,3051203
1680269400,206.02,212.13,205.81,210.28,2776846
1680528600,213.98,215.8856,201.6293,202.6,3609614
1680615000,202.89,203.2,198.65,202.54,2164091
1680701400,200,201.7086,187.73,193.67,3914946
1680787800,191.43,192,187.15,191,2907780
1681133400,189.09,195.9,188.51,195.8,1978576
1681219800,195.9,199.04,193.12,196.88,1638892
1681306200,199.9,201.26,195.81,196.03,1991380
1681392600,200.01,211.59,198.52,209.69,4395669
1681479000,209.77,214.65,204.6,208.9,2996418
1681738200,215,229.24,214.78,224.92,7481802
1681824600,225.43,231.42,222.23,227.87,3599233
1681911000,225.06,228.5,222.28,224.27,2234296
1681997400,220.5,226.26,219.3,224.79,2516400
1682083800,223.75,226.77,219.9,223.61,2661341
1682343000,223.61,225.315,214.53,224.6,3472501
1682429400,222.41,228.36,220.27,220.6,4423307
1682515800,178.63,183.31,160.6146,163.83,25345160
1682602200,166.53,169.12,162.3691,164.18,8898167
1682688600,163.32,164.3,156.31,164.2,7878578
1682947800,164,166.6448,159.7,160.59,5245199
1683034200,158.73,158.8808,152.15,152.88,5177300
1683120600,153.405,158.63,152.63,155.42,4434210
1683207000,158.87,159.88,154.63,155.42,4198769
1683293400,157.59,160.7,154.8201,159.65,3402854
1683552600,161.7,164.555,158.45,163.29,2784158
1683639000,161.01,161.7376,156.31,157.83,3620917
1683725400,158.98,162.03,157.59,161.42,2957840
1683811800,159.4,162.72,159.06,160.79,1969905
1683898200,163.86,172.6,163.84,167.55,6722138
1684157400,167.71,172.11,165.585,168.71,3397410
1684243800,167.35,169,160.8,160.96,3333863
1684330200,161.3,165.59,159.09,163.73,2930237
1684416600,163.27,164.57,159.605,163.72,2503456
1684503000,165.35,166.72,161.52,162.37,3104328
1684762200,162.8,166.95,162.655,164.65,2622762
1684848600,162.38,166.1399,161.54,162.83,2664642
1684935000,160.252,164.33,158.81,164.05,2458669
1685021400,165.36,165.37,161.55,164.59,2562809
1685107800,165.66,166.88,161.85,165.2,2687321
1685453400,167.72,175.81,167.2962,174.12,4056620
1685539800,173.85,176.2207,169.3,173.88,3658967
1685626200,174.25,184.06,172.3001,181.47,3087160
1685712600,187.87,187.99,179.73,181.86,3048297
1685971800,183.64,186.7,180.2534,182.73,2743025
1686058200,180.56,185.85,179.73,182.61,2100083
1686144600,184.05,186.8,181.67,182.09,2496114
1686231000,182.1,183.94,179.53,181.4,1804782
1686317400,182.77,182.8,174.48,174.58,2597129
1686576600,172.83,177.11,169.63,176.89,3132381
1686663000,179.99,184.1959,175.8,179.66,3123113
1686749400,179,180.9296,174.65,179.2,2985709
1686835800,177.35,182.06,175.46,180.51,3574880
1686922200,183.29,184.92,176.58,181.81,4630104
1687267800,181.9,181.9999,168.3,171.99,5356345
1687354200,171.8,174.17,167.28,167.99,3376727
1687440600,164.84,165.2955,156.01,162.53,5991353
1687527000,159.72,162.17,155.87,158.69,4462253
1687786200,159.18,162.56,158.23,159.21,2770496
1687872600,160,161.42,157.16,161.03,3014169
1687959000,160,164.7,158.65,161.42,2919170
1688045400,162.31,165.1,157.43,158.77,3414007
1688131800,162.34,168.77,159.7,167.48,5161776
1688391000,169.59,173.72,168.23,169.55,2499228
1688563800,169.32,169.98,164.15,165.34,3059740
1688650200,163,164.3349,160.06,161.38,3044314
1688736600,162.53,169.5,162.289,166.17,3292162
1688995800,166.13,176.24,163.44,175.47,4021790
1689082200,175.48,177.02,172.71,173.78,2812777
1689168600,178,183.87,177.8101,182.8,5125776
1689255000,186,186.36,181.03,182.64,3124051
1689341400,183.29,183.57,176.9,177.94,3396249
1689600600,178.11,191.305,175.5,189.67,4687329
1689687000,189.67,192.22,183.03,184.05,4484806
1689773400,186,189.5,184.29,185.49,2985641
1689859800,178.62,180.54,175.65,175.92,4808932
1689946200,178,179.71,174.83,177.48,4534480
1690205400,178.98,179.87,175.03,177.81,2659460
1690291800,178.47,182.26,178.01,179.47,2901016
1690378200,170,176,168.33,173.36,5607459
1690464600,175.15,175.59,166.25,166.8,8267005
1690551000,150,154.91,145.67,154.33,15657463
1690810200,154.25,156.67,150.35,151.83,5489949
1690896600,150.45,153.56,149.92,150.32,3983944
1690983000,145,145.5,139.891,140.69,7200631
1691069400,140,144.25,139.28,140.36,3808880
1691155800,140.76,144.4,138.96,140,4041686
1691415000,140,140.12,132.48,135.45,5600437
1691501400,133.78,135.95,133.12,135.77,2995300
1691587800,136.63,139.49,134.77,138.46,3218679
1691674200,139.08,141.19,135.69,136.46,2999213
1691760600,134.4,136.0599,133.3,135.2,2230518
1692019800,134.01,138.62,131.67,138.59,2481207
1692106200,138.12,138.12,134.45,134.56,2126661
1692192600,132.76,136.95,132.18,132.875,2507084
1692279000,132.31,133.19,130.4,131.44,2926592
1692365400,129.26,132.09,128.5637,130.34,2891619
1692624600,130.63,132.19,129.22,130.16,2396202
1692711000,130.8,130.99,127.34,128.32,2671115
1692797400,128.71,131.4,127.17,130.36,2438669
1692883800,130.98,131.09,121.7561,122.34,5484185
1692970200,121.94,125.03,120.9,124.09,2955100
1693229400,125.69,126.485,123.9,125.3,2352839
1693315800,125.41,129.79,124.46,129.05,3135127
1693402200,129.53,130.3,127.02,128.11,1805960
1693488600,128.08,129.38,126.04,126.53,2407045
1693575000,128.99,132.3344,127.98,128.73,2808743
1693920600,127.3,130.5,127.06,127.77,2383952
1694007000,127.21,127.685,122.05,123.03,2787661
1694093400,121,122.34,118.14,122.23,3411169
1694179800,122.11,122.2899,119.51,120.23,2866052
1694439000,122.295,124.14,120.304,122.19,3200369
1694525400,120.42,124.389,119.46,123.35,3162913
1694611800,123.3,123.68,118.585,119.6,3538608
1694698200,121.25,123.4,119.89,122.31,3454490
1694784600,121.5,122.79,119.44,120.3,3613346
1695043800,119.15,119.3,116.86,117.16,3600842
1695130200,119.5,124.19,119.4,122.09,5737672
1695216600,122.28,127.4699,121.05,123.97,4526451
1695303000,124.215,125.88,122.17,124.85,3685428
1695389400,126.37,126.5,119.405,119.92,4061231
1695648600,119.175,123.74,118.8001,121.1,2747811
1695735000,119.74,120.32,117.59,119.15,2457892
1695821400,120.12,122.75,118.3501,120.11,2943007
1695907800,120.9,121.78,116.35,120.02,3312820
1695994200,121.7,124.675,118.93,120.15,2704842
1696253400,119.2,120.6599,116.25,116.84,3253782
1696339800,115,116.13,111.44,114.22,4961417
1696426200,114.76,120.06,112.9,117.18,5025310
1696512600,116.99,117.75,112.42,116.01,3477543
1696599000,113.98,119.67,112.5,119.16,3385264
1696858200,117.3,120.2283,116.265,119.75,2908470
1696944600,119.83,127.915,119.21,125.75,5107846
1697031000,127.36,131.91,126.2,128.61,4132298
1697117400,127.46,127.81,122.85,124.58,3260138
1697203800,123.87,125.7999,121.88,123.81,2803926
1697463000,121.3,128.23,121.01,127.11,3111084
1697549400,125.24,132.16,124.52,129.24,3755201
1697635800,128,128.18,122.89,123.84,3434311
1697722200,121.76,122.67,115.56,115.9,6508447
1697808600,99.56,103.98,97.27,98.89,14475364
1698067800,98,100.17,95.62,96.29,6270950
1698154200,96.34,97.45,94.24,94.84,5093387
1698240600,94.05,95.35,90.6,94.35,5181643
1698327000,94.61,99.33,93.04,96.18,7766646
1698413400,82.19,84.85,79.55,82.09,19391283
1698672600,82.1,84.56,76.06,78.66,10784935
1698759000,79.19,80.79,78.19,79.58,5808613
1698845400,79.21,79.59,74.7,76.73,8043114
1698931800,76.89,82.44,76.17,78.92,8325869
1699018200,81.61,83.54,79,80.81,6112964
1699281000,81.45,82.22,76.2509,78.18,4802077
1699367400,78.08,79.29,76.52,78.83,3913892
1699453800,78.83,79.23,76.8,76.9,3850004
1699540200,77.47,78.85,75.3575,75.56,3962801
1699626600,75.02,78.02,73.49,77.98,3828694
1699885800,77.19,79.14,75.99,78.55,2923007
1699972200,83,91.67,83,91.39,9411969
1700058600,92.9,98.42,91.98,92.81,8214384
1700145000,92.24,93.97,88.8,90.67,4306630
1700231400,91.8,92.96,88.548,92.86,3693191
1700490600,93.55,98.78,91.64,98.5,6108144
1700577000,98.12,98.83,96.68,98.32,4490014
1700663400,99.32,101.8641,98.41,100.2,4069751
1700836200,99.85,101,97.57,100.22,1913447
1701095400,99,99.9075,96.73,97.8,3802224
1701181800,97.11,100.99,95.65,99.1,3762629
1701268200,101.47,103.07,99.6,100.96,3167273
1701354600,102.08,102.08,98.6,101.02,4927006
1701441000,100.17,106.74,98.88,106.52,4326050
1701700200,106.5,110.325,106.5,108.87,4847303
1701786600,107.86,111.75,106.97,110,4456558
1701873000,111,111.19,106.5,106.77,4150095
1701959400,107.98,108.88,106.3,107.17,2565209
1702045800,107.38,108.46,101.64,103.01,4408879
1702305000,100.61,105.24,100.14,103.55,3796498
1702391400,102.61,102.6376,96.69,99.82,5668779
1702477800,95.8,108.28,95.2,107.61,7318951
1702564200,113.82,123.84,113.52,120.22,14495531
1702650600,125.82,126.1999,120.7201,123.92,17202340
1702909800,121.32,126,120.78,124.03,5779139
1702996200,126.56,136.1999,125.5,135.32,10574078
1703082600,134.6,136.05,127.87,128,7121482
1703169000,130.87,134.6,129.3866,133.86,4966459
1703255400,135.87,137.08,132.04,133.99,4146189
1703601000,134.56,139.65,133.9568,137.34,3625649
1703687400,138.03,138.3499,134.84,135.63,3750194
1703773800,134.96,137.1899,133.45,134.79,2665079
1703860200,134.22,135.9499,131.89,132.14,2818054
1704205800,130.66,135.65,128.67,131.24,3039250
1704292200,126.82,127.3,119.52,122.63,6025492
1704378600,120.22,121.52,117.595,118.07,3928249
1704465000,115.18,119.87,114.52,115.39,4183655
1704724200,119.44,119.6499,115.4,116,4657614
1704810600,114.22,118.2098,113.125,117.06,2788914
1704897000,117.01,117.64,114.01,117.54,2771026
1704983400,116.18,116.487,110.82,114.29,4056770
1705069800,115,117.23,109.68,110.22,3759028
1705415400,109.78,109.92,107.3,108.75,3917433
1705501800,105.51,107.1,103.87,105.55,4015862
1705588200,107.22,107.44,103.69,106.66,2908629
1705674600,106.25,106.75,101.57,103.59,6131624
1705933800,106.73,115.08,105.74,107.15,5937465
1706020200,113.25,115.16,108.52,111.3,4962896
1706106600,114.38,114.64,108.05,108.07,3906188
1706193000,109.18,110.1,103.7201,106.83,3888031
1706279400,107.7,109.45,104.97,105.37,2581922
1706538600,105.23,109.44,103.435,109.17,3232195
1706625000,107.74,110.96,106.26,106.35,3030496
1706711400,105.46,111.93,104.05,104.13,5027756
1706797800,106.59,109.91,102.76,105.44,3998759
1706884200,102.97,102.97,98.88,101.76,4307906
1707143400,98.81,99.05,93.52,97.8,6692950
1707229800,97.15,101.1,95.6,100.51,7429060
1707316200,119.54,124.1,114.7,117.51,16861254
1707402600,117.85,120.98,114.34,116.88,7157548
1707489000,117.85,124.55,117.3,122.47,5449148
1707748200,123.5,132.88,122.8,128.9,6861850
1707834600,119.93,125.4506,119.2,123.56,6110395
1707921000,126.61,131.79,124.4,131.62,4056533
1708007400,135.39,138.21,133.28,136.39,5227151
1708093800,134.49,137.5,131.79,131.87,3223483
1708439400,129.6,131.8025,125.71,127.55,4047546
1708525800,122.43,126.61,120.54,126.24,4157430
1708612200,128.15,128.4799,122.73,123.44,4007421
1708698600,123.36,124.205,117.77,118.19,3660330
1708957800,118.75,122.4365,117.82,119.84,2594573
1709044200,121.74,122.43,119.03,121.11,2678776
1709130600,121,122.0993,118.08,119.1,2912154
1709217000,123.694,129.66,123.08,127.01,5269916
1709303400,127.33,130.92,123.43,129.66,2643731
1709562600,130.35,131.0899,123.07,123.97,2793188
1709649000,122.14,126.42,120.356,125.09,3076662
1709735400,127.32,129.76,121.2,125.36,2858928
1709821800,127.07,131.2,126.02,129.69,2711351
1709908200,132,135.4,129.38,130.28,3280431
1710163800,130.28,133.658,128.21,128.69,2539078
1710250200,127.46,127.9299,119.05,121,4504491
1710336600,119.1,121.63,116.345,118.17,4057358
1710423000,116.59,117.7,109.31,110.41,4212291
1710509400,109.08,110.8799,106.52,107.73,4748524
1710768600,108.85,112.85,106.49,111.19,3419365
1710855000,109.35,111.06,108.3,109.16,2406066
1710941400,109.37,115.35,108.22,113.7,3435624
1711027800,114.63,118.564,114.06,115.38,3261215
1711114200,114.65,115.23,112.4,114.61,2236828
1711373400,114.01,116.31,110.945,111.05,2802683
1711459800,112.73,113.45,109.25,109.35,2551274
1711546200,110.7,120.08,110.7,119.8,4947099
1711632600,119.7,124.4,119.395,120.98,2968703
1711978200,121.33,123.14,117.52,118.29,2084176
1712064600,115.45,115.8,112.38,113.55,2504226
1712151000,112.06,118.66,111.17,118.6,2917359
1712237400,120.59,127.67,120,120.78,5141873
1712323800,113.58,117.58,112.25,112.27,6284274
1712583000,112.79,116.45,112.36,115.24,2624168
1712669400,115.33,122.03,115.33,121.98,3448330
1712755800,116.155,120.03,113,119.6,5005501
1712842200,122.2,124.8,117.6868,121.7,3179951
1712928600,121.7,123.425,116.34,117.02,2915405
1713187800,116.52,117.505,111.8,112.47,2784276
1713274200,111.82,112.28,108.7051,110.47,2932679
1713360600,111.8,114.3799,108.56,112.05,3624448
1713447000,111,113.25,106.82,109.17,3174752
1713533400,109.36,109.85,105.96,106.48,3460199
1713792600,107.22,110.9,105.6127,110.51,3557847
1713879000,109.93,116.1,109.65,113.48,6413572
1713965400,112.6,118.24,105.93,107.17,10885674
1714051800,105.57,108.55,98.4,107.83,7493468
1714138200,111.36,115.4701,109.55,111.93,5827272
1714397400,113.64,115.75,111.13,113.85,3117900
1714483800,111.25,111.945,108.69,108.76,2768338
1714570200,109.05,110.95,105.06,105.16,4364118
1714656600,107.37,107.81,102.34,106.06,4241663
1714743000,110.52,117.26,110.52,114.2,6067183
1715002200,114.28,117.5,114,115.08,2758250
1715088600,115.86,118.8,113.4,114.925,2557520
1715175000,112.04,115.45,111.51,112.36,2822051
1715261400,110.53,112.1036,108.52,111.13,3726160
1715347800,112.99,113.7,107.44,108.35,3201828
1715607000,108.69,113.49,108.69,110.78,2950157
1715693400,114.54,121.39,113.12,117.11,4521486
1715779800,120.46,121.62,114.06,115.47,3875670
1715866200,117.31,117.92,114.02,116.85,2733379
1715952600,116.68,118.1072,113.66,114.32,2259115
1716211800,114.5,114.79,110.6684,113.45,2451779
1716298200,112.38,113.28,110.92,111.5,2540001
1716384600,111.42,124.79,111.22,121.23,8382189
1716471000,121.66,122.15,116.11,117.5,5109076
1716557400,118.9,127.52,118.14,125.18,5484431
1716903000,128.75,131.13,127.26,129.38,4699939
1716989400,125.54,128.8435,124.8,125.69,3980936
1717075800,127,133.34,126.3671,130.66,3948734
1717162200,132,134,125.23,127.9,6043301
1717421400,131.21,131.61,126.7401,127.55,2226245
1717507800,128.04,132.2,125.9,129.77,2964462
1717594200,131.58,134.98,129.33,133.24,2612455
1717680600,133,133,129.97,132.3,1740832
1717767000,129.91,130.38,122.06,122.75,3724300
1718026200,123.23,131.2399,122.02,130.67,3441898
1718112600,129.39,132.85,126.37,132.41,2667348
1718199000,139.6,141.63,133.09,134.52,4992573
1718285400,134.02,134.9899,128.7001,129.72,2671675
1718371800,129.39,131.735,124.28,124.61,3054976
1718631000,123.67,124.2025,118.32,120.83,3668523
1718717400,119.5,121.19,118.25,119.01,2673111
1718890200,110.92,113,107.645,108.57,7521958
1718976600,107.83,108.8,105.42,106.67,5712666
1719235800,106.92,109.11,104.5501,108.02,5093025
1719322200,106.94,108,101.52,101.85,5617284
1719408600,101.36,103.16,100.41,102.95,4486790
1719495000,102.95,106.49,101.58,105.23,3206842
1719581400,105.17,105.55,98.37,99.71,5476955
1719840600,99.5,99.71,96.88,97.26,3124539
1719927000,96.45,99.58,95.21,95.77,3725621
1720013400,97,99.18,95.25,99.17,3961714
1720186200,100.69,101.46,97,97.14,2858220
1720445400,98.6,102.95,97.76,102.81,3542872
1720531800,101.69,104.755,100.04,103.59,3304257
1720618200,104.81,107.28,102.55,106.75,2975974
1720704600,111.64,115.29,108.7501,111.68,6112359
1720791000,113.51,119.71,113.3,119.34,5640585
1721050200,114.66,115.8699,110.35,113.06,5350674
1721136600,114.61,116.4,111.12,116.17,3620611
1721223000,112.64,115.2,108.62,111.15,4367010
1721309400,113.62,115.2275,105.58,107.945,4928166
1721395800,107.74,108.6912,105.315,105.46,3238581
1721655000,109.14,109.29,102.3,104.74,4204230
1721741400,102.9,105.655,102.88,103.64,4449823
1721827800,109.26,120.18,107.56,116.91,14753784
1721914200,116.06,121.01,115.48,117.52,5068095
1722000600,120.29,122.95,117.24,119.34,3589529
1722259800,119.08,120.9899,112.9,113.72,4495995
1722346200,114.22,114.22,109.23,109.37,3594995
1722432600,111.37,118.59,110.07,115.11,3621497
1722519000,115.77,118.28,109.04,109.68,3263433
1722605400,105.07,108.47,103.31,105.19,2869094
1722864600,99.91,108.46,96.78,103.39,3882965
1722951000,102.64,104.8582,100.8,101.53,2772357
1723037400,107.04,108.88,103.2109,103.42,3294976
1723123800,102.94,109.3,102.67,108.8,3067281
1723210200,107.92,108.8,105.11,107.86,2417728
1723469400,107.86,109.8099,107.0901,109.11,1707566
1723555800,110,112.71,109.4,112.52,1754232
1723642200,113.07,113.22,109.27,111.15,1517651
1723728600,113.69,119.7,112.41,117.12,2740789
1723815000,116.1,117.7799,115.275,116.39,1396506
1724074200,116,120.8,115.93,119.71,2154476
1724160600,118.72,119.95,116.18,116.98,1020751
1724247000,118.5,119.8403,117.26,119.31,1806014
1724333400,118.38,119.77,115.2,115.49,1259923
1724419800,117.1,124.21,116.64,123,2729010
1724679000,125,130.08,122.46,122.59,3068059
1724765400,121.37,122.9999,118.46,122.53,1997652
1724851800,122.2,125.74,121.6686,123.65,2326527
1724938200,123.18,124.5,121.01,121.3,1605949
1725024600,121.31,121.998,118.9,121.04,1999684
1725370200,118.63,119.28,112.34,112.91,2353967
1725456600,111.05,115.055,111,113.11,1363620
1725543000,113.74,114.74,111.64,112.08,1190557
1725629400,113.03,113.6499,107.95,108.65,1628396
1725888600,109.08,109.8699,102.11,103.04,2608746
1725975000,103.38,104.88,100.48,104.61,2226344
1726061400,108.21,111.26,106.9,110.59,4135890
1726147800,110.42,110.54,105.55,105.83,2333899
1726234200,107.4,110.44,107.35,109.91,2330636
1726493400,109.36,112.765,107.72,111.49,1760330
1726579800,112.04,118.7,111.0952,118.53,3448792
1726666200,118.59,126.19,118.59,119.74,4111219
1726752600,124.4,124.4,116.925,117.36,2567009
1726839000,117.31,117.944,113.04,114.9,3701457
1727098200,115.39,117.18,112.88,117,1872836
1727184600,117.5,118.125,114.68,116.69,1612315
1727271000,116.75,117.38,112.68,113.29,1918529
1727357400,116.4,116.91,111.1501,113.61,2843664
1727443800,115.34,116.76,114.35,115,1973748
1727703000,114.56,116.41,111.56,113.02,2019920
1727789400,113.05,113.8299,109.5,111.2,2036544
1727875800,109.96,110.87,104.72,108.26,2327538
1727962200,107.6,108.56,105.3135,106.79,1683565
1728048600,108.95,109.5,103.84,105.95,2732819
1728307800,105.5,107.1359,104.12,106.36,1864586
1728394200,104.58,105.7,103.35,104.17,1810524
1728480600,104.28,105.92,103.1101,105.32,1936718
1728567000,103.33,103.99,98.7,99.19,4390314
1728653400,98.55,102.725,98.36,100.97,2705362
1728912600,101,102,99.8693,101.47,2054779
1728999000,98.89,99.5,90.9211,92.04,7599794
1729085400,91.61,93.41,90.77,93.13,3442699
1729171800,93.2,93.57,90.955,91.57,2510029
1729258200,92.25,92.53,90.83,91.64,2818032
1729517400,90.91,91.9,88.91,90.42,3349598
1729603800,91,92.62,89.783,92.23,7102968
1729690200,76.85,81.27,76.68,78.47,19782820
1729776600,79.6,83.06,79.04,81.1,6487762
1729863000,81.41,84.3,79.55,83.83,4428556
1730122200,84.06,86.63,83.55,84.68,4354601
1730208600,84,84.71,82.0402,83.07,3713810
1730295000,81.69,84.295,80.92,82.47,2713534
1730381400,82.72,84,81.54,83.04,2916509
1730467800,83.46,86.7353,82.3008,83.54,4109290
1730730600,84.82,88.26,84.82,87.46,5371303
1730817000,85.23,89.95,84.64,89.94,3803805
1730903400,77.18,77.8,71.38,74.81,16161871
1730989800,73.93,75.89,71.51,71.59,9227598
1731076200,70.29,70.49,65.66,66.9,11887495
1731335400,66.24,66.3499,62.5044,63.66,9268204
1731421800,62.755,63.19,59.37,60.09,8576928
1731508200,60,61.06,59.1154,60.39,7266907
1731594600,60.9,66.05,59.77,63.56,9573335
1731681000,64.92,65.9,59.46,59.52,6882178
1731940200,59.28,62.73,58.33,62.4,7634774
1732026600,61.65,62.23,60.38,61.36,4272825
1732113000,60.58,63.47,59.71,63.38,3989271
1732199400,63.23,65.55,62.72,63.57,4191363
1732285800,63.2,66.93,62.36,66.29,4867170
1732545000,68.245,72.56,67.61,71.91,9287456
1732631400,70.89,71.46,68.71,70.5,4432027
1732717800,71.72,72.93,71,72.36,3892788
1732890600,72.36,74.45,71.2,71.35,2790854
1733149800,72.32,75.57,71.59,75.12,3823330
1733236200,74.49,74.8,72.9,73.26,2722864
1733322600,72.94,73.5861,71.85,73.12,2260597
1733409000,73.38,74.692,70.02,70.34,3483984
1733495400,71.91,72.78,70.63,71.56,2419654
1733754600,72.32,78.26,72.25,76.39,4004038
1733841000,75.39,76.0615,74.16,74.45,2672110
1733927400,75.27,75.6321,73.062,74.23,2114660
1734013800,73.62,74.42,72.75,73,1991691
1734100200,72.92,74.44,72.36,73.84,1925151
1734359400,72.96,74.76,71.08,71.62,2992582
1734445800,72.11,75.05,71.48,73.4,3738018
1734532200,72.96,76.01,68.33,68.8,3905894
1734618600,68.19,68.9999,65.1,65.8,4114293
1734705000,66.43,71.88,65.8,71.45,6564742
1734964200,71.27,73.14,70.57,73,2556055
1735050600,73,74.21,71.7,73.28,1166530
1735223400,72.43,74.2391,71.8,73.01,1557193
1735309800,72.29,73.5,70.6055,72.13,1585686
1735569000,70.8,71.01,67.7088,70.19,3350401
1735655400,70.85,71.16,68.455,68.68,2964477
1735828200,70.19,73.01,69.925,71.36,2976342
1735914600,71.85,72.8554,70.865,72.15,1957955
1736173800,74.52,76.15,71.14,71.38,3244619
1736260200,73,76.9,72.475,73.51,4257849
1736346600,71.63,72.3699,69.3,69.66,2818681
1736519400,68.99,69,66.64,66.74,2865588
1736778600,65.8,67.07,64.08,66.87,3138094
1736865000,67.86,68.4899,65.14,65.45,3298639
1736951400,68.51,68.64,65.78,65.83,2670053
1737037800,63.7,64.8499,62.8,63.47,4226042
1737124200,63.9,64.93,63.24,63.69,3130415
1737469800,63.42,63.785,61.71,62.84,4916090
1737556200,62.4,63.39,60.94,60.99,4540063
1737642600,60.7,64.65,58.85,64.29,6018981
1737729000,64.35,65.1838,63.22,63.36,3063581
1737988200,63.265,65.1,62.88,63.95,3330897
1738074600,64.46,64.46,61.36,62.24,2820212
1738161000,63.5,64.03,60.67,60.87,3568522
1738247400,62.25,62.47,60.91,62.05,2354469
1738333800,63.09,65.08,61.75,62.28,3539902
1738593000,59.6,65.9299,59.6,63.91,5071012
1738679400,65.33,67.49,64.8,66.25,7149639
1738765800,68.5,69.4,64.02,65.265,8288662
1738852200,66.16,68.7699,64.74,66.51,4676353
1738938600,66.2,66.44,62.32,63.53,4131776
1739197800,64,64.25,61.7,63.05,3943271
1739284200,62.94,65.42,62.32,62.58,3732226
1739370600,61,62.29,60.26,61.12,4509963
1739457000,61.38,63.34,60.8625,62.59,2922375
1739543400,63.34,64.2,62.4,63.94,2402290
1739889000,64.2,66.58,62,65.67,4612717
1739975400,68.145,70.78,66.28,66.36,5101300
1740061800,66.53,66.89,64.44,66.17,2668305
1740148200,66.58,66.585,62.95,64.85,3198503
1740407400,65.34,66.74,64,66.08,3442672
1740493800,65.96,67.1999,64.71,64.83,4241501
1740580200,66.02,67.03,63.62,63.71,3924330
1740666600,63.17,63.24,60.844,61.19,4370046
1740753000,60.5,60.57,56.83,57.33,18717653
1741012200,56.23,56.56,52.66,52.87,7004025
1741098600,52.21,59.11,51.63,57.86,7480924
1741185000,58.27,59.09,56.24,58.65,3720852
1741271400,57.4,59.69,56.94,58.72,3005146
1741357800,58.53,63.66,58.24,61.63,6453179
1741613400,61.52,66.7,61.23,63.32,6346190
1741699800,63.32,64.2699,59.71,60.83,3747406
1741786200,61.78,61.78,57.86,58.48,3645853
1741872600,58.2,59.88,57.63,58.01,2601658
1741959000,58.94,59.83,57.68,58.13,2073982
1742218200,58.69,64.465,58.69,63.8,4525827
1742304600,63.02,63.245,61.05,61.375,2859057
1742391000,60.62,63.58,60.5,62.31,3052384
1742477400,61.4,62.97,60.84,61.69,2076497
1742563800,61.25,62.88,60.58,61.54,5259820
1742823000,62.59,63.8412,61.97,62.16,2127390
1742909400,62.05,64.4,60.93,62.77,2321494
1742995800,61.96,62.85,59.52,60.15,2450821
1743082200,60.14,62.65,59.939,60.71,1942059
1743168600,60.74,63,60.135,61.65,3418186
1743427800,61.1,62.14,59.055,62.05,3117051
1743514200,62.23,62.63,58.9127,62.39,3068814
1743600600,61.73,63.6964,61.46,62.52,2081824
1743687000,59.05,60.66,57.02,58.77,4312759
1743773400,56.76,57.81,53.52,57.27,4407420
1744032600,54.71,59.4,53.21,55.76,4120131
1744119000,56.29,57.38,48.3821,49.52,6045076
1744205400,48.5,55.12,47.4801,54.13,7734371
1744291800,52.51,52.585,48.42,49.56,4962341
1744378200,49.36,52.08,47.9342,51.89,4266220
1744637400,52.59,54.94,52.0967,54.55,2953776
1744723800,54.46,55.41,52.42,53.07,2550284
1744810200,52.45,54,50.83,51.75,2270183
1744896600,50.15,52.68,49.395,52.54,3144911
1745242200,51.94,52.07,50.44,51.62,2781583
1745328600,52.215,54.72,51.95,53.43,6313387
1745415000,47.36,50.69,44.88,45.07,23393671
1745501400,45.43,46.67,45.36,45.75,8139326
1745587800,45.51,47.33,44.83,46.83,4641281
1745847000,46.84,47.5699,45.91,46.47,3693938
1745933400,46.64,48.3,45.835,47.71,4433061
1746019800,46.27,46.8,44.21,44.59,5685281
1746106200,44.74,45.42,43.802,44.55,5883064
1746192600,44.78,46.23,44.645,45.56,4097361
1746451800,45.5,45.62,44.12,44.42,4156051
1746538200,44.765,45.98,43.78,43.87,5876844
1746624600,43.56,44.32,43.09,43.73,4682562
1746711000,43.96,50.48,43.77,49.05,10304512
1746797400,49.29,51.18,48.83,50.775,6578328
1747056600,54.165,54.43,47.24,47.94,14879522
1747143000,45.27,47.19,43.93,45.63,18298764
1747229400,45.6,48.725,45.485,48.27,8374661
1747315800,47.325,50.29,46.57,49.725,6505196
1747402200,49.945,51.88,49.1,50.4,6249593
1747661400,48.87,49.3,47.75,48.78,5521337
1747747800,48.78,50.529,48.665,49.04,4367389
1747834200,48.35,48.4799,46.94,47.29,5738648
1747920600,37.8,40.5,37.59,38.005,30803200
1748007000,37.77,39.98,37.6,39.64,10168324
1748352600,40.15,40.8,39.5,40.22,6167287
1748439000,40.085,40.115,38.94,38.96,4880720
1748525400,39.46,39.9,38.6,39.24,6359656
1748611800,38.985,41.805,38.15,41.39,9516472
1748871000,41.39,41.72,40.342,41.32,5034860
1748957400,40.88,43.855,40.39,43.75,6100362
1749043800,44.07,44.1357,42.8,43.16,4167891
1749130200,43.13,43.165,41.06,41.3,7291671
1749216600,41.68,41.96,41.01,41.18,6994651
1749475800,41.75,44.4,41.52,43.26,6755719
1749562200,44.84,46.3993,43.95,45.08,6139114
1749648600,45.67,46.24,45.03,45.28,3956323
1749735000,45.55,45.8378,44.02,44.695,3755722
1749821400,44.34,46.94,44.1046,45.6,6456416
1750080600,46.5,46.62,44.3573,45.93,6310818
1750167000,36.125,36.31,33.01,34.92,34627890
1750253400,34.82,36.74,34.72,36.38,14579549
1750426200,36.45,37.39,35.69,35.85,13064894
1750685400,35.84,36.21,34.46,34.56,8131098
1750771800,34.76,38.56,34.35,38.38,11605437
1750858200,38.3,38.76,36.6,38.11,9841649
1750944600,40.5,43.27,40.0001,43,15876782
1751031000,42.475,42.88,39.38,40.88,12193412
1751290200,39.91,40.77,38.36,39.65,11507080
1751376600,39.81,42.85,38.5576,40.91,12436153
1751463000,40.9,42.5891,40.75,40.97,6690177
1751549400,41.56,43.89,41.52,42.57,7032143
1751895000,41.85,42.77,40.95,42.46,5969914
1751981400,40.42,41.61,39.21,40.94,9639418
1752067800,39.79,43.34,39.76,42.85,10322888
1752154200,42.93,43.65,42.458,42.97,4880008
1752240600,42.55,42.8799,41.09,41.855,4969799
1752499800,41.99,43.24,41.462,41.98,5653262
1752586200,41.1,42.37,39.7635,40.25,7465315
1752672600,40.575,40.6703,38.815,39.03,6633178
1752759000,39.17,39.88,38.56,38.74,6687613
1752845400,39.09,39.89,38.66,39.58,6584390
1753104600,39.83,40.88,39.13,39.66,8711902
1753191000,40.165,43.25,39.97,42.5,18220052
1753277400,40.03,40.3,35.895,36.48,28643358
1753363800,36.645,37.2665,35.0301,35.515,10703845
1753450200,35.66,35.82,34.96,35.41,9321595
1753709400,35.79,35.9499,34.52,34.95,6579580
1753795800,34.84,34.915,33.415,33.48,7021454
1753882200,33.41,34.3,32.86,33.4,7748055
1753968600,33.1,33.32,31.98,32.36,7546901
1754055000,32.445,32.9281,31.13,31.43,7597195
1754314200,31.52,32.115,31.2,31.69,5741118
1754400600,31.76,32.355,31.25,31.91,4593688
1754487000,31.69,31.88,29.89,30.11,8119875
1754573400,31.13,32.1769,30.65,31.79,10498732
1754659800,32.08,32.54,31.5806,32.44,8055144
1754919000,33.44,34.3,32.35,32.57,7807839
1755005400,32.87,33.7,32.18,33.56,6713716
1755091800,33.25,34.77,32.86,34.22,6994127
1755178200,33.24,33.49,31.295,32.22,10133790
1755264600,32.21,37.07,32.21,34.84,20906430
1755523800,36.15,37.39,35.64,35.77,13654596
1755610200,35.74,36.96,35.4,36.23,9284064
1755696600,36,36.79,35.5001,35.68,5392399
1755783000,35.75,36.09,34.04,34.58,6432908
1755869400,35.07,38.45,34.8,38.18,10315325
1756128600,37.6,38.48,37.25,38.23,5366662
1756215000,38.5,39.57,37.84,37.96,7133042
1756301400,37.65,38.42,37.4,37.56,4556244
1756387800,38.09,38.2289,37.1601,37.58,3874595
1756474200,37.6,38.7,37.19,37.7,4036785
1756819800,36.46,37.3,35.91,36.98,5709315
1756906200,37.04,38.02,37.04,37.08,4386825
1756992600,37.08,37.08,35.56,36.52,5562154
1757079000,37.3,39.85,37.3,39.65,10718088
1757338200,39.58,39.64,37.95,38.81,7661590
1757424600,38.92,39.47,36.875,37.94,9337342
1757511000,38.49,39.18,36.865,37.12,5559754
1757597400,37.25,39.09,37.11,37.32,6648604
1757683800,37.54,38.395,37.215,37.63,6466132
1757943000,37.86,38.62,37,37.98,6694711
1758029400,38.31,39.5,37.5,38.99,7010990
1758115800,39.12,40.86,38.12,38.72,8156777
1758202200,39.6,39.6,37.45,38.44,8642534
1758288600,38.42,39.015,37.515,38.42,41411881
1758547800,38.75,40.74,38.534,40.5,9081169
1758634200,41.28,41.28,37.28,37.36,9101455
1758720600,37.68,39.05,37.53,37.99,6014715
1758807000,37.1,37.16,36.11,37.08,6379043
1758893400,36.985,36.985,35.56,36.5,5254510
1759152600,36.76,36.91,35.88,36.08,6910287
1759239000,36.125,36.26,35.06,35.39,5887869
1759325400,35.94,37.39,35.88,37.01,6579780
1759411800,37.8,38.2,37.065,37.74,5043945
1759498200,37.585,38.68,36.6304,36.8,5365463
1759757400,37.02,37.745,36.76,37.16,5463206
1759843800,37.57,37.9008,36.145,36.27,5645048
1759930200,36.42,36.48,35.63,36.03,6198416
1760016600,36.2,39.22,36.1718,36.71,9935330
1760103000,37,37.14,33.57,34.27,10033959
1760362200,34.85,35.853,34.57,34.82,5662286
1760448600,34.59,37.02,34.17,36.44,6739938
1760535000,37.44,39.55,37.05,37.54,8496807
1760621400,37.62,38.18,36.7112,37.56,5821062
1760707800,37.11,37.1914,36.035,36.56,5645424
1760967000,37.25,38.405,36.95,37.58,5142098
1761053400,37.87,38.05,36.84,37.09,4130634
1761139800,36.45,37,34.87,36.08,5653674
1761226200,35.21,35.95,34.685,35.64,5574757
1761312600,36.36,37.29,36.1,36.23,5645664
1761571800,37.01,37.5499,36.23,36.81,6076389
1761658200,37,37.16,36.2,36.7,13887487
1761744600,31.702,33.44,30.81,31.14,26459469
1761831000,30.675,31,29.955,30.13,10133453
1761917400,30.13,31.1,30,30.51,8568456
1762180200,30.475,30.475,29.435,29.51,7912598
1762266600,29.175,30.5,28.86,29.01,11839453
1762353000,29.15,32.455,29.06,32.2,12636053
1762439400,32.36,32.8,30.6,31.17,6864183
1762525800,30.38,30.61,29.02,30.22,7590300
1762785000,30.91,33.29,30.43,32.84,11501525
1762871400,33.04,33.07,30.75,30.84,8313832
1762957800,31.13,31.97,30.4206,30.71,6675157
1763044200,30.4,30.81,28.64,28.91,7812388
1763130600,28.27,29.83,28.14,28.68,9041481
1763389800,28.52,28.72,27.355,27.53,7220873
1763476200,27.24,28.26,27.19,27.6,5854867
1763562600,27.54,28.2318,26.84,26.89,6206792
1763649000,27.21,28.1785,26.08,26.12,6309333
1763735400,26.11,27.54,25.775,26.93,6822518
1763994600,26.85,27.08,26.4908,26.78,5228064
1764081000,26.75,27.93,26.418,27.71,6891424
1764167400,27.855,28.315,27.63,27.82,5820159
1764340200,28.185,29.04,28.09,28.85,3193385
1764599400,28.3,29.43,28.13,28.58,7662374
1764685800,28.89,29.64,28.7,29.12,5359219
1764772200,29.35,29.6,28.7,29.39,5310479
1764858600,29.205,31.09,29.01,30.76,8099671
1764945000,30.79,32.71,30.35,31.25,10644423
1765204200,30.76,31.4705,30.76,31.24,5681616
1765290600,31,32.6,30.93,31.55,6853675
1765377000,31.3,33.29,31.21,32.79,7259713
1765463400,32.7,33.3179,32.1,33.01,5590094
1765549800,33.125,33.3499,31.94,32.18,5259974
1765809000,32.24,32.25,31.13,31.37,6680091
1765895400,31.71,33.01,31.4101,31.86,4659221
1765981800,31.94,33.1,31.56,31.61,6287701
1766068200,32.67,33.78,32.58,32.96,6810781
1766154600,32.97,33.4925,32.48,33.25,6160085
1766413800,33.55,34.12,33.17,33.5,5810393
1766500200,33.28,33.4,31.56,32.22,5424936
1766586600,32.125,32.87,32.0217,32.85,1795147
1766759400,32.86,33.15,32.49,33,2505941
1767018600,32.8,33.91,32.7,33.13,4009268
1767105000,33.21,33.2498,32.165,32.19,3907609
1767191400,32.15,32.3,31.7,32.05,3141027
1767364200,32.25,34.7563,32.25,33.75,7645076
1767623400,34.88,35.24,33.59,34,5650318
1767709800,34.21,35.55,34.19,34.75,5584390
1767796200,34.75,35.35,33.937,34.69,5051775
1767882600,34.26,36.24,34.1219,35.43,7969412
1767969000,36.07,36.31,34.54,35.22,5251840
1768228200,35,37.645,34.95,36.68,8476910
1768314600,36.68,36.81,35.31,36.37,6470888
1768401000,36.44,37.45,35.96,36.13,3977994
1768487400,36.25,36.32,34.855,35.36,5360872
1768573800,35.35,35.7899,34.7,34.98,4888644
1768919400,35.74,36.125,33.65,34.52,8558958
1769005800,35.2,35.98,34.82,35.97,4635894
1769092200,36.94,41.15,36.895,40.48,13882017
1769178600,41.5,42.63,39.42,39.46,9047903
1769437800,38.8,40.36,38.59,39.42,5680736
1769524200,39.255,40.47,38.61,39.93,5803336
1769610600,40.7,41.7686,39.93,40.47,5027712
1769697000,40.255,40.275,36.78,38.25,8241872
1769783400,37.87,38.9,36.555,36.98,4660223
1770042600,36.68,36.97,35.45,36.47,6169013
1770129000,36.34,38.08,35.94,37.28,11415398
1770215400,48,52.93,47.77,51.67,50002236
1770301800,50.615,52.24,47.04,47.27,11739750
1770388200,48.62,51.5,47.37,49.8,11018294
1770647400,50.01,50.8799,47.57,50.3,6911887
1770733800,50.93,52.24,48.32,50.25,8133605
1770820200,51.065,51.84,47.17,48.23,8035075
1770906600,48.02,48.49,43.0254,44.14,8674168
1770993000,44.21,44.87,43,43.49,4748884
1771338600,43.29,46.17,43.07,45.64,6112544
1771425000,46.92,47.2,44.6842,46.04,4736763
1771511400,45.72,45.85,43.6095,44.25,4829104
1771597800,43.99,46.6,43.75,46.56,5731288
1771857000,46,47.45,45.2701,47.4,4425038
1771943400,47.41,49.97,46.83,49.74,5973440
1772029800,50.275,50.83,48.44,48.49,5972527
1772116200,47.51,48.34,45.5501,45.77,5023664
1772202600,44.93,45.16,41.13,42.27,6853218
1772461800,41.41,45.73,41.01,44.71,6116617
1772548200,42.93,43.46,41.78,43.2,3581859