time,open,high,low,close,Volume
1355495400,9.114,9.195,9.0444,9.10023,571200
1355754600,9.155,9.378999,9.133,9.339999,606140
1355841000,9.408,9.6,9.3145,9.521001,857580
1355927400,9.528,9.528,9.375999,9.423,1238290
1356013800,9.386,9.596001,9.37,9.503999,531280
1356100200,9.414,9.635001,9.307001,9.616,2487740
1356359400,9.599001,9.639999,9.4606,9.585001,465960
1356532200,9.617999,9.700999,9.394,9.419,980720
1356618600,9.4,9.513,9.300999,9.392999,611680
1356705000,9.353999,9.508,9.325999,9.355,400360
1356964200,9.323,9.484,9.316,9.338,1131150
1357137000,9.522,9.777,9.452341,9.549001,1471360
1357223400,9.541,9.603999,9.178999,9.244679,1311780
1357309800,9.253999,9.434,9.186,9.299001,733230
1357569000,9.259,9.395,9.2,9.367,1384620
1357655400,9.375999,9.474001,9.233,9.245,928300
1357741800,9.264999,9.432001,9.228,9.323,1404930
1357828200,9.375,9.435001,9.266499,9.341,870100
1357914600,9.357001,9.445,9.321001,9.394,759860
1358173800,9.353,9.461,9.289999,9.433,515060
1358260200,9.375,9.645,9.3435,9.484,728930
1358346600,9.459,9.561,9.408,9.425999,886630
1358433000,9.439999,9.534,9.357001,9.425999,487760
1358519400,9.43,9.43,9.3,9.378999,809950
1358865000,9.353,9.360001,9.210001,9.308,535950
1358951400,9.32,9.487,9.160001,9.446001,949010
1359037800,9.406,9.541,9.306,9.525,547220
1359124200,9.6,10.4509,9.578999,10.181,1955470
1359383400,10.231,10.355,9.9,9.939,1853460
1359469800,9.760001,10.589,9.600011,10.011,2593850
1359556200,9.969,10.149001,9.900999,10.074001,900430
1359642600,10.074001,10.236,10.007001,10.027,1097250
1359729000,10.089999,10.364999,9.900999,10.236,1638900
1359988200,10.149001,10.225,9.9,9.916,925210
1360074600,9.95,10.2,9.9,10.073,788030
1360161000,10.000999,10.012,9.805,9.903999,650980
1360247400,9.896001,9.896001,9.739,9.808,327250
1360333800,9.755,9.947,9.755,9.892999,489700
1360593000,9.917,9.917,9.75,9.805,299350
1360679400,9.802,9.978999,9.752,9.975999,954550
1360765800,10.009,10.013,9.823,9.977,459960
1360852200,9.95,10.032001,9.803999,9.897501,520780
1360938600,10.035001,10.534,9.978,10.408,2018670
1361284200,10.437,10.696001,10.320799,10.666,1474160
1361370600,10.660001,10.703,10.266,10.271001,862220
1361457000,10.294,10.3,10.010001,10.092999,1222660
1361543400,10.158,10.288,10.0642,10.225,833370
1361802600,10.252,10.255,9.867,9.909,1057990
1361889000,10.058,10.500999,10.057001,10.317999,2535130
1361975400,10.339,10.395,10.088,10.219,2046060
1362061800,10.278999,10.377,10.164999,10.188,583960
1362148200,10.089999,10.353,9.98,10.309,460900
1362407400,10.267,10.346001,10.155,10.305,1187690
1362493800,10.764,11.481,10.719,11.345,3550930
1362580200,11.392999,11.42,11.134,11.264999,822590
1362666600,11.241,11.295,11.060001,11.208,862740
1362753000,11.288,11.45,11.205,11.419,683470
1363008600,11.353,11.372,11.146001,11.269,568820
1363095000,11.25,11.43,11.160001,11.269,299960
1363181400,11.297,11.317,11.232001,11.28,460370
1363267800,11.312,11.398,11.1851,11.292999,753200
1363354200,11.319,11.342,11.1812,11.228,902530
1363613400,11.083,11.177,10.887,10.899001,1343200
1363699800,10.956,11.052299,10.664999,10.745,1796550
1363786200,10.811,10.898,10.625,10.847,874240
1363872600,10.737,10.827,10.728999,10.807001,707970
1363959000,10.786,10.791,10.331,10.386,1430490
1364218200,10.423,10.427,10.061,10.175999,1303680
1364304600,10.219,10.306,10.1121,10.261,560760
1364391000,10.163,10.188,10.034,10.1,517000
1364477400,10.114999,10.18299,10.057001,10.108,993980
1364823000,10.13,10.328999,10.02,10.303,1208710
1364909400,10.32,10.42999,10.157001,10.253,829100
1364995800,10.395,10.395,10.06075,10.144,741130
1365082200,10.127,10.21275,10.027,10.103,585200
1365168600,9.961,10.18,9.912,10.0545,846660
1365427800,10.064999,10.209,9.991,10.145,869360
1365514200,10.139,10.234,10.027,10.119,657680
1365600600,10.128999,10.5,10.103999,10.478999,721350
1365687000,10.459,10.459,10.277499,10.306,655040
1365773400,10.239,10.423,10.014,10.288,700650
1366032600,10.237,10.261,9.914999,10.017999,694310
1366119000,10.089,10.102991,9.900999,10.014,1008780
1366205400,9.903,9.928,9.760001,9.817,791840
1366291800,9.833,9.97,9.689,9.736,841760
1366378200,9.755,9.755,9.509,9.575999,660140
1366637400,9.564,9.645,9.338,9.617,1397390
1366723800,9.681,9.903999,9.616,9.788,977030
1366810200,9.750999,9.77699,9.539999,9.683,1021080
1366896600,9.678999,9.875,9.588,9.823,701340
1366983000,9.87,9.98,9.727,9.771001,900910
1367242200,9.778,9.988,9.758,9.93,719540
1367328600,9.195,9.209,8.635001,9.019,4573370
1367415000,8.805,9.067999,8.786501,8.922,2629590
1367501400,8.982001,9.024001,8.897,9,1668230
1367587800,9.131,9.175,8.98701,9.114,1894250
1367847000,9.100999,9.158,8.975999,9.103,1821170
1367933400,9.078,9.244,9.0675,9.167,1659190
1368019800,9.116,9.258,9.1,9.192,984290
1368106200,9.153,9.234,9.133,9.148,525970
1368192600,9.175999,9.494,9.15,9.47,853230
1368451800,9.478,9.521001,9.387,9.449001,863210
1368538200,9.437,9.547,9.425999,9.486,1169560
1368624600,9.478,9.486,9.198,9.309,1659100
1368711000,9.289999,9.507001,9.289999,9.435001,1810910
1368797400,9.463,9.610001,9.37,9.595,930410
1369056600,9.413,9.542999,9.3765,9.417,2167190
1369143000,9.397,9.44451,9.271001,9.323,840100
1369229400,9.333,9.333,8.975,9.057001,1590110
1369315800,8.921001,9.197,8.921001,9.128999,927670
1369402200,9.091,9.263,8.931,9.241,1170830
1369747800,9.328,9.43875,9.160001,9.234,954520
1369834200,9.152,9.223,9,9.146001,897270
1369920600,9.184,9.349001,9.141,9.316,935090
1370007000,9.237,9.237,9.109,9.148,928920
1370266200,9.177,9.195,8.949001,9.109,1596500
1370352600,9.094,9.136,8.916,9.052,1717740
1370439000,9.016,9.137,8.977,9.053,844660
1370525400,9.045,9.199001,8.911,9.0095,1104970
1370611800,9.049001,9.049001,8.933,8.971001,849140
1370871000,8.989,9.058,8.936,8.969,412540
1370957400,8.878,8.945,8.8,8.812,744300
1371043800,8.857001,8.928,8.699001,8.814,1100340
1371130200,8.827,9.017,8.766,9.005,918450
1371216600,8.994,9.122,8.984,9.094,710110
1371475800,9.146001,9.146001,8.859,8.921001,1948830
1371562200,8.966,9.0289,8.856,8.957001,951160
1371648600,8.825999,8.97,8.736,8.794,915630
1371735000,8.703999,8.7175,8.583,8.664,663490
1371821400,8.664,8.692999,8.388,8.427,2360710
1372080600,8.375999,8.587,8.272501,8.483,2034350
1372167000,8.539999,8.539999,8.355,8.431,682300
1372253400,8.474001,8.512,8.408,8.408,670280
1372339800,8.449001,8.602,8.422,8.558,566980
1372426200,8.5,8.741,8.487,8.696001,1009570
1372685400,8.75,8.834,8.712,8.777,864080
1372771800,8.795,8.973,8.75101,8.88,910760
1372858200,8.819,8.963,8.807001,8.861,368470
1373031000,8.982001,9.014,8.872,8.974001,437080
1373290200,9.022,9.034,8.911,8.996001,795570
1373376600,9.023,9.242999,9,9.223,765560
1373463000,9.233,9.548,9.207001,9.528,1120090
1373549400,9.661,9.88,9.625,9.834,1063680
1373635800,9.797,9.888,9.764999,9.771001,647660
1373895000,9.775,9.862,9.610001,9.659,730840
1373981400,9.667,9.703,9.55,9.661,1101960
1374067800,9.567999,9.762,9.494,9.703,566330
1374154200,9.699001,9.835001,9.685001,9.725999,411280
1374240600,9.671001,9.695,9.59267,9.677,329550
1374499800,9.634,9.707001,9.550999,9.637,314960
1374586200,9.611501,9.703999,9.596001,9.692,467210
1374672600,9.731,9.942,9.682001,9.735001,507870
1374759000,9.732001,9.831,9.714999,9.82,408460
1374845400,9.725,9.792999,9.623,9.737,707680
1375104600,9.697,9.7465,9.519,9.657001,580920
1375191000,9.603999,9.941,9.299001,9.594,1385540
1375277400,9.577,9.733,9.5,9.500999,437300
1375363800,9.562,9.7608,9.4,9.677,743140
1375450200,9.628,9.628,9.446001,9.510001,367130
1375709400,9.85,9.903999,9.644,9.735001,1421440
1375795800,9.745,9.745,9.541,9.617999,485990
1375882200,9.908,9.908,9.552,9.575,378800
1375968600,9.592999,9.789,9.484,9.725,661200
1376055000,9.713,9.987,9.7,9.935001,534120
1376314200,9.862,10.023,9.834,10.023,541130
1376400600,10.057001,10.131,9.986,10.092,302150
1376487000,10.111,10.111,9.928999,10.049001,302410
1376573400,9.978999,9.978999,9.700999,9.752,382980
1376659800,9.710001,9.731,9.589,9.631,256370
1376919000,9.574001,9.655901,9.417,9.511,1126400
1377005400,9.524001,9.552,9.428999,9.489999,522290
1377091800,9.488,9.556,9.387,9.413,457270
1377178200,9.5,9.517,9.367999,9.489999,389430
1377264600,9.503,9.95925,9.489999,9.510001,776600
1377523800,9.5875,9.5875,9.424001,9.485001,300540
1377610200,9.397,9.464,9.235001,9.247,598590
1377696600,9.25,9.310001,9.15,9.188,365100
1377783000,9.164,9.259,9.152,9.233,721710
1377869400,9.221001,9.3,9.146001,9.181,315600
1378215000,9.264,9.27,9.016,9.17,316670
1378301400,9.167,9.281,9.15,9.264,464670
1378387800,9.267,9.367,9.171001,9.284,249250
1378474200,9.341,9.389,9.175,9.339999,571280
1378733400,9.369,9.674001,9.296001,9.652,238790
1378819800,9.6545,9.836,9.6545,9.822,300540
1378906200,9.833,10.323,9.70051,10.286,975800
1378992600,10.267999,10.616,10.22774,10.539,898080
1379079000,10.564999,10.672,10.3959,10.617,436850
1379338200,10.677,10.7,10.382001,10.455,761940
1379424600,10.4828,10.57,10.336,10.521001,364090
1379511000,10.537,10.648,10.369,10.556,500720
1379597400,10.556,10.556,10.369,10.395,628240
1379683800,10.439999,10.888,10.439999,10.855,1490210
1379943000,10.85,10.85,10.472,10.505,1105670
1380029400,10.484,10.628,10.406,10.477,372300
1380115800,10.450999,10.571001,10.44375,10.461,776450
1380202200,10.550999,10.575999,10.4,10.442,486460
1380288600,10.42,10.512,10.339999,10.383,271070
1380547800,10.313,10.386,10.157001,10.375999,483590
1380634200,10.38,10.712,10.275999,10.711,884600
1380720600,10.600999,10.805,10.548,10.706,810400
1380807000,10.678,10.721001,10.375,10.419,418800
1380893400,10.399001,10.631,10.332001,10.556,187670
1381152600,10.432001,10.548,10.209,10.239,367260
1381239000,10.377,10.377,9.914999,10.098,977460
1381325400,10.1,10.163,9.834,9.906,494460
1381411800,9.998,10.125999,9.8985,10.045,685580
1381498200,9.998,10.262,9.921001,10.259,914930
1381757400,10.181,10.2989,10.08,10.245,1158840
1381843800,10.164,10.166,9.522,9.619,2521580
1381930200,9.710001,10.05,9.655,9.739,993520
1382016600,9.667,10.039,9.660001,9.98,2244840
1382103000,10.039,10.213,9.9985,10.017999,1602140
1382362200,10.014999,10.102,9.864,9.872,344170
1382448600,9.882001,10.081,9.869,9.991,719300
1382535000,9.939999,10.042,9.855,9.914,599000
1382621400,9.972,10.160001,9.878999,10.133,624520
1382707800,10.145,10.274001,9.847,10.024001,764330
1382967000,9.998,10.09725,9.93,10.062,1402320
1383053400,10.265,12.077,10,11.917,5529090
1383139800,11.87,12.84,11.8,12.535,3444320
1383226200,12.5,12.5,11.981,12.199,2233400
1383312600,12.255,12.426,12.038,12.228,1329480
1383575400,12.321,12.712,12.23,12.656,1372530
1383661800,12.564,12.839,12.48001,12.668,755740
1383748200,12.792,12.972,12.387,12.438,993070
1383834600,12.454,12.72,12.157,12.288,1515440
1383921000,12.281,12.552,12.00047,12.423,1052880
1384180200,12.364,12.678,12.255,12.566,648740
1384266600,12.507,12.711,12.395,12.64,1306890
1384353000,12.529,12.915,12.466,12.9,833330
1384439400,12.853,12.853,12.26,12.6745,536580
1384525800,12.652,12.766,12.561,12.698,862480
1384785000,12.71,12.97753,12.56,12.612,1051050
1384871400,12.653,12.658,12.378,12.45,458710
1384957800,12.524,12.648,12.424,12.507,518000
1385044200,12.571,12.774,12.465,12.651,657790
1385130600,12.686,12.724,12.444,12.663,644020
1385389800,12.666,12.772,12.262,12.52,954880
1385476200,12.497,12.959,12.464,12.882,932300
1385562600,12.868,13,12.722,12.875,665080
1385735400,12.9,12.979,12.724,12.933,762370
1385994600,12.881,12.9995,12.301,12.543,1698950
1386081000,12.40001,12.8,12.40001,12.712,1385450
1386167400,12.685,12.811,12.5,12.725,918780
1386253800,12.721,12.98,12.715,12.816,1226990
1386340200,12.959,12.959,12.56,12.658,938960
1386599400,12.677,12.788,12.492,12.763,1378790
1386685800,12.75,12.75,12.331,12.4035,656290
1386772200,12.424,12.501,12.223,12.295,617740
1386858600,12.268,12.315,12.166,12.219,792550
1386945000,12.257,12.549,12.0522,12.419,837870
1387204200,12.503,12.531,12.1916,12.499,501610
1387290600,12.519,12.53699,12.391,12.4,497900
1387377000,12.4,12.524,12.3,12.48,605610
1387463400,12.467,12.467,12.146,12.236,816350
1387549800,12.227,12.3309,12.16,12.232,1946920
1387809000,12.232,12.56,12.08047,12.495,1363760
1387895400,12.559,12.559,12.291,12.489,562850
1388068200,12.512,12.615,12.31601,12.453,1030610
1388154600,12.497,12.576,12.39602,12.471,286260
1388413800,12.445,12.535,12.305,12.381,1088200
1388500200,12.368,12.46,12.275,12.424,745430
1388673000,12.389,12.518,12.236,12.353,751480
1388759400,12.367,12.403,12.271,12.326,746540
1389018600,12.417,12.417,12.11,12.144,507660
1389105000,12.167,12.365,12.144,12.296,840330
1389191400,12.284,12.3465,12.179,12.244,645340
1389277800,12.264,12.278,12.055,12.127,913180
1389364200,12.124,12.344,12.069,12.307,386650
1389623400,12.263,12.385,12.063,12.114,907520
1389709800,12.14,12.41,12.14,12.362,322500
1389796200,12.38,12.5,12.354,12.404,370880
1389882600,12.364,12.432,12.188,12.284,530650
1389969000,12.252,12.726,12.1194,12.293,336900
1390314600,12.274,12.468,12.2,12.39,323850
1390401000,12.395,12.395,12.235,12.235,332900
1390487400,12.102,12.216,12.05,12.191,751230
1390573800,12.15,12.2,11.688,11.912,677840
1390833000,11.891,11.891,11.389,11.625,721270
1390919400,13.016,13.4,12.5,12.599,4076940
1391005800,12.378,12.673,12.02,12.103,1768460
1391092200,12.214,12.671,12.214,12.563,1099230
1391178600,12.334,12.637,12.3,12.57,1093170
1391437800,12.554,12.6,12.071,12.341,1100400
1391524200,12.385,12.5283,12.35,12.409,704830
1391610600,12.324,12.856,12.219,12.385,996550
1391697000,12.383,12.4899,12.2776,12.373,681760
1391783400,12.468,12.562,12.401,12.402,792060
1392042600,12.372,12.372,12.22,12.312,1386110
1392129000,12.256,12.4279,12.231,12.332,822140
1392215400,12.35,12.4622,12.252,12.301,1148120
1392301800,12.215,13.183,12.215,13.024,1751190
1392388200,13.019,13.192,12.839,13.017,597320
1392733800,13.039,13.199,12.94125,13.123,782530
1392820200,13.04,13.199,12.9295,12.954,416430
1392906600,12.9202,13.224,12.9202,13.163,589790
1392993000,13.231,13.4845,13.047,13.211,693930
1393252200,13.133,13.36,13.1194,13.2,858740
1393338600,13.185,13.1956,12.991,13.07,302390
1393425000,13.114,13.32,12.9742,13.21,436260
1393511400,13.177,13.583,13.041,13.445,415250
1393597800,13.462,13.462,12.722,12.913,511560
1393857000,12.834,12.974,12.694,12.89,703100
1393943400,13.089,13.199,12.941,12.999,687570
1394029800,12.97,12.97,12.762,12.807,489910
1394116200,12.8,13.294,12.725,13.234,1328390
1394202600,13.278,13.278,13.0051,13.136,934970
1394458200,12.986,13.1,12.761,12.891,539190
1394544600,12.7731,12.94,12.662,12.739,464200
1394631000,12.82,12.87675,12.648,12.756,444460
1394717400,12.73399,12.74,12.391,12.455,731420
1394803800,12.444,12.687,12.3,12.569,402210
1395063000,12.655,12.8585,12.53,12.706,314100
1395149400,12.767,12.946,12.553,12.921,611190
1395235800,12.863,12.888,12.642,12.722,461500
1395322200,12.61,12.797,12.485,12.572,661010
1395408600,12.673,12.675,12.345,12.435,965940
1395667800,12.424,12.46,11.812,11.869,884350
1395754200,11.893,12,11.6,11.629,650340
1395840600,11.805,11.864,11.472,11.522,689660
1395927000,11.5,11.7005,11.306,11.402,634260
1396013400,11.379,11.5115,11.266,11.35,488040
1396272600,11.391,11.755,11.238,11.539,716880
1396359000,11.614,11.846,11.539,11.626,695660
1396445400,11.641,11.787,11.614,11.673,466650
1396531800,11.739,11.768,11.377,11.495,999680
1396618200,11.55,11.55,11.116,11.166,794850
1396877400,11.14,11.417,10.654,10.878,861480
1396963800,10.878,11.1098,10.418,10.46,1384590
1397050200,10.422,10.86,10.166,10.842,1755570
1397136600,10.861,10.861,10.28,10.405,761080
1397223000,10.309,10.462,9.968,10.054,1387690
1397482200,10.142,10.329,9.947,10.109,573510
1397568600,10.139,10.286,9.879,10.209,836700
1397655000,10.257,10.33,10.138,10.284,476000
1397741400,10.249,10.5,10.108,10.45,364230
1398087000,10.444,10.444,10.141,10.204,515790
1398173400,10.251,11.017,10.251,10.821,1731720
1398259800,10.782,10.968,10.557,10.721,1101340
1398346200,11.699,12.689,11.15,12.6755,4341870
1398432600,12.569,12.625,12.071,12.08,1636800
1398691800,11.974,12.17,11.501,12,2562380
1398778200,12.098,12.2568,11.49,11.637,2396940
1398864600,11.558,12.29,11.40875,12.143,1908290
1398951000,12.086,12.355,11.954,12.088,1464720
1399037400,12.09,12.134,11.82274,11.902,644720
1399296600,11.845,11.957,11.709,11.785,574590
1399383000,11.695,11.899,11.587,11.786,1040200
1399469400,11.821,11.944,11.6,11.756,1349910
1399555800,11.744,11.959,11.571,11.618,605120
1399642200,11.602,12.2,11.5228,12.142,1223850
1399901400,12.187,12.611,12.10547,12.529,1236590
1399987800,12.516,12.612,12.304,12.395,1370200
1400074200,12.415,12.672,12.157,12.204,1074540
1400160600,12.151,13.05,12.151,12.927,2157860
1400247000,13.015,13.163,12.722,13.163,2309220
1400506200,13.171,13.909,13.1665,13.8875,2026710
1400592600,13.82,13.998,13.6085,13.789,1284950
1400679000,13.923,14.155,13.721,14.073,1368500
1400765400,14.06,14.279,13.87301,14.201,778630
1400851800,14.141,14.353,14.042,14.262,612160
1401197400,14.377,14.613,14.192,14.481,1155950
1401283800,14.473,14.587,14.106,14.198,1088050
1401370200,14.248,14.322,14.13,14.255,469820
1401456600,14.306,14.323,13.85847,14.112,523180
1401715800,14.113,14.15799,13.76,14.007,769150
1401802200,13.91,14.415,13.822,14.184,776280
1401888600,14.048,14.157,13.89,14.02,692130
1401975000,14.039,14.264,13.914,14.22,964750
1402061400,14.287,14.346,14.0515,14.304,1156370
1402320600,14.294,14.478,14.0138,14.332,649760
1402407000,14.187,14.247,13.934,14.209,916730
1402493400,14.091,14.171,13.924,14.128,1026240
1402579800,14.128,14.415,14,14.274,721040
1402666200,14.33,14.385,14.047,14.328,515270
1402925400,14.384,14.492,14.17,14.422,570190
1403011800,14.416,14.491,14.13,14.343,1373590
1403098200,14.397,14.397,14.147,14.32,430550
1403184600,14.391,14.447,14.1,14.398,1153520
1403271000,14.398,14.499,14.267,14.46,1038130
1403530200,14.42,14.485,14.336,14.408,574240
1403616600,14.344,14.446,13.969,13.987,1279460
1403703000,13.953,14.149,13.86,13.993,1114470
1403789400,13.978,14.08,13.904,13.944,358310
1403875800,13.848,14.11,13.775,14.075,869790
1404135000,14.053,14.107,13.911,14.062,505220
1404221400,14.079,14.435,14.068,14.239,1697890
1404307800,14.238,14.32697,14.182,14.224,402100
1404394200,14.302,14.449,14.238,14.36,759470
1404739800,14.348,14.348,13.9155,13.98,563490
1404826200,13.90001,13.939,13.676,13.895,1174700
1404912600,13.942,14.08,13.819,13.888,464370
1404999000,13.613,13.885,13.565,13.66,347150
1405085400,13.692,14.118,13.692,14.055,634430
1405344600,14.189,14.368,14.005,14.214,477810
1405431000,14.262,14.452,13.925,13.99,607750
1405517400,14.077,14.08499,13.836,13.927,400650
1405603800,13.842,14.017,13.842,13.936,436590
1405690200,13.892,14.07,13.892,13.955,392040
1405949400,13.876,13.876,13.617,13.806,334070
1406035800,13.883,14.059,13.867,13.99,373270
1406122200,14.004,14.09999,13.752,13.837,412590
1406208600,14.084,14.169,13.939,14.145,733990
1406295000,14.147,14.147,13.81,13.865,717740
1406554200,13.892,13.9165,13.693,13.753,874440
1406640600,14.8,15.586,14.783,15.037,4701890
1406727000,15.065,15.146,14.9,14.974,1372460
1406813400,14.777,14.777,14.302,14.313,738800
1406899800,14.354,14.354,13.879,14.021,542760
1407159000,14.036,14.418,13.883,14.388,598870
1407245400,14.3,14.49953,14.215,14.432,358380
1407331800,14.304,14.55868,14.3,14.42,328600
1407418200,14.529,14.661,14.2032,14.29,368670
1407504600,14.281,14.41,14.143,14.286,371370
1407763800,14.144,14.148,13.91,14.051,919190
1407850200,13.985,14.107,13.677,13.779,829840
1407936600,13.825,13.935,13.635,13.701,491150
1408023000,13.771,13.882,13.475,13.552,847400
1408109400,13.701,13.741,13.302,13.486,1010220
1408368600,13.6,13.85,13.599,13.796,509670
1408455000,13.77,13.99499,13.72,13.868,780090
1408541400,13.779,13.833,13.634,13.733,448900
1408627800,13.675,13.764,13.57701,13.704,521760
1408714200,13.731,13.79999,13.525,13.674,406200
1408973400,13.762,13.799,13.526,13.59,410960
1409059800,13.649,14,13.566,13.958,761560
1409146200,13.956,14.005,13.73906,13.867,439300
1409232600,13.793,13.899,13.731,13.773,264720
1409319000,13.799,13.96,13.725,13.893,254080
1409664600,13.968,14.013,13.66778,13.911,580880
1409751000,13.94,14.165,13.92,14.083,696180
1409837400,14.095,14.251,13.727,13.777,371240
1409923800,13.761,13.917,13.594,13.821,554850
1410183000,13.769,14.345,13.769,14.291,868910
1410269400,14.235,14.24,13.959,13.999,543030
1410355800,13.9,14.12,13.9,14.037,173630
1410442200,13.96,14.245,13.88001,14.162,294350
1410528600,14.197,14.197,13.806,13.926,384310
1410787800,13.82,13.82,13.642,13.666,357220
1410874200,13.587,13.986,13.511,13.901,461510
1410960600,13.85,14,13.85,13.928,383080
1411047000,13.975,14.027,13.9,13.963,345480
1411133400,13.99,14.067,13.67,13.729,884160
1411392600,13.674,13.674,13.333,13.388,464160
1411479000,13.375,13.385,13.144,13.175,374430
1411565400,13.231,13.544,13.189,13.473,282100
1411651800,13.483,13.483,12.948,13.03,452520
1411738200,13.01,13.195,12.9945,13.122,425380
1411997400,13.025,13.394,13.025,13.36,454220
1412083800,13.388,13.5166,13.083,13.084,522600
1412170200,13.033,13.133,12.746,12.859,552480
1412256600,12.91,13.559,12.91,13.374,610870
1412343000,13.501,13.779,13.323,13.679,677590
1412602200,13.679,13.774,13.514,13.654,472500
1412688600,13.55,13.793,13.438,13.569,599470
1412775000,13.5,13.785,13.45,13.719,423270
1412861400,13.716,13.795,13.5,13.562,528490
1412947800,13.565,14.822,13.353,14.756,2321480
1413207000,14.647,14.976,14.525,14.703,1492570
1413293400,14.788,14.879,14.313,14.541,691340
1413379800,14.404,14.711,14.3,14.453,920870
1413466200,14.3,14.57,14.269,14.492,637730
1413552600,14.712,14.869,14.473,14.53,512840
1413811800,14.502,14.999,14.415,14.988,1431190
1413898200,15.128,15.166,14.9,15.134,318050
1413984600,15.138,15.2499,14.783,14.865,399750
1414071000,15.022,15.474,14.748,15.426,900210
1414157400,15.472,15.853,15.3,15.75,1071550
1414416600,15.649,15.7714,15.326,15.42,823020
1414503000,16,16.5,14.904,15.811,3210580
1414589400,15.898,16.1029,15.802,16,1883390
1414675800,16.308,16.573,15.89,16,1100370
1414762200,16.355,16.399,15.999,16.088,1027330
1415025000,16.057,16.26,15.811,15.939,780330
1415111400,15.921,16,15.712,15.841,636570
1415197800,15.918,16.026,15.597,15.875,1206170
1415284200,15.862,15.941,15.696,15.838,917430
1415370600,15.791,15.796,15.51,15.744,809210
1415629800,15.751,15.913,15.64,15.852,722510
1415716200,15.86,16.064,15.801,16.021,1314490
1415802600,15.942,16,15.8506,15.998,423770
1415889000,16.036,16.099,15.895,15.998,890580
1415975400,16.1,16.896,16.1,16.675,2051220
1416234600,16.62,16.927,16.346,16.419,953600
1416321000,16.414,17.04,16.4015,16.882,1864760
1416407400,16.911,17.081,16.3735,16.702,1021700
1416493800,16.607,16.927,16.5557,16.7,1111070
1416580200,17,17,16.461,16.578,916770
1416839400,16.7,17.47353,16.7,17.389,2233920
1416925800,17.407,17.642,16.956,17.107,961760
1417012200,17.064,17.46,16.776,17.387,954330
1417185000,17.383,17.696,17.0484,17.174,294010
1417444200,17.094,17.3585,16.848,17.125,1300110
1417530600,17.079,17.444,16.8472,17.051,1048590
1417617000,17.026,17.196,16.784,16.958,769410
1417703400,16.925,16.975,16.709,16.884,503670
1417789800,16.859,17.067,16.7,16.976,748790
1418049000,16.918,17.107,16.728,16.75,721410
1418135400,16.66,17.075,16.647,17.027,538770
1418221800,16.88,16.976,16.403,16.575,574840
1418308200,16.53952,17.029,16.53952,16.741,789810
1418394600,16.516,16.5519,15.727,15.824,1493670
1418653800,15.943,16.039,15.511,15.709,826540
1418740200,15.499,15.645,15.28201,15.403,1289950
1418826600,15.363,16,15.302,15.922,1619380
1418913000,16.219,17.04,15.976,16.61,850880
1418999400,16.527,16.6525,16.406,16.406,909000
1419258600,16.422,16.864,16.328,16.509,815740
1419345000,16.536,16.676,16.351,16.41,300220
1419431400,16.463,16.549,16.196,16.353,317240
1419604200,16.328,16.585,16.328,16.378,495730
1419863400,16.333,16.479,16.109,16.169,410230
1419949800,16.072,16.439,15.865,15.913,591270
1420036200,15.91,16.472,15.91,16.24,816970
1420209000,16.38,16.449,16.0868,16.312,449580
1420468200,16.175,16.344,15.872,16.298,764520
1420554600,16.3,16.304,15.508,15.797,491740
1420641000,15.946,15.946,15.5305,15.8,463550
1420727400,15.889,16.42,15.74,16.241,368000
1420813800,16.284,16.388,15.809,15.962,536320
1421073000,16.002,16.102,15.727,15.868,377030
1421159400,16.038,16.2475,15.465,15.806,666860
1421245800,15.686,16.0055,15.512,15.87,462470
1421332200,15.961,15.961,15.302,15.366,357850
1421418600,15.294,15.821,15.001,15.789,393520
1421764200,15.835,16.039,15.541,15.998,660700
1421850600,16.012,16.19,15.537,15.89,690060
1421937000,15.936,16.5,15.609,16.358,705190
1422023400,16.426,16.719,16.376,16.521,1615110
1422282600,16.465,16.841,16.0315,16.83,847010
1422369000,15.25,16.46075,15.25,16.145,2328520
1422455400,16.295,16.37519,15.637,15.903,1235920
1422541800,16.053,16.295,15.572,16.188,917200
1422628200,16.075,16.696,15.772,16.16,1258730
1422887400,16.342,16.536,15.979,16.501,1275540
1422973800,16.599,17.091,16.567,16.75,974790
1423060200,16.647,17,16.502,16.896,1268350
1423146600,16.949,17.568,16.6755,17.422,1558200
1423233000,17.485,17.736,17.267,17.516,1676670
1423492200,17.498,17.713,17.25401,17.533,830680
1423578600,17.69,18.15,17.43,17.783,1566290
1423665000,17.703,17.85,17.41603,17.806,1044860
1423751400,17.892,18,17.804,17.875,788690
1423837800,17.94,18.224,17.88,18.124,525430
1424183400,18.203,18.2615,17.848,17.966,269460
1424269800,17.68,18.008,17.68,17.966,652930
1424356200,17.888,18.095,17.847,17.962,401150
1424442600,18.008,18.063,17.734,17.955,308210
1424701800,17.843,17.978,17.477,17.739,962840
1424788200,17.69,17.959,17.55,17.733,442140
1424874600,17.779,18.073,17.741,17.93,368590
1424961000,17.958,18.173,17.808,17.951,339860
1425047400,18.001,18.05,17.718,17.834,459810
1425306600,17.86,18.0435,17.621,17.959,842470
1425393000,17.912,18.218,17.638,17.919,1240200
1425479400,17.796,17.952,17.459,17.468,767330
1425565800,17.476,17.549,16.948,17.03,1283500
1425652200,16.8,16.999,15.975,16.172,2811250
1425907800,16.2,16.5506,16.118,16.486,687270
1425994200,16.26,16.284,16,16.104,701520
1426080600,16.195,16.299,15.91,16.021,964230
1426167000,16.054,16.303,16.054,16.303,962990
1426253400,16.327,16.502,16.123,16.426,1391100
1426512600,16.486,17.087,16.32447,16.841,1307450
1426599000,16.826,17.199,16.803,16.996,1597560
1426685400,17.053,17.4,16.832,17.324,1145810
1426771800,17.3,17.505,17.097,17.378,1122970
1426858200,17.516,17.6475,17.351,17.476,1472220
1427117400,17.487,17.7535,17.346,17.435,845020
1427203800,17.496,17.496,17.041,17.25,458810
1427290200,17.304,17.304,16.561,16.696,1241960
1427376600,16.618,17.101,16.272,16.954,537970
1427463000,16.954,17.045,16.8,17.013,407930
1427722200,17.168,17.168,16.975,17.091,559390
1427808600,16.93,17.133,16.786,16.919,963210
1427895000,16.872,16.999,16.591,16.916,1033270
1427981400,16.938,17.057,16.658,16.952,702050
1428327000,16.891,17.173,16.883,17.002,684000
1428413400,17.065,17.362,16.96,17.028,448930
1428499800,17.02,17.296,16.971,17.2065,565020
1428586200,17.138,17.442,16.94,17.399,784480
1428672600,17.451,17.69,17.376,17.599,366310
1428931800,17.557,17.70301,17.111,17.196,724050
1429018200,17.2,17.301,16.919,17.112,490170
1429104600,17.305,17.525,17.137,17.339,527120
1429191000,17.325,17.38299,17.11,17.335,385970
1429277400,17.147,17.197,16.633,17.065,766260
1429536600,17.203,17.372,17,17.122,893020
1429623000,17.287,17.656,17.0678,17.539,1179840
1429709400,17.529,17.713,17.302,17.632,492780
1429795800,17.572,17.808,17.25,17.663,783210
1429882200,17.721,17.721,17.475,17.509,209170
1430141400,17.637,17.705,17.281,17.356,498090
1430227800,17.32,17.433,16.901,16.97,1184370
1430314200,18,19.78917,17.423,18.707,5102560
1430400600,18.674,19.443,18.0345,18.212,1611740
1430487000,18.175,19.194,18.029,18.268,985000
1430746200,18.282,18.654,17.892,18.13,719860
1430832600,18.081,18.146,17.612,17.9,702440
1430919000,18.025,18.037,17.507,17.935,586320
1431005400,17.939,17.992,17.581,17.754,1076830
1431091800,17.884,18.194,17.581,18.084,1040790
1431351000,18.027,18.41743,18.027,18.106,838620
1431437400,18.082,18.082,17.68,17.758,775340
1431523800,17.864,17.9215,17.504,17.743,625800
1431610200,17.99175,18.198,17.6994,17.982,444490
1431696600,18,18.073,17.711,17.88,730800
1431955800,18.028,18.028,17.657,17.91,1038230
1432042200,17.888,17.8925,17.6,17.869,1407280
1432128600,17.95,18.0465,17.611,17.645,1429840
1432215000,17.503,17.725,17.5,17.538,701600
1432301400,17.529,17.674,17.271,17.53,813380
1432647000,17.316,17.39,17.02,17.279,770180
1432733400,17.386,17.649,17.30005,17.531,557490
1432819800,17.546,17.697,17.45,17.668,888320
1432906200,17.705,17.904,17.405,17.598,1075140
1433165400,17.761,17.961,17.437,17.614,910040
1433251800,17.599,17.864,17.565,17.588,670310
1433338200,17.685,18.117,17.604,17.78,968390
1433424600,17.665,17.805,17.445,17.489,302870
1433511000,17.452,18.064,17.452,18.043,971110
1433770200,17.959,18.137,17.641,17.687,883090
1433856600,17.738,17.738,17.47501,17.678,639300
1433943000,17.784,18.23599,17.771,18.176,1106300
1434029400,18.154,18.282,17.916,18.064,898010
1434115800,17.975,18.098,17.694,17.875,936050
1434375000,17.735,17.735,17.293,17.409,910630
1434461400,17.358,17.697,17.358,17.62,481340
1434547800,17.646,17.759,17.461,17.68,602340
1434634200,17.681,17.895,17.453,17.864,572070
1434720600,17.851,17.905,17.648,17.769,898450
1434979800,17.77,17.9835,17.729,17.862,292720
1435066200,17.795,17.923,17.643,17.862,298010
1435152600,17.796,17.796,17.389,17.423,426170
1435239000,17.46,17.48,17,17.389,486560
1435325400,17.437,17.437,17,17.386,933180
1435584600,17.211,17.211,16.71775,16.788,786800
1435671000,16.902,17.09,16.823,17.008,693710
1435757400,17.121,17.358,16.906,17.006,798480
1435843800,16.956,17.309,16.901,17.257,663560
1436189400,17.087,17.308,17.001,17.247,921560
1436275800,17.196,17.4,16.863,17.36,1171620
1436362200,17.202,17.424,17.101,17.222,854590
1436448600,17.414,17.7,17.226,17.444,965570
1436535000,17.654,17.677,17.45528,17.57,488980
1436794200,17.64,17.792,17.597,17.71,1005470
1436880600,17.68,18.175,17.60301,18.07,831010
1436967000,18.036,18.447,17.92,18.287,956180
1437053400,18.322,18.71,18.322,18.63,793830
1437139800,18.66,18.66,18.423,18.563,430730
1437399000,18.678,18.73899,18.32801,18.4,995400
1437485400,18.238,18.551,17.80525,18.15,1069190
1437571800,17.988,18.485,17.988,18.372,560210
1437658200,18.459,18.49,17.933,17.982,463160
1437744600,17.961,18.209,17.935,18.143,671620
1438003800,18.067,18.067,17.585,17.817,1166960
1438090200,20.5,20.727,18.424,20.201,5659120
1438176600,20.288,20.69,20.203,20.448,1549350
1438263000,20.528,20.78,20.316,20.481,1391710
1438349400,20.582,20.699,20.232,20.385,1318610
1438608600,20.438,20.699,20.307,20.35,1069020
1438695000,20.826,21.662,20.826,21.486,1813240
1438781400,21.674,22.129,21.551,21.6245,1252260
1438867800,21.725,21.967,21.25,21.304,881960
1438954200,21.204,21.577,21.159,21.561,589710
1439213400,21.621,21.929,21.466,21.885,890100
1439299800,21.732,21.904,21.324,21.541,872530
1439386200,21.45,21.708,21.248,21.698,997820
1439472600,21.671,22.166,21.596,21.871,1041390
1439559000,21.787,21.999,21.718,21.88,652430
1439818200,21.761,22.6475,21.627,22.16,1183850
1439904600,22.122,22.14,21.68,21.773,1272290
1439991000,21.673,21.991,21.559,21.862,617790
1440077400,21.672,21.678,20.912,20.959,1138740
1440163800,20.556,20.846,20.068,20.4,1092440
1440423000,19.502,20.4695,19.301,19.606,1277600
1440509400,20.291,20.356,19.4115,19.603,1257540
1440595800,20.08,20.281,19.719,20.114,1022960
1440682200,20.382,20.6595,19.8015,20.087,1716510
1440768600,19.957,20.139,19.85,20.099,686870
1441027800,20.099,20.099,19.558,19.87,1052230
1441114200,19.4,19.913,19.4,19.604,1029480
1441200600,19.866,19.866,19.221,19.702,953550
1441287000,19.687,20.05695,19.612,19.837,529430
1441373400,19.547,19.7543,19.323,19.543,529880
1441719000,19.749,20.251,19.706,20.125,754630
1441805400,20.22,20.245,19.752,19.834,653550
1441891800,19.8,19.891,19.599,19.841,1412820
1441978200,19.9,20.342,19.879,20.114,2107230
1442237400,20.106,20.322,19.5208,20.095,732850
1442323800,20.11201,20.869,20.11201,20.795,876790
1442410200,20.78,21.141,20.76,20.987,1021700
1442496600,20.914,21.321,20.791,20.99,822650
1442583000,20.64,21.12,20.598,20.668,1317460
1442842200,20.801,21.103,20.638,20.85,939530
1442928600,20.691,20.841,20.56,20.707,831370
1443015000,20.788,20.885,20.659,20.828,624230
1443101400,20.699,20.91,20.38975,20.519,1296800
1443187800,20.731,21.4584,20.345,20.519,1252620
1443447000,20.401,20.401,19.337,19.528,1148670
1443533400,19.571,19.779,19.199,19.472,1068530
1443619800,19.76,19.76,19.36951,19.647,1732300
1443706200,19.618,20.037,19.286,19.93,1491500
1443792600,19.757,19.968,19.3805,19.884,1358100
1444051800,19.985,20.1695,19.922,20.099,1428460
1444138200,20.031,20.179,19.571,19.758,903420
1444224600,19.887,20.062,19.678,19.958,1554390
1444311000,19.958,19.99789,19.537,19.953,993040
1444397400,19.984,20.641,19.984,20.525,1430040
1444656600,20.543,20.715,20.30301,20.611,894470
1444743000,20.487,20.977,19.776,19.938,1423870
1444829400,19.894,19.962,19.526,19.675,568150
1444915800,19.725,20.061,19.5745,19.979,582600
1445002200,20.04,20.418,19.98,20.311,666020
1445261400,20.302,20.479,20.176,20.373,959610
1445347800,20.273,20.44,19.393,19.711,906490
1445434200,19.73,19.767,18.974,19.036,861420
1445520600,19.072,19.863,19.072,19.492,491540
1445607000,19.77,19.77,18.674,18.818,1975220
1445866200,18.765,19.704,18.709,19.626,3372690
1445952600,17.8,17.94699,16.419,16.824,7588080
1446039000,16.825,17.993,16.595,17.885,3819260
1446125400,17.772,17.9614,17.202,17.438,1480420
1446211800,17.444,17.668,17.08,17.207,1694940
1446474600,17.281,17.738,17.128,17.616,1726780
1446561000,17.604,18.084,17.305,17.712,2613900
1446647400,17.795,18.058,17.766,18.023,1216730
1446733800,18.056,18.168,17.6254,17.692,888700
1446820200,17.68,18,17.57,17.765,1350890
1447079400,17.786,17.786,17.3505,17.486,1042970
1447165800,17.398,17.571,17.074,17.445,1111700
1447252200,17.445,17.768,17.257,17.485,718870
1447338600,17.052,17.746,17.052,17.272,894180
1447425000,17.193,17.2725,16.821,16.887,1132590
1447684200,16.888,17.201,16.811,17.158,714580
1447770600,17.181,17.437,17.032,17.193,840470
1447857000,17.212,17.577,17.071,17.482,930990
1447943400,17.434,17.574,17.2335,17.3,694170
1448029800,17.414,17.625,17.155,17.321,1027120
1448289000,17.348,17.564,17.202,17.368,1229600
1448375400,17.316,17.427,16.93,17.33,1265420
1448461800,17.055,17.78,17.055,17.54,648900
1448634600,17.604,17.627,17.506,17.556,231110
1448893800,17.38,17.443,17.136,17.337,734660
1448980200,17.488,17.778,17.337,17.719,2338670
1449066600,17.769,17.838,17.517,17.619,881880
1449153000,17.64,17.9,17.182,17.358,862970
1449239400,17.379,17.82,17.379,17.684,478140
1449498600,17.6,17.741,17.229,17.373,649350
1449585000,17.191,17.7065,17.102,17.549,790490
1449671400,17.452,17.671,17.117,17.253,782780
1449757800,17.309,17.409,17.054,17.275,2229960
1449844200,17.137,17.6,17.084,17.414,2381280
1450103400,17.392,17.61,17.181,17.525,1489250
1450189800,17.653,18.122,17.58101,17.893,1134390
1450276200,17.97,18.012,17.432,17.712,1101850
1450362600,17.722,18.034,17.268,17.351,2016220
1450449000,17.252,17.696,17.114,17.574,2441340
1450708200,17.734,17.774,17.454,17.737,1643940
1450794600,17.799,17.799,17.512,17.714,1267410
1450881000,17.796,17.796,17.635,17.745,593830
1450967400,17.694,17.84,17.597,17.761,246510
1451313000,17.661,17.786,17.536,17.641,455160
1451399400,17.731,18.088,17.731,18.064,611440
1451485800,18.024,18.18,17.886,17.892,587010
1451572200,17.849,18.128,17.685,17.929,1242790
1451917800,17.617,17.798,16.901,17.113,1415190
1452004200,17.113,17.358,16.917,17.177,873410
1452090600,16.997,17.38,16.684,16.927,900610
1452177000,16.642,16.838,16.042,16.103,1629240
1452263400,16.057,16.174,14.10601,14.815,7891960
1452522600,14.982,15.424,14.846,15.245,1964920
1452609000,15.378,15.704,15.21,15.619,1814500
1452695400,15.596,15.677,14.822,15.034,1486820
1452781800,15.072,15.4875,14.69,15.253,1231990
1452868200,14.801,15.014,14.295,14.993,1606690
1453213800,15.121,15.125,14.323,14.634,1703990
1453300200,14.432,15.217,14.101,14.969,1840370
1453386600,15.012,15.408,14.928,15.022,821780
1453473000,15.325,15.3601,14.884,14.991,1462050
1453732200,14.921,15.065,14.5,14.588,1152090
1453818600,14.689,15.02899,14.561,14.715,1670720
1453905000,14.68,14.68,14.154,14.239,2511880
1453991400,16.083,17.377,16.083,16.726,7676790
1454077800,16.832,17.3,16.611,17.251,2919840
1454337000,17.108,17.616,16.878,17.334,2250020
1454423400,17.196,17.446,17.065,17.189,1730730
1454509800,17.413,17.413,16.87,17.148,1473880
1454596200,17.102,17.102,16.543,16.784,1322240
1454682600,16.587,16.605,15.5805,15.646,2115940
1454941800,15.453,15.6009,15.059,15.5,1912060
1455028200,15.254,16.171,15.0055,15.196,1409510
1455114600,15.332,15.64017,14.967,15.015,1033530
1455201000,14.721,15.1905,14.555,14.957,2269670
1455287400,15.045,15.266,14.64,15.19,1170400
1455633000,15.371,15.371,15.077,15.236,1222160
1455719400,15.345,15.739,15.218,15.66,2599240
1455805800,15.649,15.824,14.8625,14.932,1796450
1455892200,14.8,15.549,14.762,15.325,2288990
1456151400,15.532,15.82,15.41,15.46,1223920
1456237800,15.251,15.53,15.199,15.259,2350460
1456324200,15.141,15.871,15.027,15.658,2052030
1456410600,15.671,15.871,15.301,15.815,1278540
1456497000,15.957,16,15.601,15.858,1235340
1456756200,15.835,16.354,15.8,16.089,1227580
1456842600,16.321,17.283,16.321,17.239,2641890
1456929000,17.151,17.151,16.669,16.824,1136240
1457015400,16.82,17.1435,16.603,17.078,1504370
1457101800,17.078,17.174,16.81,16.898,926660
1457361000,16.798,16.91425,15.937,16.875,1734720
1457447400,16.706,16.9585,16.586,16.765,1111760
1457533800,16.819,16.894,16.659,16.824,1191830
1457620200,16.926,17.093,16.43,16.712,912760
1457706600,16.834,17.111,16.64801,17.059,730640
1457962200,16.959,17.13,16.792,16.804,569410
1458048600,16.804,16.859,16.51,16.581,1683050
1458135000,16.622,16.795,16.221,16.738,1145080
1458221400,16.651,17.043,16.614,16.898,1593460
1458307800,16.992,17.558,16.891,17.512,1415220
1458567000,17.484,17.73,17.118,17.555,945180
1458653400,17.45,17.722,17.45,17.577,1241520
1458739800,17.58,17.58,16.917,16.948,980770
1458826200,16.89379,17.443,16.8535,17.282,1020500
1459171800,17.418,17.69999,16.848,17.202,770320
1459258200,17.19,18.049,17.095,17.779,928340
1459344600,17.933,18.135,17.58418,18.087,1282250
1459431000,18.23,18.23,17.871,17.972,1052810
1459517400,17.844,18.309,17.746,18.275,1749570
1459776600,18.342,18.57,18.202,18.471,1010290
1459863000,18.307,18.665,18.25,18.31,1675780
1459949400,18.285,18.315,18.043,18.234,824110
1460035800,18.089,18.089,17.672,17.91,748530
1460122200,18.057,18.087,17.706,17.88,668620
1460381400,18.212,18.481,17.897,18.072,1310090
1460467800,18.137,18.45,17.973,18.265,974140
1460554200,18.355,18.731,18.25575,18.707,1065330
1460640600,18.67,18.941,18.6045,18.795,1839440
1460727000,18.714,18.887,18.541,18.617,1819200
1460986200,18.632,19.111,18.523,18.825,1999010
1461072600,18.869,18.978,18.607,18.935,1920420
1461159000,19.0035,19.094,18.738,18.828,1238510
1461245400,18.886,19.1715,18.659,18.826,1145110
1461331800,18.743,19.184,18.573,19.18,1433620
1461591000,19.19,19.19,18.315,18.55,1856740
1461677400,18.787,19.034,18.345,18.983,4039760
1461763800,19.076,19.24,18.571,18.997,2177600
1461850200,17.218,18.657,17.026,18.257,3402260
1461936600,18.251,18.3398,17.7325,17.932,1269700
1462195800,17.982,18.594,17.751,18.41,2142040
1462282200,18.197,18.408,17.968,18.034,1392210
1462368600,18,18.198,17.751,18.007,1294330
1462455000,18.04,18.16,17.758,17.983,1490680
1462541400,17.848,18.348,17.796,18.257,1377400
1462800600,18.244,18.96,18.244,18.816,2848290
1462887000,18.837,19.218,18.621,19.05,1840650
1462973400,18.979,19.118,18.435,18.519,1526260
1463059800,18.608,18.771,18.22935,18.445,1512530
1463146200,18.43,18.61,18.125,18.215,1210380
1463405400,18.26,18.542,18.058,18.249,893670
1463491800,18.214,18.246,17.747,17.9,1323540
1463578200,17.809,18.161,17.694,18.026,1523770
1463664600,17.934,18.29,17.636,17.884,736620
1463751000,18.021,18.187,17.80534,17.928,1425060
1464010200,17.96,18.503,17.958,18.352,891660
1464096600,18.512,19.033,18.512,18.939,1236440
1464183000,19.016,19.151,18.672,18.709,978000
1464269400,18.712,19.01,18.645,18.803,318670
1464355800,18.82,19.114,18.674,19.093,792130
1464701400,19.11,19.11,18.552,18.654,1886410
1464787800,18.684,18.901,18.57,18.647,2251780
1464874200,18.541,19.101,18.382,19.07,1070580
1464960600,19.055,19.07,18.556,18.869,850350
1465219800,18.975,19.596,18.946,19.471,2075810
1465306200,19.477,19.599,19.131,19.388,1573420
1465392600,19.35,19.524,19.186,19.23,758790
1465479000,19.146,19.308,19.047,19.209,675830
1465565400,19.068,19.068,18.669,18.776,755660
1465824600,18.658,19.1005,18.515,18.632,652210
1465911000,18.572,18.737,18.365,18.55,895240
1465997400,18.557,18.705,18.10885,18.486,586970
1466083800,18.337,18.625,18.008,18.472,710890
1466170200,18.456,18.456,17.739,17.918,1400690
1466429400,18.201,18.62499,18.156,18.397,984560
1466515800,18.459,18.602,18.127,18.22,601430
1466602200,18.224,18.24,17.893,17.962,616350
1466688600,18.186,18.4,17.994,18.294,1022970
1466775000,17.5,17.958,17.26,17.312,2976040
1467034200,17.073,17.073,16.502,16.713,2719350
1467120600,16.782,17.026,16.703,16.815,946860
1467207000,16.883,17.696,16.851,17.432,1903840
1467293400,17.47,17.534,17.016,17.502,1471040
1467379800,17.448,17.6595,16.599,17.239,694520
1467725400,17.118,17.4705,16.80001,17.288,896310
1467811800,17.126,17.555,17.126,17.29,885130
1467898200,17.394,17.56,17.187,17.384,750500
1467984600,17.591,17.991,17.504,17.829,1053160
1468243800,18.007,18.204,17.797,18.055,947360
1468330200,18.201,18.32,17.918,18.16,1359780
1468416600,18.304,18.304,18.077,18.158,1224010
1468503000,18.393,18.4775,18.1955,18.221,1179370
1468589400,18.335,18.80613,18.144,18.721,2080480
1468848600,18.678,19.154,18.62,18.74,1843250
1468935000,18.761,18.898,18.652,18.655,1074910
1469021400,18.81,19.176,18.661,19.048,1204620
1469107800,18.981,19.14,18.225,18.379,1998100
1469194200,18.353,18.945,18.353,18.784,1316130
1469453400,18.766,18.766,18.436,18.451,726730
1469539800,18.49,18.74899,18.321,18.521,1251360
1469626200,18.507,18.534,18.111,18.298,1448640
1469712600,18.536,18.676,18.4392,18.508,1580840
1469799000,17.114,17.5135,16.1895,17.489,5907590
1470058200,17.432,17.432,17,17.201,2422030
1470144600,17.12,17.129,16.689,16.724,2278210
1470231000,16.767,16.767,16.294,16.684,1920060
1470317400,16.667,16.733,16.35187,16.449,1298560
1470403800,16.524,16.802,16.465,16.632,1374910
1470663000,16.611,16.708,16.35,16.444,1053280
1470749400,16.386,16.52,16.321,16.506,1011690
1470835800,16.522,16.6125,16.4,16.558,1059130
1470922200,16.605,16.6525,16.492,16.613,1327820
1471008600,16.58,16.589,16.414,16.543,933550
1471267800,16.543,16.76,16.5215,16.675,656850
1471354200,16.645,16.6735,16.381,16.54,650630
1471440600,16.518,16.5315,16.318,16.402,1093840
1471527000,16.427,16.5845,16.412,16.558,789970
1471613400,16.546,16.704,16.42,16.664,721090
1471872600,16.66,16.696,16.404,16.688,998520
1471959000,16.74,17,16.7035,16.842,791550
1472045400,16.845,17.1815,16.645,16.678,1145270
1472131800,16.676,16.87,16.607,16.832,1080710
1472218200,16.842,17.161,16.6,16.747,957070
1472477400,16.73,16.817,16.5615,16.6,1259170
1472563800,16.607,16.718,16.509,16.696,621940
1472650200,16.573,16.725,16.512,16.679,756460
1472736600,16.647,16.827,16.518,16.732,732800
1472823000,16.827,17.126,16.81,16.978,714460
1473168600,16.949,17.072,16.75,17.063,861750
1473255000,17.02,17.263,16.958,17.171,1221090
1473341400,17.133,17.299,16.945,17.265,1311060
1473427800,17.113,17.367,17.064,17.07,2208220
1473687000,17.088,17.289,16.821,17.245,1316540
1473773400,17.118,17.18,16.807,16.993,2538220
1473859800,16.955,17.075,16.7401,16.839,1051180
1473946200,16.849,17.007,16.55616,16.762,795120
1474032600,16.76,16.76,16.402,16.484,1812760
1474291800,16.614,16.675,16.358,16.425,1053610
1474378200,16.576,16.88499,16.53,16.655,1269630
1474464600,16.748,16.996,16.599,16.763,1256260
1474551000,16.888,17.1425,16.7645,17.03,1573920
1474637400,16.988,17.231,16.96,17.178,1247810
1474896600,17.094,17.17,16.971,17.087,1335250
1474983000,17.04,17.1705,16.8,16.906,1286920
1475069400,16.973,17.06599,16.923,17.025,1151070
1475155800,17.059,17.07,16.559,16.574,884090
1475242200,16.586,16.841,16.452,16.744,1247440
1475501400,16.697,16.727,16.272,16.384,856050
1475587800,16.486,17.0995,16.41,17.05,1697180
1475674200,17.03,17.132,16.9,17.101,1409070
1475760600,17.142,17.427,17.065,17.277,1551950
1475847000,17.238,17.426,17.13,17.298,1211630
1476106200,17.422,17.8,17.354,17.469,1215220
1476192600,17.465,17.465,17.226,17.306,998760
1476279000,17.426,17.426,17.185,17.316,802550
1476365400,17.278,17.343,17.007,17.237,1143020
1476451800,17.376,17.376,17.06501,17.22,529710
1476711000,17.25,17.3335,17.109,17.185,1333180
1476797400,17.355,17.425,17.138,17.258,1300310
1476883800,17.206,17.3635,16.955,17.014,997690
1476970200,17.019,17.108,16.779,16.844,933970
1477056600,16.84,16.8715,16.667,16.861,666140
1477315800,16.984,17.507,16.9035,17.404,1308280
1477402200,17.419,17.597,17.014,17.229,1053670
1477488600,17.209,17.464,17.147,17.18,1580610
1477575000,17.174,17.44,17.031,17.353,2510300
1477661400,19,19.901,18.645,19.147,4600380
1477920600,19.277,19.679,19.277,19.481,2219980
1478007000,19.571,19.662,19.375,19.504,1875700
1478093400,19.404,19.652,19.041,19.187,1773420
1478179800,19.308,19.321,18.844,18.896,1046220
1478266200,18.862,19.234,18.654,19.016,1610300
1478529000,19.298,19.538,19.099,19.231,3207520
1478615400,19.249,19.402,18.91,19,2820550
1478701800,18.781,19.37567,18.644,19.188,2604520
1478788200,19.39,19.8115,18.9483,19.316,3372190
1478874600,19.32,19.8,19.257,19.675,1661160
1479133800,19.879,19.879,19.083,19.211,1728910
1479220200,19.207,19.49,19.075,19.31,826840
1479306600,19.358,19.683,19.202,19.648,893080
1479393000,19.683,19.773,19.4565,19.747,639060
1479479400,19.841,19.914,19.49,19.668,973850
1479738600,19.6,19.846,19.565,19.693,716770
1479825000,19.728,19.89,19.539,19.857,726320
1479911400,19.85,19.85,19.558,19.821,540170
1480084200,19.916,19.9695,19.733,19.785,394800
1480343400,19.727,19.927,19.339,19.503,931820
1480429800,19.566,19.699,18.502,19.523,642860
1480516200,19.485,19.543,19.202,19.403,1241530
1480602600,19.408,19.664,19.078,19.16,1221470
1480689000,19.125,19.286,18.809,19.194,624500
1480948200,19.278,19.596,19.256,19.576,773140
1481034600,19.601,19.874,19.465,19.857,996200
1481121000,19.77,19.945,19.583,19.845,576860
1481207400,19.8,20.5135,19.8,20.098,1091110
1481293800,20.148,20.207,19.851,20.097,1075770
1481553000,20.072,20.3735,19.624,20.187,931230
1481639400,20.326,20.507,20.099,20.444,932730
1481725800,20.469,20.56,19.808,19.959,1107060
1481812200,19.93,20.397,19.703,20.155,951460
1481898600,20.255,20.45535,19.989,20.04,1060790
1482157800,20.08,20.357,19.9115,20.318,746490
1482244200,20.346,20.602,20.033,20.389,1381640
1482330600,20.72799,20.72799,19.869,20.031,888780
1482417000,20.081,20.081,19.536,19.618,811010
1482503400,19.665,20.166,19.665,20.122,506310
1482849000,20.065,20.698,20.006,20.148,747950
1482935400,20.0195,20.319,19.636,19.76,693090
1483021800,20.1005,20.1005,19.699,19.85,443740
1483108200,19.867,19.9395,19.59,19.74,634090
1483453800,19.855,20.035,19.702,19.784,1077150
1483540200,19.765,19.8655,19.704,19.794,1208320
1483626600,19.766,20.274,19.766,19.961,1093220
1483713000,20.024,20.186,19.879,19.917,750750
1483972200,19.969,20.089,19.667,19.863,734450
1484058600,19.967,20.096,19.791,20.078,669700
1484145000,19.7535,20.244,19.7535,20.1,922900
1484231400,20.006,20.1155,19.762,20.047,588200
1484317800,20.158,20.422,20.112,20.38,475340
1484663400,20.249,20.249,20.008,20.092,492970
1484749800,20.141,20.409,20.042,20.251,568220
1484836200,20.2,20.2,19.8745,19.9,786600
1484922600,19.875,20.2815,19.787,20.155,1024000
1485181800,20.192,20.592,20.0805,20.51,654610
1485268200,20.207,20.596,19.9,20.296,1024940
1485354600,20.258,20.489,20.141,20.33,848390
1485441000,20.3525,20.3525,19.9235,20.13,483550
1485527400,20.0715,20.2885,19.919,19.958,692990
1485786600,19.858,20,19.667,19.946,790500
1485873000,19.87,20.249,19.641,20.13,1119130
1485959400,19.823,19.903,19.151,19.651,1678150
1486045800,19.691,19.758,19.002,19.15,1414190
1486132200,19.267,19.63,19.267,19.548,846390
1486391400,19.431,19.463,18.987,19.03,633310
1486477800,19.068,19.1,18.731,18.799,518140
1486564200,18.821,18.9715,18.56,18.749,476770
1486650600,18.618,19.05,18.618,19.001,524490
1486737000,19.092,19.092,18.812,18.935,371590
1486996200,19.055,19.18,18.849,19.134,467590
1487082600,19.056,19.396,18.954,19.299,863900
1487169000,19.274,19.525,18.78774,19.415,353890
1487255400,19.218,19.3555,19.048,19.268,489470
1487341800,19.212,19.455,19.1285,19.287,372580
1487687400,19.308,19.722,19.152,19.58,846460
1487773800,19.567,19.701,19.267,19.46,575570
1487860200,19.499,19.618,19.153,19.33,786480
1487946600,19.242,19.448,19.232,19.433,374880
1488205800,19.353,19.57,19.171,19.442,434180
1488292200,19.343,19.499,19.102,19.188,612550
1488378600,19.407,19.461,19.1485,19.378,537280
1488465000,19.398,19.398,18.854,19.023,520460
1488551400,19.094,19.109,18.71,19,492540
1488810600,18.9,18.992,18.683,18.795,545730
1488897000,18.772,19.065,18.592,18.757,731500
1488983400,18.829,19.191,18.686,18.916,659460
1489069800,18.991,19.08,18.591,18.762,400060
1489156200,18.55801,18.998,18.543,18.697,521250
1489411800,18.61,18.968,18.61,18.885,544040
1489498200,18.781,18.88,18.6278,18.862,269690
1489584600,18.929,19.05,18.75,19.002,358490
1489671000,19.045,19.204,18.8315,19.105,551140
1489757400,19.054,19.3,19.0325,19.186,1017920
1490016600,19.161,19.401,18.9105,19.242,685100
1490103000,19.38,19.38,18.7225,18.799,907990
1490189400,18.77,18.89,18.362,18.695,1007140
1490275800,18.67,18.893,18.463,18.641,664440
1490362200,18.68,18.714,18.4585,18.614,321060
1490621400,18.35,18.787,18.222,18.694,513240
1490707800,18.696,18.849,18.507,18.774,413140
1490794200,18.78,18.84999,18.672,18.781,431590
1490880600,18.81,18.93,18.544,18.829,492360
1490967000,18.753,18.941,18.562,18.78,542530
1491226200,18.79,19.40999,18.504,18.743,786780
1491312600,18.64,18.802,18.392,18.625,435070
1491399000,18.652,18.828,18.303,18.411,551110
1491485400,18.703,18.703,18.141,18.349,898920
1491571800,18.325,18.5705,18.103,18.28,582130
1491831000,18.348,18.637,18.348,18.479,400080
1491917400,18.437,18.717,18.28401,18.567,346170
1492003800,18.537,18.587,18.301,18.392,292170
1492090200,18.394,18.40095,18.155,18.161,325400
1492435800,18.26553,18.573,18.185,18.423,821900
1492522200,18.36,18.674,18.3295,18.541,436230
1492608600,18.505,18.725,18.5,18.594,284150
1492695000,18.59,18.851,18.411,18.811,567180
1492781400,18.82,19.144,18.60201,18.759,950710
1493040600,19.046,19.2,18.729,19.067,501240
1493127000,19.101,19.235,18.95072,19.068,339440
1493213400,19.068,19.458,18.917,19.301,653540
1493299800,19.326,19.39,18.93,19.249,724020
1493386200,18.95,19.123,18.154,19.017,1681940
1493645400,19.044,19.457,18.683,19.135,889590
1493731800,19.216,19.3795,18.641,18.801,782100
1493818200,18.768,19.0185,18.27801,18.784,1190130
1493904600,18.85,19.041,18.731,18.917,920370
1493991000,18.967,19.1085,18.7645,19.095,505430
1494250200,19.086,19.193,18.82,19.152,706870
1494336600,19.177,19.39,18.725,18.788,1002020
1494423000,18.531,18.981,18.531,18.711,601340
1494509400,18.675,18.815,18.385,18.705,501520
1494595800,18.68,18.68,18.424,18.531,536740
1494855000,18.505,18.919,18.505,18.707,543140
1494941400,18.708,18.812,18.594,18.766,331890
1495027800,18.516,18.8015,18.327,18.39,616520
1495114200,18.37,18.595,18.2955,18.413,1191470
1495200600,18.436,18.654,18.3265,18.378,1677990
1495459800,18.408,18.607,18.32,18.522,617420
1495546200,18.567,18.613,18.132,18.21,1444840
1495632600,18.249,18.384,18,18.199,894510
1495719000,18.293,18.384,18.1125,18.15,889950
1495805400,18.063,18.35,18.00101,18.077,902120
1496151000,18.042,18.33062,18.0001,18.284,890250
1496237400,18.331,18.41,18.0185,18.236,545840
1496323800,18.326,18.603,18.157,18.594,720170
1496410200,18.565,18.95,18.488,18.832,1057550
1496669400,18.821,18.821,18.377,18.413,481270
1496755800,18.371,18.581,18.212,18.282,699890
1496842200,18.299,18.5415,18.17,18.252,726760
1496928600,18.189,18.52,18.183,18.461,538330
1497015000,18.478,18.546,17.867,18.079,814340
1497274200,18.028,18.2735,17.75,18.119,859220
1497360600,18.079,18.349,18.014,18.212,1082830
1497447000,18.278,18.488,18.132,18.34,683060
1497533400,18.216,18.3546,18.114,18.282,741700
1497619800,18.225,18.392,18.2,18.26,760960
1497879000,18.297,18.342,18.09634,18.239,391900
1497965400,18.187,18.394,18.187,18.314,425350
1498051800,18.363,18.534,18.28,18.447,795520
1498138200,18.51,18.511,18.287,18.46,944000
1498224600,18.468,18.777,18.3745,18.495,2630350
1498483800,18.56,18.782,18.456,18.484,1496620
1498570200,18.411,18.727,18.411,18.511,1082810
1498656600,18.599,18.967,18.55,18.883,1218920
1498743000,18.912,18.999,18.651,18.91,1665580
1498829400,18.97,19.34699,18.91,19.167,1801060
1499088600,19.204,19.2245,18.61,18.654,465250
1499261400,18.632,18.689,18.359,18.452,670280
1499347800,18.306,18.499,18.18,18.262,580410
1499434200,18.344,18.696,18.344,18.499,479350
1499693400,18.468,18.695,18.307,18.377,458280
1499779800,18.432,18.687,18.229,18.434,772280
1499866200,18.511,18.865,18.511,18.768,447580
1499952600,18.72,19.449,18.468,18.579,326050
1500039000,18.58,18.625,18.438,18.473,322860
1500298200,18.472,18.6795,18.416,18.582,497680
1500384600,18.636,18.898,18.54436,18.875,790820
1500471000,18.927,19.009,18.639,18.981,622950
1500557400,18.98,19.116,18.791,18.932,549750
1500643800,18.973,18.973,18.75,18.848,822100
1500903000,18.781,19.342,18.7728,19.19,727280
1500989400,19.22,19.635,19.009,19.251,1125570
1501075800,19.3,19.61,18.903,19.156,282850
1501162200,19.194,19.28,18.618,18.918,452050
1501248600,17,17.039,13.521,13.999,7943670
1501507800,13.99,14.071,13.417,13.451,3509940
1501594200,13.49,13.807,13.319,13.628,3111620
1501680600,13.629,13.73191,13.381,13.593,1645700
1501767000,13.592,13.592,13.226,13.356,1346560
1501853400,13.356,13.589,13.298,13.573,1580300
1502112600,13.556,13.563,13.1505,13.213,1540160
1502199000,13.198,13.2416,13.067,13.149,1249830
1502285400,13.092,13.292,12.877,13.06,1151290
1502371800,12.989,13.0597,12.71,12.774,1358230
1502458200,12.814,12.989,12.607,12.901,1578060
1502717400,12.905,13.249,12.852,12.892,3439050
1502803800,12.873,12.986,12.725,12.869,1943000
1502890200,12.889,12.9535,12.723,12.872,1253590
1502976600,12.813,12.92625,12.679,12.746,1235160
1503063000,12.694,12.749,12.515,12.593,1838830
1503322200,12.56,12.621,12.336,12.521,1537030
1503408600,12.572,12.816,12.56555,12.614,1346890
1503495000,12.584,12.659,12.5,12.564,586860
1503581400,12.611,12.679,12.535,12.564,440670
1503667800,12.643,12.663,12.517,12.576,408810
1503927000,12.578,12.642,12.53,12.631,1001680
1504013400,12.538,12.848,12.533,12.67,1590890
1504099800,12.695,12.70999,12.506,12.573,1426080
1504186200,12.625,13.012,12.588,12.9,1302250
1504272600,12.894,12.962,12.757,12.85,971430
1504618200,12.816,12.888,12.70829,12.831,1161030
1504704600,12.817,12.9065,12.775,12.819,1565720
1504791000,12.887,13.0395,12.7905,12.836,944370
1504877400,12.815,12.893,12.713,12.825,1438640
1505136600,12.892,12.926,12.797,12.82,1388240
1505223000,12.819,12.942,12.818,12.852,2694160
1505309400,12.871,13.346,12.856,13.221,1341310
1505395800,13.205,13.218,12.97,13.01,874940
1505482200,12.939,13.125,12.601,12.681,1507560
1505741400,12.671,12.733,12.526,12.595,1757890
1505827800,12.649,12.69618,12.501,12.585,882810
1505914200,12.577,12.6145,12.45,12.53,726540
1506000600,12.466,12.62516,12.31537,12.451,673370
1506087000,12.393,12.55548,12.393,12.476,583730
1506346200,12.479,12.5,12.2905,12.396,510240
1506432600,12.444,12.512,12.407,12.454,880740
1506519000,12.491,12.8,12.4821,12.733,937590
1506605400,12.727,12.81099,12.691,12.772,687160
1506691800,12.8,12.851,12.685,12.771,505810
1506951000,12.8,12.98599,12.8,12.906,698690
1507037400,12.906,12.9969,12.817,12.927,572930
1507123800,12.997,13.128,12.93,13.099,1138860
1507210200,13.098,13.15,12.9165,13.116,741130
1507296600,13.111,13.195,12.9061,13.136,1033750
1507555800,13.185,13.274,13.0735,13.212,748300
1507642200,13.223,13.282,13.193,13.235,693680
1507728600,13.223,13.29,13.133,13.213,651520
1507815000,13.212,13.407,13.195,13.357,801450
1507901400,13.406,13.6015,13.36,13.5,1914110
1508160600,13.499,13.59,13.499,13.583,989530
1508247000,13.6,13.744,13.518,13.589,1036200
1508333400,13.588,13.7095,13.5425,13.6,665650
1508419800,13.574,13.661,13.4801,13.556,707130
1508506200,13.68,13.855,13.572,13.7,1150280
1508765400,13.727,13.77,13.6,13.688,1696090
1508851800,13.689,13.7415,13.625,13.704,636790
1508938200,13.688,13.816,13.51,13.785,1120090
1509024600,13.859,14.115,13.69,14.096,1782590
1509111000,14.125,14.337,13.626,14.086,1545360
1509370200,14.032,14.128,13.538,13.581,1665510
1509456600,13.644,13.803,13.134,13.226,2358050
1509543000,13.34,13.496,12.968,13.454,1590050
1509629400,13.434,13.509,13.156,13.399,1081930
1509715800,13.401,13.416,13.248,13.368,1229460
1509978600,13.332,13.599,13.261,13.43,1237460
1510065000,13.445,13.445,13.268,13.371,869860
1510151400,13.301,13.4795,13.2565,13.439,922440
1510237800,13.2975,13.4975,13.216,13.339,954110
1510324200,13.31,13.4395,13.21,13.35,803790
1510583400,13.265,13.399,13.162,13.222,830050
1510669800,13.179,13.419,13.087,13.318,1980740
1510756200,13.262,13.36,13.162,13.224,1329430
1510842600,13.278,13.457,13.278,13.342,850150
1510929000,13.307,13.426,13.252,13.376,1023410
1511188200,13.4,13.493,13.379,13.459,848620
1511274600,13.534,13.7,13.499,13.7,658020
1511361000,13.7,13.786,13.57872,13.746,406910
1511533800,13.812,13.812,13.6,13.743,297400
1511793000,13.744,13.825,13.606,13.63,584150
1511879400,13.625,13.845,13.541,13.82,483190
1511965800,13.85,13.85,13.60723,13.659,607370
1512052200,13.716,13.76999,13.5,13.676,556770
1512138600,13.684,13.7665,13.342,13.5,545520
1512397800,13.616,13.763,13.468,13.523,1169890
1512484200,13.526,13.6535,13.344,13.456,548110
1512570600,13.438,13.618,13.357,13.447,768450
1512657000,13.256,13.631,13.107,13.399,969670
1512743400,13.454,13.88,13.2905,13.625,993200
1513002600,13.63697,13.63697,13.312,13.368,1013020
1513089000,13.387,13.519,13.189,13.236,521930
1513175400,13.278,13.494,13.179,13.285,1016620
1513261800,13.309,13.3145,13.045,13.175,1058630
1513348200,13.162,13.379,12.975,13.265,1867460
1513607400,13.287,13.583,13.2175,13.398,653280
1513693800,13.397,13.604,13.273,13.482,1060050
1513780200,13.521,13.648,13.2765,13.507,673980
1513866600,13.539,13.599,13.275,13.365,652120
1513953000,13.356,13.457,13.15,13.193,824460
1514298600,13.20275,13.237,13.069,13.104,814810
1514385000,13.099,13.282,13.0505,13.139,599790
1514471400,13.201,13.248,13.12,13.16,312700
1514557800,13.181,13.296,13.089,13.13,370410
1514903400,13.164,13.46694,13.055,13.18,555220
1514989800,13.193,13.4005,13.17,13.238,719920
1515076200,13.326,13.544,13.304,13.506,765410
1515162600,13.534,13.589,13.401,13.501,511670
1515421800,13.477,13.694,13.395,13.661,567840
1515508200,13.669,13.696,13.411,13.625,551160
1515594600,13.46,13.696,13.429,13.662,427740
1515681000,13.697,13.959,13.449,13.836,582120
1515767400,13.862,13.98,13.705,13.975,536910
1516113000,13.996,14.215,13.8,13.831,631780
1516199400,13.86,13.985,13.793,13.96,518360
1516285800,13.899,13.999,13.788,13.885,719110
1516372200,13.858,14.118,13.803,14.098,725160
1516631400,14.065,14.098,13.85401,13.922,569860
1516717800,13.933,14.034,13.801,13.91,352090
1516804200,13.968,14.058,13.8005,13.829,896830
1516890600,13.847,14.0145,13.673,13.733,1753910
1516977000,13.777,13.968,13.2,13.779,2144680
1517236200,13.712,13.899,13.48211,13.795,999700
1517322600,13.706,13.916,13.635,13.838,901510
1517409000,13.853,13.985,13.697,13.773,753700
1517495400,13.682,13.959,13.649,13.914,1032830
1517581800,13.841,13.882,13.531,13.577,652940
1517841000,13.5,13.54,13.101,13.159,748420
1517927400,12.947,13.431,12.85,13.3,798040
1518013800,13.292,13.5565,13.00897,13.352,668040
1518100200,13.351,13.44,13.142,13.153,1207660
1518186600,13.253,13.295,12.852,13.062,941570
1518445800,13.119,13.314,12.942,13.287,1716400
1518532200,13.239,13.4995,13.171,13.451,591090
1518618600,13.34,13.6,13.281,13.583,1476830
1518705000,13.659,13.914,13.54401,13.785,847750
1518791400,13.77,13.865,13.64,13.755,685880
1519137000,13.724,13.886,13.669,13.799,522070
1519223400,13.826,13.971,13.635,13.677,1021550
1519309800,13.73,13.79999,13.60499,13.737,646870
1519396200,13.764,13.8445,13.66225,13.798,404380
1519655400,13.819,13.8545,13.682,13.769,615160
1519741800,13.772,13.8555,13.456,13.516,861760
1519828200,13.571,13.6835,12.78,12.798,1785610
1519914600,12.797,12.966,12.216,12.387,2235050
1520001000,12.297,12.669,12.252,12.543,1911570
1520260200,12.484,13.465,12.484,13.414,2034270
1520346600,13.473,13.558,13.2105,13.32,1150500
1520433000,13.196,13.4145,13.14002,13.325,1020880
1520519400,13.5,13.5,13.155,13.421,823210
1520605800,13.534,13.693,13.366,13.627,1082220
1520861400,13.658,13.658,13.3605,13.607,800650
1520947800,13.67,13.67,13.414,13.504,1120270
1521034200,13.529,13.529,13.325,13.343,475380
1521120600,13.36,13.636,13.1845,13.337,972890
1521207000,13.28,13.307,13.103,13.176,1230440
1521466200,13.154,13.154,12.8221,13.085,564940
1521552600,13.094,13.199,12.975,13.071,565510
1521639000,13.083,13.273,12.825,13.073,375150
1521725400,12.973,13.272,12.836,13.086,1439650
1521811800,12.9495,13.077,12.775,12.977,1415570
1522071000,13.083,13.12195,12.848,13.07,644090
1522157400,13.125,13.3145,12.676,12.842,917010
1522243800,12.822,12.911,12.5945,12.77,894670
1522330200,12.819,13.137,12.734,12.899,1439930
1522675800,12.871,13.241,12.479,12.554,1152910
1522762200,12.626,12.8965,12.5035,12.682,599050
1522848600,12.4,12.724,12.3,12.68,1334090
1522935000,12.77,12.864,12.674,12.758,1111500
1523021400,12.695,12.813,12.46,12.587,763180
1523280600,12.657,12.794,12.532,12.544,626620
1523367000,12.671,12.871,12.534,12.751,1045190
1523453400,12.9845,12.999,12.7,12.87,860610
1523539800,12.914,13.083,12.734,12.952,1119850
1523626200,13.018,13.09,12.7745,13.018,1089530
1523885400,13.074,13.29,12.798,13.236,852320
1523971800,13.27,13.51,13.27,13.463,1479470
1524058200,13.471,13.624,13.386,13.482,513560
1524144600,13.454,13.565,13.304,13.424,384420
1524231000,13.368,13.368,13.088,13.155,423880
1524490200,13.238,13.344,13.033,13.152,296690
1524576600,13.214,13.2825,12.873,13.034,879930
1524663000,13.066,13.23,12.9,13.158,536760
1524749400,13.202,13.4065,13.002,13.229,398820
1524835800,12.5,12.981,12.362,12.669,1380900
1525095000,12.677,13.045,12.584,12.746,1267400
1525181400,12.728,13.124,12.62,13.082,1345410
1525267800,13.084,13.40917,12.858,13.031,921530
1525354200,13.007,13.28,12.696,12.912,734540
1525440600,12.87,13.0935,12.87,13.02,705650
1525699800,13.041,13.168,12.9365,12.993,466250
1525786200,13,13.146,12.862,13.104,836680
1525872600,13.123,13.149,12.942,13.06,309830
1525959000,13.111,13.235,12.944,13.018,765700
1526045400,13.046,13.0725,12.875,12.928,522010
1526304600,12.958,12.958,12.661,12.713,686400
1526391000,12.649,12.903,12.649,12.746,1177490
1526477400,12.728,12.9665,12.728,12.881,753530
1526563800,12.858,12.976,12.827,12.948,800100
1526650200,12.989,13.15,12.975,13.08,942210
1526909400,13.088,13.192,12.901,13.018,879410
1526995800,13.054,13.1315,12.845,12.975,728140
1527082200,12.926,13.059,12.874,13.01,552210
1527168600,13.013,13.113,12.872,13.095,852000
1527255000,13.104,13.205,12.9835,13.072,502260
1527600600,13.032,13.136,12.9,12.927,647560
1527687000,12.981,13.386,12.981,13.224,680370
1527773400,13.224,13.5289,12.912,12.957,765040
1527859800,13.005,13.12,12.89775,13.042,703740
1528119000,13.108,13.154,12.928,13.112,595440
1528205400,13.146,13.286,13.082,13.131,493550
1528291800,13.186,13.3665,13.121,13.178,550800
1528378200,13.141,13.181,12.925,12.99,548920
1528464600,12.987,13.175,12.9755,12.996,349790
1528723800,13.015,13.141,12.907,13.109,408260
1528810200,13.137,13.272,13.004,13.252,351970
1528896600,13.251,13.384,13.1255,13.272,735670
1528983000,13.242,13.346,13.1585,13.316,496890
1529069400,13.272,13.529,13.272,13.474,1005510
1529328600,13.428,13.647,13.3515,13.578,705510
1529415000,13.489,13.603,13.343,13.55,617240
1529501400,13.551,13.699,13.46225,13.5,578920
1529587800,13.515,13.5499,12.93607,13.246,448920
1529674200,13.314,13.314,13.098,13.115,2391800
1529933400,13.069,13.242,12.7455,12.876,661450
1530019800,12.869,13.004,12.8361,12.961,543650
1530106200,12.983,12.999,12.496,12.506,628940
1530192600,12.485,12.759,12.4,12.73,678080
1530279000,12.773,12.893,12.727,12.775,853990
1530538200,12.7,12.968,12.6,12.963,1109500
1530624600,13.029,13.206,12.989,13.176,394610
1530797400,13.194,13.416,13.156,13.405,657740
1530883800,13.378,13.586,13.343,13.488,481460
1531143000,13.454,13.6115,13.41,13.512,492280
1531229400,13.55,13.601,13.4625,13.492,586450
1531315800,13.353,13.507,13.31,13.426,493200
1531402200,13.524,13.691,13.47,13.631,604360
1531488600,13.633,13.722,13.56,13.583,347830
1531747800,13.601,13.616,13.41221,13.53,360150
1531834200,13.4185,13.519,13.396,13.488,348770
1531920600,13.509,13.606,13.467,13.583,452700
1532007000,13.537,13.781,13.537,13.754,476300
1532093400,13.725,13.7613,13.522,13.529,364600
1532352600,13.509,13.5135,13.321,13.42,382080
1532439000,13.505,13.516,13.17,13.332,1445220
1532525400,13.339,13.632,13.318,13.527,518960
1532611800,13.504,13.74,13.382,13.738,754590
1532698200,13.85,13.85,12.848,12.916,1268390
1532957400,12.929,13.075,12.632,12.793,916560
1533043800,12.812,13.031,12.637,13.015,946380
1533130200,13.035,13.313,13.035,13.231,724630
1533216600,13.142,13.669,13.118,13.655,2251530
1533303000,13.665,13.749,13.248,13.489,615220
1533562200,13.447,13.75,13.42,13.717,1622020
1533648600,13.75,13.96,13.729,13.786,485130
1533735000,13.824,13.962,13.6761,13.797,733790
1533821400,13.854,14.203,13.854,13.975,872340
1533907800,13.914,14.26,13.914,14.146,721920
1534167000,14.121,14.29,13.851,14.078,572760
1534253400,14.178,14.381,14.106,14.215,715260
1534339800,14.123,14.281,13.953,14.057,689570
1534426200,14.093,14.307,13.9425,14.107,660910
1534512600,14.053,14.19,13.922,13.953,2092280
1534771800,14.008,14.295,13.871,14.092,908530
1534858200,14.176,14.287,14.07,14.107,336040
1534944600,14.04,14.27383,14.02,14.156,724900
1535031000,14.107,14.277,14.04,14.179,334220
1535117400,14.24,15.008,14.23525,14.967,2248920
1535376600,14.967,14.967,14.6555,14.693,870480
1535463000,14.737,14.885,14.675,14.784,734290
1535549400,14.8,14.905,14.702,14.78,509350
1535635800,14.778,14.884,14.652,14.718,308050
1535722200,14.726,14.919,14.652,14.9,440550
1536067800,14.849,14.849,14.658,14.775,509230
1536154200,14.731,14.731,14.25035,14.484,802670
1536240600,14.522,14.5655,14.252,14.481,831380
1536327000,14.426,14.517,14.2,14.454,997750
1536586200,14.487,14.747,14.374,14.677,504720
1536672600,14.638,14.806,14.566,14.78,396760
1536759000,14.758,14.96,14.546,14.889,684220
1536845400,14.934,14.9855,14.67,14.769,435120
1536931800,14.793,14.9865,14.772,14.913,522040
1537191000,14.913,14.913,14.604,14.71,603580
1537277400,14.74,15.1225,14.664,14.996,1002850
1537363800,14.996,15.075,14.621,14.781,648350
1537450200,14.864,14.864,14.537,14.765,480170
1537536600,14.792,14.9135,14.662,14.812,1104630
1537795800,14.752,14.8755,14.667,14.738,681670
1537882200,14.783,14.849,14.642,14.681,879700
1537968600,14.24,14.445,14.131,14.141,1944920
1538055000,14.168,14.2915,14.021,14.054,668470
1538141400,14.044,14.1355,13.916,14.062,810650
1538400600,14.123,14.196,13.624,13.647,1105310
1538487000,13.65,13.65,13.178,13.249,772060
1538573400,13.288,13.472,13.20099,13.348,891820
1538659800,13.351,13.351,12.9925,13.17,716270
1538746200,13.171,13.254,12.9525,13.12,579750
1539005400,13.094,13.2305,12.878,13.084,1437950
1539091800,13.03,13.218,12.864,13.071,650770
1539178200,13.033,13.033,12.625,12.672,862700
1539264600,12.617,12.966,12.609,12.68,1067700
1539351000,12.841,12.9565,12.6075,12.728,833710
1539610200,12.696,12.944,12.675,12.801,777430
1539696600,12.896,13.196,12.892,13.115,1356020
1539783000,13.081,13.1695,12.96,13.054,929970
1539869400,13.036,13.0425,12.7685,12.827,822410
1539955800,12.838,12.905,12.55801,12.648,691170
1540215000,12.686,12.8985,12.686,12.758,1217100
1540301400,12.619,12.771,12.377,12.687,745070
1540387800,12.653,12.793,12.124,12.125,1329840
1540474200,12.172,12.45467,12.124,12.325,1043300
1540560600,12.067,12.81,12.067,12.249,2460340
1540819800,12.386,12.731,12.068,12.171,1346210
1540906200,12.125,12.5,12.026,12.404,2573650
1540992600,12.569,12.741,12.54,12.597,2093340
1541079000,12.628,12.746,12.52,12.563,935540
1541165400,12.621,12.732,12.4875,12.673,1125150
1541428200,12.709,12.739,12.4395,12.664,1040910
1541514600,12.636,12.869,12.564,12.633,844900
1541601000,12.701,13.018,12.64,12.986,2649610
1541687400,12.959,12.985,12.793,12.851,1096200
1541773800,12.812,12.866,12.654,12.828,870790
1542033000,12.822,12.826,12.60227,12.659,947650
1542119400,12.694,12.9,12.458,12.591,1829840
1542205800,12.647,12.6895,12.537,12.545,1126670
1542292200,12.536,12.853,12.5205,12.742,875240
1542378600,12.657,12.781,12.497,12.708,1954660
1542637800,12.668,12.668,12.442,12.445,1134260
1542724200,12.333,12.506,12.245,12.302,1863580
1542810600,12.4,12.578,12.374,12.518,660190
1542983400,12.441,12.571,12.435,12.435,366780
1543242600,12.57,12.65,12.507,12.608,1279660
1543329000,12.536,12.652,12.463,12.528,1125600
1543415400,12.564,12.776,12.529,12.746,2723230
1543501800,12.664,12.855,12.664,12.776,1222790
1543588200,12.758,12.97799,12.716,12.964,1283350
1543847400,13.15,13.15,12.901,13.107,1395220
1543933800,13.06,13.357,12.622,12.671,1152580
1544106600,12.526,12.802,12.526,12.765,1376990
1544193000,12.765,12.918,12.698,12.758,959610
1544452200,12.683,12.885,12.673,12.764,1225640
1544538600,12.899,12.985,12.55,12.699,1312450
1544625000,12.666,12.941,12.578,12.785,1815320
1544711400,12.84,12.89,12.7055,12.81,651680
1544797800,12.727,12.872,12.61,12.692,825180
1545057000,12.669,12.669,12.257,12.282,1489970
1545143400,12.419,12.5685,12.246,12.335,1090330
1545229800,12.335,12.479,12.176,12.283,915740
1545316200,12.236,12.3,11.93127,12.061,1080220
1545402600,12.092,12.157,11.627,11.658,1494300
1545661800,11.607,12.1246,11.55,11.67,847640
1545834600,11.704,12.132,11.63,12.109,1212940
1545921000,11.984,12.609,11.984,12.595,1231090
1546007400,12.655,12.827,12.588,12.688,949810
1546266600,12.709,12.81947,12.563,12.775,999300
1546439400,12.604,12.901,12.604,12.857,930530
1546525800,12.776,12.87,12.597,12.657,1087270
1546612200,12.745,13.102,12.644,13.04,1198480
1546871400,13.039,13.271,13.039,13.123,746800
1546957800,13.213,13.266,12.972,13.231,1082930
1547044200,13.229,13.4108,13.1335,13.158,1061770
1547130600,13.23,13.366,13.135,13.251,1207190
1547217000,13.172,13.386,13.144,13.386,938150
1547476200,13.324,13.35,13.098,13.211,873790
1547562600,13.222,13.451,13.222,13.431,385750
1547649000,13.449,13.554,13.307,13.384,1595150
1547735400,13.36,13.572,13.3475,13.488,1190580
1547821800,13.512,13.7655,12.752,13.632,813480
1548167400,13.573,13.8485,13.52401,13.724,811890
1548253800,13.723,13.911,13.612,13.748,717160
1548340200,13.739,13.856,13.546,13.828,557370
1548426600,13.905,13.98899,13.832,13.94,534230
1548685800,13.822,14.023,13.326,13.851,827400
1548772200,13.848,13.896,13.696,13.827,1124550
1548858600,12.81,13.99,12.535,12.737,5632530
1548945000,12.594,12.89,12.594,12.689,2262780
1549031400,12.777,12.867,12.703,12.804,1581470
1549290600,12.7,13.069,12.7,13.005,1568720
1549377000,13,13.284,12.955,13.215,1655460
1549463400,13.193,13.193,12.815,12.827,1892390
1549549800,12.815,12.959,12.782,12.914,980030
1549636200,12.841,13.1445,12.841,13.078,2667170
1549895400,13.287,13.708,13.287,13.68,1151230
1549981800,13.809,14.216,13.71,14.211,1190820
1550068200,14.255,14.3,13.969,14.043,1213300
1550154600,14.034,14.2395,13.982,14.006,1192320
1550241000,14.075,14.133,13.987,14.106,1002220
1550586600,14.078,14.2,14.032,14.191,1030140
1550673000,14.188,14.335,14.024,14.042,1486230
1550759400,14.039,14.338,14.039,14.313,937630
1550845800,14.314,14.545,14.275,14.541,1011530
1551105000,14.634,14.7445,14.488,14.619,1190490
1551191400,14.614,14.614,14.179,14.18,879540
1551277800,14.151,14.1695,14.002,14.119,758100
1551364200,14.101,14.269,13.967,14.15,778660
1551450600,14.224,14.465,14.155,14.174,856650
1551709800,14.235,14.235,13.797,13.931,985160
1551796200,13.932,13.939,13.822,13.866,537480
1551882600,13.867,13.909,13.638,13.697,1306830
1551969000,13.689,13.811,13.58094,13.735,846290
1552055400,13.627,13.858,13.551,13.812,1202030
1552311000,13.827,14.306,13.809,14.3,1338670
1552397400,14.307,14.533,13.74909,14.519,1408540
1552483800,14.58,14.808,14.519,14.75,1916140
1552570200,14.742,14.835,14.546,14.8,1207330
1552656600,14.854,14.991,14.779,14.833,2612600
1552915800,14.82,14.863,14.618,14.783,854970
1553002200,14.819,14.85,14.661,14.74,792070
1553088600,14.705,14.822,14.511,14.754,1063890
1553175000,14.744,15.05,14.641,14.962,762270
1553261400,14.9,14.946,14.361,14.383,898440
1553520600,14.333,14.4865,14.176,14.409,742270
1553607000,14.46,14.603,14.379,14.565,573040
1553693400,14.532,14.644,14.178,14.362,943800
1553779800,14.383,14.559,14.315,14.48,598740
1553866200,14.498,14.75,14.22,14.425,880540
1554125400,14.524,14.741,14.379,14.734,1021170
1554211800,14.715,14.717,14.38629,14.62,559880
1554298200,14.678,14.867,14.667,14.793,634120
1554384600,14.798,14.798,14.297,14.457,495780
1554471000,14.463,14.669,14.456,14.652,647580
1554730200,14.611,14.634,14.3935,14.442,639580
1554816600,14.431,14.5255,14.369,14.413,542220
1554903000,14.413,14.784,14.3675,14.774,673980
1554989400,14.735,14.9615,14.58275,14.852,647700
1555075800,14.939,15.093,14.808,15.065,527480
1555335000,15.035,15.2375,14.885,14.954,772100
1555421400,15.012,15.1385,14.8715,15.112,655150
1555507800,15.148,15.2,14.6554,14.811,742840
1555594200,14.772,14.813,14.358,14.648,845510
1555939800,14.583,14.831,14.401,14.734,979130
1556026200,14.794,14.948,14.734,14.916,1177230
1556112600,14.957,15.081,14.912,14.954,709240
1556199000,14.924,15.066,14.701,14.8,717900
1556285400,14.824,14.985,14.753,14.942,1006300
1556544600,14.973,15.108,14.841,14.923,1014680
1556631000,14.992,15.198,14.705,14.97,1347300
1556717400,14.252,14.969,13.981,14.102,3508070
1556803800,14.074,14.235,13.967,14.084,948050
1556890200,14.201,14.814,14.031,14.103,909130
1557149400,13.962,14.212,13.9605,14.145,785200
1557235800,14.011,14.108,13.795,13.887,1113580
1557322200,13.83,13.939,13.6875,13.797,1003600
1557408600,13.687,13.867,13.554,13.813,878720
1557495000,13.768,13.939,13.55001,13.926,793290
1557754200,13.709,13.7275,13.484,13.505,844760
1557840600,13.549,13.68,13.482,13.65,625730
1557927000,13.566,13.782,13.518,13.622,483900
1558013400,13.656,13.856,13.656,13.806,419950
1558099800,13.712,13.856,13.681,13.684,905520
1558359000,13.596,13.71,13.56,13.627,733810
1558445400,13.698,13.914,13.639,13.731,899930
1558531800,13.705,13.78,13.545,13.627,546400
1558618200,13.546,13.616,13.318,13.392,805230
1558704600,13.46,13.51,13.3,13.408,762920
1559050200,13.405,13.64132,13.405,13.533,639880
1559136600,13.456,13.505,13.328,13.375,515220
1559223000,13.443,13.519,13.248,13.366,643190
1559309400,13.235,13.485,13.161,13.291,615230
1559568600,13.307,13.307,13.026,13.09,770600
1559655000,13.201,13.388,13.101,13.382,590250
1559741400,13.433,13.568,13.3285,13.438,642890
1559827800,13.43,13.497,13.253,13.441,609160
1559914200,13.489,13.726,13.452,13.714,574010
1560173400,13.83,14.101,13.626,13.655,941580
1560259800,13.737,13.769,13.347,13.414,601430
1560346200,13.382,13.382,13.131,13.268,892720
1560432600,13.329,13.741,13.13,13.205,1413560
1560519000,13.148,13.398,13.097,13.365,648460
1560778200,13.433,14.85,13.433,14.125,3293870
1560864600,14.232,14.768,14.232,14.559,1938760
1560951000,14.558,14.88,14.386,14.767,1657630
1561037400,14.958,14.9885,14.7,14.789,1182940
1561123800,14.727,14.958,14.408,14.672,7378410
1561383000,14.685,14.746,14.107,14.158,1300100
1561469400,14.155,14.155,13.91,14.016,1147210
1561555800,14.002,14.03,13.872,13.912,830740
1561642200,13.929,14.21,13.929,14.103,813090
1561728600,14.15,14.393,14.003,14.331,4574840
1561987800,14.3,14.431,13.98,14.003,1694950
1562074200,14.077,14.132,13.939,14.05,718250
1562160600,14.055,14.221,13.995,14.116,424820
1562333400,14.029,14.091,13.756,14.024,643160
1562592600,13.92,13.92,12.534,12.593,3594550
1562679000,12.594,12.697,12.3645,12.399,2279030
1562765400,12.437,12.5565,12.276,12.296,1317690
1562851800,12.301,12.39324,12.229,12.279,1299860
1562938200,12.279,12.342,12.05,12.302,1237750
1563197400,12.297,12.472,12.281,12.362,998460
1563283800,12.341,12.473,12.308,12.45,1050530
1563370200,12.424,12.5,12.209,12.251,1120480
1563456600,12.221,12.3,12.086,12.266,1097880
1563543000,12.297,12.34095,12.175,12.175,823460
1563802200,12.183,12.29,12.148,12.225,753750
1563888600,12.281,12.281,12.11,12.158,639480
1563975000,12.099,12.273,12.053,12.273,660280
1564061400,12.243,12.259,12.1115,12.219,496110
1564147800,12.259,12.384,12.245,12.332,834320
1564407000,12.313,12.404,12.113,12.218,1277030
1564493400,12.141,12.3933,12.116,12.319,1122700
1564579800,12.7,14.072,12.7,13.673,3779930
1564666200,13.7,13.908,13.45,13.548,1263040
1564752600,13.495,13.743,13.315,13.43,1525800
1565011800,13.246,13.4795,13.061,13.252,1168150
1565098200,13.415,13.589,13.259,13.41,1300040
1565184600,13.245,13.924,13.114,13.835,1202760
1565271000,13.887,14.14,13.871,14.027,1265530
1565357400,13.947,14.356,13.896,14.07,823730
1565616600,13.959,14.094,13.802,14.074,1427140
1565703000,14.042,14.2,13.821,13.873,1439840
1565789400,13.711,13.934,13.55301,13.795,1302190
1565875800,13.799,13.825,13.59,13.639,817360
1565962200,13.729,13.806,13.587,13.733,2648100
1566221400,13.882,14.07,13.671,13.975,1005620
1566307800,13.977,14.175,13.7125,14.051,695060
1566394200,14.166,14.29,14.084,14.089,1460940
1566480600,14.07,14.256,14.033,14.122,503610
1566567000,14.059,14.228,13.761,13.811,462600
1566826200,13.917,14.008,13.78,13.962,767620
1566912600,14.045,14.1205,13.8,13.872,1097960
1566999000,13.85,13.998,13.687,13.946,1062590
1567085400,14.069,14.211,13.945,14.139,833210
1567171800,14.252,14.381,14.1495,14.329,1466110
1567517400,14.248,14.436,14.186,14.36,1236010
1567603800,14.483,14.483,13.592,13.717,2953060
1567690200,13.785,14.21,13.737,14.141,1255410
1567776600,14.21,14.275,13.984,13.989,702130
1568035800,13.978,14.392,13.793,14.369,1172370
1568122200,14.185,14.496,14.069,14.496,1178760
1568208600,14.495,14.766,14.31426,14.754,1157140
1568295000,14.759,15,14.726,14.84,1273240
1568381400,14.85,14.941,14.5335,14.578,1213630
1568640600,14.484,14.759,14.429,14.745,1295920
1568727000,14.684,14.979,14.639,14.901,1005460
1568813400,14.888,15.039,14.671,14.813,999200
1568899800,14.817,15.346,14.817,15.045,1140720
1568986200,15.053,15.277,14.7275,14.905,2639680
1569245400,14.864,15.137,14.782,15.059,627340
1569331800,15.226,15.226,14.79184,14.888,1097220
1569418200,14.881,15,14.48,14.957,532190
1569504600,14.946,15.158,14.772,14.937,379340
1569591000,14.91,14.91,14.574,14.703,505050
1569850200,14.716,14.9115,14.643,14.837,780310
1569936600,14.839,14.99,14.615,14.634,605520
1570023000,14.586,14.586,14.309,14.49,698550
1570109400,14.508,14.6525,14.258,14.542,474340
1570195800,14.575,14.801,14.5215,14.659,479660
1570455000,14.673,14.815,14.54,14.735,643920
1570541400,14.729,14.7405,14.35,14.396,577910
1570627800,14.506,14.59995,14.432,14.437,622800
1570714200,14.476,14.476,14.31,14.352,771510
1570800600,14.5,14.527,14.334,14.415,524460
1571059800,14.394,14.482,14.265,14.394,648730
1571146200,14.42,14.474,14.2995,14.418,484740
1571232600,14.402,14.493,14.256,14.341,586020
1571319000,14.417,14.5,14.2395,14.372,838350
1571405400,14.375,14.411,13.958,14.315,767590
1571664600,14.385,14.471,14.265,14.402,316820
1571751000,14.418,14.509,14.266,14.302,420250
1571837400,14.272,14.48,14.195,14.26,504490
1571923800,14.31,14.479,14.31,14.46,413790
1572010200,14.444,14.661,14.363,14.577,449700
1572269400,14.6,14.729,14.569,14.617,399010
1572355800,14.6,14.747,14.525,14.665,428190
1572442200,15.096,15.44,14.9,15.341,818490
1572528600,15.328,15.45,15.185,15.325,548300
1572615000,15.357,15.485,15.125,15.369,701580
1572877800,15.499,15.514,15.226,15.351,699610
1572964200,15.421,15.609,15.327,15.5,672190
1573050600,15.467,15.569,15.311,15.496,729020
1573137000,15.58,15.681,15.443,15.578,634180
1573223400,15.534,15.70742,15.413,15.613,653600
1573482600,15.557,15.6215,15.4825,15.592,592230
1573569000,15.615,15.807,15.588,15.806,719340
1573655400,15.729,15.85,15.6,15.696,642880
1573741800,15.724,15.813,15.598,15.664,659290
1573828200,15.712,15.751,15.5,15.64,444890
1574087400,15.611,15.729,15.512,15.523,540610
1574173800,15.562,15.89,15.553,15.749,525090
1574260200,15.7,15.7455,15.31178,15.402,797810
1574346600,15.454,15.454,14.897,14.95,796090
1574433000,15.02,15.229,14.87,15.16,504840
1574692200,15.2,15.305,15.13967,15.276,530510
1574778600,15.229,15.335,15.168,15.24,839960
1574865000,15.2,15.33,15.174,15.262,366630
1575037800,15.099,15.1345,14.9,15.033,512950
1575297000,15.072,15.072,14.842,15.008,877270
1575383400,14.902,15.111,14.728,14.998,2215430
1575469800,15.067,15.2265,15.031,15.16,857260
1575556200,15.131,15.156,14.9135,14.986,876350
1575642600,15.079,15.22,15.056,15.16,692650
1575901800,15.126,15.287,15.123,15.23,667150
1575988200,15.219,15.284,15.13025,15.27,437270
1576074600,15.249,15.249,14.989,15.047,280790
1576161000,14.997,15.089,14.645,14.685,437100
1576247400,14.665,14.7375,14.502,14.535,523400
1576506600,14.575,14.751,14.575,14.653,442290
1576593000,14.678,14.77,14.627,14.735,335160
1576679400,14.762,14.762,14.567,14.582,338250
1576765800,14.593,14.63131,14.463,14.595,465410
1576852200,14.6,14.631,14.484,14.52,1150830
1577111400,14.555,14.555,14.406,14.433,571180
1577197800,14.399,14.46,14.38,14.44,322180
1577370600,14.493,14.535,14.422,14.505,252680
1577457000,14.52,14.549,14.375,14.476,290400
1577716200,14.508,14.508,14.178,14.202,500160
1577802600,14.181,14.312,14.121,14.263,495910
1577975400,14.284,14.489,14.272,14.431,276330
1578061800,14.302,14.489,14.28,14.357,585230
1578321000,14.325,14.546,14.325,14.425,327420
1578407400,14.4,14.537,14.324,14.387,348680
1578493800,14.395,14.547,14.2075,14.371,395140
1578580200,14.445,14.532,14.291,14.35,642490
1578666600,14.414,14.516,14.2145,14.239,410880
1578925800,14.252,14.5305,14.252,14.459,489870
1579012200,14.469,14.568,14.407,14.477,468320
1579098600,14.483,14.705,14.483,14.627,534800
1579185000,14.712,14.796,14.608,14.672,357490
1579271400,14.747,14.747,14.622,14.674,335560
1579617000,14.629,14.757,14.513,14.595,532800
1579703400,14.694,14.734,14.564,14.592,458330
1579789800,14.577,14.666,14.548,14.574,455130
1579876200,14.614,14.674,14.278,14.316,392570
1580135400,14.152,14.3788,14.125,14.253,517410
1580221800,14.302,14.454,14.13,14.4,607810
1580308200,15.7,16.5,15.231,15.26,2546830
1580394600,15.341,15.71,15.13373,15.27,1047950
1580481000,15.264,15.4765,15.151,15.203,1010880
1580740200,15.245,15.6085,14.901,14.948,1018250
1580826600,15.063,15.254,15.046,15.181,871070
1580913000,15.283,15.331,15.084,15.284,960780
1580999400,15.276,15.3855,15.195,15.224,561070
1581085800,15.129,15.357,15.12,15.266,745980
1581345000,15.306,15.357,15.112,15.145,285230
1581431400,15.17,15.3335,15.1215,15.21,480290
1581517800,15.244,15.354,14.945,14.984,542780
1581604200,14.928,14.973,14.693,14.807,598680
1581690600,14.832,14.968,14.712,14.884,564790
1582036200,14.863,14.8665,14.753,14.797,234060
1582122600,14.826,15.017,14.816,14.96,454440
1582209000,14.915,15.028,14.821,14.98,922550
1582295400,14.955,15.068,14.916,14.995,597080
1582554600,14.632,14.786,14.38063,14.588,530460
1582641000,14.571,14.586,14.005,14.005,989580
1582727400,14.064,14.241,14.006,14.012,507200
1582813800,13.757,14.072,13.61,13.622,709640
1582900200,13.34,13.6,13.262,13.516,996690
1583159400,13.573,13.773,13.516,13.672,748040
1583245800,13.623,13.882,13.21,13.439,660020
1583332200,13.605,13.65,13.416,13.617,777170
1583418600,13.396,13.723,13.396,13.688,983100
1583505000,13.39,13.674,13.39,13.628,733840
1583760600,13.135,13.281,12.91,12.943,808330
1583847000,13.193,13.193,12.626,12.998,1429950
1583933400,12.761,12.776,12.2,12.415,715510
1584019800,11.998,12.26,10.806,10.853,1351310
1584106200,11.192,11.37,10.627,11.133,1496920
1584365400,10.288,10.845,9.979,10.666,1368210
1584451800,10.804,11.281,10.563,10.936,1060720
1584538200,10.335,10.415,9.122,9.22,1150610
1584624600,9.176,10.724,9,10.538,901980
1584711000,10.575,10.909,9.934,10.074,1045920
1584970200,10.231,10.431,9.653,10.247,623890
1585056600,10.592,10.733,10.305,10.689,750110
1585143000,10.758,10.876,10.305,10.413,861010
1585229400,10.5,11.164,10.5,11.054,718690
1585315800,10.732,10.936,10.455,10.631,751680
1585575000,10.72,11.067,10.467,11.024,712270
1585661400,10.999,11.8175,10.999,11.81,1206020
1585747800,11.505,11.663,10.8644,11.339,799470
1585834200,11.224,11.786,11.15,11.449,379930
1585920600,11.344,11.56,10.939,11.223,428980
1586179800,11.756,11.756,11.249,11.603,674750
1586266200,11.778,11.98,11.511,11.771,545360
1586352600,11.939,12.46,11.874,12.3,587670
1586439000,12.485,12.733,12.28181,12.542,523980
1586784600,12.43,12.43,11.957,12.209,490560
1586871000,12.602,12.7605,12.483,12.65,763420
1586957400,12.162,12.49,12.049,12.26,597890
1587043800,12.279,12.546,12.207,12.413,597040
1587130200,12.723,12.742,12.545,12.653,720150
1587389400,12.406,12.736,12.3,12.692,460430
1587475800,12.406,12.452,12.1655,12.271,677630
1587562200,12.448,12.621,12.339,12.501,547570
1587648600,12.562,12.758,12.4,12.598,585610
1587735000,12.596,12.748,12.4645,12.555,364380
1587994200,12.727,13.13,12.6998,12.923,665690
1588080600,12.99,13.1015,12.78,12.885,855100
1588167000,13.008,13.008,12.32,12.748,1614670
1588253400,12.571,12.8835,12.525,12.633,889370
1588339800,12.366,12.4175,12.0965,12.259,664460
1588599000,12.219,12.219,11.714,11.855,910580
1588685400,12.036,12.3865,11.98,12.081,577740
1588771800,12.108,12.343,12.081,12.2,627020
1588858200,12.358,12.475,12.264,12.348,707840
1588944600,12.538,12.575,12.1615,12.467,1103710
1589203800,12.49,12.5575,12.345,12.382,788380
1589290200,12.423,12.423,11.963,12.011,696860
1589376600,11.957,11.957,11.475,11.495,567910
1589463000,11.207,11.356,10.964,11.321,1247830
1589549400,11.339,11.711,11.0235,11.558,1841660
1589808600,11.881,12.07,11.881,12.013,870740
1589895000,12.074,12.2675,11.879,11.906,905760
1589981400,12.08,12.196,11.824,12.124,599170
1590067800,12.04,12.205,11.962,12.072,1008790
1590154200,12.136,12.247,12.068,12.237,799030
1590499800,12.4,12.498,12.2845,12.471,1011920
1590586200,12.634,12.665,12.404,12.592,631730
1590672600,12.678,12.735,12.486,12.534,766220
1590759000,12.445,12.5135,12.39,12.448,750400
1591018200,12.499,12.499,12.26,12.26,750940
1591104600,12.245,12.288,12.0305,12.109,1018770
1591191000,12.251,13.048,12.178,12.963,776090
1591277400,12.804,12.874,12.362,12.53,619170
1591363800,12.843,12.87,12.482,12.521,549830
1591623000,12.552,12.7825,12.361,12.636,695990
1591709400,12.503,12.631,12.313,12.568,388270
1591795800,12.59,12.59,12.305,12.392,540600
1591882200,12.154,12.19,11.699,11.734,682460
1591968600,12.029,12.1935,11.576,11.802,652470
1592227800,11.578,12.389,11.508,12.267,1107930
1592314200,12.579,12.613,12.111,12.196,422080
1592400600,12.275,12.275,12.014,12.173,498550
1592487000,12.059,12.143,11.827,11.946,865010
1592573400,12.086,12.086,11.569,11.819,4881430
1592832600,11.901,11.999,11.747,11.871,638720
1592919000,11.927,11.958,11.722,11.754,496820
1593005400,11.707,11.707,11.405,11.438,564080
1593091800,11.383,11.791,11.355,11.779,583940
1593178200,11.689,11.725,11.415,11.6,1331500
1593437400,11.719,11.966,11.718,11.85,452980
1593523800,11.805,11.977,11.766,11.829,476880
1593610200,11.779,11.997,11.767,11.78,411590
1593696600,11.865,11.943,11.7,11.735,502850
1594042200,11.883,12.068,11.792,11.975,802250
1594128600,11.962,12.102,11.775,11.809,487190
1594215000,11.757,11.824,11.681,11.822,934090
1594301400,11.789,11.838,11.60901,11.737,394690
1594387800,11.765,11.866,11.718,11.766,478090
1594647000,11.811,11.978,11.568,11.579,681420
1594733400,11.629,11.741,11.421,11.666,1080210
1594819800,11.805,12.1435,11.786,12.045,802990
1594906200,11.957,11.957,11.785,11.846,611740
1594992600,11.805,11.972,11.723,11.834,400880
1595251800,11.81,12.142,11.81,12.051,314240
1595338200,12.148,12.2,12.004,12.104,729280
1595424600,12.106,12.251,11.994,12.121,417010
1595511000,12.069,12.2585,11.934,11.976,499000
1595597400,11.887,11.92417,11.632,11.695,545040
1595856600,11.755,11.855,11.62575,11.766,677610
1595943000,11.706,11.925,11.587,11.781,670540
1596029400,12.399,12.726,11.865,12.274,1438400
1596115800,12.073,12.296,12.0545,12.215,559940
1596202200,12.17,12.426,12,12.392,824350
1596461400,12.437,12.437,12.248,12.366,526220
1596547800,12.312,12.339,12.1835,12.332,502230
1596634200,12.411,12.517,12.334,12.395,523010
1596720600,12.38,12.39,12.215,12.335,348080
1596807000,12.3,12.401,12.234,12.339,369620
1597066200,12.338,12.441,12.238,12.362,472530
1597152600,14.199,14.54285,13.479,13.489,3338920
1597239000,13.502,14.075,13.502,13.704,1807220
1597325400,13.848,13.9345,13.685,13.7,752160
1597411800,13.762,14.675,13.75,14.663,2857870
1597671000,14.801,15.17,14.184,14.384,2295090
1597757400,14.444,14.598,14.175,14.314,1218240
1597843800,14.339,14.339,13.9715,14.167,1560090
1597930200,14.175,14.506,14.175,14.414,1006740
1598016600,14.44,14.592,14.354,14.508,734640
1598275800,14.65,14.928,14.536,14.858,879930
1598362200,14.87,15.029,14.655,14.696,1165050
1598448600,14.868,14.896,14.5765,14.606,820040
1598535000,14.733,14.762,14.414,14.652,760870
1598621400,14.749,15.046,14.668,14.689,838570
1598880600,14.726,14.79604,14.399,14.444,802910
1598967000,14.501,14.9105,14.501,14.882,863490
1599053400,14.846,15.123,14.774,15,1004830
1599139800,14.875,14.875,14.391,14.428,789950
1599226200,14.441,14.441,13.689,14.219,1248270
1599571800,14.061,14.315,13.882,13.882,883910
1599658200,13.983,14.2355,13.9,14.115,1407420
1599744600,14.172,14.309,13.944,13.972,1486610
1599831000,14.087,14.1405,13.884,14.113,1164030
1600090200,14.163,14.304,14.021,14.262,695050
1600176600,14.5,15.599,14.381,15.575,2621230
1600263000,15.894,17.65597,15.775,17.49,4596690
1600349400,17.34,17.34,16.259,16.361,1798000
1600435800,16.552,16.6169,15.744,15.959,3469670
1600695000,15.77,15.77,14.9205,15.216,1597000
1600781400,15.337,15.465,14.93869,15.425,896600
1600867800,15.38,15.477,14.811,14.828,1116530
1600954200,14.738,14.806,14.46,14.606,1221850
1601040600,14.617,14.696,14.499,14.613,1692740
1601299800,14.845,15.341,14.845,15.146,1443970
1601386200,15.067,15.11,14.808,14.969,623970
1601472600,15.022,15.307,14.986,15.056,823790
1601559000,15.066,15.271,14.855,14.896,694170
1601645400,14.632,14.995,14.516,14.646,1102680
1601904600,14.773,14.974,14.69,14.821,495430
1601991000,14.932,15.43539,14.923,15.004,912340
1602077400,15.1,15.344,15.0825,15.309,517800
1602163800,15.533,16.47899,15.533,16.394,1679740
1602250200,16.459,16.553,16.065,16.473,1020610
1602509400,16.716,16.94,16.43,16.646,881520
1602595800,16.56,16.654,16.403,16.608,585630
1602682200,16.639,16.784,16.28,16.424,539520
1602768600,16.243,16.687,16.233,16.597,531030
1602855000,16.598,16.736,16.469,16.47,384910
1603114200,16.56,16.768,16.343,16.414,873030
1603200600,16.456,17.235,16.404,16.907,3116100
1603287000,17.489,18.575,17.489,18.105,2735270
1603373400,18.549,18.621,17.8,18.305,1783260
1603459800,18.327,18.497,18.11904,18.43,1203880
1603719000,18.448,18.7,17.253,17.5,1688130
1603805400,17.603,17.9,17.253,17.558,1706700
1603891800,18,18.24527,16.16,16.215,3873730
1603978200,16.239,16.707,16.173,16.196,1836670
1604064600,16.196,16.725,15.954,16.707,2360740
1604327400,16.891,16.923,16.25,16.657,1256550
1604413800,16.976,17.261,16.778,17.195,910040
1604500200,17.295,17.836,17.144,17.253,1103540
1604586600,17.85,18.3601,17.78506,18.168,1731550
1604673000,18.379,18.618,17.75,18.562,1584960
1604932200,18.399,18.727,18.174,18.5005,3110780
1605018600,18.458,18.969,18.4,18.614,1695470
1605105000,18.816,19.322,18.725,19.216,1330400
1605191400,19.536,19.608,18.564,18.694,1771690
1605277800,18.848,19.391,18.656,19.227,1649180
1605537000,19.433,20.43699,19.22075,20.393,2020280
1605623400,20.415,20.968,19.956,20.82,1963000
1605709800,21.179,22.685,21.179,21.296,3780410
1605796200,21.2,21.897,20.911,21.711,1432740
1605882600,21.742,22.7,21.62,22.211,2120540
1606141800,22.7,22.7,21.437,22.076,2011150
1606228200,22.57,24.8835,22.241,24.723,11249750
1606314600,25.43,27.722,25.202,27.0275,8851140
1606487400,25.5,28,25.35106,27.126,5619020
1606746600,30.03,34.75,29.9,34.277,15650140
1606833000,32.4,35.894,31.686,32.4,7994100
1606919400,32.3,33,31.054,32.132,4080880
1607005800,32.784,33.279,32.206,33.16,2544130
1607092200,32.66184,33.721,31.738,32.8,2967860
1607351400,33.007,34.972,32.553,33.622,3539950
1607437800,31.7,31.8,28.81101,28.945,14912360
1607524200,28.412,29.114,27.409,28.621,13241360
1607610600,28.517,29.177,28.238,29.033,5052300
1607697000,28.995,29.5253,27.944,28.592,3758830
1607956200,29.893,30,27.638,27.953,8305790
1608042600,28.371,28.983,27.73901,28.579,5410280
1608129000,31.27,31.5,29.8,29.912,11191800
1608215400,32.1,32.2325,29.329,29.78,12493030
1608301800,29.5,30.4,28.717,30.12,13231450
1608561000,29.763,32.2,29.502,31.76,7129070
1608647400,32.699,33.593,32.037,33.15,6421770
1608733800,33.467,34.32,32.516,33.718,5940570
1608820200,33.7,33.88279,32.036,32.261,2526130
1609165800,36.729,37.999,35.402,37,10977120
1609252200,36.7,37.124,34.4,36.607,7351730
1609338600,37.7,39.982,37.1,38.997,9352410
1609425000,39.102,39.99798,37.7115,38.855,7396120
1609770600,41.633,44.439,41.001,42.522,14679020
1609857000,42.105,43.84,40.65101,42.863,11006240
1609943400,43.084,48.30199,43.084,48.055,15360310
1610029800,52.132,55.98599,50.211,53.575,22844050
1610116200,56.507,56.866,51.3315,53.164,16453870
1610375400,47.214,51.19845,46.451,49.549,14856440
1610461800,50.278,51.995,48.851,51.424,6717660
1610548200,50.073,52.399,49.234,51.926,6174580
1610634600,54.261,63.16,53.86234,63.1,19117760
1610721000,60.71,62.284,57.4,57.807,16088990
1611066600,61.653,62.145,57.90001,59.221,10377700
1611153000,57.925,58.9,53.2,55.082,12316610
1611239400,51.405,53.255,50.46,52.046,11784700
1611325800,52.501,58.25,52.5,57.703,11332760
1611585000,59.03,59.90808,55.114,57.142,6833520
1611671400,55.5,56.46484,54.6,55.981,4789170
1611757800,53.323,54.9465,50.57,54.01,6563770
1611844200,56.13,60.533,55.151,57.8375,7630460
1611930600,68,69.64763,60.75001,61.731,14354190
1612189800,62.034,63.986,58.60501,63.456,5555000
1612276200,65.001,69.128,63.817,68.792,5342780
1612362600,70.164,75.383,69.599,74.119,9211890
1612449000,77.09,77.12282,71.75,76.559,6365030
1612535400,77.118,80.601,74.502,80.6,7666720
1612794600,92.583,104.99999,89.001,104.1,20997740
1612881000,113.774,131.5,106.5407,127.294,23197090
1612967400,119.601,119.9,95.036,97.448,22972540
1613053800,113.72,113.992,97.702,100.994,16131560
1613140200,101.559,104.4889,96.101,103.431,7674280
1613485800,107.084,108.25678,95.423,95.5,15017200
1613572200,93.95,95.4,87.8,94.18,18192320
1613658600,92.69,96,90.206,92.778,7943510
1613745000,94.5,100.8,91.459,96.372,11530630
1614004200,87.1,93.228,86.5,87.6,7659210
1614090600,80.001,80.1575,66,69.123,18754950
1614177000,73.4,82.2145,71.58801,81.769,12004830
1614263400,84.094,84.5,72.61001,73.161,7840610
1614349800,68.712,80.406,68.114,75.041,11783600
1614609000,79.84,80.49999,75.888,78.244,7680380
1614695400,81.51,81.74864,74.10721,74.85,6439860
1614781800,78.178,79.8,72.781,73.157,7720600
1614868200,71.298,73.799,61.00001,64.566,12206140
1614954600,65.765,66.3,53.722,62.024,13547510
1615213800,64.501,66.9455,61.7,62.419,6721080
1615300200,68.657,73.548,68.175,71.599,8736120
1615386600,75,75.903,71.1,75.655,6430180
1615473000,77.5,80.5,76.11271,80.375,5284900
1615559400,75.98,81,75.003,78.4,4675520
1615815000,78.833,80.9,76.3665,76.901,4407090
1615901400,75.879,77,70.14328,72.429,4151180
1615987800,70.223,78.507,69.827,77.099,5431670
1616074200,75.452,80.899,72.801,73.205,6218900
1616160600,74.953,78.527,71.45391,77.704,9565320
1616419800,76.72,77.5,72.15,72.456,4988100
1616506200,71.681,73.53513,67.001,67.721,7168580
1616592600,70.532,71.04996,61.522,62.157,7068250
1616679000,58.0695,62.6415,56.6,62.091,8815840
1616765400,62.6,64.23,60.038,62.4,5241380
1617024600,65.886,66.293,62.723,63.134,4431140
1617111000,64.246,66.67999,62.031,65.398,5625730
1617197400,64.761,69.421,64.138,67.88,5614520
1617283800,68.846,72.583,68.74575,70.356,4023920
1617629400,70.975,73.6035,69.329,72.055,4858780
1617715800,72.119,72.119,67.69901,70.458,5936600
1617802200,67.8,69.55662,65.2,65.62,4522420
1617888600,67.07,70.27124,66.43837,69.012,4361170
1617975000,70.999,72,68.94595,71.1,3446770
1618234200,73.519,74.594,70.485,71.824,4812220
1618320600,74.5,86.999,73.47901,84.854,17021780
1618407000,88.098,88.21,73,73.55,15824940
1618493400,75.317,75.49401,70.9,74.015,6863360
1618579800,70.71,72,68.5,69.362,7627930
1618839000,65.004,66.5,62.35,63.752,8798870
1618925400,63.9,64.8,61.4,64.645,5524040
1619011800,62.84,66.546,62.84,65.046,4179340
1619098200,64.201,65.05,59.4,59.82,7152860
1619184600,57.589,61.84,56.9,61.304,6618920
1619443800,63.676,65.98,62.8,65.882,4791030
1619530200,67.3,68.49999,65.5,67.699,5112980
1619616600,67.36,68.9,66.55,68.082,2972810
1619703000,66.5,67.5,63.791,65.501,4397460
1619789400,64.702,67.5,64.632,65.716,5596910
1620048600,67.397,67.397,63.439,63.562,4644910
1620135000,61.95103,62.8,59.8888,61.688,5146250
1620221400,63,65.199,60.89001,62.345,4974750
1620307800,61.288,62.27699,58.701,60.908,3551950
1620394200,60.897,63.18,60.833,62.046,3635270
1620653400,61.586,61.586,56.647,56.946,5226850
1620739800,53.5,58.499,52.52801,57.696,6629500
1620826200,55.628,57.78,53.864,54.188,4216480
1620912600,51.12,54.297,47.80701,48.808,9391400
1620999000,50.126,52.362,49.2,52.131,5616380
1621258200,48.4,49.95103,46.88801,48.935,8046070
1621344600,48.891,50.426,47.057,48.72,5982290
1621431000,42.285,45.849,41.15801,45.486,15054230
1621517400,47.766,49.3,45.728,47.266,8614180
1621603800,47.173,48.76699,44.777,45.052,8530430
1621863000,46.5,47.826,44.72493,47.245,7574830
1621949400,46.4,47.988,45.82101,46.967,6722340
1622035800,47.734,49.599,47.654,48.279,5425620
1622122200,49.2,50.20605,48.50654,49.385,5039440
1622208600,48.2,48.292,46.764,47,4858770
1622554200,47.124,48.466,46.898,47.776,4324700
1622640600,48.3,50.13,47.872,49.85,3529700
1622727000,50.12,50.198,48.4,48.864,3954760
1622813400,48.17,48.599,47.4,48.467,3171760
1623072600,48.25,48.855,46.407,46.981,6103930
1623159000,45.8,46.189,42.793,45.938,10917020
1623245400,47,51.567,45.55901,51.299,14822300
1623331800,51.239,52.987,49.59101,50.865,9537150
1623418200,51.3,52.097,50.4,51.644,5003710
1623677400,54.4,60.569,54.4,59.849,15572850
1623763800,60.205,63.582,58.917,63.054,13100270
1623850200,61.665,63.988,60.884,61.982,10394960
1623936600,61.74,64.2,61.255,63.081,8847590
1624023000,61.6,64.765,61.55204,64.646,15437170
1624282200,59.917,61.4,57.70001,58.367,13780560
1624368600,53.501,56.42,51.30201,55.372,25669870
1624455000,57.948,58.656,55.1225,55.3,10557510
1624541400,57,59,56.10001,58.188,7934570
1624627800,56.746,57.121,53.981,55.005,10046650
1624887000,57.033,62.951,56.58669,62.417,17297750
1624973400,65,69.299,64.7,66.899,16136250
1625059800,64.501,66.9,63.743,66.45,8589180
1625146200,65.059,65.724,63.712,65.086,5873530
1625232600,65.897,66.192,63.426,63.561,5286080
1625578200,65.208,65.352,62.129,63.429,4862190
1625664600,64.5,64.717,62.3213,63.986,4511020
1625751000,60.3,62.52724,59.469,61.844,5180280
1625837400,62.19,63.593,61.52,62.866,3939610
1626096600,63.225,63.242,58.521,58.869,8262540
1626183000,58.557,59.7,57.295,57.988,7175620
1626269400,58.5,59.044,56.041,56.043,6274620
1626355800,54.7,55.995,52.507,54.104,7337780
1626442200,54.39,54.638,52.05201,52.309,6090550
1626701400,50.766,52.249,49.2,49.872,7287290
1626787800,48.799,50.5875,47.23801,50.178,7345010
1626874200,54,56.9812,52.827,55.694,10994450
1626960600,55.542,56.806,53.501,55.594,7111990
1627047000,55.842,56.589,53.33906,53.971,5748900
1627306200,62.1,69.5,62.026,68.25,20169070
1627392600,66.375,67.751,62.227,63.061,9698650
1627479000,66.395,67.7,63.2195,64.665,10824590
1627565400,64.193,64.86,61.937,62.501,5795460
1627651800,61.557,63.548,60.691,62.601,6325980
1627911000,62.259,65.9,61.50901,63.779,12550560
1627997400,63.462,63.462,60.513,62.506,8444240
1628083800,63.028,67.5,63.001,67.093,10014610
1628170200,64.35854,72.968,63.37038,71.562,11665390
1628256600,72,75.099,70.13,74.872,13120310
1628515800,79.63113,79.79999,76.27,76.773,14213490
1628602200,76.663,77.70151,74.418,75.049,7967180
1628688600,76.224,77.08799,74.011,74.749,7282940
1628775000,72.472,73.08,71.24001,72.099,7207110
1628861400,74.5,75.389,72.61,72.8,6573570
1629120600,74,74.1,69.221,69.751,6727850
1629207000,69.107,70,65.748,66.369,6615120
1629293400,65.912,67.8,65.268,65.505,5472690
1629379800,64.634,67.86,64.143,67.626,6727260
1629466200,68.617,72.79899,68.30101,71.656,9820610
1629725400,74.19,74.77799,71.006,71.851,8138490
1629811800,71.793,71.793,69.12201,71.55,8113500
1629898200,71.465,73.51,70.5,72.671,6648690
1629984600,71.2,71.45,69.155,69.366,5714500
1630071000,69.95,72.109,69.505,70.72,8108760
1630330200,70.259,70.832,69.397,70.299,5287620
1630416600,70.233,70.5,68.709,69.43,5307240
1630503000,70,71.69999,69.101,70.25,8252350
1630589400,72.289,73.26599,69.5,69.571,7360010
1630675800,71.61,72.8,70.35,71.226,7380230
1631021400,69.9,70.2,64.478,64.801,18091800
1631107800,64.81,65.894,63.063,63.862,8218440
1631194200,64.51,65.38207,63.238,64.062,6506990
1631280600,63.815,64.436,61.203,61.557,6829420
1631539800,60.9,64.273,60.03113,64.27,9330590
1631626200,64.5,65.10138,61.292,61.848,5726430
1631712600,62.8,64.23699,62.05112,63.3,5648500
1631799000,63.212,63.323,61.148,63.3,5106760
1631885400,63.3,63.45299,61.203,61.429,21566330
1632144600,57.442,59.30999,56.829,58.839,7755170
1632231000,58.887,59.422,57.6,58.102,4633140
1632317400,58.935,60.497,58.4797,59.961,3781060
1632403800,60.673,61.776,59.86661,61.657,3975870
1632490200,58,60.23299,57.5,59.939,4683390
1632749400,60.325,60.6,58.97301,59.475,2755580
1632835800,58.525,58.99999,57.158,57.351,3382430
1632922200,58.071,58.647,56.526,56.632,2928430
1633008600,58.212,59.735,57.44,57.84,3172000
1633095000,61.561,61.561,59.226,61.246,5111670
1633354200,61.148,61.363,58.279,60.725,4355210
1633440600,62.032,65.251,61.28001,65.101,4490270
1633527000,67,68.23899,65,67.381,7123120
1633613400,66.5,69.38352,66.368,69.279,5028590
1633699800,69.917,71.27899,69.049,70.882,6862420
1633959000,72,75.19924,71.825,73.18,5771430
1634045400,72.844,73.96228,70.19401,71.065,4133090
1634131800,71,72.741,70.349,72.63,2921190
1634218200,73.867,74.09161,71.854,72.395,2798690
1634304600,73.999,76.19799,73.4,74.985,7322730
1634563800,74.8,75.738,73.80786,73.964,5830250
1634650200,74.22481,75.06995,70.101,72.725,7485910
1634736600,73.5,77.707,73.157,75.818,7379360
1634823000,75.287,75.95259,72.957,73.543,4652960
1634909400,73.143,73.85,70.7,71.852,3685640
1635168600,73.645,75.5485,73.3,74.602,3807340
1635255000,74.032,75.4714,73.246,73.486,3231860
1635341400,72,72.882,70.958,71.502,3647300
1635427800,72.894,74.80202,70.8,71.713,6713850
1635514200,72.41,73.718,69.141,71.506,6983120
1635773400,72.1,74.5265,71.119,73.612,4407710
1635859800,75.696,84.1,74.1,79.414,14874270
1635946200,78.159,81.7634,77.817,81.025,6658760
1636032600,81,82.87422,79,80,3768490
1636119000,80.387,81.205,77.91,79.751,6187970
1636381800,84.199,87.3185,84.028,86,7177970
1636468200,88.45,89.13799,83.501,85.901,5312120
1636554600,88,88,80.368,81.634,5571660
1636641000,81.233,83.704,80.7,81.836,2881250
1636727400,81.102,81.25799,78.58567,81.173,4632420
1636986600,81.996,81.996,78.13401,79.5,3914780
1637073000,76.85,77.99978,74.84132,75.202,4937230
1637159400,76.36,76.5,73.7,75.3,3575580
1637245800,75.051,75.051,71.697,72.736,5013420
1637332200,73.512,73.9,71.8,71.831,4345930
1637591400,72.471,72.581,68.839,69.002,4001950
1637677800,69.427,70.899,68.073,69.677,3462660
1637764200,68.8,70.399,68.1,70.09,5555000
1637937000,68.129,68.129,65.5,66.3,3722110
1638196200,69,70.452,67.132,69.548,5869580
1638282600,69.825,72.66,69,72.143,6640030
1638369000,73.264,74.399,70,70.547,7659450
1638455400,69.152,71.185,66.706,68.336,4995330
1638541800,67.593,68.38937,61.624,63.099,8091270
1638801000,59.492,60.401,56.573,59.647,6395880
1638887400,62.1,64.71899,62.1,62.817,3965360
1638973800,62.367,64.15,61.20001,63.654,2270420
1639060200,62.15,62.5275,58.744,59.188,3760840
1639146600,61.361,61.953,58.135,60.084,3513700
1639405800,59.495,59.499,56.55601,57.164,3757930
1639492200,56.5,58.45,55.654,58.038,3645850
1639578600,57.761,60.3,54.8,59.859,5288870
1639665000,59.572,60.20785,55.966,56.694,4017540
1639751400,55.355,58.084,52.881,57.158,7467670
1640010600,55.282,56.3645,54.3,54.639,3438310
1640097000,56.77,57.476,55.678,56.75,2826570
1640183400,56.836,57.85199,56.2,56.999,2713520
1640269800,56.83,59.99999,56.301,59.721,5451070
1640615400,60,62.15166,59.84,60.828,3128900
1640701800,59,59.02343,56.26201,56.797,3459740
1640788200,56.696,56.9855,55.124,55.609,2771070
1640874600,55.588,57.545,55.588,56.234,3164190
1640961000,56.69,57.5,54.3325,54.449,3363340
1641220200,55.061,56.133,54.3,55.826,3468500
1641306600,56.015,57.626,53.502,55.107,3947270
1641393000,54.176,55.251,50.749,50.91,5470290
1641479400,50,50.85,47.7815,49.862,4845090
1641565800,49.09,50,47.121,48.295,4258300
1641825000,46.369,48.226,44.825,48.195,5599250
1641911400,48.23,51.308,47.417,50.656,4741700
1641997800,52.4,52.99799,51.072,51.464,3622560
1642084200,52.185,52.76899,48.7512,48.959,3250880
1642170600,48.417,50.26199,48.18351,49.956,2645240
1642516200,48.48,48.956,46.6615,46.828,4091830
1642602600,48.279,49.199,45.8463,46.042,4224250
1642689000,46.709,49.087,45.55,45.753,4392580
1642775400,42.284,43.4075,36.5985,37.589,15706930
1643034600,32,37.3,31.9005,37.045,15060920
1643121000,36.999,37.94,35.5,36.505,8319400
1643207400,39.36603,39.36603,34.595,35.365,7891780
1643293800,36,36,31.759,31.945,8737400
1643380200,32.869,34.21,30.719,33.895,8143280
1643639400,33.788,37.0795,33.29501,36.801,7629500
1643725800,38.286,39.095,36.26885,37.3,6405930
1643812200,36.674,36.869,33.60358,34.884,7402090
1643898600,34,35.6845,33.196,34.009,5535980
1643985000,34.076,39.858,33.974,39.164,9440010
1644244200,40.45118,43.33297,40.4,41.347,10873800
1644330600,40.875,42.673,40.3475,42.543,4889110
1644417000,43,44.66,42.22,44.66,3988570
1644503400,43.95,46.304,42.4535,43.148,6236070
1644589800,43.011,44.365,40.55,41.101,4971700
1644849000,41.47,42.94899,40.5,40.949,3424340
1644935400,43.101,43.8276,42.4495,43.724,3144770
1645021800,42.852,43.751,41.603,43.498,3304470
1645108200,42.023,42.33,40.188,40.46,3753480
1645194600,40.459,40.746,38.522,39.597,4694200
1645540200,37.58142,39,36.804,37.77,4672350
1645626600,39.05,39.32,36.3,36.503,3655790
1645713000,34.024,39.94,33.684,39.696,7312570
1645799400,40.3,41.2,39.258,40.5,4069940
1646058600,40.157,44.71245,40.157,44.3,5982230
1646145000,46.512,47.3048,44.969,46.473,6571430
1646231400,45.482,46.969,45.09251,45.929,4028040
1646317800,45.51,46.01497,42.612,42.87,3184330
1646404200,42.5,43.362,40.706,41.036,3410610
1646663400,41.51,42.5,38.843,38.891,4721650
1646749800,39.498,42.5,39.361,41.036,4431910
1646836200,44.2,45.445,43.42365,43.675,4581380
1646922600,41.5,42.29799,40.64688,42.113,2919890
1647009000,42.7,42.918,39.04868,39.082,3538770
1647264600,38.995,39.288,36.391,36.993,4931900
1647351000,36.907,39.615,36.32001,39.614,3780140
1647437400,40.017,42.949,39.8745,42.878,5693880
1647523800,42.798,44.21,42.5,43.409,3397870
1647610200,43.582,45.69,43.192,45.428,7103760
1647869400,45.107,45.45,43.02944,43.648,3502360
1647955800,45.016,46.77,44.883,45.995,4343940
1648042200,45.516,47.0305,44.7,45.069,2536490
1648128600,45.966,48.4735,45.1,48.392,4389960
1648215000,49.37,49.39337,46.0935,47.242,4126750
1648474200,49.604,51.233,48.8,51,4265230
1648560600,51,52.28028,49.53689,52,3638740
1648647000,50.62,51.6,49.70401,50.069,2783950
1648733400,50.493,50.65509,48.561,48.632,3329570
1648819800,48.956,49.8,47.88,49.098,2707780
1649079000,49.172,50.33,48.855,50.126,2668070
1649165400,50.857,50.857,47.122,48.728,4540430
1649251800,47.292,47.685,44.7595,45.511,4306780
1649338200,45.55,46.77,44.6,46.361,3426710
1649424600,45.908,47.06,45.281,45.324,2748540
1649683800,44.122,44.7505,42.503,43.639,3566830
1649770200,44.8,47.607,43.749,44.345,4922670
1649856600,44.125,46.659,44.125,46.358,2613130
1649943000,46.402,46.975,44.64301,44.919,2567010
1650288600,44.78,45.216,43.131,44.589,2522580
1650375000,45,47.117,44.3,47.114,2847760
1650461400,47.66,47.728,44.645,44.903,2820800
1650547800,46.102,47.187,42.5805,42.786,4163030
1650634200,42.492,43.698,40.8,40.908,3542700
1650893400,40.508,42.8,40.398,42.8,3293110
1650979800,42.6,42.7435,39.03401,39.101,3749040
1651066200,39.32,40.596,38.365,38.578,3072710
1651152600,39.3,40.406,36.965,40.049,4053300
1651239000,39.3,41,35.3,35.417,5479780
1651498200,35.601,36.95299,34.371,36.591,5160050
1651584600,36.4,36.894,34.009,34.34,4751970
1651671000,35.001,36.862,32.525,36.644,8104430
1651757400,35.662,35.7335,30.56,31.452,8594210
1651843800,30.906,31,28.2545,29.424,12083840
1652103000,27.125,27.125,21.412,21.905,19280310
1652189400,23.959,24.952,20.837,22.552,17050600
1652275800,20,21.776,16.5,16.82,36187640
1652362200,15.319,20.52622,13.409,17.118,46929100
1652448600,20.206,22,19.3295,20.457,25233570
1652707800,20,20.8405,19.301,20.151,10088960
1652794200,21,22.596,20.504,22.487,10170550
1652880600,21.688,22.38809,19.554,19.744,9952570
1652967000,20.479,22.032,19.8049,21.077,8014850
1653053400,21.452,21.94899,18.9,20.275,9193010
1653312600,21.164,21.5,19.83,20.437,8984500
1653399000,20.06,20.133,18.44,19.301,8066760
1653485400,19.073,20.343,19.029,19.812,5390640
1653571800,18.022,22.071,17.61,21.61,9678470
1653658200,22.028,23.387,21.28,21.939,9705870
1654003800,23.517,27.288,22.852,26.469,15526960
1654090200,26.135,26.7,23.3,23.814,8710420
1654176600,23.282,25.08,23.18177,24.446,5960210
1654263000,23.938,23.938,22.355,22.722,4992260
1654522200,24.395,24.877,23.236,23.544,5853770
1654608600,22.17,24.24916,21.8081,24,6666690
1654695000,23.688,24.699,23.21943,23.289,3107770
1654781400,23.133,23.35259,21.63607,21.776,5242830
1654867800,21.189,21.386,19.78,20.336,7849910
1655127000,14.931,16.798,14.39,15.215,36774720
1655213400,14.901,16.868,14.53,15.687,18926260
1655299800,16.025,17.688,15.61,17.134,18770150
1655386200,16.087,16.70346,15.446,16.134,11403370
1655472600,15.803,16.856,15.751,16.76,12301670
1655818200,17.094,19.48223,16.998,17.896,11347020
1655904600,17.725,18.7,16.828,17.091,7515250
1655991000,17.7,18.903,16.893,18.831,6690750
1656077400,19.5,20.799,19.4,20.544,9964550
1656336600,20.251,20.6125,18.499,19.673,7685420
1656423000,19.764,20.37,18.471,18.612,6345710
1656509400,18.03,18.423,17.251,17.969,7620990
1656595800,17.28,17.542,16.273,16.43,7791870
1656682200,16.797,17.217,16.139,16.677,7855090
1657027800,16.584,18.8385,16.002,18.768,8114260
1657114200,18.576,19.3585,18.317,18.83,6359740
1657200600,19.07,22.052,18.98203,21.951,11958440
1657287000,21.312,23.62805,20.668,22.128,11522790
1657546200,21.035,21.33,19.8,20.09,6977620
1657632600,19.652,20.335,18.815,19.252,5886170
1657719000,18.675,20.327,18.2445,19.555,5641000
1657805400,19.329,20.54794,18.688,20.459,7227930
1657891800,20.9,21.419,20.229,21.398,4886800
1658151000,23.012,24.6565,22.425,22.563,10675760
1658237400,23.943,26.88,23.033,26.717,11809760
1658323800,27.85,29.95,27.151,28.877,16178810
1658410200,27.904,29.05,27.138,28.971,8099800
1658496600,29.406,29.80431,27.392,28.192,6542910
1658755800,26.702,27.56,26.201,26.586,4825630
1658842200,24.883,25.598,23.568,23.764,6626280
1658928600,24.728,26.815,24.125,26.24,7089020
1659015000,26,27.682,25.556,27.572,5934160
1659101400,27,28.797,26.757,28.606,6156810
1659360600,27.653,28.75,27.146,27.574,5202630
1659447000,28.089,29.524,27.574,27.826,6061000
1659533400,28.376,32.455,28.34115,31.368,12502380
1659619800,31.989,33.223,30.453,30.931,8922350
1659706200,30.874,33.097,30.544,31.915,6913550
1659965400,33.565,35.194,32.7445,33.001,6206550
1660051800,32,32.6531,31.425,31.938,3267930
1660138200,34.7,34.7,32.75,33.58,5381410
1660224600,35.5,36.197,33.006,33.699,6053900
1660311000,33.699,35.33,33.1,35.284,4254500
1660570200,34.646,35.83218,34.50001,34.908,3049850
1660656600,34.448,35.02699,33.026,34.264,3379400
1660743000,33.5,33.8,32.014,32.52,3292260
1660829400,32.103,32.8,31.843,32.438,2445760
1660915800,29.942,30.395,28.176,28.3,7574650
1661175000,27.301,27.9685,26.608,26.809,4506640
1661261400,27.19,28.327,25.88329,26.58,5319190
1661347800,26.57,27.671,26.398,27.441,2485080
1661434200,27.786,28.04599,26.7185,27.281,2764130
1661520600,27.5,27.5,24.8,24.92,6048990
1661779800,24.137,25.4198,24.111,24.496,4927790
1661866200,25.004,25.3,23.501,24.023,4948570
1661952600,24.827,25.15,22.271,23.156,9373990
1662039000,22.001,22.855,21.329,22.092,5680610
1662125400,22.61,22.775,21.565,21.806,4238420
1662471000,21.853,22,20.29,20.425,8006570
1662557400,20.399,22.188,20.378,21.861,5632010
1662643800,21.447,23.47,21.173,23.45,5286330
1662730200,24.941,26.221,24.514,26.197,9160690
1662989400,26.321,26.799,25.012,26.298,8997670
1663075800,24.185,24.6345,22.952,23.125,8110920
1663162200,23.01,23.125,22.135,22.599,5403340
1663248600,22.29,23.67,21.605,21.694,8431640
1663335000,21.152,21.505,20.322,20.634,9950880
1663594200,19.9265,20.709,19.632,20.62,8183900
1663680600,20,20.15,19.342,19.66,7614990
1663767000,19.831,20.833,19.404,19.592,6620970
1663853400,19.689,19.84299,18.623,19.232,7609670
1663939800,18.87,19.192,18.349,19.145,5995340
1664199000,19.182,20.55,19.15,20.018,5853850
1664285400,21.284,21.922,20.1,20.607,6753890
1664371800,20.76,22.186,20.75,22.047,4655660
1664458200,21.425,21.631,20.555,21.182,3966690
1664544600,20.851,22.604,20.711,21.226,4007630
1664803800,21.39,22.842,21.214,22.452,4334900
1664890200,23.584,24.912,23.5,24.874,6507140
1664976600,24.094,24.575,23.244,24.219,5250630
1665063000,24.219,24.91662,23.62501,24.167,2701920
1665149400,23.4,23.6,21.766,22.03,3725930
1665408600,21.962,23.186,21.526,22.065,3709440
1665495000,22.121,22.72639,21.2205,21.637,3473030
1665581400,21.818,21.887,20.551,21.838,2681690
1665667800,20.148,22.3,19.8125,22.054,5923480
1665754200,22.334,22.879,20.743,20.931,3895220
1666013400,22,22.627,21.881,22.113,3344100
1666099800,23.02,23.531,21.964,23.5,6103150
1666186200,22.808,23.449,22.3959,22.608,2713050
1666272600,22.823,23.489,21.922,22.101,2675500
1666359000,21.855,23.443,21.649,23.262,3625540
1666618200,23.3,24.49399,22.636,23.76,3514400
1666704600,24,27,24,26.869,6402420
1666791000,26.955,29,26.688,27.272,6663070
1666877400,27.673,27.9,26.50001,27.056,2472870
1666963800,26.919,28.093,26.461,27.999,4324970
1667223000,27.89,28.38799,26.045,26.751,3519890
1667309400,27.595,27.84477,25.719,25.72,3113150
1667395800,25.889,27.879,24.551,24.823,6426660
1667482200,24.201,26.14,24.136,24.844,2618190
1667568600,26.112,27.735,25.06333,27.71,6713380
1667831400,27.141,27.38,26,26.664,3760250
1667917800,24.8,26.664,19.351,21.184,31238360
1668004200,19.5,20.906,16.85,17.036,27418980
1668090600,18.9,19.83799,17.2925,17.5,19091970
1668177000,16.252,17.81009,15.53,17.518,16441340
1668436200,17.131,17.91,16.435,16.59,7970120
1668522600,17.4,17.747,16.513,17.153,7028020
1668609000,16.353,17.048,16,16.944,6818890
1668695400,16.565,17.54997,16.21301,17.388,5065630
1668781800,17.7,17.71475,16.213,17.012,8229710
1669041000,16.5,17.06542,15.23404,15.722,9076520
1669127400,16,16.8,15.556,16.708,5856080
1669213800,16.845,17.672,16.621,17.639,4802050
1669386600,17.203,18.3,17.202,18.3,2634160
1669645800,17.872,18.143,16.916,17.667,6600890
1669732200,18.02,18.251,17.56389,18.2,5439660
1669818600,18.92,19.832,18.1,19.809,6612090
1669905000,19.719,20.6531,19.6,19.898,4235790
1669991400,19.568,21.149,19.5342,20.694,5933160
1670250600,20.85,21.073,18.725,19.567,7714380
1670337000,19.46,19.784,18.739,19.552,3850100
1670423400,19.261,19.897,19.028,19.349,2965340
1670509800,19.45,20.32705,19.023,20.257,3168970
1670596200,20.101,20.348,19.6421,20.325,4064450
1670855400,19.9,20.0485,19.47901,19.616,4076850
1670941800,20.645,21.184,19.552,20.181,4386090
1671028200,20.3,21.37799,20.191,20.273,5290560
1671114600,19.75,19.901,18.6,18.8,4411060
1671201000,18.376,18.564,17.233,17.375,7227350
1671460200,17.231,17.884,16.838,17.021,3684250
1671546600,17.037,17.543,16.7995,16.885,3059410
1671633000,16.901,17.2065,16.664,16.882,2184210
1671719400,16.83,16.83,16.092,16.623,4333190
1671805800,16.554,16.759,16.054,16.267,2859220
1672151400,16,16.007,14.568,14.774,7128000
1672237800,14.7,15.109,13.7905,13.809,6919960
1672324200,13.89,14.3,13.377,13.663,7156660
1672410600,13.382,14.209,13.256,14.157,7033920
1672756200,14.567,14.652,13.938,14.502,6283090
1672842600,14.68,16.5695,14.59,16.506,10103000
1672929000,16.054,16.054,14.977,15.656,4091780
1673015400,15.261,16.189,14.71,16.045,4929030
1673274600,17,18.187,16.54,17.501,7146340
1673361000,17.435,19.097,16.9995,19,6523910
1673447400,18.9,19.645,18.411,19.476,6658680
1673533800,20.365,21.343,18.931,21.017,9960060
1673620200,20.6,22.217,20.2695,21.697,8456590
1673965800,23.2,23.967,22.275,23.592,10863050
1674052200,23.7,24.203,20.962,22.119,11377710
1674138600,21.677,22.78699,21.449,22.145,4942090
1674225000,22.419,24.187,21.903,24.003,7299350
1674484200,24.095,25.05,23.5765,25.0215,7275510
1674570600,24.7,25.102,24.185,24.75,3157090
1674657000,24.04,24.7523,23.215,24.584,3746450
1674743400,25.303,25.499,23.699,24.532,4122960
1674829800,24,26.21,24,25.836,6292430
1675089000,25.235,25.885,23.942,24.569,5340370
1675175400,24.9,25.776,24.8,25.173,3787770
1675261800,25.1,27.36,24.425,26.792,6554390
1675348200,27.5,30.28999,27.486,29.213,10414570
1675434600,27.911,30.34,27.83829,28.476,6303410
1675693800,27.431,28.62299,27.11621,28.205,4206170
1675780200,27.975,28.733,27.03801,28.387,5013380
1675866600,28.243,29.04085,27.166,27.596,3155670
1675953000,27.601,27.761,24.558,24.904,7268130
1676039400,24.6,25.259,24.101,24.337,4362360
1676298600,23.903,25.065,23.65415,24.925,2894020
1676385000,25.102,27.678,24.40005,27.114,6728240
1676471400,27.558,29.973,27.20901,29.84,7142870
1676557800,29.6,31.5,28.284,28.403,9707410
1676644200,28.329,29.741,27.385,29.405,5529080
1676989800,28.624,29.074,26.754,26.992,5714610
1677076200,26.638,27.348,26.244,26.858,4214390
1677162600,27.095,27.559,26.159,26.575,3014980
1677249000,26.142,26.205,24.887,25.58,5035390
1677508200,26.359,26.971,25.58279,25.865,3494180
1677594600,25.979,26.975,25.604,26.227,4006030
1677681000,26.388,26.8549,25.334,25.791,3452190
1677767400,24.899,25.38699,24.167,25.289,4928470
1677853800,24.02,25.2335,23.685,24.691,7603800
1678113000,24.935,25.204,23.705,23.745,4770120
1678199400,23.6,24.1,23.093,23.144,4935570
1678285800,23.04,23.494,22.7,23.272,4701420
1678372200,23.035,23.143,21.011,21.082,8241850
1678458600,20.575,20.758,18.83,19.201,13303190
1678714200,20.202,22.962,19.635,22.316,15329550
1678800600,23.908,24.441,22.209,22.947,11303530
1678887000,22.7,23.498,21.653,22.755,6895420
1678973400,22.518,24.51077,22.327,24.108,7700610
1679059800,25.553,27.4,24.901,26.766,20223820
1679319000,28.043,28.173,25.837,26.396,12524220
1679405400,26.899,27.89299,26.06501,27.338,8810990
1679491800,27.6,27.80914,24.601,24.686,11129510
1679578200,24.901,27.1,24.804,26.333,11249500
1679664600,25.914,26.34799,24.731,25.667,6569940
1679923800,25.986,26.02103,23.072,23.896,11330900
1680010200,23.677,24.8535,23.25,24.826,6721260
1680096600,25.78,28.542,25.545,28.403,10108520
1680183000,28.79,28.85,27.457,27.923,7080720
1680269400,28.346,29.53995,28,29.232,10379820
1680528600,29.099,30.09999,28.816,29.739,7653750
1680615000,29.958,30.136,28.57429,29.898,6234570
1680701400,30.345,30.7,28.351,29.084,8123880
1680787800,28.651,29.548,27.837,29.01,4261230
1681133400,29,31.294,28.5,31.278,10025750
1681219800,32.191,33.782,31.8095,33.235,14267460
1681306200,33.425,33.5745,31.83401,32.283,8812480
1681392600,33.042,34.5,32.7,34.072,11131720
1681479000,34.285,34.763,32.461,33.375,8720870
1681738200,32.173,32.247,31.22,31.303,7702240
1681824600,32.5,33.4,32.4,32.985,10000520
1681911000,31.988,32.19909,31.29,31.472,6234660
1681997400,31.027,31.29,29.227,29.471,8256390
1682083800,29.734,30.05,28.774,29.102,6576180
1682343000,29.103,29.79532,28.3,28.533,5676380
1682429400,28.236,29.689,28.015,29.091,5699510
1682515800,31.05,32.164,29.63,29.946,10820420
1682602200,30.651,31.888,29.60101,31.864,10165150
1682688600,31.304,32.898,30.809,32.838,7607300
1682947800,32,32.33591,30.42361,30.747,9055130
1683034200,31.014,33.29265,30.513,32.801,13733020
1683120600,32.049,32.189,30.168,30.425,11930080
1683207000,31.115,32.119,30.75,31.2235,7150600
1683293400,31.3,32.87199,31.2,32.672,9082140
1683552600,31.115,31.1745,29.4,29.467,10429910
1683639000,29.751,31,28.963,30.343,7220480
1683725400,31.324,32.565,30.5,31.511,12951620
1683811800,31.135,31.135,28.476,28.737,15422380
1683898200,28.49,28.659,26.651,27.1,10850520
1684157400,28,28.688,27.6,28.25,6507190
1684243800,27.75,28.29999,27.23713,27.344,4653910
1684330200,27.149,29.105,26.92603,29.057,6113140
1684416600,28.9,29.721,28.00112,28.758,6696310
1684503000,29.09,29.196,28.2575,28.828,3731810
1684762200,28.778,29.706,28.602,29.412,5910290
1684848600,29.919,30.12,28.826,28.933,6432840
1684935000,28.2,28.69479,27.663,28.443,8064370
1685021400,28.791,28.884,27.285,28.099,8783670
1685107800,27.98,29.489,27.92,28.51,6549840
1685453400,30.01,31.364,29.675,29.927,9466350
1685539800,29.401,30.277,28.9,30.163,6233890
1685626200,29.85,30.7725,29.56418,29.994,5488980
1685712600,30.527,30.6,29.064,30.213,7264640
1685971800,29.447,29.696,27.12,27.636,14040080
1686058200,27,30.4565,26.655,29.882,18779480
1686144600,29.882,30.227,28.8,29.081,6755490
1686231000,28.969,29.7244,28.357,29.093,4855700
1686317400,29.35,29.576,28.0505,28.233,5678550
1686576600,27.9125,28.166,27.5,27.77,3715460
1686663000,28.43,28.488,27.495,28.382,4436330
1686749400,28.411,28.615,27.673,28.288,3997060
1686835800,27.415,28.138,26.6,27.792,7857330
1686922200,28.499,29.8,28.096,29.339,14232820
1687267800,30,31.518,28.969,31.34,18939290
1687354200,32.4,33.8,32.031,33.131,19270040
1687440600,33.249,33.745,31.313,32.723,11363630
1687527000,32.7,33.7,31.73,32.911,15618860
1687786200,32.4,32.86,30.1085,30.574,11272830
1687872600,31.23,32.799,31.1527,32.488,8773320
1687959000,31.991,33.28099,31.845,32.561,6590810
1688045400,33.564,34.07867,32.85,34.0255,8574150
1688131800,34.997,35.275,32.226,34.242,15255080
1688391000,34.7,37.827,34.599,37.784,11065030
1688563800,36.701,38.29899,35.90958,37.811,11868040
1688650200,38.059,38.501,36.2,37.655,8927160
1688736600,37.359,39.2,37.359,38.074,9417660
1688995800,38.117,40.801,37.00466,40.771,9976080
1689082200,40.1,41.5,39.692,41.23,12049000
1689168600,41.8,42.098,40.524,41.349,9236360
1689255000,41.8,46.699,41.278,46.183,20782770
1689341400,45.546,47.50916,44.718,45.886,17243520
1689600600,45.7195,46.7,44.435,44.988,8633140
1689687000,44.948,45.4,43.5,44.5795,7836350
1689773400,45.177,46.16,44.67628,45.31,5501830
1689859800,45.521,46.131,43.52,44.083,6317190
1689946200,44.191,44.5875,42.655,43.665,5634130
1690205400,42.764,43.18699,41.293,43.0935,6554870
1690291800,43.094,44.2415,43.021,43.682,4478510
1690378200,43.682,44.793,43.628,44.346,5300490
1690464600,45.1,45.246,42.417,42.615,5655130
1690551000,43.4,43.874,42.484,43.461,4642400
1690810200,44,44.284,43.22,43.788,4869690
1690896600,43,43.8,42.088,43.498,6685650
1690983000,43.498,43.7,40.118,40.733,10559400
1691069400,40.001,40.23699,38.76245,38.991,6531920
1691155800,39.001,39.576,37.445,37.697,5511530
1691415000,37.103,37.356,35.77,37.082,6962510
1691501400,38,39.59999,37.472,38.948,7719070
1691587800,39.597,39.65,37.6,37.784,5120890
1691674200,38.032,39.006,37.20056,37.801,4113720
1691760600,37.801,38.8,37.21,38.431,3342830
1692019800,38.157,39.26,37.52764,38.883,3824110
1692106200,38.904,39.269,37.583,37.615,4184080
1692192600,37.346,37.728,36.626,36.967,3136210
1692279000,36.16,36.55899,34.537,34.679,8060740
1692365400,33.149,33.858,32.229,32.862,11012230
1692624600,33.029,33.69839,32.50201,33.525,4172150
1692711000,34.148,34.52345,32.8,32.951,3826540
1692797400,33,35.05247,32.75,34.64,5205820
1692883800,34.892,34.95,33.245,33.656,5077330
1692970200,33.968,34.49999,32.9031,33.605,3665040
1693229400,33.936,35.038,33.8545,34.437,3532920
1693315800,34.223,38.79928,34.193,38.152,15281690
1693402200,37.51,37.732,36.76,37.168,6051030
1693488600,37.51,37.56658,35.424,35.753,6051440
1693575000,35.754,36.094,34.663,35.148,4068490
1693920600,35.148,35.3971,34.4575,34.925,3007750
1694007000,34.95,35.9,34.52608,35.07,5725360
1694093400,34.65,35.682,33.784,35.307,4927310
1694179800,35.242,35.628,34.7,35.628,4593970
1694439000,35.5,35.661,33.6,34.268,7536580
1694525400,35.5,36.76,34.5299,34.776,7655360
1694611800,34.73,35.25614,34.06,34.184,4786260
1694698200,35,36.199,34.604,34.64,6700320
1694784600,34.64,34.64,33.636,34.078,4987990
1695043800,35.125,35.63299,33.899,34.062,5781360
1695130200,34.411,35.0195,33.35,33.926,5578400
1695216600,34.35,34.434,33.304,33.347,3833920
1695303000,32.58,32.86617,32.15934,32.606,3660060
1695389400,32.475,32.814,32.05666,32.281,2834370
1695648600,31.95,32.761,31.564,32.76,3850920
1695735000,32.4,32.9,31.717,31.73,3856730
1695821400,32.262,32.69,31.01,31.563,3875850
1695907800,31.98,33.75525,31.565,32.892,6431960
1695994200,33.272,33.448,32.49,32.828,3919740
1696253400,34.657,35.284,32.75201,32.949,8535110
1696339800,32.39,32.6,31.1,31.133,6452520
1696426200,31.485,32.393,30.71101,32.04,4937570
1696512600,32.379,32.8,31.51809,32.342,4105790
1696599000,32,34.17816,31.91718,34.063,4731500
1696858200,33.153,34.424,33.143,34.045,3807170
1696944600,34.124,34.647,33.701,34.046,3866720
1697031000,33.86,34.027,33.035,33.461,3065040
1697117400,33.5,33.5,32.086,32.36,4451090
1697203800,32.762,32.762,31.425,31.822,3971020
1697463000,33.8,35.3,32.105,32.58,12584180
1697549400,32.134,34.09093,32.134,33.541,6150970
1697635800,33.589,33.8255,32.646,32.914,3686670
1697722200,33.072,34.878,32.814,34.235,5355780
1697808600,35.365,36.2,34.421,34.804,8763610
1698067800,35.535,38.39,34.609,37.749,12814720
1698154200,40.839,43.899,40.127,42.487,22467300
1698240600,43.479,44.949,42.511,43.322,12600930
1698327000,42,43,40.623,41.345,10068990
1698413400,42,42.146,39.8203,40.676,7335610
1698672600,42.3,43.465,41,42.022,8258380
1698759000,41.65,42.37699,41.00501,42.339,6153510
1698845400,42.962,43,41.236,42.667,7521800
1698931800,44.048,45.405,42.4,45.363,11843380
1699018200,44.498,46.419,44.14,45.395,9453060
1699281000,46.102,47.29899,45.101,45.963,7827090
1699367400,45.4,47.487,44.9,47.355,7247720
1699453800,46.908,47.86,45.849,47.45,7894020
1699540200,49.829,53.521,48.589,49.407,21138910
1699626600,50.4,51.3315,49.4535,50.918,9471700
1699885800,50.2,50.6895,48.677,50.488,9250560
1699972200,50.67,50.699,46,48,16619420
1700058600,48.634,50.928,48.067,50.595,14501570
1700145000,49.4,50.277,48.297,48.908,11463910
1700231400,49.265,49.591,48.339,48.622,7507970
1700490600,49.201,51.25199,49.201,50.853,10603370
1700577000,49.799,50.314,48.453,49.304,7955770
1700663400,49.4,50.944,48.108,50.788,7339860
1700836200,51,52.67899,50.553,52.024,9074130
1701095400,50.575,51.48,49.53,49.538,10555310
1701181800,50.512,51.527,49.825,50.587,8876760
1701268200,50.798,51.35,49.7,50.71,6569290
1701354600,49.8,50.499,48.73139,49.83,7405150
1701441000,50.353,52.98,50.337,52.768,14040620
1701700200,56.7,57.777,55,56.322,17529610
1701786600,56.6,58.99,56.33837,57.75,14467820
1701873000,58.512,58.6555,56.6135,56.8885,9565710
1701959400,55.72,57.806,55.21,57.109,5735730
1702045800,57.348,59.939,57.281,59.939,9530730
1702305000,57.411,57.788,54.61789,55.58,13410620
1702391400,56,56.697,54.901,55.832,7119300
1702477800,55.759,58.6,55.229,58.6,9699550
1702564200,58.8,59,57.565,58.237,9166930
1702650600,57.5,57.523,56.465,57.041,9880310
1702909800,56.11,57.9,55.9,57.19,8503280
1702996200,58.35,59.041,56.451,57.13,8737940
1703082600,58.977,59.95693,57.21,57.347,13784750
1703169000,58.81,59.13199,57.44,58.195,7159260
1703255400,58.196,62.258,57.87,61.924,12619800
1703601000,60.949,61.555,59.649,60.389,12047090
1703687400,61.38,67.382,61.201,67.071,21272510
1703773800,65.469,68.935,65.3515,66.788,15807680
1703860200,67.483,68,61.717,63.162,15818040
1704205800,69.249,72.777,68.00001,68.515,22074410
1704292200,64.322,65.855,62.53,63.106,18805690
1704378600,63.86,66.8,62.845,65.581,11192720
1704465000,64.871,65.403,63.003,63.108,9323070
1704724200,64,64.688,58.652,59.801,25142550
1704810600,60,60.278,57.12501,57.729,14346430
1704897000,56.668,58.69999,55.38411,56.567,16409460
1704983400,59.899,61.1,53.03,53.618,25703910
1705069800,52.502,52.589,48.1,48.553,27402780
1705415400,47.9,48.948,46.7,48.214,16453490
1705501800,47.423,49.91,47.423,49.9,9765870
1705588200,50,52.2,47.785,48.66,16604920
1705674600,48.45,48.72,46.5,48.1,11771730
1705933800,46.8,48.39599,45.539,47.019,11431450
1706020200,45,45.98171,43.874,45.019,11716070
1706106600,46,46.2,44.505,45.099,8232670
1706193000,45.232,46.4,44.58892,45.778,6608460
1706279400,47,50.095,46.475,49.45,14660400
1706538600,50,52.497,49.021,51.381,13648890
1706625000,51.698,52.57999,50.764,51.951,7388130
1706711400,50.8,52.789,49.94275,50.121,9379630
1706797800,50.18,51.506,49.59601,50.348,6280830
1706884200,49.725,50.9,49.10001,50.01,6098000
1707143400,50.2,50.348,48.2,49.06,8599300
1707229800,49.33,50.91923,49.312,49.8,6898740
1707316200,49.947,50.863,46.749,50.801,10997480
1707402600,53,58.846,52.505,58.781,22631100
1707489000,62.74,64.89,61.4115,64.632,24684570
1707748200,65.199,72.527,65.017,71.752,23099730
1707834600,67.5,70.12199,65.555,68.602,13914530
1707921000,74.6,77.484,73.4165,76.988,20704740
1708007400,79.244,80.678,70.75139,71.8,23827690
1708093800,73.5,74,68.938,69.956,13407110
1708439400,71.079,72.198,67.027,70.498,9680050
1708525800,68.43,68.538,66.42565,67.28,7033060
1708612200,68.37,72.32499,67.999,71.315,10425120
1708698600,69.901,70.4285,67.806,68.744,7392840
1708957800,68.794,80.99499,68.794,79.648,22695290
1709044200,86.61,89,84.176,87.18,22747610
1709130600,95.2,100.888,91.55,96.295,48388190
1709217000,99.9,104,96.04436,102.284,35206030
1709303400,99.6,108,99.2,107.939,26964360
1709562600,120,135.991,119.001,133.401,54249890
1709649000,124.419,133.77899,103.506,105.101,57366280
1709735400,114,128.555,113.1101,124.621,36939990
1709821800,128.498,132.104,122.5,130.002,21677160
1709908200,132.804,145.173,128.36639,142.559,37417740
1710163800,155,165.706,147.735,148.423,41024230
1710250200,154.4,159.497,143.80022,159.335,35488650
1710336600,166,177.4,162,176.615,37759450
1710423000,170.801,174.6,155.077,167.685,49867590
1710509400,160.001,181.5,157,178.236,44749940
1710768600,171.845,173.49001,144.501,150.276,45111200
1710855000,132.607,145,123.012,141.75,44644130
1710941400,142.301,154.99999,136.301,154.652,33314320
1711027800,159.412,170.43635,158.102,159.929,31589810
1711114200,152,159.449,149,152.3,20836180
1711373400,160.5,187.365,159.442,185.6,38840270
1711459800,188.243,190.95,179.2,187.699,23938900
1711546200,195.3,199.999,184.20001,191.916,26226090
1711632600,194.3,198.9,164.5515,170.456,45559140
1711978200,164.501,169.019,158.656,163.674,19929540
1712064600,149.2,159.229,146.29429,157.883,18545840
1712151000,158.001,169.949,156.83201,160.611,19772450
1712237400,169.298,173.972,161.01001,161.542,20171340
1712323800,157,167.425,143.2,143.9,22739950
1712583000,160.21,162.378,149.12001,151.299,20573630
1712669400,147.81,148.01672,137.5,144.102,16716660
1712755800,138.75,156.6,137.377,156.6,19391880
1712842200,154.3,157.837,151.009,155.181,14385910
1712928600,153.5,153.782,143.3,147.958,12905640
1713187800,147,148.997,132.105,133.588,16125420
1713274200,130.602,132.85,121.51501,125.403,17292290
1713360600,125.8,126.422,113.199,118.805,20373970
1713447000,119.2,128.788,116.843,120.816,17696710
1713533400,123.7,125.86499,116.6241,117.411,14746540
1713792600,120.9,134.7902,120.8,132.401,19410690
1713879000,131.1,139.44505,129.889,133.864,10478460
1713965400,132.701,134.5,126,126.567,9511860
1714051800,122.6,126.772,120.11398,124.041,7734030
1714138200,122.5,128.597,120.401,128.238,8814620
1714397400,125,130.84158,122.842,129.297,10130730
1714483800,119.901,121.542,106.317,106.503,24936030
1714570200,101.553,110.9325,101,102.827,19248840
1714656600,105.5,114.23019,104.17619,112.942,15402250
1714743000,120.101,124.2,117.282,122.301,15609620
1715002200,127.385,133.9,126.01,126.881,13870320
1715088600,127.82,131.89999,125.13,125.745,9967680
1715175000,119.839,125.98977,119,123.312,8590160
1715261400,123,130.3,120.099,126.364,10533700
1715347800,128.999,130.199,117.853,118.048,14038440
1715607000,121.794,126.41512,120.3,124.596,8757250
1715693400,122.648,129.869,122.648,129.763,9267860
1715779800,137.96,152.034,135.109,150.347,20586430
1715866200,149.41,151.89,143.545,143.998,13655550
1715952600,150.098,158.49999,146.9,158.45,16529320
1716211800,159.7,172.896,155.142,172.724,16716970
1716298200,173,174,164.5,165.542,12977510
1716384600,166.3,171.8,162.015,164.7,10339300
1716471000,166.921,167,153.03257,154.407,11588110
1716557400,154,168.4995,152.8,168.484,12068560
1716903000,165,169.155,161.00201,167.535,10799360
1716989400,165,165.907,161.118,161.87,7344250
1717075800,165.3,171.499,153.1955,154.1,14776450
1717162200,159.7,161.482,144.2,152.449,22153560
1717421400,160.1,165.6,156.04166,162.741,11222360
1717507800,161.742,169.7,161.5,163.877,13229510
1717594200,167.5,171.784,163.62401,169.469,10955850
1717680600,169.859,173.46977,164.705,165.663,11622910
1717767000,167.102,171.77,158.5,159.62,12626880
1718026200,157.501,164.776,156.02903,159.992,7264600
1718112600,154.2,156.415,148.66,155.549,11411820
1718199000,162,169.271,159.1765,160.367,13681250
1718285400,156.33,157.376,144.101,148.388,21107660
1718371800,150.5,153.8,146.151,149.554,13790090
1718631000,149.98,156.901,142.11687,150.726,12076360
1718717400,145.793,151.095,144.6,146.943,8933680
1718890200,148.211,150.559,142.206,146.54,9097600
1718976600,142,149.105,140.902,148.376,11494630
1719235800,139.8,144.88997,132.55414,137.215,16080740
1719322200,141.377,149.9,139.33906,149.574,13627970
1719408600,147.229,150.5015,144.5,145.773,7501750
1719495000,148.5,153.89999,146.35,152.54,9307670
1719581400,151.642,151.9,136.702,137.748,34113490
1719840600,141,143.595,136.308,136.597,14129320
1719927000,136.551,138.4405,130.657,132.019,9229110
1720013400,129.8,132.8,127.34707,130.209,6659400
1720186200,121.55,129.917,120.232,128.172,15029080
1720445400,131.453,132.5,125.87817,129.058,8736390
1720531800,131.388,132,127.8085,130.177,8968510
1720618200,131.97,134.5,129.6,130.572,6387290
1720704600,139.6,143.2,132.9235,135.856,13548930
1720791000,133.92,143.54044,132.419,139.676,10640830
1721050200,152.4,163.89999,149.24254,161.128,24670830
1721136600,161.5,167.5784,157.6395,166.43,15809620
1721223000,161.1,167.40799,153,159,17211670
1721309400,163.39,163.7,151.625,155.516,10236330
1721395800,157.34,178.5,156.50001,177.85,20458260
1721655000,178.402,181.06621,173.613,180.009,15391120
1721741400,176.399,179.8,171.50201,172.177,10746610
1721827800,175,176.952,166.702,167.269,13773770
1721914200,161.65,167.7855,150.766,160.647,14772330
1722000600,170,177.697,168.601,175.271,14137670
1722259800,181.999,183.7,167.12749,168.485,12801620
1722346200,168.799,169.49999,159.24901,160.407,9154800
1722432600,164.603,168.5,160.85515,161.444,7533810
1722519000,161.5,163.436,148.202,151.181,11930000
1722605400,148.581,159.14,141.71,144.799,14126190
1722864600,105.165,135.42699,102.402,130.9,22677550
1722951000,132.6,139.494,126.218,136.921,12260230
1723037400,140.878,142.158,124.013,124.685,10933850
1723123800,130.23,136.76,128.06,135.99,10378305
1723210200,135.89,136.685,129.55,135.37,7330433
1723469400,133.49,139.2129,129.22,131.46,6932336
1723555800,132.28,140,130.26,135.38,8123111
1723642200,136.37,137.4,129.33,130.37,8535928
1723728600,132.7,139,130.73,131.93,10856852
1723815000,133.25,136.32,126.59,133.04,11360411
1724074200,133.7,137.44,131.16,135.35,6595737
1724160600,139.735,141.36,130.63,133.69,11274578
1724247000,134.34,142.58,132.87,141.42,11774541
1724333400,141.39,141.78,133.69,133.81,7963436
1724419800,137.4,151.81,135.51,150.01,17791304
1724679000,148.12,152.35,146.6,146.9,10418753
1724765400,144.48,145.238,138.19,140.01,10943128
1724851800,138.16,138.4,130.73,132.09,8860102
1724938200,137,139.43,131,132.56,8431380
1725024600,134,135.2499,128.3,132.42,7802999
1725370200,132,132.73,122.19,122.32,8258810
1725456600,120.25,125.98,117.9401,124.85,8191094
1725543000,122.35,126.83,119.43,119.57,6066645
1725629400,122.93,124.69,113.69,114.3,8795527
1725888600,118.93,125.2289,117.5003,124.82,9771186
1725975000,123,129.82,121.55,129.64,7738025
1726061400,124.805,131,121.3,129.28,8731203
1726147800,129,134.1,127.2723,130.77,6052392
1726234200,131.1,143,129.84,141.47,12239123
1726493400,137.02,137.88,132.67,134.53,8765884
1726579800,138.37,140.16,128.8209,131.27,21043391
1726666200,130.44,139.49,128.51,132.67,16345621
1726752600,140.45,148.96,139.62,144.66,20177336
1726839000,144.39,148.03,141.64,144.78,12332317
1727098200,147.48,151.59,145.0149,149.97,10090260
1727184600,150.16,154.33,146.7074,153.88,9365235
1727271000,152.3,157.88,151.5,151.94,7839376
1727357400,157.63,167.51,156.3806,165.98,17068474
1727443800,170.48,179.6,168.305,176.22,17321178
1727703000,168.63,175.5064,167.314,168.6,13443437
1727789400,168.52,169.4299,157.02,162.69,14103324
1727875800,160.51,173.88,159.16,164.64,12557459
1727962200,163.39,165.86,157.82,163.41,8814224
1728048600,166.72,176.55,163.9651,176.51,14069711
1728307800,179.71,191.99,178.8,186.09,19825952
1728394200,186.1,198.49,184.45,192.2,20984756
1728480600,189.77,198.3899,185.25,188.91,13445318
1728567000,191.89,192.2,178,183.34,15937522
1728653400,188.5,212.81,187.41,212.59,29933775
1728912600,224.48,227.15,201.43,201.67,31736611
1728999000,206.73,211.1599,189.7,194.31,23114601
1729085400,199.9,200.615,191.96,194.09,12434577
1729171800,192.8,198.88,185.81,193.42,11414281
1729258200,197.59,218.65,197.1,215.86,22814822
1729517400,214.49,223.15,208.45,219.05,18028627
1729603800,216.21,221.4,212.084,219.7,13758062
1729690200,215.08,222.85,204.91,213.95,17025503
1729776600,220.09,236.29,218.25,235.89,23221545
1729863000,236.385,245.5657,227.75,234.34,25093205
1730122200,244.64,259.5,242.77,255.34,23181974
1730208600,264.25,267.89,251.24,258.24,25958545
1730295000,246.5,255.8,239,247.31,20593324
1730381400,251.12,252.88,237,244.5,21954122
1730467800,245.33,255.75,225.93,229.71,26258857
1730730600,226.97,231.68,220.82,222.99,13438764
1730817000,233.34,243.4563,225.43,227.8,17993882
1730903400,260,261.2,242.69,257.81,26270427
1730989800,256.8,280.8007,252.7,270.81,23931687
1731076200,275.575,279.3799,262.6,270.42,18764220
1731335400,297,351.73,293.3,340,47315730
1731421800,334.77,360.89,325.5,356.59,39705753
1731508200,366.98,383.4,321.7,328.38,46238500
1731594600,341.77,348,318.62,327.67,26605694
1731681000,336.6,349.94,324.1,340.65,25841965
1731940200,345.415,388.4899,339.375,384.79,32745915
1732026600,389.5,449,381,430.54,50954502
1732113000,463.4,504.83,457.3024,473.83,70212633
1732199400,535.63,543,371.8401,397.28,100443991
1732285800,403.6,453,393.1,421.88,55935009
1732545000,440.75,440.75,383.8,403.45,40180421
1732631400,382.78,402.9999,338.6701,353.69,47891004
1732717800,384.29,397.66,372.5,388.84,34921206
1732890600,405.75,417.6193,381,387.47,21987618
1733149800,393.64,398.7899,374.36,380.3,23404298
1733236200,367.85,393.1227,362.67,373.43,22817455
1733322600,380,409.97,365.6,406,29862186
1733409000,440.12,444.9447,379.35,386.4,46189812
1733495400,395.29,405,384.02,395.01,26206157
1733754600,394,399.8,363.44,365.34,22606091
1733841000,373.37,379.8,356.05,377.32,20139878
1733927400,385.66,412.6799,385.5,411.4,27594366
1734013800,413.71,415.8043,386.11,392.19,21074260
1734100200,400.07,409.71,388.88,408.67,21536882
1734359400,424.87,437.6099,406.455,408.5,31099439
1734445800,413.45,415.68,386.01,386.42,21821974
1734532200,386,390.32,338,349.64,24422921
1734618600,365.44,367.5,323.48,326.46,26922884
1734705000,319.37,364.88,317,364.2,44889882
1734964200,358,359.7411,329.08,332.23,21742486
1735050600,343.5,361,342.7,358.18,16377781
1735223400,350.305,351.7999,340,341.05,13295118
1735309800,342.3,342.705,323.2,330,13778471
1735569000,319.4,320.01,301.7489,302.96,25771230
1735655400,316.96,317.91,285.01,289.62,22486110
1735828200,300.11,310.8,292.315,300.01,17933875
1735914600,303,343.4,301.7663,339.66,25039041
1736173800,349.85,383.02,335.5,379.09,26707279
1736260200,366.47,371.28,335.3,341.425,24736771
1736346600,335.245,344.39,317.22,331.7,18274784
1736519400,330.31,337,317.91,327.91,16478719
1736778600,309.95,329.6,303.8,328.4,15914503
1736865000,343,354.9,331.3,342.17,17889530
1736951400,357.81,368.42,353.0129,360.62,19941337
1737037800,357.89,370.2588,345.8,367,14826626
1737124200,383.28,398.68,380.1528,396.5,24339148
1737469800,395.455,404.4173,367.76,389.1,26215758
1737556200,384.91,390.35,371.0498,377.31,16000314
1737642600,371.75,390.2,370.7,373.12,23306469
1737729000,377.665,378.11,351,353.67,22943783
1737988200,340.5,356.88,322.3,347.92,21224434
1738074600,344.68,348.9201,333.09,335.93,11461371
1738161000,338.195,343.63,329.33,341.25,11716796
1738247400,345.83,356.1147,338.5201,340.09,12607754
1738333800,340.11,352.71,332,334.79,15565985
1738593000,310,348.85,308.9,347.09,18207270
1738679400,341.195,353.79,340.45,348.31,12485965
1738765800,349,352.36,333.55,336.7,10973940
1738852200,338.7,344.5,320.71,325.46,12795184
1738938600,335,344.4,327,327.56,15049714
1739197800,333.5,340.38,328.3,334.62,10104081
1739284200,332.98,338.5,318.7,319.46,12017214
1739370600,315.96,331.17,314.19,326.82,9837883
1739457000,325.5,330.59,317.35,324.92,9848079
1739543400,325.15,344.89,323.7128,337.73,13912763
1739889000,337.35,340.49,326.785,333.97,10179752
1739975400,337.3,340.19,317.22,318.67,17043129
1740061800,323.73,327.83,314.95,323.92,12291749
1740148200,327.93,329,299.04,299.69,17930836
1740407400,304,304.04,276.395,282.76,17974948
1740493800,268.1,270.29,243.7,250.51,31379590
1740580200,245.39,264.46,244.01,263.27,19876850
1740666600,267.425,271.4552,239.48,240.05,18520303
1740753000,238.315,257.4999,231.92,255.43,22662629
1741012200,293.15,295.1,246.1,250.92,30575720
1741098600,240.28,293.04,237.0102,275.15,30130174
1741185000,278.305,311.28,271.77,308.55,26199769
1741271400,298.95,320.94,292.17,304.11,25309508
1741357800,298.145,310.44,281.44,287.18,22764487
1741613400,268,272,231.62,239.27,31478334
1741699800,245,263.0999,231.51,260.59,22076133
1741786200,264.6,269.7721,248.22,262.55,14328551
1741872600,262,270.405,253.76,263.26,13804685
1741959000,273.99,298.7,272.62,297.49,23714043
1742218200,292.15,296.8068,281.6,294.27,12998721
1742304600,283.2,290.99,272.5,283.19,15398200
1742391000,290.3,309.0832,287.12,304.23,19378788
1742477400,298.79,309.4,293.4,302.07,15058059
1742563800,295.7,306.39,293.0493,304,21773999
1742823000,316.14,336.77,311.36,335.72,23099744
1742909400,333.48,343.5899,329.5,341.81,15053724
1742995800,336.5,340.3399,319.73,329.31,16797178
1743082200,322.53,333.49,318,324.59,13838338
1743168600,318.38,320.8,289.25,289.41,21058915
1743427800,281.87,294.885,272.8,288.27,14866292
1743514200,293.53,307.6,280.6509,306.02,16780113
1743600600,297.86,319.47,296.98,312.54,16293825
1743687000,286.75,299.2249,276.03,282.28,18223003
1743773400,285.015,299.14,265.3022,293.61,24847129
1744032600,260.14,297.6,252.6,268.14,28449324
1744119000,278.15,282.8394,235.93,237.95,22952708
1744205400,242.015,302.34,241.69,296.86,38346353
1744291800,282.5,288.3119,261.37,272.34,19237822
1744378200,281.3,304.15,276.3001,299.98,21334111
1744637400,309.8,314.6,300.1,311.45,15635383
1744723800,312.22,319.75,306.81,310.72,11217784
1744810200,306.06,318.6,304,311.66,12847246
1744896600,313.89,320,306,317.2,13511095
1745242200,324.99,330.994,309,317.76,16053189
1745328600,328.705,348.9599,327.01,343.03,24036452
1745415000,354.7,355.83,339,345.73,16690664
1745501400,344.97,351.03,343.2401,350.34,10781381
1745587800,354,373.23,353.12,368.71,19338560
1745847000,373.29,373.66,354.53,369.25,11490917
1745933400,369.02,383.95,366.8,381.45,13038829
1746019800,373.775,384,362.3901,380.11,13762876
1746106200,392.29,403.9,381.03,381.6,16944133
1746192600,393.875,401.7,387.51,394.37,15947978
1746451800,383.33,391.93,374.2,386.53,14424129
1746538200,378.56,387.86,377.77,385.6,9695615
1746624600,393.8,396.35,388.26,392.48,10607553
1746711000,408.165,423.105,404.5,414.38,22135578
1746797400,420,430.3499,406.22,416.03,17161815
1747056600,420.92,422.04,400.83,404.9,16245468
1747143000,412.5499,422.55,404.12,421.61,12924974
1747229400,420.395,425.94,410.41,416.75,10722652
1747315800,411.7,415.36,394.14,397.03,14674666
1747402200,399,406.8965,389.01,399.8,12461115
1747661400,392.81,414.59,392.62,413.42,12821966
1747747800,413.5,417.85,406.1025,416.92,11532230
1747834200,415.92,423.34,395.5285,402.69,18698520
1747920600,413.2,426.32,398.91,399.46,16511372
1748007000,391.51,392.19,367.31,369.51,21448767
1748352600,381.115,381.3,364.18,372.2,14115975
1748439000,368.53,370.6523,358.5,364.25,9936835
1748525400,370.785,373.86,362.74,370.63,10217575
1748611800,369,372.56,359.155,369.06,12564026
1748871000,367.885,378.43,367.019,372.27,8102772
1748957400,379.4,391.0099,371.37,387.43,11351756
1749043800,385.8,386.12,375.66,378.1,8472192
1749130200,383.85,385.3799,364.3029,368.79,11957637
1749216600,377.4,380.6,369.71,374.47,9384245
1749475800,380.68,394.79,377.6,392.12,10924592
1749562200,393.24,394,383.6,391.18,7074796
1749648600,391.23,392.77,380.5,387.11,6812152
1749735000,378.4,391.22,373.9825,379.76,9423919
1749821400,375.225,383.56,370.62,382.87,9378928
1750080600,387.61,388.15,377.4,382.25,8105204
1750167000,375.255,378.48,367.0001,375.18,11218473
1750253400,371.43,374.9099,367.42,369.03,9200504
1750426200,372.75,376.1,365.11,369.7,12821792
1750685400,362.48,370.3,358.8,367.18,10614707
1750771800,373.68,384.3559,371,377.02,10174889
1750858200,384.83,389.49,379.31,388.67,10606562
1750944600,386.35,392.67,384.15,386.44,10202328
1751031000,385.225,397.99,383.41,383.88,18694416
1751290200,389.78,407.3901,384.25,404.23,13752875
1751376600,395.7,397.8746,372.91,373.3,17289648
1751463000,383.34,405.2986,379.88,402.28,17454404
1751549400,400.87,414.6,400.4,403.99,10013902
1751895000,402.635,405.64,395.2,395.67,8848175
1751981400,399.692,402.1999,393.21,396.94,7022739
1752067800,401.6,416.34,395.95,415.41,13065370
1752154200,412.565,422.3999,411.2,421.74,13208563
1752240600,430.54,438.84,423.5,434.58,18448533
1752499800,447.2,456.45,440.65,451.02,17952539
1752586200,445.22,456.66,441.0186,442.31,14315363
1752672600,448.31,457.22,445.56,455.9,10575446
1752759000,451.675,456,446.58,451.34,8901408
1752845400,451.72,454.33,422.22,423.22,19105360
1753104600,430.1,437,425.02,426.28,9984473
1753191000,428.845,433.94,413.6,426.4,10524157
1753277400,422.83,424,406.1001,412.67,12990043
1753363800,414.58,419.95,406.17,414.92,7407323
1753450200,405.67,410.95,402.2,405.89,8380224
1753709400,416.945,417.01,403.46,403.8,6996547
1753795800,405.96,407,390.4108,394.66,10580031
1753882200,396.78,404.39,392.59,395.04,7543791
1753968600,399.125,410.81,397.08,401.86,10467511
1754055000,390.405,392.64,365.7,366.63,21808902
1754314200,372.77,390.02,366.2001,389.24,12362382
1754400600,384.175,388.305,373.35,375.46,8467080
1754487000,374.75,384.42,373.001,383.41,7242638
1754573400,388.4,406.24,387.14,402.01,13051194
1754659800,397.6,409.65,389.03,395.13,11200116
1754919000,403.92,414.36,398.92,400.25,10394429
1755005400,400.5,401.67,390.14,394.39,8365108
1755091800,397.73,399.44,383.55,389.9,10884943
1755178200,380,381,365,372.94,16461651
1755264600,372.21,372.62,360.0322,366.32,13125281
1755523800,359.945,367.5658,358.01,363.6,9001954
1755610200,363.19,364.63,333.4,336.57,18254611
1755696600,339.38,345.5,325.56,344.37,13807212
1755783000,340,343.27,334.85,337.58,8398545
1755869400,335.2,359.53,332.61,358.13,17386939
1756128600,344.91,351.51,339.2109,343.2,10983426
1756215000,341.805,351.99,340.68,351.36,9144162
1756301400,348.68,351.77,341.84,342.06,8454295
1756387800,346.16,348.1699,336.65,338.84,8116129
1756474200,334.6,339.63,332.64,334.41,10162267
1756819800,334.93,348.6,331.57,341.62,11123010
1756906200,341.77,344.5,327.609,330.26,9180195
1756992600,330,332.56,317.7504,327.59,10529990
1757079000,334.81,337.2,320,335.87,14047603
1757338200,328.11,333.0967,321.5,329.9,9954514
1757424600,330.23,331.96,324.45,328.53,6587817
1757511000,332.8,340.01,321.956,326.45,9741359
1757597400,326.87,329.75,322.77,326.02,7506896
1757683800,329.15,336.1301,327.6,331.44,10809904
1757943000,329.4,331.33,320.45,327.79,9527674
1758029400,329.23,335.44,324.84,335.09,8651259
1758115800,335.66,340.11,323.205,329.71,9690985
1758202200,335.86,358.25,334.625,349.12,19697259
1758288600,347.45,352.92,337.07,344.75,17699698
1758547800,337.02,341.59,329,335.93,10053535
1758634200,337.06,339,327.77,327.78,9468789
1758720600,330.63,337.0599,323.14,323.31,9153097
1758807000,316.61,317,292.36,300.7,22086992
1758893400,301.3,310,297.71,309.06,11693362
1759152600,313.73,327.99,311,326.42,12652008
1759239000,320.835,324.4999,316.19,322.21,7798818
1759325400,332.47,343.73,331.2,338.41,13994829
1759411800,348.57,353.22,341.15,352.33,13666759
1759498200,350.865,358.54,344.4,351.63,12107918
1759757400,362.95,365.21,354.7,359.69,9550967
1759843800,358.88,359.44,328.16,328.4,19584106
1759930200,335.615,336.36,322.3,330.8,12996276
1760016600,327.4,328.99,318.22,320.29,11213175
1760103000,323.175,323.43,303.57,304.79,13643730
1760362200,306.67,315.95,300.59,315.47,11575024
1760448600,301,312.7099,297.34,300.67,11480498
1760535000,303.6,308.88,294.62,296.76,10625605
1760621400,299.9,301.58,282.19,283.84,13817949
1760707800,279.27,292.8,279,289.87,13110673
1760967000,297.21,306.16,294.4,296.61,9679688
1761053400,293.95,305.9899,291.52,301.91,7902814
1761139800,293.02,297.96,276.6,280.81,15129499
1761226200,285.47,289.07,278,284.92,9082117
1761312600,290.43,292.15,286.11,289.08,7881709
1761571800,299.5,299.8,293.0001,295.63,8135934
1761658200,295.14,297.2,284.25,284.64,7996793
1761744600,284.375,286.175,274,275.36,10184055
1761831000,269.985,271.365,254,254.57,15564196
1761917400,269.98,276.3199,263,269.51,14071785
1762180200,264.19,270.36,259.85,264.67,11074628
1762266600,255.16,258.21,245.86,246.99,15735129
1762353000,250.2,255.36,247.0201,255,9676192
1762439400,252.14,252.34,235.03,237.2,14468335
1762525800,222.66,243.7325,219.68,241.93,16976057
1762785000,249.68,249.96,234.6,238.88,9527228
1762871400,236.455,239.24,230.55,231.35,8340252
1762957800,233.9,234.84,219.8,224.61,10800418
1763044200,223.8,226,207.03,208.54,16474524
1763130600,200.58,208.84,194.56,199.75,23233803
1763389800,197.025,204.15,189.5315,195.42,19544953
1763476200,196.36,213.83,196,206.8,22049488
1763562600,202.36,203.95,181.73,186.5,28025372
1763649000,192.44,193.53,171.475,177.13,27684354
1763735400,172.74,181.19,166.31,170.5,29651281
1763994600,171.62,179.84,166.01,179.04,23282608
1764081000,173.71,176.76,166.7801,172.19,19112667
1764167400,173.69,180.63,169.7,175.64,20016529
1764340200,182.99,187.29,175.0501,177.18,15114321
1764599400,168.26,172.175,155.61,171.42,42940226
1764685800,177.75,188.37,176.89,181.33,31285555
1764772200,183.4,190.44,177.82,188.39,26686140
1764858600,186.02,191,182.35,186.01,16474436
1764945000,183.335,185.39,176.3,178.99,20750666
1765204200,182.1,185.59,178,183.69,16328140
1765290600,181.49,198.3999,179.92,188.99,24269606
1765377000,189.32,191.07,182.2,184.64,22458960
1765463400,179.79,183.5,171.41,183.3,19542363
1765549800,182.97,185.25,176.22,176.45,14532100
1765809000,176,176.5,160.54,162.08,25393373
1765895400,164.97,171.489,161.95,167.5,21181041
1765981800,167.745,171.1631,160.31,160.38,19144896
1766068200,167.81,169.51,157.43,158.24,17534711
1766154600,163.4,167.75,161.63,164.82,22062408
1766413800,168.82,170.67,163.69,164.32,19234491
1766500200,162.25,162.73,156.5,157.88,15891201
1766586600,157.2,159.28,155.1,158.71,7097556
1766759400,159.89,159.91,154.1219,158.81,12298168
1767018600,157.945,162.93,155.32,155.39,14073500
1767105000,155.82,159.38,154.1321,155.61,12740204
1767191400,156.24,156.8,151.42,151.95,15918113
1767364200,154.59,160.79,149.75,157.16,20185581
1767623400,163.415,167.7,160.96,164.72,22858977
1767709800,166.88,167.14,154.05,157.97,22627814
1767796200,163.445,170.16,158.45,161.83,28406918
1767882600,158.625,170.62,156.17,166.97,25159399
1767969000,166.75,167.2,155.46,157.33,27962568
1768228200,156.27,163.82,154.69,162.23,16181956
1768314600,164.45,173.76,159.93,172.99,27656216
1768401000,178.64,190.2,176.12,179.33,40256997
1768487400,179.125,179.25,170.09,170.91,21486492
1768573800,171.925,173.88,167.59,173.71,19462498
1768919400,165.17,165.72,158.85,160.23,25666720
1769005800,161.27,165.72,156.01,163.81,18440819
1769092200,163.725,164.64,159.44,160.98,11116020
1769178600,160.94,168.9638,158.72,163.11,14879278
1769437800,159.41,163.92,158.62,160.58,14516490
1769524200,160.305,161.67,156.98,161.58,13962174
1769610600,164.45,165.72,157,158.45,14082562
1769697000,155.95,156,139.3601,143.19,34618495
1769783400,139.995,151.15,139.9,149.71,22767966
1770042600,139.765,147.8751,138,139.63,27171514
1770129000,140.135,140.23,126.7401,133.26,26169018
1770215400,130.01,130.8199,121.188,129.09,25775590
1770301800,120.25,122,104.165,106.99,60129688
1770388200,114.95,135.67,114.68,134.93,57771017
1770647400,127.37,139.58,125.13,138.44,34291586
1770733800,133.66,139.16,132.6775,133,23002117
1770820200,133.685,133.91,123.915,126.07,25837795
1770906600,127.57,128.99,120.64,123,20960669
1770993000,126.995,135.25,125.76,133.88,24573898
1771338600,129.01,132.12,125.91,128.67,18881039
1771425000,127.625,132.25,123.615,125.2,17307658
1771511400,123.49,130.04,121.87,129.45,15457214
1771597800,130.51,136.14,129.41,131.05,17625403
1771857000,127.895,130.375,122.83,123.71,18858939
1771943400,121.71,126.7399,118.4,124.61,15352689
1772029800,130.045,137.86,128.94,135.65,24152057
1772116200,133.7,135.75,128.64,133.4,18110816
1772202600,128.945,131.12,127.8602,129.5,14027679
1772461800,129.135,140.14,128.94,137.65,25456105
1772548200,133.335,136.46,127.8,132.68,19405915