time,open,high,low,close,Volume
1235572200,4.25,4.25,4.25,4.25,2326
1235658600,4.9,5.3,4.9,5.3,2100
1235745000,4.35,4.95,4.35,4.95,3206
1236004200,4.2,4.2,4.2,4.2,697
1236177000,4.51,4.51,4.51,4.51,100
1236263400,4.2,4.2,4.2,4.2,2000
1236349800,4.26,4.69,4.2,4.48,6615
1236605400,4.02,4.15,4.02,4.15,1837
1236691800,4.15,4.15,4.15,4.15,1000
1236864600,4.25,4.25,4.2,4.25,800
1237210200,4.28,4.28,4.25,4.25,1687
1237296600,4.25,4.25,4.25,4.25,850
1237901400,4.24,4.25,4.24,4.25,1200
1238074200,4.8,4.8,4.8,4.8,300
1238160600,4.36,4.36,4.35,4.35,530
1238679000,4.5,4.5,4.5,4.5,500
1240320600,4.85,5,4.85,5,1100
1240579800,5,5,5,5,370
1241443800,5.07,5.07,5.07,5.07,100
1241530200,5.25,5.5,5.24,5.4999,5101
1241616600,5.26,5.26,5.1,5.1,1899
1241703000,5.2,5.2,5.2,5.2,999
1242048600,5.312,5.312,5.312,5.312,250
1242135000,5.65,6.34,5.65,6.34,1200
1242394200,5.68,5.68,5.68,5.68,193
1242653400,6,6,6,6,707
1242739800,6,6,6,6,159
1242826200,5.65,5.65,5.27,5.27,1100
1242912600,5.27,5.27,5.27,5.27,1300
1242999000,5.9999,5.9999,5.9999,5.9999,1000
1243344600,5.3,5.3,5.3,5.3,2000
1243431000,5.5,5.5,5.5,5.5,200
1243863000,6,6.48,6,6.48,1034
1244813400,6.2501,6.2501,6.2501,6.2501,100
1245331800,6.35,6.49,6.25,6.25,1570
1245418200,6.29,6.79,6.29,6.79,4070
1245936600,6.84,6.87,6.84,6.87,700
1246282200,5.51,5.51,5.5015,5.5015,800
1246541400,5.58,5.615,5.58,5.615,560
1248355800,6,6,6,6,500
1248787800,6,6,6,6,600
1249392600,5.71,5.71,5.71,5.71,100
1249997400,5.55,5.55,5.55,5.55,700
1250083800,6.8261,6.8261,6.8261,6.8261,100
1250256600,6,6,6,6,1800
1250515800,6.8,6.82,5.544,5.544,506
1250602200,5.55,5.555,5.55,5.555,250
1250861400,6.85,6.86,5.56,5.56,800
1251120600,5.6,6.8299,5.56,6.8299,500
1251811800,6.5,6.5,6.5,6.5,200
1251898200,5.9999,6.02,5.9999,6,4800
1251984600,5.594,6.0001,5.594,6.0001,1974
1252935000,6.33,6.33,6.33,6.33,100
1253107800,5.565,5.59,5.55,5.55,2800
1253626200,5.55,5.55,5.5,5.5,900
1253799000,5.7,5.7,5.7,5.7,300
1254144600,5.99,6.99,5.99,6.99,9742
1254231000,7.05,8.3499,7.05,7.8,40314
1254317400,7.5,8.965,7.25,7.98,50475
1254403800,7.21,7.21,6.1328,6.71,3647
1254749400,6.7,6.7,6.7,6.7,100
1254835800,6.96,7.26,6.96,7.26,3830
1255008600,6.8,6.8,6.8,6.8,100
1255095000,6.8,6.8,6.8,6.8,930
1255440600,6.42,6.43,6.41,6.41,566
1255613400,6.45,6.45,6.45,6.45,200
1255959000,6.44,6.44,6.38,6.44,3300
1256045400,6.6001,6.6001,6.6,6.6,495
1256218200,6.6,6.6,6.6,6.6,200
1256563800,7.125,7.125,7.125,7.125,100
1256650200,6.42,6.42,6.42,6.42,132
1256736600,6.6,6.6,6.31,6.31,500
1257345000,6.32,6.32,6.32,6.32,100
1257777000,6.88,7.44,6.42,7.44,7160
1257863400,6.84,8.35,6.84,8.29,94696
1257949800,7.65,7.67,6.31,6.345,3991
1258122600,7.15,7.1999,6.59,6.59,1214
1258381800,6.59,6.59,6.55,6.55,800
1258468200,6.4,6.9764,6.32,6.33,1963
1258554600,6.48,6.48,6.48,6.48,495
1258641000,6.46,6.46,6.46,6.46,500
1258727400,6.916,6.916,6.916,6.916,300
1258986600,6.95,6.95,6.95,6.95,200
1259073000,6.34,6.345,6.335,6.345,600
1259159400,6.39,6.52,6.33,6.52,1554
1259332200,6.6599,6.6599,6.6599,6.6599,1000
1259591400,6.325,6.354,6.3115,6.3115,400
1261405800,6.31,6.35,6.31,6.35,7000
1261492200,6.36,6.3601,6.3,6.36,5905
1262097000,6.35,6.35,6.35,6.35,400
1262269800,6.95,7.02,6.3,6.3,1369
1262788200,6.3001,6.31,6.3,6.3,700
1263306600,6.53,6.53,6.53,6.53,1000
1263565800,6.33,6.4,6.31,6.4,1620
1263911400,6.36,6.36,6.34,6.34,200
1263997800,6.33,6.33,6.33,6.33,250
1264429800,6.3201,6.33,6.32,6.33,1865
1264689000,6.35,6.35,6.35,6.35,100
1265034600,6.35,6.35,6.34,6.34,200
1265207400,6.8899,6.8899,6.8899,6.8899,100
1265293800,6.41,6.41,6.41,6.41,100
1265380200,6.45,6.45,6.31,6.31,1700
1265812200,6.3101,6.3101,6.3101,6.3101,110
1266417000,6.33,6.33,6.32,6.33,407
1266589800,6.4,6.4001,6.4,6.4001,300
1267108200,6.41,6.445,6.41,6.445,1900
1267453800,6.51,6.91,6.51,6.91,1846
1267799400,6.88,6.89,6.88,6.8899,400
1268145000,6.7999,7.16,6.7999,7.16,4000
1268404200,7.01,7.01,6.32,6.4,15900
1268659800,6.44,6.8,6.44,6.68,9213
1269005400,6.76,7.48,6.7,6.9,4585
1269264600,6.76,6.76,6.76,6.76,100
1269351000,6.72,6.73,6.6701,6.73,600
1270128600,6.93,6.94,6.93,6.94,600
1270474200,6.8489,6.95,6.8489,6.9499,1513
1270647000,6.9499,6.9499,6.82,6.82,477
1270733400,6.9358,6.9358,6.9358,6.9358,550
1270819800,6.82,6.95,6.77,6.9499,1309
1271079000,6.9399,6.9399,6.9399,6.9399,1000
1271165400,6.9399,6.94,6.9399,6.9399,1244
1271251800,6.94,6.94,6.94,6.94,400
1271683800,6.94,6.94,6.94,6.94,400
1271770200,6.94,6.94,6.94,6.94,100
1271856600,7.48,7.48,7.48,7.48,500
1272375000,7.63,7.63,7.5,7.5,400
1272461400,7.49,7.49,7.41,7.41,1993
1272547800,7.39,7.39,7.39,7.39,913
1272634200,6.51,7.39,6.51,7.39,2000
1273066200,6.51,7.39,6.51,7.38,2100
1273671000,7.08,7.08,7.06,7.06,200
1273757400,7,7,7,7,200
1273843800,6.7,7.1,6.55,7.1,5400
1274103000,7.1,7.1,7.1,7.1,100
1274189400,7.1,7.1,6.51,6.52,900
1274707800,6.81,6.81,6.81,6.81,150
1275399000,7.1,7.1,7.1,7.1,1500
1275571800,6.81,6.81,6.81,6.81,2000
1276003800,6.82,6.82,6.82,6.82,100
1276176600,6.9,7,6.9,6.9,1600
1276263000,6.9,7,6.9,6.9,1450
1276522200,7.05,7.05,7.05,7.05,100
1276695000,6.84,6.84,6.84,6.84,250
1277386200,6.83,6.845,6.81,6.845,1090
1277472600,6.81,6.81,6.81,6.81,900
1278077400,6.81,6.81,6.81,6.81,1490
1278595800,6.81,7,6.16,6.4,9545
1279027800,6.44,6.44,6.41,6.42,300
1279287000,6.41,6.41,6.41,6.41,1600
1279891800,6.48,6.548,6.45,6.45,2290
1280410200,7.16,7.25,7,7.01,8075
1280496600,6.85,7.3485,6.85,7.3,400
1280755800,7.35,7.35,6.85,7.08,2100
1280842200,6.77,7.2285,6.45,7.06,7537
1280928600,7,7,7,7,100
1281015000,7.3,7.32,7.3,7.32,1956
1281447000,6.79,6.79,6.79,6.79,200
1281965400,6.87,6.9,6.87,6.88,3916
1282656600,6.86,6.86,6.86,6.86,480
1282915800,6.85,6.88,6.85,6.88,2200
1284039000,6.91,6.91,6.91,6.91,150
1284557400,6.91,6.9236,6.91,6.9236,300
1284730200,7,7,7,7,100
1285075800,7,7,7,7,175
1285162200,7.24,7.24,7.24,7.24,142
1285594200,7.02,7.02,7.02,7.02,1000
1285767000,7.02,7.02,7.02,7.02,2000
1286544600,7.04,7.04,6.91,6.9101,2475
1286890200,7.2299,7.2299,7.2299,7.2299,300
1287408600,7,7,7,7,1000
1288013400,7.08,7.1,7.08,7.1,1200
1288099800,7.22,7.6,7.22,7.6,6598
1288186200,7.25,7.3499,7.25,7.3499,2464
1288272600,7.5499,8.5,7.22,7.22,10186
1288359000,7.31,7.36,7.26,7.26,600
1288618200,7.37,7.37,7.25,7.3,600
1288704600,7.26,7.97,7.26,7.84,1000
1288877400,7.31,7.599,7.31,7.599,600
1288963800,7.4,7.6,7.4,7.6,1096
1289399400,7.4,7.41,7.31,7.41,775
1289485800,7.38,7.53,7.38,7.53,400
1290004200,8.22,8.22,7.5,7.575,1100
1290177000,8.17,8.25,7.86,7.95,2575
1290609000,8,8,8,8,250
1291041000,8,8,8,8,706
1291386600,7.928,7.928,7.928,7.928,300
1291645800,7.5201,7.5201,7.5201,7.5201,1000
1291818600,7.56,7.56,7.51,7.51,1700
1291991400,7.5,7.518,7.26,7.33,6150
1293114600,7.36,7.36,7.25,7.25,2180
1293460200,7.25,7.29,7.25,7.29,500
1293719400,7.25,7.25,7.25,7.25,225
1294065000,7.49,7.49,7.49,7.49,100
1294237800,7.58,7.58,7.58,7.58,400
1294324200,7.28,7.8699,7,7.42,9465
1294669800,7.26,7.51,7.26,7.42,1900
1294756200,7.26,7.325,7.26,7.325,1820
1294929000,7.42,7.5,7.42,7.5,800
1295015400,7.15,7.3,7.13,7.28,1900
1295879400,7.5,7.5,7.5,7.5,300
1296138600,7.5,7.5,7.5,7.5,1200
1296225000,7.48,7.4999,7.091,7.091,1000
1297089000,7.11,7.32,6.88,7.32,2600
1297175400,7.3999,7.3999,7.3999,7.3999,100
1297261800,7.35,7.35,7.35,7.35,200
1297434600,7.02,7.3499,6.8,6.9001,2127
1297693800,6.8801,7.3,6.88,7.29,2683
1297780200,7.5,7.7,7.3,7.5,4059
1297866600,7.51,7.51,7.5,7.5,300
1297953000,7.85,8.01,7.8299,7.9999,40937
1298039400,8,8.02,7.97,8,10900
1298385000,8,8,8,8,2300
1298471400,8,8,8,8,100
1298644200,8.19,8.47,8.19,8.47,550
1298903400,8.47,8.94,8.47,8.75,550
1298989800,8.67,8.91,8.29,8.61,2295
1299076200,8.55,8.56,8.23,8.44,2050
1299162600,8.55,8.55,8.18,8.42,800
1299249000,8.36,8.36,8.13,8.27,1200
1299681000,8.42,8.599,8.42,8.599,1640
1299853800,8.5999,8.6,8.5999,8.6,1000
1300109400,8.3,8.3,8.3,8.3,105
1300195800,8.44,8.44,8.2501,8.2501,620
1300368600,8.21,8.21,8.15,8.15,1100
1300455000,8.56,8.72,8.56,8.72,617
1300714200,8.75,8.75,8.7,8.7,200
1300800600,8.94,8.94,8.2601,8.2601,350
1301319000,8.94,8.94,8.94,8.94,116
1301405400,8.14,8.51,8.14,8.51,200
1301578200,8.5,8.51,8.5,8.51,700
1301923800,8.62,8.62,8.6012,8.6012,439
1302010200,8.39,8.39,8.39,8.39,100
1302096600,8.47,8.75,8.42,8.42,3500
1302183000,8.37,8.75,8.37,8.75,829
1302269400,8.42,8.45,8.42,8.45,200
1302528600,8.48,8.49,8.47,8.47,300
1302615000,8.5,8.5,8.4,8.4,300
1302701400,8.4001,8.43,8.26,8.26,1750
1302787800,8.25,8.25,8.25,8.25,100
1302874200,8.28,8.33,8.23,8.25,2236
1303133400,8.23,8.23,8.23,8.23,715
1303738200,8.27,8.28,8.01,8.11,4449
1303824600,8.2,8.25,8.1,8.25,1000
1303997400,8.1,8.25,6.58,7.53,12892
1304083800,7.58,7.93,7.56,7.78,950
1304429400,7.73,7.85,7.7,7.85,1400
1304602200,7.8,8.03,7.75,7.75,902
1305120600,7.75,8,7.75,8,1258
1305552600,8.47,8.47,8.376,8.376,250
1305898200,8.37,8.37,8.37,8.37,100
1306157400,8.34,8.34,8.28,8.28,200
1306935000,8.25,8.39,8.25,8.39,1450
1307107800,8.36,8.36,8.36,8.36,100
1307367000,8.1,8.13,8.1,8.1,1800
1307971800,8.12,8.12,8.1,8.1,200
1308317400,8.01,8.1,8.01,8.1,1129
1308663000,8,8,8,8,380
1308749400,7.79,7.87,7.65,7.65,6390
1308835800,7.75,7.8,7.61,7.61,3320
1309181400,8.11,8.11,7.6,7.6,6507
1309267800,7.69,7.93,7.69,7.72,4090
1309354200,7.6,7.81,7.5,7.58,5200
1309440600,7.5,7.6,7.26,7.46,3480
1309527000,7.75,7.75,7.5,7.66,3486
1309872600,7.49,7.9,7.49,7.7,4700
1309959000,7.86,7.9,7.5,7.89,2600
1310045400,7.8,8.39,7.61,8.3899,1300
1310131800,8.05,8.22,7.78,7.78,4258
1310391000,8.17,8.36,7.89,7.89,1000
1310477400,7.9,7.9,7.9,7.9,100
1310650200,7.87,7.9,7.64,7.64,767
1310736600,7.55,7.7,7.52,7.64,1676
1310995800,7.53,7.53,7.52,7.52,200
1311082200,7.59,7.59,7.52,7.55,2600
1311168600,7.73,7.73,7.3,7.37,5070
1311255000,7.36,7.36,7.36,7.36,100
1311341400,7.37,7.7029,7.37,7.5,5473
1311600600,7.51,7.51,7.51,7.51,100
1311773400,7.52,7.52,7.44,7.44,700
1312205400,7.38,7.38,7.38,7.38,100
1312291800,7.34,7.5,7.25,7.4,2000
1312810200,7.26,7.26,7.26,7.26,400
1312983000,7.4,7.4,7.4,7.4,200
1313069400,7.4,7.4,7.4,7.4,100
1313155800,7.4,7.7699,7.4,7.7699,600
1313587800,7.42,7.42,7.25,7.25,2296
1313674200,7.26,7.29,7.25,7.29,1100
1313760600,7.25,7.25,7.25,7.25,110
1314365400,7.33,7.33,7.3,7.3,780
1315402200,7.68,7.75,7.68,7.7499,2771
1315488600,7.81,7.9,7.33,7.339,3700
1315920600,7.97,8.1,7.97,8.1,5900
1316007000,8.0999,8.1,7.95,7.99,2500
1316179800,8.37,8.37,8.37,8.37,200
1316439000,8.37,8.5,8.37,8.5,1000
1316611800,8.4,8.4,8.4,8.4,483
1316698200,7.83,8,7.76,8,650
1317043800,7.84,8.5,7.84,8.39,885
1317130200,8.25,8.2501,8,8.2501,2350
1317216600,8.25,8.31,8.25,8.31,3417
1317648600,7.87,7.87,7.87,7.87,100
1317735000,8.15,8.15,8.15,8.15,100
1318858200,8.01,8.15,8.01,8.15,800
1319117400,8.03,8.05,8.03,8.05,400
1319203800,8.03,8.084,8.03,8.084,209
1319463000,8,8,8,8,100
1319722200,8.05,8.1,8.05,8.1,1100
1320067800,8.05,8.06,8.05,8.05,600
1320240600,8.2,8.2,8.05,8.05,500
1320676200,8.07,8.07,8.07,8.07,176
1320849000,8.05,10.8,8.05,8.77,3532
1320935400,8.82,8.82,8.5,8.52,1200
1321281000,8.05,8.05,8.05,8.05,2080
1321367400,8,8.0001,7.76,7.77,2799
1321626600,8.24,8.24,7.83,7.86,16460
1321885800,7.84,8,7.84,8,1277
1321972200,7.765,7.86,7.75,7.82,2500
1322058600,7.75,7.75,7.325,7.325,1669
1322577000,7.96,7.96,7.6,7.6,237
1322663400,7.61,7.61,7.3,7.5,537
1323354600,7.5,7.5,7.5,7.5,100
1323700200,7.53,7.63,7.5,7.63,980
1324045800,7.54,7.54,7.5,7.5,600
1324305000,7.5,7.5,7.5,7.5,200
1324391400,8.33,8.33,7.64,7.64,200
1324477800,8.1,8.1,7.85,7.85,200
1324650600,8,8,7.95,7.95,409
1324996200,8,8,7.97,7.97,200
1325082600,7.5,7.81,7.5,7.5,2900
1325169000,7.8,8,7.3,7.3,3200
1325255400,7.57,7.57,7.57,7.57,100
1325601000,7.59,7.83,7.51,7.57,1800
1325687400,7.51,7.54,7.509,7.509,8858
1325773800,7.51,7.75,7.51,7.56,1000
1325860200,7.33,7.421,7.3,7.3,7276
1326292200,7.5,8,7.49,7.7,3900
1326378600,8.15,8.15,7.41,7.44,2900
1326897000,7.66,7.88,7.65,7.88,1800
1326983400,8.16,8.16,7.65,7.65,2000
1327069800,7.76,7.76,7.25,7.41,3600
1327415400,7.31,7.36,7.31,7.36,3988
1327588200,7.3,7.3,7.03,7.03,1000
1327933800,7.05,7.05,7.05,7.05,100
1328106600,7.05,7.14,7.05,7.13,665
1328193000,7.05,7.17,6.95,7.17,1615
1328279400,7.1599,7.1599,7.1599,7.1599,600
1328538600,7.2599,7.26,7.2599,7.26,800
1328625000,7.53,7.572,7.5,7.572,807
1328711400,8.5,8.5,7.9,8.19,3000
1328797800,8.34,8.78,8.34,8.78,1200
1328884200,8.47,8.63,8.47,8.63,218
1329143400,8.6,8.9,8.58,8.9,1650
1329229800,8.95,8.95,8.59,8.94,1733
1329316200,7.9,7.9,7.3301,7.3301,700
1329402600,7.59,8.19,7.59,8.19,800
1329489000,8.9,8.9,8.75,8.9,3610
1329834600,8.74,8.74,8.74,8.74,350
1329921000,8.74,8.74,8.67,8.67,400
1330007400,8.75,8.75,8.75,8.75,200
1330093800,8.96,9.05,8.96,9.05,1117
1330525800,7.82,7.82,7.67,7.67,200
1330612200,7.76,7.89,7.76,7.89,300
1331818200,7.76,7.76,7.76,7.76,218
1332250200,7.3068,7.35,7.3068,7.35,400
1332509400,8.65,8.67,8.65,8.67,500
1332768600,9,9,9,9,200
1332855000,8.51,8.51,8.51,8.51,2000
1333114200,8.53,9.1,8.53,9.1,4148
1333459800,9.2,9.25,9.2,9.25,600
1333632600,8.76,8.8,8.75,8.8,700
1333978200,9.25,9.25,8.5001,8.56,700
1334151000,8.5,8.6,8.5,8.6,1751
1334237400,8.01,8.4899,8.01,8.48,4285
1334583000,8.5,8.74,8.5,8.74,1305
1334842200,8.5501,9.35,8.5501,9.35,2592
1334928600,9.36,9.4,8.5001,8.58,1000
1335274200,8,8.5008,8,8.5008,2417
1335360600,8.5,8.5001,7.32,7.54,3450
1335533400,8,8.25,8,8.25,1000
1335792600,8.25,8.2501,8.25,8.2501,350
1335879000,8.25,8.25,8.25,8.25,250
1335965400,8.25,8.55,8.25,8.55,300
1336138200,8.63,8.63,8.3,8.34,1400
1336397400,8.2501,8.2501,8.2501,8.2501,179
1336483800,8.25,8.25,8.25,8.25,100
1336570200,8.25,8.25,8.25,8.25,300
1336656600,8.48,8.5,8.48,8.5,887
1336743000,8.49,8.5,8.25,8.5,2092
1337002200,8.47,8.47,8.47,8.47,100
1337261400,8.27,8.27,8.25,8.25,404
1337693400,7.7501,7.7501,7.75,7.75,500
1337866200,7.91,7.91,7.91,7.91,185
1338298200,8,8,8,8,400
1338384600,7.97,7.97,7.97,7.97,100
1338471000,7.7501,7.7501,7.7501,7.7501,100
1338557400,7.75,7.75,7.75,7.75,300
1338903000,7.75,7.75,7.75,7.75,200
1339162200,7.75,7.75,7.75,7.75,300
1340026200,7.75,7.75,7.75,7.75,200
1340199000,7.75,7.75,7.75,7.75,450
1340717400,7.75,7.75,7.61,7.61,4071
1340976600,7.62,7.62,7.62,7.62,100
1341235800,8,8.25,8,8.25,2650
1341322200,7.79,8.06,7.79,7.91,800
1341495000,7.79,7.8,7.79,7.8,200
1341927000,7.7692,7.8,7.7692,7.8,700
1342099800,7.97,8,7.97,8,500
1342186200,8,8.5,8,8.48,2900
1342531800,8.5,8.5,8.5,8.5,448
1342704600,8.75,9.45,8.5001,9.45,1300
1343050200,9.3,9.3,9.3,9.3,150
1343223000,9.3,9.3,9.2,9.2,500
1343655000,8,8.54,8,8.54,200
1344519000,8.0001,8.0001,8.0001,8.0001,300
1344605400,8.17,8.6,8.17,8.5999,1500
1345123800,8.72,8.72,8.72,8.72,100
1345210200,8.03,8.45,8.03,8.15,305
1345555800,8.2,8.55,8.2,8.4,1200
1346333400,8.01,8.01,8.01,8.01,500
1346419800,7.98,7.98,7.7,7.7,2575
1346851800,7.71,7.71,7.71,7.71,100
1347629400,7.75,7.75,7.75,7.75,1000
1347975000,7.9999,8,7.98,8,1154
1348234200,7.97,8,7.97,8,258
1349271000,7.82,7.82,7.82,7.82,200
1349875800,7.85,7.85,7.7636,7.7636,200
1349962200,7.7501,7.7501,7.7501,7.7501,309
1350394200,7.95,7.95,7.95,7.95,300
1350480600,7.97,7.97,7.96,7.96,1000
1350653400,8.06,8.06,8.06,8.06,340
1351776600,8.035,8.05,8.03,8.03,600
1351863000,7.97,7.97,7.97,7.97,900
1352212200,7.78,7.78,7.75,7.75,1000
1352471400,7.8442,8.34,7.8,8.34,1200
1352817000,7.86,8.17,7.86,8.17,600
1352903400,7.86,7.86,7.8,7.8,1100
1353076200,7.8,7.83,7.8,7.83,200
1353335400,7.8,7.8008,7.8,7.8008,782
1353421800,8.1,8.43,7.96,8.4,3061
1353508200,8.01,8.08,8,8.05,1400
1353681000,8,8,7.8,7.8,1700
1353940200,7.82,8.06,7.81,8.06,400
1354113000,8.1,8.1,8.1,8.1,100
1354285800,8,8,8,8,500
1354631400,8.24,8.41,8.2,8.41,600
1354717800,8.2,8.2,7.83,7.83,900
1354804200,8,8,8,8,300
1355236200,8.05,8.5854,8.05,8.58,1682
1355322600,8.58,9.01,8.58,8.85,7207
1355409000,8.99,9.39,8.9885,9.3899,6765
1355495400,9.42,9.4499,8.86,9.05,10164
1355754600,9.05,9.33,9.05,9.1001,3388
1355841000,8.19,9,8,9,9528
1355927400,8.56,8.75,8.43,8.75,1140
1356013800,8.7499,8.7499,8.5,8.5,545
1356359400,8.4,8.49,8.3,8.3,955
1356532200,8.27,8.3,8.27,8.3,1200
1356618600,7.99,7.99,7.58,7.99,1535
1356964200,7.93,8.05,7.93,8.05,1400
1357137000,8.11,8.7,8.0014,8.3,1000
1357223400,8.0001,9,8,8.82,5098
1357309800,8.69,8.69,8.69,8.69,300
1357569000,8.61,8.61,8.61,8.61,335
1357655400,8.42,8.42,8.05,8.34,2323
1357741800,8.41,8.41,8.3,8.3,1366
1357828200,8.19,8.7499,8.01,8.38,5018
1357914600,8.5,8.5,8.5,8.5,434
1358173800,8.4,8.4,8.1,8.4,2194
1358260200,8.1,8.2,8.1,8.1,3525
1358346600,8.07,8.1,8,8.1,636
1358433000,8.25,8.25,8.25,8.25,200
1358865000,8.2,8.3,8.12,8.12,6121
1359037800,8.23,8.23,8.2,8.2,800
1359124200,8.05,8.05,8.0001,8.0001,309
1359469800,8.05,8.05,7.95,7.9501,9112
1359642600,7.98,7.98,7.98,7.98,100
1360333800,8.05,8.05,7.95,7.95,480
1360593000,7.9101,7.92,7.9101,7.92,500
1360765800,7.92,8.75,7.85,7.94,26419
1361284200,8,8,8,8,400
1361370600,8.46,10.29,8.46,9.34,42981
1361457000,9,9.4,9,9.32,11053
1361543400,9.3,9.4,9.01,9.1399,4636
1361802600,9.11,9.65,9.11,9.2,6685
1361889000,8.95,9.83,8.95,9.83,11152
1361975400,9.99,11,9.3,9.95,34385
1362061800,9.59,9.81,9.53,9.77,1239
1362148200,9.53,9.53,9.05,9.26,5951
1362493800,9.26,9.91,9,9.91,12216
1362580200,9.24,9.24,9.24,9.24,670
1362666600,9.73,9.99,9.5,9.97,3202
1362753000,9.9,12.55,9.9,11.445,18923
1363008600,11.65,12.99,11.551,12.94,36350
1363095000,13.12,16.87,12.51,12.99,29545
1363181400,13.52,13.83,12.01,13.38,16643
1363267800,13.89,14,12.21,12.7899,23386
1363354200,12.9899,14.69,12.8,13.3,13939
1363613400,14.486,14.95,13.3,13.74,18568
1363699800,14.5,14.5,12.56,12.63,25183
1363786200,12.78,13.5,12.78,13.322,2956
1363872600,12.5601,12.98,12.54,12.54,2618
1363959000,11.01,12.99,11.01,12.5,6266
1364218200,12.39,12.39,12.3201,12.3201,600
1364304600,12.25,12.66,12.25,12.66,2480
1364391000,12.35,12.534,12.35,12.35,3508
1364477400,12.35,12.35,12.35,12.35,200
1364823000,12.34,12.6001,12.25,12.6001,1050
1364909400,12,12.01,12,12,750
1364995800,12.23,12.24,12,12,1925
1365082200,12,12.01,12,12.01,662
1365168600,12.05,12.05,12.05,12.05,300
1365427800,12,12.18,12,12.18,780
1365514200,12.1725,12.31,12.15,12.31,996
1365600600,12.66,12.7,12.59,12.59,3357
1365687000,12.69,13.01,12.6899,13.01,2472
1365773400,13.15,13.15,12.51,12.51,300
1366032600,12.54,12.78,12.51,12.78,1400
1366119000,12.76,12.77,12.63,12.75,1200
1366205400,13.03,13.52,13.03,13.26,700
1366291800,13.46,13.93,13.25,13.79,1325
1366378200,13.99,14.2,12.97,13.086,1330
1366637400,12.8,12.8,12.8,12.8,100
1366723800,12.75,12.75,12.47,12.5,1960
1366810200,12.6,13.02,12.15,12.56,4500
1366983000,13.46,13.69,12.98,13.294,5246
1367242200,13.4,14.7499,13.4,13.58,20066
1367328600,14.0001,14.52,14,14.52,3184
1367415000,14.69,15,14.69,14.91,5500
1367501400,14.45,15.07,14.45,15.07,1400
1367587800,14.75,15.13,14.75,14.79,950
1367847000,14.89,15.15,14.8,14.8,8290
1367933400,14.63,14.63,14.5,14.51,1400
1368019800,14.76,15.35,14.75,15.35,6961
1368106200,15.29,15.5,15,15,1551
1368192600,15.23,15.91,15.2,15.8,5100
1368451800,15.85,15.85,15.3101,15.3101,2500
1368538200,15.3,15.75,15.3,15.7246,2550
1368624600,16.25,18.39,16.10201,17.99001,3994
1368711000,18,18,16.39999,16.4101,822
1368797400,16.5701,17,15.6,15.89,1963
1369056600,16.11011,16.41,16.11011,16.252,2761
1369143000,16.211,16.308,16.11099,16.308,992
1369229400,16.1201,16.1301,16.12,16.1301,400
1369315800,16.12,16.12,16.12,16.12,200
1369402200,15.92,15.92,15.92,15.92,300
1369747800,15.48,15.54,15.48,15.54,1000
1369920600,15.41,15.54,15.36,15.39,1350
1370007000,15.5,15.5,15.35,15.35,1441
1370266200,15.38,15.51,15.35,15.35,1800
1370352600,15.45,15.45,15.35,15.35,1300
1370439000,15.2,15.98,15.2,15.88,2960
1370525400,15.44,15.6,15.4,15.6,2385
1370957400,14.85,15.05,14.85,15.05,2600
1371043800,14.967,14.967,14.8,14.8,3958
1371216600,14.8,15.006,14.8,15.006,585
1371562200,15.013,15.85,15.013,15.74,3170
1371648600,15.88,16,15.88,15.9999,1700
1371735000,15.89,16,14.776,16,900
1371821400,15.26,15.87,14.9201,15.8,600
1372080600,15.75,15.75,15.75,15.75,100
1372167000,16.09,16.12,16.09,16.12,650
1372253400,15.95,16,15.95,16,600
1372339800,16.12,16.25,16.12,16.25,957
1372685400,16.62,17.17999,16.5,17.17999,2067
1372771800,17.0999,17.0999,16.5,16.5,500
1373031000,16.53999,17,16.53999,17,599
1373290200,17,17,17,17,300
1373376600,16.7,16.72501,16.7,16.72501,218
1373463000,16.75,16.75,16.75,16.75,100
1373635800,16.75,16.75,16.75,16.75,300
1373895000,16.75,16.99001,16.75,16.99001,600
1373981400,16.99989,16.99989,16.99989,16.99989,120
1374067800,17.06,17.06,17.06,17.06,200
1374154200,16.53999,16.53999,16.06,16.06,400
1374499800,16.16,17,16.10001,16.36,2559
1374759000,16.5,16.5,16.5,16.5,400
1375104600,16.24899,16.73,16.24001,16.73,500
1375191000,16.8,17.75,16.8,17.75,200
1375277400,17.75999,17.75999,17.75,17.75,400
1375363800,17.24989,17.25,16.50011,16.73,5322
1375709400,16.7299,16.73,16.257,16.257,1741
1375795800,16.60001,16.73,16.60001,16.73,884
1375882200,16.758,16.758,16.55,16.7,650
1375968600,17.46001,18.10001,17.46001,18.10001,2800
1376055000,17.99989,18,17.99989,18,600
1376314200,18.39999,18.98399,18.39999,18.98399,750
1376400600,18.036,18.036,18.036,18.036,100
1376573400,18.05,18.05099,18.05,18.05099,499
1377091800,17.8,17.8,17.8,17.8,100
1377178200,18.24989,18.25,18.22,18.25,1140
1377523800,17.30769,17.30769,17.30769,17.30769,100
1377696600,17.78999,19,17.78999,18.5,4034
1377783000,18.5,18.5,18.49989,18.49989,800
1378215000,17.75,17.75,17.75,17.75,200
1378301400,17.50999,18.495,17.11,17.11,2790
1378387800,17.67,18,17.4975,17.99989,3184
1378474200,18.28,18.28,18.28,18.28,100
1378906200,18,18,18,18,890
1378992600,18.49001,18.5,18.2,18.2,790
1379338200,18.19991,18.19991,18.19901,18.19901,284
1379424600,18.19991,18.19991,18.19991,18.19991,200
1380029400,18.2,18.5,18.2,18.5,3240
1380547800,18.74001,18.74001,18.74001,18.74001,600
1380634200,19.22,19.22,18.60001,19,2145
1380720600,18.1001,18.1001,18.1001,18.1001,165
1380807000,18.33,18.99989,18.33,18.99989,441
1380893400,19,19,19,19,590
1381152600,19.3,19.3,19.2,19.201,812
1381239000,19.27,19.48,19.27,19.45,750
1381325400,19.45,19.45,19.45,19.45,443
1381411800,19.25,19.25,17.87,18.28,7780
1381498200,18.16,18.5,17.85001,17.86,7313
1381757400,18,18.99899,17.84,18.58,4905
1381843800,18.67,18.67,18.2601,18.2701,551
1381930200,18.50101,18.59,18.50101,18.59,200
1382535000,19.13499,19.13499,19.13499,19.13499,250
1382621400,19.14999,19.14999,19.14,19.14,200
1382707800,18.55,18.66,18.5,18.5,1775
1382967000,18.64,18.65,18.64,18.65,1100
1383053400,18.55,19,18.55,18.8,1555
1383575400,19.0999,19.0999,19.0999,19.0999,602
1383661800,18.5101,18.5101,18.5101,18.5101,200
1383834600,18.5,18.52,18.5,18.5,400
1383921000,18.39,18.6,18.39,18.51,464
1384180200,17.58,17.97,15.5,17.97,6497
1384266600,18,18,18,18,358
1384353000,16.19,17,16.1,17,600
1384439400,16.25,16.25,16.2,16.2,300
1384525800,16.57,16.57,15,15.801,3063
1384785000,15.271,15.71,15.271,15.5,2200
1384871400,15.94,15.94,15.35,15.35,2045
1384957800,15.38,16,15.38,15.4,910
1385044200,15.68,15.68,15.58,15.58,302
1385130600,15.1,15.1,15,15,400
1385389800,15,15,15,15,199
1385476200,14.891,14.891,14.891,14.891,100
1385562600,14.9,15.1,14.9,15.1,500
1385994600,14.66,14.86,14.66,14.85,6165
1386081000,14.64,14.64,14.25,14.25,850
1386167400,14.43,14.75,14.43,14.69,4267
1386253800,14.7,14.73,14.7,14.7001,1790
1386340200,14.71,14.807,14.45,14.79,7355
1386599400,14.53,15.45,14.5,15.45,1273
1386685800,15.5,15.5,15,15.0001,3488
1386858600,14.2501,14.53,14.2501,14.5,2537
1386945000,14.77,14.8,14.77,14.8,400
1387204200,14.7,15.75,14.55,15.75,4391
1387377000,14.5,14.5,14.5,14.5,416
1387463400,14.69,14.75,14.59,14.75,403
1387809000,14.5,14.5,14.5,14.5,859
1387895400,14.5,14.5,14.5,14.5,260
1388154600,14.5,14.5,14.5,14.5,349
1388413800,14.75,14.75,14.75,14.75,222
1389018600,14.47,14.5,14.47,14.5,442
1389277800,14.5,14.5,14.5,14.5,185
1389623400,14.53,14.64,14.53,14.64,225
1389709800,14.64,15,14.64,14.81,2274
1389969000,15.1999,15.2,14.85,14.8938,1303
1390314600,14.5,14.758,14.5,14.758,1023
1390487400,13.5,13.504,13.5,13.504,298
1390573800,14.14,15.17,14.14,15.17,270
1390833000,15.17,15.5065,15.17,15.5065,1615
1390919400,15.53,15.53,15.53,15.53,100
1391005800,16,16,15.2215,15.26,2400
1391178600,15.9999,15.9999,15.9999,15.9999,114
1391437800,15.22,15.22,15.2,15.2,833
1391783400,15.1981,15.1981,15.1981,15.1981,501
1392042600,15.49,15.5,15.49,15.5,220
1392129000,15.48,16,15.4783,15.94,1701
1392215400,15.99,16,15.99,16,703
1392301800,15.19,15.97,15.19,15.97,409
1392733800,15.92,15.97,15.92,15.97,300
1392820200,15.97,15.97,15.97,15.97,100
1392906600,16,16,16,16,100
1392993000,17.1,25,17.1,24.255,27874
1393252200,24.25,25.9899,22.23,25.499,11915
1393338600,25.33,25.5,24.21,24.999,5859
1393425000,24.66,24.7496,21.56,22.56,3391
1393511400,22.5,24.049,21.55,22.9999,2989
1393597800,23.9999,24,22.28,23.84,2143
1393857000,23.88,23.999,23.88,23.9899,330
1393943400,22.25,23.99,22.25,23.7396,1850
1394029800,23.9,25.9796,23.9,25.9546,12513
1394116200,27.5,31.02,27.5,30.68,29993
1394202600,30.25,30.25,28.68,28.6955,9783
1394458200,28.62,30.25,28.102,29.37,5010
1394544600,28.999,28.999,25.1,26.7499,8843
1394631000,26.5,27.7499,25.2201,25.9892,3650
1394717400,25.7,25.9399,24.5825,24.5999,5045
1394803800,24.18,27.865,24.11,24.11,1260
1395063000,25.49,27.2361,25.49,25.9999,713
1395149400,25.5,25.5,25,25.4999,1384
1395235800,25.499,25.5,24.5,25.4725,1595
1395322200,24.41,25.45,24.41,25.45,402
1395408600,25.44,25.4896,24.1201,24.7899,2248
1395667800,25.4999,25.4999,24.9999,24.9999,200
1395754200,25.4999,25.4999,25.22,25.22,200
1395840600,25.46,25.9999,24.7604,25.2499,1054
1395927000,26.98,26.98,25.22,25.2499,1098
1396013400,25.9796,25.9796,24.11,25.3996,975
1396272600,24.9996,24.9996,24.9996,24.9996,160
1396359000,24.11,25.2296,24.11,25.2296,604
1396445400,24.989,24.989,24.989,24.989,514
1396531800,24.33,24.999,24.11,24.85,605
1396618200,24.95,24.99,24.11,24.33,1100
1396877400,24.99,24.99,23.99,24.98,515
1396963800,24.04,24.7499,24.04,24.749,485
1397050200,24.6996,25,23.999,25,2665
1397136600,25,25,24.501,24.999,715
1397223000,24.9999,24.9999,24.95,24.95,239
1397482200,24.4999,24.9,24.49,24.9,1300
1397568600,24.8999,24.9,24.251,24.8714,2127
1397655000,24.89,24.89,24.82,24.85,400
1397741400,24.2501,25.9999,24.2501,25.5799,5799
1398087000,25.4,26.5,25.3899,26.41,6354
1398173400,26.38,26.77,26.38,26.7699,960
1398259800,26.09,28.25,26.09,28.25,9207
1398346200,28.25,29,24.5,25.304,21164
1398432600,25.5,25.5,24.5,25.4,2576
1398691800,24.5001,25.2,24.5001,25.19,8567
1398778200,25.249,26.5,25.22,26.07,18754
1398864600,26.75,28.2435,26.75,28.1,18718
1398951000,28.01,28.8899,28,28.149,10888
1399037400,28.26,28.9755,28.0001,28.5,4161
1399296600,28.38,28.38,27.8,27.95,8563
1399383000,28.9999,28.9999,28.0201,28.48,1660
1399469400,28.53,29,28.0201,28.5,5945
1399555800,28.52,28.52,27,28.3799,6107
1399642200,28.07,28.9996,25.79,27.8,7592
1399901400,27.51,28,26.411,27.5699,6366
1399987800,27.55,27.9925,26.9,27.1199,4892
1400074200,27.44,27.9896,26.5101,26.86,9393
1400160600,27.1,27.99,26.75,26.9899,950
1400247000,26.97,26.9999,25.9004,26.82,6919
1400506200,26.69,26.99,25.4279,26.2,6665
1400592600,25.94,26.9899,22.41,25.73,11285
1400679000,25.75,26.9801,25.02,25.024,3409
1400765400,25.88,25.88,24.02,24.68,6491
1400851800,26.9899,26.9899,25.54,26.47,1150
1401197400,25.52,27,25.45,25.81,8284
1401283800,26.44,26.999,26,26.3,4254
1401370200,26.41,27,26.03,26.03,2969
1401456600,26.12,26.7499,26.01,26.01,6333
1401715800,26,26.25,26,26.055,2788
1401802200,25.91,26.25,21.75,26,3998
1401888600,25.97,25.97,24.99,25.15,3900
1401975000,25.25,25.25,24.75,24.9999,3350
1402061400,25.4897,25.4897,24.5001,24.555,1899
1402320600,24.33,24.75,19.9,23.64,3434
1402407000,23.9599,23.9599,23.01,23.858,2542
1402493400,23.173,23.7899,23.17,23.7899,800
1402579800,23.739,23.739,23.739,23.739,154
1402666200,23.5399,23.7299,21.5,22.5,10129
1402925400,23.13,23.73,22.9999,23.689,956
1403011800,23.72,23.72,22.5101,23.569,2232
1403098200,22.5001,23.6699,22.5001,23.4315,624
1403184600,23.48,23.66,23.48,23.6452,356
1403271000,23.5,23.5,23.23,23.23,456
1403530200,23.5,23.5,23.16,23.26,1272
1403616600,23.48,24.489,23.375,23.75,5730
1403703000,24.419,24.419,24.419,24.419,716
1403789400,24.0999,24.0999,24.0999,24.0999,200
1403875800,24.1,24.1,24.0633,24.0633,283
1404135000,24,27.199,24,25.17,27965
1404221400,25.26,27.1999,25.01,26.1499,19943
1404307800,25.6,26.729,25.001,26.4295,4349
1404394200,26.6703,26.6703,26.6703,26.6703,100
1404739800,25.54,25.54,23.25,24.8999,3948
1404826200,26.6799,26.6799,22.35,23.54,8115
1404912600,24.0797,26.75,24.0101,26.2999,5970
1404999000,26.05,26.7499,25.11,26.4202,5911
1405085400,26.2499,26.2499,26.2499,26.2499,157
1405344600,25.21,26.37,25.21,26.37,203
1405431000,25.01,26.1899,25.01,26.1899,420
1405517400,25.75,26.248,25.75,26.248,376
1405603800,26.15,26.15,23.216,24.795,8141
1405690200,24.9384,24.9384,23.67,23.9421,6845
1405949400,24,24,23.71,23.98,849
1406035800,24,24,22.5,23.98,6748
1406122200,23.85,23.85,23.85,23.85,289
1406208600,23.02,25.55,22.0501,23.205,7045
1406295000,22.92,24.33,21.89,22.8599,5462
1406554200,22.52,25,22.52,22.7,305
1406640600,22.454,22.7999,22.454,22.7999,623
1406727000,22.95,23.01,22,22.334,3318
1406813400,23.1214,23.1214,23.1214,23.1214,286
1406899800,22.735,22.74,21.61,22.5975,2901
1407159000,22.149,22.149,20.375,21.2999,8316
1407245400,21.2608,21.3,20.0001,21.2999,2379
1407331800,20,21.3,20,21.18,1560
1407418200,20,20,18.5,19.985,3981
1407504600,19.92,19.95,19.02,19.6747,2560
1407763800,22.1,22.1,19.99,20.132,1000
1407850200,19.53,19.906,18.57,19.4999,4943
1407936600,19.97,19.97,18.5001,19.7325,1820
1408023000,18.47,19.97,18.39,19.2284,4357
1408109400,18.9899,19.4336,18.57,19.075,7365
1408368600,19.23,19.9999,18.62,19.2999,8641
1408455000,18.98,19.9899,18.6101,19.9899,12493
1408541400,19.78,19.78,18.78,19.2001,5890
1408627800,19.8999,19.8999,19.0001,19.711,5897
1408714200,19.33,19.9065,18.8,19.62,2970
1408973400,19.61,19.6399,18.905,19.2999,11687
1409059800,19.12,19.94,18.735,18.735,568
1409146200,18.4001,19.3499,18.4,19.3499,1060
1409232600,19,19.9229,18.4,19.2499,4050
1409319000,18.605,19.8082,18.6,19.8082,5050
1409664600,19.1,19.88,19.01,19.88,1000
1409751000,19.99,19.99,19.99,19.99,112
1409837400,18.75,19.94,18.6,19.94,3195
1409923800,19.695,19.74,18.9,19.2699,1903
1410183000,19.211,19.211,17.5001,18.2005,5120
1410269400,18.1,19.47,17.51,19.47,1129
1410355800,19.34,19.34,19.34,19.34,110
1410442200,18.8,19.4599,18.68,18.68,769
1410528600,18.5,18.9599,18.5,18.79,746
1410787800,19.2,19.2,18.1499,18.1499,655
1410874200,17.9101,18.1299,17.9101,18.12,850
1410960600,17.86,18,17.5701,18,1571
1411047000,18,18.16,17.75,18.16,1383
1411133400,17.61,18.391,17.5,18.23,1417
1411392600,17.8,18.4999,17.518,18.095,1689
1411479000,18.1,18.1,17.2,17.6,1311
1411565400,17.4,17.76,17.4,17.76,400
1411651800,17.0601,17.7599,17.0601,17.7599,602
1411997400,17.76,17.85,17.76,17.76,575
1412083800,17.41,18.15,17.4,18.15,935
1412170200,17.16,17.49,17.06,17.49,1552
1412256600,17.1,17.82,16.8,16.8,604
1412343000,17.18,17.18,16.91,17.0298,785
1412602200,16.81,17.4995,16.11,17.2299,3123
1412688600,16.95,16.95,16.95,16.95,300
1412775000,16.8001,17.8109,16.3487,17.8109,1090
1412861400,16.79,17.78,16.1201,16.79,6250
1412947800,16.3,17.66,16.11,17.2235,2922
1413207000,16.1891,17.63,15.56,15.56,10273
1413293400,15.95,16.92,15.5,16.91,1552
1413379800,15.63,16.5598,14.3,14.8,1915
1413466200,15.11,16.3544,15.11,15.7999,850
1413552600,15.75,16.3364,15.09,15.8,2152
1413811800,15.3,16.1695,15.3,15.8,657
1413898200,15.97,15.99,15.57,15.97,2125
1413984600,15.57,15.9063,15.57,15.7947,775
1414071000,15.97,15.97,15.97,15.97,106
1414157400,15.97,15.97,15.5928,15.9695,756
1414416600,15.67,15.8699,15.5705,15.8699,840
1414503000,15.571,15.93,15.57,15.9,2710
1414589400,15.96,16.74,15.75,16,2089
1414762200,15.61,16.9399,15.5601,16.6,1000
1415025000,15.62,16.86,15.62,16.19,2380
1415111400,15.71,16.8,15.71,16.8,1768
1415197800,16.9,16.9,16.8999,16.8999,200
1415284200,17.17,17.21,15.71,15.93,684
1415370600,15.71,16,15.6,15.6,1733
1415629800,15.8,16.5999,15.8,15.9,550
1415716200,16.89,16.89,16.89,16.89,100
1415889000,16.47,16.83,16.011,16.83,3270
1416234600,15.25,16.78,15.25,16.11,1473
1416321000,15.4,16.733,15.25,15.3205,5853
1416493800,15.42,16.085,15.351,15.8,1821
1416580200,16,16,15.4001,15.778,1281
1416839400,15.9,15.9,15.9,15.9,250
1416925800,15.36,16.3376,15.36,16.3376,300
1417012200,16,16.01,16,16,1100
1417530600,16.0001,16.01,15.56,15.56,1000
1417617000,15.7,15.7,15.7,15.7,306
1418049000,15.7,15.775,15.7,15.775,399
1418135400,15.6,15.94,15.35,15.6,2280
1418308200,15.99,15.99,15.99,15.99,201
1418394600,15.54,15.61,15.45,15.55,1328
1418740200,15.35,15.43,15.12,15.43,2423
1418826600,15.4955,15.4955,15.4955,15.4955,200
1418913000,15,15.48,15,15.48,546
1419258600,14.5776,15.23,14.51,15.23,1050
1419345000,14.65,15.19,14.65,15.19,400
1419431400,14.54,15.07,14.54,15,350
1419604200,14.6612,15,14.66,14.66,1100
1419863400,14.53,14.65,14.5,14.65,2823
1419949800,14.1205,14.95,14.1205,14.5,3148
1420036200,14.5,14.56,14.03,14.56,805
1420209000,14.25,14.3,14.25,14.3,452
1420554600,14.55,14.6,14.5,14.5,801
1420641000,14.9999,15.49,14.97,15.49,4063
1420727400,15.5,15.5001,15.1,15.48,3975
1420813800,15.5,15.5,15.3,15.3,201
1421073000,16,16,15.8,15.82,937
1421159400,15.8,17.06,15.8,15.84,1267
1421245800,15.84,16.56,15.84,16.56,233
1421332200,16.61,16.61,15.96,16.3999,400
1421418600,15.98,15.98,15.98,15.98,100
1421764200,16.21,17.68,16.21,17.5001,4561
1421850600,17,18,17,18,500
1421937000,17.4999,17.4999,17.4999,17.4999,100
1422282600,16.24,17.5,16.24,17.4999,860
1422455400,16.32,16.32,16.32,16.32,160
1422541800,16.43,16.43,16.43,16.43,137
1422628200,16.25,16.25,16.25,16.25,200
1422887400,16.5001,16.54,16.25,16.25,1903
1422973800,16.25,16.25,16,16.0773,621
1423146600,16.18,17.272,16.18,17.272,308
1423233000,16.6,16.6,16.6,16.6,100
1423492200,16.5,16.5,16.5,16.5,500
1423578600,17.45,17.5,17.15,17.15,693
1423837800,17.4,17.4,17.4,17.4,201
1424183400,17.33,17.33,17,17,820
1424442600,19,20.43,18.1,18.15,3875
1424701800,17.96,18,17.96,18,581
1424788200,17.45,17.9,16.1001,17.05,5551
1424874600,16.45,16.74,15.75,16.7,11246
1424961000,16.05,17,15.75,15.7901,5454
1425047400,16,16,15.73,15.73,3476
1425306600,15.55,16.65,15.5,16.65,4706
1425393000,15.8,17.38,15.75,16.84,1444
1425479400,15.83,16.92,15.83,16.92,889
1425565800,16.5,16.545,16.5,16.5,1475
1425652200,16.5101,16.58,16.5101,16.58,2200
1425907800,16.5,16.5,16.5,16.5,101
1425994200,16.5,16.5001,16,16.05,1401
1426253400,16.11,16.11,15.5,15.9995,7285
1426512600,15.84,15.84,15.75,15.75,2661
1426599000,15.75,15.75,15.5,15.5,602
1427117400,15.51,15.8,14.67,15,10494
1427376600,15.5,15.5,15.5,15.5,270
1427463000,16,16,16,16,100
1427895000,15.5,15.5,15,15,1061
1427981400,16,16,15.95,15.95,1204
1428327000,15,15,14.75,14.8,2438
1428413400,14.7501,15.1,14.7501,14.95,2526
1428586200,15.5,15.5,15.5,15.5,494
1428672600,15.75,15.75,15.48,15.48,306
1428931800,14.91,15.05,14.91,15.05,1490
1429191000,14.86,14.94,14.86,14.861,845
1429709400,14.85,14.8501,14.75,14.75,2922
1429882200,14.75,14.75,14.74,14.75,1700
1430227800,14.625,14.63,14.625,14.63,1925
1430314200,14.6299,14.63,14.2,14.63,1737
1430400600,14.51,14.51,14,14.05,1425
1430487000,14,14.03,13.75,14.03,3300
1430746200,14.3899,14.3899,14,14.3799,2795
1430832600,14.27,14.27,14.27,14.27,159
1431005400,14.1192,14.1192,14.1192,14.1192,101
1431091800,14.24,14.2599,14.22,14.23,3744
1431437400,14,14.009,14,14.009,1500
1431610200,14.0301,14.0301,14.0301,14.0301,100
1431696600,14.484,14.484,14.484,14.484,300
1431955800,14.3299,14.559,14.3299,14.4,1880
1432042200,14.64,15.99,14.64,15.4,10696
1432647000,15.1,15.1,15.1,15.1,201
1432733400,15.2,15.2,15.2,15.2,125
1432819800,15,15.05,15,15,500
1432906200,15.4,15.4,15.4,15.4,150
1433251800,15.45,15.45,15.45,15.45,400
1433511000,15.1205,15.1205,15.1205,15.1205,390
1433770200,15.995,15.995,15.95,15.95,487
1433856600,16,16,15,15.0001,844
1433943000,15.25,15.25,15.17,15.17,1430
1434029400,15.2499,15.25,15.2499,15.25,1630
1434115800,15,15,14.42,14.75,5487
1434375000,14.6,15,14.6,15,321
1434461400,14.76,14.76,14.76,14.76,214
1434547800,15.44,15.44,14.6,15.03,9803
1434634200,15.35,15.8,14.64,14.7295,11496
1434720600,14.54,15.07,14.32,14.32,3218
1434979800,14.81,15.25,14.5,15.15,25753
1435066200,15.5,15.95,15.3,15.43,24917
1435152600,15.3001,15.9999,15.25,15.58,14006
1435325400,15.33,15.33,14.81,15.06,31752
1435584600,15.37,15.74,15.32,15.35,14658
1435671000,15.092,15.0985,14.97,15.05,1631
1435757400,14.839,15.6,14.74,15.14,20546
1435843800,14.95,15.55,14.95,15.11,29510
1436189400,15.25,15.33,15,15.23,3400
1436275800,14.77,15.1,14.77,15.1,704
1436794200,14.95,15.62,14.95,15.1801,27038
1436880600,15.25,15.25,15.25,15.25,204
1436967000,15.35,15.35,15.2,15.2,499
1437053400,15.15,15.15,15.15,15.15,212
1437139800,15.07,15.15,15.065,15.13,1085
1437485400,15.03,15.03,14.5201,14.66,2050
1437658200,14.53,14.53,14.53,14.53,128
1437744600,15.06,15.06,15.03,15.03,901
1438090200,14.58,14.58,14.51,14.51,448
1438176600,14.5,14.74,14.3999,14.5,4438
1438263000,14.395,14.72,14.38,14.6,2209
1438349400,14.4,14.8,14.2025,14.21,7935
1438608600,14.5001,14.55,13.99,14.2,5708
1438695000,14.1999,14.2,14.18,14.2,1200
1438781400,14.25,14.25,13.76,13.76,723
1438867800,13.75,13.75,12.6501,12.93,2845
1438954200,12.93,12.93,12.54,12.54,2039
1439213400,12.5,12.75,12.5,12.75,1760
1439299800,12.75,12.75,12.51,12.5101,700
1439472600,12,12,11.11,11.2999,10548
1439559000,11.5,11.6,11,11.4069,4567
1439818200,11.6,11.6,11.256,11.26,6053
1439991000,11.45,11.62,11.4499,11.62,4324
1440163800,11.36,11.46,11.291,11.46,1450
1440423000,11.33,12.89,11.33,12.89,1340
1440509400,12.9,12.93,12.0352,12.0352,497
1440595800,11.95,12.0629,11.95,12.0629,1344
1440682200,12,12.25,12,12.25,500
1441027800,12.2,12.57,12,12.57,5800
1441200600,12.3,12.3,12.2395,12.2395,489
1441287000,12.243,12.282,12.2,12.2,989
1441373400,12.3,12.3,11.25,11.6999,5336
1441719000,12.21,12.25,12.2,12.25,549
1441805400,12.25,12.25,12.21,12.25,410
1441891800,12.25,12.25,12.2,12.25,784
1441978200,12.1001,12.25,11.65,12.25,3725
1442237400,12.23,12.25,11.99,12.25,966
1442323800,12.04,12.1,12.02,12.1,1514
1442410200,12.2,12.7,12.2,12.7,1370
1442496600,12.655,12.75,12.25,12.75,3245
1442583000,12.66,13.99,12.18,12.18,8218
1442842200,12.1,12.7632,12.1,12.15,2103
1442928600,12.14,12.2,12.1,12.1001,1274
1443015000,12.075,12.15,11.8,11.81,985
1443101400,11.93,11.93,11.93,11.93,320
1443187800,11.8,11.8,11.51,11.51,1547
1443447000,11.7,11.7,11.5,11.65,2937
1443533400,11.5001,11.54,11.5001,11.54,883
1443619800,11.53,12,11.5,12,2126
1443706200,11.5101,11.54,11.51,11.51,2351
1443792600,11.5,11.999,11.5,11.5101,1735
1444051800,11.511,11.95,11.35,11.46,2903
1444138200,11.41,11.949,11.37,11.526,2275
1444224600,11.6485,11.6485,11.41,11.43,1094
1444397400,11.895,11.949,11.4,11.4,564
1444656600,11.4,11.92,11.4,11.65,1550
1444743000,11.42,11.53,11.4,11.53,925
1444829400,11.47,11.519,11.01,11.24,2916
1444915800,11.8,11.8,10.832,11.19,2681
1445002200,10.99,11.13,10.76,11.13,2410
1445261400,10.7695,10.89,10.75,10.89,1110
1445347800,11,11.63,11,11.146,1350
1445434200,11.536,11.539,11.25,11.539,688
1445520600,11.341,11.341,11.341,11.341,240
1445607000,11.2965,11.2965,11.2965,11.2965,100
1445952600,10.8275,11.09,10.82,10.8201,1215
1446474600,10.98,11.2,10.98,11.2,2390
1446561000,11.212,11.386,11.1,11.386,730
1446647400,11.1301,11.17,11.119,11.119,2950
1446733800,10.9404,10.989,10.4,10.606,5702
1446820200,10.54,10.75,10.54,10.7,1200
1447252200,10.62,10.6597,10.5925,10.6597,1702
1447338600,10.59,10.61,10.59,10.6099,1355
1447425000,10.9999,10.9999,10.9999,10.9999,270
1447684200,10.65,11.07,10.65,10.659,614
1447770600,11.0664,11.7,11,11.1,1515
1447857000,11.009,11.009,11,11,1109
1448029800,10.95,10.95,10.95,10.95,1043
1448289000,10.9,11.576,10.8,11.576,2108
1448375400,11.6,11.6,11.4725,11.5,2503
1449239400,11.2597,11.2597,11.2597,11.2597,200
1449498600,11.08,11.09,10.801,10.86,8116
1449671400,10.96,11,10.95,10.95,1334
1449757800,10.85,10.95,10.82,10.82,1120
1450103400,10.75,10.75,9.76,10,9091
1450189800,10.0001,10.01,10,10.01,2000
1450276200,10.15,10.609,10.15,10.609,2307
1450362600,10.2857,10.2857,10.12,10.25,3198
1450449000,10.169,10.82,10,10.82,2281
1450708200,10.96,10.96,10,10.08,2777
1450794600,10.289,10.64,10.25,10.64,2329
1451399400,10.1,10.1,10.08,10.08,920
1451485800,10.11,11.09,10.04,10.2408,3952
1451572200,11.15,11.19,11.15,11.19,1364
1452004200,11.25,11.2526,10.29,10.5,4278
1452090600,11.05,11.5,11,11.5,3510
1452177000,11.7,11.7,11.183,11.183,1075
1452263400,11.02,11.68,10.69,10.69,5408
1452522600,11.01,11.64,11,11.64,2851
1452609000,11.085,11.47,10.32,11.249,7900
1452695400,11.24,12,11.24,12,2195
1452781800,11.3,11.96,10.69,11.5,5170
1452868200,11.25,12,10.47,12,20223
1453213800,11.18,11.9,11.12,11.35,26117
1453300200,11.35,12,10.9322,11.25,10960
1453386600,10.999,11.45,10.59,10.65,4430
1453473000,11.35,11.93,10.83,10.86,7137
1453732200,11,11.76,10.5515,10.6,12997
1453818600,10.76,11.7,10.75,10.76,13965
1453905000,11.02,11.75,11.02,11.69,9013
1453991400,11.5,11.8,10.6,11.01,10538
1454077800,11.34,11.97,10.9,11.37,16831
1454337000,11.63,11.97,11.01,11.8,18052
1454423400,11.23,11.99,11.1,11.9,25043
1454509800,11.69,11.82,11.3,11.6,3105
1454596200,11.44,11.96,11.19,11.4,34572
1454682600,11.69,11.69,11.2605,11.2605,1700
1454941800,11.51,12,11,11.12,23333
1455028200,11.62,11.7985,11.62,11.62,1400
1455114600,11.67,11.67,11.352,11.3525,500
1455201000,11.55,11.85,11.11,11.64,15381
1455287400,11.65,11.65,11.6,11.65,581
1455633000,11.44,11.83,11.44,11.83,2705
1455719400,11.66,11.66,11.66,11.66,510
1455805800,11.34,11.8,11.27,11.763,24551
1455892200,11.5,11.75,11.25,11.58,17566
1456151400,11.76,11.82,11.76,11.81,1701
1456237800,11.32,11.48,10.75,11.25,26499
1456324200,11.25,11.29,11.25,11.25,839
1456410600,11.47,11.73,11.31,11.5,3641
1456497000,11.5,11.55,11.5,11.5001,308
1456756200,11.6,11.95,11.6,11.95,1982
1456842600,11.9499,11.95,11.927,11.9455,3083
1456929000,11.7378,11.78,11.7378,11.78,261
1457361000,11.08,11.194,11.08,11.194,1026
1457447400,11.3,11.3,11.3,11.3,578
1457533800,11.4001,11.4001,11.4001,11.4001,2097
1457706600,11.5,11.91,11.41,11.57,7496
1458135000,11.82,11.9,11.12,11.8,21313
1458221400,11.31,11.79,11.05,11.5305,9773
1458307800,11.6,11.7,11.6,11.7,1002
1458567000,11.72,12,11.72,11.74,951
1458653400,12.328,12.328,12.328,12.328,100
1458739800,11.6226,11.6226,11.2501,11.2501,716
1458826200,11.906,11.906,11.906,11.906,102
1459171800,11.9,11.95,11.5,11.51,3014
1459258200,11.75,11.75,11.75,11.75,1098
1459344600,11.94,11.95,11.75,11.8,3653
1459776600,11.946,11.9499,11.47,11.47,3781
1459863000,11.46,11.51,11,11.35,11233
1459949400,11.25,11.25,11.25,11.25,1721
1460035800,11.4999,11.4999,11.048,11.1139,850
1460122200,10.2,11.32,10.2,11.05,1065
1460381400,11.25,11.25,11.25,11.25,1100
1460467800,11.45,11.94,11.25,11.5,3016
1460554200,11.7,11.8,11.43,11.62,2645
1460640600,11.88,11.88,11.41,11.59,1966
1460727000,11.251,11.565,11.25,11.565,857
1460986200,11.39,11.46,11.26,11.26,2528
1461072600,11.28,11.28,11.25,11.25,1066
1461245400,11.25,11.25,11.25,11.25,285
1461331800,11.33,11.43,11.17,11.4,3017
1461591000,11.34,11.35,11.34,11.35,825
1461677400,11.052,11.052,11.052,11.052,164
1461763800,11.05,11.05,10.85,10.9575,2008
1461850200,10.9385,10.939,10.7501,10.7501,2468
1461936600,11.159,11.51,11.15,11.45,4055
1462195800,11.0201,11.3,11.0201,11.25,2008
1462455000,11.06,11.22,11.06,11.22,410
1462541400,11.0319,11.22,11.0319,11.21,1250
1462800600,11.07,11.12,11,11.1105,3025
1462887000,11,11.01,11,11.01,2470
1462973400,10.9397,10.9397,10.9397,10.9397,397
1463059800,11.094,11.2499,10.5501,10.96,5330
1463146200,11.1199,11.1199,11.1199,11.1199,1016
1463405400,10.92,11.24,10.92,11.009,1719
1463751000,11,11,10.7601,10.8326,1431
1464269400,10.8,10.8,10.75,10.7524,3402
1464701400,10.807,10.807,10.807,10.807,300
1464874200,10.87,10.9588,10.87,10.95,1908
1464960600,10.91,10.91,10.6716,10.7399,2189
1465219800,10.95,11.23,10.75,10.76,8931
1465479000,11.0069,11.0069,11.0069,11.0069,281
1465824600,10.94,10.94,10.65,10.65,10552
1465911000,11.0513,11.0513,11.0513,11.0513,275
1465997400,10.8696,10.8696,10.8696,10.8696,560
1466083800,11,11.1041,10.572,10.572,1481
1466170200,10.58,10.9,10.58,10.64,1891
1466429400,10.82,10.97,10.6,10.6,7081
1466515800,10.574,10.6,10.574,10.6,300
1466688600,10.68,10.69,10.549,10.6,1125
1466775000,10.5,11.36,10.5,11.36,1556
1467293400,11.35,11.35,11,11.2445,6455
1467379800,11.14,11.236,10.25,11.236,2010
1467725400,10.95,11,10.65,10.65,9154
1467811800,10.5,10.8001,10.5,10.6,3703
1467898200,10.71,10.71,10.4553,10.4553,500
1467984600,10.4,10.65,10.3,10.61,3175
1468243800,10.4999,10.84,10.3,10.75,3664
1468330200,11.25,11.65,11.25,11.28,5219
1468416600,11.29,11.94,11.26,11.55,6060
1468503000,11.52,12.5997,11.52,12.55,7690
1468589400,12,12.1501,12,12.1,1564
1468848600,12.2905,12.6,12.2905,12.6,2122
1468935000,12.6849,13.5,12.6,13.45,3939
1469021400,13.53,13.95,13.53,13.95,874
1469107800,13.75,13.75,13.75,13.75,100
1469194200,13.53,13.53,13.2,13.2,1099
1469453400,13.2,13.32,12.92,13.1499,3894
1469539800,13.1,13.299,12.8614,13.05,2707
1469626200,12.0101,13.21,12.0101,13.21,567
1470058200,13.003,13.003,13.0001,13.0008,500
1470231000,12.75,13.0292,12.75,13.0292,4100
1470749400,13,13,12.99,12.99,260
1470835800,12.38,12.41,12.05,12.05,2175
1471872600,11.95,11.95,11.7933,11.7933,324
1471959000,11.66,11.66,10.95,11.01,1129
1472045400,11.0693,11.0693,11.0693,11.0693,159
1472131800,11.0401,11.11,11.04,11.11,2385
1472218200,11.12,11.12,11.12,11.12,524
1472477400,11.13,11.13,11.054,11.054,250
1472563800,11.12,11.12,11.05,11.05,656
1472650200,11.06,11.15,10.9,11,2122
1473168600,11,11.5,11,11.5,667
1473255000,11.35,11.35,11.1,11.1,298
1473341400,10.8983,11,10.3,10.8,2611
1473427800,10.25,10.78,10.25,10.75,1412
1473773400,10.7501,11.24,10.45,10.45,4185
1473859800,10.51,11.72,10.51,10.75,2809
1473946200,10.61,11.2534,10.45,10.51,3303
1474032600,10.54,10.54,10.54,10.54,427
1474291800,10.8026,10.8026,10.365,10.66,5055
1474464600,10.62,10.751,10.62,10.75,527
1474551000,10.83,10.83,10.83,10.83,437
1474637400,10.76,10.76,10.76,10.76,192
1474983000,10.97,10.97,10.7501,10.7501,327
1475587800,10.5601,10.5601,10.5601,10.5601,512
1475760600,10.7272,10.7272,10.7272,10.7272,160
1476106200,10.56,10.56,10.56,10.56,300
1476192600,10.57,10.58,10.56,10.58,470
1476711000,10.56,10.6,10.47,10.6,5215
1476797400,10.6,10.9831,10.6,10.9831,600
1476970200,10.65,10.7575,10.65,10.7575,436
1477315800,10.88,10.88,10.8799,10.8799,1300
1477402200,10.7863,10.7863,10.7863,10.7863,108
1477488600,10.8003,10.8003,10.8003,10.8003,250
1477661400,10.615,10.615,10.615,10.615,175
1477920600,10.6001,10.8,10.6001,10.8,701
1478266200,10.7844,10.7844,10.7844,10.7844,450
1478529000,10.7264,10.7264,10.6001,10.6295,1220
1478615400,10.91,10.9894,10.7188,10.7188,5790
1478701800,10.996,10.996,10.996,10.996,100
1478788200,10.9894,10.9894,10.9894,10.9894,564
1479306600,10.82,10.82,10.82,10.82,100
1479738600,10.9675,11.25,10.9674,11.2,5784
1479825000,11,11.01,11,11.01,320
1480084200,11.11,12,11.11,12,3898
1480343400,11.59,11.95,11.2234,11.2234,352
1480516200,10.82,10.823,10.82,10.82,977
1480602600,10.83,11.0755,10.82,10.8201,1086
1480689000,11.9,12,11.9,11.9,880
1480948200,11.46,11.498,11.46,11.498,416
1481034600,10.99,11.3,10.99,11.03,2556
1481121000,11.38,11.38,11.001,11.34,2053
1481207400,11.15,11.51,11,11.16,1870
1481639400,11.15,11.4,11.15,11.4,1066
1481812200,11.15,11.15,11.15,11.15,208
1481898600,11.04,11.07,10.95,10.95,5062
1482244200,10.96,11.22,10.96,11.2,850
1482330600,10.9601,11.3344,10.9601,11.15,1470
1482417000,11.2,11.37,11.2,11.37,2335
1482503400,11.76,11.76,10.9704,10.9704,395
1482935400,11.105,11.8452,11.0325,11.689,18684
1483021800,11.65,11.65,11.05,11.25,1378
1483108200,11.02,11.95,10.98,11.25,63726
1483453800,11.1,11.3692,10.96,11.1784,1740
1483540200,11.9999,12,10.98,11.15,5578
1483972200,11.08,11.59,11.05,11.15,31343
1484145000,11.15,11.35,11.15,11.35,574
1484231400,11.14,11.14,10.97,10.97,552
1484663400,11.04,11.0955,11.04,11.0955,1316
1484749800,11.1,11.1,11.0724,11.0903,1496
1485268200,11.4668,11.4668,11.4668,11.4668,250
1485354600,11.25,11.33,11.2,11.2,1707
1485441000,11.02,11.02,10.85,10.85,6435
1485527400,10.9,10.9,10.85,10.85,510
1485786600,10.85,10.851,10.75,10.7717,2199
1485959400,10.92,10.92,10.92,10.92,1425
1486045800,11.19,11.19,10.952,10.952,389
1486132200,10.75,10.7708,10.75,10.75,768
1486477800,10.81,11,10.7877,11,5302
1486564200,10.775,10.775,10.775,10.775,902
1486650600,10.75,10.8,9.5,10.2355,7652
1486737000,10.3,10.3,10.3,10.3,100
1486996200,10.4416,10.4416,10.4416,10.4416,239
1487082600,10.503,10.503,10.5,10.5001,523
1487255400,10.2,10.2,10.2,10.2,362
1487341800,10.2,10.2,10.2,10.2,137
1487687400,10.25,10.25,10.25,10.25,171
1487773800,10.2875,10.2875,10.25,10.25,530
1487860200,10.26,10.3,10.25,10.25,601
1488205800,10.099,10.099,10.099,10.099,242
1488292200,10.04,10.1,9.5,10.1,1243
1488378600,10,10.5,10,10.5,691
1488465000,10.5,10.5,10.09,10.1,500
1488551400,10.084,10.084,10.062,10.062,304
1488810600,10.1,10.1,10.1,10.1,100
1488897000,10.1,10.5,10.1,10.5,200
1488983400,10,10.05,10,10.0001,1892
1489069800,10.069,10.0975,10,10,976
1489156200,9.7988,9.7988,9.7988,9.7988,278
1489411800,9.7647,9.7647,9.7647,9.7647,103
1489498200,9.75,9.75,9.75,9.75,530
1489671000,9.74,9.9,9.74,9.9,2490
1490016600,9.9,9.9,9.9,9.9,106
1490103000,9.9,9.9,9.8972,9.9,1002
1490275800,9.812,9.812,9.812,9.812,256
1490621400,10,10,9.505,9.505,521
1490707800,9.7888,9.7888,9.72,9.72,634
1490794200,9.5097,9.7,9.5097,9.6245,911
1490967000,10.06,10.5,10.04,10.04,3555
1491226200,9.751,10.125,9.7,9.78,10572
1491312600,10.1042,10.1042,9.77,9.8699,540
1491399000,9.7776,9.7899,9.7776,9.7899,222
1491485400,9.75,9.75,9.75,9.75,500
1491831000,9.7329,9.8,9.7329,9.8,1275
1492090200,10.135,10.135,10.08,10.08,1198
1492522200,9.76,9.76,9.3,9.3,4625
1492608600,9.43,9.43,9.43,9.43,353
1492695000,9.36,9.36,9.36,9.36,141
1492781400,9.4,9.4694,8.81,8.8232,1258
1493040600,8.9862,8.9862,8.848,8.848,546
1493127000,9.5,9.5,8.65,9.35,1729
1493299800,8.95,8.9501,8.907,8.9084,1340
1493386200,8.95,8.95,8.7,8.7756,1853
1493645400,8.77,8.77,8.7198,8.7198,1114
1493731800,8.71,8.71,8.71,8.71,297
1493991000,8.8681,8.8681,8.51,8.62,387
1494336600,8.5501,8.5887,8.5501,8.5887,1078
1494423000,8.6,8.949,8.6,8.93,2853
1494509400,8.949,8.949,8.949,8.949,551
1494855000,8.75,8.84,8.75,8.84,2832
1495027800,9,9.0438,8.75,8.825,4991
1495114200,8.5,8.5,8.4457,8.484,1665
1495200600,8.23,8.4661,8.08,8.08,17949
1495459800,8.14,8.3515,8,8,4579
1495546200,8,8,8,8,575
1495632600,7.9883,8,7.75,7.81,4000
1495719000,7.924,7.924,7.8,7.89,4388
1495805400,7.95,8,7.82,7.998,1169
1496151000,7.98,7.9915,7.78,7.78,927
1496323800,7.61,7.678,7.55,7.55,4109
1496410200,7.9002,7.9773,7.9002,7.9773,772
1496669400,7.97,7.97,7.49,7.49,5399
1496755800,7.94,7.94,7.79,7.79,313
1496842200,7.81,7.914,7.4,7.74,22395
1496928600,7.76,7.7717,7.75,7.7501,4902
1497015000,7.58,7.6883,7.58,7.65,3666
1497274200,7.824,8.16,7.8122,8.1592,3499
1497360600,7.92,8.15,7.92,8.15,2929
1497447000,8.147,8.147,8.01,8.022,2049
1497533400,8,8.4389,8,8.3266,3666
1497619800,8.1931,8.3626,8.12,8.12,3545
1497879000,8.324,8.324,8.1,8.1,4253
1497965400,8.1844,8.2,8.1844,8.19,811
1498051800,8.98,8.98,8.2525,8.5,5352
1498224600,8.86,9.256,8.28,8.3083,6593
1498483800,8.7,8.7001,8.3717,8.3717,5657
1498570200,8.25,9,8.25,9,739
1498656600,8.5,8.7335,8.2894,8.6,8726
1498743000,8.6,9.1589,8.2918,8.3064,8070
1498829400,8.7,9.0069,8.391,8.9792,13410
1499088600,8.51,8.69,8.41,8.67,4610
1499261400,8.9,9.1618,8.24,9,12299
1499347800,8.8,9.18,8.4758,9.1,10355
1499434200,8.77,8.8853,8.51,8.6,10424
1499693400,8.5,8.88,8.26,8.59,11553
1499779800,8.68,9.18,8.4939,8.7999,10822
1499866200,9.39,9.39,8.6977,8.8,2541
1499952600,8.8,8.8,8.78,8.8,438
1500039000,8.61,9,8.47,9,6797
1500298200,8.81,9.136,8.52,8.8,13334
1500384600,8.53,8.6,8.5175,8.5671,2392
1500471000,8.7253,8.85,8.6,8.61,1563
1500557400,8.8501,8.93,8.63,8.93,1801
1500643800,8.9089,9.006,8.551,8.551,3150
1500903000,8.67,8.97,8.5976,8.66,5250
1500989400,8.8,8.8,8.6088,8.67,1646
1501075800,8.73,9,8.6386,8.8672,850
1501162200,9.0491,9.2774,8.9,8.9134,2275
1501248600,9.2,9.34,9,9.002,2237
1501507800,8.9001,9.2316,8.9001,9.0135,2117
1501594200,9.1801,9.2802,8.91,9.05,4751
1501680600,9.23,9.2682,9.12,9.2682,2300
1501767000,9.1192,9.1297,8.9,9.0577,2103
1501853400,9.1911,9.1911,9.0074,9.0545,2729
1502112600,9.16,9.1691,8.923,9.0901,1706
1502285400,8.901,8.926,8.75,8.8436,3182
1502371800,8.8832,8.8832,8.8832,8.8832,621
1502458200,8.8155,8.855,8.75,8.7632,3207
1502717400,8.75,8.7527,8.55,8.7527,8141
1502803800,8.6329,8.73,8.6329,8.7,2363
1502890200,8.9,9.2318,8.6414,8.74,3828
1502976600,8.75,8.8865,8.75,8.8865,1009
1503063000,8.75,8.7928,8.6024,8.6369,4100
1503322200,8.78,8.78,8.57,8.68,6436
1503408600,8.6,8.64,8.6,8.61,1576
1503495000,8.75,8.75,8.6,8.6987,1086
1503581400,8.7,8.9008,8.55,8.55,2165
1503667800,8.59,8.75,8.59,8.67,4758
1503927000,8.68,8.72,8.68,8.72,537
1504013400,8.66,8.822,8.55,8.66,10100
1504186200,8.7001,8.95,8.562,8.65,5174
1504272600,8.635,8.635,8.635,8.635,207
1504618200,8.69,8.95,8.56,8.63,2265
1504877400,8.62,8.81,8.5,8.81,2632
1505136600,8.85,8.85,8.2,8.39,6392
1505223000,8.61,8.61,8.61,8.61,386
1505309400,8.4168,8.86,8.4168,8.5,858
1505395800,8.56,8.76,8.45,8.76,4515
1505482200,8.7,8.74,8.21,8.21,8745
1505741400,8.51,8.51,8.4,8.4,1995
1505914200,8.27,8.47,8.23,8.47,3173
1506087000,8.3089,8.58,8.3089,8.51,3998
1506346200,8.52,8.54,8.25,8.3,6892
1506432600,8.33,9.37,8.2357,8.41,3076
1506691800,8.35,9.2,8.24,8.24,12111
1506951000,8.71,8.71,8.33,8.34,3839
1507037400,8.4419,8.4419,8.32,8.32,442
1507123800,8.43,8.63,8.31,8.49,1890
1507210200,8.4,8.4,8.21,8.22,2179
1507296600,8.21,8.52,8.12,8.45,6995
1507642200,8.3435,8.8,8.3435,8.8,3635
1507728600,8.65,8.66,8.42,8.5489,6043
1507901400,8.6031,8.6031,8.6031,8.6031,110
1508160600,8.49,8.49,8.37,8.37,1094
1508247000,8.37,8.55,8.36,8.49,2057
1508333400,8.43,8.43,8.3778,8.39,834
1508419800,8.39,8.39,8.39,8.39,131
1508506200,8.5,8.5,8.5,8.5,408
1508765400,8.36,8.4,8.02,8.02,2856
1508938200,8.063,8.156,8.06,8.156,1800
1509111000,8.07,8.0995,7.9893,8,3207
1509456600,8.2,8.2,8.2,8.2,300
1509543000,8,8,8,8,104
1509629400,8.18,8.2698,8.18,8.25,1314
1509715800,8,8.1832,8,8,2504
1510065000,8,8,7.8,7.9,1500
1510151400,8.1621,8.1621,8.1621,8.1621,203
1510237800,7.76,7.8251,7.76,7.8251,358
1510324200,7.75,7.75,7.35,7.551,8786
1510583400,7.67,7.9725,7.6,7.8401,11244
1510669800,7.57,7.6854,7.57,7.6854,491
1510756200,7.6,7.8772,7.6,7.8772,438
1510842600,7.6,7.6,7.6,7.6,112
1510929000,7.82,7.92,7.6,7.9,10713
1511188200,7.8467,7.913,7.65,7.65,13116
1511274600,7.85,7.8747,7.65,7.65,13328
1511361000,7.85,7.85,7.6836,7.6836,528
1511533800,7.6907,7.6907,7.6907,7.6907,403
1511879400,7.65,7.69,7.3354,7.56,8226
1511965800,7.551,7.57,7.55,7.57,812
1512052200,7.693,7.7655,7.65,7.719,6426
1512484200,7.7193,7.7193,7.6353,7.6353,530
1512570600,7.8799,7.98,7.78,7.98,7121
1512657000,7.92,8.35,7.88,7.9372,6134
1512743400,7.839,7.839,7.8,7.8,1364
1513002600,7.98,7.98,7.78,7.8,5934
1513089000,7.8,8.1,7.8,8.1,8467
1513175400,8,8.39,7.906,7.906,5162
1513607400,7.76,7.77,7.65,7.65,2131
1513693800,7.96,7.96,7.96,7.96,601
1513780200,7.65,7.79,7.4286,7.6304,5557
1513866600,7.75,7.96,7.74,7.8,10120
1513953000,7.93,8.0041,7.93,8.0041,3266
1514298600,7.86,7.95,7.66,7.83,7367
1514385000,7.71,7.7945,7.53,7.7,10308
1514471400,7.7983,7.7983,7.4362,7.79,1290
1514557800,7.82,7.82,7.52,7.52,280
1514903400,7.37,7.76,7.37,7.76,6541
1514989800,7.81,7.81,7.55,7.75,13189
1515076200,7.728,7.7777,7.728,7.75,3103
1515162600,7.76,7.795,7.73,7.74,3205
1515421800,7.6495,7.8,7.48,7.72,12471
1515508200,7.72,7.72,7.72,7.72,200
1515594600,7.4601,7.65,7.4601,7.6,2317
1515681000,7.52,7.71,7.52,7.7,8737
1515767400,7.7,7.77,7.6,7.77,3589
1516199400,7.58,7.78,7.58,7.7,13612
1516285800,7.55,8.0118,7.55,8.0118,21076
1516372200,7.96,8.04,7.62,7.62,22518
1516631400,7.5974,8.05,7.5974,8.05,8080
1516717800,7.91,7.9999,7.91,7.9999,2878
1516804200,7.8305,7.8305,7.8305,7.8305,963
1516977000,7.939,8.08,7.9147,8.08,826
1517236200,8.15,8.15,8.15,8.15,801
1517409000,8.02,8.04,8.0101,8.0101,416
1517495400,8.0501,8.0501,8.0501,8.0501,200
1517841000,8.34,8.34,8.34,8.34,223
1517927400,7.9,8.1,7.7499,8.1,2112
1518013800,7.66,7.66,7.66,7.66,327
1518100200,7.75,7.8601,7.75,7.75,468
1518186600,7.55,7.5501,7.251,7.5,10868
1518445800,7.5001,7.77,7.5001,7.77,214
1518532200,7.5,7.79,7.5,7.79,291
1518618600,7.4,7.82,7.4,7.8,306
1519137000,7.914,7.92,7.9,7.92,955
1519309800,8.18,9.15,7.652,8.9201,32836
1519396200,9,9.6724,8.75,9.2295,9091
1519655400,10.45,13.03,9.65,10.533,38187
1519741800,10.25,10.5,9.8501,10.3013,3395
1519828200,10.3013,10.8965,9.9747,10,8485
1519914600,9.8125,10.101,9.8125,10.101,1224
1520001000,9.5101,10.8455,9.5101,10.1515,12528
1520260200,10.0101,10.0101,10.0101,10.0101,354
1520346600,10.0384,10.38,10.0384,10.38,1623
1520433000,10.08,10.4299,10,10.4299,2938
1520519400,10.0101,10.0101,10.01,10.01,721
1520605800,9.9517,9.9517,8.6,9,7798
1520861400,9,9.613,9,9.56,4867
1520947800,9.5,9.566,9.5,9.566,2736
1521034200,9.5481,9.5616,9.5,9.5,5096
1521120600,9.5898,9.5898,9.35,9.3501,3483
1521207000,9.57,9.57,9.57,9.57,209
1521466200,9.5,9.5001,9.35,9.35,502
1521552600,9.35,9.398,9,9,2951
1521639000,8.85,8.85,8.768,8.768,2361
1521725400,8.965,9.089,8.7,8.7,4705
1521811800,8.757,8.757,8.757,8.757,973
1522071000,8.641,8.641,8.6,8.6,1079
1522157400,8.75,8.91,8.607,8.894,4985
1522243800,8.7675,8.869,8.751,8.869,2417
1522330200,8.799,8.8202,8.799,8.8,1010
1522762200,8.6,8.71,8.4498,8.65,5998
1522848600,8.76,8.975,8.68,8.975,7681
1523021400,8.75,8.75,8.75,8.75,566
1523280600,8.66,9.1917,8.66,9.1917,5486
1523367000,9.2,9.667,9.075,9.29,14037
1523453400,8.77,9.1853,8.77,9.1853,6463
1523539800,8.95,9.5053,8.95,9.133,13999
1523885400,9.18,9.2,9.17,9.17,546
1523971800,9.2,9.2,9.2,9.2,194
1524058200,9.6862,9.901,9.6862,9.901,502
1524144600,9.646,9.646,8.88,9.088,2425
1524231000,9.3811,9.3811,9.38,9.38,735
1524490200,8.9488,8.9488,8.9488,8.9488,156
1524576600,9.18,9.18,8.8,8.8,345
1524663000,9,9,8.8,8.8,352
1524749400,8.81,8.81,8.5,8.63,3265
1524835800,8.5255,8.6214,8.35,8.4141,10496
1525095000,8.45,8.45,8.3,8.3,2890
1525181400,8.25,8.3723,8.249,8.25,6636
1525699800,7.9999,8.13,7.955,8.13,4808
1525786200,8.6,9.0258,8.42,8.52,9965
1525872600,8.52,9.0546,8.3847,8.7,10306
1525959000,9.05,9.1903,8.63,8.63,10991
1526045400,8.6593,9.15,8.6346,9.15,6030
1526304600,9.23,9.25,9.13,9.1574,9897
1526391000,8.9499,9.3,8.9499,9.2,6254
1526477400,9.25,9.25,9.003,9.07,5261
1526563800,9.34,9.73,9.2,9.45,14543
1526650200,9.36,9.36,9.35,9.36,725
1526909400,9.01,9.3,9.0087,9.25,14271
1526995800,9.54,9.6622,9.26,9.31,12552
1527082200,9.1522,9.31,9.1522,9.25,2805
1527168600,9.4282,9.685,9.0547,9.67,22820
1527255000,9.7,9.745,9.25,9.25,15357
1527600600,9.44,9.45,9.4307,9.45,6398
1527687000,9.6003,9.6003,9.6003,9.6003,367
1527773400,9.956,10,9.2561,9.4571,1261
1527859800,9.4,9.68,9.3797,9.67,6422
1528119000,9.9,10,9.425,9.57,12657
1528205400,9.875,10.704,9.7803,10.18,28988
1528291800,10.3784,10.906,10.3703,10.75,2925
1528378200,10.56,10.888,10.55,10.888,2181
1528723800,10.55,10.5698,10.55,10.5698,779
1528810200,10.4993,10.4993,10.4993,10.4993,104
1528896600,10.055,10.55,10.055,10.55,1258
1528983000,10.89,10.89,10.89,10.89,151
1529069400,10.3027,10.89,10.174,10.89,6132
1529328600,10.5315,10.89,10.39,10.85,4102
1529415000,10.35,10.5,10.1997,10.43,6531
1529501400,10.89,10.89,10.39,10.5,6750
1529587800,10.6989,10.8365,10.6357,10.6357,3595
1529674200,10.868,10.868,10.5001,10.5001,1512
1530019800,10.752,10.752,10.6544,10.6544,1107
1530106200,10.5,10.5604,9.7979,10.5,4454
1530192600,10.545,10.8365,10.545,10.8365,2571
1530279000,10.5325,10.6953,10.5325,10.6953,350
1530538200,10.75,10.8,10.6296,10.8,412
1530624600,10.5,10.5,10.5,10.5,1001
1530883800,10.6452,10.6452,10.6452,10.6452,122
1531143000,10.5626,10.5626,10.5626,10.5626,142
1531229400,10.5,10.7422,9.7935,10.7422,1425
1531315800,10.3511,10.4042,10.2,10.2,1169
1531402200,10.0525,10.15,9.7913,10.15,5400
1531488600,10.2,10.375,10.12,10.2,6207
1531747800,10.2,10.2,10.2,10.2,128
1531920600,10.2003,10.2003,10.2003,10.2003,1002
1532352600,10.219,10.3,10.219,10.3,877
1532439000,10.251,10.2665,10.2,10.2665,1280
1532611800,9.88,10.25,9.88,10.25,200
1533216600,10,10.2916,10,10,2004
1533303000,10.02,10.3,10.02,10.3,1547
1533562200,10.25,10.25,9.5,9.51,3647
1533648600,10.2499,10.2499,8.7313,9.45,9550
1533735000,9.99,10.4003,9.7,9.7,4271
1534167000,9.8369,10.94,9.69,10.94,3278
1534253400,9.924,10.295,9.25,10.1,7159
1534339800,10.3218,10.4119,10,10,2171
1534512600,10.4541,10.4541,10.4541,10.4541,222
1534771800,11.09,11.09,11.09,11.09,732
1534858200,10.45,10.6373,10.0301,10.0301,2430
1535376600,10.25,10.2675,10.25,10.25,1045
1535463000,10.25,10.26,10.25,10.26,429
1535549400,10.2816,10.385,10.2816,10.385,561
1535635800,10.3499,11.253,10.3499,11.253,11416
1535722200,10.9274,10.9274,10.9274,10.9274,466
1536067800,11,11,11,11,539
1536154200,10.93,10.93,10.25,10.25,639
1536240600,10.5,10.5,10.5,10.5,503
1536586200,10.4,10.4,9.85,9.85,2156
1536672600,10.02,10.02,10,10,968
1536759000,10,10.0001,9.48,10.0001,19276
1536845400,10,11.1399,9.76,10.5,7323
1536931800,10.5,10.5,10.5,10.5,307
1537191000,10.3,10.5,10.3,10.5,951
1537363800,10.5,10.6485,10.5,10.5,795
1537450200,10.5,10.5,10.5,10.5,214
1537536600,10.69,12.99,10.4,12.99,5850
1537795800,12.6415,12.6415,11.75,11.75,690
1537882200,11.76,12.475,11.76,12.475,1845
1538055000,12.49,12.5,12.1099,12.5,1033
1538400600,11.5019,11.5019,11,11,2212
1538573400,11,12.1,11,11.75,1602
1538659800,12.47,12.47,12.47,12.47,444
1538746200,12.5,12.5,12.5,12.5,218
1539264600,11,11.135,10.75,10.7501,2920
1539610200,10.5,10.5,10.25,10.37,2120
1539696600,10.35,10.35,10.25,10.25,1121
1539783000,10.25,10.31,10.25,10.25,1221
1539869400,10.25,10.25,10.01,10.01,537
1539955800,10,10,10,10,2220
1540215000,9.7625,9.7625,9.7625,9.7625,579
1540387800,9.75,9.825,9.75,9.825,2369
1540560600,9.04,9.9,9.04,9.9,1309
1540992600,9,9.6,9,9.6,502
1541514600,9,9.0001,9,9,1464
1542033000,9.87,9.89,9,9.14,1452
1542637800,9.106,9.106,9.106,9.106,563
1542724200,9.2245,9.2245,9.2245,9.2245,100
1542810600,9.04,9.5,8.81,9,3104
1543415400,9.6,10.0854,9.6,10.0854,485
1544106600,10.06,10.06,9,9.29,6110
1544193000,10.3283,10.3283,9,9,3592
1544452200,9.2,9.2,9.0555,9.0555,1919
1544538600,9.0529,9.0529,8.85,8.94,1065
1544797800,8.8101,9.03,8.8101,9.025,5605
1545316200,8.8,8.8,8.8,8.8,266
1545402600,8.8001,8.8225,8.8001,8.8225,416
1545661800,8.8,8.844,8.75,8.792,1968
1545834600,8.7435,8.7435,7.85,8,4541
1545921000,8.401,8.4085,8.042,8.042,1361
1546007400,8.33,8.33,8.33,8.33,465
1546266600,8.432,8.432,8.432,8.432,395
1546439400,8.677,8.677,8.677,8.677,501
1546957800,8.2501,8.2501,8.25,8.25,1600
1547217000,8,8,7.7104,7.7719,3640
1547476200,7.72,8.4154,7.37,8.4154,12101
1547562600,7.95,8.979,7.95,8.969,14052
1547649000,9.2,9.2,9.2,9.2,257
1548167400,8.6,8.6,8.3,8.3,4231
1549031400,8.55,8.6,8.5,8.5415,1242
1549377000,8.4999,8.5,8.31,8.31,2656
1549463400,8.5,8.5,8.5,8.5,113
1549549800,8.443,8.481,8.443,8.481,323
1549895400,8.3,8.3,8.3,8.3,196
1550068200,8.3667,8.5,8.3,8.3,2954
1550241000,8.35,8.35,7.552,7.6966,13354
1550586600,7.73,8.0312,7.68,7.9299,2529
1550759400,7.9607,7.9607,7.9501,7.96,3683
1550845800,8.24,8.5,8.035,8.29,7289
1551105000,8.25,8.25,8,8.09,3222
1551450600,8.06,8.06,8,8,1156
1551709800,8.07,8.45,8.07,8.45,4807
1551796200,8.36,8.4,8.0646,8.0646,3905
1551882600,8.12,8.36,8.01,8.16,664
1551969000,8.03,8.38,8.01,8.19,827
1552055400,8.05,8.38,8.04,8.206,3736
1552311000,8.11,8.2,8,8.05,818
1552483800,8,8,7.9264,7.97,942
1552570200,7.8811,8.0711,7.8811,8.0711,1675
1552656600,8.07,8.2109,8.0001,8.0001,1554
1552915800,7.897,8,7.891,7.9999,1604
1553002200,7.839,8,7.839,8,1137
1553088600,7.86,8,7.86,8,694
1553261400,8.04,8.04,8,8.0001,2483
1553779800,8.22,8.22,8.22,8.22,279
1554298200,8.1114,8.1114,8.1114,8.1114,132
1554471000,7.7624,8.04,7.7624,8,627
1554730200,8.1,8.469,8.07,8.1162,8227
1554816600,8.25,8.49,8,8.09,8589
1554903000,8.2,8.4685,8.0004,8.0004,5864
1554989400,8.644,8.644,8.11,8.25,3256
1555075800,8.1668,8.1668,8.1668,8.1668,204
1555594200,8.06,8.06,8.06,8.06,386
1556112600,8,8,8,8,204
1556199000,8,8,7.25,7.26,12085
1556285400,7.4394,7.4394,7.4394,7.4394,501
1556544600,7.43,7.51,7.43,7.5,850
1556717400,7.3,7.3,7.3,7.3,621
1556803800,7.4542,7.58,7.4542,7.5799,3667
1556890200,7.6,7.6,7.4635,7.4635,3201
1557149400,7.66,7.66,7.2598,7.3,3989
1557235800,7.3,7.38,7.25,7.25,4411
1557840600,7.2797,7.2797,7.2797,7.2797,102
1557927000,7.386,7.4,7.35,7.4,1062
1558445400,7.25,7.75,7.25,7.66,2272
1558531800,7.66,7.66,7.66,7.66,105
1558618200,7.8,7.8001,7.5,7.6,5368
1558704600,7.74,7.9867,7.7,7.889,835
1559050200,7.9998,7.9998,7.9998,7.9998,1216
1559136600,7.96,8.002,7.96,7.97,3856
1559223000,7.8,7.94,7.755,7.755,2181
1559309400,7.7136,7.7136,7.7135,7.7135,340
1559568600,7.8754,7.8754,7.71,7.71,425
1559655000,7.75,7.78,7.75,7.78,1507
1559827800,7.38,7.565,7.38,7.565,623
1559914200,7.33,7.8,7.33,7.8,1160
1560778200,8.1,8.1,8.1,8.1,373
1561469400,7.75,7.75,7.46,7.46,1836
1561555800,7.3828,7.46,7.3788,7.4233,2420
1561642200,7.261,7.3593,7.26,7.3593,1138
1561728600,7.3137,7.3137,7.3137,7.3137,836
1561987800,7.25,7.35,6.8,7.35,6673
1562333400,7,7.12,6.5,7.12,3245
1562765400,7.35,7.35,7.35,7.35,156
1562851800,8.05,8.84,7.52,7.52,4713
1562938200,7.29,7.29,7.29,7.29,292
1563283800,7.29,7.36,7.29,7.36,1137
1563456600,7,7.25,7,7.25,5097
1563802200,7,7,6.99,6.99,890
1563888600,6.99,6.99,6.99,6.99,502
1563975000,6.76,6.76,6.76,6.76,162
1564061400,7.1254,7.1254,7,7,1411
1564147800,7.168,7.24,6.5,6.97,10718
1564407000,6.76,6.76,6.76,6.76,221
1564493400,7.14,7.14,7.14,7.14,144
1564579800,6.8843,7.15,6.8843,7.15,1722
1564752600,6.85,6.85,6.52,6.82,3910
1565011800,6.59,6.6032,6.5,6.5,2212
1565184600,6.8852,6.8852,6.5076,6.5076,965
1565271000,6.547,6.6075,6,6.299,5386
1565357400,6.3918,6.45,6.0885,6.41,2932
1565616600,6.3,6.65,6.3,6.45,7120
1565703000,6.5,6.5,6.25,6.5,5494
1565789400,6.3416,6.3416,6.3416,6.3416,500
1565875800,6.34,6.34,6.0184,6.03,3955
1565962200,6.25,6.44,6.25,6.44,5797
1566221400,6.39,6.4,6.39,6.4,929
1566480600,5.84,5.84,5.84,5.84,150
1566567000,6.07,6.35,5.985,6.07,4808
1566826200,6,6.749,6,6.2813,6205
1566912600,6.4,6.7194,6.4,6.56,4981
1566999000,6.5,6.5,6.3524,6.3524,829
1567085400,6.231,6.5687,6.231,6.237,2211
1567171800,6,6.23,5.85,6.161,5989
1567517400,5.956,5.956,5.956,5.956,450
1567603800,6.105,6.49,6.08,6.448,5094
1567690200,6.23,6.29,6.2155,6.2813,641
1568035800,6.03,6.149,5.91,5.91,757
1568122200,5.94,6.05,5.91,6.05,1057
1568208600,6,6.039,5.98,5.98,606
1568295000,6.49,6.9297,6.49,6.55,1792
1568381400,6.5724,6.724,6.1412,6.16,5911
1568640600,6.545,6.7768,6.545,6.7768,5263
1568899800,6.2564,6.2564,6.2564,6.2564,340
1568986200,6.04,6.04,6.04,6.04,706
1569245400,5.93,6.17,5.88,6.17,3300
1569331800,6.7254,6.7254,6.35,6.35,3023
1569418200,6.6,6.6,6.6,6.6,250
1569504600,6.29,6.29,6.1,6.1,644
1569591000,6.34,6.34,6.34,6.34,246
1570195800,6.08,6.08,5.75,5.75,328
1570455000,6.18,6.18,6.18,6.18,293
1570627800,6.25,6.439,5.86,6.439,1745
1570714200,6.3,6.3,6.3,6.3,164
1571059800,6.29,6.29,6.01,6.01,702
1571146200,6.01,6.01,6,6,743
1571232600,5.88,6.25,5.86,6.25,1705
1571319000,6.1003,6.1003,6.1003,6.1003,229
1572355800,6.12,6.12,6.12,6.12,570
1572615000,6,6.075,5.85,5.85,859
1572877800,6.6,6.6,6.1244,6.1244,997
1572964200,5.75,5.75,5.75,5.75,451
1573050600,6.2551,6.2551,5.7711,5.7856,652
1573137000,5.78,5.8311,5.77,5.77,1535
1573482600,5.75,5.7511,5.75,5.7511,391
1573655400,5.81,5.81,5.81,5.81,528
1573828200,5.71,5.71,5.5,5.5599,1873
1574173800,5.05,5.49,5.05,5.48,1396
1574433000,5.2,5.2,5.2,5.2,1012
1574692200,5.2134,5.2134,5.2134,5.2134,401
1574778600,5.23,5.3593,5.2001,5.3593,500
1574865000,5.2,5.48,5.2,5.2,5646
1575037800,5.4623,5.4623,5.4623,5.4623,281
1575297000,6.58,6.6029,5.6,5.6,5613
1575383400,5.6791,5.905,5.58,5.71,5235
1575469800,5.41,5.41,5.41,5.41,348
1575556200,5.25,5.3,5.25,5.26,950
1575901800,5.25,5.26,5.1802,5.1802,1764
1575988200,5.5,5.6783,5.5,5.6783,2466
1576074600,6.3876,6.3876,6,6.0268,6198
1576161000,6.05,6.05,5.2873,5.29,9177
1576506600,5.76,6.2195,5.65,6.2195,4838
1576593000,6.0811,6.4,6.0811,6.4,1839
1576679400,6,6.0279,6,6.0279,2577
1576765800,6.0427,6.155,6,6,1504
1576852200,6,6.225,6,6.05,1112
1577111400,6.05,6.08,5.55,5.62,11084
1577370600,5.74,5.75,5.5,5.5,1311
1577457000,5.7475,5.7475,5.3601,5.42,11454
1577802600,5.4729,5.6959,5.35,5.35,1341
1577975400,5.7413,5.75,5.7413,5.75,378
1578061800,5.35,5.89,5.32,5.4376,4475
1578321000,5.771,5.8789,5.77,5.82,1484
1578407400,5.9,5.9376,5.49,5.8,7782
1578493800,6,6,5.6192,5.62,5484
1578580200,5.8,5.8,5.8,5.8,119
1578666600,5.61,5.61,5.6,5.6,1400
1578925800,5.7,5.7,5.7,5.7,806
1579012200,5.55,6.3999,5.55,6.3999,9150
1579098600,5.78,6.4,5.78,6.2077,18284
1579185000,6.27,7.09,6.27,7.09,5430
1579271400,6.8,7.2,6.8,7.2,4043
1579617000,7.15,7.375,7.15,7.3125,10152
1579703400,6.73,7,6.11,6.3956,35189
1579789800,6.3153,6.3153,6.15,6.15,789
1579876200,6.0092,6.1417,5.55,5.9392,15098
1580135400,5.55,5.753,5.51,5.5776,5617
1580221800,5.64,5.64,5.6,5.6,529
1580308200,5.5501,5.5501,5.55,5.55,863
1580394600,5.5908,5.5908,5.5,5.5,2293
1580481000,5.39,6.276,5.3,5.356,8612
1580740200,5.46,5.999,5.359,5.78,6516
1580913000,5.545,5.79,5.545,5.79,665
1580999400,5.567,5.567,5.567,5.567,1018
1581085800,5.7422,5.75,5.5013,5.6729,4310
1581431400,5.62,5.67,5.5834,5.5834,3665
1581604200,5.475,5.475,5.475,5.475,216
1581690600,5.1929,5.5108,5.1929,5.5108,252
1582036200,5.295,5.295,5.295,5.295,208
1582122600,5.5778,5.766,5.45,5.6,1696
1582209000,5.5776,5.5776,5.45,5.45,552
1582295400,5.4,5.4,5.21,5.21,738
1582554600,5.18,5.18,5.18,5.18,340
1582641000,5.2534,5.2534,5.2534,5.2534,210
1582813800,5.2,5.3269,5.2,5.3269,1216
1582900200,5.17,5.17,5.17,5.17,703
1583159400,5.17,5.86,5.17,5.17,12466
1583245800,5.3,5.3,5.17,5.21,8044
1583418600,5.2,5.2,5.03,5.03,1997
1583505000,5.03,5.03,5.03,5.03,533
1583760600,4.75,4.75,4.2094,4.2094,10847
1583847000,3.8175,4.0356,3.8175,4,16310
1583933400,3.61,3.98,3.61,3.98,6321
1584019800,3.88,3.8976,3.01,3.15,13959
1584106200,3.2087,3.5,3.15,3.47,5309
1584365400,3.7268,4.1952,3.15,3.1845,15228
1584451800,3.44,3.45,2.9344,3,14902
1584538200,2.9,3.3305,2.825,3.33,5445
1584624600,3.1348,3.229,2.8664,3.229,13189
1584711000,3.47,3.97,3.45,3.45,4288
1584970200,3.1,3.45,2.892,3.45,867
1585056600,3.225,3.4899,3.1572,3.22,1283
1585143000,3.2311,3.5,3.2311,3.3697,1211
1585229400,3.2499,3.25,2.91,3.0933,2606
1585315800,3.2499,3.2499,3.156,3.24,1025
1585575000,3.4005,3.4005,3.24,3.3013,1623
1585661400,3.1601,3.28,3.1601,3.28,570
1585747800,3.3355,3.4,3.1728,3.1728,2518
1586179800,3.2024,3.2162,3.19,3.2162,564
1586352600,3.4,3.4,3.2943,3.2943,650
1586439000,3.2639,3.4,3.1553,3.4,2699
1586784600,3.2999,3.3,3.25,3.2985,899
1586871000,3.4,3.4,3.3192,3.3438,2582
1586957400,3.4,4.21,3.3999,3.69,7431
1587043800,3.75,3.75,3.696,3.75,2752
1587130200,3.69,3.69,3.5461,3.5461,462
1587389400,3.765,3.765,3.6783,3.6783,1247
1587475800,3.6901,3.8525,3.69,3.69,2374
1587562200,3.484,3.484,3.484,3.484,204
1587648600,3.6265,3.88,3.3101,3.312,3516
1587994200,3.5999,3.5999,3.369,3.4423,1055
1588080600,3.4565,3.4565,3.4565,3.4565,501
1588167000,3.45,3.45,3.45,3.45,340
1588253400,3.6,3.6,3.45,3.6,7489
1588339800,3.47,3.52,3.4,3.5,6052
1588685400,3.47,3.5855,3.47,3.5855,341
1588771800,3.5197,3.5197,3.47,3.47,704
1588944600,3.4,3.7,3.06,3.32,16131
1589203800,3.51,3.5273,3.32,3.32,1743
1589376600,3.29,3.35,3.29,3.35,617
1589463000,3.25,3.25,3.25,3.25,224
1589895000,3.22,3.22,3.155,3.2168,1221
1589981400,3.15,3.255,3.1122,3.12,4539
1590067800,3.29,3.29,3.1,3.1,2718
1590154200,3.1,3.2832,3.1,3.1,11493
1590499800,3.205,3.25,3.16,3.25,1958
1590586200,3.21,3.48,3.205,3.22,9389
1590672600,3.2233,3.43,3.16,3.3965,2495
1590759000,3.41,3.41,3.2201,3.38,2585
1591018200,3.21,3.295,3.2,3.2,1784
1591104600,3.4699,3.4699,3.22,3.22,2901
1591191000,3.288,3.288,3.288,3.288,513
1591363800,3.44,3.616,3.44,3.44,4662
1591623000,3.64,4.08,3.38,3.87,23594
1591709400,3.7,3.9436,3.35,3.35,10582
1591795800,3.525,3.525,3.487,3.487,936
1591882200,3.3801,3.39,3.2542,3.3119,3746
1591968600,3.25,3.32,3.1,3.15,15152
1592227800,3.25,3.47,3.1901,3.23,32262
1592314200,3.3,4.29,3.29,3.75,120077
1592400600,5.27,5.5,3.75,4.94,233050
1592487000,4.8,4.8,3.79,4.19,27968
1592573400,4.1,4.2208,3.7,3.73,37559
1592832600,4.06,4.47,3.76,3.98,16965
1592919000,3.81,4.08,3.7001,3.9,8931
1593005400,4.01,4.2,3.82,3.82,26579
1593091800,3.72,4.44,3.72,4.17,10322
1593178200,4.3,4.4,3.86,4.0483,20668
1593437400,4.1301,4.59,4.09,4.2,49422
1593523800,3.94,4.18,3.3634,3.4528,41584
1593610200,3.45,3.55,3.12,3.445,34227
1593696600,3.51,3.62,3.39,3.41,9398
1594042200,3.62,3.68,3.54,3.54,4822
1594128600,3.64,3.64,3.3101,3.3101,10980
1594215000,3.46,3.46,3.1634,3.24,15511
1594301400,3.28,3.4,3.12,3.34,9112
1594387800,3.128,3.57,3.128,3.25,17562
1594647000,3.38,3.39,3.2,3.3,9540
1594733400,3.25,3.26,3.1999,3.22,7126
1594819800,3.38,3.38,3.31,3.31,876
1594906200,3.301,3.4387,3.301,3.4,5422
1594992600,3.4,3.44,3.4,3.4,2973
1595251800,3.39,3.4,3.37,3.375,1494
1595338200,3.38,3.5287,3.38,3.5189,7708
1595424600,3.44,3.7601,3.44,3.7601,18394
1595511000,3.6702,3.8,3.66,3.79,3808
1595597400,3.92,3.92,3.7,3.7,3269
1595856600,3.96,4.18,3.715,3.88,9543
1595943000,3.87,4.15,3.7401,4.08,12155
1596029400,4.09,4.09,3.98,3.98,678
1596115800,4.1,4.1,3.58,3.61,7152
1596202200,3.35,3.67,3.35,3.55,11716
1596461400,3.5301,3.63,3.5301,3.63,3012
1596547800,3.77,3.77,3.56,3.56,263
1596634200,3.94,3.94,3.735,3.85,4561
1596720600,3.8695,3.9,3.7201,3.7201,3155
1596807000,3.75,3.75,3.75,3.75,7734
1597066200,3.865,4.11,3.7434,3.85,38653
1597152600,3.99,4.11,3.87,3.9215,2575
1597239000,3.8701,3.92,3.8,3.801,3621
1597325400,3.9114,4.0299,3.81,3.8108,2617
1597411800,3.8453,3.8453,3.8453,3.8453,335
1597843800,3.73,3.8294,3.5201,3.59,8460
1597930200,3.46,3.5227,3.3688,3.385,6725
1598275800,3.555,3.555,3.25,3.285,14644
1598362200,3.27,3.27,3.25,3.25,540
1598448600,3.34,3.34,3.25,3.3072,5106
1598621400,3.26,3.51,3.26,3.5,1613
1598880600,3.3385,3.3385,3.3385,3.3385,341
1598967000,3.19,3.27,3.19,3.25,1102
1599053400,3.206,3.206,3.19,3.19,1559
1599139800,3.34,4.38,3.2033,3.96,89242
1599226200,3.96,3.9999,3.5,3.51,39801
1599571800,3.715,3.97,3.5038,3.685,19381
1599658200,3.55,3.58,3.43,3.43,6251
1599744600,3.75,3.78,3.484,3.5623,7035
1599831000,3.58,3.67,3.46,3.51,2750
1600090200,3.37,3.6622,3.3635,3.54,2282
1600176600,3.3872,3.49,3.341,3.49,2208
1600263000,3.325,3.33,3.325,3.33,977
1600349400,3.323,3.3723,3.26,3.3723,1408
1600435800,3.31,3.4779,3.31,3.45,3309
1600695000,3.3,3.35,3.28,3.35,3000
1600781400,3.51,3.65,3.3,3.34,11699
1600867800,3.32,3.596,3.2925,3.3543,5369
1600954200,3.33,3.478,3.31,3.4146,3200
1601040600,3.31,3.33,3.3,3.33,2496
1601299800,3.4,3.47,3.25,3.47,4457
1601386200,3.5,3.75,3.32,3.52,11632
1601472600,3.59,3.59,3.3801,3.57,8578
1601559000,3.39,3.42,3.3133,3.41,4748
1601645400,3.45,3.5,3.3165,3.48,2360
1601904600,3.33,3.5677,3.32,3.3408,13024
1601991000,3.4399,4.1,3.395,3.8,208799
1602077400,3.8,3.8,3.4606,3.53,27147
1602163800,3.52,3.63,3.3801,3.5545,12121
1602250200,3.54,3.5855,3.41,3.4565,6631
1602509400,3.59,3.65,3.41,3.46,11402
1602595800,3.41,3.49,3.41,3.43,8762
1602682200,3.41,3.46,3.41,3.45,8878
1602768600,3.5,3.5,3.33,3.36,20901
1602855000,3.4001,3.45,3.38,3.44,4805
1603114200,3.57,4,3.3392,3.55,58875
1603200600,3.705,3.96,3.4752,3.69,56138
1603287000,3.5964,4.1026,3.5964,3.97,39998
1603373400,4.13,4.69,4,4.4,104412
1603459800,4.4,4.58,4.2389,4.465,9785
1603719000,4.24,4.285,3.92,4.09,28242
1603805400,4.12,4.58,4.0717,4.16,56467
1603891800,4.22,4.98,4.22,4.9,51558
1603978200,4.97,5.3931,4.37,4.38,111676
1604064600,4.5,4.79,4.5,4.57,8771
1604327400,4.28,4.28,3.91,3.91,5833
1604413800,3.901,4.0416,3.87,3.97,14936
1604500200,3.82,4.075,3.82,4.059,1257
1604586600,4.27,4.36,4.1004,4.1798,7759
1604932200,4.18,4.61,4.18,4.49,12429
1605018600,4.56,4.695,4.56,4.64,1385
1605105000,4.7499,4.8999,4.68,4.8,6594
1605191400,5.13,5.13,4.77,4.98,4735
1605277800,5.08,5.08,4.75,4.87,2690
1605623400,4.97,5.025,4.917,5.01,13735
1605709800,5.11,5.4,5.05,5.12,10753
1605796200,4.96,5.2194,4.96,5.15,4166
1605882600,5.25,5.43,5.1,5.26,23144
1606141800,5.45,5.45,5.1468,5.4482,2692
1606228200,5.1254,5.4147,5.1254,5.4147,2009
1606314600,5.472,5.48,5.2231,5.31,1501
1606746600,5.2289,5.4019,5.1,5.1,3651
1606833000,5.44,5.44,5.155,5.155,1531
1606919400,5.2068,5.67,5.2068,5.67,8165
1607005800,5.7599,5.79,5.37,5.76,8311
1607092200,5.83,6.01,5.79,5.9,15923
1607351400,6.2562,6.29,5.95,6.23,3546
1607437800,6.11,6.2504,6.1,6.2504,3918
1607524200,6.19,6.2,6.0031,6.11,4269
1607697000,6.05,6.25,6,6.25,4074
1607956200,6.0703,6.15,5.83,6.13,5000
1608042600,5.85,6.19,5.51,6.19,18011
1608129000,6.24,6.5,6,6.5,11446
1608215400,6.66,6.7,6.4,6.4323,12962
1608301800,6.44,6.64,6.42,6.42,3197
1608561000,6.47,6.53,6.44,6.51,2760
1608647400,6.31,6.75,6.31,6.75,2811
1608733800,6.43,6.75,6.43,6.45,1004
1608820200,6.45,6.53,6.44,6.48,2412
1609165800,6.5,6.77,6.5,6.7565,3662
1609252200,6.83,7.6,6.82,7.6,26980
1609338600,8.743,13.39,8.1,10.35,238104
1609425000,10.82,11.81,9.6672,9.9694,59575
1609770600,10.49,10.49,8.6401,9.67,27944
1609857000,8.7,10.6,8.5001,8.61,20289
1609943400,8.65,9.65,8.65,9.45,18911
1610029800,9.64,10.3,9.58,10,18426
1610116200,9.68,9.9999,9,9.67,6637
1610375400,9.7,9.98,8.8,9.98,6191
1610461800,9.7,10,9.56,9.85,3568
1610548200,9.7,11.25,9.7,11,39537
1610634600,11.05,11.05,10.3407,10.4,8806
1610721000,11.49,16,10.704,11.125,472423
1611066600,11.92,11.92,10.53,11.1,71893
1611153000,11.3,11.99,10.566,11.6,79958
1611239400,11.49,11.49,10.92,10.9536,21887
1611325800,11.03,11.03,10.645,10.87,10198
1611585000,10.75,11.98,10.75,11.69,40135
1611671400,11.6776,11.82,11.25,11.59,6152
1611757800,11.01,11.59,9.1601,9.1601,85873
1611844200,10.23,10.25,9.7274,9.77,15884
1611930600,10.415,10.67,9.72,9.8,21365
1612189800,10.05,10.31,9.6453,9.995,21885
1612276200,10.2,10.2,9.77,10.05,9625
1612362600,9.85,10.68,9.85,10.6,5316
1612449000,10.46,10.71,10.1409,10.29,14447
1612535400,10.219,10.35,10.2,10.22,10023
1612794600,10.22,10.38,10,10.03,16436
1612881000,10.11,11.4445,10.035,11.05,71164
1612967400,11.75,12.98,11.07,11.5,99002
1613053800,11.72,12.4171,10.48,10.96,82196
1613140200,11.11,11.9499,10.6401,11.8,81195
1613485800,11.77,14.5,11.31,13.74,184932
1613572200,12.61,14.5,12.35,13.72,167374
1613658600,13.3,14.05,12.15,12.15,85635
1613745000,13,13.12,11.18,11.21,68098
1614004200,10.88,11.1961,10.65,10.81,21372
1614090600,10.475,10.53,8.3613,9.87,53354
1614177000,9.74,10.6699,9.74,9.87,20705
1614263400,10.0001,10.18,9.53,9.54,16735
1614349800,9.4,9.95,9.4,9.67,9540
1614609000,9.99,10.485,9.7261,9.91,23792
1614695400,10.1,10.1613,9.61,9.82,13164
1614781800,9.77,10,9.3,10,11479
1614868200,10.08,10.08,8.88,9.4,27022
1614954600,9.28,9.28,8.97,9.04,18614
1615213800,9.0644,9.5,9.0644,9.48,2658
1615300200,9.3957,9.88,9.31,9.88,9053
1615386600,9.6,11.13,9.6,9.96,35081
1615473000,10.56,10.56,10.14,10.3753,7255
1615559400,10.74,11.22,10.0001,10.37,36133
1615815000,10.06,10.8218,10.06,10.42,26290
1615901400,9.662,10.3,9.5801,9.63,15629
1615987800,9.77,10.7399,9.61,10.35,37203
1616074200,10.37,11.25,10.01,10.05,36592
1616160600,10.1,10.9855,9.8001,10.7,13596
1616419800,10.7,10.7,10.3,10.3,11614
1616506200,10.595,11.25,10.21,10.34,90753
1616592600,10.55,12.2325,10.26,10.94,110292
1616679000,11.08,11.08,9.94,10.17,23758
1616765400,10.16,10.6983,9.9427,10.23,18109
1617024600,10.1,10.15,9.35,10,26224
1617111000,9.69,10.3,9.501,9.86,10330
1617197400,9.8,9.85,9.7845,9.8,2831
1617283800,10.3384,11.4,9.7305,10.5,48428
1617629400,10.3,11.2,10.203,10.38,31200
1617715800,10.33,10.33,9.76,9.98,8586
1617802200,10.076,11.096,10.02,10.78,90998
1617888600,10.55,13.62,10.33,10.97,447042
1617975000,10.73,11.09,9.8,9.8,62011
1618234200,10.2,10.6,10.13,10.36,23379
1618320600,10.27,10.405,9.9,10.2,14956
1618407000,10.2065,10.38,9.56,9.66,17793
1618493400,10,10,9.0001,9.1,29763
1618579800,9.2,9.72,9.07,9.56,44057
1618839000,9.37,10.3299,9.37,10.0555,10306
1618925400,10.06,10.29,10.03,10.23,2858
1619011800,10.1137,10.235,9.87,10.13,9152
1619098200,9.88,10.01,9.52,9.63,22354
1619184600,9.79,9.8,9.54,9.71,10816
1619443800,9.45,10.01,9.45,9.82,21897
1619530200,10.1218,10.1218,10.03,10.05,952
1619616600,10.05,10.09,9.75,9.75,2174
1619703000,9.865,9.9247,9.55,9.9247,8674
1619789400,9.66,10.11,9.66,9.83,6411
1620048600,9.79,10.5999,9.79,10.3,45582
1620135000,10.23,10.23,9.91,10.05,5169
1620221400,10.05,10.1,9.96,9.9701,4451
1620307800,9.99,10.86,9.8,10.41,49333
1620394200,10.32,11.03,10.29,10.29,10853
1620653400,10.228,10.6,10.11,10.46,10324
1620739800,10.17,10.34,9.8,10.15,19174
1620826200,10.0797,10.1325,9.09,9.2916,16589
1620912600,9.7193,9.9914,9.06,9.16,66317
1620999000,9.35,9.35,8.95,8.95,6088
1621258200,9,9.24,9,9.1799,2568
1621344600,9.07,9.38,8.97,9.11,10031
1621431000,9.26,9.49,8.65,9.05,2352
1621517400,9.12,10.01,9.12,9.6,61740
1621603800,9.73,9.8779,9.25,9.39,19778
1621863000,9.12,9.48,9.12,9.4,5014
1621949400,9.24,9.48,9.23,9.4,4487
1622035800,9.25,9.3,9.0601,9.2,8437
1622122200,9.2411,9.31,9.11,9.11,1969
1622208600,9.3,9.39,9.2999,9.3899,2009
1622554200,9.33,9.39,9.15,9.31,2893
1622640600,9.28,10.09,9.28,9.405,27513
1622727000,9.4,9.78,9.4,9.52,8101
1622813400,9.68,11.2,9.68,10.87,76347
1623072600,10.74,10.87,10.3401,10.76,5644
1623159000,11.115,11.8699,10.67,11.1,15178
1623245400,11.17,11.17,10.835,10.85,5573
1623331800,11.05,12.99,10.4901,11.0101,191070
1623418200,11.02,11.9086,10.4636,10.76,18117
1623677400,10.86,10.86,10.4401,10.6235,9226
1623763800,10.79,10.84,10,10.33,12845
1623850200,10.66,11.1736,9.72,10.1006,18411
1623936600,10.21,10.5927,10.154,10.32,13539
1624023000,10.32,10.6,10.1601,10.43,7264
1624282200,10.28,10.53,10.28,10.43,8545
1624368600,10.41,11.45,10.41,11.15,109873
1624455000,10.89,11.7099,10.73,11.31,12599
1624541400,12.02,12.02,11.2066,11.3,7793
1624627800,17.94,25,15.12,18.56,13006866
1624887000,19.4006,27.5,18.6,20.87,7936553
1624973400,20.47,21.85,18.5,21.2,736910
1625059800,19.63,20.685,18.7301,19.31,173290
1625146200,19.5,23.7,18.5,22.8,436287
1625232600,22.8,24.61,21.24,23.47,529077
1625578200,22.19,23.75,20.35,20.45,154941
1625664600,20.7,20.9877,20.3501,20.75,65235
1625751000,20.76,20.76,19.84,20.58,83095
1625837400,20.62,23.4133,20.12,21.78,260367
1626096600,22.25,23.2,20.6001,21.47,123468
1626183000,21.06,21.57,20.6,21.04,43202
1626269400,21.04,21.388,20.24,20.3989,38849
1626355800,20.45,20.45,17.94,17.94,101453
1626442200,18.01,19.41,18.01,19.22,26483
1626701400,18.76,19.78,18.28,19.19,53031
1626787800,18.9,20,18.46,19.03,32791
1626874200,18.76,21.1399,18.5135,19.9,101880
1626960600,19.86,21.43,19.38,21.15,99231
1627047000,21.6,21.64,20.56,20.99,41294
1627306200,21.25,24.2,21.25,22.97,128545
1627392600,22.6,22.76,20.52,22,59119
1627479000,21.81,23.24,21.81,22.37,74522
1627565400,22.2,22.75,21.0301,21.97,31317
1627651800,21.52,21.97,21.42,21.77,12597
1627911000,22.12,23.75,21.88,23.54,44259
1627997400,24.49,24.49,22.36,22.99,34852
1628083800,22.98,23.39,22.2144,22.8,19458
1628170200,22.89,22.96,21.7444,22.7,43599
1628256600,22.81,24.07,21.68,22.62,116455
1628515800,22.75,23.43,21.9424,22.49,52649
1628602200,23.54,23.54,22.7601,22.9,27816
1628688600,23.2,23.63,23.01,23.39,19447
1628775000,23.75,23.99,23.02,23.98,27117
1628861400,24,25.65,24,24.5,107758
1629120600,24,24,22.02,23.29,33691
1629207000,23.54,23.54,22.28,23.27,37837
1629293400,22.92,23.75,22.1,22.24,35330
1629379800,22,23.245,20.445,23,82893
1629466200,22.76,23.82,22.1681,23.51,26858
1629725400,23.07,24.5,22.6904,23.72,12790
1629811800,24.1,25.3916,23.4519,25.39,19833
1629898200,24.83,25.19,24.23,24.55,18627
1629984600,24.35,25.5,24.35,24.7,50990
1630071000,25.32,33.8,24.68,31.75,484883
1630330200,31.53,33.32,27.09,28.73,129223
1630416600,28.7,29.8418,27,27.4,65463
1630503000,27.83,28.571,26.28,26.75,65204
1630589400,27.17,31.5499,27.17,30.33,145732
1630675800,29.92,31.449,28.8866,29.16,46239
1631021400,28.99,30.8906,28.99,29.75,41747
1631107800,29.93,30.42,27.92,28.6,39474
1631194200,28.59,31,27.7137,29.09,59776
1631280600,29.37,29.605,26.37,27.39,32371
1631539800,27.57,28.29,26.01,26.09,37036
1631626200,26.65,27.8,26.14,26.74,10508
1631712600,26.78,28.96,26.78,27.51,33042
1631799000,27.68,28.83,27.56,27.85,18163
1631885400,27.58,28.3,27.1,27.15,19037
1632144600,27.11,27.46,26.52,26.56,27654
1632231000,26.78,27.38,26,26,21238
1632317400,26.53,27.75,26.14,27.6,42521
1632403800,27.44,28.5,26.28,27.73,57538
1632490200,27.25,28.93,26.28,28.65,28928
1632749400,28.29,29.1799,27.36,27.57,18350
1632835800,27.07,28.5699,26.29,27.13,24749
1632922200,27.41,28.4528,27.0401,27.485,27306
1633008600,27.86,28.4,26.42,28.4,16194
1633095000,28.41,30,27.8352,28.58,50089
1633354200,28.9,29.17,27.8101,28.8,26232
1633440600,28.8,31,28.8,29.85,45817
1633527000,29.57,31.4,28.85,29.21,21614
1633613400,28.85,30.933,28.85,30.5,38554
1633699800,30.02,30.15,28.33,28.71,48872
1633959000,28.89,30.26,28.89,29.77,13199
1634045400,29.8736,29.8736,27.68,28.09,22060
1634131800,28.35,29.3,27.17,28.42,27680
1634218200,28.8,29.42,28.4201,28.89,11196
1634304600,29.5,30.5,28.25,30.05,36701
1634563800,29.55,32.2188,28.56,28.76,42813
1634650200,29.26,30.64,28.58,29.88,31300
1634736600,29.88,30.65,29.01,30.65,34074
1634823000,30.89,31.0329,29.41,29.95,13862
1634909400,29.67,29.9197,26.27,28.11,45534
1635168600,27.52,29.395,27.51,28.01,30296
1635255000,27.94,29.0447,27.75,28,9050
1635341400,27.718,27.9829,27.28,27.74,11157
1635427800,27.65,29.19,27.65,28.05,7544
1635514200,27.8699,28.2465,26.0979,26.61,17230
1635773400,27.04,29.3309,26.85,27.99,16946
1635859800,27.65,27.9,26.17,27.45,18899
1635946200,27.35,29.25,27.35,29.25,12741
1636032600,29.25,29.25,28.8601,29.25,12721
1636119000,29.25,29.75,28.97,29.285,17548
1636381800,29.08,32.9999,29.08,31.675,51671
1636468200,32,34.4353,31.75,33.8,29732
1636554600,33.44,34.5,33,33.04,16132
1636641000,33.62,34.47,33.0618,33.7006,10861
1636727400,34.31,34.4987,33.28,33.33,17309
1636986600,33.7,33.7,32,33.6,36874
1637073000,33.13,41.54,32.5554,41,67494
1637159400,41.83,43.98,38.62,38.98,50711
1637245800,39.17,42,38.0872,39.8,36322
1637332200,40.47,43.53,39.3701,42.31,35973
1637591400,42.96,42.96,39.66,41.8,53225
1637677800,41.2,42.87,39.8115,40,24683
1637764200,39.93,40.375,37.25,38.2,24249
1637937000,37.15,40.7884,37.15,40.7,11838
1638196200,39.7,39.7,35.5101,37.1,62335
1638282600,37.0225,37.0469,32.84,33.46,44855
1638369000,33.9,34.49,33.25,33.43,17852
1638455400,33.79,33.79,29.5101,30.51,26732
1638541800,31.02,34.1079,28.06,28.85,40441
1638801000,28.79,31.51,26.1301,31.04,37480
1638887400,32.42,36,31.48,32.96,28878
1638973800,33.31,35.53,32.9386,34.25,38525
1639060200,34.18,35.1789,33.57,34.59,28097
1639146600,34.94,36.5,33.26,34,48682
1639405800,35.33,35.9501,32.8688,33.9,55149
1639492200,31.79,35,20,20.3,353123
1639578600,22.64,22.7699,19,19.52,200240
1639665000,19.6,19.9347,15.55,16.23,234447
1639751400,15.02,16.2,12.79,12.95,248479
1640010600,12.91,14.975,12.63,14.65,193505
1640097000,14.99,15.02,12.05,12.41,329761
1640183400,12.21,12.96,11.56,12.5,172226
1640269800,12.98,14.61,12.11,14.39,162087
1640615400,15.5,15.5,14.5,14.65,176115
1640701800,14.65,14.74,12.955,13.41,99367
1640788200,13.21,13.87,13.1622,13.8,60282
1640874600,13.7,14.41,13.5214,14.2,81453
1640961000,14.2,15.32,13.65,15.05,77595
1641220200,16.78,16.8,14.21,14.44,63746
1641306600,14.69,15.0899,13.2735,13.7,59082
1641393000,13.89,14.06,12.72,12.75,95563
1641479400,12.4,13.64,12.25,13.39,68938
1641565800,13.17,13.415,12.001,12.91,80460
1641825000,12.8,12.8,11.81,12.51,41707
1641911400,12.4,14.23,12.4,14.15,49029
1641997800,14.72,15.8,14.0102,15.54,103561
1642084200,15.79,15.79,14.35,15.13,69933
1642170600,15.23,15.25,14.73,15,35954
1642516200,14.53,14.94,13.96,14,107723
1642602600,13.93,14.47,13.91,14.12,109738
1642689000,14.38,14.5,13.85,14,74976
1642775400,13.49,13.67,12.35,12.57,148317
1643034600,12.03,12.255,11.38,11.75,157940
1643121000,11.37,12.21,10.87,11.14,144373
1643207400,11.57,11.57,10.75,10.9,109689
1643293800,11.1,11.8699,10.8,11.04,636941
1643380200,11.25,11.35,10.54,11.05,179559
1643639400,11.16,11.74,11.14,11.68,156812
1643725800,11.84,13.07,11.5,12.86,151527
1643812200,13.16,13.829,12.56,12.82,83709
1643898600,12.5,13.28,12.345,12.67,109543
1643985000,12.84,13.1,12.2655,12.61,162429
1644244200,12.82,13.46,12.6867,13,178263
1644330600,13,13.6799,12.8,13,88096
1644417000,13.2,13.4558,12.93,13.1,95237
1644503400,13,13.33,12.75,13.09,93187
1644589800,12.95,13.45,12.8627,13,74101
1644849000,12.75,13.0154,11.3,12.42,138510
1644935400,12.55,13.2,12.55,12.7,162408
1645021800,12.34,12.88,12.1035,12.45,108259
1645108200,12.39,12.59,11.24,11.5,127973
1645194600,11.42,12.07,11.33,11.81,103139
1645540200,11.41,11.99,11.41,11.74,132373
1645626600,11.73,11.73,10.98,11.25,227819
1645713000,10.3,11.33,10.08,11.09,223775
1645799400,11.18,11.81,10.61,11.5,222028
1646058600,11.21,12.26,11.17,11.68,219609
1646145000,11.71,12.43,10.86,11.09,86130
1646231400,11.15,11.15,9.27,9.29,200815
1646317800,9.32,9.57,7.2701,7.5,481920
1646404200,7.8,8.41,5.94,6,634676
1646663400,6.04,6.85,4.03,4.97,1229039
1646749800,4.86,6.182,4.68,5.19,535626
1646836200,5.44,6.555,5.21,5.83,489952
1646922600,5.53,6.6,5.445,6.37,517324
1647009000,6.76,10.43,6.62,9.51,7428089
1647264600,9.2,9.95,7.91,7.95,2047739
1647351000,7.8,8.299,7.0027,7.81,596146
1647437400,7.77,8.95,7.2112,7.41,960376
1647523800,7.3,7.97,7.05,7.71,1073288
1647610200,7.42,7.874,7.37,7.48,2449029
1647869400,7.45,8.71,7.2,8.47,903827
1647955800,8.5,9.05,8.33,8.35,715420
1648042200,8.38,8.73,7.7122,8.31,203889
1648128600,8.26,9.37,8.26,9.28,353433
1648215000,9.69,9.8,8.7,9.05,473594
1648474200,9.34,9.64,8.95,9.22,435476
1648560600,9.26,9.5922,8.29,9,406058
1648647000,8.78,8.78,8.01,8.48,516177
1648733400,8.54,8.61,8.12,8.4,241170
1648819800,8.45,8.51,7.51,8.21,454302
1649079000,8.17,9.1,8.1,8.75,295009
1649165400,8.65,8.87,8.07,8.09,445703
1649251800,8.03,8.16,7.81,7.92,355410
1649338200,7.9,8.15,7.71,8.09,156214
1649424600,8.04,8.08,7.79,7.88,183859
1649683800,7.79,8.13,7.7,7.88,355839
1649770200,6.77,6.8,5.32,5.51,3832942
1649856600,5.39,6.07,5.16,5.9,1574864
1649943000,6.01,6.1799,5.65,5.68,618300
1650288600,5.7,6.06,5.5,5.98,540062
1650375000,5.91,6.24,5.66,5.83,888239
1650461400,5.76,6.13,5.25,5.37,941095
1650547800,5.45,5.6,4.75,4.94,985310
1650634200,5,5.188,4.5,4.51,546190
1650893400,4.5,4.69,3.84,3.98,1567912
1650979800,3.92,4.1,3.39,3.45,1451926
1651066200,3.66,3.729,3.25,3.33,838962
1651152600,3.35,3.66,3.15,3.56,721072
1651239000,3.44,4.2,3.435,3.79,808791
1651498200,3.78,4.19,3.72,4.11,483028
1651584600,4.29,4.41,3.97,4.03,479000
1651671000,3.94,4.0599,3.62,4,537967
1651757400,3.89,4.09,3.355,3.44,511854
1651843800,3.3,3.55,3.2,3.29,333558
1652103000,3.2,3.26,2.95,3,674677
1652189400,3.11,3.25,2.86,2.94,412174
1652275800,2.97,2.97,2.6,2.65,452654
1652362200,2.54,3.19,2.54,3.11,594046
1652448600,3.26,3.54,3.21,3.37,707699
1652707800,3.39,3.719,3.21,3.3,330256
1652794200,3.42,3.64,3.23,3.32,275451
1652880600,3.23,3.38,3.05,3.22,355131
1652967000,3.24,3.3375,3.12,3.19,302519
1653053400,3.24,3.35,2.76,3.01,381043
1653312600,2.92,3.0655,2.91,2.97,256563
1653399000,2.87,2.945,2.745,2.87,245543
1653485400,2.81,2.95,2.7801,2.93,135652
1653571800,2.99,3.31,2.86,3.29,235046
1653658200,3.23,3.51,3.1201,3.3,238402
1654003800,3.34,3.3999,3.1,3.19,542030
1654090200,3.17,3.23,2.91,3.04,285948
1654176600,3.05,3.48,3.03,3.37,333293
1654263000,3.36,3.54,3.24,3.49,298707
1654522200,3.7,3.76,2.91,2.96,606165
1654608600,2.96,2.96,2.68,2.83,569279
1654695000,2.82,2.88,2.64,2.68,316004
1654781400,2.65,2.65,2.46,2.47,397738
1654867800,2.45,2.47,2.33,2.43,333178
1655127000,2.19,2.3,1.95,2.01,664467
1655213400,2.05,2.08,1.8601,1.9,318915
1655299800,2.02,2.06,1.9,2,281593
1655386200,1.92,2,1.86,1.89,412205
1655472600,2.01,2.125,1.93,2.08,845413
1655818200,2.17,2.17,1.86,1.86,411879
1655904600,1.8,1.87,1.64,1.73,536097
1655991000,1.72,1.76,1.56,1.59,454447
1656077400,1.66,1.7087,1.51,1.51,3340882
1656336600,1.56,1.56,1.35,1.39,513628
1656423000,1.4,1.52,1.385,1.46,330382
1656509400,1.44,1.44,1.225,1.23,370558
1656595800,1.25,1.27,1.15,1.2,369481
1656682200,1.21,1.27,1.198,1.25,259815
1657027800,1.24,1.35,1.16,1.32,386614
1657114200,1.32,1.44,1.27,1.4,444054
1657200600,1.4,1.59,1.4,1.57,526889
1657287000,1.61,1.7599,1.54,1.65,441007
1657546200,1.65,1.65,1.455,1.51,327337
1657632600,1.4,1.52,1.32,1.38,381635
1657719000,1.38,1.44,1.34,1.41,196646
1657805400,1.43,1.51,1.3329,1.43,373348
1657891800,1.44,1.53,1.36,1.44,718591
1658151000,1.55,1.63,1.46,1.48,366335
1658237400,1.54,1.79,1.54,1.76,736418
1658323800,1.8,1.87,1.68,1.72,575640
1658410200,1.74,1.74,1.58,1.62,388414
1658496600,1.68,1.68,1.48,1.55,320528
1658755800,1.54,1.607,1.46,1.56,381101
1658842200,1.55,1.55,1.32,1.34,309208
1658928600,1.32,1.38,1.28,1.33,271951
1659015000,1.34,1.44,1.325,1.41,253467
1659101400,1.42,1.47,1.35,1.44,162810
1659360600,1.47,1.48,1.3495,1.38,216665
1659447000,1.39,1.53,1.36,1.45,313816
1659533400,1.49,1.735,1.46,1.5,392037
1659619800,1.56,1.6,1.4102,1.49,452722
1659706200,1.48,1.51,1.35,1.44,248952
1659965400,1.49,1.69,1.44,1.59,276558
1660051800,1.59,1.59,1.4101,1.47,181450
1660138200,1.51,1.65,1.47,1.61,506334
1660224600,1.65,1.73,1.62,1.69,637130
1660311000,1.69,1.75,1.62,1.7,407243
1660570200,1.66,2,1.66,1.93,568850
1660656600,1.95,1.95,1.54,1.58,464232
1660743000,1.75,1.75,1.45,1.46,513930
1660829400,1.44,1.4886,1.33,1.44,321004
1660915800,1.41,1.46,1.32,1.41,266119
1661175000,1.4,1.4,1.29,1.38,355452
1661261400,1.43,1.44,1.36,1.37,135262
1661347800,1.37,1.4299,1.35,1.36,150228
1661434200,1.38,1.42,1.32,1.4,81165
1661520600,1.42,1.42,1.29,1.38,329017
1661779800,1.36,1.3907,1.28,1.37,202395
1661866200,1.39,1.555,1.38,1.44,377187
1661952600,1.45,1.54,1.39,1.49,666539
1662039000,1.55,1.55,1.34,1.35,167782
1662125400,1.4,1.405,1.3278,1.35,92647
1662471000,1.42,1.42,1.192,1.21,353612
1662557400,1.21,1.22,1.06,1.08,423610
1662643800,1.12,1.21,1.07,1.19,266370
1662730200,1.25,1.3179,1.21,1.27,293021
1662989400,1.25,1.2999,1.19,1.24,202072
1663075800,1.22,1.23,1.11,1.175,162660
1663162200,1.16,1.17,1.15,1.16,118245
1663248600,1.16,1.19,1.14,1.16,285717
1663335000,1.17,1.19,1.11,1.17,1124880
1663594200,1.2,1.2,1.08,1.12,165478
1663680600,1.12,1.1394,1.06,1.08,251825
1663767000,1.06,1.17,1.05,1.16,97876
1663853400,1.14,1.19,1.05,1.12,335495
1663939800,1.1,1.15,1.03,1.11,358573
1664199000,1.11,1.18,1.03,1.05,115833
1664285400,1.15,1.17,1.06,1.12,144476
1664371800,1.08,1.38,1.08,1.35,301859
1664458200,1.29,1.32,1.21,1.31,155080
1664544600,1.28,1.3399,1.22,1.26,128753
1664803800,1.23,1.49,1.18,1.42,346514
1664890200,1.45,1.57,1.43,1.55,258296
1664976600,1.58,1.6,1.491,1.54,192684
1665063000,1.52,1.8,1.51,1.78,316383
1665149400,1.68,1.75,1.3,1.36,459359
1665408600,1.37,1.41,1.29,1.3,131008
1665495000,1.33,1.33,1.12,1.13,244357
1665581400,1.17,1.19,1.12,1.13,165989
1665667800,1.12,1.19,1.0401,1.18,206083
1665754200,1.22,1.22,1.06,1.09,135018
1666013400,1.11,1.1879,1.11,1.17,112292
1666099800,1.21,1.24,1.13,1.17,84251
1666186200,1.13,1.18,1.1,1.13,109142
1666272600,1.12,1.21,1.08,1.11,136031
1666359000,1.12,1.2221,1.06,1.21,255292
1666618200,1.22,1.28,1.18,1.27,161425
1666704600,1.27,1.41,1.18,1.41,249362
1666791000,1.4,1.48,1.35,1.4,465625
1666877400,1.41,1.41,1.1625,1.25,487930
1666963800,1.2,1.2,1.1146,1.2,237392
1667223000,1.13,1.17,1.13,1.14,207724
1667309400,1.16,1.1999,1.11,1.12,237895
1667395800,1.12,1.15,1.07,1.08,499248
1667482200,1.12,1.12,1.05,1.08,126355
1667568600,1.08,1.11,1.05,1.1,162959
1667831400,1.12,1.125,1.05,1.07,125856
1667917800,1.07,1.09,0.99,1.01,328755
1668004200,1.01,1.01,0.8,0.8103,536530
1668090600,0.9271,0.9743,0.8887,0.91,289307
1668177000,0.89,1.19,0.887438,1.15,617120
1668436200,1.05,1.29,1.03,1.16,224349
1668522600,1.16,1.25,1.15,1.24,234463
1668609000,1.21,1.21,1.07,1.19,196168
1668695400,1.08,1.13,1.06,1.12,106160
1668781800,1.17,1.17,0.9302,0.9606,457599
1669041000,0.96,0.974101,0.82,0.8323,360152
1669127400,0.8469,0.8469,0.6557,0.6942,680645
1669213800,0.7267,0.9699,0.68,0.9274,499436
1669386600,0.95,0.96,0.8301,0.8914,141569
1669645800,0.8647,1.09,0.7451,0.7902,437527
1669732200,0.8302,0.8512,0.72,0.7278,368687
1669818600,0.7061,0.8872,0.7061,0.83,464869
1669905000,0.8401,0.85,0.77,0.7779,149093
1669991400,0.82,0.9351,0.78,0.8904,297251
1670250600,0.89,0.9305,0.76,0.7782,289281
1670337000,0.8431,0.9274,0.7603,0.9063,954647
1670423400,0.89,0.92,0.803,0.8102,291293
1670509800,0.85,1.07,0.83,1.03,1460991
1670596200,1.04,1.23,0.9528,1.21,1237045
1670855400,0.66,0.92,0.65,0.8049,3064062
1670941800,0.9,0.9,0.66005,0.699,2393107
1671028200,0.6919,0.695,0.63015,0.646,1380218
1671114600,0.6746,0.685,0.58,0.596,1421032
1671201000,0.6401,0.6401,0.5831,0.6176,1395713
1671460200,0.6167,0.64,0.565,0.5754,341079
1671546600,0.5783,0.609,0.55,0.5809,925249
1671633000,0.58,0.6099,0.55,0.5899,1070335
1671719400,0.61,0.6399,0.5529,0.6229,759083
1671805800,0.61,0.8348,0.61,0.7738,1800213
1672151400,0.75,0.7598,0.6511,0.686,910939
1672237800,0.6789,0.7001,0.58,0.5942,809909
1672324200,0.594,0.65,0.594,0.6367,296116
1672410600,0.6216,0.7392,0.6216,0.6656,502732
1672756200,0.6661,0.7476,0.6661,0.7149,253532
1672842600,0.7111,0.819999,0.7111,0.8061,599260
1672929000,0.8001,0.8197,0.72,0.7251,606357
1673015400,0.735,0.735,0.68,0.681,415669
1673274600,0.73,0.73,0.689816,0.6977,833872
1673361000,0.703,0.78,0.685,0.74,625852
1673447400,0.75,0.79,0.7344,0.7549,675830
1673533800,0.79,0.85,0.7501,0.8211,1534398
1673620200,0.83,0.9499,0.802,0.88,1712688
1673965800,0.94,1.02,0.93,1.02,1646241
1674052200,1.02,1.03,0.8055,0.8963,1310043
1674138600,0.8591,0.8712,0.79,0.8319,675773
1674225000,0.8723,0.89,0.84005,0.8811,957673
1674484200,0.94,0.99,0.8803,0.9095,924446
1674570600,0.896,0.97,0.86,0.9532,922476
1674657000,0.9347,1.04,0.905,1.01,1104131
1674743400,1.02,1.14,1.0072,1.05,1253205
1674829800,1.06,1.13,1.04,1.11,812470
1675089000,1.11,1.17,1.03,1.04,1285712
1675175400,1,1.04,0.961332,0.9773,1122806
1675261800,0.98,1.06,0.9601,1.03,2040587
1675348200,0.702,0.75,0.66,0.6705,18219056
1675434600,0.6913,0.755,0.67,0.6817,5691253
1675693800,0.6972,0.6972,0.63,0.6461,4600449
1675780200,0.65,0.73,0.6241,0.698,4518324
1675866600,0.7195,0.7199,0.6705,0.7085,1882282
1675953000,0.72,0.725,0.65,0.6637,1203779
1676039400,0.6669,0.6772,0.6256,0.6374,1350506
1676298600,0.66,0.67,0.63,0.645,844265
1676385000,0.6406,0.6531,0.5674,0.6,4661067
1676471400,0.6132,0.6529,0.6001,0.65,3124002
1676557800,0.65,0.71,0.619,0.6694,2112571
1676644200,0.6702,0.6758,0.61,0.6315,1868115
1676989800,0.639,0.688,0.6034,0.6731,2823268
1677076200,0.695,0.7099,0.65,0.6898,1983794
1677162600,0.71,0.71,0.66685,0.6942,998767
1677249000,0.68,0.7,0.657,0.6799,793179
1677508200,0.6869,0.6957,0.625,0.6287,1075495
1677594600,0.6368,0.6899,0.607,0.6448,1481361
1677681000,0.6504,0.6745,0.5917,0.6065,1347172
1677767400,0.5991,0.68,0.595,0.66,6174638
1677853800,0.6535,0.69,0.6371,0.6518,1701189
1678113000,0.6769,0.6769,0.62,0.655,2024308
1678199400,0.6662,0.6901,0.65,0.68,1428933
1678285800,0.7,0.7299,0.66,0.6735,2093315
1678372200,0.68,0.6888,0.611,0.62,1451925
1678458600,0.62,0.6262,0.5741,0.5835,1906972
1678714200,0.6084,0.64,0.5492,0.6358,2977624
1678800600,0.65,0.6799,0.59,0.6073,2096028
1678887000,0.61,0.6125,0.5359,0.5591,2315822
1678973400,0.5627,0.5699,0.5388,0.5406,2277775
1679059800,0.5748,0.641,0.535,0.6075,10478757
1679319000,0.6571,0.66,0.5912,0.6379,6296416
1679405400,0.6522,0.755,0.6451,0.744,6195332
1679491800,0.75,0.8194,0.717499,0.737,5964145
1679578200,0.745,0.8088,0.73,0.792,2280935
1679664600,0.8,0.8098,0.745,0.7825,2142322
1679923800,0.777,0.7848,0.71,0.7572,2330592
1680010200,0.755,0.7768,0.7,0.7586,1096283
1680096600,0.7798,0.7999,0.746,0.7759,1518393
1680183000,0.79,0.8,0.75,0.793,1922332
1680269400,0.795,0.955,0.7916,0.9378,5914894
1680528600,0.95,1.04,0.88,1.03,3984313
1680615000,1.03,1.04,0.9201,0.9595,1822467
1680701400,0.97,0.975,0.91,0.9398,1590077
1680787800,0.9208,1,0.88,0.999,2385408
1681133400,1,1.19,0.99,1.16,4491954
1681219800,1.22,1.5,1.16,1.43,8951121
1681306200,1.5,1.67,1.25,1.35,6499672
1681392600,1.38,1.59,1.37,1.52,4890374
1681479000,1.61,1.61,1.37,1.44,4916908
1681738200,1.35,1.5,1.3,1.44,3882564
1681824600,1.54,1.61,1.48,1.56,4828516
1681911000,1.5,1.53,1.4114,1.46,2292119
1681997400,1.44,1.6,1.4,1.43,4332134
1682083800,1.4,1.53,1.35,1.45,3404516
1682343000,1.48,1.55,1.38,1.43,1978519
1682429400,1.42,1.47,1.36,1.39,2586834
1682515800,1.51,1.73,1.51,1.59,10281172
1682602200,1.64,1.77,1.53,1.69,4641092
1682688600,1.67,1.78,1.58,1.78,4066724
1682947800,1.69,1.77,1.595,1.67,3229812
1683034200,1.66,1.82,1.61,1.78,3053940
1683120600,1.71,1.77,1.6011,1.77,3684792
1683207000,1.8199,1.88,1.76,1.78,2369169
1683293400,1.79,1.88,1.75,1.84,2101575
1683552600,1.78,1.8,1.63,1.67,3067155
1683639000,1.66,1.72,1.66,1.68,1286691
1683725400,1.73,1.83,1.68,1.74,3196384
1683811800,1.73,1.73,1.55,1.62,2745503
1683898200,1.59,1.6175,1.51,1.6,2319013
1684157400,1.53,1.625,1.45,1.58,2706418
1684243800,1.54,1.625,1.5206,1.57,1269548
1684330200,1.53,1.65,1.49,1.63,1672106
1684416600,1.63,1.68,1.57,1.6,1576981
1684503000,1.65,1.65,1.55,1.56,1099544
1684762200,1.54,1.7,1.48,1.63,2132843
1684848600,1.62,1.74,1.58,1.59,1832873
1684935000,1.57,1.61,1.5,1.52,1856733
1685021400,1.52,1.55,1.44,1.48,1610084
1685107800,1.5,1.59,1.48,1.5,1547499
1685453400,1.62,1.695,1.55,1.57,3264962
1685539800,1.49,1.551,1.45,1.5,3614689
1685626200,1.5,1.55,1.46,1.51,1921593
1685712600,1.54,1.56,1.47,1.49,1869322
1685971800,1.48,1.505,1.38,1.43,3285899
1686058200,1.36,1.5,1.27,1.49,2389924
1686144600,1.49,1.54,1.43,1.43,1658543
1686231000,1.41,1.49,1.39,1.43,1076818
1686317400,1.45,1.46,1.31,1.33,1975850
1686576600,1.28,1.34,1.28,1.32,1548953
1686663000,1.37,1.46,1.333,1.43,2191739
1686749400,1.43,1.48,1.31,1.39,2348543
1686835800,1.3,1.335,1.25,1.32,2644877
1686922200,1.34,1.47,1.29,1.46,6124862
1687267800,1.45,1.65,1.44,1.65,4529139
1687354200,1.72,1.79,1.64,1.7,5711545
1687440600,1.69,1.74,1.59,1.65,3549395
1687527000,1.59,1.8292,1.5808,1.8,7271066
1687786200,1.83,1.945,1.67,1.69,4190012
1687872600,1.73,1.865,1.69,1.83,4783780
1687959000,1.79,1.79,1.685,1.73,3590286
1688045400,1.78,1.8781,1.71,1.73,3377865
1688131800,1.82,1.85,1.65,1.75,4379576
1688391000,1.77,2.03,1.72,2.02,5536457
1688563800,1.99,2.28,1.93,2.19,6649841
1688650200,2.31,2.41,2.05,2.39,7569140
1688736600,2.38,2.74,2.36,2.64,7735642
1688995800,2.69,3.18,2.585,3.13,9105939
1689082200,3.245,3.44,3.12,3.41,10020069
1689168600,3.54,3.55,3.0217,3.17,8464081
1689255000,3.3,3.995,3.2817,3.87,12733850
1689341400,3.87,3.9,3.39,3.52,8341841
1689600600,3.6,3.92,3.33,3.47,7132616
1689687000,3.47,3.48,3.14,3.46,5817620
1689773400,3.45,3.865,3.44,3.78,8099150
1689859800,3.86,4.04,3.41,3.44,7803376
1689946200,3.5,3.73,3.24,3.65,6029145
1690205400,3.41,3.63,3.26,3.41,5222860
1690291800,3.44,3.86,3.42,3.46,8132871
1690378200,3.61,3.74,3.4229,3.64,7815782
1690464600,3.72,3.77,3.3,3.34,6744833
1690551000,3.45,3.545,3.36,3.42,5835104
1690810200,3.46,3.46,2.83,2.92,12198926
1690896600,2.83,2.8594,2.62,2.78,8239766
1690983000,2.85,3.0311,2.74,2.85,6283109
1691069400,2.81,2.89,2.71,2.73,4518137
1691155800,2.76,2.76,2.6,2.63,3900233
1691415000,2.58,2.58,2.22,2.41,6399260
1691501400,2.49,2.765,2.4,2.75,7965313
1691587800,2.82,2.88,2.57,2.58,6250692
1691674200,2.56,2.77,2.435,2.51,6879802
1691760600,2.46,2.64,2.43,2.55,5332083
1692019800,2.45,2.56,2.11,2.515,7867285
1692106200,2.5,2.65,2.3,2.31,3873336
1692192600,2.16,2.24,2.08,2.11,6624724
1692279000,2.03,2.115,1.96,2,6584631
1692365400,1.85,2.025,1.83,1.97,7301213
1692624600,2,2.17,1.97,1.99,5232206
1692711000,2,2.06,1.83,1.87,5236635
1692797400,1.87,2.12,1.855,2.08,7247762
1692883800,2.1,2.1088,1.87,1.88,4005767
1692970200,1.88,1.985,1.86,1.895,2662871
1693229400,1.97,2.04,1.88,1.91,3510633
1693315800,1.92,2.35,1.8701,2.3,10009324
1693402200,2.3,2.31,2.165,2.28,5610665
1693488600,2.26,2.34,2.06,2.09,5781684
1693575000,2.09,2.145,1.95,1.98,4018042
1693920600,1.96,2.01,1.88,1.89,3487917
1694007000,1.89,1.95,1.83,1.85,4611867
1694093400,1.85,1.9,1.73,1.84,3795805
1694179800,1.88,1.94,1.775,1.8,2819665
1694439000,1.8,1.85,1.7,1.71,3332947
1694525400,1.77,2.05,1.76,1.77,7254165
1694611800,1.76,1.845,1.69,1.73,4167429
1694698200,1.85,1.95,1.72,1.73,9680107
1694784600,1.72,1.775,1.66,1.68,15980951
1695043800,1.76,1.78,1.59,1.615,7343094
1695130200,1.6,1.67,1.515,1.6,4581922
1695216600,1.59,1.67,1.52,1.52,2823711
1695303000,1.49,1.51,1.43,1.46,4795345
1695389400,1.48,1.535,1.365,1.38,3985246
1695648600,1.33,1.42,1.32,1.37,2935672
1695735000,1.37,1.37,1.24,1.26,4788204
1695821400,1.33,1.35,1.21,1.26,4200175
1695907800,1.25,1.385,1.239,1.31,6880058
1695994200,1.33,1.36,1.21,1.26,6711437
1696253400,1.42,1.485,1.17,1.19,10342426
1696339800,1.15,1.16,1.05,1.07,5810497
1696426200,1.07,1.15,1.03,1.11,4572648
1696512600,1.12,1.1371,1.01,1.03,4454331
1696599000,1,1.18,0.96,1.18,6502707
1696858200,1.15,1.21,1.11,1.14,3929278
1696944600,1.13,1.21,1.1,1.12,4801904
1697031000,1.12,1.1299,1.04,1.08,3556263
1697117400,1.07,1.08,1.01,1.02,3071833
1697203800,1.02,1.06,1,1.02,2496192
1697463000,1.11,1.19,1.055,1.13,5879616
1697549400,1.12,1.29,1.1,1.24,5663748
1697635800,1.3,1.31,1.13,1.14,5395483
1697722200,1.15,1.2,1.08,1.09,5816813
1697808600,1.19,1.25,1.08,1.1,7342016
1698067800,1.18,1.29,1.11,1.2,13330839
1698154200,1.38,1.405,1.19,1.25,20496946
1698240600,1.26,1.37,1.22,1.22,8641350
1698327000,1.16,1.24,1.11,1.15,7924975
1698413400,1.19,1.23,1.11,1.12,5516729
1698672600,1.16,1.27,1.07,1.12,9252989
1698759000,1.13,1.15,1.05,1.11,5810700
1698845400,1.13,1.16,1.06,1.1,6137165
1698931800,1.14,1.185,1.11,1.13,11558035
1699018200,1.11,1.2,1.1,1.15,9466089
1699281000,1.17,1.1763,1.04,1.06,7508477
1699367400,1.08,1.11,0.9799,1.05,10523888
1699453800,1.04,1.04,0.97,0.9746,4748473
1699540200,1.08,1.14,0.92,0.9377,12018857
1699626600,0.9611,1,0.8911,0.9808,7966698
1699885800,0.9713,1.04,0.915,1.01,6250389
1699972200,0.9716,1.01,0.9069,0.9625,7745005
1700058600,0.98,1.11,0.941,1.09,6031104
1700145000,1.08,1.1,1.02,1.03,4084123
1700231400,1.05,1.09,1.01,1.06,4318591
1700490600,1.1,1.17,1.08,1.14,9230753
1700577000,1.12,1.14,1.07,1.08,4688854
1700663400,1.08,1.12,1.01,1.1,6556040
1700836200,1.1,1.29,1.07,1.26,8650861
1701095400,1.23,1.29,1.19,1.2,7703962
1701181800,1.22,1.31,1.21,1.25,11578164
1701268200,1.28,1.31,1.22,1.23,8294762
1701354600,1.23,1.24,1.16,1.16,7454720
1701441000,1.19,1.37,1.16,1.37,13872511
1701700200,1.67,1.69,1.46,1.54,23731543
1701786600,1.6,1.72,1.51,1.55,19805240
1701873000,1.63,1.67,1.565,1.59,11908477
1701959400,1.56,1.65,1.48,1.61,10248807
1702045800,1.61,1.85,1.605,1.83,20535127
1702305000,1.72,1.72,1.37,1.42,19964983
1702391400,1.51,1.52,1.42,1.445,11212617
1702477800,1.46,1.64,1.405,1.63,17561829
1702564200,1.72,1.8186,1.67,1.78,15885443
1702650600,1.74,1.81,1.65,1.78,18877335
1702909800,1.69,1.985,1.69,1.81,21374653
1702996200,1.91,2.16,1.89,1.98,29955115
1703082600,2.225,2.27,1.94,1.95,37374207
1703169000,2.09,2.125,1.98,2.08,22143542
1703255400,2.11,2.25,1.9785,2.15,33497819
1703601000,2.16,2.2599,2.08,2.22,24367820
1703687400,2.48,2.9,2.43,2.88,52498061
1703773800,2.9,3.17,2.78,3.02,58572161
1703860200,3.05,3.11,2.27,2.4,55369814
1704205800,2.93,2.94,2.23,2.3,37016736
1704292200,2.04,2.305,1.95,2.15,31323605
1704378600,2.27,2.35,2.092,2.19,26282990
1704465000,2.12,2.13,1.88,1.93,22195367
1704724200,1.95,2.13,1.79,2.06,24113485
1704810600,2.05,2.16,1.95,2.03,17777083
1704897000,1.97,2.26,1.96,2.12,23629889
1704983400,2.44,2.46,1.84,1.92,41921489
1705069800,1.84,1.86,1.64,1.7,26498175
1705415400,1.63,1.63,1.45,1.505,22506094
1705501800,1.46,1.54,1.415,1.425,10980862
1705588200,1.46,1.52,1.3,1.31,17840745
1705674600,1.32,1.41,1.24,1.38,20167460
1705933800,1.33,1.5,1.29,1.45,13684460
1706020200,1.37,1.48,1.36,1.43,11659546
1706106600,1.48,1.57,1.43,1.44,11185653
1706193000,1.47,1.55,1.43,1.52,10342064
1706279400,1.61,1.75,1.58,1.69,17398782
1706538600,1.73,1.93,1.675,1.88,19683835
1706625000,1.91,2.02,1.83,1.88,17515015
1706711400,1.8,1.9,1.665,1.67,18999804
1706797800,1.71,1.8368,1.67,1.83,9480609
1706884200,1.76,1.87,1.72,1.78,11952828
1707143400,1.77,1.785,1.55,1.56,11607517
1707229800,1.6,1.71,1.55,1.695,7283178
1707316200,1.69,1.74,1.565,1.72,14334748
1707402600,1.82,2.07,1.81,2.03,30266815
1707489000,2.24,2.275,2.11,2.2,32182505
1707748200,2.22,2.48,2.21,2.385,30708878
1707834600,2.14,2.35,2.07,2.19,17287881
1707921000,2.48,2.52,2.355,2.46,24812448
1708007400,2.67,2.725,2.32,2.46,33443171
1708093800,2.48,2.69,2.38,2.49,24733066
1708439400,2.52,2.555,2.19,2.37,21959615
1708525800,2.2,2.31,2.17,2.18,13275285
1708612200,2.22,2.26,2.12,2.14,21339898
1708698600,2.08,2.1,1.91,2.03,16042725
1708957800,2.05,2.38,2.05,2.34,28488495
1709044200,2.53,2.585,2.2,2.3,29858722
1709130600,2.36,2.39,2.06,2.1,30876532
1709217000,2.19,2.2025,1.85,1.875,26393905
1709303400,1.9,2.05,1.7932,2.05,13978481
1709562600,2.14,2.185,1.87,1.91,25138246
1709649000,1.85,1.98,1.7,1.725,19589917
1709735400,1.77,1.92,1.71,1.87,14672412
1709821800,1.83,1.89,1.75,1.84,12194968
1709908200,1.87,2.12,1.85,2.01,21635219
1710163800,2.07,2.0899,1.8,1.82,18460181
1710250200,1.82,1.82,1.69,1.76,13004566
1710336600,1.75,1.84,1.7,1.74,13966954
1710423000,1.71,1.73,1.61,1.67,13796834
1710509400,1.66,1.83,1.625,1.78,13308221
1710768600,1.76,1.83,1.7,1.73,12790822
1710855000,1.68,1.79,1.57,1.72,12618903
1710941400,1.71,2.33,1.7,2.33,40493587
1711027800,2.31,2.52,2.2333,2.38,36066084
1711114200,2.32,2.6,2.24,2.46,30423942
1711373400,2.57,2.84,2.52,2.57,31544622
1711459800,2.58,2.61,2.42,2.46,19319898
1711546200,2.58,2.74,2.4335,2.7,23636900
1711632600,2.76,2.93,2.59,2.63,33324326
1711978200,2.61,2.61,2.36,2.43,15547753
1712064600,2.28,2.4,2.21,2.33,11135565
1712151000,2.34,2.4,2.24,2.33,11308329
1712237400,2.41,2.62,2.35,2.37,19204932
1712323800,2.3,2.43,2.27,2.35,9509885
1712583000,2.49,2.59,2.2,2.23,31322754
1712669400,2.26,2.35,2.17,2.22,13533335
1712755800,2.16,2.28,2.08,2.18,10854558
1712842200,2.2,2.2261,2.05,2.14,14273481
1712928600,2.13,2.15,2,2.04,9991300
1713187800,2.02,2.11,1.92,1.94,11103709
1713274200,1.88,1.9275,1.82,1.875,12131065
1713360600,1.9,2.07,1.88,1.96,10859674
1713447000,2,2.22,1.955,2.13,12059393
1713533400,2.2,2.31,2.11,2.29,14362155
1713792600,2.368,2.61,2.27,2.58,24349909
1713879000,2.48,2.79,2.42,2.71,21342891
1713965400,2.7,2.75,2.52,2.52,16800714
1714051800,2.39,2.51,2.32,2.49,12824107
1714138200,2.47,2.51,2.37,2.47,8824081
1714397400,2.37,2.5,2.28,2.33,17222473
1714483800,2.24,2.29,2.16,2.17,11821277
1714570200,2.13,2.275,2.03,2.12,16276322
1714656600,2.27,2.27,2.09,2.17,8759427
1714743000,2.26,2.31,2.16,2.185,10921987
1715002200,2.26,2.48,2.2504,2.42,15043799
1715088600,2.38,2.42,2.3,2.33,9280488
1715175000,2.25,2.335,2.15,2.33,9377207
1715261400,2.3,2.3959,2.26,2.36,6846143
1715347800,2.41,2.49,2.22,2.23,11309932
1715607000,2.28,2.4,2.22,2.24,11792215
1715693400,1.98,2.08,1.91,2.035,15253418
1715779800,2.14,2.195,2,2.12,14445216
1715866200,2.09,2.17,2.02,2.02,11973375
1715952600,2.05,2.1,1.95,1.95,12213163
1716211800,1.96,2.155,1.912,2.135,16151122
1716298200,2.19,2.24,2.02,2.04,14698763
1716384600,2.05,2.29,2.04,2.16,19950916
1716471000,2.18,2.19,1.97,1.99,12261362
1716557400,2,2.1,1.96,2.07,8708830
1716903000,2.08,2.16,2.02,2.07,13115401
1716989400,2.03,2.25,1.98,2.24,17696715
1717075800,2.25,2.37,2.24,2.28,19909515
1717162200,2.31,2.345,2.13,2.18,20567046
1717421400,2.25,2.3,2.04,2.05,12803227
1717507800,2.15,2.555,2.15,2.51,43196588
1717594200,2.57,2.79,2.5,2.79,33413964
1717680600,2.74,3.34,2.73,3.21,53507572
1717767000,3.22,3.35,2.97,3.09,32594727
1718026200,2.91,3.23,2.87,3.09,20101811
1718112600,2.93,3.48,2.78,3.475,29772343
1718199000,3.83,4.2,3.75,3.84,39501731
1718285400,3.85,4.19,3.76,4.07,37238613
1718371800,4.08,4.19,3.77,3.92,22641230
1718631000,3.88,4.46,3.78,4.39,24597889
1718717400,4.33,4.52,4.1,4.51,25960992
1718890200,4.62,4.82,4.47,4.63,28174061
1718976600,4.355,4.42,4.08,4.155,32292662
1719235800,3.83,4.36,3.79,4.22,23793292
1719322200,4.32,5.1,4.315,4.8,32350698
1719408600,4.879,5.1897,4.57,4.59,30137467
1719495000,4.74,4.84,4.31,4.41,21943554
1719581400,4.54,4.56,4.32,4.45,35084916
1719840600,4.6,5.22,4.52,5.21,18761065
1719927000,5.21,5.34,4.99,5.05,19674969
1720013400,4.985,5.37,4.92,5.21,14284126
1720186200,4.91,5.71,4.74,5.58,25198865
1720445400,5.76,6.01,5.43,5.47,28180121
1720531800,5.8184,6.05,4.9609,5.03,30266859
1720618200,5.125,5.24,4.75,4.88,18758953
1720704600,5.12,5.27,4.57,4.75,28462348
1720791000,4.73,5.455,4.66,5.31,21230421
1721050200,5.72,6.04,5.535,6,28083401
1721136600,6.04,6.39,5.91,6.38,24539514
1721223000,6.19,6.505,5.765,5.9,22187986
1721309400,5.96,6.01,5.3,5.35,13346830
1721395800,5.45,5.805,5.32,5.59,14724075
1721655000,5.64,5.82,5.33,5.72,12648227
1721741400,5.615,5.87,5.49,5.52,8972524
1721827800,5.52,5.73,5.08,5.09,17718048
1721914200,4.86,4.97,4.46,4.53,22921541
1722000600,4.79,4.88,4.34,4.42,17191013
1722259800,4.53,4.58,4.06,4.14,19322077
1722346200,4.15,4.19,3.84,3.85,14014761
1722432600,4.15,4.3997,4.11,4.16,19470447
1722519000,4.24,4.39,4.04,4.11,19401731
1722605400,3.95,4.09,3.64,3.67,18534487
1722864600,2.84,3.66,2.74,3.58,25220254
1722951000,3.852,3.86,3.47,3.62,14536971
1723037400,3.76,3.83,3.315,3.34,14978306
1723123800,3.41,3.88,3.41,3.88,17587211
1723210200,3.89,3.95,3.74,3.79,13520212
1723469400,3.7,3.73,3.51,3.57,15707628
1723555800,3.65,3.72,3.29,3.31,19792739
1723642200,3.32,3.49,3.3,3.35,23864431
1723728600,3.58,3.965,3.45,3.6,47494681
1723815000,3.56,4.11,3.52,4.03,28196646
1724074200,4.08,4.47,4,4.35,23361458
1724160600,4.41,4.855,4.395,4.74,30172277
1724247000,4.78,4.92,4.44,4.8,22308320
1724333400,4.83,4.98,4.63,4.81,17930642
1724419800,4.89,4.94,4.54,4.93,21024505
1724679000,4.94,4.94,4.59,4.78,12494367
1724765400,4.67,4.74,4.29,4.51,14901596
1724851800,4.41,4.61,4.1,4.18,14550748
1724938200,4.27,4.44,4.09,4.2,13996426
1725024600,4.29,4.38,4.1501,4.36,11138025
1725370200,4.26,4.26,3.79,3.82,14604501
1725456600,3.78,4.01,3.59,3.91,15264002
1725543000,4.11,4.3,3.99,4.21,18765371
1725629400,4.23,4.35,3.66,3.725,20716554
1725888600,3.95,4.03,3.78,3.99,19097883
1725975000,4.01,4.24,3.86,4.24,10585786
1726061400,4.11,4.54,3.99,4.42,15488792
1726147800,4.44,4.58,4.3,4.31,13789465
1726234200,4.32,4.43,4.155,4.24,21821033
1726493400,4.02,4.1,3.77,3.94,15778607
1726579800,4.05,4.395,4.04,4.065,16381853
1726666200,4,4.3897,3.99,4.06,16978582
1726752600,4.34,4.8,4.281,4.46,28677253
1726839000,4.47,4.67,4.36,4.5,28316076
1727098200,4.72,5.0099,4.66,4.89,25384484
1727184600,4.87,5.4,4.555,5.37,31988558
1727271000,5.31,5.425,5.08,5.14,19824020
1727357400,5.32,5.39,4.931,5.07,20843883
1727443800,5.18,5.19,4.821,4.94,17438086
1727703000,4.77,4.81,4.57,4.68,18435041
1727789400,4.68,4.695,4.25,4.33,16441477
1727875800,4.24,4.52,4.18,4.36,12721854
1727962200,4.3,4.72,4.3,4.71,13479642
1728048600,4.85,4.86,4.355,4.4,27288541
1728307800,4.35,4.43,3.9,4.03,31975022
1728394200,4,4.15,3.88,3.91,13959313
1728480600,3.88,3.92,3.76,3.82,15026086
1728567000,4.01,4.07,3.8,3.93,19327266
1728653400,3.95,4.319,3.94,4.21,19384086
1728912600,4.3201,4.565,4.22,4.49,17866775
1728999000,4.45,4.7,4.295,4.61,15434188
1729085400,4.68,5.23,4.61,5.2,24485546
1729171800,5.05,5.35,4.9711,5.07,19117241
1729258200,5.12,5.29,4.98,5.24,20021410
1729517400,5.22,6.23,5.06,6.21,58975359
1729603800,6.13,6.55,5.96,6.53,26070095
1729690200,6.34,6.578,5.99,6.4,23597411
1729776600,6.28,6.54,5.84,6.21,91942931
1729863000,6.235,6.7,6.125,6.38,40360421
1730122200,6.73,7.28,6.69,6.85,40475425
1730208600,7.07,7.14,6.4101,6.69,28696859
1730295000,6.57,7.15,6.49,6.89,20709110
1730381400,6.67,6.76,6.21,6.52,23443747
1730467800,6.67,6.92,6.1,6.2,21453700
1730730600,6.08,6.17,5.89,5.98,17127022
1730817000,6.11,6.49,6.0318,6.21,20077494
1730903400,7.06,7.675,6.8,7.67,48372051
1730989800,7.6,8.33,7.36,8.21,31774516
1731076200,8.18,8.4,7.82,8.25,26344683
1731335400,8.73,9.115,8.32,8.82,38343404
1731421800,8.44,8.68,8.12,8.53,32684254
1731508200,8.75,9.3,7.32,7.345,42084645
1731594600,7.475,7.54,6.89,6.945,23966384
1731681000,7.1,7.25,6.735,7.18,24264257
1731940200,7.11,7.61,6.82,7.04,20135754
1732026600,7,7.55,6.83,7.38,19273434
1732113000,7.63,7.8599,7.02,7.2,24229833
1732199400,7.45,7.5575,6.54,6.99,28215909
1732285800,6.86,7.54,6.6,7.45,25855281
1732545000,7.63,7.64,6.86,6.99,29742201
1732631400,6.93,7.1,6.44,6.57,26507404
1732717800,6.82,7.37,6.705,7.29,22596506
1732890600,7.35,8.05,7.3335,7.89,18343880
1733149800,7.89,8.19,7.3,7.32,21557246
1733236200,7.11,7.39,7.01,7.27,13218866
1733322600,7.36,8.15,7.13,8.12,23470192
1733409000,8.22,8.44,7.68,7.71,27329533
1733495400,7.92,8.98,7.9,8.12,32675981
1733754600,8.05,8.06,7.19,7.29,26129041
1733841000,7.29,7.36,6.72,6.72,20643670
1733927400,6.97,7.28,6.7264,7.21,22615437
1734013800,7.43,7.99,7.16,7.53,27734703
1734100200,7.42,7.67,6.965,7.04,18379230
1734359400,7.17,8.375,7.17,8.24,35624023
1734445800,8.35,8.51,7.76,8.2,20016006
1734532200,8.09,8.14,6.8401,6.975,26543344
1734618600,7.3,7.355,6.41,6.49,23184151
1734705000,6.37,6.72,6.3,6.61,25913002
1734964200,6.515,6.58,5.54,5.81,41985917
1735050600,6,6.36,5.95,6.23,17488813
1735223400,6.07,6.2,5.85,6.08,18273103
1735309800,6.09,6.11,5.43,5.53,30237020
1735569000,5.41,5.5,5.085,5.32,21651893
1735655400,5.51,5.8198,5.3,5.66,33524567
1735828200,5.83,6.01,5.305,5.46,39964116
1735914600,5.57,6.29,5.495,6.22,33235266
1736173800,6.49,6.58,6.245,6.5,36981296
1736260200,6.51,6.65,5.77,6.13,31171893
1736346600,5.912,6.0488,5.47,5.51,35173411
1736519400,5.34,5.47,5.14,5.4,25720624
1736778600,5.15,5.275,4.965,5.2,30080528
1736865000,5.6,5.8399,5.43,5.57,34855833
1736951400,5.93,6.3285,5.92,6.18,43511310
1737037800,6.11,6.1999,5.82,5.85,33625363
1737124200,6.22,6.66,6.05,6.4,58295784
1737469800,6.45,6.54,5.89,5.96,42245573
1737556200,5.955,6.35,5.61,6.23,43279146
1737642600,6.04,6.75,6.04,6.18,42018339
1737729000,6.5,6.98,6.27,6.315,56754383
1737988200,5.49,5.52,4.13,4.43,98407961
1738074600,4.74,4.79,4.19,4.64,72168531
1738161000,4.6,4.84,4.45,4.73,73270296
1738247400,4.83,5.18,4.78,5.01,57371038
1738333800,5.1,5.25,4.72,4.77,70121241
1738593000,4.292,5.07,4.28,5.01,53822525
1738679400,5,5.195,4.88,5.18,32643212
1738765800,5.2,5.29,5,5.07,32288350
1738852200,5.15,5.37,5.01,5.15,42223846
1738938600,5.36,5.6,4.98,5.03,38174104
1739197800,5.08,5.31,4.98,5.13,30574823
1739284200,5.07,5.17,4.745,4.76,31307805
1739370600,4.695,5.12,4.64,4.85,37356663
1739457000,4.855,4.89,4.59,4.89,34876744
1739543400,4.9,5.01,4.73,4.87,28232273
1739889000,4.84,4.9,4.65,4.71,21415156
1739975400,4.76,4.97,4.68,4.72,23926952
1740061800,4.77,4.79,4.47,4.5,32218063
1740148200,4.6,4.69,4.08,4.08,47537179
1740407400,4.1,4.19,3.79,3.95,59324672
1740493800,3.815,3.88,3.54,3.68,51767220
1740580200,3.7,3.93,3.58,3.72,67335319
1740666600,3.9599,4.02,3.6,3.61,85099835
1740753000,3.52,4.25,3.52,4.19,127522825
1741012200,4.31,4.57,3.63,3.67,54916850
1741098600,3.48,3.67,3.16,3.48,35550118
1741185000,3.52,3.72,3.38,3.71,19160547
1741271400,3.53,3.59,3.275,3.36,31526516
1741357800,3.35,3.66,3.2601,3.6,24491128
1741613400,3.4,3.42,2.9,3.07,35017992
1741699800,3.01,3.24,2.91,3.165,31501318
1741786200,3.28,3.3,2.93,3.23,43020876
1741872600,3.235,3.2393,2.95,2.99,35281052
1741959000,3.1,3.305,2.975,3.26,46188963
1742218200,3.23,3.36,3,3.26,32752105
1742304600,3.2,3.21,2.94,2.96,31847979
1742391000,3.01,3.38,3,3.3,39843643
1742477400,3.23,3.33,3.15,3.21,33287144
1742563800,3.09,3.21,3.04,3.2,30430062
1742823000,3.345,3.52,3.32,3.47,40791781
1742909400,3.46,3.4666,3.23,3.28,26419756
1742995800,3.19,3.25,2.89,2.91,34011072
1743082200,2.84,3.03,2.8,2.93,25219761
1743168600,2.89,2.89,2.71,2.72,31552324
1743427800,2.585,2.7678,2.52,2.73,36253086
1743514200,2.71,2.91,2.64,2.88,32640290
1743600600,2.75,2.99,2.75,2.98,32801903
1743687000,2.66,2.7595,2.62,2.65,20982928
1743773400,2.57,2.65,2.26,2.6,39418959
1744032600,2.29,2.93,2.26,2.67,57216553
1744119000,2.83,2.83,2.21,2.26,37118681
1744205400,2.28,2.64,2.06,2.58,55388926
1744291800,2.45,2.45,2.18,2.24,28725489
1744378200,2.25,2.42,2.19,2.38,24701738
1744637400,2.48,2.54,2.32,2.47,27425795
1744723800,2.49,2.51,2.21,2.29,28941625
1744810200,2.22,2.36,2.19,2.3,17504468
1744896600,2.3,2.37,2.225,2.35,14231240
1745242200,2.355,2.4752,2.24,2.25,30856695
1745328600,2.32,2.718,2.31,2.65,59636987
1745415000,2.82,2.92,2.65,2.79,49387261
1745501400,2.77,3.0699,2.73,3.04,42168454
1745587800,3.1,3.13,2.97,3,38651371
1745847000,3.025,3.19,2.86,3.02,48727061
1745933400,3,3.07,2.89,2.92,30198687
1746019800,2.81,2.84,2.67,2.78,25390835
1746106200,2.93,3.29,2.91,3.24,48986130
1746192600,3.29,3.35,3.18,3.21,33153205
1746451800,3.08,3.09,2.89,2.99,27188083
1746538200,2.89,3.14,2.89,3.12,29234098
1746624600,3.095,3.13,2.98,3.05,27044440
1746711000,3.2,3.41,3.12,3.3,38144179
1746797400,3.01,3.4,2.89,3.01,40710959
1747056600,3.15,3.64,3.09,3.48,43459154
1747143000,3.705,3.84,3.62,3.83,36592815
1747229400,3.8,3.815,3.55,3.66,32605392
1747315800,3.58,3.6087,3.31,3.52,30305218
1747402200,3.53,3.93,3.53,3.89,41555292
1747661400,3.685,4.0299,3.6,4,49708226
1747747800,3.95,4.03,3.78,3.92,45921201
1747834200,3.845,4.2,3.73,3.91,72459308
1747920600,4.1,4.18,3.9,4.09,64148989
1748007000,3.89,4.06,3.82,3.93,42889989
1748352600,4.05,4.09,3.82,3.94,40080367
1748439000,3.96,3.96,3.7,3.79,34330484
1748525400,3.84,3.85,3.61,3.64,32201102
1748611800,3.541,3.65,3.45,3.53,34920273
1748871000,3.48,3.66,3.48,3.61,32900683
1748957400,3.66,3.8,3.565,3.78,43445710
1749043800,3.735,4.34,3.6701,4.24,58361794
1749130200,4.31,4.32,3.79,3.83,80390646
1749216600,3.96,4.52,3.9,4.35,47228344
1749475800,4.53,4.65,4.33,4.53,53119549
1749562200,4.575,4.63,4.4,4.52,35109958
1749648600,4.54,4.5699,4.3,4.41,45890120
1749735000,4.36,4.47,4.24,4.26,29969518
1749821400,4.13,4.27,3.97,4.02,41394173
1750080600,4.14,4.4,4.06,4.33,36858306
1750167000,4.189,4.23,3.875,3.95,41651821
1750253400,3.93,4.045,3.82,3.84,37880153
1750426200,3.97,4.01,3.7,3.74,47698461
1750685400,3.61,3.665,3.395,3.57,41500687
1750771800,3.66,3.94,3.63,3.84,43686199
1750858200,3.93,4.14,3.79,3.8,48368376
1750944600,3.77,4.53,3.7,4.39,87547213
1751031000,4.39,4.41,4.13,4.22,55550402
1751290200,4.29,4.6,4.23,4.38,52733383
1751376600,4.27,4.68,4.24,4.44,72066374
1751463000,4.53,5.07,4.53,5.04,90051294
1751549400,5.1,5.47,5.01,5.26,53225733
1751895000,4.99,5.03,4.52,4.8,62650951
1751981400,4.95,5.18,4.79,4.82,30670932
1752067800,4.965,4.995,4.73,4.93,44003045
1752154200,4.93,5.16,4.87,5.13,64018370
1752240600,5.23,5.34,4.82,4.89,69314449
1752499800,4.93,5.23,4.905,5.11,88409357
1752586200,5.04,5.05,4.815,4.87,41575857
1752672600,4.99,5.37,4.98,5.25,48748770
1752759000,5.23,5.44,5.14,5.36,43088589
1752845400,5.43,5.63,5,5.13,46881152
1753104600,5.18,5.48,4.97,4.99,32811782
1753191000,5.09,5.27,4.835,5.26,69573490
1753277400,5.2401,5.26,4.97,5.2,59704160
1753363800,5.205,5.45,5.17,5.32,48041008
1753450200,5.27,5.27,5,5.17,30149188
1753709400,5.29,5.3799,5.03,5.1,25493347
1753795800,5.165,5.44,5.0801,5.22,35281253
1753882200,5.255,5.465,4.89,5.01,30732399
1753968600,5.07,5.38,5.025,5.16,40444478
1754055000,4.96,4.96,4.64,4.76,31024409
1754314200,4.83,4.92,4.72,4.89,20787451
1754400600,4.93,5.06,4.78,5.06,32413039
1754487000,5.05,5.2,5.02,5.15,31283102
1754573400,5.17,5.28,4.77,4.94,35252910
1754659800,5.18,5.21,4.67,5.03,42214851
1754919000,5.03,5.77,5.02,5.4,52992623
1755005400,5.45,5.51,5.18,5.24,24933233
1755091800,5.48,5.69,5.26,5.46,38876096
1755178200,7.2,8.76,6.74,8.71,289277452
1755264600,8.53,9.23,8.141,8.97,108160043
1755523800,10.01,10.7099,9.3,9.38,161975800
1755610200,9.145,9.36,8.68,8.78,105256730
1755696600,8.83,9.3,8.6,9.28,66973665
1755783000,9.3,9.44,8.845,9.19,54342039
1755869400,9.27,10.25,9.11,9.16,72453171
1756128600,8.99,9.1,8.71,8.93,39878723
1756215000,8.84,9.37,8.7994,9.24,36027100
1756301400,9.26,9.4,9.03,9.13,29942098
1756387800,9.28,9.64,9.14,9.44,41332648
1756474200,9.46,9.775,9.1,9.45,35705428
1756819800,9.2,9.82,8.97,9.63,42554805
1756906200,9.68,9.75,8.92,8.98,35246668
1756992600,9,9,8.6,8.87,28234213
1757079000,9.08,9.1901,8.7,9.13,26967521
1757338200,9.12,9.52,8.935,9.2,31990963
1757424600,9.58,10.32,9.13,10.3,69371879
1757511000,10.54,11.04,10.24,10.55,62191929
1757597400,10.45,11.23,10.18,10.64,45284475
1757683800,10.675,11.08,10.48,10.76,28100140
1757943000,10.84,10.935,10.0431,10.49,36073124
1758029400,10.54,11,10.25,10.94,37077343
1758115800,10.79,11.53,10.565,11.35,39866502
1758202200,11.605,11.63,10.9602,11.17,33612275
1758288600,11.22,11.44,10.9,10.98,54584426
1758547800,10.98,11.77,10.72,11.49,45648540
1758634200,11.55,11.79,11.01,11.24,31845116
1758720600,11.37,11.715,11.04,11.4,37364681
1758807000,11.105,11.78,10.43,10.97,50279767
1758893400,11.035,11.13,10.55,10.83,23318203
1759152600,11.06,11.79,10.94,11.6,30376693
1759239000,11.69,12.06,11.39,11.42,28701440
1759325400,11.53,11.93,11.25,11.47,22983631
1759411800,11.85,12.27,11.56,11.58,38274482
1759498200,11.805,12.5,11.63,11.92,37026767
1759757400,12.39,12.645,11.92,11.97,30065140
1759843800,12.16,12.365,11.25,12.1,30522420
1759930200,12.09,12.7,11.89,12.3,27693290
1760016600,12.915,13.7399,12.64,13.59,44520459
1760103000,14.455,15.51,13.18,13.51,70877445
1760362200,14.35,14.35,13.33,14,36954749
1760448600,13.85,16.19,13.31,15.46,77015249
1760535000,15.98,16.18,14.97,15.47,45596822
1760621400,15.525,15.65,13.8101,13.86,39052969
1760707800,13.26,13.98,12.73,13.93,32136380
1760967000,14.45,14.7422,13.74,13.85,23362931
1761053400,13.85,13.89,12.8775,13.14,24538033
1761139800,12.97,13.53,11.78,12.615,41497226
1761226200,12.77,13.32,12.4,12.88,20010619
1761312600,13.94,14.17,13.5,13.71,27325197
1761571800,14.19,14.22,13.47,13.64,17835909
1761658200,14.64,17.05,14.63,15.94,114842751
1761744600,15.19,16.2299,14.37,14.5,81297684
1761831000,14.35,15.55,14.01,14.82,69667692
1761917400,15.02,15.7,14.8,15.5,48808077
1762180200,16.19,16.38,14.6901,16.1,61777099
1762266600,15.16,16.3699,14.82,15.01,43491658
1762353000,15.08,15.6699,14.85,15.36,39879107
1762439400,15.125,15.28,14.16,14.28,34181758
1762525800,13.78,14.07,13.195,13.94,42694562
1762785000,14.5,15.2,13.92,14.3,43168116
1762871400,13.87,13.89,11.875,12.37,52651296
1762957800,12.545,13.35,12.26,12.64,50640212
1763044200,12.17,12.45,11.42,11.68,43557325
1763130600,11.23,12.075,10.955,10.99,55215325
1763389800,10.655,11.6682,10.6,11.05,41533816
1763476200,10.94,12.5,10.86,12,53481122
1763562600,11.865,12.945,11.85,12.23,43240122
1763649000,13.44,14.75,11.51,11.56,74052573
1763735400,11.44,11.78,10.47,11.29,50142805
1763994600,11.61,12.695,11.51,12.63,37689308
1764081000,12.385,14.35,11.8522,13.94,45618219
1764167400,14.47,14.97,13.805,14.84,47733769
1764340200,15.13,16.13,15.12,15.51,31145332
1764599400,14.855,15.76,14.802,15.3,30037313
1764685800,15.57,15.65,14.2,14.22,32297263
1764772200,14.165,14.495,13.43,14.43,30779831
1764858600,14.15,15.22,13.88,15.1,29405139
1764945000,14.945,14.96,14.18,14.5,21091071
1765204200,14.775,15.29,14.16,14.96,24443183
1765290600,14.705,15.99,14.65,15.59,33799968
1765377000,15.41,16.33,15.18,15.76,30611352
1765463400,15.53,15.915,14.94,15.83,23033516
1765549800,16.12,16.75,14.265,14.33,44299555
1765809000,14.06,14.08,12.3525,12.49,36699495
1765895400,12.37,13.1,11.93,12.99,31467848
1765981800,13.42,13.64,11.4529,11.57,44383412
1766068200,12.22,12.34,11.32,11.79,31821683
1766154600,12.06,12.91,12.03,12.52,42990598
1766413800,12.69,13,12.4,12.47,18876444
1766500200,12.37,13,12.21,12.42,20575885
1766586600,12.25,12.425,11.9501,12.31,8167810
1766759400,12.28,12.34,11.65,11.75,13397854
1767018600,11.54,11.9799,11.345,11.42,16445754
1767105000,11.375,11.59,11.13,11.15,17016132
1767191400,11.81,11.89,11.32,11.49,19434945
1767364200,11.705,12.74,11.55,12.74,25965998
1767623400,13.01,13.7,12.92,13.62,26431634
1767709800,13.57,13.73,12.48,13.18,21787319
1767796200,12.955,13.14,12.38,12.49,16303853
1767882600,12.47,13.28,12.1541,12.84,17284639
1767969000,13.13,13.7,12.865,13.1,17656039
1768228200,12.91,13.94,12.8228,13.81,26689976
1768314600,14.125,14.34,13.87,14.14,27679721
1768401000,14.2,14.55,13.85,14.21,22057586
1768487400,14.18,14.34,13.7,13.83,20208836
1768573800,13.85,14.21,13.561,13.85,21703980
1768919400,13.175,13.98,12.982,13.33,21570251
1769005800,13.29,13.84,12.3101,13.12,27823583
1769092200,13.285,13.47,12.5,12.89,17485506
1769178600,12.85,14.18,12.265,14.12,29596167
1769437800,14.03,14.225,13.09,13.79,25931028
1769524200,13.79,15.42,13.735,15.31,38249553
1769610600,15.35,15.37,14.34,15.11,28939219
1769697000,14.9,14.91,13.49,14.54,30243029
1769783400,14.295,14.34,12.98,13.37,31973607
1770042600,13,14.08,12.955,13.44,26077713
1770129000,15.07,15.6,13.65,14.8,63676750
1770215400,14.3,14.42,12.39,13.88,51285748
1770301800,13.31,13.96,11.735,11.92,44177029
1770388200,12.725,14.455,12.565,14.29,46525726
1770647400,15.105,16.83,14.93,16.65,65639084
1770733800,16.21,17.695,16.02,16.63,59262750
1770820200,16.925,17.0599,15.3601,16.03,39560919
1770906600,16.22,16.9699,15.72,15.91,39190105
1770993000,16.425,17.585,15.2,16.26,43021841
1771338600,15.78,16.66,15.07,16.18,28919890
1771425000,16,16.455,15.19,15.38,28263548
1771511400,15,15.52,14.43,15.47,23465873
1771597800,15.33,15.79,14.625,15.01,27157246
1771857000,14.44,15.695,14.31,15.68,25296803
1771943400,15.39,18.03,15.33,17.56,46405142
1772029800,18.295,18.51,17.635,17.92,39951805
1772116200,18.13,18.3299,17.25,17.88,25734529
1772202600,17.15,17.84,15.685,16.22,34007373
1772461800,15.55,16.8,15.53,16.02,26229006
1772548200,14.42,15.35,14.33,14.74,33732536