time,open,high,low,close,Volume
1356618600,26.55,26.8,25.52,26.05,43481680
1356705000,25.48,26.11,25.14999,25.91119,56574800
1356964200,26.2,26.99001,26.11,26.61971,60374432
1357137000,27.44,28.17999,27.42,28,69845008
1357223400,27.88,28.47,27.59,27.77,63140528
1357309800,28.00999,28.92999,27.83,28.75999,72715376
1357569000,28.69,29.78999,28.64999,29.4213,83781744
1357655400,29.50999,29.60001,28.86,29.0607,45870928
1357741800,29.67,30.60001,29.49001,30.59,104787632
1357828200,30.60001,31.45,30.28,31.3,95316368
1357914600,31.28,31.96001,31.10001,31.72,89598000
1358173800,32.08,32.21001,30.62,30.94749,98886880
1358260200,30.64,31.71001,29.88,30.10001,173242368
1358346600,30.21001,30.35001,29.53,29.85001,75332624
1358433000,30.08,30.42,30.03,30.14,40256608
1358519400,30.31,30.44,29.27,29.66,49631504
1358865000,29.75,30.89,29.74001,30.729,55243216
1358951400,31.10001,31.5,30.8,30.82001,48899744
1359037800,31.27,31.49001,30.81,31.08,43845056
1359124200,31.41,31.92999,31.13,31.53999,54363552
1359383400,31.88,32.5063,31.81,32.46899,59681408
1359469800,32,32.07001,30.71001,30.78999,72976496
1359556200,30.98,31.49001,30.88,31.24001,87682064
1359642600,29.14999,31.47,28.74001,30.981,190743632
1359729000,31.00999,31.02,29.63,29.73,85856688
1359988200,29.06,29.2,28.00999,28.10899,92362192
1360074600,28.25999,28.96001,28.03999,28.64,47948192
1360161000,28.74001,29.28999,28.66,29.05,38375744
1360247400,29.11,29.14999,28.27,28.64999,34540016
1360333800,28.89,29.17,28.50999,28.545,37708736
1360593000,28.61,28.67999,28.03999,28.25999,37361744
1360679400,27.67,28.16,27.10001,27.37,93495632
1360765800,27.36,28.32001,27.31,27.9075,50163968
1360852200,28.02,28.63,28.00999,28.5,35618416
1360938600,28.52,28.75,28.09,28.32001,33109104
1361284200,28.23,29.08,28.12,28.92999,49411552
1361370600,28.92,29.05,28.33,28.46201,42098112
1361457000,28.28,28.55,27.14999,27.283,49647664
1361543400,27.62,27.63,26.82001,27.13,36350144
1361802600,27.16,27.64,27.14999,27.27,34651984
1361889000,27.36,27.46001,26.7,27.39,31611648
1361975400,27.34,27.34,26.63,26.87,44319632
1362061800,26.84,27.3,26.34,27.25,83027744
1362148200,27.05,28.11639,26.81,27.78,54064736
1362407400,27.75999,28.06,27.44,27.72,32400640
1362493800,27.88,28.17999,27.21001,27.52,40622192
1362580200,28.10001,28.13,27.35001,27.4525,33532528
1362666600,27.57001,28.675,27.47,28.578,74540128
1362753000,28.425,28.47,27.73,27.96001,44198832
1363008600,28.00999,28.64,27.83,28.14,35642064
1363095000,28.10001,28.32001,27.60001,27.83,27569584
1363181400,27.62,27.64999,26.92,27.08,39619440
1363267800,27.10001,27.42999,26.83,27.03999,27646384
1363354200,27.03,27.06,26.56,26.645,31597360
1363613400,26.37,26.78999,25.78,26.49001,26653648
1363699800,26.53,26.89999,26.21001,26.55,25254160
1363786200,26.67999,26.69,25.78,25.86,44006432
1363872600,25.66,26.11,25.56,25.74001,24336016
1363959000,25.79601,26.00999,25.63,25.73,18456272
1364218200,25.75,25.8,25.078,25.131,39198944
1364304600,25.08,25.48,25.03,25.205,26957136
1364391000,25,26.28,24.72,26.09,52297328
1364477400,26.09,26.17,25.52,25.58,28585616
1364823000,25.63,25.89,25.28,25.53,22249216
1364909400,25.77,26.12,25.3,25.42,35153296
1364995800,25.83,26.39,25.7,26.25,48195120
1365082200,26.62,27.2301,26.11,27.07249,82016752
1365168600,26.86,27.8,26.61,27.39,64566512
1365427800,27.19,27.2,26.63,26.849,27255984
1365514200,26.58,26.89,26.42,26.59,21311008
1365600600,27.0099,27.84,26.89999,27.57001,45949360
1365687000,27.48,28.10001,27.25,28.0175,33368464
1365773400,28,28,27.24001,27.39999,28697392
1366032600,27.16,27.48,26.36,26.52,30275360
1366119000,26.81,27.11,26.39999,26.92,27396384
1366205400,26.64999,27.2,26.39,26.625,26440528
1366291800,26.82001,26.82001,25.14999,25.69,39058912
1366378200,25.62,25.96001,25.33,25.73,20380864
1366637400,25.81,26.36,25.7,25.97,25687552
1366723800,26.215,26.33,25.77,25.98,25191472
1366810200,25.92999,26.39999,25.8,26.11,19729808
1366896600,26.07001,26.39999,26,26.14,17149968
1366983000,26.60001,27.62,26.60001,26.85001,33017952
1367242200,27.16,27.41,26.86,26.98,29201072
1367328600,27.13,27.85001,27.005,27.769,36245632
1367415000,27.85001,27.91499,27.31,27.42999,64567584
1367501400,28.0099,29.02,27.98,28.97,104256944
1367587800,29.03999,29.07001,28.14999,28.311,58506368
1367847000,28.33,28.46001,27.48,27.57001,43939312
1367933400,27.55,27.85001,26.85001,26.88901,41259088
1368019800,26.88,27.3,26.64999,27.12,34654848
1368106200,27.08,27.55,26.85001,27.03999,33457152
1368192600,27.14,27.3,26.57001,26.67999,30847024
1368451800,26.60001,27.325,26.53101,26.82001,29068768
1368538200,26.88541,27.28,26.82001,27.07001,24930208
1368624600,26.92,26.99001,26.39999,26.60001,30299760
1368711000,26.48,26.55,25.89999,26.13,35506976
1368797400,26.39999,26.60001,26.2,26.25,29462608
1369056600,26.17999,26.19,25.69,25.759,42402880
1369143000,25.87,26.075,25.59,25.66,26261216
1369229400,25.64999,25.85001,24.92,25.159,45314480
1369315800,24.8,25.53,24.77,25.06,37697200
1369402200,24.97,24.97,24.08,24.3125,58727888
1369747800,24.53999,24.53999,23.92,24.10001,50079648
1369834200,23.78999,23.81,23.25999,23.32001,64237696
1369920600,24.13,24.77901,23.92999,24.55,60733120
1370007000,24.63,24.95,24.27,24.34801,35924912
1370266200,24.265,24.32001,23.71001,23.84801,35733792
1370352600,23.89,23.92999,23.32001,23.52,34808992
1370439000,23.35001,23.705,22.78999,22.899,53819648
1370525400,22.99001,23.09,22.67,22.97,31260656
1370611800,23.03,23.39999,22.86,23.291,38699120
1370871000,24.06,24.60001,23.99001,24.33,58392992
1370957400,24.03,24.35001,24,24.03,29885808
1371043800,24.16,24.25999,23.58,23.77,26445792
1371130200,23.72,23.83,23.265,23.73,31189248
1371216600,23.56,23.89,23.25999,23.63,30677072
1371475800,23.91,24.25,23.75,24.022,33664416
1371562200,24.09,24.69,24.08,24.21001,36709008
1371648600,24.2,25.19,24.10001,24.30901,31790528
1371735000,24.28,24.745,23.64999,23.89999,42765584
1371821400,24.59,24.7,24.05,24.53,45833824
1372080600,23.95,24.11,23.38,23.935,40625952
1372167000,24.14,24.42999,24.03999,24.25,24719984
1372253400,24.50999,24.64999,23.99001,24.16,29890208
1372339800,24.24001,24.84,24.21001,24.66,34694016
1372426200,24.67999,24.98,24.42,24.88,96778880
1372685400,24.96941,25.0601,24.62,24.81,20582192
1372771800,24.7,24.77,24.3,24.41,18394000
1372858200,24.22,24.71001,24.14999,24.52,10404332
1373031000,24.64999,24.66,24.2,24.37,20229456
1373290200,24.47,25.03999,24.42,24.71001,27073984
1373376600,25.07001,25.49001,25.03,25.48,30387888
1373463000,25.58,25.83,25.47,25.8,26721792
1373549400,25.96001,26,25.45,25.81,26777360
1373635800,25.74001,25.92999,25.55,25.91,16537840
1373895000,25.92999,26.42999,25.64999,26.28,24233952
1373981400,26.39,26.75,26.00999,26.32001,30817552
1374067800,26.37,26.78,26.3,26.64999,21518464
1374154200,26.75,26.77,26.12,26.17999,24806832
1374240600,25.82001,26.1077,25.60001,25.881,46544944
1374499800,25.99001,26.13,25.72,26.045,27526208
1374586200,26.10001,26.3,25.97,26.13,28221536
1374672600,26.32001,26.53,26.05,26.50999,82635568
1374759000,33.545,34.88,32.75,34.35899,365935104
1374845400,33.77,34.73,33.56,34.00999,136028880
1375104600,34.07001,35.63,34.00999,35.42999,124884880
1375191000,35.64999,37.96001,35.32001,37.627,173582688
1375277400,37.96001,38.31,36.33,36.8,154828688
1375363800,37.3,38.28999,36.92,37.489,106066496
1375450200,37.66,38.49001,37.5,38.05,73058432
1375709400,38.42999,39.32001,38.25,39.189,79994752
1375795800,39.11,39.25,37.94,38.55,63950784
1375882200,38.61,38.94,37.7,38.87,68854752
1375968600,39.13,39.19,38.42999,38.53999,41300912
1376055000,38.59,38.74001,38.00999,38.5,43620016
1376314200,38.2,38.5,38.10001,38.22,31160944
1376400600,38.24001,38.32001,36.77,37.019,65379200
1376487000,36.83,37.55,36.62,36.64999,48423888
1376573400,36.36,37.07001,36.0201,36.56,56521088
1376659800,36.97,37.49001,36.89999,37.08,45840720
1376919000,37.42999,38.28,37.14,37.81,57609584
1377005400,38.35001,38.58,37.69,38.41,57995136
1377091800,38.38,38.85001,38.145,38.32001,46116864
1377178200,38.37,38.75,38.34,38.55,21931168
1377264600,39,40.63,38.92999,40.55,86442320
1377523800,40.89999,41.94,40.62,41.34,94162368
1377610200,40.67999,41.2,39.42,39.64,72695056
1377696600,39.96001,40.85001,39.88,40.548,57918192
1377783000,40.89,41.78,40.8,41.28,58303392
1377869400,42.02499,42.25999,41.06,41.29401,67735056
1378215000,41.84,42.16499,41.50999,41.87,48774896
1378301400,42.00999,42.17,41.44,41.78,42581856
1378387800,41.78999,42.765,41.77,42.66,50035376
1378474200,43.09,44.61,42.39999,43.95,117535632
1378733400,44.36,44.78999,43.7,44.03999,75794688
1378819800,44.24001,44.25999,43.23,43.60001,54540288
1378906200,43.39,45.09,43.11,45.03999,72328256
1378992600,45.53,45.62,44.64999,44.75,68072064
1379079000,45.03999,45.08,43.92999,44.31,52765296
1379338200,44.85001,44.94,42.42999,42.50999,70807744
1379424600,42.5,45.44,42.42999,45.07001,91934560
1379511000,44.84,45.47,44.395,45.23,79316944
1379597400,45.50999,46.05,45.23,45.98,63972368
1379683800,46.32001,47.60001,45.74001,47.49001,115508368
1379943000,47.28,47.55,46.28999,47.19,75319184
1380029400,48.505,49.66,48.16,48.45,136716128
1380115800,49.23,49.53999,48.46001,49.46001,87879632
1380202200,50.00999,50.60001,49.5,50.39,98220064
1380288600,50.28999,51.28,49.86,51.24001,81410432
1380547800,50.14,51.60001,49.8,50.23,100095440
1380634200,49.97,51.03,49.45,50.42,98113680
1380720600,50.13,51.10001,49.95,50.28,62834432
1380807000,50.47,50.72,49.06,49.183,82045312
1380893400,49.77,51.16,49.57001,51.03999,74446944
1381152600,50.73,51.28999,50.39999,50.515,57203952
1381239000,50.60001,50.60001,47.08,47.14,136081312
1381325400,47.375,47.84,45.25999,46.77,147296880
1381411800,47.86501,49.67999,47.83,49.05,99773808
1381498200,49.17999,49.87,48.78999,49.11,58428448
1381757400,48.31,49.63,47.91,49.50999,68780560
1381843800,49.99001,51,49.17999,49.5,81166560
1381930200,50.03999,51.24001,49.89999,51.13499,64678240
1382016600,51.12,52.22,50.95,52.21001,71521872
1382103000,54.17999,54.825,53.60001,54.22,88260064
1382362200,54.67999,54.81,53.50999,53.85001,58235280
1382448600,54.33,54.75999,52.2,52.675,83203872
1382535000,51.75,52.25,51.13,51.89999,57207152
1382621400,52.38,52.84,51.5928,52.44501,46775184
1382707800,53.17999,53.24001,51.88,51.95,45085344
1382967000,51.54,51.7,49.61,50.229,73472347
1383053400,50.73,50.79,49.25,49.395,102143469
1383139800,50,50.21,48.75,49.01,127072652
1383226200,47.155,52,46.5,50.205,248809006
1383312600,50.85,52.09,49.72,49.75,95032876
1383575400,49.365,49.75,48.02,48.22,80371218
1383661800,47.79,50.18,47.51,50.105,76835006
1383748200,50.26,50.45,48.71,49.12,67889337
1383834600,49.24,49.87,47.3,47.56,97127618
1383921000,47.81,48.65,47.25,47.53,70731178
1384180200,47.04,47.53,45.73,46.2,80909626
1384266600,46,47.37,45.83,46.605,68195832
1384353000,46.23,48.74,46.06,48.71,79245346
1384439400,48.7,49.57,48.03,48.99,75117049
1384525800,49.11,49.48,48.71,49.01,42452937
1384785000,48.47,48.84,45.8,45.83,85909884
1384871400,46.26,47,45.72,46.36,75602413
1384957800,46.61,47.55,46.31,46.43,53932698
1385044200,46.99,47.46,46.685,46.7,34886170
1385130600,47.04,47.27,45.96,46.23,40545375
1385389800,46.36,46.65,44.04,44.82,82565324
1385476200,44.66,46.17,43.55,45.89,82016490
1385562600,45.97,46.67,45.53,46.49,44993195
1385735400,46.75,47.21,46.5,47.01,22953916
1385994600,46.9,47.54,46.26,47.06,50773647
1386081000,46.75,47.2,46.29,46.73,32085905
1386167400,46.46,48.77,46.26,48.62,60890176
1386253800,48.15,48.7,47.87,48.34,43855036
1386340200,48.98,49.39,47.71,47.94,42937659
1386599400,48.09,48.97,47.74,48.84,36055891
1386685800,48.64,50.77,48.54,50.245,68478561
1386772200,50.55,50.77,49.01,49.38,65776366
1386858600,51.045,52.07,50.66,51.83,92723034
1386945000,51.66,53.5,51.34,53.32,82640992
1387204200,53.25,54.5,52.91,53.81,85118518
1387290600,54.76,55.18,54.24,54.86,78751463
1387377000,54.86,55.89,53.75,55.57,76003479
1387463400,54.33,55.19,53.95,55.05,89825393
1387549800,54.93,55.15,54.23,55.12,239823912
1387809000,55.5,58.32,55.45,57.77,98296983
1387895400,58.27,58.58,56.91,57.96,46617754
1388068200,58.32,58.38,57.37,57.73,55101367
1388154600,57.48,57.68,55.25,55.44,60465751
1388413800,54.93,55.18,53.43,53.71,68307317
1388500200,54.12,54.86,53.91,54.649,43152127
1388673000,54.83,55.22,54.19,54.71,43257622
1388759400,55.02,55.65,54.53,54.557,38287706
1389018600,54.42,57.26,54.05,57.2,68974359
1389105000,57.7,58.55,57.22,57.92,77329009
1389191400,57.6,58.41,57.23,58.23,56800776
1389277800,58.65,58.96,56.65,57.22,92349222
1389364200,57.13,58.3,57.06,57.94,42529258
1389623400,57.91,58.25,55.38,55.91,63106519
1389709800,56.46,57.78,56.1,57.74,37590987
1389796200,57.98,58.57,57.27,57.6,33730619
1389882600,57.26,58.02,56.83,57.19,34599775
1389969000,57.3,57.82,56.07,56.3,40883205
1390314600,56.6,58.58,56.5,58.51,48734147
1390401000,58.85,59.31,57.1,57.51,61495880
1390487400,56.37,56.68,55.6855,56.63,47996403
1390573800,56.15,56.42,54.4,54.45,55545338
1390833000,54.73,54.9401,51.85,53.55,74142331
1390919400,54.02,55.28,54,55.14,48364998
1391005800,54.61,54.95,53.19,53.53,98089932
1391092200,62.12,62.5,60.46,61.08,150438699
1391178600,60.47,63.37,60.17,62.57,87930298
1391437800,63.03,63.77,60.7,61.48,75105994
1391524200,62.05,63.14,61.82,62.75,46064897
1391610600,62.74,63.16,61.27,62.19,53032420
1391697000,61.46,62.78,61.46,62.16,42153754
1391783400,62.27,64.57,62.22,64.32,60835746
1392042600,64.3,64.49,63.473,63.548,43736562
1392129000,63.75,65,63.35,64.851,45746832
1392215400,64.92,65.06,64.05,64.45,47409857
1392301800,64.18,67.33,64.05,67.33,62013396
1392388200,67.5,67.58,66.72,67.09,36786427
1392733800,66.94,67.5397,66.07,67.3,43862297
1392820200,67.05,69.08,67,68.06,64258631
1392906600,67.73,70.11,65.727,69.63,131043748
1392993000,69.69,69.96,68.45,68.59,70991892
1393252200,68.74,71.44,68.54,70.78,76951946
1393338600,70.95,71,69.45,69.85,52189031
1393425000,70.19,71.22,68.85,69.26,55400399
1393511400,69.34,70.01,68.87,68.94,41695855
1393597800,69.47,69.88,67.38,68.46,66900863
1393857000,66.96,68.05,66.51,67.41,56900444
1393943400,68.66,68.9,67.62,68.8,42164222
1394029800,69.69,71.97,69.62,71.57,74649486
1394116200,71.88,71.89,70.25,70.84,46126260
1394202600,71.08,71.18,69.47,69.8,38985763
1394458200,70.77,72.15,70.51,72.03,59949746
1394544600,72.5,72.59,69.96,70.1,59615238
1394631000,69.86,71.35,69,70.8799,46400431
1394717400,71.29,71.35,68.15,68.83,57091157
1394803800,68.49,69.43,67.46,67.72,48226824
1395063000,68.18,68.95,66.62,68.7399,52196699
1395149400,68.76,69.6,68.3,69.19,40827226
1395235800,69.17,69.29,67.465,68.24,43980558
1395322200,68.01,68.23,66.82,66.97,44438500
1395408600,67.53,67.92,66.1786,67.24,60041228
1395667800,67.19,67.36,63.36,64.1,85695872
1395754200,64.89,66.19,63.78,64.89,68785500
1395840600,64.74,64.95,60.37,60.385,97689774
1395927000,60.51,61.9,57.98,60.97,112649694
1396013400,61.34,61.95,59.335,60.01,67051528
1396272600,60.78,61.52,59.87,60.24,53011205
1396359000,60.46,62.66,60.24,62.62,59291210
1396445400,63.21,63.91,62.21,62.72,66276613
1396531800,62.55,63.17,59.13,59.49,83859330
1396618200,59.94,60.2,56.32,56.749,125465774
1396877400,55.9,58,55.44,56.95,108487569
1396963800,57.68,58.71,57.17,58.1901,78835935
1397050200,59.63,62.4558,59.1882,62.41,100215307
1397136600,63.08,63.18,58.68,59.16,114987616
1397223000,57.6,60.31,57.31,58.53,91451960
1397482200,60.09,60.45,57.78,58.89,72324603
1397568600,59.29,59.68,55.88,59.09,108622706
1397655000,59.79,60.19,57.74,59.72,78773521
1397741400,59.3,60.58,58.72,58.94,88040346
1398087000,59.46,61.24,59.15,61.24,60363619
1398173400,62.65,63.44,62.22,63.0301,60631312
1398259800,63.45,63.48,61.26,61.36,96564750
1398346200,63.6,63.65,59.77,60.87,138769345
1398432600,59.97,60.01,57.57,57.71,92501529
1398691800,58.05,58.31,54.66,56.14,107757756
1398778200,56.09,58.28,55.84,58.15,75557202
1398864600,57.58,59.85,57.16,59.78,76093004
1398951000,60.43,62.28,60.21,61.15,82428606
1399037400,61.3,61.89,60.18,60.46,54189197
1399296600,59.67,61.35,59.18,61.22,46057411
1399383000,60.98,61.15,58.49,58.53,55900809
1399469400,58.77,59.3,56.26,57.39,78587247
1399555800,57.23,58.82,56.5,56.76,61251053
1399642200,56.85,57.65,56.38,57.24,52583858
1399901400,57.98,59.9,57.98,59.83,48575487
1399987800,59.66,60.89,59.51,59.83,48525476
1400074200,59.53,60.45,58.95,59.23,47428583
1400160600,59.26,59.38,57.52,57.919,56813940
1400247000,58.31,58.45,57.31,58.0199,47933075
1400506200,57.89,59.56,57.57,59.21,43033925
1400592600,59.5,60.19,58.18,58.56,53931469
1400679000,58.56,60.5,58.25,60.49,58991505
1400765400,60.94,61.48,60.4,60.52,54200116
1400851800,60.41,61.45,60.15,61.351,38293993
1401197400,61.62,63.51,61.57,63.48,55681663
1401283800,63.39,64.14,62.62,63.51,47795088
1401370200,63.84,64.3,63.51,63.83,42699670
1401456600,63.95,64.17,62.56,63.3,45283577
1401715800,63.23,63.59,62.05,63.08,35995537
1401802200,62.62,63.42,62.32,62.87,32216707
1401888600,62.45,63.59,62.07,63.34,36513991
1401975000,63.66,64.36,62.82,63.186,47352368
1402061400,63.37,63.48,62.15,62.5,42442096
1402320600,62.4,63.34,61.79,62.88,37617413
1402407000,63.53,65.82,63.5,65.77,69338140
1402493400,65.32,65.8,64.9,65.781,44241926
1402579800,65.85,66.47,64.06,64.2901,55729828
1402666200,64.7,64.97,63.83,64.5,29418910
1402925400,64.16,64.88,63.75,64.19,31045811
1403011800,64.1,64.88,63.93,64.4,27714816
1403098200,64.49,65.75,64.05,65.6,35570154
1403184600,65.46,65.5756,64.21,64.3415,34245182
1403271000,64.46,64.81,63.35,64.5,46466073
1403530200,64.32,65.66,64.22,65.37,34560121
1403616600,65.36,67.17,65.27,65.72,57334867
1403703000,65.58,67.48,65.57,67.44,44308249
1403789400,68,68,66.9,67.13,47713944
1403875800,67.31,67.7,66.84,67.6,46460627
1404135000,67.46,67.92,67.13,67.29,27201749
1404221400,67.58,68.44,67.39,68.06,33243166
1404307800,68.04,68.3,65.79,66.45,41895220
1404394200,66.855,67,65.76,66.29,25203215
1404739800,66.3,66.57,65.12,65.29,28745099
1404826200,65.06,65.56,62.21,62.76,68926036
1404912600,63.41,65.12,63.15,64.97,51431582
1404999000,63.31,65.34,63.05,64.8725,44421915
1405085400,65.28,66.59,64.79,66.34,39212022
1405344600,67.13,68.17,66.9,67.9,38536924
1405431000,67.96,68.0899,66.26,67.165,44292944
1405517400,67.54,67.94,67.07,67.66,29593589
1405603800,67.03,67.85,66.04,66.4099,38188432
1405690200,66.8,68.46,66.16,68.4199,42455649
1405949400,68.81,69.96,68.5,69.4,49539121
1406035800,69.76,69.77,68.61,69.27,40397693
1406122200,69.74,71.33,69.61,71.29,78434716
1406208600,75.96,76.74,74.51,74.98,124167936
1406295000,74.99,75.67,74.662,75.19,45917435
1406554200,75.17,75.5,73.85,74.92,41725249
1406640600,74.72,74.92,73.4229,73.71,41324470
1406727000,74.21,75.19,74.13,74.677,36853018
1406813400,74,74.165,72.44,72.65,43991772
1406899800,72.22,73.22,71.55,72.36,43535314
1407159000,72.36,73.88,72.36,73.51,30776819
1407245400,73.2,73.59,72.18,72.69,34986147
1407331800,72.02,73.72,71.79,72.47,30985533
1407418200,73,74,72.7,73.17,38140550
1407504600,73.4,73.43,72.56,73.06,27202325
1407763800,73.46,73.91,73.06,73.44,24591177
1407850200,73.09,73.3301,72.22,72.83,27418983
1407936600,73.12,74.25,73.05,73.77,29265662
1408023000,73.97,74.38,73.69,74.296,22207019
1408109400,74.32,74.65,73,73.63,38909161
1408368600,74,74.72,73.96,74.59,23973658
1408455000,74.81,75.58,74.77,75.29,26678640
1408541400,74.97,75.18,74.62,74.81,22916678
1408627800,74.92,75.19,74.4149,74.57,20101979
1408714200,74.34,74.73,73.57,74.57,20897393
1408973400,74.94,75.28,74.79,75.02,19734103
1409059800,75,75.99,74.73,75.9601,23992668
1409146200,75.27,75.49,74.46,74.63,36323060
1409232600,74,74.43,73.73,73.855,21946738
1409319000,74.3,74.82,74.01,74.82,26241162
1409664600,75.01,76.7,74.82,76.68,34979438
1409751000,77.14,77.48,75.6,75.83,32389102
1409837400,75.89,76.93,75.53,75.95,26676444
1409923800,76.1,77.38,75.598,77.26,29475854
1410183000,77.26,78.17,77.01,77.89,28183156
1410269400,77.59,78.17,76.2,76.67,28881803
1410355800,76.52,77.95,76.51,77.43,29908606
1410442200,77.13,78.36,77.05,77.92,32247724
1410528600,78.02,78.3,77.1,77.48,26744356
1410787800,77.15,77.25,73.43,74.58,49679130
1410874200,73.52,76.23,73.07,76.08,37742482
1410960600,75.96,77.25,75.57,76.43,28693348
1411047000,76.77,77.33,76.52,77,23030936
1411133400,77.4,78.3,76.44,77.91,76671330
1411392600,77,77.53,75.95,76.8,31961015
1411479000,76.33,78.63,76.04,78.29,36814111
1411565400,78.1,78.62,77.51,78.535,30679642
1411651800,78.6,78.94,77.13,77.22,37532580
1411738200,77.59,78.8416,77.33,78.79,28872012
1411997400,78.12,79.199,77.91,79,34030635
1412083800,79.35,79.7067,78.6,79.04,35899444
1412170200,78.78,78.82,75.9,76.55,55090157
1412256600,76.57,77.48,75.64,77.08,36487612
1412343000,77.76,78.06,77.26,77.44,23340173
1412602200,77.19,77.89,76.85,77.555,25729191
1412688600,77.05,77.95,76.24,76.29,25317488
1412775000,76.18,77.71,75.1,77.52,32975514
1412861400,77.28,77.7601,75.85,75.91,32487174
1412947800,75.59,76.5,72.76,72.91,52146162
1413207000,73.23,74.78,72.52,72.99,43937638
1413293400,74,74.18,72.05,73.59,50299288
1413379800,71.69,73.8,70.32,73.21,61528317
1413466200,70.79,73.35,70.58,72.63,53529459
1413552600,74.23,76,73.75,75.95,76341638
1413811800,75.6,77.09,75.38,76.95,34701260
1413898200,77.56,78.74,77.15,78.69,32252403
1413984600,78.815,79.85,78.01,78.37,41862393
1414071000,79.38,80.63,79.01,80.04,35055800
1414157400,80.2,80.8183,79.32,80.67,32247520
1414416600,80.74,80.8,79.76,80.28,30168921
1414503000,80.18,81.16,79.57,80.77,74211768
1414589400,75.45,76.88,74.78,75.86,106119520
1414675800,75.05,75.35,72.9,74.11,83269554
1414762200,74.93,75.7,74.45,74.99,44544325
1415025000,75.47,75.52,73.7,73.88,40727330
1415111400,74.23,75.77,73.65,75.76,39326471
1415197800,76.51,76.8,74.42,74.83,35912588
1415284200,74.89,75.6,74.31,75.26,21383194
1415370600,75.39,75.855,75.02,75.6,20774381
1415629800,75.36,75.4799,74.61,75,21575126
1415716200,74.95,74.98,74.03,74.61,18735123
1415802600,74.28,75.14,73.54,74.72,26536609
1415889000,74.74,75.24,73.64,74.25,26448451
1415975400,74.27,74.93,74.04,74.88,19476878
1416234600,74.88,75.655,73.88,74.24,28701191
1416321000,74.45,74.8,73.9,74.34,20696643
1416407400,74.01,74.54,73.11,73.33,25441163
1416493800,72.8,73.99,72.51,73.6,19154862
1416580200,74.5,74.5,73.5,73.75,23060382
1416839400,73.54,74.35,73.35,74.01,22103831
1416925800,74.21,75.74,74.13,75.63,32250205
1417012200,75.53,77.78,75.51,77.62,32721585
1417185000,77.67,78.27,77.23,77.7,15992035
1417444200,77.26,77.31,74.8,75.1,31789866
1417530600,75.33,75.91,75.04,75.46,16773884
1417617000,75.38,75.73,74.4,74.88,16689857
1417703400,74.83,75.55,74.66,75.24,14390520
1417789800,75.8,76.76,75.36,76.36,24306446
1418049000,76.18,77.25,75.4,76.52,25733853
1418135400,75.2,76.93,74.78,76.84,25358584
1418221800,76.65,77.55,76.07,76.18,32210532
1418308200,76.52,78.52,76.48,77.73,33492661
1418394600,77.16,78.88,77.02,77.83,28091617
1418653800,78.46,78.58,76.56,76.99,29396532
1418740200,76.19,77.39,74.59,74.69,31554593
1418826600,75.01,76.41,74.9,76.11,29203904
1418913000,76.89,78.4,76.51,78.4,34222081
1418999400,78.75,80,78.33,79.88,43334992
1419258600,80.08,81.89,80,81.45,31395770
1419345000,82.02,82.17,80.4,80.61,19865820
1419431400,81.03,81.43,80.75,80.77,7685481
1419604200,81.02,81.28,80.51,80.775,10647388
1419863400,80.49,80.96,79.71,80.02,14134666
1419949800,79.85,80.59,79.1,79.22,14370763
1420036200,79.54,79.8,77.86,78.02,20040439
1420209000,78.58,78.93,77.7,78.45,18177475
1420468200,77.98,79.2455,76.86,77.19,26452191
1420554600,77.23,77.59,75.365,76.15,27399288
1420641000,76.76,77.36,75.82,76.15,22045333
1420727400,76.74,78.23,76.08,78.175,23960953
1420813800,78.2,78.62,77.2,77.74,21157007
1421073000,77.84,78,76.21,76.72,19190194
1421159400,77.23,78.08,75.85,76.45,25179561
1421245800,76.42,77.2,76.0291,76.28,25918564
1421332200,76.4,76.57,73.54,74.05,34133974
1421418600,74.04,75.32,73.84,75.18,21791529
1421764200,75.72,76.31,74.82,76.24,22821614
1421850600,76.16,77.3,75.85,76.74,25096737
1421937000,77.17,77.75,76.68,77.65,19519458
1422023400,77.65,78.19,77.04,77.83,16746503
1422282600,77.98,78.47,77.29,77.495,19260820
1422369000,76.71,76.88,75.63,75.78,20109977
1422455400,76.9,77.638,76,76.24,53306422
1422541800,76.85,78.02,74.21,78,61293468
1422628200,78,78.16,75.75,75.91,42649491
1422887400,76.11,76.14,73.75,74.99,41955258
1422973800,75.19,75.58,73.86,75.4,26957714
1423060200,75.09,76.35,75.01,75.63,20277368
1423146600,75.71,75.98,75.21,75.615,15062573
1423233000,75.68,75.7,74.25,74.47,21210994
1423492200,74.05,74.83,73.45,74.44,16194322
1423578600,74.85,75.34,74.5,75.19,15811344
1423665000,75.09,76.75,75.03,76.51,20877427
1423751400,76.86,76.87,75.89,76.23,17234976
1423837800,76.46,76.48,75.5,75.74,18621860
1424183400,75.3,76.91,75.08,75.6,25254400
1424269800,75.94,76.9,75.45,76.71,22426421
1424356200,76.986,79.84,76.95,79.42,45851177
1424442600,79.55,80.34,79.2,79.895,36931698
1424701800,79.96,80.19,78.38,78.84,24139056
1424788200,78.5,79.48,78.1,78.45,18897133
1424874600,78.5,80.2,78.5,79.56,25593800
1424961000,79.88,81.37,79.72,80.41,31111891
1425047400,80.68,81.23,78.62,78.97,30739197
1425306600,79,79.855,78.52,79.75,21662537
1425393000,79.61,79.7,78.52,79.6,18634973
1425479400,79.3,81.15,78.85,80.895,28126686
1425565800,81.23,81.99,81.05,81.21,27825733
1425652200,80.9,81.33,79.83,80.005,24488581
1425907800,79.68,79.91,78.63,79.44,18925097
1425994200,78.5,79.26,77.55,77.55,23067057
1426080600,77.8,78.43,77.26,77.57,20215704
1426167000,78.1,79.05,77.91,78.93,16093319
1426253400,78.6,79.38,77.68,78.05,18557296
1426512600,77.96,78.12,77.36,78.07,19305406
1426599000,78.36,79.78,78.34,79.365,22169969
1426685400,79.25,81.24,79.17,80.91,36912446
1426771800,81.12,83,81,82.75,42099523
1426858200,83.39,84.6,83.07,83.8,44466323
1427117400,83.92,84.96,83.3,84.43,27357333
1427203800,84.71,86.0699,84.52,85.31,32576522
1427290200,85.5,85.52,82.92,82.92,37436147
1427376600,82.72,83.77,82.14,83.01,32794800
1427463000,83.38,83.95,82.88,83.3,18372582
1427722200,83.81,84.34,82.41,83.195,24527686
1427808600,82.9,83.5,82.21,82.215,19734277
1427895000,82.5,82.72,80.87,81.665,22058167
1427981400,82.25,82.56,81.44,81.555,19664053
1428327000,80.8,82.81,80.8,82.44,19062934
1428413400,82.65,83.42,82.22,82.32,17467042
1428499800,82.63,83.1,81.84,82.275,18966732
1428586200,82.5,82.8,81.71,82.17,15927281
1428672600,82.21,82.61,81.91,82.04,12529738
1428931800,81.93,83.94,81.92,83.01,26883094
1429018200,83.17,83.69,82.44,83.515,19634173
1429104600,83.55,83.66,82.27,82.705,22390943
1429191000,82.47,83.07,82.15,82.31,13769687
1429277400,81.48,82.11,80.37,80.775,24214983
1429536600,81.54,83.15,81.24,83.09,28796761
1429623000,84,84.49,83.54,83.62,27171852
1429709400,84.32,84.74,83.65,84.63,45547963
1429795800,84.1,85.59,82.41,82.41,73728080
1429882200,82.77,82.94,81.48,81.53,29660356
1430141400,81.87,82.93,81.63,81.91,25446032
1430227800,81.83,81.9,80.23,80.68,23775344
1430314200,80.01,81.39,79.52,80.465,26430258
1430400600,80.01,80.96,78.32,78.77,28999005
1430487000,79.24,79.76,78.11,78.99,24136358
1430746200,79.33,79.69,78.6301,78.81,14691991
1430832600,78.55,78.8,77.22,77.56,22311318
1430919000,77.97,78.81,77.05,78.1,28663026
1431005400,78,78.94,77.56,78.425,19749428
1431091800,79.1,79.23,78.03,78.51,19943595
1431351000,78.48,79.03,77.93,78.01,18874054
1431437400,77.87,77.89,76.79,77.46,21285310
1431523800,77.72,78.53,77.65,78.44,21512309
1431610200,78.94,81.845,78.67,81.37,49437996
1431696600,81.41,81.52,80.18,80.42,27069884
1431955800,80.33,81.38,80.23,80.88,21613674
1432042200,81.25,81.69,80.55,80.63,17955389
1432128600,80.47,81.1,79.46,80.55,23056899
1432215000,80.19,80.92,80.08,80.48,13402749
1432301400,80.35,81.31,80.25,80.54,19567937
1432647000,80.43,80.6,79.08,79.335,16321339
1432733400,79.6,80.66,79.43,80.55,14160865
1432819800,80.25,81.0745,80,80.145,11982008
1432906200,79.95,80.07,78.88,79.19,16134580
1433165400,79.3,80.38,78.66,80.29,18119012
1433251800,79.76,81.35,79.56,80.445,18923300
1433338200,81.35,82.53,81.25,82.44,31774993
1433424600,82.14,82.95,81.51,82.05,20863877
1433511000,81.87,82.46,81.51,82.14,16143093
1433770200,81.82,82,80.13,80.67,16915471
1433856600,80.6,81.19,79.32,80.67,16497538
1433943000,80.83,82.6,80.81,82.16,21531208
1434029400,82.31,82.9,81.36,81.83,18656811
1434115800,81.37,82.09,81.2,81.53,11417882
1434375000,80.55,80.93,80.07,80.71,18805087
1434461400,80.82,81.51,80.45,81.06,13693666
1434547800,81.76,82.22,81.34,81.79,18350287
1434634200,81.64,83.19,81.57,82.905,26782573
1434720600,82.83,82.98,82.12,82.51,23353194
1434979800,83.41,84.97,83.31,84.74,29383079
1435066200,84.96,87.97,84.76,87.88,50667853
1435152600,87.66,89.25,87.45,88.86,41370227
1435239000,89.26,89.4,87.835,87.98,27301967
1435325400,88.12,88.34,86.8283,88.01,38214647
1435584600,86.61,87.5,85.73,85.8,35957872
1435671000,86.6,86.7,85.57,85.765,23233183
1435757400,86.77,87.95,86.49,86.91,25260045
1435843800,87.4,87.44,86.3401,87.285,16908781
1436189400,86.49,88.1846,86.39,87.55,24635915
1436275800,87.8,87.85,85.231,87.22,33059921
1436362200,86.29,86.75,85.445,85.65,24399340
1436448600,86.73,87.6,85.6499,85.88,23307402
1436535000,87.35,88.22,86.77,87.95,23245873
1436794200,88.66,90.22,88.42,90.1,29976670
1436880600,90.46,90.8,89.65,89.68,26627849
1436967000,90,90.99,89.42,89.76,30886601
1437053400,90.28,90.86,89.77,90.85,21804086
1437139800,92.55,95.39,92.54,94.97,54001635
1437399000,95.85,98.6,95.36,97.91,54860541
1437485400,98.95,99.24,97.1427,98.39,39453332
1437571800,96.74,97.58,95.92,97.04,28299518
1437658200,96.96,97.45,94.81,95.44,29418833
1437744600,97.35,97.76,95.88,96.95,33444930
1438003800,96.58,96.61,93.8301,94.17,38585381
1438090200,94.84,95.56,93.31,95.29,35235993
1438176600,96.32,97.28,94.74,96.99,64648320
1438263000,94.91,95.81,91.8,95.21,86211323
1438349400,94.95,96.33,93.95,94.01,46509045
1438608600,93.53,95.08,92.8,94.14,29343117
1438695000,93.79,94.73,93.33,94.06,20136036
1438781400,95.25,97.09,95.18,96.44,29813174
1438867800,97.18,98.74,94.42,95.12,42271318
1438954200,95.38,95.4,93.61,94.3,23199145
1439213400,95.68,95.9,93.63,94.15,21624153
1439299800,93.73,94.76,92.9006,93.62,22491031
1439386200,92.7,94.44,91.19,94.19,27120375
1439472600,94.05,94.73,93.35,93.43,17451768
1439559000,93.54,94.72,93.21,94.42,15929656
1439818200,94.42,94.46,93.39,93.93,18313531
1439904600,94.08,95.85,94.04,95.17,22278848
1439991000,94.63,96.1,94.161,95.31,23251271
1440077400,93.54,94.77,90.46,90.56,44598224
1440163800,87.52,89.18,85.61,86.06,62778680
1440423000,77.03,87.14,72,82.09,83710727
1440509400,86.95,87.67,83,83,52021230
1440595800,85.95,87.46,83.26,87.19,45124302
1440682200,89.1,90.06,87.19,89.73,42431375
1440768600,89.88,91.48,89.792,91.01,33215885
1441027800,90.6,91.05,88.89,89.43,32850666
1441114200,86.85,89.39,86.5,87.23,36097370
1441200600,88.81,89.89,87.63,89.89,27190527
1441287000,89.76,89.82,87.73,88.15,27048198
1441373400,87.2,88.39,86.7,88.26,27328667
1441719000,89.69,90.24,88.83,89.53,27012543
1441805400,90.78,91.98,90.17,90.44,32551123
1441891800,90.07,92.06,89.63,91.98,26437398
1441978200,91.68,92.08,91.13,92.05,21185049
1442237400,92.31,92.62,91.6,92.31,20127871
1442323800,92.37,93.25,91.79,92.9,18859351
1442410200,92.9,93.6,92.63,93.45,16321193
1442496600,93.37,95.51,92.9,94.34,27841803
1442583000,93.2,95.19,93.05,94.4,62299984
1442842200,94.62,96.49,94.52,95.55,28789973
1442928600,93.77,94.68,91.92,92.96,36888893
1443015000,93.4,94.32,92.8,93.97,21701427
1443101400,93.06,94.765,92.24,94.41,29105964
1443187800,95.79,95.85,92.06,92.77,28961622
1443447000,92.08,92.29,88.18,89.21,41199870
1443533400,89.1,90.06,85.72,86.67,42281838
1443619800,88.44,90.02,88.01,89.9,36169146
1443706200,90.05,90.95,88.36,90.95,29283652
1443792600,88.9,92.2,88.37,92.07,37881652
1444051800,92.94,94.27,92.66,94.01,27292517
1444138200,94.08,94.17,92.34,92.8,22488275
1444224600,93.11,93.66,91.37,92.4,24129277
1444311000,91.89,93.22,90.47,92.47,27290523
1444397400,92.9,93.74,92.239,93.24,20012911
1444656600,93.32,94.6,92.67,94.26,18449562
1444743000,93.66,95.37,93.55,94.12,19480347
1444829400,94.08,95.2,93.61,94.07,19253351
1444915800,94.99,96.3,94.9,95.96,27557516
1445002200,96.18,97.59,95.35,97.54,25412856
1445261400,97.18,98.57,96.92,98.47,23729924
1445347800,98.73,99.59,96.56,97,30881777
1445434200,97.37,98.18,96.47,97.11,22003730
1445520600,97.79,99.73,97.55,99.67,26392075
1445607000,101.91,102.85,100.16,102.19,42809661
1445866200,102.2,103.81,101.55,103.77,25961212
1445952600,102.94,104.1,102.4,103.7,23795472
1446039000,103.9,104.48,102.92,104.2,24081515
1446125400,103.96,105.12,103.52,104.88,20316691
1446211800,104.51,104.72,101.65,101.97,33487104
1446474600,102.46,103.47,101.18,103.31,24003944
1446561000,103.22,103.65,102.4,102.58,21242341
1446647400,103.19,104.14,102.48,103.94,43469308
1446733800,108.8,110.65,107.95,108.76,63232861
1446820200,108.04,108.74,105.91,107.095,35084342
1447079400,107,108.25,105.86,106.49,26383540
1447165800,105.96,108.15,105.24,107.91,25031681
1447252200,108.27,109.87,107.11,109.01,25057099
1447338600,108.48,109.39,108,108.02,20924674
1447425000,107.71,108.25,103.83,103.95,30278403
1447684200,103.32,104.17,100.47,104.04,49309167
1447770600,104.62,106.2,104.14,105.13,26807230
1447857000,105.8,107.88,105.39,107.77,23836526
1447943400,107.36,107.73,105.95,106.26,25520599
1448029800,106.84,107.87,106.62,107.32,22129648
1448289000,107.19,107.468,106.08,106.95,19897220
1448375400,106,106.49,104.39,105.74,23577293
1448461800,106.33,106.6,105.1,105.41,15150785
1448634600,105.78,105.96,104.86,105.45,5913066
1448893800,105.84,106.0999,103.75,104.24,20383179
1448980200,104.83,107.15,104.5,107.12,22781868
1449066600,107,107.92,105.79,106.07,24429063
1449153000,106.27,106.85,103.35,104.38,23236485
1449239400,104.81,107.73,104.11,106.18,21224721
1449498600,106.48,106.83,104.66,105.61,15474890
1449585000,104,106.91,103.95,106.49,20401791
1449671400,106.18,106.44,103.55,104.6,23517268
1449757800,105.05,106.4,104.41,105.42,17454312
1449844200,104.15,104.34,101.91,102.12,26427727
1450103400,102.285,104.74,101.46,104.66,24813496
1450189800,105.3,105.8,104.28,104.55,21764331
1450276200,105.37,107.09,104.19,106.79,22680547
1450362600,107.49,107.75,106.13,106.22,21675686
1450449000,106.08,106.59,103.97,104.04,35994199
1450708200,104.91,105.15,103.6,104.77,16138786
1450794600,105.22,105.6601,104.81,105.51,14597122
1450881000,105.89,106.11,103.86,104.63,19599673
1450967400,104.74,105.32,104.5,105.02,6512134
1451313000,105.02,105.98,104.53,105.93,13069733
1451399400,106.42,107.74,106.25,107.26,17179901
1451485800,107,107.25,106.06,106.22,13115007
1451572200,106,106.17,104.62,104.66,18391064
1451917800,101.95,102.24,99.75,102.22,37912403
1452004200,102.89,103.7099,101.665,102.73,23258238
1452090600,101.13,103.77,100.9,102.97,25096183
1452177000,100.5,101.43,97.3,97.92,45172906
1452263400,99.88,100.5,97.0311,97.33,35402298
1452522600,97.91,98.6,95.39,97.51,29932385
1452609000,99,99.96,97.55,99.37,28395390
1452695400,100.58,100.58,95.21,95.44,33410553
1452781800,95.85,98.87,92.45,98.37,48658623
1452868200,93.98,96.38,93.54,94.97,46132781
1453213800,96.53,97.42,93.92,95.26,30998256
1453300200,92.83,95,89.37,94.35,59051429
1453386600,94.91,95.99,92.62,94.16,30518939
1453473000,96.41,98.07,95.49,97.94,30495387
1453732200,98.72,99.48,96.93,97.01,32482015
1453818600,97.76,97.88,95.66,97.34,26877080
1453905000,97.79,97.85,94.23,94.45,58699359
1453991400,107.2,110.34,104.81,109.11,107475327
1454077800,108.99,112.84,108.84,112.21,62739548
1454337000,112.27,115.72,112.01,115.09,46132726
1454423400,114.8,117.59,113.2,114.61,59778571
1454509800,115.27,115.3407,109.75,112.69,56919324
1454596200,111.8,111.94,109.25,110.49,38890199
1454682600,109.51,109.58,103.18,104.07,76894741
1454941800,100.41,102.68,97.46,99.75,71229746
1455028200,97.14,102.4,96.82,99.54,62709018
1455114600,101.55,103.25,100.24,101,45179370
1455201000,99.6,105.11,98.88,101.91,43670634
1455287400,103.74,104.24,101.09,102.01,36176760
1455633000,103.8,103.93,100.24,101.61,45687224
1455719400,101.94,105.72,100.4,105.2,44073369
1455805800,105.8,106,103.03,103.47,29593508
1455892200,102.55,105.02,102.06,104.57,32404516
1456151400,105.49,108.25,105.34,107.16,35709714
1456237800,106.85,107.47,105.12,105.46,25319315
1456324200,104.21,106.95,102.74,106.88,34412437
1456410600,107.11,108.07,105.61,108.07,29906278
1456497000,108.7,109.45,107.16,107.92,26686193
1456756200,107.6,108.9101,106.75,106.92,32778992
1456842600,107.83,109.82,107.6,109.82,26817309
1456929000,109.68,110.55,108.77,109.95,25670170
1457015400,110.25,110.3,108.54,109.58,21353092
1457101800,110.05,110.05,107.93,108.39,24938858
1457361000,108.07,108.07,104.72,105.73,31534055
1457447400,104.78,107.37,104.4,105.93,25616963
1457533800,106.7,107.51,105.49,107.51,20493305
1457620200,107.91,108.66,105.7699,107.32,24854284
1457706600,108.48,109.42,107.92,109.41,20697553
1457962200,109.28,110.33,108.77,109.89,17249365
1458048600,109.11,110.83,108.84,110.67,17618460
1458135000,110.49,112.5,110.1,112.18,24744778
1458221400,112.15,112.69,110.73,111.02,24241247
1458307800,111.56,112.42,110.27,111.45,36256877
1458567000,111.66,112.37,111.03,111.85,18447974
1458653400,111.36,112.88,111.17,112.25,19001076
1458739800,112.01,113.19,112,112.54,18561974
1458826200,112.13,113.09,111.68,113.05,17839119
1459171800,113.32,114.5889,112.95,113.69,21351751
1459258200,113.83,116.32,113.64,116.14,29825340
1459344600,116.73,116.99,114.355,114.7,33235184
1459431000,114.7,115.01,113.7682,114.1,21207526
1459517400,113.75,116.17,113.35,116.06,24760504
1459776600,114.07,114.55,111.61,112.55,48487913
1459863000,112.11,113.32,111.9,112.22,22962365
1459949400,112.47,113.81,112.42,113.71,20814640
1460035800,113.79,114.89,113.0663,113.64,20714537
1460122200,114.25,114.33,109.9,110.63,48497808
1460381400,110.7,110.91,108.77,108.99,39762304
1460467800,109.34,111.1645,108.99,110.61,26248081
1460554200,112.23,112.65,106.52,110.51,88227393
1460640600,110.62,112.04,110.26,110.84,28473322
1460727000,110.79,110.97,109.2,109.64,20922803
1460986200,109.74,110.81,109.2,110.45,21167199
1461072600,111.1,112.45,109.16,112.29,30210455
1461159000,112.43,113.27,111.56,112.42,21027901
1461245400,112.55,114.04,112.31,113.44,20875230
1461331800,111.21,111.75,109.01,110.56,38458201
1461591000,109.87,110.67,109.07,110.1,21017895
1461677400,110.49,110.5,108.15,108.76,22521534
1461763800,107.94,108.94,106.31,108.89,52213107
1461850200,119.575,120.79,116.23,116.73,87110080
1461936600,116.82,117.84,115.84,117.58,37140594
1462195800,117.83,118.73,116.57,118.57,28095168
1462282200,117.52,118.16,117.02,117.43,24117463
1462368600,116.61,118.3,116.57,118.06,23448440
1462455000,118.04,118.98,117.25,117.81,22056749
1462541400,117.16,119.637,117.1127,119.49,26395568
1462800600,119.54,120.28,118.9,119.24,21138059
1462887000,119.62,120.5,119,120.5,23220046
1462973400,120.41,121.08,119.42,119.52,22038396
1463059800,119.98,120.84,118.9,120.28,22035465
1463146200,120.38,120.64,119.68,119.81,18124286
1463405400,119.38,119.61,117.35,118.67,31247834
1463491800,118.82,119.01,117.2,117.35,21328648
1463578200,116.8,118.27,116.73,117.65,21642299
1463664600,117.05,117.49,115.88,116.81,20544109
1463751000,116.96,117.99,116.95,117.35,18944831
1464010200,117.42,117.6,115.94,115.97,20441004
1464096600,116.24,117.73,116.12,117.7,20183627
1464183000,118.13,118.665,117.38,117.89,20035494
1464269400,118.24,119.7601,117.92,119.47,18481340
1464355800,119.56,119.85,119.01,119.38,13493563
1464701400,119.46,120.1,118.121,118.81,23547597
1464787800,118.5,119.08,117.82,118.78,15029494
1464874200,118.69,119.44,118.22,118.93,13228310
1464960600,118.975,118.98,117.86,118.47,14135114
1465219800,118.62,119.43,118.36,118.79,12744676
1465306200,119.24,119.3,117.67,117.76,17103023
1465392600,117.76,118.6,117.27,118.39,14505596
1465479000,118.13,118.68,117.71,118.56,13859240
1465565400,117.54,118.11,116.26,116.62,18510826
1465824600,115,115.48,113.31,113.95,31718239
1465911000,114.07,114.95,113.58,114.94,17618479
1465997400,115.3,115.44,114.07,114.6,19819432
1466083800,113.87,114.5,112.94,114.39,19236255
1466170200,114.42,114.43,112.56,113.02,24644308
1466429400,113.77,114.72,112.75,113.37,20785390
1466515800,114.12,115.2142,113.97,114.38,19166269
1466602200,114.65,114.74,113.61,113.91,14846329
1466688600,114.37,115.09,113.54,115.08,16176895
1466775000,111.01,113.68,111,112.08,40643130
1467034200,111.57,111.57,108.23,108.97,36409606
1467120600,110.63,112.75,110.55,112.7,26813842
1467207000,113.37,114.25,113.04,114.16,20968273
1467293400,114.67,115.18,113.67,114.28,23192716
1467379800,114.2,115.13,113.81,114.19,14980023
1467725400,113.94,114.11,112.97,114,14207037
1467811800,113.36,116.79,112.97,116.7,24337586
1467898200,116.63,116.97,115.36,115.85,16630201
1467984600,116.43,117.5,115.85,117.24,18142597
1468243800,117.71,118.7,117.5,117.87,17711570
1468330200,118.63,118.72,117.57,117.93,15217700
1468416600,118.39,118.4,116.68,116.78,16207662
1468503000,117.5,117.64,116.7,117.29,14579736
1468589400,117.74,118.28,116.58,116.86,16645964
1468848600,117.32,119.61,116.89,119.37,20868367
1468935000,118.99,120.85,118.66,120.61,21541292
1469021400,121.25,122.2,120.56,121.92,20046452
1469107800,121.92,122.1,120.25,120.61,17801663
1469194200,119.9,121.01,119.31,121,18422410
1469453400,121.39,121.85,117.78,121.63,18487449
1469539800,122,122.07,120.75,121.22,17611964
1469626200,122.42,125,121.51,123.34,52654239
1469712600,127.52,128.33,123.63,125,78955758
1469799000,124.65,125.84,123.71,123.94,35058803
1470058200,123.85,124.58,122.86,124.31,25006850
1470144600,124.06,124.8,122.07,123.09,23968414
1470231000,123.09,123.92,122.31,122.51,18525332
1470317400,122.94,124.79,122.51,124.36,21065974
1470403800,124.98,125.835,124.6184,125.15,20184035
1470663000,125.25,125.45,124.55,125.26,15233929
1470749400,125.34,126.09,124.53,125.06,19620967
1470835800,125.07,125.48,124.54,124.88,10670148
1470922200,125.2,125.38,124.75,124.9,11729519
1471008600,124.7,125,124.18,124.88,12158955
1471267800,124.91,124.92,123.7,123.9,19295130
1471354200,123.5,123.92,122.78,123.3,14222410
1471440600,123.66,124.38,122.85,124.37,13794179
1471527000,124.01,124.26,123.64,123.91,12400816
1471613400,123.6,124.157,123.28,123.56,11688265
1471872600,123.33,124.83,123.11,124.15,14386361
1471959000,124.51,125.09,124.25,124.37,13309452
1472045400,124.47,124.69,123.09,123.48,12243719
1472131800,123.12,124.37,123.1,123.89,10730811
1472218200,124.05,125.19,123.91,124.96,17504825
1472477400,124.35,126.73,124.35,126.54,15925900
1472563800,126.6,126.6,125.15,125.84,17804286
1472650200,125.6,126.22,125.1,126.12,14200636
1472736600,126.38,126.63,125.6,126.17,13536125
1472823000,126.85,126.86,126,126.51,12118773
1473168600,126.67,129.94,126.47,129.73,26278407
1473255000,130.04,131.98,129.95,131.05,27990796
1473341400,130.92,131.08,129.81,130.27,15676595
1473427800,129.71,129.949,127.1,127.1,27100679
1473687000,125.96,128.76,125.75,128.69,21252752
1473773400,128.03,128.35,126.66,127.21,18016152
1473859800,126.89,128.8,126.89,127.77,15720388
1473946200,127.98,129.1,127.67,128.35,15111838
1474032600,128.2,129.18,128.2,129.07,24119174
1474291800,129.91,129.94,128.26,128.65,14958794
1474378200,128.65,129.17,128.0307,128.64,11083808
1474464600,129.13,130.005,128.39,129.94,14068336
1474551000,130.5,130.73,129.56,130.08,15538307
1474637400,127.56,128.6,127.3,127.96,28326266
1474896600,127.37,128.16,126.8,127.31,15064940
1474983000,127.61,129.01,127.43,128.69,15637111
1475069400,129.21,129.47,128.4,129.23,12047636
1475155800,129.18,129.29,127.55,128.09,14532241
1475242200,128.03,128.59,127.45,128.27,18402945
1475501400,128.38,129.09,127.8,128.77,13156943
1475587800,129.17,129.2765,127.5499,128.19,14307548
1475674200,128.25,128.8,127.83,128.47,12386753
1475760600,128.43,129.06,128.08,128.74,11682729
1475847000,129.04,129.25,128.33,128.99,12804420
1476106200,129.68,130.7,129.2,130.24,15138720
1476192600,130.23,130.64,128.23,128.88,17537928
1476279000,129.01,129.66,128.46,129.05,11072991
1476365400,128.21,128.25,126.75,127.82,17139306
1476451800,128.49,128.95,127.58,127.88,13345292
1476711000,128.2,128.47,127.32,127.54,11351681
1476797400,128.68,129.39,128.01,128.57,13503967
1476883800,128.74,130.47,128.6,130.11,16752321
1476970200,130.07,130.66,129.5,130,13167503
1477056600,129.78,132.13,129.7,132.07,19088794
1477315800,132.72,133.405,132.15,133.28,17470227
1477402200,133.5,133.5,132.22,132.29,13336787
1477488600,131.64,132.26,130.935,131.04,13084731
1477575000,131.74,131.8,129.27,129.69,16741393
1477661400,130.5,132.97,129.93,131.29,24545547
1477920600,132.01,132.12,130.8835,130.99,15668982
1478007000,131.41,131.94,128.65,129.5,22077779
1478093400,130.23,130.23,126.28,127.17,50190225
1478179800,122,123.28,119.5,120,63766259
1478266200,119.59,121.93,119.25,120.75,30545466
1478529000,122.83,123.2089,121.35,122.15,23008880
1478615400,122.03,124.61,121.54,124.22,19460768
1478701800,121.5,123.81,120.51,123.18,31916020
1478788200,123.93,124.18,115.27,120.8,67846704
1478874600,119.53,120.7,118.15,119.02,32840137
1479133800,119.1256,119.1256,113.5535,115.08,51377040
1479220200,116.73,118.49,115.83,117.2,34681369
1479306600,114.48,117.88,114.21,116.34,32397947
1479393000,116.81,117.79,116.01,117.79,18597766
1479479400,118.39,119.13,116.84,117.02,22879303
1479738600,118.2,121.95,117.8,121.77,35415366
1479825000,122.4,122.98,120.9,121.47,26089163
1479911400,121.23,121.31,119.94,120.84,15672136
1480084200,121.01,121.14,120.07,120.38,8658605
1480343400,120.12,121.69,119.82,120.41,18101314
1480429800,120.57,122.1,120.4,120.87,18890956
1480516200,120.32,121.79,117.95,118.42,30188922
1480602600,118.38,118.45,114,115.1,43276994
1480689000,115.11,116.48,114.3,115.4,25070364
1480948200,115.95,117.57,115.07,117.43,20201528
1481034600,117.69,117.795,116.33,117.31,19131202
1481121000,117,117.95,116.57,117.95,21913658
1481207400,117.98,119.5,117.64,118.91,22442756
1481293800,119.22,119.94,118.95,119.68,17464736
1481553000,119.22,119.24,117.65,117.77,17805527
1481639400,117.86,121.52,117.61,120.31,29768028
1481725800,120,121.69,118.85,120.21,25913095
1481812200,120.08,122.5,119.63,120.57,20139568
1481898600,120.9,121.5,119.27,119.87,25324299
1482157800,119.85,120.36,118.51,119.24,15918146
1482244200,119.5,119.77,118.8,119.09,13684402
1482330600,118.92,119.2,118.48,119.04,10767646
1482417000,118.86,118.99,116.93,117.4,16258587
1482503400,117,117.56,116.3,117.27,10889985
1482849000,116.96,118.68,116.864,118.01,12051481
1482935400,118.19,118.25,116.65,116.92,12087377
1483021800,117,117.531,116.06,116.35,9934873
1483108200,116.595,116.83,114.7739,115.05,18684106
1483453800,116.03,117.84,115.51,116.86,20663912
1483540200,117.55,119.66,117.29,118.69,19630932
1483626600,118.86,120.95,118.3209,120.67,19492150
1483713000,120.98,123.88,120.03,123.41,28545263
1483972200,123.55,125.43,123.04,124.9,22880360
1484058600,124.82,125.5,124.28,124.35,17324590
1484145000,124.35,126.12,124.06,126.09,18356523
1484231400,125.61,126.73,124.8,126.62,18653914
1484317800,127.49,129.27,127.37,128.34,24884325
1484663400,128.04,128.34,127.4,127.87,15294460
1484749800,128.41,128.43,126.84,127.92,13145852
1484836200,128.23,128.35,127.45,127.55,12195465
1484922600,128.1,128.48,126.78,127.04,19097223
1485181800,127.31,129.25,126.95,128.93,16593563
1485268200,129.38,129.9,128.38,129.37,15162724
1485354600,130,131.74,129.77,131.48,18777314
1485441000,131.63,133.14,131.4401,132.78,20020141
1485527400,132.68,132.95,131.08,132.18,19539514
1485786600,131.58,131.58,129.6,130.98,18956095
1485873000,130.17,130.66,129.5157,130.32,19790484
1485959400,132.25,133.49,130.68,133.23,50139775
1486045800,133.22,135.49,130.4,130.84,54366447
1486132200,131.24,132.85,130.76,130.98,24804890
1486391400,130.98,132.06,130.3,132.06,17058494
1486477800,132.24,133,131.661,131.84,14596449
1486564200,132.6,134.44,132.44,134.2,22390556
1486650600,134.49,134.5,133.31,134.14,16470609
1486737000,134.1,134.94,133.68,134.19,15061939
1486996200,134.6975,134.6975,133.7,134.05,13526221
1487082600,134.1,134.23,132.55,133.85,14364877
1487169000,133.45,133.7,132.66,133.44,13226534
1487255400,133.07,133.87,133.022,133.84,12831092
1487341800,133.5,134.0912,133.17,133.53,12276490
1487687400,133.5,133.91,132.9,133.72,14759109
1487773800,133.6,136.79,133.46,136.12,27360092
1487860200,135.89,136.12,134.33,135.36,18422549
1487946600,134.16,135.62,134.16,135.44,12625742
1488205800,135.26,137.1846,135.02,136.41,14306668
1488292200,136.79,136.805,134.75,135.54,16112092
1488378600,136.47,137.48,136.3,137.42,16257010
1488465000,137.09,137.82,136.31,136.76,12294804
1488551400,136.63,137.33,136.08,137.17,11160563
1488810600,136.88,137.83,136.51,137.42,12748179
1488897000,137.03,138.37,136.99,137.3,13527132
1488983400,137.15,137.99,137.0516,137.72,10184514
1489069800,137.72,138.57,137.4,138.24,15535259
1489156200,138.91,139.49,138.22,138.79,16314113
1489411800,138.71,139.68,138.6729,139.6,10955450
1489498200,139.46,139.46,138.52,139.32,12944018
1489584600,139.29,140.1,138.49,139.72,19344826
1489671000,140.2,140.25,139.73,139.99,13612942
1489757400,140.34,140.34,139.7,139.84,20592818
1490016600,139.71,140.19,139.25,139.94,12099471
1490103000,141.15,142.3082,138.4,138.51,29894784
1490189400,137.93,139.79,137.6,139.59,17055449
1490275800,139.48,140.39,139.09,139.53,13022801
1490362200,140.08,141.0244,139.76,140.34,16664683
1490621400,139.05,140.65,138.77,140.32,12800544
1490707800,140.36,141.95,140.01,141.76,14679436
1490794200,141.99,142.86,141.43,142.65,15754424
1490880600,142.4,142.95,141.85,142.41,12403997
1490967000,142.31,142.63,141.89,142.05,11478265
1491226200,141.93,142.47,140.82,142.28,13563960
1491312600,141.86,142.09,141.27,141.73,12948599
1491399000,142.26,143.44,141.29,141.85,17158059
1491485400,142.11,142.22,140.91,141.17,15103426
1491571800,141.2,141.55,140.24,140.78,11818341
1491831000,141,141.43,140.63,141.04,9039366
1491917400,140.8,141.0299,138.81,139.92,16638087
1492003800,139.72,140.4,139.44,139.58,11612456
1492090200,139.62,140.58,139.33,139.39,10965614
1492435800,139.76,141.55,139.75,141.42,11519663
1492522200,141.27,141.905,140.61,140.96,14807472
1492608600,141.35,143.04,141.27,142.27,15563945
1492695000,142.95,144.25,142.689,143.8,15961586
1492781400,143.9,144.17,142.27,143.68,12382002
1493040600,144.96,145.6738,144.34,145.47,14407175
1493127000,145.79,147.15,145.7898,146.49,17711787
1493213400,147.09,147.59,146.09,146.56,12394959
1493299800,146.67,147.75,146.14,147.7,11275112
1493386200,149.5,151.53,149.07,150.25,30652248
1493645400,151.74,152.57,151.42,152.46,25218300
1493731800,153.34,153.44,151.66,152.78,21870380
1493818200,153.6,153.6,151.34,151.8,29782492
1493904600,150.17,151.52,148.72,150.85,36225452
1493991000,151.45,151.63,149.79,150.24,17148543
1494250200,150.71,151.08,149.74,151.06,15827488
1494336600,151.49,152.59,150.21,150.48,17453859
1494423000,150.23,150.52,148.86,150.29,12080650
1494509400,150.31,150.65,149.41,150.04,11841864
1494595800,150.4,150.46,149.63,150.33,9598229
1494855000,150.17,151.48,149.77,150.19,15064664
1494941400,150.11,150.21,149.03,149.78,14550830
1495027800,148,148.67,144.4216,144.85,28300050
1495114200,144.72,148.15,144.51,147.66,23031566
1495200600,148.445,149.39,147.96,148.06,16187892
1495459800,148.08,148.59,147.69,148.24,12586712
1495546200,148.52,148.81,147.25,148.07,12817837
1495632600,148.51,150.23,148.42,150.04,17940668
1495719000,150.3,152.59,149.95,151.96,19891352
1495805400,152.23,152.25,151.15,152.13,14996185
1496151000,151.97,152.9,151.64,152.38,13226007
1496237400,152.7,153.35,151.09,151.46,18023917
1496323800,151.75,152.29,150.3,151.53,14530600
1496410200,151.85,153.63,151.3,153.61,16854365
1496669400,153.64,154.7088,153.41,153.63,12520387
1496755800,153.41,154.52,152.48,152.81,13457119
1496842200,153.27,153.75,152.34,153.12,12066657
1496928600,154.08,154.73,153.1,154.71,17799449
1497015000,154.77,155.59,146.61,149.6,35577676
1497274200,148.17,149.195,144.56,148.44,33170180
1497360600,150.15,151.18,148.9,150.68,20483350
1497447000,151.26,152.4,149.05,150.25,20808759
1497533400,147.67,150.0366,146.3747,149.8,18994152
1497619800,149.59,150.83,148.6,150.64,22882417
1497879000,151.71,153.57,151.71,152.87,19026462
1497965400,152.88,153.84,152.21,152.25,14743853
1498051800,152.36,154.08,151.88,153.91,15039834
1498138200,153.01,154.55,152.91,153.4,13005535
1498224600,152.72,155.2,152.65,155.07,18026977
1498483800,156.25,156.5,153.1954,153.59,18049651
1498570200,152.84,153.31,150.39,150.58,19360766
1498656600,150.92,153.47,149.86,153.24,16719104
1498743000,152.28,152.5,148.9175,151.04,23973482
1498829400,151.9,151.92,150.06,150.98,17666022
1499088600,151.72,152.15,147.8,148.43,13862735
1499261400,149,150.85,148.13,150.34,14334290
1499347800,149.03,150.04,148,148.82,14951802
1499434200,149.25,151.99,149.19,151.44,13615931
1499693400,151.69,153.98,151.51,153.5,13378672
1499779800,153.37,155.4225,152.91,155.27,13667744
1499866200,156.49,159.16,156.2,158.9,22739388
1499952600,158.74,159.78,158.4227,159.26,13929236
1500039000,160.13,160.32,159.3254,159.97,16371207
1500298200,160.25,160.78,158.81,159.73,12858836
1500384600,159.66,163.73,159.42,162.86,23722910
1500471000,163.59,165.7,163.17,164.14,26273642
1500557400,164.8,165,162.81,164.53,18523107
1500643800,164.16,165.05,163.75,164.43,14744002
1500903000,164.64,166.17,164.31,166,17366971
1500989400,165.01,165.54,163.8619,165.28,15383241
1501075800,166.01,166.01,164.1,165.61,35236867
1501162200,174.7,175.49,167.5,170.44,68910708
1501248600,169.07,173.43,169.05,172.45,24557553
1501507800,172,172.72,168.55,169.25,25478945
1501594200,169.82,170.47,169.05,169.86,14384957
1501680600,170.3,170.55,166.91,169.3,17433774
1501767000,169.3,169.7,168.25,168.59,10793841
1501853400,168.97,170.06,168.69,169.62,10777727
1502112600,169.95,172.06,169.66,171.98,12787844
1502199000,171.88,173.05,170.62,171.23,14393524
1502285400,169.98,171.45,169.56,171.18,10814984
1502371800,170.06,170.59,166.85,167.4,20832746
1502458200,167.95,168.82,166.85,168.08,13791153
1502717400,170.09,171.08,169.29,170.75,12954231
1502803800,171.49,171.5,170.01,171,8729172
1502890200,171.25,171.38,169.24,170,15779924
1502976600,169.34,169.86,166.85,166.91,17216030
1503063000,166.84,168.67,166.21,167.41,15093638
1503322200,167.16,168,165.82,167.78,11907488
1503408600,168.28,169.87,167.15,169.64,11390975
1503495000,168.84,169.36,168.2,168.71,9856473
1503581400,168.88,169.29,166.41,167.74,14030420
1503667800,167.86,168.38,166.18,166.32,12614477
1503927000,166.91,167.7,166.33,167.24,8553741
1504013400,165.25,168.425,165,168.05,11120986
1504099800,168.17,170.18,167.63,169.92,11138293
1504186200,170.4,172.145,170.06,171.97,17226465
1504272600,172.4,172.915,171.31,172.02,11677589
1504618200,171.27,172.3875,169.55,170.72,13221127
1504704600,170.91,172.48,169.57,172.09,13906342
1504791000,171.94,173.3067,170.27,173.21,18049527
1504877400,173.09,173.49,170.8,170.95,10998459
1505136600,172.4,173.89,172.2,173.51,12372040
1505223000,173.76,174,171.75,172.96,11186328
1505309400,173.01,173.17,172.06,173.05,9119295
1505395800,172.26,172.28,170.5,170.96,15615654
1505482200,170.88,172.34,170.26,171.64,15660539
1505741400,171.99,172.07,169.34,170.01,12954013
1505827800,170.62,172.56,170.36,172.52,13168595
1505914200,172.5,173.05,170.7,172.17,12264125
1506000600,171.69,172.27,170.01,171.11,11161412
1506087000,170.21,171.73,169.22,170.54,12097138
1506346200,169.24,169.3,161.56,162.87,41251583
1506432600,164.5,165.5,162.78,164.21,23363335
1506519000,165.9,168.34,165.57,167.68,19242548
1506605400,167.94,169.0696,167.16,168.73,12178747
1506691800,168.83,171.66,168.81,170.87,15340366
1506951000,171.39,171.87,168.75,169.47,13392280
1507037400,169.3,170.73,169.2,169.96,8190273
1507123800,169.83,170.67,168.29,168.42,12127887
1507210200,169.18,171.31,168.6,171.24,14580628
1507296600,170.25,172.37,169.75,172.23,13124473
1507555800,172.7,174.88,172,172.5,14570413
1507642200,173,173.2,170.8,171.59,11341081
1507728600,171.95,172.78,171.4,172.74,11283663
1507815000,172.61,173.85,172.29,172.55,10351044
1507901400,173.45,174.65,173.2,173.74,13658307
1508160600,174.49,175,174.06,174.52,11498752
1508247000,174.71,176.13,174.36,176.11,15990079
1508333400,176.65,176.74,175.75,176.03,12752351
1508419800,174.93,176.03,172.63,174.56,14048350
1508506200,175.5,175.88,174.63,174.98,12602238
1508765400,175.2,175.34,171.25,171.27,13852658
1508851800,172.3,173.24,171.5,171.8,12267913
1508938200,171.9,172.25,168.89,170.6,15868197
1509024600,171.38,172.285,170.39,170.63,11833141
1509111000,174.15,178.21,173.9,177.88,30285281
1509370200,179.26,180.69,177.61,179.87,24353160
1509456600,180.57,180.8,178.94,180.06,20174231
1509543000,182.36,182.9,180.57,182.66,40918341
1509629400,180.63,181.94,177.34,178.92,35529893
1509715800,179.29,179.86,176.71,178.92,17822131
1509978600,178.56,180.45,178.31,180.17,13312741
1510065000,180.5,180.7478,178.96,180.25,12928182
1510151400,179.79,180.35,179.11,179.56,10494149
1510237800,178.31,179.4,177.09,179.3,12610335
1510324200,178.35,179.0999,177.96,178.46,11070189
1510583400,177.5,179.04,177.3,178.77,9523447
1510669800,178.13,178.97,177.18,178.07,9585868
1510756200,176.66,178.57,176.4,177.95,10253667
1510842600,178.76,179.83,178.5,179.59,15607582
1510929000,179.3,179.98,178.9,179,13017980
1511188200,178.87,179.5,178.1,178.74,10052391
1511274600,179.15,181.89,178.99,181.86,14503990
1511361000,181.3,181.73,180.44,180.87,10376329
1511533800,180.4,183.15,180.29,182.78,9133921
1511793000,182.56,183.73,181.99,183.03,12344516
1511879400,183.51,184.25,182.09,182.42,14379674
1511965800,181.89,181.97,174,175.13,41933484
1512052200,176.85,178.275,175.2,177.18,25307601
1512138600,176.03,177.48,172.34,175.1,20182523
1512397800,176.29,176.57,170.79,171.47,24459422
1512484200,170.45,175.38,169.01,172.83,20184908
1512570600,172.5,176.77,171.9,176.06,20255846
1512657000,175.8,180.39,175.8,180.14,20404533
1512743400,181.53,182.28,178.7401,179,19883764
1513002600,179.3,180.22,178.8,179.04,13168575
1513089000,178.6,179.18,176.6,176.96,16854098
1513175400,177.3,179.16,177.25,178.3,14615718
1513261800,178.29,180.3601,177.68,178.39,13590999
1513348200,179.02,180.4934,178.36,180.18,28463101
1513607400,181.01,181.3,179.75,180.82,17265376
1513693800,179.95,180.08,178.22,179.51,14920582
1513780200,179.81,179.81,177.36,177.89,11860497
1513866600,177.94,178.68,177.05,177.45,11600700
1513953000,177.14,177.53,176.23,177.2,8509451
1514298600,176.63,177,174.67,175.99,8897286
1514385000,176.55,178.44,176.26,177.62,9496071
1514471400,177.95,178.9367,177.68,177.92,12220760
1514557800,178,178.85,176.46,176.46,10261456
1514903400,177.68,181.58,177.55,181.42,18151903
1514989800,181.88,184.78,181.33,184.67,16886563
1515076200,184.9,186.21,184.0996,184.33,13880896
1515162600,185.59,186.9,184.93,186.85,13574535
1515421800,187.2,188.9,186.33,188.28,17994726
1515508200,188.7,188.8,187.1,187.87,12393057
1515594600,186.94,187.89,185.63,187.84,10529894
1515681000,188.4,188.4,187.38,187.77,9588587
1515767400,178.06,181.48,177.4,179.37,77551299
1516113000,181.5,181.75,178.04,178.39,36183842
1516199400,179.26,179.32,175.8,177.6,27992376
1516285800,178.13,180.98,177.08,179.8,23304901
1516372200,180.85,182.37,180.1702,181.29,26826540
1516631400,180.8,185.39,180.41,185.37,21059464
1516717800,186.05,189.55,185.55,189.35,25678781
1516804200,189.89,190.66,186.52,186.55,24334548
1516890600,187.95,188.62,186.6,187.48,17377740
1516977000,187.75,190,186.81,190,17759212
1517236200,188.75,188.84,185.6301,185.98,20453172
1517322600,183.01,188.18,181.84,187.12,20858556
1517409000,188.37,189.83,185.22,186.89,43275144
1517495400,188.22,195.32,187.89,193.09,54211293
1517581800,192.04,194.21,189.98,190.28,26677484
1517841000,186.93,190.61,180.61,181.26,33128206
1517927400,178.57,185.77,177.74,185.31,37758505
1518013800,184.15,185.0817,179.95,180.18,27601886
1518100200,181.01,181.84,171.4815,171.58,38478321
1518186600,174.76,176.9,167.18,176.11,39887626
1518445800,177.06,177.545,171.84,176.41,32092133
1518532200,175.62,175.97,173.1,173.15,21809350
1518618600,173.45,179.81,173.2119,179.52,28929704
1518705000,180.5,180.5,176.84,179.96,20922120
1518791400,178.99,179.88,176.3,177.36,21015610
1519137000,175.77,177.95,175.11,176.01,21204921
1519223400,176.71,181.27,176.4,177.91,23200804
1519309800,178.7,180.21,177.41,178.99,18464192
1519396200,179.9,183.39,179.51,183.29,19007288
1519655400,184.58,185.66,183.2228,184.93,17599703
1519741800,184.45,184.7,181.46,181.46,15849806
1519828200,182.3,182.88,178.14,178.32,18783039
1519914600,179.01,180.12,174.41,175.94,23201626
1520001000,173.29,177.11,172.99,176.62,20025905
1520260200,176.2,181.1475,175.89,180.4,16189280
1520346600,181.78,182.38,179.11,179.78,15086784
1520433000,178.74,183.82,178.07,183.71,19097293
1520519400,183.56,184.4,181.45,182.34,17225946
1520605800,183.91,185.51,183.21,185.23,18526292
1520861400,185.23,186.1,184.22,184.76,15301229
1520947800,185.61,185.99,181.11,181.88,18067477
1521034200,182.6,184.25,181.85,184.19,16821728
1521120600,183.24,184,182.19,183.86,15645035
1521207000,184.49,185.33,183.41,185.09,24403438
1521466200,177.01,177.17,170.06,172.56,88140060
1521552600,167.47,170.2,161.95,168.15,129851768
1521639000,164.8,173.4,163.3,169.39,106598834
1521725400,166.13,170.27,163.72,164.89,73742979
1521811800,165.44,167.1,159.02,159.39,53609706
1522071000,160.82,161.1,149.02,160.06,126116634
1522157400,156.31,162.85,150.75,152.22,79116995
1522243800,151.65,155.88,150.8,153.03,60029170
1522330200,155.15,161.42,154.14,159.79,59434293
1522675800,157.81,159.2,154.111,155.39,36795991
1522762200,156.55,157.39,150.81,156.11,42543865
1522848600,152.025,155.56,150.51,155.1,49885584
1522935000,161.56,161.575,156.65,159.34,41449609
1523021400,157.73,161.42,156.81,157.2,41644812
1523280600,157.82,160.53,156.04,157.93,34915227
1523367000,157.93,165.98,157.01,165.04,58947041
1523453400,165.36,168.65,163.25,166.32,56144633
1523539800,166.98,167.45,163.1,163.87,38262956
1523626200,164.58,165.7036,163.77,164.52,19990561
1523885400,165.7249,165.78,163.39,164.83,18119435
1523971800,165.83,169,165.66,168.66,22743029
1524058200,166.88,168.12,165.77,166.36,20969568
1524144600,166.2,168.33,165.2,168.1,22234961
1524231000,167.79,168.43,165.81,166.28,19119438
1524490200,167.27,168.45,165.09,165.84,23088102
1524576600,165.43,166.1,158.19,159.69,35079926
1524663000,160.1448,161.06,156.19,159.69,41083581
1524749400,173.22,176.27,170.8,174.16,77556934
1524835800,176.81,177.1,172.6,173.59,29804657
1525095000,173.79,175.72,171.71,172,20750478
1525181400,172,174.02,170.23,173.86,26025932
1525267800,174.246,178.08,174.2,176.07,30424450
1525354200,175.13,176.12,172.12,174.02,24026071
1525440600,173.08,176.98,173.06,176.61,17677844
1525699800,177.35,179.5,177.17,177.97,18697195
1525786200,178.25,179.04,177.11,178.92,15577211
1525872600,179.67,183.01,178.7807,182.66,23282811
1525959000,183.15,186.1292,182.5,185.53,21071403
1526045400,184.85,188.32,184.18,186.99,21207848
1526304600,187.71,187.86,186.2,186.64,15646744
1526391000,184.88,185.29,183.2,184.32,15429433
1526477400,183.6952,184.32,182.66,183.2,16975495
1526563800,182.68,184.06,182.22,183.76,14840675
1526650200,183.49,184.19,182.61,182.68,13130451
1526909400,183.77,185.3,183.13,184.49,13532864
1526995800,184.93,185.42,183.43,183.8,12731419
1527082200,182.5,186.91,182.18,186.9,16628100
1527168600,185.88,186.8,185.03,185.93,12354742
1527255000,186.02,186.33,184.45,184.92,10965061
1527600600,184.34,186.81,183.71,185.74,16398937
1527687000,186.54,188,185.25,187.67,13736866
1527773400,187.87,192.72,187.48,191.78,30782631
1527859800,193.065,194.5492,192.07,193.99,17307245
1528119000,191.84,193.98,191.47,193.28,18939795
1528205400,194.3,195,192.62,192.94,15544294
1528291800,191.0252,192.53,189.11,191.34,22558920
1528378200,190.75,190.97,186.77,188.18,21503171
1528464600,187.53,189.4754,186.43,189.1,12677092
1528723800,188.81,192.6,188.8,191.54,12928907
1528810200,192.17,193.28,191.56,192.4,11562704
1528896600,192.74,194.5,191.91,192.41,15853821
1528983000,193.1,197.28,192.91,196.81,19120866
1529069400,195.79,197.07,194.64,195.85,21860931
1529328600,194.8,199.58,194.13,198.31,16826023
1529415000,196.2352,197.96,193.79,197.49,19993996
1529501400,199.1,203.55,198.805,202,28230933
1529587800,202.76,203.39,200.09,201.5,19045717
1529674200,201.16,202.24,199.31,201.74,17420188
1529933400,200,200,193.11,196.35,25275137
1530019800,197.6,199.1,196.23,199,17897576
1530106200,199.18,200.75,195.8,195.84,18734408
1530192600,195.18,197.34,193.26,196.23,18172439
1530279000,197.32,197.5997,193.955,194.32,15811602
1530538200,193.37,197.45,192.22,197.36,13961578
1530624600,194.55,195.4,192.52,192.73,13489514
1530797400,194.74,198.65,194.03,198.45,19684193
1530883800,198.45,203.64,197.7,203.23,19740131
1531143000,204.93,205.8,202.1201,204.74,18149437
1531229400,204.5,204.91,202.26,203.54,13190067
1531315800,202.22,204.5,201.75,202.54,12927377
1531402200,203.43,207.08,203.19,206.92,15454706
1531488600,207.81,208.43,206.45,207.32,11503401
1531747800,207.5,208.72,206.84,207.23,11078209
1531834200,204.9,210.46,204.84,209.99,15349892
1531920600,209.82,210.99,208.44,209.36,15334907
1532007000,208.77,209.99,207.76,208.09,11350429
1532093400,208.85,211.5,208.5,209.94,16241508
1532352600,210.58,211.62,208.8,210.91,16731969
1532439000,215.11,216.2,212.6,214.67,28468681
1532525400,215.715,218.62,214.27,217.5,64592585
1532611800,174.89,180.13,173.75,176.26,169803668
1532698200,179.87,179.93,173,174.89,60073749
1532957400,175.3,175.3,166.56,171.06,65280787
1533043800,170.67,174.24,170,172.58,40356471
1533130200,173.93,175.08,170.9,171.65,34042109
1533216600,170.68,176.79,170.27,176.37,32399954
1533303000,177.69,178.85,176.15,177.78,24763434
1533562200,178.97,185.79,178.38,185.69,49716192
1533648600,186.5,188.3,183.72,183.81,33398562
1533735000,184.75,186.85,183.76,185.18,22205230
1533821400,185.8492,186.57,182.48,183.09,19732120
1533907800,182.04,182.1,179.42,180.26,21500410
1534167000,180.1,182.61,178.9,180.05,17423264
1534253400,180.71,181.99,178.62,181.11,19101995
1534339800,179.34,180.87,174.78,179.53,33020231
1534426200,180.42,180.5,174.01,174.7,31351784
1534512600,174.5,176.22,172.04,173.8,24893176
1534771800,174.04,174.57,170.91,172.5,21518006
1534858200,172.81,174.17,171.39,172.62,19578514
1534944600,172.21,174.24,172.13,173.64,16894083
1535031000,173.09,175.55,172.83,172.9,18053567
1535117400,173.7,174.82,172.92,174.645,14631556
1535376600,175.99,178.67,175.79,177.46,17921935
1535463000,178.1,178.2399,175.83,176.26,15910675
1535549400,176.295,176.79,174.75,175.9,18678301
1535635800,175.9,179.7901,175.7,177.64,24216532
1535722200,177.15,177.62,174.9815,175.73,18065159
1536067800,173.5,173.89,168.8,171.16,29808971
1536154200,169.49,171.125,166.67,167.18,31226744
1536240600,166.98,166.98,160,162.53,41514834
1536327000,160.31,164.6269,160.16,163.04,24300600
1536586200,163.51,165.01,162.16,164.18,20197680
1536672600,163.94,167.19,163.72,165.94,20457088
1536759000,163.25,164.49,161.8,162,24078118
1536845400,162,163.32,160.86,161.36,25453775
1536931800,161.715,162.84,160.34,162.32,21770405
1537191000,161.92,162.06,159.77,160.58,21005321
1537277400,159.39,161.7639,158.8656,160.3,22465236
1537363800,160.08,163.44,159.48,163.06,19628996
1537450200,164.5,166.45,164.4722,166.02,18936038
1537536600,166.64,167.25,162.81,162.93,45994800
1537795800,161.03,165.7,160.88,165.41,19222775
1537882200,161.99,165.59,161.15,164.91,27622806
1537968600,164.3,169.3,164.21,166.95,25252231
1538055000,167.55,171.77,167.21,168.84,27266856
1538141400,168.33,168.79,162.56,164.46,34265638
1538400600,163.03,165.88,161.26,162.44,26407677
1538487000,161.58,162.28,158.67,159.33,36030977
1538573400,160,163.66,159.53,162.43,23109456
1538659800,161.46,161.46,157.35,158.85,25739635
1538746200,159.21,160.9,156.2,157.33,25744047
1539005400,155.54,158.34,154.39,157.25,24045968
1539091800,157.69,160.59,157.42,157.9,18844425
1539178200,156.82,157.69,151.31,151.38,30609970
1539264600,150.13,154.81,149.16,153.35,35338901
1539351000,156.73,156.89,151.2998,153.74,25293492
1539610200,153.32,155.57,152.55,153.52,15433521
1539696600,155.4,159.46,155.01,158.78,19180095
1539783000,159.56,160.49,157.95,159.42,17592003
1539869400,158.51,158.66,153.28,154.92,21675084
1539955800,155.86,157.35,153.55,154.05,19761347
1540215000,154.76,157.34,154.46,154.78,15424658
1540301400,151.22,154.77,150.85,154.39,19095032
1540387800,154.28,154.65,145.6,146.04,27744597
1540474200,147.73,152.21,147,150.95,22105696
1540560600,145.82,149,143.8,145.37,31303341
1540819800,148.5,148.83,139.03,142.09,31336784
1540906200,139.935,146.64,139.7419,146.22,50528278
1540992600,155,156.4,148.96,151.79,60101251
1541079000,151.52,152.75,149.35,151.75,25640786
1541165400,151.8,154.13,148.96,150.35,24708695
1541428200,150.1,150.19,147.44,148.68,15969849
1541514600,149.31,150.97,148,149.94,16667124
1541601000,151.57,153.01,149.83,151.53,21877372
1541687400,150.49,150.94,146.74,147.87,24145814
1541773800,146.75,147.76,144.07,144.96,17326898
1542033000,144.48,145.04,140.4899,141.55,18542123
1542119400,142,144.88,141.62,142.16,15141710
1542205800,143.7,145.58,141.55,144.22,22068384
1542292200,142.33,144.84,140.83,143.85,30320280
1542378600,141.07,141.77,137.77,139.53,37250560
1542637800,137.61,137.75,131.21,131.55,44362729
1542724200,127.03,134.1592,126.85,132.43,41939475
1542810600,134.4,137.19,134.13,134.82,25469735
1542983400,133.65,134.5,131.2551,131.73,11886128
1543242600,133,137,132.78,136.38,24263640
1543329000,135.75,136.6126,133.71,135,20750318
1543415400,136.28,136.7899,131.85,136.76,29847505
1543501800,135.92,139.99,135.66,138.68,24238713
1543588200,138.26,140.966,137.36,140.61,25732577
1543847400,143,143.6799,140.76,141.09,24819226
1543933800,140.73,143.39,137.16,137.93,30307400
1544106600,133.82,139.7,133.67,139.63,28218145
1544193000,139.25,140.87,136.6566,137.42,21195460
1544452200,139.6,143.05,139.01,141.85,26422173
1544538600,143.88,143.88,141.1,142.08,20300349
1544625000,143.08,147.19,142.51,144.5,23696936
1544711400,145.57,145.85,143.19,145.01,18148610
1544797800,143.34,146.01,142.51,144.06,21785820
1545057000,143.08,144.92,138.42,140.19,24333959
1545143400,141.08,145.93,139.8301,143.66,24709084
1545229800,141.21,144.91,132.5,133.24,57404894
1545316200,130.7,135.57,130,133.4,40297944
1545402600,133.39,134.9,123.42,124.95,56901491
1545661800,123.1,129.74,123.02,124.06,22066002
1545834600,126,134.24,125.89,134.18,39723370
1545921000,132.44,134.99,129.67,134.52,31202509
1546007400,135.34,135.92,132.2,133.2,22627569
1546266600,134.45,134.64,129.95,131.09,24625308
1546439400,128.99,137.51,128.56,135.68,28146193
1546525800,134.69,137.17,131.12,131.74,22717948
1546612200,134.01,138,133.75,137.95,29002059
1546871400,137.56,138.87,135.91,138.05,20089337
1546957800,139.89,143.14,139.54,142.53,26263793
1547044200,142.95,144.7,141.27,144.23,22205879
1547130600,143.08,144.56,140.84,144.2,16125004
1547217000,143.15,145.36,142.57,143.8,12908031
1547476200,142,146.57,141.27,145.39,20520278
1547562600,146.01,150.68,145.99,148.95,24068822
1547649000,149,149.6499,146.9975,147.54,18025714
1547735400,146.95,149,146.5,148.3,15787914
1547821800,149.75,152.43,148.55,150.04,31029612
1548167400,149.2,151.53,146.37,147.57,22378694
1548253800,148.28,148.8,143.055,144.3,20098415
1548340200,144.64,146.44,142.52,145.83,20955518
1548426600,147.48,149.83,146.54,149.01,22250954
1548685800,148.05,148.96,146.21,147.47,15508483
1548772200,148.09,148.1,143.43,144.19,17631953
1548858600,146.22,150.95,145.6953,150.42,44613240
1548945000,165.6,171.68,165,166.69,77233602
1549031400,165.84,169.1,165.66,165.71,30806513
1549290600,165.7,169.3,163.62,169.25,20036470
1549377000,169.15,171.98,168.69,171.16,22556985
1549463400,171.2,172.47,169.27,170.49,13281161
1549549800,168.2,169.24,165.25,166.38,17517609
1549636200,164.47,167.37,164.21,167.33,12561422
1549895400,167.9,168.3,165.08,165.79,12811176
1549981800,166.86,168.34,164.5,165.04,16292290
1550068200,165.38,166.22,163.73,164.07,14205146
1550154600,163.19,164.8697,162.2468,163.95,12755151
1550241000,164.51,164.7,160.86,162.5,15504415
1550586600,160.5,164.15,160.33,162.29,14345390
1550673000,162.25,163.72,161.25,162.56,11770692
1550759400,161.93,162.24,159.59,160.04,15607828
1550845800,160.58,162.41,160.31,161.89,15858468
1551105000,163.07,166.07,162.9,164.62,18737106
1551191400,164.335,166.24,163.8,164.13,13784063
1551277800,162.9,163.93,160.41,162.81,12697485
1551364200,162.37,163.5,160.86,161.45,11114185
1551450600,162.6,163.132,161.69,162.28,11097770
1551709800,163.9,167.5,163.83,167.37,18894689
1551796200,167.37,171.88,166.55,171.26,28187890
1551882600,172.9,173.57,171.27,172.51,21531723
1551969000,171.5,171.74,167.61,169.13,18306504
1552055400,166.2,169.62,165.97,169.6,13184831
1552311000,171.6,174.3,171.58,172.07,18883983
1552397400,172.09,173.8,171.2178,171.92,12155264
1552483800,172.32,174.03,172.12,173.37,11973280
1552570200,169.76,171.15,168.16,170.17,18037364
1552656600,167.16,167.58,162.51,165.98,37126000
1552915800,163.57,163.9,159.28,160.47,37524191
1553002200,161.48,163.82,160.82,161.57,25611488
1553088600,161.5,166.12,161.24,165.44,20211474
1553175000,164.89,166.39,163.75,166.08,16223007
1553261400,165.65,167.42,164.09,164.34,16389185
1553520600,163,166.54,162,166.29,12631230
1553607000,167.35,169.45,166.3499,167.68,15437920
1553693400,167.85,168.94,164.79,165.87,10620299
1553779800,164.57,166.72,163.33,165.55,10689171
1553866200,166.39,167.19,164.81,166.69,13455454
1554125400,167.83,168.9,167.2789,168.7,10381490
1554211800,170.14,174.9,169.55,174.2,23946529
1554298200,174.5,177.96,172.95,173.54,27590058
1554384600,176.02,178,175.5301,176.02,17847731
1554471000,176.88,177,175.1,175.72,9594133
1554730200,175.21,175.5,174.23,174.93,7297379
1554816600,175.62,179.19,175.55,177.58,19751031
1554903000,178.18,178.79,176.54,177.82,11701479
1554989400,178.24,178.4,177,177.51,8070967
1555075800,178,179.63,177.95,179.1,12329812
1555335000,178.5,180.5,176.87,179.65,10834762
1555421400,179,180.17,178.3,178.87,11215193
1555507800,179.6,180.74,178.36,178.78,9973732
1555594200,178.8,178.88,177.34,178.28,11655608
1555939800,178.25,181.665,178.25,181.44,13389889
1556026200,182.74,184.22,181.48,183.78,19954814
1556112600,184.49,185.14,181.65,182.58,37289871
1556199000,196.98,198.48,192.12,193.26,54148789
1556285400,192.5,192.9,189.09,191.49,22075002
1556544600,190.95,195.41,190.65,194.78,19641310
1556631000,194.19,197.39,192.28,193.4,23494689
1556717400,194.78,196.1769,193.01,193.03,15996646
1556803800,193,194,189.75,192.53,13209452
1556890200,194.38,196.16,193.71,195.47,14575434
1557149400,191.24,194.28,190.55,193.88,13994932
1557235800,192.54,192.9,187.85,189.77,16253001
1557322200,189.39,190.72,188.55,189.54,12505737
1557408600,187.2,189.77,186.26,188.65,12967033
1557495000,188.25,190,184.59,188.34,12578508
1557754200,183.5,185.43,180.84,181.54,16833347
1557840600,182.52,183.49,178.1,180.73,17628142
1557927000,180.42,187.28,180.02,186.27,16746904
1558013400,185.05,188.575,185.05,186.99,12953111
1558099800,184.84,187.58,184.28,185.3,10485370
1558359000,181.88,184.23,181.37,182.72,10351981
1558445400,184.57,185.7,183.885,184.82,7502820
1558531800,184.73,186.74,183.61,185.32,9213801
1558618200,182.42,183.9,179.67,180.87,12768835
1558704600,182.33,183.63,180.83,181.06,8807701
1559050200,181.54,184.7119,181.4537,184.31,14843308
1559136600,183.5,184.56,181.35,182.19,12797685
1559223000,183.08,183.48,180.89,183.01,8581544
1559309400,180.28,180.54,177.16,177.47,15226536
1559568600,175,175.05,161.01,164.15,56059609
1559655000,163.71,168.28,160.84,167.5,46044256
1559741400,167.48,168.72,164.63,168.17,19758317
1559827800,168.3,169.7,167.23,168.33,12446354
1559914200,170.17,173.87,168.84,173.35,16917343
1560173400,174.75,177.86,173.8,174.82,14767918
1560259800,178.48,179.98,176.79,178.1,15266644
1560346200,178.38,179.27,172.88,175.04,17699806
1560432600,175.53,178.03,174.606,177.47,12253569
1560519000,180.51,181.8398,180,181.33,16773691
1560778200,185.01,189.5,184.4105,189.01,29459881
1560864600,194,194.53,187.28,188.47,37571352
1560951000,187,188.1,184.55,187.48,21417092
1561037400,190.95,191.16,187.64,189.53,14635740
1561123800,188.75,192,188.75,191.14,22751159
1561383000,192.42,193.98,191.57,192.6,15508955
1561469400,192.88,193.14,188.13,188.84,16750309
1561555800,189.54,190.76,187.31,187.66,12808604
1561642200,189.88,189.95,188.27,189.5,11158983
1561728600,190.55,193.2,189.94,193,16378878
1561987800,195.21,195.28,191.93,193,14204690
1562074200,193,195,192.71,195,9049979
1562160600,194.16,197.4,194.16,197.2,10246119
1562333400,196.18,197.07,194.17,196.4,11164107
1562592600,195.19,196.68,193.64,195.76,9723858
1562679000,194.97,199.46,194.89,199.21,14698611
1562765400,200,202.96,199.67,202.73,20571702
1562851800,203.26,203.8,200.21,201.23,13678457
1562938200,199.68,205.3,199.16,204.87,15366272
1563197400,204.25,205.33,201.82,203.91,16030335
1563283800,203.89,205.4707,203.1,203.84,12132720
1563370200,204.18,204.36,201.59,201.8,12083714
1563456600,200.15,202.47,199.38,200.78,11956554
1563543000,202.18,202.33,198.07,198.36,12098262
1563802200,199.91,202.57,198.81,202.32,13589024
1563888600,202.84,204.242,200.9625,202.36,14583680
1563975000,197.63,204.81,197.22,204.66,32532540
1564061400,206.7,208.66,198.26,200.71,39889869
1564147800,200.19,202.88,196.25,199.75,24433985
1564407000,199,199.63,195.3,195.94,16530801
1564493400,195.39,198.71,193.5,197.04,11903558
1564579800,196.95,198.76,192.68,194.23,14593544
1564666200,194.17,198.47,190.88,192.73,17777013
1564752600,191.1,192.62,188.07,189.02,15296975
1565011800,184.69,185.67,179.34,181.73,23086655
1565098200,183.69,185.789,183.09,184.51,18035686
1565184600,183.6,186.37,181.22,185.15,15833197
1565271000,186.62,190.34,184.05,190.16,14828916
1565357400,190,190.98,187.12,187.85,11058811
1565616600,186.85,187.59,184.46,185.37,10936283
1565703000,185.52,191.38,185.37,188.45,13653319
1565789400,185.8,185.99,179.31,179.71,18903716
1565875800,180.95,183.2,180.03,182.59,13059640
1565962200,183.75,185.1,182.36,183.7,12844832
1566221400,186.01,187.5,184.85,186.17,9699661
1566307800,185.45,186,182.39,183.81,10087592
1566394200,185,185.9,183.14,183.55,8409548
1566480600,183.43,184.11,179.91,182.04,10829509
1566567000,180.84,183.13,176.66,177.75,17331221
1566826200,179.4,180.5,178.24,180.36,8780477
1566912600,181.93,184.04,181.01,181.3,14408946
1566999000,180.53,181.95,178.92,181.76,9392060
1567085400,183.77,186.0752,183.47,185.57,10135033
1567171800,186.78,186.8017,183.4585,185.67,10785722
1567517400,184,185.67,182.11,182.39,9792187
1567603800,184.65,187.7494,183.89,187.14,11314571
1567690200,188.53,191.36,187.94,190.9,13896621
1567776600,190.21,190.21,186.35,187.49,15226820
1568035800,187.73,188.98,185.8466,188.76,14722402
1568122200,187.44,188.1,184.55,186.17,15455867
1568208600,186.46,189.44,186.08,188.49,11761660
1568295000,189.86,190.93,187.23,187.47,11419775
1568381400,187.325,187.97,186.54,187.19,11441116
1568640600,186.93,187.7943,185.765,186.22,8444844
1568727000,186.66,188.32,185.54,188.08,9751570
1568813400,188.09,189.08,186.012,188.14,9945798
1568899800,188.66,191.1,188.15,190.14,10474685
1568986200,190.66,193.1,188.12,189.93,20359878
1569245400,189.34,190.1,185.2062,186.82,14370089
1569331800,187.98,188.04,180.39,181.28,18775666
1569418200,181.45,183.42,177.87,182.8,18339960
1569504600,181.33,181.4,177.67,180.11,16280691
1569591000,180.49,180.755,175.66,177.1,14663575
1569850200,177.87,178.67,176.85,178.08,11071425
1569936600,179.15,179.84,174.88,175.81,17261556
1570023000,174.84,176.53,173.09,174.6,16374148
1570109400,175.57,179.84,173.63,179.38,16789319
1570195800,179.55,180.98,178.1,180.45,10476395
1570455000,180,181.18,178.09,179.68,9359793
1570541400,178.26,180.37,177.72,177.75,10084896
1570627800,179.16,180.72,177.94,179.85,7648874
1570714200,180.32,181.61,179.17,180.03,8980978
1570800600,182.15,186.49,182.14,184.19,14998754
1571059800,184.2,184.62,182.5735,183.28,7203665
1571146200,183.8,190.38,183.66,188.89,15143119
1571232600,188.32,189.7,186.9002,189.55,10560343
1571319000,190.3,190.84,188.765,190.39,9761548
1571405400,190.23,191.49,183.9239,185.85,16882862
1571664600,187.04,189.91,186.75,189.76,8580744
1571751000,190,190.65,181.5,182.34,19854192
1571837400,182.01,186.38,182,186.15,12370819
1571923800,184.62,186.73,182.8,186.38,11505406
1572010200,185.83,189,185.0876,187.89,8061240
1572269400,187.2,189.53,185.08,189.4,13657866
1572355800,191.69,192.53,188.47,189.31,13574874
1572442200,189.56,190.45,185.98,188.25,28734559
1572528600,196.7,198.09,188.25,191.65,42286529
1572615000,192.85,194.11,189.91,193.62,21711829
1572877800,194.55,197.3672,193.8119,194.72,16371292
1572964200,195.37,195.75,193.6,194.32,9941954
1573050600,194.03,194.37,191.35,191.55,10973019
1573137000,191.91,193.44,189.47,190.42,13472998
1573223400,190,192.34,189.7,190.84,10764784
1573482600,189.93,190.08,188.54,189.61,8637768
1573569000,190,195.06,189.74,194.47,17615454
1573655400,194.7,195.7,192.74,193.19,11009800
1573741800,192.93,194.03,191.45,193.15,9059897
1573828200,194.26,195.3,193.38,195.1,11530232
1574087400,194.56,198.63,193.05,197.4,16176107
1574173800,197.4,200,196.86,199.32,19070291
1574260200,198.58,199.59,195.43,197.51,12370240
1574346600,197.42,199.09,196.86,197.93,12130985
1574433000,198.38,199.3,197.62,198.82,9959817
1574692200,199.515,200.97,199.25,199.79,15286442
1574778600,200,200.15,198.0387,198.97,11748664
1574865000,199.9,203.14,199.42,202,12760568
1575037800,201.6,203.8,201.21,201.64,7985231
1575297000,202.13,202.18,198.05,199.7,11542020
1575383400,197.6,198.93,195.08,198.82,13014170
1575469800,200,200.0288,198.05,198.71,8459939
1575556200,199.86,201.29,198.2126,199.36,9755350
1575642600,200.5,201.57,200.06,201.05,12279525
1575901800,200.65,203.1418,200.21,201.34,12013218
1575988200,201.66,202.05,200.15,200.87,9485568
1576074600,200.28,202.63,200.28,202.26,8041827
1576161000,202.35,203.66,194.1,196.75,23766986
1576247400,196.4,196.8,193.17,194.11,18806020
1576506600,195.27,199.12,194.81,197.92,14922733
1576593000,198.84,199,196.13,198.39,10177605
1576679400,200.09,204.3,200.09,202.5,23284746
1576765800,202.78,206.3,202.51,206.06,16808184
1576852200,207.48,207.71,203.43,206.3,27315226
1577111400,206.7,208.59,205.68,206.18,13353194
1577197800,206.3,206.79,205,205.12,6046273
1577370600,205.5665,207.82,205.31,207.79,9368273
1577457000,208.6697,208.93,206.5875,208.1,10287634
1577716200,207.86,207.9,203.9001,204.41,10534441
1577802600,203.995,205.56,203.6001,205.25,8962756
1577975400,206.75,209.79,206.27,209.78,12090707
1578061800,207.2135,210.4,206.95,208.67,11197416
1578321000,206.7,212.78,206.52,212.6,17073861
1578407400,212.82,214.58,211.75,213.06,15111857
1578493800,213,216.24,212.6121,215.22,13492703
1578580200,217.54,218.38,216.278,218.3,12679579
1578666600,219.2,219.88,217.42,218.06,12127432
1578925800,219.5965,221.97,219.21,221.91,14494517
1579012200,221.61,222.38,218.63,219.06,13315361
1579098600,220.61,221.68,220.14,221.15,10036475
1579185000,222.57,222.63,220.39,221.77,10015288
1579271400,222.03,222.29,220.53,222.14,15905944
1579617000,222.155,222.37,219.12,221.44,14275784
1579703400,222.31,222.75,221.28,221.32,12212814
1579789800,220.75,221.485,219.27,219.76,11195000
1579876200,220.8,221.78,216.11,217.94,11905824
1580135400,213.1,216.06,212.5,214.87,13810655
1580221800,216.14,218.74,213.52,217.79,13413835
1580308200,221.44,224.2,218.45,223.23,33610005
1580394600,206.53,211.43,204.75,209.53,48775500
1580481000,208.43,208.69,201.06,201.91,31359917
1580740200,203.44,205.14,202.5,204.19,15510509
1580826600,206.6165,210.6,205.2025,209.83,19628890
1580913000,212.51,212.73,208.71,210.11,12538154
1580999400,210.47,211.19,209.338,210.85,10567533
1581085800,210.3,212.82,209.93,212.33,12242530
1581345000,211.52,213.8,210.66,213.06,11856350
1581431400,210.19,210.86,206.5102,207.19,25030810
1581517800,207.85,211.22,207.4,210.76,13813704
1581604200,209.5235,214.3259,209.18,213.14,15396625
1581690600,214,214.93,212.65,214.18,10741747
1582036200,213.55,217.975,213.4,217.8,15630026
1582122600,217.99,218.32,216.11,217.49,12135114
1582209000,216.52,218.765,212.945,214.58,13109213
1582295400,213.48,214.237,208.8305,210.18,14098432
1582554600,201.8,203.65,198.17,200.72,23080057
1582641000,202.25,203.5,195.9537,196.77,21433487
1582727400,197.19,201.21,195.49,197.2,16555210
1582813800,191.82,195.88,189.5,189.75,21682626
1582900200,182.695,192.74,181.82,192.47,32583494
1583159400,194.03,196.57,188.85,196.44,24948955
1583245800,196.22,197.24,183.97,185.89,27984104
1583332200,189.17,191.83,186.39,191.76,23062473
1583418600,186.78,188.99,183.8901,185.17,19333425
1583505000,178.33,183.78,176.26,181.09,24559550
1583760600,169.6,175,165.19,169.5,29949041
1583847000,174.67,178.29,169.5,178.19,24517791
1583933400,174.01,175.88,167.66,170.24,20397204
1584019800,159.54,166.6,154.34,154.47,43266335
1584106200,163.53,170.79,157.6,170.28,35028627
1584365400,152.32,159.13,143.1,146.01,39120419
1584451800,150.74,153.94,140,149.42,34255596
1584538200,139.75,148.18,137.1006,146.96,37553136
1584624600,146.62,159.9294,144.8,153.13,39862312
1584711000,156.02,159.27,148,149.73,32568398
1584970200,149.66,152.31,142.25,148.1,29830765
1585056600,155.205,161.31,152.57,160.98,30440369
1585143000,158.92,162.99,153.06,156.21,35184271
1585229400,158.25,164,157.0201,163.34,26579021
1585315800,158.2,160.09,154.75,156.79,24879869
1585575000,159.18,166.75,158.06,165.95,22515225
1585661400,165.48,170.93,164.2,166.8,23676283
1585747800,161.615,164.15,158.035,159.6,19507559
1585834200,159.1,161.3509,155.92,158.19,20886309
1585920600,157.15,157.91,150.83,154.18,25983317
1586179800,160.15,166.2,158.51,165.55,28453581
1586266200,171.79,173.39,166.01,168.83,31411919
1586352600,171.25,175,167.74,174.28,21664198
1586439000,175.9,177.08,171.57,175.19,23534287
1586784600,173.67,175,169.45,174.79,19355355
1586871000,178.9765,181.225,176.62,178.17,21011815
1586957400,175.1865,178.19,172.82,176.97,17423003
1587043800,177.95,178.05,172.51,176.25,23593229
1587130200,179.2,180.28,176.66,179.24,20974750
1587389400,177.41,180.5,176.77,178.24,16110664
1587475800,175.25,175.38,168.3408,170.8,24850528
1587562200,178.45,184.78,178.14,182.28,33369931
1587648600,184.08,187.05,183.15,185.13,21426604
1587735000,183.23,190.41,180.825,190.07,28868528
1587994200,192.657,193.75,187.41,187.5,29197750
1588080600,188.66,189.2,182.56,182.91,21730986
1588167000,190.93,196.91,190,194.19,45954521
1588253400,206.92,209.69,201.5701,204.71,46230116
1588339800,201.6,207.28,199.0501,202.27,30415581
1588599000,200.2,205.91,198.7562,205.26,19250673
1588685400,207.02,210.38,206.5,207.07,21071223
1588771800,208.12,211.6,206.66,208.47,21856963
1588858200,211.16,211.6,209.04,211.26,15151976
1588944600,212.24,213.21,210.85,212.35,12524048
1589203800,210.8865,215,210.37,213.18,12911948
1589290200,213.29,215.275,210,210.1,14704647
1589376600,209.43,210.78,202.11,205.1,20684559
1589463000,202.56,206.93,200.69,206.81,17178947
1589549400,205.27,211.34,204.12,210.88,19383154
1589808600,212.15,214.6445,210.94,213.19,20167443
1589895000,213.27,220.49,212.83,216.88,31843152
1589981400,223.5,231.34,223.19,229.97,50162875
1590067800,234.72,237.2,231.2,231.39,47782636
1590154200,231.51,235.99,228.74,234.91,33925564
1590499800,239.77,240.9,231.67,232.2,33178318
1590586200,229.07,230.56,221.1347,229.14,34697553
1590672600,224.3,231.6332,224,225.46,29423013
1590759000,225.2,227.49,222.88,225.09,23322476
1591018200,224.59,232.44,223.5,231.91,18223839
1591104600,230.94,233,226.56,232.72,20919018
1591191000,232.11,232.65,228.53,230.16,15380282
1591277400,229.56,231.63,224.61,226.29,17041481
1591363800,226.71,231.35,225.3105,230.77,16750438
1591623000,229.03,231.55,227.41,231.4,15466499
1591709400,231.52,239.77,230.41,238.67,27462872
1591795800,240.96,241.21,235.28,236.73,20720709
1591882200,229.94,232.89,223.55,224.43,26708163
1591968600,229.9,231.66,224.5,228.58,22091387
1592227800,225.09,233.77,224.8,232.5,15340264
1592314200,237.14,238.46,233,235.65,15236691
1592400600,235,237.59,231.7268,235.53,19578125
1592487000,234.99,236.14,232.15,235.94,15782452
1592573400,237.79,240.83,235.55,238.79,30081291
1592832600,238.56,240.7,236.91,239.22,18917782
1592919000,241.28,245.1853,239.86,242.24,24017915
1593005400,241.2,243.22,232.68,234.02,20834904
1593091800,234.62,237.3,232.74,235.68,18704339
1593178200,232.64,233.09,215.4,216.08,76343939
1593437400,209.75,220.75,207.11,220.64,58514281
1593523800,220.59,227.5,218.47,227.07,33927068
1593610200,228.5,239,227.56,237.55,43399739
1593696600,239,240,232.61,233.42,30633620
1594042200,233.76,240.4,232.27,240.28,26206158
1594128600,239.41,247.65,238.82,240.86,27887786
1594215000,238.11,246.99,236.59,243.58,29791339
1594301400,245,246.525,239.24,244.5,22174896
1594387800,243.685,245.49,239.32,245.07,22982716
1594647000,247.005,250.15,238.42,239,24674874
1594733400,236.76,240.33,232.03,239.73,23378056
1594819800,241.55,244.82,238.05,240.28,19133562
1594906200,238,241.76,236.3306,240.93,18880705
1594992600,241,244.16,237.86,242.03,18152413
1595251800,240.06,246.05,235.635,245.42,20872223
1595338200,246.22,246.91,240.08,241.75,19409687
1595424600,240.26,241.9,238.12,239.87,15427885
1595511000,239.63,242.42,231.75,232.6,21771802
1595597400,230.19,233.49,226.9,230.71,18325813
1595856600,231.46,234.95,230.83,233.5,13163083
1595943000,234.63,234.96,229.83,230.12,14170112
1596029400,231.14,233.7,230.31,233.29,13588317
1596115800,230.22,234.893,229,234.5,20615306
1596202200,255.82,255.85,249,253.67,53030037
1596461400,252.65,255.4,250.33,251.96,23134103
1596547800,251.56,252.8,247.43,249.83,17183533
1596634200,250.19,252.2698,247.77,249.12,13088361
1596720600,249.04,266.6,248.665,265.28,45241611
1596807000,264.08,278.89,263.43,268.44,72766364
1597066200,268.04,273.86,259.69,263,30248826
1597152600,260.185,265.915,255.13,256.13,28238283
1597239000,258.97,263.8973,258.1125,259.89,21428329
1597325400,261.55,265.16,259.57,261.3,17373970
1597411800,262.305,262.65,258.6801,261.24,14792708
1597671000,262.5,264.0973,259.4,261.16,13351062
1597757400,260.95,265.15,259.26,262.34,18690383
1597843800,261.388,267.908,261.35,262.59,23291463
1597930200,261.5,269.63,261.46,269.01,20299688
1598016600,268.69,270.49,266.42,267.01,15538615
1598275800,271.07,277.2478,268.7701,271.39,23685603
1598362200,272.41,283.09,270.2601,280.82,42127240
1598448600,284,304.67,284,303.91,69015151
1598535000,300.16,301.23,292.02,293.22,30301309
1598621400,295,297.23,290.98,293.66,17172415
1598880600,293.95,296.88,291.55,293.2,17345134
1598967000,294.71,301.49,292.71,295.44,17320872
1599053400,298.88,303.6,293.05,302.5,24341369
1599139800,295.99,297.6,283.63,291.12,32294092
1599226200,287.5,289,271.14,282.73,30333671
1599571800,271.28,279.3,269.42,271.16,24863997
1599658200,275.77,278.48,271.35,273.72,22918769
1599744600,275.51,279.16,267.0319,268.09,24814669
1599831000,270.06,271.39,262.64,266.61,18913883
1600090200,270.95,276.64,265.7,266.15,24093830
1600176600,270.67,274.52,269.3,272.42,18478530
1600263000,267.29,272.44,261.79,263.52,29207594
1600349400,258.28,261.5,250.19,254.82,31281441
1600435800,258.405,259.2,250.05,252.53,28130767
1600695000,247.54,249.95,244.13,248.15,24709378
1600781400,253.31,255.32,248.22,254.75,30293103
1600867800,255.26,257.9921,248.15,249.02,19641266
1600954200,246.5,252.24,245.62,249.53,20006750
1601040600,249.4,255.75,246.61,254.82,18351311
1601299800,259.4,259.6,254.8208,256.82,18826254
1601386200,257.81,263.33,256.9,261.79,20215504
1601472600,261.98,266.085,260.1,261.9,20142546
1601559000,265.35,268.33,264.8,266.63,20009801
1601645400,261.21,265.15,259.18,259.94,16367597
1601904600,262.2,264.865,260.8401,264.65,12822252
1601991000,261.78,265.69,258.24,258.66,18696917
1602077400,259.21,260.18,254.82,258.12,23133417
1602163800,259.75,264.62,259.1488,263.76,16312762
1602250200,264.52,264.75,262.17,264.45,14107803
1602509400,270.2,280.18,267.87,275.75,31019256
1602595800,277.58,279.1,273.39,276.14,18063343
1602682200,277.62,278.75,271.5,271.82,15601154
1602768600,267.6,269.04,263.67,266.72,15416064
1602855000,267.375,271.37,265.3,265.93,16622702
1603114200,265.53,268.55,259.88,261.4,13586955
1603200600,263.06,269.7,262.88,267.56,18763246
1603287000,279.56,283.05,276.37,278.73,28998638
1603373400,279.87,282.45,275.04,278.12,16720026
1603459800,278.8024,285.24,276.82,284.79,17535155
1603719000,283.16,285.23,274.26,277.11,21322925
1603805400,278.76,284.51,276.31,283.29,16287249
1603891800,278.79,278.79,267.26,267.67,23121808
1603978200,276.55,283.6,273.78,280.83,32368118
1604064600,274.5,276.7,259.1,263.11,47299002
1604327400,264.6,270.47,257.34,261.36,27165679
1604413800,263.16,270.05,260.88,265.3,17961859
1604500200,281,288.94,278.62,287.38,35364424
1604586600,291.8965,297.38,288.95,294.68,23823633
1604673000,293.95,294.6,288.06,293.41,13890974
1604932200,289.87,292.58,278.53,278.77,25117650
1605018600,273.1,274,264,272.43,29067691
1605105000,273.47,278.4,272.48,276.48,14956950
1605191400,277.18,279.75,274.43,275.08,12914206
1605277800,277.72,277.76,273.1,276.95,10400101
1605537000,275.05,279.41,274.63,278.96,12970352
1605623400,277.68,277.68,273.29,275,15040297
1605709800,274.52,277.3889,271.84,271.97,12152945
1605796200,271.025,273.47,269.19,272.94,12963658
1605882600,272.56,273,269.41,269.7,18122412
1606141800,270.89,270.9471,264.53,268.43,20990786
1606228200,268.49,277.8199,267.87,276.92,16930424
1606314600,278.14,280.18,272.65,275.59,12467009
1606487400,277.39,279.13,274.82,277.81,7808426
1606746600,276.03,277.7,271.01,276.97,16693336
1606833000,279.16,289.3,278.96,286.55,20777906
1606919400,285.36,291.78,280.825,287.52,17361624
1607005800,286.25,286.65,281.07,281.85,12921694
1607092200,280.3,283.46,279.3,279.7,10880299
1607351400,279.19,288.49,278.2,285.58,13007665
1607437800,286.01,286.4272,281.55,283.4,10747650
1607524200,283.66,287.63,271.75,277.92,25189707
1607610600,275.535,278.73,271.86,277.12,20065091
1607697000,274.53,276.48,270.25,273.55,14391401
1607956200,273.3722,277.22,271.56,274.19,16376880
1608042600,274.83,276.08,267.47,275.55,23979461
1608129000,274.76,277.86,272.51,275.67,15884999
1608215400,277.07,280.44,273.61,274.48,16377844
1608301800,275.775,278,271.14,276.4,26693249
1608561000,272.978,274.67,267.79,272.79,16553740
1608647400,271.5,271.5,264.63,267.09,17334999
1608733800,266.89,272.1699,266.23,268.11,14329038
1608820200,268.875,270.4,266.2,267.4,6702033
1609165800,268.74,277.3,265.66,277,23299707
1609252200,276.95,280.51,276.28,276.78,16382995
1609338600,277.95,278.08,271.71,271.87,11803795
1609425000,272,277.09,269.81,273.16,12900408
1609770600,274.78,275,265.2,268.94,15106113
1609857000,268.29,272.4,268.2111,270.97,9871557
1609943400,262,267.75,260.01,263.31,24354149
1610029800,265.9,271.61,264.78,268.74,15789756
1610116200,268.31,268.95,263.18,267.57,18528251
1610375400,260.48,263.47,255.9,256.84,30412286
1610461800,256.63,259.72,250.3,251.09,26449943
1610548200,251.55,253.95,249.2,251.64,19528938
1610634600,253.4,255.03,244.61,245.64,29739404
1610721000,247.9,253.86,247.16,251.36,24942930
1611066600,256.9,262.2,252.7201,261.1,28028546
1611153000,268.93,270.32,263.6,267.48,25199919
1611239400,269.26,273.6,267.4901,272.87,20838687
1611325800,272.01,278.47,272,274.5,21954042
1611585000,278.14,280.1,271.51,278.01,19086990
1611671400,278.1398,285.39,277.81,282.05,19373636
1611757800,282.53,283.45,268.1201,272.14,35346194
1611844200,277.18,286.79,264.7,265,37758844
1611930600,265.3,266.56,254.85,258.33,30389499
1612189800,259.52,264.17,254.91,262.01,22914255
1612276200,264,268.85,263.27,267.08,17320788
1612362600,265.62,269.2,263.84,266.65,14223377
1612449000,267.01,268.16,264,266.49,16059958
1612535400,266.8,269.17,265.67,268.1,12454367
1612794600,268.75,269.86,265,266.58,13755191
1612881000,266.44,273.39,265.75,269.45,14613375
1612967400,272.4465,273.7999,267.72,271.87,14687152
1613053800,271.89,273.58,268.49,270.39,12828572
1613140200,270.52,271.18,268.34,270.5,9097597
1613485800,270.8,276.6,270.05,273.97,15417243
1613572200,271.24,273.97,269.58,273.57,12763240
1613658600,269.565,271.95,266.03,269.39,15249134
1613745000,269.86,270.27,260.15,261.56,25622587
1614004200,257.95,263.07,257.53,260.33,17434873
1614090600,259.5,267.46,254.96,265.855,21924557
1614177000,262.325,266.38,258.39,264.31,15736123
1614263400,262.3,266.94,254.04,254.69,19053142
1614349800,256.47,265.55,256.47,257.62,26619517
1614609000,260.82,266.65,257.9039,264.91,22157255
1614695400,265.78,266.71,258.65,259,15191722
1614781800,260.29,260.9899,255.1,255.41,15513515
1614868200,256.47,266.49,253.5,257.64,31626463
1614954600,260.67,265.45,255.61,264.28,26820055
1615213800,265.55,265.58,255.05,255.31,18391768
1615300200,261.175,268.53,259.81,265.74,22039740
1615386600,268.64,268.97,262.87,264.9,14210318
1615473000,268.11,277.9,267.82,273.88,21833979
1615559400,269.14,269.74,264.02,268.4,20600198
1615815000,269.08,275.96,268.5,273.75,16856746
1615901400,276.085,282.14,274.8,279.28,22437665
1615987800,275.705,286.23,275.41,284.01,21315044
1616074200,279.87,285.1899,278.28,278.62,18754853
1616160600,281.22,292.8,281.195,290.11,38930536
1616419800,290.45,299.705,286.7501,293.54,28273073
1616506200,293.15,298,289.81,290.63,23000929
1616592600,291,291.72,281.16,282.14,18675046
1616679000,280.98,288.06,277.75,278.74,24505648
1616765400,278.3018,284.5,277.77,283.02,17629185
1617024600,285.77,293.18,284.7,290.82,21718831
1617111000,289.83,292.47,286.7,288,17474537
1617197400,289.99,296.5,288.61,294.53,19498157
1617283800,298.4,302.4,296.6,298.66,17615980
1617629400,300.89,310.765,300.68,308.91,28237006
1617715800,308.8365,311.35,305.25,306.26,17335246
1617802200,306.34,314.25,305.5,313.09,22855241
1617888600,314.85,315.88,310.05,313.02,20894148
1617975000,311.4,314.74,310.33,312.46,15988568
1618234200,311.05,312.15,307.93,311.54,10881935
1618320600,312.21,314.428,309.32,309.76,14036927
1618407000,307.3,308.03,301.95,302.82,17421393
1618493400,306.34,310.14,304.1,307.82,14558273
1618579800,308.17,308.95,304.61,306.18,13059163
1618839000,305.007,307.7,300.56,302.24,14553507
1618925400,301.99,305.1,297.21,302.65,16796442
1619011800,301.945,301.98,297.39,301.47,14863474
1619098200,301.33,302.92,296.04,296.52,16375350
1619184600,298.76,302.59,297.15,301.13,17559498
1619443800,303.3396,305.8,301.56,303.04,16172593
1619530200,304.28,305.34,301.11,303.57,15309256
1619616600,307.36,310.92,305.37,307.1,33907210
1619703000,330.12,331.81,321.61,329.51,56526771
1619789400,326.1435,329.82,324.5,325.08,26332423
1620048600,326.17,328.55,321.84,322.58,18719462
1620135000,320.025,322.19,313.12,318.36,24032557
1620221400,318.19,321.06,314.49,315.02,15577605
1620307800,314.52,320.24,313.275,320.02,19012241
1620394200,322.38,322.935,318.75,319.08,15916743
1620653400,314.35,314.5786,304.83,305.97,24239170
1620739800,300.75,306.84,299.69,306.53,18920086
1620826200,301.13,304.96,298.19,302.55,24641010
1620912600,306.0833,308.86,302.7701,305.26,18079160
1620999000,309.54,316.85,309.08,315.94,19245724
1621258200,313.55,315.68,311.58,315.46,15401343
1621344600,315.59,316.5,309.81,309.96,14522403
1621431000,304.185,314.66,303.57,313.59,19106244
1621517400,313.58,319.25,313.16,318.61,17320241
1621603800,319.29,319.93,315.8101,316.23,13600901
1621863000,318.21,325.95,318.03,324.63,16445356
1621949400,327.08,329.18,324.8,327.79,16436965
1622035800,328.35,329.8299,325.82,327.66,9686917
1622122200,328,333.78,326.76,332.75,20477726
1622208600,331,332.8684,328.33,328.73,12037430
1622554200,330.15,331.42,326.64,329.13,11765906
1622640600,330.38,331.87,327.1215,329.15,11654275
1622727000,325.78,327.375,323.48,326.04,12610788
1622813400,325.9,332.455,325.18,330.35,13289383
1623072600,329.48,337.69,328.93,336.58,20136707
1623159000,336.7,338.2999,332.24,333.68,14580464
1623245400,335.74,336.8,330,330.25,13727946
1623331800,330.785,333.94,328.545,332.46,13240229
1623418200,332.58,332.83,328.93,331.26,13587916
1623677400,331.9,336.82,329.81,336.77,12250799
1623763800,336.99,339.92,335.03,336.75,15795226
1623850200,336.695,337.55,328.72,331.08,17232157
1623936600,330.49,337.98,330.15,336.51,17794080
1624023000,334.53,336.15,329,329.66,23039457
1624282200,331.09,332.92,327.65,332.29,11337522
1624368600,332.685,339.92,332.6,339.03,15345299
1624455000,339.35,343.4199,338.2,340.59,14817824
1624541400,341.85,344.9,341.79,343.18,12329096
1624627800,342.59,344.12,339.68,341.37,14594444
1624887000,342.46,358.14,341.77,355.64,29156132
1624973400,356.27,356.74,349.05,351.89,21417305
1625059800,352.165,352.92,347.17,347.71,15107514
1625146200,346.82,354.6699,346.5,354.39,17137021
1625232600,355.1,356.44,352.62,354.7,11524614
1625578200,356.5,358.79,349.18,352.78,13488455
1625664600,355.26,356.49,350,350.49,14218866
1625751000,345.73,348.33,342.56,345.65,14406457
1625837400,345.32,350.71,345.265,350.42,13018694
1626096600,351.23,354.19,349.64,353.16,10018624
1626183000,351.5,358.49,348.8,352.09,11455963
1626269400,354.56,355.2,346.73,347.63,13894221
1626355800,349.2348,349.2348,340.22,344.46,14781594
1626442200,344.91,345.9899,340.14,341.16,11026093
1626701400,337.57,339.79,334.54,336.95,14372345
1626787800,338.8,343.45,334.5,341.66,11024277
1626874200,341.5,346.52,341.25,346.23,9279657
1626960600,346.68,351.54,345.21,351.19,12385441
1627047000,360.91,375.33,357.19,369.79,33694328
1627306200,369.58,374.44,368.22,372.46,14925222
1627392600,371.91,373.15,364.55,367.81,15705447
1627479000,374.56,377.5499,366.93,373.28,29676910
1627565400,361,365.52,356.74,358.32,33413244
1627651800,354,360.73,352.94,356.3,15976179
1627911000,358.1,359.4,350.74,351.95,13180439
1627997400,352.73,353.7699,347.7,351.24,12406054
1628083800,352.42,360.48,351.51,358.92,14180572
1628170200,359.64,363.9,356.9,362.97,10247207
1628256600,361.4,365.15,361.395,363.51,8925017
1628515800,363.7623,365.775,360.75,361.61,7798872
1628602200,361.825,364.1,359.0435,361.13,7469878
1628688600,362.1,362.36,357.81,359.96,8400332
1628775000,358.45,363,357.11,362.65,7175206
1628861400,362.97,364.6607,361.48,363.18,7195724
1629120600,362.52,366.95,357.38,366.56,11232269
1629207000,362.98,364.67,355.07,358.45,12328737
1629293400,356.25,359.86,355.15,355.45,10042381
1629379800,351.345,357.57,351,355.12,12004535
1629466200,354.6,359.9898,353.31,359.37,8697667
1629725400,359.44,365.69,359.1,363.35,10942007
1629811800,363.66,367.9559,361.84,365.51,9235148
1629898200,365.6,370.86,365.4,368.39,9684519
1629984600,368.375,369.44,364.13,364.38,7888683
1630071000,365.1,373.74,364.08,372.63,11219142
1630330200,372.56,381.49,370.52,380.66,13547261
1630416600,379.95,382.759,378.8,379.38,12345350
1630503000,379.59,384.33,378.81,382.05,11567163
1630589400,381.5,381.75,374.06,375.28,14838274
1630675800,374.75,377.16,373.11,376.26,7511356
1631021400,375.88,382.96,373.15,382.18,10798920
1631107800,380.16,380.87,374.79,377.57,11067166
1631194200,377.64,379.83,376.565,378,9098941
1631280600,381.361,383.79,378.26,378.69,11549595
1631539800,381.68,381.75,374.3451,376.51,13026275
1631626200,377.4,378.59,375.11,376.53,8711569
1631712600,377,377.555,367.67,373.92,17940297
1631799000,372.79,373.56,369.71,373.06,11934217
1631885400,371.405,371.41,361.59,364.72,26298966
1632144600,359.3,361.03,349.8,355.7,19822772
1632231000,358.5,360.04,355.19,357.48,11751917
1632317400,347.23,349.84,340.6901,343.21,43692859
1632403800,345.355,349.67,343,345.96,21806264
1632490200,343.2387,354.35,342.37,352.96,18801933
1632749400,349.805,355.15,347.08,353.58,15205843
1632835800,347.97,349.6,338.92,340.65,21710286
1632922200,343.15,345.23,338.88,339.61,14452241
1633008600,340.445,342.8,338.15,339.39,16547094
1633095000,341.61,345.02,338.64,343.01,14905311
1633354200,335.53,335.94,322.7,326.23,42884975
1633440600,328.58,335.18,326.1638,332.96,35377947
1633527000,329.74,334.38,325.8,333.64,26443010
1633613400,337,338.84,328.98,329.22,28307456
1633699800,331.51,333.4,328.71,330.05,15946110
1633959000,327.625,330.46,325.31,325.45,14708224
1634045400,323.03,324.38,317.37,323.77,31658684
1634131800,326.97,327,322.66,324.54,14761470
1634218200,328.355,330.52,327.1,328.53,14302154
1634304600,328.68,329.07,322.51,324.76,21596370
1634563800,328.95,335.89,327.5,335.34,21585018
1634650200,339.645,342.46,337.28,339.99,18786316
1634736600,343.445,343.98,339.4531,340.78,13639465
1634823000,340.275,342.31,337.8,341.88,16354423
1634909400,326.345,329.63,321.11,324.61,35224543
1635168600,320.3,329.56,319.72,328.69,38408957
1635255000,328.26,330.2099,309.6,315.81,65654043
1635341400,314.19,319.25,312.06,312.22,29971761
1635427800,312.99,325.52,308.11,316.92,50806840
1635514200,320.19,325.9999,319.6,323.57,37059384
1635773400,326.04,333.45,326,329.98,31518885
1635859800,331.38,334.7895,323.8,328.08,28352966
1635946200,327.49,332.15,323.2,331.62,20786502
1636032600,334.0065,337.273,332.65,335.85,22495281
1636119000,340.31,346.79,339.64,341.13,26872817
1636381800,344.42,344.789,338.34,338.62,18342458
1636468200,340,341.3075,334.47,335.37,17556721
1636554600,332.49,333.19,325.51,327.64,21872605
1636641000,329.82,332.459,327,327.74,12376563
1636727400,330.18,341.86,329.78,340.89,25414311
1636986600,344.34,353.65,343.2,347.56,25076603
1637073000,343.83,346.65,340.87,342.96,18181106
1637159400,344.24,347.3,340.1,340.77,13602812
1637245800,339.72,342.46,335.3,338.69,17487235
1637332200,342.2,352.1,339.9,345.3,26488541
1637591400,349.05,353.83,340.51,341.01,27116811
1637677800,338.93,341.3999,333.5,337.25,17224986
1637764200,336,341.78,332.81,341.06,13566181
1637937000,335.795,337.75,331.902,333.12,14750737
1638196200,336.89,340.67,335.305,338.03,16650949
1638282600,335,335.81,323.43,324.46,25390008
1638369000,330.29,330.5,310.29,310.6,30384083
1638455400,311.4,314.6,307.2,310.39,24396169
1638541800,313.73,313.75,299.5,306.84,27471010
1638801000,308.13,320.1,306.34,317.87,21758340
1638887400,321.57,326.54,321,322.81,18794047
1638973800,325,332.75,323.07,330.56,19937722
1639060200,329.54,336.13,328,329.82,16879168
1639146600,332.555,335.03,326.37,329.75,14527969
1639405800,330.95,341.09,329.59,334.49,22948655
1639492200,328.05,335.7,327.65,333.74,20461024
1639578600,332.4935,342.11,323.98,341.66,24681326
1639665000,338.98,344.46,333.74,334.9,22635025
1639751400,332.795,337.11,330.75,333.79,40012637
1640010600,329.775,329.9,322.53,325.45,17901783
1640097000,326.41,336,323.75,334.2,16116784
1640183400,333.8003,334.51,328.26,330.45,16764566
1640269800,330.1,336.67,328.36,335.24,13987698
1640615400,338.845,347.87,338.01,346.18,17795026
1640701800,346.63,352.71,345.2,346.22,16637608
1640788200,346.91,349.6899,341.6401,342.94,10747009
1640874600,344,347.23,343.22,344.36,10593347
1640961000,343.015,343.44,336.27,336.35,12870480
1641220200,338.295,341.0816,337.19,338.54,14562849
1641306600,339.95,343.0854,331.8711,336.53,15997974
1641393000,333.02,335.76,323.84,324.17,20564521
1641479400,322.82,339.165,322.72,332.46,27962809
1641565800,332.74,337,328.8801,331.79,14722020
1641825000,325.31,328.34,315.43,328.07,24942383
1641911400,326.78,334.63,325.28,334.37,16226847
1641997800,335.18,336.365,330.03,333.26,14104858
1642084200,334.98,335.63,325.76,326.48,14797109
1642170600,321.79,332.73,321.21,331.9,16868497
1642516200,323.29,324.21,317.64,318.15,22677332
1642602600,319.5822,327.1,319.33,319.59,20814740
1642689000,323.9,327.82,315.98,316.56,16925030
1642775400,314.81,318.31,303.04,303.17,28710717
1643034600,297.84,309.53,289.01,308.71,38936901
1643121000,299.95,306.23,297.58,300.15,25108454
1643207400,307.01,307.51,290.85,294.63,28348801
1643293800,297.752,301.709,294.26,294.64,21629922
1643380200,295.6204,301.9,293.0333,301.71,21871620
1643639400,300.68,313.79,299.32,313.26,21579474
1643725800,314.555,319.6598,312.12,319,18023796
1643812200,327.82,328,316.8747,323,58458280
1643898600,244.645,248,235.745,237.76,188119925
1643985000,234.97,242.6099,230.11,237.09,89342247
1644244200,237.7,238.3,224.01,224.91,88613826
1644330600,220.85,225.77,216.15,220.18,94729672
1644417000,224.2,233.37,222.21,232,86563275
1644503400,228.27,235,226.7,228.07,49310356
1644589800,228.46,230.42,218.7701,219.55,46156943
1644849000,219.31,221,214.78,217.7,38184035
1644935400,220.47,221.15,215.06,221,42685473
1645021800,212.41,217.46,212.36,216.54,45817457
1645108200,214.02,217.5,207.1601,207.71,38747533
1645194600,209.39,210.75,205.18,206.16,37128438
1645540200,202.34,207.48,200.06,202.08,39852391
1645626600,204.16,206.94,198.05,198.45,44481359
1645713000,191.06,208.35,190.22,207.6,49957167
1645799400,204.94,211.32,203.18,210.48,37627551
1646058600,207.675,213.1508,206.83,211.03,34239803
1646145000,209.87,211.7517,202.22,203.49,27094902
1646231400,204.775,209.15,202.02,208.11,29452147
1646317800,209.015,209.08,201.42,202.97,27263524
1646404200,202.37,205.89,198.79,200.06,32146264
1646663400,200.79,200.89,187.28,187.47,38560609
1646749800,187.85,196.7,186.11,190.29,37508149
1646836200,195.74,199.1,193.92,198.5,31894695
1646922600,194.84,196.28,191.068,195.21,24852975
1647009000,192.635,193.56,186.67,187.61,34694534
1647264600,187.03,192.29,185.82,186.63,31010462
1647351000,190.8,192.28,185.911,192.03,31721682
1647437400,194.7,203.73,194.52,203.63,40640264
1647523800,201.7,208.04,201.11,207.84,29499681
1647610200,206.7,216.8,206,216.49,52127982
1647869400,214.5,214.71,207.63,211.49,30142338
1647955800,211.37,219.46,210.18,216.65,31998799
1648042200,213.33,216.7988,212.16,213.46,23717321
1648128600,215,220.67,214.79,219.57,31502314
1648215000,220.51,225.5,218.8901,221.82,40039026
1648474200,222.13,224.04,219.54,223.59,26224141
1648560600,226.07,230.89,225.29,229.86,31417857
1648647000,228.91,231.151,226.71,227.85,25588046
1648733400,228.45,228.49,222.26,222.36,24192266
1648819800,224.55,227.28,222.7,224.85,19544758
1649079000,225.98,234.351,225.86,233.89,28100826
1649165400,234.08,236.86,231.02,231.84,29727181
1649251800,226.91,228.9899,221.405,223.3,28995080
1649338200,223.93,225.52,218.56,222.95,21037187
1649424600,222.38,225.13,220.0283,222.33,18375711
1649683800,218.42,220.61,215.2198,216.46,20516586
1649770200,220.235,222.03,213.13,214.14,20128827
1649856600,211.82,216.61,211.33,214.99,19231816
1649943000,214.89,214.99,210,210.18,18379455
1650288600,210,213.38,208.3,210.77,16580792
1650375000,210.52,218.4299,209,217.31,20089871
1650461400,213.605,214.16,198.92,200.42,43036528
1650547800,201.6,202.965,185.58,188.07,49954078
1650634200,190.37,192.72,183.27,184.11,36426769
1650893400,182.73,187.18,181.655,186.99,29281060
1650979800,186.63,187.185,179.5,180.95,31747434
1651066200,174.43,181.2099,169,174.95,71062886
1651152600,202.92,208.53,192.9,205.73,100890551
1651239000,204.46,212.48,199.9,200.47,49193434
1651498200,201.165,211.88,200.99,211.13,49915289
1651584600,210.45,214.8999,208.09,212.03,41556267
1651671000,210.65,224.3,206.96,223.41,41375881
1651757400,218.74,220.17,206.16,208.28,41129192
1651843800,207.34,209.38,201.02,203.77,34747158
1652103000,199.84,202.57,195.58,196.21,36303200
1652189400,199.51,202.96,194.19,197.65,34452491
1652275800,196.325,200.6742,188.27,188.74,31153383
1652362200,187.055,198.05,184.78,191.24,38262226
1652448600,192.58,199.89,191.28,198.62,24549844
1652707800,197.05,205.37,195.93,200.04,27112595
1652794200,202.115,205.46,198.36,202.62,24872729
1652880600,200,201,191.63,192.24,23959966
1652967000,191.2,195.29,189.6,191.29,24446938
1653053400,194.97,197.91,187.87,193.54,31465570
1653312600,195.19,196.9924,191.24,196.23,25059161
1653399000,180.55,183.6759,176.11,181.28,50406273
1653485400,180.4,185.45,179.32,183.83,28030194
1653571800,182.878,192.8301,182.26,191.63,23056455
1653658200,191.36,195.3329,189.8,195.13,22562727
1654003800,194.885,197.6,192.01,193.64,26131103
1654090200,196.51,199.53,185,188.64,36623495
1654176600,188.45,200.935,187.73,198.86,31951582
1654263000,195.98,196.61,189.78,190.78,19464993
1654522200,193.99,196.92,188.4,194.25,30574242
1654608600,191.93,196.53,191.49,195.65,18828687
1654695000,194.67,202.03,194.41,196.64,22267154
1654781400,194.28,199.45,183.68,184,23501579
1654867800,183.04,183.1,175.02,175.57,27478354
1655127000,170.59,172.575,164.03,164.26,31749304
1655213400,166.03,166.75,161.3601,163.73,27244274
1655299800,167.2,172.16,163.975,169.35,30008251
1655386200,163.72,165.08,159.61,160.87,26944143
1655472600,161.68,165.9,159.9,163.74,31374215
1655818200,165.93,167.76,155.97,157.05,50724899
1655904600,158.38,160.79,155.44,155.85,47596820
1655991000,156.27,159.75,154.25,158.75,40499198
1656077400,161.725,170.25,161.3,170.16,68736009
1656336600,171.32,171.75,168.01,169.49,29174559
1656423000,169.9,171.3,160.61,160.68,27788725
1656509400,163.57,166.33,160.32,163.94,28595236
1656595800,162.15,165.23,158.49,161.25,35250605
1656682200,160.31,160.62,155,160.03,31423933
1657027800,158.14,168.25,157.02,168.19,28664799
1657114200,168.2,171.59,165.46,169.77,23085921
1657200600,169.45,172.72,167.78,172.19,24083368
1657287000,169.98,172.4,168.1501,170.88,19249243
1657546200,167.065,167.49,161.91,162.88,21905133
1657632600,164.8,165.9107,162.1,163.27,16639659
1657719000,160.16,164.98,159.6127,163.49,16555138
1657805400,161.22,162.59,157.2801,158.05,23765168
1657891800,160.54,164.98,159.82,164.7,23342807
1658151000,166.75,171.685,165.64,167.23,23574337
1658237400,170.37,176.49,169.51,175.78,25933679
1658323800,177.485,183.6,176.7,183.09,24784274
1658410200,180.63,183.85,178.87,183.17,27195815
1658496600,173.07,175.5995,168.41,169.27,42583916
1658755800,169,170.57,164.805,166.65,26166326
1658842200,165.94,166,157.95,159.15,28468424
1658928600,162.59,170.87,162.02,169.58,43846557
1659015000,161.06,161.51,154.85,160.72,73214326
1659101400,157.69,160.14,155.17,159.1,42065395
1659360600,157.25,165.19,155.2301,159.93,40596702
1659447000,158.31,162.24,158.01,160.19,27374516
1659533400,162.69,169.54,161.57,168.8,31717527
1659619800,168.295,172.15,166.8,170.57,23938212
1659706200,166.99,171.612,165.8,167.11,25832701
1659965400,168,177.51,167.13,170.25,27299113
1660051800,168.95,169.53,166.6,168.53,18655056
1660138200,175.99,180.48,173.95,178.34,30262132
1660224600,179.71,183.1,176.37,177.49,24079062
1660311000,180.81,181.4572,178.911,180.5,21274046
1660570200,178.96,181.44,178.2,180.89,15878671
1660656600,179.44,180.99,177.035,179.47,21156710
1660743000,176.76,178.14,174.17,174.85,20118133
1660829400,174.34,175.76,171.86,174.66,18844451
1660915800,170.2,172.32,167.05,167.96,26240799
1661175000,165.49,165.49,162.26,163.05,19499711
1661261400,162.48,165.05,160.7,161.11,18111777
1661347800,160.6,165.46,159.77,163.26,20891481
1661434200,165.18,168.88,164.02,168.78,15550514
1661520600,168.48,170.92,161.6726,161.78,24023633
1661779800,160.655,163.05,159.01,159.17,20052661
1661866200,160.355,161.66,155.91,157.16,19567948
1661952600,167.07,167.84,162.14,162.93,40952975
1662039000,163.58,167.3599,160.345,165.36,30145683
1662125400,167.45,167.93,159.22,160.32,22634191
1662471000,160.1,161.69,157.69,158.54,19339781
1662557400,157.76,160.955,156.81,160.39,16831182
1662643800,158.71,162.23,157.74,162.06,22530785
1662730200,163.248,169.54,163.02,169.15,22129802
1662989400,167.39,171.39,167.28,168.96,23220405
1663075800,161.54,161.63,152.67,153.13,44444061
1663162200,153.33,153.54,149.05,151.47,43064195
1663248600,149.8,154.1984,148.7,149.55,34606348
1663335000,148.05,148.58,144.2935,146.29,40122824
1663594200,145.235,148.58,145.1,148.02,22169477
1663680600,145.775,148.84,145.22,146.09,23217350
1663767000,146.39,149.6,142,142.12,38338614
1663853400,141.55,144.58,140.87,142.82,34418521
1663939800,141.42,142.62,138.89,140.41,31710685
1664199000,140.12,142.24,136.19,136.37,30497021
1664285400,137.92,139.42,134.1201,134.4,30826471
1664371800,134.62,142.03,134.27,141.61,32658478
1664458200,139.36,139.84,135.2,136.41,38985414
1664544600,136.05,140.99,135.5,135.68,33166393
1664803800,137.14,139.62,136.1,138.61,27723063
1664890200,140.49,142.3901,139.34,140.28,34670729
1664976600,138.24,140.21,134.78,138.98,27979348
1665063000,137.715,141.45,136.6,139.07,36231056
1665149400,136.76,138.29,132.44,133.45,33214773
1665408600,133.55,136.11,131.87,133.79,24023982
1665495000,131.62,132.66,126.99,128.54,38481403
1665581400,128.32,129.67,126.25,127.5,34605245
1665667800,123.53,131.14,122.5301,130.29,34325715
1665754200,131,131.79,126.52,126.76,23559407
1666013400,130.3,134.79,130.18,134.04,29612245
1666099800,137.085,137.8399,131.4,132.8,25444979
1666186200,132.89,137,132.22,133.23,30691047
1666272600,132.93,136.77,131.31,131.53,26356276
1666359000,126.31,130.12,125.44,130.01,46348647
1666618200,127.25,133.48,124.57,129.72,63563447
1666704600,130.875,138.35,130.59,137.51,38433219
1666791000,131.68,135.55,128.53,129.82,89294679
1666877400,97.975,102.5,96.38,97.94,232316571
1666963800,99.58,100.85,97.51,99.2,95928306
1667223000,98.22,99.32,92.6,93.16,121361444
1667309400,94.33,97.49,93.55,95.2,110189617
1667395800,94.205,95.2,90.48,90.54,71821058
1667482200,90.08,90.4576,88.41,88.91,60664012
1667568600,90.35,91.39,88.09,90.79,55638061
1667831400,94.78,96.88,93.1,96.72,81987295
1667917800,95.92,97.8,94.79,96.47,52088320
1668004200,101.72,104.9,100.74,101.47,107677284
1668090600,107.12,112.75,104.61,111.87,80670961
1668177000,109.23,114.9,108.81,113.02,59961742
1668436200,110.99,116.27,110.8,114.22,53394974
1668522600,116.07,118.74,114.4116,117.08,50670499
1668609000,114.5,116.075,112.66,113.23,33287773
1668695400,110.41,112.33,109.8,111.45,35093822
1668781800,113.8,114.32,110.62,112.05,33357707
1669041000,111.52,112.3699,109.19,109.86,24351074
1669127400,109.86,111.62,108.3216,111.44,29028963
1669213800,111.72,112.67,110.73,112.24,21343083
1669386600,111.3,112.73,111.02,111.41,12007566
1669645800,110.78,112.04,108.38,108.78,23332816
1669732200,109.54,110.94,108.5437,109.46,23899238
1669818600,109.505,118.16,109.38,118.1,43348557
1669905000,119.198,121.2,118.4,120.44,36551374
1669991400,117.83,124.04,117.61,123.49,39950464
1670250600,121.75,124.67,121.35,122.43,35474884
1670337000,119.91,120.55,113.74,114.12,43689183
1670423400,113.76,115.88,112.88,113.93,29461137
1670509800,116.39,117.34,114.59,115.33,30619418
1670596200,115.3,117.54,113.87,115.9,26033353
1670855400,115.18,115.72,113.14,114.71,24747064
1670941800,122.13,123.3,118.64,120.15,44701054
1671028200,119.39,124.14,119.39,121.59,36922037
1671114600,118.33,118.625,114.01,116.15,34530970
1671201000,120.23,123.31,118.8214,119.43,67064001
1671460200,116.83,117.8,114.331,114.48,29769875
1671546600,113.26,117.33,112.46,117.09,28742501
1671633000,116.7,120.34,115.62,119.76,20392799
1671719400,117.2,118.62,114.38,117.12,23618121
1671805800,116.03,118.175,115.535,118.04,17796625
1672151400,117.93,118.6,116.0501,116.88,21392311
1672237800,116.25,118.15,115.51,115.62,19612473
1672324200,116.4,121.03,115.77,120.26,22366192
1672410600,118.16,120.42,117.74,120.34,19583825
1672756200,122.82,126.37,122.28,124.74,35528531
1672842600,127.38,129.0498,125.85,127.37,32397094
1672929000,126.125,128.52,124.54,126.94,25447099
1673015400,128.97,130.33,126.04,130.02,27584498
1673274600,131.16,132.95,129.28,129.47,26649145
1673361000,127.27,133.44,127.15,132.99,28684431
1673447400,130.96,133.8494,130.34,132.89,25423046
1673533800,133.44,137.6781,131.76,136.71,30757732
1673620200,134.97,137.39,134.835,136.98,22423839
1673965800,136.176,136.75,134.25,135.36,21147587
1674052200,135.81,137.25,132.8,133.02,20215486
1674138600,132.49,137.45,132.14,136.15,28625232
1674225000,135.89,139.94,134.61,139.37,28688630
1674484200,139.29,143.76,138.66,143.27,27470093
1674570600,141.69,145,141.36,143.14,21970190
1674657000,141.22,143.17,140.31,141.5,26622021
1674743400,144.4,147.51,143.3,147.3,25482084
1674829800,148.237,153.19,147.39,151.74,35771865
1675089000,149.405,151.1233,146.95,147.06,28040100
1675175400,147.95,149.88,147.52,148.97,29842109
1675261800,148.03,153.58,147.06,153.12,55661017
1675348200,183.38,197.16,180.16,188.77,150475687
1675434600,183.465,196.77,182.89,186.53,76809701
1675693800,186.53,190.7,185.5156,186.06,42483811
1675780200,185.575,193.7799,184.4,191.62,47080662
1675866600,190,190.83,182.92,183.43,36139074
1675953000,186.13,186.65,177.27,177.92,37118811
1676039400,176.3534,178.89,173.35,174.15,33433567
1676298600,178.215,181,175.82,179.43,31463223
1676385000,177.16,181.5064,175.88,179.48,24034631
1676471400,176.415,178.19,175.33,177.16,25337966
1676557800,172.75,175.85,171.79,172.44,25827473
1676644200,170.22,173.18,169.7,172.88,24171260
1676989800,174.31,178.17,171.88,172.08,34592582
1677076200,171.07,172.755,169.69,171.12,22433158
1677162600,172,173.69,169.38,172.04,20017779
1677249000,168.64,170.72,167.66,170.39,19791334
1677508200,171.875,173.12,169.06,169.54,19277002
1677594600,171.9,177.55,171.87,174.94,46051117
1677681000,174.59,177.85,173.05,173.42,30998380
1677767400,172.38,175.01,171.43,174.53,17360708
1677853800,178.92,186.62,177.05,185.25,45877692
1678113000,188,189.66,184.64,184.9,33209394
1678199400,189,190.36,184.01,184.51,36701495
1678285800,182.87,185.26,181.34,184.97,19432405
1678372200,186.35,188.93,180.3,181.69,26582750
1678458600,181.01,184.77,178.8,179.51,25665032
1678714200,177.96,183.78,174.82,180.9,24727969
1678800600,187.58,194.32,186.56,194.02,41642627
1678887000,192.95,197.78,190.8351,197.75,42123552
1678973400,198.26,205.76,196.0886,204.93,50819659
1679059800,200.56,201.9,195.4304,195.61,50141098
1679319000,198.48,199.36,193.64,197.81,25186315
1679405400,203.2,203.55,197.95,202.16,31826952
1679491800,202.5,207.37,199.67,199.81,28477759
1679578200,202.84,207.88,202.15,204.28,27389669
1679664600,205.18,207.58,203.55,206.01,27733042
1679923800,204.81,205.86,201.36,202.84,18527184
1680010200,200.15,201.03,197.9,200.68,19127295
1680096600,203.56,205.72,202.5355,205.35,18851137
1680183000,203.38,208.09,202.82,207.84,22608303
1680269400,207.24,212.17,206.77,211.94,25440273
1680528600,208.84,213.4861,208.2,213.07,17924613
1680615000,213.39,216.24,212.54,214.72,21026367
1680701400,214.15,215.19,209.94,211.48,19396630
1680787800,209.25,216.94,208.65,216.1,26104411
1681133400,214.71,215.66,210.66,214.75,16106074
1681219800,215.48,216.02,213.41,213.85,16710101
1681306200,214.835,216.84,212.584,214,18972172
1681392600,215.73,221.15,215.69,220.35,23310357
1681479000,217.88,222.11,217.55,221.49,21591207
1681738200,219.79,220.979,217.13,218.86,15481874
1681824600,219.91,220.44,216.21,217.89,12280984
1681911000,213.472,217.33,212.93,215.7,15898078
1681997400,213.48,216.75,212.77,213.07,16475443
1682083800,210.21,213.41,209.58,212.89,17717166
1682343000,213.675,213.92,210.71,212.79,15750920
1682429400,210.815,211.26,207.13,207.55,19198175
1682515800,212.5,214.11,208.88,209.4,41992726
1682602200,239.89,241.685,236.77,238.56,71196531
1682688600,239.01,240.43,235.75,240.32,39554036
1682947800,238.615,244,236.46,243.18,29143912
1683034200,243.18,244.92,238.99,239.24,24350149
1683120600,239.47,241.75,232.75,237.03,34463859
1683207000,236.06,238.2,232.9264,233.52,17889391
1683293400,232.24,234.68,229.85,232.78,27000480
1683552600,231.415,235.62,230.27,233.27,16400526
1683639000,231.46,235.88,231.08,233.37,16865587
1683725400,236.17,236.75,230.72,233.08,19119007
1683811800,233.05,238.21,232.3,235.79,20448991
1683898200,236.74,236.9599,231.45,233.81,16161447
1684157400,236.92,240.255,235.33,238.86,20653229
1684243800,235.79,239.635,235.52,238.82,18163772
1684330200,238.45,243.8423,238.14,242.485,21193080
1684416600,241.3,247.0881,241.19,246.85,22943297
1684503000,247.47,248.69,243.41,245.64,21733581
1684762200,245.41,253.57,245.12,248.32,27738479
1684848600,246.81,251.61,246.65,246.74,17748115
1684935000,245.28,249.5892,244.952,249.21,17724338
1685021400,253.4,255.62,249.17,252.69,22371435
1685107800,252.93,262.3107,252.71,262.04,25768663
1685453400,265.25,268.65,261.29,262.52,23816483
1685539800,260,265,258.45,264.72,25473690
1685626200,265.9,274,265.89,272.61,25609508
1685712600,272.66,275.35,271.12,272.61,19416930
1685971800,270.3,275.57,269.56,271.39,20742946
1686058200,270.14,276.57,269.69,271.12,19419010
1686144600,271.67,274.25,262.8,263.6,26163627
1686231000,260.62,267.65,258.88,264.58,20899359
1686317400,262.48,267.949,261.7,264.95,16949794
1686576600,267.17,271.75,265.33,271.05,15471702
1686663000,274.88,275.72,269.0923,271.32,16164024
1686749400,271.89,274.99,268.315,273.35,19175066
1686835800,272.3,283.99,271.42,281.83,25973455
1686922200,284.75,287.85,280.13,281,43127731
1687267800,278.73,284.8,276.22,284.33,20701589
1687354200,283.53,284,278.36,281.64,20556170
1687440600,279.08,285.26,277.79,284.88,17563061
1687527000,281.51,289.67,278.95,288.73,51092038
1687786200,288.7,289.79,277.6,278.47,24232651
1687872600,282.01,289.345,280.655,287.05,26108260
1687959000,284.82,289.55,284.06,285.29,16722117
1688045400,284.5,286.57,280.69,281.53,15395690
1688131800,284.76,289.05,284.415,286.98,19694872
1688391000,286.7,289.4,284.8499,286.02,8629269
1688563800,287.65,298.12,286.36,294.37,33865457
1688650200,295.885,298.12,291.31,291.99,47733829
1688736600,292.18,296.2,288.66,290.53,25585975
1688995800,295.55,298.13,287.05,294.1,37058306
1689082200,293.9,300.18,291.9,298.29,27585918
1689168600,301.745,309.45,300.1004,309.34,36677127
1689255000,313.62,316.24,310.2901,313.41,30280972
1689341400,311.79,314.88,307.3612,308.87,23054108
1689600600,307.54,311.71,304.71,310.62,25323126
1689687000,310.875,314.2,307.6188,312.05,20764580
1689773400,313.03,318.68,310.52,316.01,21763688
1689859800,313.5,315.54,302.22,302.52,23836876
1689946200,304.57,305.46,291.2,294.26,42139259
1690205400,295.78,297.52,288.3001,291.61,24949405
1690291800,295.19,298.3,291.86,294.47,19585584
1690378200,301.19,301.77,291.9,298.57,47256930
1690464600,325.12,325.35,309.84,311.71,64229173
1690551000,316.875,326.2,314.2481,325.48,39220270
1690810200,323.69,325.6599,317.59,318.6,25799603
1690896600,317.535,324.14,314.66,322.71,22889870
1690983000,318,318.39,310.65,314.31,20461094
1691069400,309.93,315.9499,309.93,313.19,15215422
1691155800,314.96,318.41,310.2,310.73,17612762
1691415000,313.23,317.07,310.46,316.56,16236504
1691501400,314.4,317.89,310.11,312.64,15183532
1691587800,312.88,313.63,302.85,305.21,19955783
1691674200,307.94,312.339,303.87,305.74,14358897
1691760600,302.57,304.72,300.36,301.64,14046250
1692019800,300.98,306.21,298.25,306.19,15641921
1692106200,306.14,307.23,300.03,301.95,11623613
1692192600,300.195,301.08,294.28,294.29,18547741
1692279000,293.05,296.05,284.95,285.09,23950089
1692365400,279.03,285.69,274.38,283.25,35347925
1692624600,283.45,290.5,281.85,289.9,20181475
1692711000,292.55,292.9,286.75,287.6,12999913
1692797400,288.5,297.4,287.67,294.24,18287001
1692883800,298.5,299.46,286.64,286.75,18360882
1692970200,286.13,288.386,276.03,285.5,23701443
1693229400,288,291.45,285.8,290.26,14239285
1693315800,288.585,299.15,288.18,297.99,20844522
1693402200,297.17,298.29,293.43,295.1,17717024
1693488600,295.8,301.1,295.66,295.89,17229865
1693575000,299.37,301.74,294.47,296.38,12842257
1693920600,297.02,301.39,295.51,300.15,14955989
1694007000,301.71,303.3,295.66,299.17,15418092
1694093400,298,307.0499,292.22,298.67,33748737
1694179800,299.22,305.25,296.78,297.89,17572203
1694439000,301.41,309.04,301.28,307.56,19489330
1694525400,306.33,308.6599,300.23,301.66,13480400
1694611800,302.36,307.18,301.3206,305.06,13210915
1694698200,306.74,312.87,305.03,311.72,19343102
1694784600,311.61,312,298.75,300.31,28131140
1695043800,298.19,303.6,297.8,302.55,14234158
1695130200,302.48,306.17,299.81,305.07,15931618
1695216600,305.05,308.06,299.43,299.67,19379515
1695303000,295.7,300.2566,293.27,295.73,21319582
1695389400,299.3,305.38,298.27,299.08,25369592
1695648600,295.64,300.95,293.7,300.83,18987014
1695735000,297.66,300.2999,296.0101,298.96,19417161
1695821400,300.45,301.2997,286.79,297.74,36429835
1695907800,298.935,306.3299,296.7,303.96,22167075
1695994200,307.38,310.64,299.36,300.21,25373695
1696253400,302.74,307.18,301.63,306.82,16265571
1696339800,304.26,306.77,299.64,300.94,17362250
1696426200,298.725,306.9,298.5,305.58,16880484
1696512600,304.625,306.208,299.5,304.79,19129957
1696599000,301.44,316.31,300.9148,315.43,21803856
1696858200,312.5,320.33,311.82,318.36,22503662
1696944600,319.12,324.66,318.16,321.84,19037973
1697031000,323.005,328.835,322.95,327.82,22036297
1697117400,328,330.54,322.69,324.16,20530518
1697203800,323.53,325.0502,312.37,314.69,21360790
1697463000,318.64,321.82,315.52,321.15,16536114
1697549400,318.18,324.4,317.3,324,16387799
1697635800,321.39,325.94,315.56,316.97,16851003
1697722200,319.875,321.89,311.7504,312.81,18709160
1697808600,314.14,315.3,306.47,308.65,22312275
1698067800,309.5,317.36,307.26,314.01,17796785
1698154200,316.78,318.35,310.63,312.55,19525488
1698240600,310,310.88,298.84,299.53,42192474
1698327000,295,295,279.403,288.35,66684141
1698413400,294.48,299.31,292.97,296.73,29596256
1698672600,299.09,309.3967,299.05,302.66,28435053
1698759000,303.31,303.68,296.86,301.27,19434168
1698845400,301.85,312.74,301.85,311.85,20434580
1698931800,317.3,318.82,308.33,310.87,21631820
1699018200,312.55,315.55,311.0167,314.6,16764315
1699281000,315.98,318.33,314.45,315.8,12887699
1699367400,317.06,321,315.12,318.82,14055614
1699453800,318.14,321.33,314.88,319.78,13609704
1699540200,319.418,324.1799,318.8,320.55,16103071
1699626600,319.94,329.1,319.46,328.77,19116921
1699885800,326.2,332.33,325.7,329.19,16908948
1699972200,334.54,338.1,333.33,336.31,17179403
1700058600,337.93,338.4,330.02,332.71,14531180
1700145000,329.37,334.58,326.38,334.19,18932572
1700231400,330.26,335.5,329.35,335.04,14519213
1700490600,334.89,341.87,334.19,339.97,16976129
1700577000,338.33,339.9015,335.9,336.98,12027863
1700663400,339.21,342.92,338.58,341.49,10715177
1700836200,340.13,341.8556,336.77,338.23,5467488
1701095400,336.18,339.9,334.2,334.7,15684454
1701181800,333.4,339.375,333.4,338.99,12637245
1701268200,339.69,339.9,330.78,332.2,16024497
1701354600,331.89,333.5,322.4037,327.15,23146387
1701441000,325.48,326.86,320.76,324.82,15276375
1701700200,317.29,320.86,313.66,320.02,19037080
1701786600,318.98,321.88,315.39,318.29,16952128
1701873000,321.93,322.25,317.04,317.45,11294337
1701959400,317.77,328.24,317.77,326.59,15905079
1702045800,323.09,333.17,323,332.75,14087351
1702305000,329.4,329.89,319.995,325.28,25802462
1702391400,324.6,334.47,324.56,334.22,18485461
1702477800,333.93,338.37,332.64,334.74,16353321
1702564200,333.85,334.7,328.6371,333.17,19607335
1702650600,331.99,338.66,331.22,334.92,31776852
1702909800,337.48,347.56,337.02,344.62,18993852
1702996200,345.58,353.6,345.12,350.36,17729362
1703082600,348.65,354.96,347.79,349.28,16369850
1703169000,352.98,356.405,349.21,354.09,15289556
1703255400,355.58,357.1999,351.22,353.39,11772779
1703601000,354.99,356.98,353.45,354.83,9898614
1703687400,356.07,359,355.31,357.83,13207928
1703773800,359.7,361.9,357.81,358.32,11798807
1703860200,358.99,360,351.82,353.96,14987092
1704205800,351.32,353.16,340.01,346.29,19042152
1704292200,344.98,347.95,343.175,344.47,15451133
1704378600,344.5,348.1499,343.3987,347.12,12099895
1704465000,346.99,353.5,346.2601,351.95,13750912
1704724200,354.7,358.98,352.05,358.66,13890222
1704810600,356.4,360.64,355.36,357.43,13463871
1704897000,360.17,372.94,359.08,370.47,22117206
1704983400,372.13,372.78,362.93,369.67,17205385
1705069800,370.155,377.06,369.54,374.49,19310046
1705415400,373.65,375.61,367.23,367.46,15306885
1705501800,366.3,368.54,358.61,368.37,12724779
1705588200,371.49,376.85,370.95,376.13,16354332
1705674600,379,384.36,377.97,383.45,21670806
1705933800,387.95,390.3525,381.1601,381.78,17680454
1706020200,384.615,388.38,382.075,385.2,15506096
1706106600,390,396.15,387.81,390.7,15604285
1706193000,390.17,395.49,385.66,393.18,15091080
1706279400,394.35,396.79,391.5908,394.14,13159290
1706538600,394.985,402.93,393.1,401.02,18742433
1706625000,403.59,406.36,399.57,400.06,18614727
1706711400,389,398,387.1,390.14,20180817
1706797800,393.94,400.5,393.05,394.78,29727051
1706884200,459.6,485.96,453.01,474.99,84707646
1707143400,469.88,471.9,459.22,459.41,40832376
1707229800,464,467.12,453,454.72,21655214
1707316200,458,471.52,456.1773,469.59,23065994
1707402600,468.32,470.59,465.03,470,18815097
1707489000,472.95,473.59,467.465,468.11,18413137
1707748200,468.19,479.145,466.58,468.9,19381963
1707834600,456.87,467.89,455.09,460.12,20916602
1707921000,467.93,474.11,466.0901,473.28,16858401
1708007400,475.28,488.62,472.22,484.03,24212326
1708093800,478.11,478.96,469.21,473.32,23324620
1708439400,469.715,476.18,466.56,471.75,18015523
1708525800,466.5,469,461.79,468.03,12977050
1708612200,480.24,489.99,476.0618,486.13,21625805
1708698600,488.05,494.3599,482.3482,484.03,18374286
1708957800,483.47,486.14,480.6,481.74,12101415
1709044200,479.975,487.27,479.92,487.05,10809595
1709130600,485,491.05,482.75,484.02,12715486
1709217000,488.44,491.7,482.61,490.13,17732045
1709303400,492.11,504.25,491.85,502.3,15884882
1709562600,503,504.42,496.42,498.19,12324141
1709649000,495,495.58,487.89,490.22,15325299
1709735400,497.63,502.97,494.292,496.09,11757925
1709821800,503.28,519.85,501.38,512.19,18586437
1709908200,514.19,523.57,499.35,505.95,18597059
1710163800,497.01,497.318,476,483.59,20428274
1710250200,493.26,502.31,484.73,499.75,15448232
1710336600,495.39,500.98,491.0318,495.57,12090656
1710423000,500.255,501.35,488.16,491.83,12620014
1710509400,489.01,491.83,481.3001,484.1,29153576
1710768600,491.91,497.42,486.81,496.98,11755251
1710855000,488.17,496.6296,481.28,496.24,10903092
1710941400,499.5,508.1999,495.17,505.52,11711100
1711027800,514.71,515.04,506.01,507.76,9712549
1711114200,507,509.97,504.34,509.58,8120593
1711373400,505.79,507.22,500.2411,503.02,8380617
1711459800,505.13,510,495.2137,495.89,11205382
1711546200,499.3,499.89,488.07,493.86,9989676
1711632600,492.84,492.89,485.15,485.58,15212764
1711978200,487.2,497.43,481.78,491.35,9247007
1712064600,485.1,497.53,484.65,497.37,11081026
1712151000,498.93,507.24,498.75,506.74,12099171
1712237400,516.42,530,510.58,510.92,26476253
1712323800,516.855,530.7,514.4099,527.34,19263265
1712583000,529.28,531.4899,518.89,519.25,13260579
1712669400,522.23,525.87,506.74,516.9,10881445
1712755800,509.29,522.5599,505.8,519.83,11418491
1712842200,521.11,523.86,517.29,523.16,10369469
1712928600,517.75,520.1899,509.33,511.9,11984535
1713187800,516.72,518.53,497.28,500.23,13512893
1713274200,498.11,504.7699,497.11,499.76,9847925
1713360600,503.1,503.16,487.14,494.17,12193743
1713447000,499.82,512.21,499.04,501.8,14808670
1713533400,502.8,502.8,475.73,481.07,25215364
1713792600,489.715,492.01,473.4,481.73,17271125
1713879000,491.25,498.76,488.97,496.1,15079196
1713965400,508.06,510,484.58,493.5,37772677
1714051800,421.4,445.77,414.5,441.38,82890741
1714138200,441.46,446.44,431.96,443.29,32691443
1714397400,439.56,439.76,428.56,432.62,21502646
1714483800,431.05,439.6199,429.72,430.17,18429496
1714570200,428.6,449.96,427.11,439.19,20344947
1714656600,438.84,443.96,432.28,441.68,15221322
1714743000,445.93,454.17,443.85,451.96,16489057
1715002200,455.58,466.16,453.34,465.68,15094627
1715088600,466.29,471.53,461.31,468.24,13406816
1715175000,463.5,475.58,463.002,472.6,11683929
1715261400,470,476.08,467.63,475.42,9437651
1715347800,477.09,477.5,469.6,476.2,10749999
1715607000,472.75,473.35,462.85,468.01,14668798
1715693400,463.37,472.54,460.08,471.85,10478553
1715779800,474.98,482.4999,471.2,481.54,13100470
1715866200,475,477.69,472.75,473.23,16608179
1715952600,470.83,472.8,468.42,471.91,10807289
1716211800,469.95,473.2,467.04,468.84,11745080
1716298200,467.12,470.7,462.27,464.63,11742189
1716384600,467.87,473.7199,465.65,467.78,10078611
1716471000,472.88,474.3581,461.54,465.78,11747913
1716557400,467.62,479.8499,466.3,478.22,12024254
1716903000,476.575,480.86,474.84,479.92,10175770
1716989400,474.66,479.85,473.7,474.36,9226218
1717075800,471.67,471.73,464.71,467.05,10735226
1717162200,465.8,469.12,454.4601,466.83,16919805
1717421400,470.86,479.6,468.24,477.49,11279390
1717507800,477,478.89,473.2322,476.99,7088718
1717594200,484.45,496.65,483.91,495.06,15690484
1717680600,492.98,502.82,490.89,493.76,10667339
1717767000,495.91,498.91,490.1701,492.96,9380745
1718026200,493.86,502.66,493.41,502.6,11236919
1718112600,500.16,507.6,498.27,507.47,9673715
1718199000,513.99,514.01,504.47,508.84,11983227
1718285400,505.71,509.36,501.36,504.1,9954621
1718371800,502.65,507.15,500.75,504.16,10243347
1718631000,501.67,510.75,496.01,506.63,11266601
1718717400,504.56,506,495.02,499.49,13060425
1718890200,502,503.67,496.77,501.7,11801182
1718976600,503.45,503.45,492.39,494.78,23130732
1719235800,499.2,507.8,494.29,498.91,13525278
1719322200,497.05,510.71,495.5,510.6,12109769
1719408600,506.645,513.81,504.6765,513.12,8882337
1719495000,514.25,522.8799,513.9,519.56,10121199
1719581400,517.15,521.88,503.84,504.22,15855137
1719840600,504.95,506.58,493.17,504.68,10328150
1719927000,500.76,510.5,499.45,509.5,7739479
1720013400,506.37,511.28,506.02,509.96,6005615
1720186200,511.6,540.87,511.6,539.91,21354093
1720445400,542.35,542.81,526.65,529.32,14917495
1720531800,533.75,537.48,528.1901,530,8769088
1720618200,530.79,538.88,528.36,534.69,10983276
1720704600,530.89,535.46,508.3733,512.7,16458253
1720791000,497.755,508.09,494.23,498.87,19750544
1721050200,498.63,506.6799,493.37,496.16,12539163
1721136600,501.5,503.9499,485.79,489.79,14075833
1721223000,479.17,479.17,459.12,461.99,28076595
1721309400,475,479.2393,464.54,475.85,19267160
1721395800,476.06,486.71,475.71,476.79,15149416
1721655000,486.575,492.06,483.9,487.4,12023088
1721741400,489.84,495.22,487.72,488.69,9455527
1721827800,472.305,476.3,460.58,461.27,17649738
1721914200,463.26,463.548,442.65,453.41,18240489
1722000600,464.195,469.77,459.42,465.7,14222388
1722259800,469.88,473.96,465.02,465.71,11339630
1722346200,467,472.73,456.7,463.19,11390439
1722432600,471.02,476.5,466.75,474.83,24285777
1722519000,521,527.1709,492.1,497.74,43083082
1722605400,489,501.145,476.15,488.14,24044658
1722864600,451.345,483.48,450.8,475.73,21396191
1722951000,479,502.56,478.65,494.09,20954959
1723037400,503.13,510.15,486.86,488.92,20105307
1723123800,497.5,509.96,494.72,509.63,16156843
1723210200,507.71,518.34,505.7,517.77,13696640
1723469400,516.86,518.02,509.1,515.95,9767422
1723555800,520.01,531.4999,518.15,528.54,13743839
1723642200,528.06,534,523.13,526.76,11444189
1723728600,531.79,539.77,526.7,537.33,13482141
1723815000,531.9,533.66,524.66,527.42,14776684
1724074200,526.87,531.66,522.76,529.28,9879713
1724160600,528.35,531.09,525.88,526.73,7944391
1724247000,527.15,539.4,526.935,535.16,13423292
1724333400,537,544.23,528.59,531.93,15708292
1724419800,536.92,539.87,525.06,528,11323936
1724679000,527.6,528,514.95,521.12,9584002
1724765400,518.98,524.01,515.31,519.1,6282720
1724851800,517.675,521.085,512.45,516.78,9106077
1724938200,519.05,527.2,515.6789,518.22,8317424
1725024600,521.35,523.54,515.2,521.31,9157541
1725370200,519.64,525.49,508.6176,511.76,12459113
1725456600,506.07,516.59,504.07,512.74,8335207
1725543000,511.72,521.6295,511.15,516.86,8640888
1725629400,521.88,524.5849,498.25,500.27,14744521
1725888600,506.16,511.33,502.08,504.79,11047828
1725975000,508.16,514.18,500.0278,504.79,9899022
1726061400,507.01,513.12,495.6,511.83,10782532
1726147800,517.05,526.71,515.22,525.6,11993342
1726234200,520.34,527.581,517.11,524.62,10321422
1726493400,524.54,534.1,517.4,533.28,9527646
1726579800,537.6,542.1,530.57,536.315,11690779
1726666200,537.065,544.2,533.9026,537.95,10323537
1726752600,550,562.07,546.52,559.1,15646951
1726839000,560,564.5,556.3001,561.35,22066817
1727098200,569.5,573.9799,562.41,564.41,12830669
1727184600,566.68,567.745,554.19,563.33,12992956
1727271000,564.05,576.88,563.72,568.31,16543350
1727357400,575.73,577.4,562.3501,567.84,14400787
1727443800,570.1,570.8399,564.51,567.36,9398367
1727703000,567.7,574.68,564.8,572.44,12807206
1727789400,577.98,583.04,570.1,576.47,15259274
1727875800,574.86,576,569.34,572.81,6524650
1727962200,570.15,583.36,568.73,582.77,11580980
1728048600,583.73,596.85,581.43,595.94,14199788
1728307800,598.22,602.95,584.04,584.78,12014198
1728394200,589.69,593.56,585.97,592.89,7857377
1728480600,593.99,594.39,581.61,590.51,9529707
1728567000,587.57,590.23,582.52,583.83,7740449
1728653400,584.83,591.21,582.71,589.95,8587051
1728912600,594.22,600.1,589.96,590.42,8251971
1728999000,590.16,590.61,580.143,586.27,9564236
1729085400,581.395,582.08,574.03,576.79,11268384
1729171800,583.33,584.97,575.2,576.93,8701158
1729258200,581.1,583.9675,575.25,576.47,7694274
1729517400,576.03,577.2399,569.11,575.16,8171879
1729603800,574.29,583.53,572.12,582.01,8544463
1729690200,579.97,585,562.5,563.69,14248419
1729776600,567.125,568.8799,561.52,567.78,7184651
1729863000,573.935,581.29,571.72,573.25,11337874
1730122200,582,583.7499,574.12,578.16,10925131
1730208600,580.145,593.67,575.398,593.28,13019092
1730295000,600.98,601.2,589.38,591.8,26864925
1730381400,585,589.9,563.01,567.58,26838395
1730467800,567.605,573.67,562.56,567.16,15303235
1730730600,564.1,568.69,557.89,560.68,12064601
1730817000,567.305,573.48,566.67,572.43,9775379
1730903400,562.75,573,555.1679,572.05,18305429
1730989800,576.89,594.7999,575.21,591.7,14653708
1731076200,591.54,593.1,584.52,589.34,9415699
1731335400,586.36,587,576.51,583.17,10209051
1731421800,588.545,599.66,580.38,584.82,16287724
1731508200,582.605,585.64,575.17,580,10757583
1731594600,577,580.76,573.01,577.16,11053743
1731681000,571.22,572.57,551.5,554.08,17712864
1731940200,557.04,559.9,550.09,554.4,14346715
1732026600,551.86,561.43,550.6,561.09,9522445
1732113000,562.93,566.3499,554.2001,565.52,9797339
1732199400,569.52,570,549.05,563.09,11154749
1732285800,563.55,563.8273,554.59,559.14,9164004
1732545000,562.1,572.5915,556.39,565.11,13599830
1732631400,566,577.5,565.2,573.54,10356550
1732717800,574.89,574.98,564.1001,569.2,7200228
1732890600,569,578.46,566.9,574.32,7130519
1733149800,577.5,594.5,575.57,592.83,12522371
1733236200,595,614.2,591.2501,613.65,14907164
1733322600,612.96,617.78,605.1,613.78,14697006
1733409000,617.075,619.9,607.05,608.93,8081212
1733495400,610.1,629.7899,608.53,623.77,16935503
1733754600,623.925,626.4,606.1701,613.57,11426015
1733841000,617.56,625.59,612.74,619.32,10938854
1733927400,623.37,638.4,621.5349,632.68,10837228
1734013800,631.5,636.6599,627.2094,630.79,7474717
1734100200,627.22,631.08,616.886,620.35,8453349
1734359400,629.975,631.15,618.58,624.24,10885625
1734445800,626.17,632.37,616.54,619.44,12897842
1734532200,621,627.36,596.32,597.19,17075480
1734618600,610.39,611.52,595,595.57,14958082
1734705000,590.58,603.11,580,585.25,48989390
1734964200,589.6,601.09,586.25,599.85,10205750
1735050600,602.715,607.99,599.2849,607.75,4726056
1735223400,605.48,606.3,598.94,603.35,6091239
1735309800,599.41,601.85,589.8,599.81,8084229
1735569000,588.75,596.9399,585.58,591.24,7025864
1735655400,592.265,593.97,583.85,585.51,6019520
1735828200,589.72,604.91,587.82,599.24,12682269
1735914600,604.76,609.5,596.4136,604.63,11436784
1736173800,611.825,630.99,605.62,630.2,14560754
1736260200,631.7,632.1011,608.23,617.89,12071479
1736346600,613.395,616.4397,602.79,610.72,10085846
1736519400,610.03,629.91,597.34,615.86,19256564
1736778600,607.1,608.97,598.445,608.33,10785031
1736865000,605.065,605.49,588.55,594.25,13597992
1736951400,610.21,622.46,606.5,617.12,15524302
1737037800,611.5,616.25,609.71,611.3,8355349
1737124200,624.05,624.97,603.67,612.77,17280600
1737469800,617.825,621.5,609.0082,616.46,11674016
1737556200,623.3,633.7,619.435,623.5,12274011
1737642600,627.36,636.6,621.15,636.45,9910163
1737729000,636.4,652,634.2,647.49,19065329
1737988200,626.61,663.87,625.1,659.88,28399190
1738074600,666,682.58,659.465,674.33,20950107
1738161000,675,681.0459,665.67,676.49,21377820
1738247400,696.82,710.79,676.1,687,29322898
1738333800,691,705.2999,685.58,689.18,19331660
1738593000,675.91,704,675.25,697.46,21415739
1738679400,702.5,707.71,691.61,704.19,13826270
1738765800,703.55,718.14,699.01,704.87,17793766
1738852200,705.88,718.9,703.5,711.99,13080690
1738938600,716.795,725.01,711.75,714.52,16427067
1739197800,718.56,721.2,711.33,717.4,12904317
1739284200,713.32,723.66,710.04,719.8,12997959
1739370600,715.3,727.1,712.6,725.38,12016517
1739457000,721.5197,729,718.04,728.56,12569064
1739543400,726.14,740.91,725.62,736.67,16901249
1739889000,736,737,706.44,716.37,21938703
1739975400,704.095,707,695.39,703.77,17535480
1740061800,697.275,705.63,693.64,694.84,12587408
1740148200,696.58,703.87,682.36,683.55,15660355
1740407400,686.28,687.27,662.45,668.13,15676994
1740493800,665.972,668,641.86,657.5,20579662
1740580200,659.65,683.0078,658,673.7,14488705
1740666600,682.45,688.6469,657.57,658.24,12500013
1740753000,658.04,669.63,642.6017,668.2,17534168
1741012200,673.675,681.25,650.8439,655.05,10843763
1741098600,645.51,649.75,623.65,640,21495208
1741185000,641,659.5,637.66,656.47,13770026
1741271400,648,650.5625,624.11,627.93,13446454
1741357800,625.37,634.79,600.61,625.66,21375671
1741613400,608.07,610.1059,586.8701,597.99,21999943
1741699800,595.055,614.934,593.33,605.71,17401469
1741786200,629.9,633.33,609.35,619.56,15746966
1741872600,620.245,620.5,586.51,590.64,16480324
1741959000,602.805,608.86,594.78,607.6,12364505
1742218200,607.46,613.1,598,604.9,15473909
1742304600,600.05,600.25,574.66,582.36,20297708
1742391000,584.28,592.3223,574.77,584.06,20537498
1742477400,582.755,610.2,579.51,586,24336505
1742563800,583.425,597.545,580.95,596.25,25015864
1742823000,614.97,622.54,612.2001,618.85,15741274
1742909400,626.76,633.88,621.18,626.31,15312540
1742995800,624.89,626.7499,606.61,610.98,12661891
1743082200,602,614.25,600.1,602.58,10436524
1743168600,600.31,601.75,573.92,576.74,17602823
1743427800,563.5,578.7,553.3,576.36,21124677
1743514200,570.84,589.91,570,586,12836574
1743600600,574.91,592.66,573.36,583.93,13470778
1743687000,546.22,552.5596,530.3,531.62,34777460
1743773400,506.62,518,494.2,504.73,38589814
1744032600,485.1,539.37,481.9,516.25,36606136
1744119000,543.25,547.43,502.86,510.45,28034211
1744205400,509.265,587.89,502.11,585.77,39216578
1744291800,575.49,581.3,535.3,546.29,28173491
1744378200,535.505,547.4,528.5901,543.57,17642327
1744637400,556.175,557.77,528.28,531.48,14130928
1744723800,532.105,537.94,517.5,521.52,15558659
1744810200,508.51,513.37,495.63,502.31,18735075
1744896600,505.25,507.3,498.0133,501.48,14593508
1745242200,491.325,493.5,479.8,484.66,16165982
1745328600,491.87,506.88,486.36,500.28,17399408
1745415000,528.525,535.3376,516.52,520.27,18173910
1745501400,518.73,533.9,517.5,533.15,13910011
1745587800,546.8,549.86,536.25,547.27,17098921
1745847000,555.64,558.4899,540.59,549.74,15178995
1745933400,546,556.5699,544.12,554.44,11835036
1746019800,538.4,549.1,529.5,549,29243971
1746106200,592.075,592.95,570.5,572.21,31159033
1746192600,583.455,604.34,578.33,597.02,24739260
1746451800,591.22,603.21,588.05,599.27,13887724
1746538200,592.525,596.03,586.58,587.31,10600650
1746624600,590.36,603.075,586.67,596.81,13160976
1746711000,606.285,611.2959,596.62,598.01,14622805
1746797400,603.72,606.97,591.7062,592.49,10427286
1747056600,630.92,640.3896,621.03,639.43,21965085
1747143000,645.545,660.92,642.83,656.03,18570821
1747229400,661.21,662.67,654.31,659.36,12348179
1747315800,654.275,657.31,638.58,643.88,14341835
1747402200,637.955,640.44,626.15,640.34,18518972
1747661400,628.25,643,627.8,640.43,9592374
1747747800,636.01,639.3536,632.26,637.1,6743473
1747834200,631.79,646.61,630.17,635.5,11464569
1747920600,634.05,643.25,630.71,636.57,8228443
1748007000,624,632.445,622.65,627.06,8454067
1748352600,635.41,643.08,632.75,642.32,9508367
1748439000,642.6,650.88,642.5472,643.58,9042874
1748525400,651.645,653.32,639.5,645.05,8883436
1748611800,642.5,649.4099,632.78,647.49,16240951
1748871000,644.39,673.26,644.2616,670.9,15766258
1748957400,671.445,675.58,665.03,666.85,11585031
1749043800,669.32,689,668.57,687.95,14031931
1749130200,691.66,694.38,682.25,684.62,13120335
1749216600,696.17,702.806,691.87,697.71,11727961
1749475800,698.46,705.19,693.94,694.06,12773221
1749562200,701.345,703.23,691.56,702.4,10850146
1749648600,703.705,708.8707,691.99,694.14,9582508
1749735000,693.3,695.38,687,693.36,7322730
1749821400,687.95,694.57,681.01,682.87,9274441
1750080600,699.33,707.15,693.5103,702.12,13720288
1750167000,702,705.97,696.06,697.23,10066110
1750253400,698.18,701.59,694.9,695.77,10068255
1750426200,700.75,701.8197,678.67,682.35,22538640
1750685400,683.69,699.05,678.75,698.53,11080055
1750771800,704.885,713.19,702.11,712.2,13823180
1750858200,713.315,716.58,705.38,708.68,9320436
1750944600,714.355,728.22,711.05,726.09,13964793
1751031000,726.515,735.43,725.86,733.63,18775735
1751290200,744.55,747.9,734.25,738.09,15402105
1751376600,736.875,737.7499,715.37,719.22,13431248
1751463000,715.325,720.3,712.8,713.57,9336740
1751549400,726.61,729.03,714.42,719.01,8601653
1751895000,717.6,727,713.51,718.35,9457080
1751981400,721.57,722.9099,714.81,720.67,7770693
1752067800,722.715,737.53,722.715,732.78,11417963
1752154200,731.55,735.7999,719.6,727.24,9922249
1752240600,722.495,725.16,709.7,717.51,10873880
1752499800,717.6,728,716.547,720.92,8939399
1752586200,723.9,724.4716,709.82,710.39,11529511
1752672600,713.37,713.97,699.2701,702.91,13067627
1752759000,704.39,705.9,697.105,701.41,11803264
1752845400,702.19,704.71,691.65,704.28,12779752
1753104600,706.8,717,705.76,712.965,9404391
1753191000,716.19,716.6,701.41,704.81,8921064
1753277400,706.365,714.6285,704.93,713.58,8771615
1753363800,717.05,723.6239,714,714.8,10920836
1753450200,716.915,720.6499,711.9,712.68,8271698
1753709400,715.2,724.7352,712.68,717.63,8715743
1753795800,720,724.47,699.91,700,13267032
1753882200,708.09,708.5,691.2001,695.21,27077286
1753968600,775.2,784.75,765.51,773.44,38831098
1754055000,760.73,765.9999,745.31,750.01,19028710
1754314200,760,776.85,758.41,776.37,15801727
1754400600,776.445,783.1299,763,763.46,11640294
1754487000,770,773.64,760.4601,771.99,9733910
1754573400,773.49,775,759.55,761.83,9019691
1754659800,762.75,769.9,758.58,769.3,7320755
1754919000,770.075,773.4584,764.67,765.87,7611964
1755005400,773,793.67,772.43,790,14579765
1755091800,791.15,795.4561,778.23,780.08,8811750
1755178200,777.88,787.81,772.51,782.13,8116193
1755264600,784.15,796.25,780.82,785.23,13375361
1755523800,775.085,775.81,756.5601,767.37,16513737
1755610200,767.12,767.17,749.36,751.48,12286690
1755696600,747.57,750.1999,731,747.72,11898190
1755783000,744.705,745.5,733.1101,739.1,8876307
1755869400,739.23,756.9,734.39,754.79,10612667
1756128600,754.82,758.88,750.13,753.3,6861158
1756215000,750.8,754.87,747.94,754.1,7601800
1756301400,752.3,754.1499,742.84,747.38,8315435
1756387800,744,753.0548,740.795,751.11,7467955
1756474200,745.28,747.14,735.3466,738.7,9070546
1756819800,726.04,736,721.7306,735.11,9350857
1756906200,736,740.25,733.9893,737.05,7699332
1756992600,748.57,761.16,745.82,748.65,11439078
1757079000,752.615,757.95,745.03,752.45,9663441
1757338200,755.995,766.51,752.02,752.3,13087816
1757424600,757.49,766.3,753.43,765.7,10999026
1757511000,765.13,765.7,751,751.98,12478276
1757597400,754.65,757.1,748.37,750.9,7923284
1757683800,748.725,757.5703,743.76,755.59,8248557
1757943000,757.47,774.07,751.985,764.7,10533780
1758029400,767,781.36,765.1,779,11782482
1758115800,779.99,783.29,766.31,775.715,9400867
1758202200,780.75,788.78,773.36,780.25,10954950
1758288600,786.42,790.8,769.1901,778.38,23696824
1758547800,781.845,785.73,764.47,765.16,11706946
1758634200,769.25,770.6,751.07,755.4,10872592
1758720600,757.5,761.11,752.5251,760.66,8828227
1758807000,753.45,756.765,744.55,748.91,10591065
1758893400,750,751.9299,737.3532,743.75,9696338
1759152600,748.72,750.78,739.15,743.4,9246768
1759239000,742.25,742.97,726.3,734.38,16226750
1759325400,721.49,721.8499,710.2,717.34,20419633
1759411800,722.58,727.77,718.14,727.05,11415271
1759498200,729.625,731,710.18,710.56,16154305
1759757400,705.185,716.88,690.51,715.66,21654738
1759843800,717.72,718.4999,705.75,713.08,12062928
1759930200,713.45,719.65,707.81,717.84,10790571
1760016600,718.275,733.51,712.44,733.51,12717172
1760103000,730.92,735.27,704.51,705.3,16980091
1760362200,713.01,719.94,707.6413,715.7,9251796
1760448600,707.78,715.55,699.33,708.65,8829757
1760535000,717.06,723.9,709.51,717.55,10246766
1760621400,717.55,725.49,703.88,712.07,9017010
1760707800,707.075,718.54,706.12,716.915,12232441
1760967000,721.19,733.77,720.18,732.17,8900204
1761053400,736.015,738.5,728.75,733.27,7647269
1761139800,733.83,740.6,724.03,733.41,8734491
1761226200,734.7,742.41,733.1,734,9855974
1761312600,736.79,741.21,731.15,738.36,9151267
1761571800,749.73,755.75,748.01,750.82,11321080
1761658200,752.63,758.4,745.5201,751.44,12193818
1761744600,754.75,759.155,742.51,751.67,26818592
1761831000,669.15,680.9599,650.17,666.47,88440094
1761917400,674.51,674.89,645.57,648.35,56953169
1762180200,656,659.3299,636.18,637.71,33003599
1762266600,628.035,641.7399,626.01,627.32,27356553
1762353000,632.31,642.23,626.5375,635.95,20219855
1762439400,635.85,636,618,618.94,23628750
1762525800,616.485,622.1348,601.2,621.71,29946826
1762785000,631.09,635,618.105,631.76,19245000
1762871400,628,629.56,619.39,627.08,13302187
1762957800,628.13,628.99,607.77,609.01,24493272
1763044200,613.07,617.65,603,609.89,20973845
1763130600,601.79,613.68,595.2,609.46,20724146
1763389800,609.035,611.69,595.4,602.01,16501331
1763476200,591.6,603.66,583.78,597.69,25500647
1763562600,593.715,595.33,581.25,590.32,24744703
1763649000,603.5,606.72,583.35,589.15,20603024
1763735400,588.5,598.12,581.86,594.25,21052624
1763994600,598.72,616.7,597.6301,613.05,23554932
1764081000,624,637.045,618.3,636.22,25212978
1764167400,637.69,638.36,631.63,633.61,15209481
1764340200,636.075,648.05,635.5,647.95,11033198
1764599400,639.55,645.32,637.76,640.87,13029922
1764685800,642.34,647.87,638.07,647.1,11640869
1764772200,644.41,648.8499,637.55,639.6,11134305
1764858600,676,676.1,660.05,661.53,29874622
1764945000,664,674.69,662.3947,673.42,21207861
1765204200,669.34,676.71,665.07,666.8,13160976
1765290600,663.765,664.48,653.34,656.96,12997116
1765377000,649.95,654.51,643.3976,650.13,16910883
1765463400,643.29,655.28,640.795,652.71,13056726
1765549800,649.8,711,638.61,644.23,14016915
1765809000,645.7,653,638.7001,647.51,15549088
1765895400,643.5,662.54,643.2,657.15,14309136
1765981800,655.61,661.23,649.2,649.5,15598548
1766068200,657.025,670.56,656.46,664.45,20260295
1766154600,666.42,671,658.18,658.77,49977051
1766413800,661.645,673.58,656.65,661.5,15659385
1766500200,660.05,666,658.25,664.94,8486847
1766586600,662.53,668.18,662.2,667.55,5627512
1766759400,668.06,668.9499,661.3201,663.29,7133813
1767018600,658.01,660.25,654.39,658.69,8506477
1767105000,658.69,672.22,657.84,665.95,9187483
1767191400,664.75,665,659.44,660.09,7940359
1767364200,662.725,664.39,643.5,650.41,13726517
1767623400,651.01,664.54,647.7512,658.79,12213745
1767709800,659.57,665.52,651.9,660.62,11074419
1767796200,655.64,659.15,644.81,648.69,12846273
1767882600,645.88,647.102,635.72,646.06,11921708
1767969000,645.435,654.95,642.85,653.06,11634944
1768228200,652.525,653.97,641.225,641.97,14797197
1768314600,642.27,642.27,624.1,631.09,18030395
1768401000,626.5,628.45,614.815,615.52,15527875
1768487400,618.48,624.17,614.23,620.8,13076058
1768573800,624.1762,629.08,620.08,620.25,17012516
1768919400,607.88,611.4,600,604.12,15169565
1769005800,606.74,618.27,600.08,612.96,14494655
1769092200,629.35,660.57,626.55,647.63,21394669
1769178600,644.77,666.4899,644.445,658.76,22797723
1769437800,665.125,675.28,661.2855,672.36,16327378
1769524200,674.59,676.815,664.66,672.97,13297350
1769610600,674.5,677.6775,666.1,668.73,25709600
1769697000,737.43,744,712.55,738.31,59852903
1769783400,727.5,732.17,713.59,716.5,23744573
1770042600,714.6,721.3,703.5201,706.41,14365224
1770129000,707.37,717,686.41,691.7,13760663
1770215400,687.73,688.83,667.46,668.99,16882761
1770301800,663.58,681.5,653.5,670.21,17131791
1770388200,665.49,671.9899,646.5001,661.46,18159253
1770647400,663.18,683.3099,658.78,677.22,14837529
1770733800,677.6,680.65,669.79,670.72,10455816
1770820200,674,679.2675,657.1,668.69,14323818
1770906600,669.97,676,645.28,649.81,14960108
1770993000,645.1,651.4299,634.57,639.77,12336363
1771338600,639.495,642.6,628.8,639.29,12674739
1771425000,633.8,645,628.145,643.22,14649196
1771511400,638.57,647.19,636.72,644.78,10035698
1771597800,639.685,663.3499,638.78,655.66,14183512
1771857000,652.54,657.7,636,637.25,8605909
1771943400,633.08,641.11,628.98,639.3,10135647
1772029800,642.53,653.88,642.14,653.69,11330693
1772116200,650.55,661,647.5,657.01,10637736
1772202600,643.45,649.44,638.12,648.18,15703041
1772461800,637.16,659.94,634.5,653.56,9816125
1772548200,648.29,659.04,638.84,655.08,12263754