time,open,high,low,close,Volume
1333632600,21.863554,22.147068,21.758238,21.855446,217371
1333978200,21.499011,21.91215,21.345115,21.887848,347512
1334064600,21.742037,21.928359,21.2479,21.393711,413067
1334151000,21.563824,22.033659,21.418013,21.823043,382031
1334237400,21.863554,22.17947,21.604327,22.122766,125378
1334323800,22.025559,22.276678,21.871647,21.993148,252236
1334583000,22.025559,22.057961,21.77444,22.025559,165661
1334669400,22.114665,22.560207,22.114665,22.317181,141211
1334755800,22.228074,22.317181,22.122766,22.219965,309002
1334842200,22.130875,22.398179,22.057961,22.187571,155500
1334928600,22.292879,22.454891,22.195663,22.33339,153147
1335187800,22.114665,22.341482,21.952661,22.203772,232757
1335274200,22.17137,22.365784,22.06607,22.17947,173301
1335360600,22.454891,22.819418,21.960754,22.778915,172252
1335447000,22.754613,23.167753,22.649314,23.054344,181541
1335533400,23.127242,23.289254,23.030026,23.200147,169606
1335792600,23.143451,23.653781,23.143451,23.532272,404622
1335879000,23.564674,23.913001,23.443165,23.605178,237294
1335965400,23.467467,23.483676,23.094831,23.256859,140574
1336051800,23.264952,23.548481,23.175845,23.370268,271984
1336138200,23.321648,23.435057,22.681708,22.876131,200266
1336397400,22.803209,22.803209,21.847345,22.714102,394308
1336483800,22.325281,22.689801,22.228074,22.495394,344990
1336570200,22.155176,22.738242,22.001257,22.689801,311198
1336656600,22.989531,22.989531,22.681708,22.73842,216262
1336743000,22.06607,22.884223,22.04986,22.398179,198815
1337002200,22.268585,22.454891,22.147068,22.252376,151291
1337088600,22.519696,23.11104,22.519696,22.714102,165743
1337175000,22.859921,23.297346,22.673615,22.787016,231367
1337261400,22.851829,23.005724,22.268585,22.43869,233396
1337347800,22.519696,22.552098,21.563824,21.669132,178555
1337607000,21.669132,21.928359,21.418013,21.91215,155351
1337693400,22.001257,22.357692,21.865491,22.228074,163916
1337779800,21.985056,22.317181,21.705584,22.300979,101007
1337866200,22.365784,22.454891,21.790633,22.163269,124918
1337952600,22.114665,22.624996,22.02743,22.584501,178011
1338298200,22.73842,22.900424,22.434647,22.592601,113629
1338384600,22.381985,22.564249,22.074162,22.535905,259526
1338471000,22.503495,22.97333,20.510753,22.657406,724101
1338557400,22.187571,22.357692,22.092397,22.228074,221135
1338816600,22.309072,22.414388,21.150693,21.369409,417956
1338903000,21.296496,21.798742,20.778057,21.798742,147032
1338989400,21.952661,22.373885,21.855446,22.373885,146112
1339075800,22.5764,22.811318,22.074162,22.114665,353969
1339162200,22.025559,22.195663,21.686953,22.082255,157256
1339421400,22.309072,22.309072,21.191277,21.357266,411554
1339507800,21.474709,21.64483,21.021083,21.604327,145448
1339594200,21.531421,21.531421,21.207389,21.328906,193664
1339680600,21.353208,21.628629,21.102089,21.231707,323612
1339767000,21.191196,21.758238,21.134491,21.733937,149115
1340026200,21.636737,21.920251,21.466617,21.871647,75402
1340112600,21.952661,22.592601,21.693434,22.42248,196513
1340199000,22.479193,22.665507,22.325281,22.616903,105403
1340285400,22.657406,22.657406,21.766339,21.798742,110727
1340371800,21.952661,22.487285,21.91215,22.244283,293153
1340631000,21.976955,22.04986,21.328906,21.37751,197843
1340717400,21.418013,21.474709,21.126391,21.183087,120321
1340803800,21.2479,21.385602,20.940085,20.972479,227592
1340890200,20.810467,21.09398,20.494543,20.834769,435709
1340976600,21.2479,21.490918,21.239799,21.401812,189167
1341235800,21.369409,21.588118,21.069679,21.207389,401433
1341322200,21.215498,22.211873,21.215498,22.211873,113024
1341495000,22.098464,22.73842,22.001257,22.657406,210521
1341581400,22.446798,23.11104,22.130875,22.97333,459928
1341840600,22.876131,23.094831,22.454891,22.584501,416706
1341927000,22.665507,22.851829,21.733937,21.91215,233824
1342013400,21.87974,21.87974,21.102089,21.353208,227175
1342099800,21.223598,21.273012,20.859071,20.996781,280681
1342186200,21.053493,21.126391,20.786165,21.045385,481067
1342445400,20.988681,21.134491,20.802358,21.053493,129712
1342531800,21.166894,21.312705,20.778057,21.061586,204916
1342618200,21.004874,21.482818,20.931976,21.345115,136903
1342704600,21.466617,21.790633,21.466617,21.750146,102300
1342791000,21.685333,21.814935,21.474709,21.790633,96495
1343050200,21.531421,21.669132,21.280302,21.628629,89405
1343136600,21.571924,21.571924,21.183087,21.490918,162191
1343223000,21.539522,22.025559,21.490918,21.952661,97617
1343309400,22.236174,22.689801,22.147068,22.673615,149685
1343395800,22.754613,23.329757,22.608803,23.24065,111227
1343655000,23.289254,23.467467,22.884223,23.24065,223383
1343741400,23.200147,23.402662,23.177465,23.329757,142201
1343827800,23.394562,23.451266,22.981431,23.070537,74346
1343914200,22.949028,23.070537,22.519696,22.932827,196311
1344000600,23.281161,23.402662,23.005724,23.054344,197085
1344259800,23.054344,23.564674,21.499011,23.451266,99999
1344346200,23.451266,23.953512,23.005724,23.094831,245582
1344432600,24.30183,24.447633,23.297346,23.961604,444397
1344519000,23.985906,24.350434,23.580876,23.872498,184210
1344605400,23.038135,23.750997,22.965237,23.37836,220351
1344864600,23.491769,23.977814,23.135342,23.216348,514726
1344951000,23.305455,23.443165,23.119133,23.264952,212438
1345037400,23.248751,23.329757,22.949028,23.005724,168976
1345123800,23.030026,23.167753,22.762722,23.046235,244185
1345210200,23.046235,23.410755,22.900424,22.957129,269348
1345469400,22.924726,23.062437,22.876131,22.949028,157410
1345555800,23.062437,23.281161,22.892316,22.932827,65229
1345642200,22.957129,23.070537,22.535905,22.70601,158884
1345728600,22.714102,22.827511,22.195663,22.236174,159218
1345815000,22.244283,22.527796,22.041768,22.309072,199012
1346074200,22.357692,22.519696,22.203772,22.260476,142613
1346160600,22.252376,22.341482,22.041768,22.057961,385483
1346247000,22.122766,22.228074,21.863554,22.033659,310419
1346333400,21.985056,22.057961,21.831144,21.871647,156627
1346419800,21.871647,22.147068,21.855446,21.87974,380682
1346765400,21.936452,23.151543,21.499011,23.030026,360085
1346851800,23.062437,23.694284,22.981431,23.483676,364461
1346938200,23.637572,24.228925,23.629479,24.091222,234314
1347024600,23.994007,24.342333,23.994007,24.139818,143524
1347283800,24.050711,24.382844,23.876556,23.961604,122309
1347370200,24.123617,24.326132,24.026409,24.156027,73259
1347456600,24.269436,24.423331,24.050711,24.204623,156806
1347543000,24.277528,24.277528,23.945403,24.002107,106843
1347629400,24.099315,24.585359,24.099315,24.220816,190412
1347888600,24.17222,24.237025,23.467467,23.483676,298188
1347975000,23.50797,23.532272,23.281161,23.354059,199243
1348061400,23.516071,24.099315,23.516071,23.621379,384929
1348147800,23.597077,23.637572,23.127242,23.167753,159689
1348234200,23.386461,23.398604,22.924726,22.989531,196038
1348493400,22.892316,23.297346,22.090363,23.224449,247401
1348579800,23.402662,23.686192,22.746513,22.83562,263771
1348666200,22.827511,22.989531,22.479193,22.714102,153305
1348752600,22.868022,23.062437,22.819418,22.965237,413670
1348839000,22.851829,23.297346,22.624996,23.216348,288868
1349098200,23.224449,23.499862,23.005724,23.216348,236799
1349184600,23.248751,24.018301,23.248751,23.921101,272337
1349271000,23.994007,24.188421,23.775298,23.840087,225413
1349357400,23.848196,24.058812,23.775298,23.921101,202136
1349443800,23.961604,24.277528,23.840087,24.075013,101947
1349703000,24.058812,24.949879,23.8968,24.852663,242502
1349789400,24.804068,25.087589,24.745743,24.876981,189304
1349875800,24.893175,25.022784,24.508396,24.544848,158672
1349962200,24.723062,25.087589,24.723062,24.925577,260976
1350048600,24.909376,25.103798,24.868873,25.006583,114962
1350307800,25.103798,25.346801,24.925577,25.200998,114896
1350394200,25.338708,25.622229,25.233392,25.573634,73215
1350480600,25.646531,25.832845,25.49262,25.646531,40847
1350567000,25.557425,25.743739,25.314406,25.379211,72794
1350653400,25.322499,25.452117,24.974181,25.071388,102034
1350912600,25.111891,25.776149,24.949879,25.217199,201188
1350999000,25.055179,25.549316,24.860772,25.525014,96570
1351085400,25.678934,25.808543,25.606028,25.693434,117556
1351171800,25.75994,25.821513,25.387312,25.654632,248384
1351258200,25.654632,25.75994,25.533123,25.703236,103779
1351690200,25.711344,25.840938,25.452117,25.727529,129840
1351776600,25.800451,26.58621,25.607648,26.480894,85287
1351863000,26.610512,26.756315,26.435531,26.699619,206093
1352125800,26.497103,26.845422,26.335075,26.407997,262237
1352212200,25.921952,26.902134,25.75994,26.756315,412418
1352298600,26.594303,26.853514,26.075864,26.602403,243434
1352385000,26.448484,26.69953,25.994857,25.994857,290895
1352471400,25.986757,26.237876,25.573634,25.622229,150313
1352730600,25.719437,26.156862,25.136193,25.962455,171334
1352817000,25.735638,26.083964,25.452117,25.832845,153313
1352903400,25.881449,26.156862,24.795967,24.909376,163667
1352989800,24.787875,25.103798,24.504345,24.779766,170193
1353076200,24.787875,25.071388,24.156027,24.674466,354205
1353335400,24.885074,25.913697,24.73198,25.273903,105590
1353421800,25.273903,25.889558,25.137011,25.573634,98424
1353508200,25.589827,25.670833,25.435907,25.622229,56450
1353681000,25.751831,25.840865,25.573634,25.662724,71873
1353940200,25.533123,25.727529,25.452117,25.557425,189761
1354026600,25.50072,25.557425,25.322499,25.460209,143902
1354113000,25.354909,25.849047,25.346801,25.849047,64335
1354199400,25.816644,25.840938,25.484527,25.484527,78000
1354285800,25.49262,25.792342,25.322499,25.403513,731084
1354545000,25.557425,26.448484,25.39542,26.351284,234877
1354631400,26.278379,26.699619,26.071813,26.497103,83169
1354717800,26.561892,26.69151,26.302681,26.545699,59165
1354804200,26.58621,26.764407,26.31889,26.521405,96026
1354890600,26.675301,26.954772,26.448484,26.902134,73648
1355149800,26.966923,27.128951,26.578101,26.861623,58853
1355236200,26.975031,27.209949,26.610512,27.112742,89420
1355322600,27.22615,27.331466,26.966923,27.104649,86779
1355409000,27.161345,27.501571,26.975031,27.177547,132382
1355495400,27.218058,27.412464,27.128951,27.193756,51514
1355754600,27.218058,27.444867,27.047937,27.274754,64621
1355841000,27.274754,27.841797,27.250452,27.841797,82222
1355927400,27.849897,27.849897,27.282846,27.655483,121203
1356013800,27.452967,27.86609,27.339559,27.801302,95310
1356100200,27.574468,27.86609,27.33162,27.744589,226554
1356359400,27.793193,28.133419,26.578101,28.117225,44863
1356532200,28.238726,28.238726,27.35576,27.477269,94160
1356618600,27.582577,27.801375,27.169438,27.639281,82904
1356705000,27.542074,27.542074,27.201848,27.299056,72387
1356964200,27.218058,27.768891,26.926436,27.720287,137382
1357137000,28.117225,28.42504,27.922803,28.360228,476980
1357223400,28.360228,28.41694,27.91471,28.076714,124962
1357309800,28.246827,28.392638,28.072664,28.141527,119036
1357569000,28.092907,28.271121,27.598786,27.939012,273418
1357655400,27.76079,28.101016,27.606879,27.940219,214994
1357741800,27.930903,28.076714,27.695986,27.955197,201355
1357828200,28.028119,28.028119,27.704086,27.939012,128376
1357914600,27.979499,27.979499,27.752771,27.955197,109680
1358173800,28.036211,28.036211,27.558275,27.736497,173749
1358260200,27.525873,28.352135,26.367558,28.28733,134844
1358346600,28.28733,28.477694,28.084815,28.384529,140852
1358433000,28.538449,28.659958,28.30759,28.603254,97538
1358519400,28.627556,28.870574,28.295423,28.830071,122141
1358865000,28.886775,29.154103,28.635664,29.064989,107064
1358951400,29.113592,29.145185,28.78956,29.008284,118997
1359037800,28.983983,29.364711,28.805769,29.186498,155479
1359124200,29.299906,29.445725,28.790378,29.316108,133750
1359383400,29.291806,30.061364,29.024486,30.045162,201665
1359469800,30.093758,30.093758,29.008284,29.453818,167505
1359556200,29.510514,29.713029,29.170289,29.680635,205404
1359642600,29.721138,29.87505,29.154176,29.470019,118461
1359729000,29.591528,30.190973,29.470019,30.158571,155110
1359988200,30.085666,30.239496,29.056888,29.291806,210211
1360074600,29.729239,30.417791,29.542925,30.409682,152549
1360161000,30.158571,30.239577,29.852765,30.223376,116998
1360247400,30.263879,31.349361,30.061364,31.284556,389159
1360333800,31.244061,31.649091,31.065847,31.551876,571412
1360593000,31.600472,31.600472,31.07394,31.268363,108514
1360679400,31.333151,31.600472,31.039512,31.535667,116550
1360765800,31.592379,31.689586,31.07394,31.316958,150440
1360852200,31.244061,31.365562,30.798519,31.07394,206077
1360938600,31.154954,31.657184,31.130636,31.503272,257928
1361284200,31.592379,31.99741,31.470878,31.900202,612926
1361370600,31.754391,32.394347,30.547408,32.037913,529972
1361457000,31.989317,32.143212,31.300757,31.851607,279336
1361543400,31.973108,32.216126,30.782318,31.07394,620544
1361802600,31.033437,31.349361,30.417791,30.514998,708310
1361889000,30.733714,31.0788,30.547408,30.587895,372023
1361975400,30.5393,31.154954,30.280161,30.984833,583293
1362061800,30.911928,30.992926,30.417791,30.652708,244401
1362148200,30.620306,30.652708,30.134269,30.52309,240906
1362407400,30.417791,30.733714,30.142378,30.344893,306228
1362493800,30.409682,31.106334,30.231485,30.895727,264947
1362580200,31.082041,31.082041,30.587895,30.920028,243596
1362666600,31.009135,31.179256,30.855223,31.033437,146433
1362753000,31.122544,31.122544,30.644608,31.049638,203106
1363008600,31.082041,31.187349,30.729664,31.07394,230739
1363095000,31.049638,31.106334,30.855223,30.952439,189424
1363181400,30.976741,31.122544,30.847123,30.952439,218584
1363267800,31.065847,31.284475,30.968632,31.20355,184298
1363354200,31.106334,31.187349,30.847123,30.984833,272139
1363613400,30.766117,31.21165,30.766117,31.171147,193550
1363699800,31.30885,31.592379,31.090141,31.47897,141475
1363786200,31.559985,31.721989,30.693211,30.782318,327625
1363872600,30.717513,31.07394,30.52309,30.871425,274643
1363959000,30.911928,31.284556,30.693211,31.268363,282197
1364218200,31.454669,31.511365,30.992926,31.446576,163107
1364304600,31.47897,31.640983,31.244061,31.30885,289189
1364391000,31.114443,31.454669,30.717513,31.365562,186814
1364477400,31.276455,31.649091,31.017228,31.568077,276333
1364823000,31.430367,31.446576,30.822821,31.090141,235820
1364909400,30.928121,31.705788,30.847123,31.551876,277554
1364995800,31.487071,31.487071,30.636515,30.701304,213630
1365082200,30.660817,31.227852,30.320575,30.976741,302729
1365168600,30.604105,30.604105,30.093758,30.288181,193881
1365427800,30.215275,30.798519,29.907452,30.782318,116159
1365514200,30.782318,30.984833,30.490696,30.5393,100466
1365600600,30.531199,30.94433,30.531199,30.733714,131835
1365687000,30.766117,31.033437,30.563602,30.879525,75172
1365773400,30.814712,31.543775,30.685192,31.30885,234318
1366032600,31.090141,31.319064,30.474495,30.498789,190130
1366119000,30.798519,31.397956,30.57171,31.20355,178713
1366205400,30.968632,31.114443,30.263879,30.531199,160613
1366291800,30.644608,30.798519,30.081607,30.142378,248346
1366378200,30.093758,30.458302,29.968207,30.247678,205938
1366637400,30.255786,31.333151,30.069464,30.766117,236010
1366723800,30.94433,31.430367,30.847123,31.300757,119504
1366810200,31.292656,32.337635,31.195441,31.940697,200802
1366896600,31.948806,32.127019,31.673393,31.697687,141476
1366983000,31.600472,31.932605,31.462769,31.697687,96519
1367242200,31.786802,31.956906,31.438467,31.519474,80553
1367328600,31.487071,32.013611,31.470878,31.811095,158926
1367415000,31.673393,31.843498,31.454742,31.576178,115007
1367501400,31.576178,32.021711,31.47897,31.827289,173741
1367587800,32.151321,32.353836,31.948806,32.216126,87310
1367847000,32.102717,32.40244,31.940697,32.321426,169144
1367933400,32.321426,32.410533,32.27283,32.40244,433901
1368019800,32.289031,32.564452,32.054122,32.345728,230560
1368106200,31.049638,33.131487,31.049638,32.53205,325203
1368192600,32.588754,32.677861,32.26473,32.418641,176981
1368451800,32.27283,32.321426,30.38538,31.106334,1084244
1368538200,31.154954,31.985259,30.928121,31.932605,242842
1368624600,31.770592,32.40244,31.770592,32.26473,215828
1368711000,31.99741,32.596863,31.916395,32.143212,393809
1368797400,32.216126,32.823672,32.070315,32.775076,130460
1369056600,32.750758,33.1963,32.661668,32.791269,235731
1369143000,32.766967,33.04238,32.297942,32.596863,173388
1369229400,32.694062,32.823672,31.640983,31.827289,129484
1369315800,31.511365,31.689586,30.855223,31.414166,208199
1369402200,31.325059,31.446576,30.928939,31.252153,193153
1369747800,31.495172,31.875908,31.300757,31.7625,247901
1369834200,31.495172,32.199925,31.430367,32.078424,153740
1369920600,32.046013,32.151321,31.827289,32.037913,164925
1370007000,31.875908,32.325484,31.835397,32.16753,163219
1370266200,32.208017,32.26473,31.673393,32.118911,260143
1370352600,32.078424,32.394347,31.616681,31.778693,147014
1370439000,31.730089,31.811095,31.487071,31.568077,146407
1370525400,31.786802,32.313333,31.576178,31.835397,158969
1370611800,32.054122,32.750758,31.99741,32.685969,264760
1370871000,32.694062,33.163897,32.685969,33.034288,167612
1370957400,32.613048,32.815563,31.965015,32.40244,153920
1371043800,32.507748,32.63735,32.317384,32.418641,76672
1371130200,32.329535,32.588754,32.27283,32.418641,130618
1371216600,32.40244,32.604955,31.948806,32.029804,150815
1371475800,32.208017,32.66976,32.005502,32.305233,101376
1371562200,32.27283,32.779118,32.174003,32.378138,145533
1371648600,32.337635,32.442943,32.110818,32.159422,80174
1371735000,31.754391,32.143212,31.33397,31.454669,190654
1371821400,31.576178,31.786713,31.195441,31.284556,241610
1372080600,31.090141,31.090141,30.774225,30.887626,164613
1372167000,31.195441,31.397956,30.871425,31.195441,82881
1372253400,31.430367,31.495172,31.082041,31.195441,222598
1372339800,31.300757,31.705788,31.187349,31.632882,112260
1372426200,31.543775,32.143212,31.438467,31.681486,516610
1372685400,31.535667,31.754391,30.15047,31.632882,476551
1372771800,31.389864,31.73414,31.179256,31.47897,275296
1372858200,31.235952,31.738182,31.235952,31.551876,126263
1373031000,31.632882,32.191832,31.47492,31.843498,150447
1373290200,31.875908,32.353836,31.798134,32.199925,179295
1373376600,32.40244,32.53205,32.078424,32.353836,228427
1373463000,32.118911,32.53205,31.98282,32.418641,277209
1373549400,32.645458,32.969483,32.40244,32.961382,380946
1373635800,32.864183,33.317809,32.864183,33.204408,252114
1373895000,33.155789,33.447411,32.791269,33.220594,119489
1373981400,33.163897,33.560819,32.961382,33.228702,198319
1374067800,33.253004,33.536517,33.163897,33.366413,113002
1374154200,33.577028,33.990168,33.334002,33.755242,140272
1374240600,33.609439,33.658035,33.115294,33.277306,106194
1374499800,33.212501,33.317809,32.912778,33.232744,138784
1374586200,33.212501,33.552727,33.074791,33.107193,113070
1374672600,33.188199,33.188199,32.718364,32.807471,82398
1374759000,32.823672,32.888485,32.617924,32.726456,66048
1374845400,32.53205,32.53205,32.042368,32.208017,141579
1375104600,32.208017,32.475345,32.013611,32.127019,95233
1375191000,32.240428,32.434834,31.908303,32.110818,88797
1375277400,32.054122,32.588754,31.892102,32.370046,161879
1375363800,32.491547,32.989742,32.313333,32.475345,269321
1375450200,32.483454,32.961382,32.357895,32.920879,132655
1375709400,32.93708,33.617532,32.916821,33.520324,216317
1375795800,31.187349,35.642684,31.187349,34.727315,385963
1375882200,34.719214,35.45637,34.719214,35.423968,203089
1375968600,35.529275,35.585972,34.986535,35.237654,293385
1376055000,35.270048,35.440169,35.141256,35.407774,160018
1376314200,35.383456,35.731791,35.116152,35.480672,195896
1376400600,35.464471,35.690235,35.172849,35.480672,314476
1376487000,35.45637,35.715589,35.221452,35.245746,184993
1376573400,34.937931,35.095893,34.492397,34.565303,109895
1376659800,34.476196,34.650351,34.103576,34.152172,70071
1376919000,34.103576,34.25667,33.528425,33.60133,104206
1377005400,33.714739,33.884852,33.528425,33.803846,125201
1377091800,33.820047,34.111669,33.560819,33.658035,166219
1377178200,33.779544,34.111669,33.560819,33.690437,67897
1377264600,33.649926,33.844349,33.439318,33.528425,107996
1377523800,33.536517,33.753217,33.253004,33.49603,201582
1377610200,33.244895,33.577028,32.839865,32.880376,90093
1377696600,32.953273,33.106383,32.507748,32.629257,64829
1377783000,32.645458,33.212412,32.645458,32.831772,47050
1377869400,32.807471,33.04238,32.402529,32.613048,126681
1378215000,32.815563,33.455519,32.815563,33.358304,137842
1378301400,33.32591,34.257472,33.32591,34.184574,105510
1378387800,34.168365,34.759718,34.119769,34.678711,92765
1378474200,34.589605,34.589605,33.147696,33.528425,226391
1378733400,33.755242,34.022562,33.676666,33.990168,91588
1378819800,34.095467,34.549094,33.957757,34.492397,93180
1378906200,34.492397,35.229561,34.492397,35.156639,98556
1378992600,35.156639,35.213352,34.5248,34.581504,52192
1379079000,34.589605,35.156639,34.338486,34.735416,108338
1379338200,35.018937,35.205259,34.565303,34.897428,66472
1379424600,34.897428,34.982484,34.678711,34.897428,64334
1379511000,34.808321,36.452745,34.808321,36.412242,385261
1379597400,36.452745,36.574246,36.023413,36.128729,128777
1379683800,36.209727,36.321515,35.367263,35.367263,151437
1379943000,35.302458,35.342961,34.216985,34.848824,207174
1380029400,35.310559,36.720065,34.978426,36.323135,388175
1380115800,36.776761,36.857776,35.359155,35.739891,166472
1380202200,35.699396,35.699396,34.970333,35.306517,90741
1380288600,35.075641,35.237654,34.581504,35.156639,179892
1380547800,34.703013,35.683187,34.630108,35.59408,276331
1380634200,35.845199,38.275382,35.780394,38.226779,777309
1380720600,37.432927,39.101644,37.34382,38.656111,426829
1380807000,38.453596,38.805972,37.910855,38.161974,309207
1380893400,38.072867,38.874835,38.048565,38.680413,199617
1381152600,38.502199,38.502199,37.789338,37.829849,163470
1381239000,37.765044,38.332095,36.873977,37.254713,243248
1381325400,37.351913,37.351913,36.234029,36.711973,219608
1381411800,37.011687,37.457229,36.582355,37.206094,202871
1381498200,37.100794,38.161974,36.906379,37.98376,209485
1381757400,37.70834,38.105261,37.57873,38.032364,80427
1381843800,37.821748,38.263231,37.740742,37.886553,92442
1381930200,38.032364,38.801914,37.862259,38.63991,140937
1382016600,38.542702,38.665824,38.161974,38.332095,194469
1382103000,38.37259,38.915322,38.299684,38.858626,163914
1382362200,38.810023,38.886978,38.340187,38.842425,154763
1382448600,39.134047,39.270947,38.599399,38.899129,164029
1382535000,38.818123,38.882928,38.242988,38.77762,105648
1382621400,38.947733,38.947733,38.226779,38.323986,152424
1382707800,38.404992,38.923431,38.210577,38.826216,123170
1382967000,38.90723,39.031979,38.170074,38.680413,110370
1383053400,38.425244,38.967984,38.425244,38.810023,102452
1383139800,38.850526,39.142148,37.902754,38.064766,87634
1383226200,37.918955,38.972035,37.675937,38.850526,172601
1383312600,39.053041,39.190751,38.080968,38.283483,163686
1383575400,38.291583,38.826143,37.659736,38.672312,188878
1383661800,39.150248,39.150248,37.97566,38.5103,135787
1383748200,38.607507,38.842425,38.024263,38.267282,90031
1383834600,38.348288,38.502199,37.108894,37.740742,149643
1383921000,38.323986,38.494099,37.787726,38.008062,143775
1384180200,38.11337,38.332087,37.432919,38.226779,146056
1384266600,38.275382,40.64076,38.187896,40.179026,388413
1384353000,39.134047,41.195652,39.134047,41.061992,441129
1384439400,40.446346,41.799148,40.446346,41.094395,282210
1384525800,41.248306,41.523727,40.486849,40.794672,257602
1384785000,40.697465,41.507526,40.010533,40.316736,216196
1384871400,40.154724,40.924201,39.684888,40.162824,129533
1384957800,40.389641,40.908081,39.879303,40.324837,117682
1385044200,40.446346,41.02959,40.227629,40.478748,136826
1385130600,40.567855,40.916181,40.000812,40.09802,203597
1385389800,40.162824,40.23573,39.70919,39.97651,124732
1385476200,40.081818,40.146623,39.263657,39.595782,365058
1385562600,39.628184,40.138523,39.150248,39.984611,186961
1385735400,40.146623,40.835175,39.587681,40.543553,136969
1385994600,40.786571,41.118696,40.033215,40.470648,207468
1386081000,40.23573,41.013388,39.692989,40.438245,331170
1386167400,40.332937,40.511151,39.936007,40.292434,225643
1386253800,40.324837,40.324837,39.57148,39.919806,148217
1386340200,40.211428,40.559754,39.154298,39.30416,385891
1386599400,39.30416,39.498574,38.891029,39.287959,285508
1386685800,39.093544,39.474273,38.972035,39.279858,291215
1386772200,39.401367,39.660587,39.053041,39.466172,252442
1386858600,39.539077,39.984611,39.474273,39.773995,311092
1386945000,39.190751,39.628184,37.675937,38.202477,594414
1387204200,38.234879,38.866727,37.866301,38.048565,297709
1387290600,38.080968,38.25108,37.70834,38.056666,293163
1387377000,37.951358,38.340187,37.748843,38.056666,274681
1387463400,37.886553,38.129571,37.619233,37.862251,296041
1387549800,37.886553,39.166449,37.886553,39.109745,525486
1387809000,39.287959,39.725391,39.109745,39.449971,155800
1387895400,39.555279,40.065617,39.44187,39.595782,76232
1388068200,39.757794,40.219529,39.757794,40.065617,167915
1388154600,40.017013,40.438245,39.749693,40.081818,123980
1388413800,40.017013,40.324837,39.903605,40.300535,156280
1388500200,40.195227,40.36534,39.595782,40.276233,262971
1388673000,40.179026,40.251931,39.31226,40.187126,223109
1388759400,40.154724,40.835175,40.145003,40.486849,251779
1389018600,40.50305,40.656962,39.936007,40.438245,243892
1389105000,40.494949,40.835175,40.36534,40.778471,226138
1389191400,40.721766,41.920657,40.486849,41.807248,336305
1389277800,41.718142,42.042166,41.03769,41.159199,197951
1389364200,41.313111,41.677638,41.005288,41.078193,227454
1389623400,41.02959,41.321212,40.341038,40.592157,174131
1389709800,40.600257,41.191602,40.179026,40.227629,282304
1389796200,40.179026,40.673163,39.97651,40.057516,239993
1389882600,40.049416,40.081818,39.287959,39.377065,250856
1389969000,39.142148,39.247455,38.696614,38.745218,349776
1390314600,38.818123,39.077343,38.197616,38.469797,255967
1390401000,38.364489,39.134047,38.283483,38.996337,349945
1390487400,38.931532,38.996337,38.275382,38.882928,236114
1390573800,38.753318,38.996337,37.214202,38.105269,391926
1390833000,38.056666,38.882928,37.497724,38.291583,390734
1390919400,38.356388,38.855386,38.178175,38.388791,191149
1391005800,38.226779,38.575105,37.886553,37.991861,406961
1391092200,38.340187,39.077343,38.008062,38.785721,179970
1391178600,38.453596,38.623708,37.927056,38.097169,218515
1391437800,38.161974,38.388791,37.335711,37.756943,318380
1391524200,38.056666,38.283483,37.700239,38.080968,237903
1391610600,38.072867,38.396891,37.570629,37.935157,342432
1391697000,38.032364,38.623708,37.854151,38.145772,208074
1391783400,38.404992,38.77762,38.071247,38.210577,185383
1392042600,38.259181,39.166449,38.259181,38.972035,289284
1392129000,38.874827,40.049416,38.485998,39.530977,366619
1392215400,39.563379,39.992712,39.239355,39.287959,188250
1392301800,39.04494,39.296059,38.688513,38.77762,263904
1392388200,38.753318,38.988236,38.575105,38.785721,404769
1392733800,38.826224,38.955833,38.63991,38.688513,283952
1392820200,38.445495,38.899129,38.234879,38.591306,204790
1392906600,38.591306,38.931532,38.125521,38.810023,306873
1392993000,37.627333,38.161974,35.164748,37.659736,2555076
1393252200,38.072867,41.013388,38.060716,40.50305,907876
1393338600,40.50305,40.810063,39.749693,40.114221,516979
1393425000,40.292434,40.543553,39.628184,40.284334,488711
1393511400,40.23573,40.608358,39.948968,40.381541,207973
1393597800,40.422044,40.707995,40.187126,40.357239,433279
1393857000,40.341038,40.802773,40.049416,40.527352,446953
1393943400,40.705565,41.094395,40.09802,40.349138,476394
1394029800,40.430145,40.50305,40.09802,40.37344,258065
1394116200,40.37344,41.126797,40.300535,40.802773,368567
1394202600,41.110596,41.151099,40.786571,40.948584,224583
1394458200,40.940483,41.475123,40.802773,41.313111,336474
1394544600,41.240206,41.29691,40.37344,40.470648,231191
1394631000,40.154724,40.519251,40.049416,40.462547,180651
1394717400,40.527352,40.575955,40.069667,40.260032,219758
1394803800,40.154724,40.77037,40.09802,40.527352,729596
1395063000,40.851376,41.159199,40.23573,40.486849,184589
1395149400,40.50305,40.802773,40.349138,40.567855,241676
1395235800,40.600257,40.76227,40.008913,40.23573,200797
1395322200,40.000812,40.584056,39.919806,40.357239,133530
1395408600,40.430145,40.494949,39.603882,39.652486,427988
1395667800,39.790196,40.033215,38.234879,38.870777,398200
1395754200,38.955833,39.458071,38.348288,38.485998,196264
1395840600,38.615608,39.077343,38.113451,38.299684,352914
1395927000,38.267282,38.404992,37.157498,38.161974,458653
1396013400,38.121471,38.64801,38.024263,38.105269,232944
1396272600,38.048565,38.664212,37.262887,38.526501,291933
1396359000,38.64801,39.069242,38.332087,39.061141,292986
1396445400,38.931532,39.522876,38.696614,39.393266,304728
1396531800,39.401367,39.676788,39.145388,39.547178,269893
1396618200,39.652486,39.983801,38.323986,38.437394,238110
1396877400,38.396891,38.396891,37.473422,37.740742,409728
1396963800,37.71644,38.080968,37.465321,37.71644,304653
1397050200,37.748843,38.716865,37.554509,38.477898,336117
1397136600,38.356388,38.666237,37.473422,37.71644,430394
1397223000,37.562529,37.594931,36.736266,37.108894,301341
1397482200,37.424818,37.902754,37.108894,37.230404,230692
1397568600,37.31951,37.359932,36.582355,37.303309,354263
1397655000,37.457221,37.627333,37.133196,37.31141,108844
1397741400,37.368114,37.765044,37.198001,37.570629,146107
1398087000,37.497724,37.578649,37.061911,37.287108,109669
1398173400,37.400516,37.773144,37.266046,37.554428,147212
1398259800,37.546327,38.323986,37.254705,38.291583,229575
1398346200,38.518401,38.899129,37.441019,37.627333,285226
1398432600,37.473422,37.473422,36.424393,36.736266,225079
1398691800,36.711965,37.659736,36.096318,36.37984,332058
1398778200,36.323135,36.412242,35.8533,36.290733,251160
1398864600,36.306934,36.460846,35.910004,36.420343,507517
1398951000,36.331236,37.287108,36.331236,36.809172,202994
1399037400,36.776769,37.611132,36.64716,37.230404,191581
1399296600,37.133196,37.58683,36.78892,37.481522,190458
1399383000,37.303309,37.675937,37.141297,37.295208,178965
1399469400,37.368114,37.368114,36.792971,37.165599,221751
1399555800,37.05219,37.704289,37.04409,37.408617,324379
1399642200,37.368114,38.404992,36.946882,38.202477,347573
1399901400,38.477898,40.76227,38.477898,40.575955,535654
1399987800,40.600257,40.810873,40.089919,40.543553,335711
1400074200,40.211428,40.324837,39.692989,40.065617,235216
1400160600,39.919806,40.170925,39.502625,40.146623,268957
1400247000,40.292434,40.316736,39.790196,40.260032,88873
1400506200,40.09802,40.948584,40.09802,40.924282,213835
1400592600,40.721766,40.875678,40.211428,40.76227,158249
1400679000,40.754169,41.078193,40.50305,40.875678,146364
1400765400,40.883779,41.232105,40.697465,41.199702,135773
1400851800,41.142998,41.248306,40.875678,41.094395,125733
1401197400,41.272608,41.791047,41.021489,41.531827,134051
1401283800,41.30501,41.620934,41.021489,41.475123,146140
1401370200,41.645236,41.726242,41.191602,41.353614,174172
1401456600,41.402218,41.507526,40.989087,41.369815,231038
1401715800,41.556129,41.912556,41.175401,41.677638,200772
1401802200,41.56423,41.56423,41.118696,41.43462,138751
1401888600,41.386016,41.847751,41.045791,41.151099,132470
1401975000,41.191602,41.96116,41.061992,41.847751,113786
1402061400,41.83155,41.920657,41.588532,41.726242,120395
1402320600,41.653337,42.123172,41.653337,41.750544,150734
1402407000,41.612834,42.082669,41.264507,41.920657,194348
1402493400,41.774846,42.503901,41.588532,42.463398,215201
1402579800,42.528203,42.860328,41.823449,42.187977,192844
1402666200,42.179876,42.179876,41.726242,42.131273,135237
1402925400,41.977361,42.074568,41.70194,41.977361,140462
1403011800,41.799148,42.152334,41.726242,41.96116,200505
1403098200,42.025965,42.544404,41.977361,42.487699,145506
1403184600,42.552504,42.552504,42.123172,42.447196,134117
1403271000,42.35809,42.981837,42.35809,42.779321,530863
1403530200,42.827925,43.103265,42.325687,42.430995,218040
1403616600,42.398593,42.520102,42.163675,42.333788,205923
1403703000,42.252782,42.690215,41.629035,42.609209,244342
1403789400,42.641611,42.641611,42.001663,42.123172,172546
1403875800,42.050267,43.524578,41.920657,43.411169,861632
1404135000,40.624559,43.046642,40.227629,42.884629,268311
1404221400,42.933233,43.273459,42.503901,42.520102,242463
1404307800,42.333788,42.536303,42.333788,42.512001,181843
1404394200,42.479599,42.609209,42.111831,42.503901,127815
1404739800,42.317587,42.430995,42.050267,42.406693,110712
1404826200,42.374291,42.447196,41.637135,41.766745,198288
1404912600,41.944959,41.944959,41.458922,41.548029,116429
1404999000,40.705565,41.677638,40.50305,41.596632,234935
1405085400,41.620934,42.025965,41.588532,41.953059,196291
1405344600,42.131273,42.76312,42.123172,42.179876,179838
1405431000,42.293285,42.345939,41.467023,41.896355,186176
1405517400,42.09077,42.260882,41.936858,42.025965,316741
1405603800,41.96116,42.528203,41.42652,41.475123,124732
1405690200,41.620934,41.993562,41.577191,41.96926,174338
1405949400,41.847751,42.106971,41.507526,41.661437,167317
1406035800,41.742443,42.414794,41.742443,42.301385,241223
1406122200,42.309486,42.544404,41.799148,42.139373,111943
1406208600,42.204178,42.35809,41.912556,42.09887,146855
1406295000,41.880154,41.96926,41.288809,41.313111,134833
1406554200,41.313111,41.313111,40.794672,40.883779,234084
1406640600,40.883779,41.386016,40.430145,40.989087,400330
1406727000,41.264507,41.855852,40.948584,41.69384,185052
1406813400,41.450821,41.483224,40.924282,41.070093,175607
1406899800,40.972885,41.094395,40.292434,40.584056,175265
1407159000,40.63266,41.199702,40.549629,41.086294,117492
1407245400,40.908081,41.458922,40.754169,40.859477,112234
1407331800,40.77037,41.345513,40.77037,40.989087,222580
1407418200,41.985462,41.985462,39.377065,39.8388,214407
1407504600,40.065617,40.065617,38.996337,39.676788,189617
1407763800,39.960309,40.300535,39.773995,40.10612,179549
1407850200,39.936007,40.122321,39.733492,40.025114,115656
1407936600,40.284334,40.292434,39.393266,39.563379,183173
1408023000,39.498574,39.8388,39.198852,39.377065,356655
1408109400,39.595782,39.814498,38.850526,39.166449,275358
1408368600,39.182651,39.782096,39.090304,39.676788,207983
1408455000,39.636285,40.065617,39.532597,39.652486,205541
1408541400,39.57958,40.296484,39.57958,39.936007,211707
1408627800,39.960309,40.357239,39.806398,40.162824,217374
1408714200,40.138523,40.308635,39.944108,40.203327,128396
1408973400,40.519251,40.681263,40.041315,40.065617,140502
1409059800,40.041315,40.736348,40.041315,40.268132,129027
1409146200,40.341038,40.341038,39.984611,40.09802,124530
1409232600,39.903605,40.357239,39.7019,40.357239,128224
1409319000,40.462547,41.013388,40.37344,40.851376,155733
1409664600,41.086294,41.638431,40.997187,41.142998,313730
1409751000,41.30501,41.42652,41.224004,41.361715,129086
1409837400,41.539928,41.791047,40.802773,41.118696,109563
1409923800,41.215904,41.839651,40.543553,41.410318,82808
1410183000,41.345513,41.710041,41.240206,41.42652,126770
1410269400,41.313111,41.645236,41.126797,41.345513,113788
1410355800,41.345513,41.580431,41.313111,41.515626,97258
1410442200,41.394117,41.807248,41.337413,41.726242,103289
1410528600,41.629035,41.766745,41.313111,41.458922,151735
1410787800,41.30501,41.56423,41.191602,41.43462,161327
1410874200,41.418419,41.450821,40.974506,41.232105,136282
1410960600,41.191602,41.547948,41.118696,41.418419,171396
1411047000,41.410318,41.604733,41.1673,41.531827,273439
1411133400,41.572331,41.637135,41.232105,41.386016,465606
1411392600,41.30501,41.313111,40.694224,40.843276,156356
1411479000,40.77037,41.013388,40.584056,40.592157,157301
1411565400,40.567855,40.883779,40.170925,40.324837,119481
1411651800,40.122321,40.179026,39.458071,39.814498,198304
1411738200,39.814498,40.000812,39.539077,39.887404,110120
1411997400,39.530977,40.122321,39.336562,39.636285,138047
1412083800,39.587681,39.628184,38.963934,39.498574,161974
1412170200,39.279858,39.279858,37.724541,37.951358,326090
1412256600,37.821748,38.226779,37.31141,37.821748,160979
1412343000,37.927056,38.121471,37.724541,37.999962,164817
1412602200,38.056666,38.210577,37.505824,37.910855,118382
1412688600,37.57873,37.878452,37.04409,37.084593,96887
1412775000,36.987385,37.068391,36.298833,36.938782,160996
1412861400,36.817272,37.084593,36.096318,36.574254,227593
1412947800,36.485147,36.533751,35.650785,35.901904,205938
1413207000,35.999111,36.277772,35.310559,35.545477,282623
1413293400,35.634583,36.112519,35.359163,35.683187,236895
1413379800,35.334861,35.8533,34.832623,35.780394,265872
1413466200,35.294358,36.452745,35.294358,36.047715,148862
1413552600,35.610282,36.501349,35.415867,36.185425,185719
1413811800,36.225928,36.574254,35.954557,36.485147,209606
1413898200,36.65526,37.424818,36.404141,37.287108,137611
1413984600,37.408617,37.84605,36.801071,36.841574,142348
1414071000,37.165599,37.805547,37.165599,37.343812,122743
1414157400,37.465321,37.724541,37.019788,37.522026,97913
1414416600,37.481522,37.724541,37.230404,37.530126,60901
1414503000,37.724541,37.894654,37.489623,37.805547,127742
1414589400,37.886553,37.98376,37.461271,37.748843,92711
1414675800,37.70834,38.016163,37.441019,37.756943,92758
1414762200,38.291583,38.332087,37.651635,37.854151,216439
1415025000,37.821748,38.242899,37.805547,38.170074,247477
1415111400,38.056666,38.259181,36.890178,37.035989,335056
1415197800,37.262806,37.813647,36.898279,37.149397,313214
1415284200,37.335711,40.089919,37.335711,39.320361,377864
1415370600,39.44187,40.478667,38.891029,40.397742,415014
1415629800,40.268132,40.268132,39.466172,39.514776,291715
1415716200,39.377065,40.065617,39.139717,39.498574,183904
1415802600,39.514776,39.903605,39.458071,39.636285,144363
1415889000,39.936007,40.77037,39.644385,40.624559,281683
1415975400,40.786571,41.086294,40.462547,40.989087,206960
1416234600,40.397742,41.1673,40.397742,40.665062,156489
1416321000,40.09802,40.867577,40.09802,40.575955,167139
1416407400,40.63266,40.989087,40.219529,40.689364,223048
1416493800,40.446346,42.479599,40.422044,42.252782,371900
1416580200,42.528203,42.844126,42.163675,42.62136,306706
1416839400,42.803623,43.119547,42.62541,42.965635,247947
1416925800,42.933233,43.095245,42.422895,42.722617,218494
1417012200,42.819824,43.508376,42.584907,43.305861,160302
1417185000,43.28966,43.889105,43.036921,43.646087,118078
1417444200,43.322062,43.654187,43.02234,43.151949,291687
1417530600,43.087145,43.241056,42.430995,42.714517,202104
1417617000,42.860328,42.860328,42.313536,42.398593,209624
1417703400,42.293285,42.62541,41.604733,42.447196,267070
1417789800,42.414794,42.933233,42.382392,42.852227,314970
1418049000,42.76312,43.184352,42.463398,42.62541,249683
1418135400,42.163675,42.576806,41.681689,42.196077,180216
1418221800,42.204178,42.402643,41.159199,41.288809,155953
1418308200,41.539928,42.139373,41.086294,41.134898,102154
1418394600,40.810873,41.118696,40.511151,40.689364,115654
1418653800,40.948584,41.402137,39.490474,40.284334,232615
1418740200,40.065617,40.77037,39.70109,39.790196,163370
1418826600,39.782096,40.835175,39.514776,40.559754,160668
1418913000,41.070093,41.337413,40.802773,41.134898,135518
1418999400,41.256407,41.515626,40.859477,41.313111,230086
1419258600,41.402218,41.799067,41.03769,41.337413,118500
1419345000,42.009763,42.260882,41.045791,41.880154,182113
1419431400,41.880154,42.803623,41.758645,42.155574,103103
1419604200,42.268983,42.471498,42.066468,42.123172,66295
1419863400,42.131273,43.014239,41.823449,42.568706,188337
1419949800,42.382392,42.62541,41.936858,42.447196,144363
1420036200,42.471498,42.657812,41.936858,42.528203,183175
1420209000,42.552504,42.695885,41.669538,42.187977,183019
1420468200,41.726242,41.928757,40.470648,40.600257,349787
1420554600,40.50305,41.021489,40.211428,40.454446,594118
1420641000,40.705565,40.859477,39.652486,39.984611,173967
1420727400,40.397742,41.677638,40.312686,41.580431,296661
1420813800,41.612834,42.528203,41.292859,41.953059,278533
1421073000,41.839651,42.212279,41.264507,41.629035,174630
1421159400,41.807248,42.593007,41.629035,41.859902,136971
1421245800,41.377916,41.823449,40.940483,41.588532,124995
1421332200,41.669538,41.782946,40.656962,40.989087,153141
1421418600,40.875678,41.42652,40.543553,41.345513,146011
1421764200,41.369815,41.912556,41.264507,41.475123,153530
1421850600,41.377916,41.888254,41.369815,41.782946,126239
1421937000,41.888254,42.827925,41.839651,42.552504,202641
1422023400,42.528203,42.811724,42.333788,42.422895,204014
1422282600,42.309486,42.844126,41.985462,42.811724,148803
1422369000,42.196077,42.868428,41.989512,42.528203,137916
1422455400,42.779321,43.014158,42.301385,42.349989,161800
1422541800,42.447196,42.933233,42.001663,42.884629,167950
1422628200,42.601108,42.989937,42.131273,42.260882,219416
1422887400,42.447196,42.738818,41.624984,42.236581,166268
1422973800,42.430995,43.266168,42.293285,43.232956,119953
1423060200,43.176251,43.29776,42.706416,42.811724,233636
1423146600,42.868428,43.532678,42.706416,43.492175,165775
1423233000,43.508376,43.516477,42.933233,43.265358,96507
1423492200,43.16005,43.459773,42.89273,43.403068,63832
1423578600,43.621785,43.621785,43.184352,43.508376,127568
1423665000,43.451672,43.69469,43.403068,43.540779,67594
1423751400,43.581282,44.512852,43.581282,44.140224,151628
1423837800,44.310337,44.942184,44.152375,44.61816,224125
1424183400,44.61816,44.670814,43.775696,44.537154,91488
1424269800,44.520953,44.836876,44.136984,44.74777,190312
1424356200,44.723468,44.88548,43.435471,44.043017,217223
1424442600,45.363416,45.363416,44.051117,44.804474,223185
1424701800,44.853078,44.853078,44.261733,44.472349,225450
1424788200,44.391343,44.723468,43.970111,44.172626,258899
1424874600,44.08352,44.504751,43.768487,43.970111,88199
1424961000,43.816199,44.002514,43.548879,43.702791,95952
1425047400,43.540779,44.067318,43.111446,44.026815,226343
1425306600,43.905306,44.391343,43.743294,44.318437,146287
1425393000,44.253632,44.950285,44.072179,44.537154,208634
1425479400,44.601959,44.731568,43.176251,43.281559,122282
1425565800,43.394968,43.411169,42.981837,43.378767,82978
1425652200,43.216754,43.55698,43.091114,43.475974,116614
1425907800,43.508376,43.536728,42.852227,42.900831,76999
1425994200,42.471498,42.471498,41.102495,41.102495,215087
1426080600,41.102495,41.896355,40.543553,41.888254,243732
1426167000,42.147474,42.293285,41.454872,42.196077,104209
1426253400,42.196077,42.196077,41.191602,41.43462,81480
1426512600,41.458922,41.872053,41.361715,41.710041,84908
1426599000,41.539928,41.539928,40.964785,41.30501,238478
1426685400,41.134898,41.552079,40.891879,41.329312,157377
1426771800,41.183501,41.442721,40.835175,41.321212,170406
1426858200,41.572331,42.171776,41.394117,42.042166,208499
1427117400,41.993562,42.4958,41.645236,41.936858,172782
1427203800,41.96926,42.115071,41.677638,41.807248,115425
1427290200,41.912556,41.997613,41.215904,41.288809,149902
1427376600,41.1673,41.523727,40.616459,41.126797,160187
1427463000,40.980986,41.596632,40.980986,41.483224,115719
1427722200,41.580431,42.163675,41.580431,42.025965,89533
1427808600,41.791047,42.212279,41.349564,41.896355,170855
1427895000,42.042166,42.285184,41.313111,41.936858,162326
1427981400,41.669538,41.791047,41.159199,41.556129,223431
1428327000,41.215904,42.09887,40.746068,41.548029,107359
1428413400,41.556129,41.710041,41.272608,41.394117,135911
1428499800,41.353614,41.653337,41.1673,41.507526,96529
1428586200,41.515626,42.730475,41.515626,42.690215,151683
1428672600,42.730718,42.811724,41.977361,42.009763,86184
1428931800,42.139373,42.309486,41.677233,41.710041,71425
1429018200,41.782946,42.001663,41.402218,41.70194,67593
1429104600,41.807248,42.009763,41.543978,42.009763,102425
1429191000,41.807248,42.471498,41.637135,42.439096,94532
1429277400,42.001663,42.204178,41.280709,41.345513,71105
1429536600,41.661437,41.799148,41.224004,41.710041,95877
1429623000,41.944959,42.058367,41.377916,41.491324,76909
1429709400,41.669538,41.726242,41.078193,41.288809,64212
1429795800,41.215904,41.912556,41.094395,41.604733,129775
1429882200,41.710041,41.855852,41.232105,41.69384,80979
1430141400,41.637135,41.791047,41.02959,41.29691,79491
1430227800,41.191602,42.131273,41.034369,41.766745,233705
1430314200,41.734343,42.147474,41.16244,41.467023,108468
1430400600,41.402218,41.418419,39.984611,40.50305,171894
1430487000,41.005288,41.005288,40.219529,40.705565,107753
1430746200,40.645459,41.045791,40.405843,40.859477,73459
1430832600,40.810873,42.066468,40.454446,40.908081,177460
1430919000,40.948584,41.086294,40.308635,40.859477,184866
1431005400,40.454446,40.488469,38.891029,39.717291,359860
1431091800,39.846901,39.927907,39.263657,39.482373,123377
1431351000,39.320361,40.049416,39.109745,39.911705,174680
1431437400,39.692989,40.23573,39.377146,40.089919,223770
1431523800,40.138523,40.478667,39.717291,39.798297,85944
1431610200,39.97651,40.089919,39.603963,39.863102,73495
1431696600,39.863102,40.146542,39.409468,39.798297,90132
1431955800,39.692989,40.422044,39.692989,40.341038,95675
1432042200,40.081818,40.381541,39.846901,39.927907,84313
1432128600,39.879303,40.357239,39.717291,40.227629,110980
1432215000,40.114221,40.292434,39.879303,40.089919,88937
1432301400,40.089919,40.584056,39.927907,40.422044,146469
1432647000,40.36534,40.36534,39.57958,39.70919,125644
1432733400,39.70109,40.276233,39.555279,40.008913,119932
1432819800,39.903605,40.608358,39.903605,40.519251,165087
1432906200,40.430145,40.912131,40.373521,40.584056,139035
1433165400,40.50305,41.386016,40.422044,41.321212,196460
1433251800,41.102495,41.556129,40.940483,41.321212,163728
1433338200,41.377916,41.580431,41.078193,41.329312,98956
1433424600,41.191602,41.588532,40.697465,41.531827,164899
1433511000,41.467023,41.69384,41.02959,41.69384,130743
1433770200,41.475123,41.69384,41.199702,41.377916,250710
1433856600,41.134898,41.584481,40.794672,41.458922,135837
1433943000,41.661437,42.042085,41.523727,41.742443,130786
1434029400,41.774846,41.782946,41.1673,41.313111,288926
1434115800,41.232105,41.467023,41.086294,41.458922,116546
1434375000,41.094395,41.094395,40.203327,40.713666,213011
1434461400,40.551654,40.823024,40.251931,40.413943,155308
1434547800,40.50305,40.754169,40.142573,40.349138,90779
1434634200,40.405843,41.272608,40.405843,41.199702,374700
1434720600,41.361715,41.507526,40.883779,41.021489,206231
1434979800,41.061992,41.070093,40.76632,40.843276,209564
1435066200,40.891879,41.053891,40.810873,40.989087,153346
1435152600,40.916181,41.03769,40.166875,40.357239,120065
1435239000,40.357239,40.575955,40.211428,40.349138,126838
1435325400,40.284334,40.567855,39.773995,39.855001,903518
1435584600,39.182651,39.474273,38.720916,38.842425,191139
1435671000,38.720916,39.628184,38.720916,39.433769,366558
1435757400,39.676788,40.130422,39.352763,39.927907,243639
1435843800,39.757794,39.895504,38.534602,38.769519,277230
1436189400,38.097169,39.134047,37.398896,39.020638,229933
1436275800,39.198852,39.198852,37.538227,38.899129,210070
1436362200,38.753318,39.059521,37.813728,38.186276,159934
1436448600,38.534602,38.882928,37.894654,38.016163,145828
1436535000,38.340187,38.494099,37.837949,38.178175,151626
1436794200,38.275382,39.206952,38.275382,39.012538,156342
1436880600,38.874827,38.972035,38.591306,38.769519,93354
1436967000,38.882928,38.882928,38.453596,38.769519,130085
1437053400,38.882928,39.247455,38.814073,39.109745,128018
1437139800,39.17455,39.215053,38.672312,38.850526,234534
1437399000,38.899129,38.899129,38.121471,38.518401,205374
1437485400,38.518401,38.599407,37.918955,38.145772,86252
1437571800,38.056666,38.186276,37.538227,37.659736,101113
1437658200,37.71644,37.927056,37.513925,37.700239,104227
1437744600,37.821748,37.97566,37.173699,37.57873,129034
1438003800,37.465321,37.546327,36.882077,37.05219,97965
1438090200,36.906379,37.279007,36.574254,37.198001,151468
1438176600,37.214202,37.643535,37.035989,37.554428,109853
1438263000,37.481522,37.789346,37.400516,37.659736,174400
1438349400,37.700239,37.963509,37.376215,37.603032,143941
1438608600,37.522026,38.056666,37.424818,37.773144,145493
1438695000,37.862251,38.25108,37.611132,38.064766,195100
1438781400,38.056666,38.599407,37.959458,38.210577,174979
1438867800,37.821748,38.518401,37.230404,38.105269,142957
1438954200,37.910855,38.145772,37.133196,37.611132,164370
1439213400,37.797446,38.291583,37.392416,38.210577,122415
1439299800,37.481522,38.198426,37.141297,37.837949,188589
1439386200,37.432919,38.186276,37.256488,37.643535,144518
1439472600,37.748843,37.927056,37.092693,37.262806,87032
1439559000,37.198001,37.837949,37.198001,37.611132,104020
1439818200,37.58683,38.040465,37.17378,37.870352,104841
1439904600,37.627333,38.032364,37.084593,37.70834,133863
1439991000,37.416718,37.748843,36.906379,37.611132,175655
1440077400,37.116995,37.343812,36.558053,36.792971,166340
1440163800,36.501349,36.582355,35.148547,35.488772,304370
1440423000,33.317809,34.954132,32.418641,34.022562,339467
1440509400,34.994635,34.994635,33.925355,34.038763,300093
1440595800,34.784019,35.213352,34.095467,35.132346,204933
1440682200,35.513074,36.51755,35.213352,36.144922,146366
1440768600,36.080117,36.52565,35.885702,36.12062,119846
1441027800,35.837099,36.566154,35.634583,36.128721,239100
1441114200,35.480672,36.128721,35.083742,35.172849,197943
1441200600,35.561678,35.715589,34.905528,35.691288,184440
1441287000,35.828998,36.128721,35.707489,35.901904,123559
1441373400,35.58598,35.59408,34.937931,34.994635,242134
1441719000,35.58598,35.8614,35.383464,35.772294,110791
1441805400,36.096318,36.140872,35.261955,35.448269,180522
1441891800,35.19715,35.72369,35.180949,35.351062,103208
1441978200,35.156647,35.440169,34.751617,35.351062,109126
1442237400,35.32676,35.423968,35.043239,35.302458,162972
1442323800,35.32676,35.731791,35.302458,35.707489,83287
1442410200,35.650785,36.128721,35.650785,35.974809,60528
1442496600,35.901904,36.396041,35.901904,36.088218,85292
1442583000,35.683187,36.039614,35.654835,35.837099,217820
1442842200,36.055815,36.161123,35.561678,35.715589,122213
1442928600,35.270056,35.610282,34.970333,35.253855,143954
1443015000,35.351062,35.415867,34.694913,35.205251,151708
1443101400,34.889327,35.010836,34.484297,34.913629,83670
1443187800,35.156647,35.156647,34.569353,34.873126,84010
1443447000,34.711114,34.711114,33.820047,34.184574,128053
1443533400,34.160272,34.427593,33.520324,33.965858,157726
1443619800,34.233178,34.946032,34.006361,34.856925,220601
1443706200,34.865025,35.553577,34.694913,35.504974,303869
1443792600,34.946032,34.946032,33.066771,34.727315,292318
1444051800,34.92173,35.642684,34.881227,35.472571,200723
1444138200,35.464471,36.217827,35.31866,36.063916,117776
1444224600,36.177324,36.614757,35.820897,36.420343,148101
1444311000,36.404141,36.857776,36.290733,36.728166,131434
1444397400,36.825373,37.076492,36.452745,36.849675,125844
1444656600,36.890178,36.954983,36.477047,36.558053,121187
1444743000,36.412242,37.019788,36.290733,36.533751,135293
1444829400,36.541852,36.541852,35.577879,35.747992,201974
1444915800,35.877602,36.434114,35.618382,36.323135,105113
1445002200,36.38794,36.444644,35.98291,36.428443,113414
1445261400,36.193525,36.64716,34.451894,36.541852,120808
1445347800,36.671461,36.71399,36.326375,36.52565,87551
1445434200,36.590455,36.733107,35.784445,35.942407,87750
1445520600,36.104419,36.509449,36.104419,36.363638,128871
1445607000,36.452745,36.683612,36.131961,36.558053,84338
1445866200,36.541852,37.076492,36.375789,36.736266,93038
1445952600,36.663361,36.663361,36.015312,36.290733,61399
1446039000,36.428443,37.157498,36.396041,37.116995,91548
1446125400,37.011687,37.222303,36.460846,36.558053,148098
1446211800,36.549952,36.930681,36.153022,36.315035,145605
1446474600,36.412242,37.035989,36.339336,36.979285,186674
1446561000,36.987385,37.805547,36.805122,37.57873,114637
1446647400,37.611132,37.97566,37.206102,37.351913,86295
1446733800,37.384315,37.432919,36.639059,37.173699,100352
1446820200,36.331236,36.979285,35.715589,36.695763,151557
1447079400,36.477047,36.509449,34.216977,34.581504,271486
1447165800,34.622007,34.743516,33.779544,34.111669,139000
1447252200,34.038763,34.508599,33.625632,33.666135,126610
1447338600,33.471721,33.941475,32.694062,32.750766,130986
1447425000,32.621156,32.685961,32.086516,32.183724,101020
1447684200,32.240428,33.090992,31.017236,32.831772,112054
1447770600,32.807471,32.969483,31.794894,32.280931,93374
1447857000,32.451044,32.783169,32.199844,32.702163,78923
1447943400,32.783169,32.807471,31.916403,31.981208,115519
1448029800,32.029812,32.289031,31.924504,31.932605,142364
1448289000,31.884001,32.256548,31.462769,31.487071,115741
1448375400,31.268355,31.511292,29.972257,31.381763,126310
1448461800,31.373663,31.827297,31.323682,31.543775,80537
1448634600,31.592379,31.819196,31.235952,31.762492,113526
1448893800,31.786794,31.989309,31.576178,31.681486,88824
1448980200,31.746291,31.924504,30.628406,30.749916,294469
1449066600,30.960531,31.657184,30.085747,31.146845,148066
1449153000,31.179248,31.657184,30.81472,30.94433,93171
1449239400,30.984833,31.357461,30.80662,31.138745,85246
1449498600,30.992934,31.195449,30.660809,31.179248,167958
1449585000,30.903827,31.065839,30.312483,30.652708,122151
1449671400,30.620306,31.21165,30.15047,30.474495,83801
1449757800,30.458294,31.284556,30.231477,30.81472,237738
1449844200,30.514998,30.782318,30.020861,30.134269,126511
1450103400,30.174772,30.514998,29.453818,29.672534,175885
1450189800,29.74544,30.352986,29.74544,29.980358,102691
1450276200,30.126169,30.760932,30.126169,30.498797,97013
1450362600,30.620306,30.709413,29.866949,29.87505,159025
1450449000,29.656333,30.061364,29.470019,29.858848,345211
1450708200,29.915553,30.158571,29.640132,29.956056,137758
1450794600,30.14237,30.458294,30.085666,30.28008,132906
1450881000,30.377288,31.454669,30.377288,31.049638,168902
1450967400,31.098242,31.762492,31.098242,31.268355,71078
1451313000,31.057739,31.300757,30.442092,30.887626,159350
1451399400,30.984833,31.462769,30.733714,31.244053,88332
1451485800,31.187349,31.333159,30.863324,31.082041,130398
1451572200,30.895727,32.442943,30.498797,31.681486,483131
1451917800,31.268355,31.973108,30.774136,31.454669,211648
1452004200,31.292656,31.422266,30.15047,30.741815,285787
1452090600,30.247678,30.94433,29.575408,30.101867,263119
1452177000,29.567227,29.996559,28.400739,29.073089,215325
1452263400,29.154095,29.48622,28.392638,28.522248,244282
1452522600,28.595153,29.032586,28.238726,28.627556,260816
1452609000,28.797669,29.162196,28.198223,28.700461,181227
1452695400,28.789568,28.95158,27.878249,28.165821,231934
1452781800,28.344034,28.765266,27.999758,28.384537,118547
1452868200,28.206324,28.457443,27.137044,27.857998,203646
1453213800,28.190123,28.303531,26.894025,27.201848,187847
1453300200,26.869723,27.606879,26.019159,27.347659,193743
1453386600,27.371961,27.728388,27.161345,27.477269,162742
1453473000,27.866098,28.141519,27.477269,27.76079,141774
1453732200,27.695986,27.849006,27.307156,27.371961,120751
1453818600,27.525873,28.344034,24.998482,28.060513,92247
1453905000,27.987608,28.307582,27.404364,27.598778,66291
1453991400,27.671684,27.857998,26.975112,27.056037,108042
1454077800,27.145144,28.473644,27.145144,28.457443,205095
1454337000,28.165821,28.578952,27.550175,28.473644,117660
1454423400,28.238726,28.935379,27.558275,28.190123,353438
1454509800,28.465544,28.838172,27.959255,28.732864,223844
1454596200,28.676159,29.470019,28.676159,29.2108,134991
1454682600,29.121693,29.145995,26.764415,28.676159,122210
1454941800,28.344034,29.267504,27.015534,27.825595,351183
1455028200,27.558275,27.987608,26.869723,27.137044,143416
1455114600,27.388162,27.793193,26.991233,27.193748,94237
1455201000,26.772516,27.189697,26.027341,27.047937,98362
1455287400,27.339559,28.380487,27.023635,28.173922,95194
1455633000,28.506047,29.275605,28.198223,29.2189,119594
1455719400,29.494321,29.696836,29.267504,29.640132,150451
1455805800,29.656333,29.656333,29.145995,29.526723,137950
1455892200,29.445717,29.947955,29.129794,29.818345,130783
1456151400,30.020861,30.429941,29.567227,30.174772,130011
1456237800,30.069464,30.93623,29.777842,30.798519,232872
1456324200,31.114443,34.913629,30.604105,34.541001,674876
1456410600,34.492397,36.396041,34.401671,36.209727,453004
1456497000,36.201626,36.841574,35.699388,36.274532,262197
1456756200,36.274532,36.890178,35.910085,36.209727,311728
1456842600,36.242129,36.946882,35.938032,36.25833,226387
1456929000,36.290733,36.52565,35.893803,36.315035,187330
1457015400,36.331236,36.92258,35.85978,36.752468,209943
1457101800,36.65526,37.230404,36.201626,36.598556,141196
1457361000,36.468946,37.481522,36.347518,37.173699,140990
1457447400,36.78487,37.165599,36.38794,36.622858,166117
1457533800,36.768669,37.028212,36.363638,36.51755,146224
1457620200,36.501349,37.262806,36.420343,36.736266,195640
1457706600,37.04409,37.246605,36.663361,37.068391,105322
1457962200,36.873977,37.206102,36.622858,36.64716,170214
1458048600,36.412242,36.633146,35.98291,36.031513,186918
1458135000,36.039614,36.760568,34.65441,35.98291,366314
1458221400,35.934306,36.687663,35.885702,36.452745,370860
1458307800,36.65526,36.768669,36.274532,36.477047,361374
1458567000,36.428443,36.744367,36.148972,36.404141,244849
1458653400,36.161123,36.371739,35.942407,35.974809,159100
1458739800,35.877602,35.901904,35.083742,35.091843,171004
1458826200,34.800221,35.650785,34.427593,35.59408,132056
1459171800,35.610282,35.845199,35.245754,35.529275,106433
1459258200,35.294358,36.084167,34.938012,35.764193,152356
1459344600,35.796596,36.347437,35.796596,35.99101,168114
1459431000,35.893803,36.144922,35.521175,35.877602,165815
1459517400,35.918105,36.055815,35.351062,35.59408,154219
1459776600,35.334861,35.521175,34.832623,35.002736,212642
1459863000,34.873126,34.873126,34.119769,34.459995,198412
1459949400,34.273681,34.362788,33.544626,34.022562,222259
1460035800,33.892952,34.022157,32.758867,33.018086,313445
1460122200,33.366413,33.925355,32.807471,32.92898,148625
1460381400,33.009986,33.398815,32.66166,32.66976,92222
1460467800,32.718364,33.074791,32.097047,32.734565,101872
1460554200,32.920879,33.398815,32.888477,33.358312,149366
1460640600,33.301608,33.520324,32.831772,32.993785,166154
1460727000,32.93708,33.986109,32.588754,32.839873,126550
1460986200,32.637358,33.099092,32.519899,32.791269,147504
1461072600,32.920879,33.163897,32.410541,33.115294,104818
1461159000,33.042388,33.382614,32.880376,33.090992,100525
1461245400,33.171998,33.301608,33.009986,33.293507,163713
1461331800,33.33401,33.487922,32.985684,33.277306,151004
1461591000,33.277306,33.374513,32.831853,33.366413,127873
1461677400,33.342111,33.969908,32.953281,33.787644,103898
1461763800,33.779544,34.241278,33.722839,34.111669,164443
1461850200,33.925355,34.423542,33.86865,34.135971,126142
1461936600,34.160272,34.160272,33.074791,33.147696,281097
1462195800,33.212501,33.625632,33.058589,33.60133,147551
1462282200,33.374513,34.233097,32.734565,33.123394,109375
1462368600,32.839873,33.099092,32.329535,32.758867,163654
1462455000,32.945181,32.961382,30.438852,31.235952,664358
1462541400,31.20355,32.305233,31.07556,32.224227,226139
1462800600,32.224227,32.523949,31.99741,32.062214,142253
1462887000,33.625632,34.022562,32.523949,33.285406,291205
1462973400,33.471721,34.095467,32.037913,33.820047,314618
1463059800,34.030663,34.135971,33.147696,33.293507,284079
1463146200,33.277306,33.46767,32.629257,32.726464,336596
1463405400,32.839873,33.269205,32.370038,32.823672,192836
1463491800,32.742666,33.690356,32.054114,32.183724,186352
1463578200,32.127019,32.410541,31.932686,32.102717,179711
1463664600,31.965007,32.515849,31.616681,31.770592,158562
1463751000,31.900202,32.434842,31.900202,32.361937,140832
1464010200,32.26473,32.66166,32.013692,32.337635,137539
1464096600,32.572553,33.018086,32.548251,32.718364,141201
1464183000,32.831772,33.074791,32.443024,32.831772,118358
1464269400,32.912778,32.993785,32.114868,32.596855,119968
1464355800,32.588754,32.864175,32.451044,32.588754,94876
1464701400,32.702163,32.775068,32.208025,32.434842,148006
1464787800,32.588754,32.677861,31.985826,32.507748,214861
1464874200,32.40244,33.1963,32.378138,33.171998,194192
1464960600,33.220602,33.220602,32.451044,33.034288,189457
1465219800,33.147696,33.496022,32.896577,33.188199,141616
1465306200,33.220602,33.398815,33.06669,33.285406,159534
1465392600,33.155797,33.86055,33.090992,33.828147,401835
1465479000,33.714739,33.739041,32.831772,32.864175,207468
1465565400,32.66166,32.66166,31.673466,31.73819,161716
1465824600,31.60858,33.577028,31.227852,31.252153,155894
1465911000,31.219751,31.527574,30.822821,31.082041,150930
1465997400,31.365562,31.778612,31.187349,31.649083,205762
1466083800,31.616681,31.721989,31.106342,31.632882,262121
1466170200,31.632882,31.924504,31.114443,31.300757,200273
1466429400,31.721989,33.496022,31.316958,31.884001,298950
1466515800,32.054114,32.054114,31.316958,31.665284,193250
1466602200,31.786794,32.127019,31.357461,31.681486,309015
1466688600,31.948806,32.507748,31.778693,32.313333,165991
1466775000,31.114443,31.657184,30.741815,31.098242,487433
1467034200,30.839022,30.839022,29.891251,30.174772,291457
1467120600,30.498797,30.774217,30.263879,30.668909,174052
1467207000,31.025336,31.624781,30.782318,31.584278,197546
1467293400,31.551876,32.159422,31.268355,32.159422,286082
1467379800,32.199925,32.694062,32.029812,32.151321,147091
1467725400,31.543775,31.63596,29.521134,30.393489,294980
1467811800,30.288181,31.357461,29.513114,31.34126,251432
1467898200,31.292656,31.713888,31.130644,31.34126,182506
1467984600,31.624781,31.8678,31.397964,31.576178,267056
1468243800,31.802995,31.991334,31.268355,31.859699,125641
1468330200,31.956906,32.151321,31.649083,32.094617,169544
1468416600,32.216126,32.313333,31.713888,31.819196,113987
1468503000,32.046013,32.046013,31.389864,31.754391,120637
1468589400,31.754391,31.770592,31.430367,31.697687,111089
1468848600,31.576178,31.924504,31.576178,31.73819,198371
1468935000,31.705788,31.729279,31.357461,31.389864,134203
1469021400,31.462769,31.657184,31.280506,31.584278,108672
1469107800,31.657184,31.657184,31.316958,31.503272,138168
1469194200,31.543775,31.802995,31.446568,31.754391,105667
1469453400,31.697687,31.884001,31.535675,31.543775,94824
1469539800,31.576178,31.576178,31.049638,31.268355,217999
1469626200,31.430367,31.430367,31.049638,31.406065,160740
1469712600,31.397964,31.494362,30.782318,30.984833,149246
1469799000,30.871425,31.568077,30.831732,31.551876,293318
1470058200,31.397964,31.495172,30.94433,31.057739,158220
1470144600,31.098242,31.300757,30.304382,30.344885,199101
1470231000,30.304382,30.733714,30.255778,30.725614,132525
1470317400,30.798519,31.033437,30.458294,30.741815,90157
1470403800,30.863324,31.096622,30.579803,30.952431,251555
1470663000,30.895727,31.746291,30.863324,31.292656,229727
1470749400,32.677861,33.212501,31.381763,31.778693,273776
1470835800,31.73819,31.762492,30.879525,30.93623,243831
1470922200,31.146845,31.146845,29.996559,30.126169,205711
1471008600,29.988458,30.109886,29.640213,29.899352,197686
1471267800,30.020861,31.235952,30.020861,31.21165,247794
1471354200,31.057739,31.414166,30.660809,31.179248,149785
1471440600,31.179248,31.34126,30.795198,30.952431,165967
1471527000,31.07394,31.349361,30.579803,31.227852,212907
1471613400,31.235952,31.381763,31.074021,31.235952,155816
1471872600,31.21165,31.308858,30.215275,30.992934,101009
1471959000,31.057739,31.389864,31.033437,31.235952,121230
1472045400,31.260254,31.462688,31.179248,31.333159,131775
1472131800,31.195449,31.721989,31.187349,31.406065,199239
1472218200,31.551876,31.551876,30.847123,31.025336,133638
1472477400,31.163047,31.430367,31.163047,31.325059,132211
1472563800,31.414166,31.700927,31.163047,31.535675,170068
1472650200,31.592379,31.884001,31.20355,31.397964,266858
1472736600,31.697687,32.26473,31.349361,31.721989,312509
1472823000,31.973108,32.13512,31.754472,31.973108,169130
1473168600,32.013611,32.27283,31.535675,31.640983,289126
1473255000,31.616681,32.062214,31.308858,31.843498,338293
1473341400,31.811095,32.191743,31.705788,31.900202,195250
1473427800,31.746291,31.948806,31.268355,31.34126,281259
1473687000,31.292656,31.900202,31.021286,31.835397,185915
1473773400,31.592379,31.786794,31.325059,31.721989,244444
1473859800,31.689586,31.794894,31.049638,31.114443,205148
1473946200,31.130644,31.357461,30.928129,31.227852,227956
1474032600,31.001034,31.584278,30.94433,31.268355,833859
1474291800,31.20355,32.337635,31.20355,32.289031,216463
1474378200,32.313333,32.718364,32.062214,32.13512,190135
1474464600,32.240428,32.807471,32.118919,32.491547,194954
1474551000,32.734565,33.277306,32.621156,33.253004,235858
1474637400,33.301608,33.609431,33.090992,33.269205,276705
1474896600,33.244903,33.641833,32.92898,33.398815,326549
1474983000,33.415016,33.779544,33.406916,33.633733,332790
1475069400,33.803846,34.249379,33.099173,34.119769,237272
1475155800,34.111669,34.686812,34.079266,34.427593,275829
1475242200,34.508599,35.545477,34.427593,35.504974,413355
1475501400,35.504974,35.529275,34.78807,35.31866,325937
1475587800,35.083742,35.58598,34.342131,35.504974,379139
1475674200,35.513074,36.493248,34.413011,36.266431,231009
1475760600,36.64716,38.461696,36.477128,38.404992,795909
1475847000,38.323986,38.37259,37.675937,38.040465,343319
1476106200,38.388791,38.5103,37.848399,38.307785,211800
1476192600,38.348288,38.348288,37.659736,37.765044,227197
1476279000,37.611132,37.821748,36.752468,36.898279,265505
1476365400,36.590455,37.157498,36.298833,36.906379,136156
1476451800,37.027888,37.564149,36.687663,37.092693,178238
1476711000,36.92258,37.303309,36.760568,37.173699,249582
1476797400,37.659736,37.659736,37.133196,37.133196,135450
1476883800,37.189901,37.368114,36.412566,37.279007,159757
1476970200,37.230404,37.376215,37.100794,37.279007,91493
1477056600,37.1818,37.870352,36.865876,37.765044,239781
1477315800,37.918955,37.943257,37.44912,37.854151,139621
1477402200,37.789346,38.016163,37.554428,37.58683,155790
1477488600,37.351913,37.870352,37.351913,37.829849,141874
1477575000,37.886553,38.040465,37.376215,37.570629,146266
1477661400,37.546327,37.955408,37.360013,37.611132,139941
1477920600,37.813647,38.040465,37.408617,37.862251,219725
1478007000,38.056666,38.056666,36.971184,37.141297,191607
1478093400,37.173699,37.173699,36.52565,36.671461,161843
1478179800,36.614757,36.954983,36.566154,36.671461,104068
1478266200,36.833474,37.270907,36.582355,36.760568,227410
1478529000,37.084593,37.748843,35.650866,37.303309,247696
1478615400,37.667837,38.267282,36.039614,37.935157,370436
1478701800,37.635434,39.093544,36.606657,39.053041,201426
1478788200,39.458071,40.36534,39.077424,40.081818,356387
1478874600,39.96841,40.746068,39.03684,40.656962,252142
1479133800,40.908081,41.070093,40.454446,40.818974,255753
1479220200,40.851376,41.126797,40.543553,40.624559,250407
1479306600,40.527352,40.705565,40.381541,40.430145,205722
1479393000,40.50305,40.605199,40.284334,40.381541,134773
1479479400,40.50305,40.63671,40.332937,40.454446,165402
1479738600,40.584056,40.786571,40.357239,40.746068,154136
1479825000,40.729867,40.891879,40.36534,40.794672,135657
1479911400,40.63266,40.924282,40.454446,40.851376,151503
1480084200,41.021489,41.191602,40.438245,41.118696,73691
1480343400,40.908081,41.42652,40.721766,40.746068,117698
1480429800,40.867577,41.013388,40.64076,40.705565,94095
1480516200,41.013388,41.596632,40.543553,41.313111,342339
1480602600,41.539928,42.560605,41.118696,41.96926,295604
1480689000,41.815349,42.034065,41.110596,41.142998,235125
1480948200,41.337413,42.155574,40.948584,41.839651,162468
1481034600,41.953059,42.293285,41.705991,42.123172,96949
1481121000,42.244681,42.670854,42.163675,42.641611,119137
1481207400,42.528203,43.281559,42.398593,43.216754,127970
1481293800,43.492175,43.573181,42.22848,42.868428,137834
1481553000,42.989937,43.087145,42.155574,42.317587,95344
1481639400,42.301385,42.455297,41.677638,42.025965,132054
1481725800,42.212279,42.289235,41.791047,41.985462,129881
1481812200,41.920657,42.76717,41.83155,42.479599,121841
1481898600,42.293285,42.560605,42.212279,42.430995,186724
1482157800,42.617309,43.176251,42.212279,42.657812,111184
1482244200,42.819824,42.933233,42.131273,42.706416,93301
1482330600,42.463398,42.548454,42.001663,42.147474,181660
1482417000,42.325687,42.382392,41.604733,42.204178,123733
1482503400,42.163675,42.568706,41.889064,42.074568,60288
1482849000,41.993562,42.649712,41.993562,42.09887,135433
1482935400,42.179876,42.236581,41.661437,42.155574,105799
1483021800,42.382392,42.422895,41.677638,41.953059,81590
1483108200,42.147474,42.147474,41.094395,41.629035,208364
1483453800,41.499425,42.017864,40.527352,41.807248,152036
1483540200,41.523727,42.002878,41.329312,41.863952,208423
1483626600,41.742443,42.017864,41.410318,41.799148,103268
1483713000,41.774846,41.944959,41.126797,41.248306,158321
1483972200,41.321212,41.791047,41.070093,41.256407,127631
1484058600,41.264507,41.742443,41.134898,41.734343,115924
1484145000,41.880154,42.528203,41.596632,42.455297,161428
1484231400,42.455297,42.811643,41.985462,42.76312,132692
1484317800,42.908931,43.338264,42.722617,42.89273,202411
1484663400,42.811724,42.949434,41.151099,42.933233,207980
1484749800,42.933233,43.265358,40.357239,43.249157,231192
1484836200,43.208654,43.403068,42.406693,43.313962,189206
1484922600,43.200553,43.451672,43.02639,43.28966,192858
1485181800,43.330163,43.362565,42.115071,42.349989,131388
1485268200,42.528203,42.844126,41.847751,42.560605,125937
1485354600,42.722617,43.249157,42.698315,43.038541,112613
1485441000,43.070943,43.200553,42.512001,42.827925,166540
1485527400,42.89273,42.89273,41.936858,42.657812,333567
1485786600,42.471498,42.471498,40.746068,41.523727,193152
1485873000,41.288809,41.394117,40.924282,41.256407,199938
1485959400,42.317587,45.09885,42.317587,44.601959,905082
1486045800,44.391343,46.027666,43.832482,45.363416,426748
1486132200,45.436321,46.003364,45.096096,45.403919,262512
1486391400,44.998889,45.727943,44.824725,44.877379,277779
1486477800,44.674864,44.812575,43.605584,43.881004,311253
1486564200,43.629885,44.375061,43.006138,43.079044,321456
1486650600,43.249157,43.573181,42.568706,43.079044,215356
1486737000,43.014239,44.002514,42.89678,43.589382,168855
1486996200,43.751395,44.076229,43.475974,43.605584,135351
1487082600,43.403068,43.783797,43.29776,43.735193,110194
1487169000,43.856703,43.856703,43.362565,43.492175,137529
1487255400,43.540779,44.326538,43.540779,44.148325,274994
1487341800,43.95391,44.75587,43.743294,44.650562,233058
1487687400,44.132123,45.047492,44.132123,44.836876,201041
1487773800,44.934084,45.055593,44.61816,44.982687,176308
1487860200,44.75587,44.934084,44.22123,44.74777,302178
1487946600,44.569556,46.400294,43.710973,45.565931,414944
1488205800,45.525428,45.68744,44.439946,44.788273,372920
1488292200,42.925132,43.710892,42.082669,43.151949,769974
1488378600,43.743294,43.937709,42.548454,43.808099,248333
1488465000,43.808099,44.043017,42.908931,43.735193,245740
1488551400,43.727093,43.727093,42.917842,43.42737,206441
1488810600,43.28966,43.318012,41.772092,42.568706,227769
1488897000,41.993562,42.62541,41.993562,42.544404,266493
1488983400,42.584907,43.297679,42.584907,43.232956,166472
1489069800,42.989937,43.532678,41.750544,43.200553,130921
1489156200,43.28966,43.799998,42.957535,43.516477,145123
1489411800,43.500276,44.09162,43.095245,43.775696,256351
1489498200,43.500276,44.545254,43.184352,44.520953,332342
1489584600,44.553355,44.853078,44.099721,44.553355,406145
1489671000,44.48855,44.950285,44.002514,44.691065,141597
1489757400,44.796373,45.079895,43.945809,44.772071,563719
1490016600,44.496651,45.136599,44.423745,44.942184,159992
1490103000,44.901681,45.193303,44.310337,44.464248,378827
1490189400,44.601959,45.031291,44.464248,44.545254,649786
1490275800,44.269834,45.1528,43.824381,44.658663,287572
1490362200,44.739669,44.966486,44.464248,44.699166,354406
1490621400,44.399443,44.569556,43.508376,44.22123,263518
1490707800,43.913407,44.391343,42.965635,44.09162,600435
1490794200,43.840501,44.763971,43.69064,44.62626,204395
1490880600,44.796373,45.330933,44.691146,45.28241,171010
1490967000,45.331014,46.165376,44.83072,46.132974,343838
1491226200,45.906157,46.440797,45.736044,45.954761,353822
1491312600,45.606434,46.319288,43.005814,46.149175,332125
1491399000,46.262584,46.294986,44.593858,45.298611,689691
1491485400,45.331014,45.849453,44.448047,45.655038,121272
1491571800,45.655038,46.230181,45.493026,45.833251,165689
1491831000,45.865654,46.294986,45.731994,46.035767,134040
1491917400,46.027666,46.165376,45.711742,46.003364,141763
1492003800,46.011465,46.132974,45.622636,45.671239,118220
1492090200,45.104196,45.906157,44.853078,44.88548,108358
1492435800,44.982687,45.906157,44.88548,45.833251,185205
1492522200,45.736044,46.149175,45.614535,45.80895,267000
1492608600,46.051968,46.359791,45.452523,46.230181,217853
1492695000,46.416495,46.659514,46.29207,46.578508,127480
1492781400,46.554206,46.797224,45.910207,46.092471,132789
1493040600,46.262584,46.497501,46.128924,46.246382,279571
1493127000,46.448898,47.299462,46.319288,47.096947,288519
1493213400,47.096947,48.012315,47.096947,47.307562,198917
1493299800,47.356166,47.882706,47.00784,47.14555,159676
1493386200,47.210355,47.558681,45.857634,46.627111,153288
1493645400,46.910633,47.153651,46.695237,47.072645,214165
1493731800,47.250858,47.607285,46.934934,47.461474,185666
1493818200,47.283261,47.67209,46.100572,46.772922,244965
1493904600,46.967337,46.967337,46.311187,46.4813,157188
1493991000,46.675715,47.615386,46.432697,47.582983,154058
1494250200,47.54248,48.093322,47.186053,47.688291,88826
1494336600,47.785498,47.785498,47.194154,47.477675,203511
1494423000,47.955611,48.012315,46.051968,46.529904,494482
1494509400,46.538004,47.177953,45.792748,46.092471,178612
1494595800,45.987163,46.440797,45.080705,45.970962,183022
1494855000,45.80895,47.096947,45.80895,46.667614,207369
1494941400,46.602809,47.024041,46.246382,46.934934,169165
1495027800,46.448898,46.586608,45.995264,46.141075,183868
1495114200,45.881855,46.853928,45.160901,46.521803,183638
1495200600,46.700017,47.088846,45.671239,47.00784,151695
1495459800,46.983538,47.761197,45.975012,47.582983,181561
1495546200,47.688291,47.971812,47.380549,47.534379,295059
1495632600,47.696392,47.898907,47.335915,47.826001,192948
1495719000,47.923209,48.020416,47.135991,47.874605,117944
1495805400,47.947511,48.441648,47.469656,48.044718,176236
1496151000,48.125724,48.360642,47.477675,47.526279,95349
1496237400,47.753096,47.959662,47.056443,47.834102,206285
1496323800,47.988014,48.879081,47.47565,48.725169,226205
1496410200,48.73327,49.729645,48.182428,49.53523,262860
1496669400,49.705343,50.252134,49.494727,49.705343,207496
1496755800,49.413721,49.843053,49.122099,49.365117,244961
1496842200,49.26791,49.717494,48.765672,48.927684,150624
1496928600,48.992489,50.256184,48.652264,50.150877,190793
1497015000,50.094172,50.572108,49.247658,49.786349,202688
1497274200,49.681041,50.555907,48.757572,49.53523,139594
1497360600,49.462325,50.110373,49.462325,49.93216,158847
1497447000,50.021267,50.288587,49.591934,50.053669,185220
1497533400,49.826852,49.980764,49.227407,49.80255,190522
1497619800,49.843053,50.183279,49.195005,49.211206,781642
1497879000,49.583834,50.628813,49.425872,50.426297,264749
1497965400,50.555907,50.555907,49.40562,49.40562,134325
1498051800,49.648639,50.171128,48.789974,49.259809,238215
1498138200,49.389419,49.705343,48.895282,48.992489,181608
1498224600,49.016791,49.591934,48.806175,49.170703,248293
1498483800,49.284111,49.583834,49.154501,49.365117,127573
1498570200,49.316514,49.438023,48.708968,48.717069,125826
1498656600,48.879081,49.616236,48.604389,49.543331,288994
1498743000,49.575733,49.575733,48.263434,49.308413,231636
1498829400,49.494727,49.575733,48.546956,49.170703,417231
1499088600,49.162602,49.365117,48.636062,48.927684,84766
1499261400,48.773773,48.814276,47.874605,48.74137,225004
1499347800,48.490251,48.700867,47.736895,47.988014,273978
1499434200,48.166227,48.789974,48.07712,48.636062,129898
1499693400,48.522654,48.87098,47.971812,48.506453,190257
1499779800,48.231032,48.943886,48.117623,48.441648,151234
1499866200,48.757572,48.943886,48.34444,48.838578,168047
1499952600,48.854779,48.992489,48.433547,48.506453,143518
1500039000,48.514553,49.020841,46.594709,48.968187,189258
1500298200,48.968187,49.413721,48.806175,49.26791,133829
1500384600,49.195005,49.195005,48.401145,48.74137,101289
1500471000,48.765672,49.737745,48.765672,49.429922,175705
1500557400,49.648639,49.819643,48.943886,49.478526,104161
1500643800,49.373218,49.810651,49.186904,49.648639,103667
1500903000,49.640538,49.902188,49.219306,49.737745,98675
1500989400,49.826852,49.867355,49.032992,49.810651,209416
1501075800,49.988864,50.041518,49.1383,49.656739,98841
1501162200,49.762047,49.79445,48.830477,49.462325,142128
1501248600,49.259809,49.697242,48.943886,49.519029,102908
1501507800,49.632437,49.810651,48.838578,49.195005,177963
1501594200,49.373218,49.681041,49.041093,49.454224,267967
1501680600,49.454224,49.583834,48.943886,49.324614,164477
1501767000,49.284111,49.53523,48.717069,48.919584,104880
1501853400,49.024892,49.146401,48.490251,48.830477,95782
1502112600,48.757572,48.895282,48.19863,48.765672,196579
1502199000,48.757572,48.895282,48.255334,48.652264,147912
1502285400,47.688291,49.899758,45.703642,46.068169,274971
1502371800,46.165376,46.643312,44.367851,45.898056,232886
1502458200,45.792748,46.197779,45.250007,46.011465,138658
1502717400,46.424596,47.202254,45.94666,47.153651,187613
1502803800,47.113148,47.420971,46.489401,46.74052,137076
1502890200,46.951136,47.13745,46.363841,47.024041,196928
1502976600,46.910633,47.024041,46.447278,46.683815,193242
1503063000,46.529904,46.651413,42.795523,46.124873,99317
1503322200,46.060068,46.533954,45.606434,45.711742,100467
1503408600,45.703642,46.327389,45.574032,46.205879,106261
1503495000,45.881855,46.87823,43.791898,46.667614,117684
1503581400,46.772922,47.931309,46.392193,47.8098,326827
1503667800,47.858404,48.46595,46.999739,47.720694,103455
1503927000,47.866504,48.475103,47.161751,47.307562,155456
1504013400,47.080745,47.777398,46.343671,47.40477,129942
1504099800,47.388569,47.996114,47.121248,47.915108,130353
1504186200,47.971812,48.927684,46.870129,48.846678,144443
1504272600,48.830477,48.911483,48.360642,48.441648,125526
1504618200,48.271535,48.611761,46.951136,47.388569,240042
1504704600,47.68019,47.850303,46.951136,47.01594,111371
1504791000,47.242758,47.242758,45.898056,45.930459,231860
1504877400,45.565931,45.833251,44.877379,45.468724,178387
1505136600,45.849453,46.124873,45.387718,45.565931,169720
1505223000,45.800849,46.586608,45.557831,45.906157,233450
1505309400,45.800849,46.197779,45.719843,45.962861,97537
1505395800,45.881855,46.230181,45.444422,46.132974,112063
1505482200,45.938559,46.951136,45.727943,46.635212,248680
1505741400,46.675715,47.056443,46.303087,46.538004,189735
1505827800,46.586608,47.024041,46.189678,46.870129,94322
1505914200,46.894431,46.934934,46.546105,46.902532,78080
1506000600,46.910633,47.242758,45.865735,47.040242,85528
1506087000,47.161751,47.307562,46.716218,46.789123,81446
1506346200,46.635212,46.635212,45.849453,45.995264,113860
1506432600,45.930459,46.177527,45.363416,45.841352,97953
1506519000,45.881855,46.959236,45.618585,46.448898,144703
1506605400,46.359791,46.756721,45.193384,46.278785,101819
1506691800,46.392193,46.505602,45.051948,46.359791,86165
1506951000,46.497501,46.497501,45.81705,46.205879,174309
1507037400,45.995264,46.416495,45.853503,46.400294,209552
1507123800,46.197779,46.546105,45.938559,46.08437,312755
1507210200,46.238282,46.465099,45.703642,45.719843,125933
1507296600,45.719843,45.849453,45.160901,45.849453,213635
1507555800,45.849453,45.922358,45.28241,45.565931,84913
1507642200,45.776547,45.776547,45.343164,45.614535,81769
1507728600,45.541629,45.622636,45.031372,45.347215,165075
1507815000,45.096096,45.274309,44.682965,45.096096,122443
1507901400,45.185203,45.185203,44.666764,44.796373,129517
1508160600,44.715367,44.934084,43.978212,44.107821,131775
1508247000,43.95391,44.399443,43.881004,44.375142,207122
1508333400,44.415645,44.642462,44.079469,44.237431,119650
1508419800,44.08352,44.237431,43.680109,44.002514,140437
1508506200,44.124023,44.62626,44.124023,44.464248,100243
1508765400,44.585757,44.623668,44.213129,44.318437,82335
1508851800,44.383242,44.723468,44.237431,44.464248,87042
1508938200,44.334639,44.42577,43.799998,44.140224,70355
1509024600,44.034916,44.237431,43.751395,44.188828,128413
1509111000,44.367041,45.517328,44.310337,45.395818,164615
1509370200,45.290511,45.322913,44.861178,45.120398,124604
1509456600,45.201404,45.363416,44.836876,45.322913,154178
1509543000,45.525428,45.525428,43.208654,43.702791,310734
1509629400,43.856703,43.864803,42.609209,42.949434,344775
1509715800,43.03044,43.625835,42.212279,42.512001,136546
1509978600,42.349989,43.702791,42.349989,43.629885,108242
1510065000,43.475974,43.921507,43.046642,43.646087,199145
1510151400,44.75587,46.983538,44.75587,46.132974,320396
1510237800,45.938559,46.34359,44.310337,44.367041,196913
1510324200,44.237431,45.314812,44.237431,45.112297,144011
1510583400,45.104196,45.703642,44.273884,44.869279,169104
1510669800,45.031291,47.8017,44.61816,47.688291,440533
1510756200,47.27516,47.777398,45.610485,46.926834,227474
1510842600,46.797224,48.47405,46.141075,47.955611,219594
1510929000,47.866504,48.684666,46.708198,48.498352,190152
1511188200,48.376843,48.595559,47.121248,48.263434,146987
1511274600,48.360642,49.089697,48.150107,48.595559,80858
1511361000,48.611761,48.895282,48.105472,48.279636,118271
1511533800,48.20673,48.360642,46.934934,48.287736,93469
1511793000,48.263434,48.490251,47.016021,48.028517,136898
1511879400,48.004215,49.154501,47.773347,49.1302,200913
1511965800,49.413721,50.211631,48.854779,49.1302,189362
1512052200,49.389419,49.616236,47.016183,48.482151,197099
1512138600,48.611761,48.984389,47.656699,48.887181,188333
1512397800,49.883556,49.980764,48.158126,48.231032,208975
1512484200,48.490251,48.627962,47.267059,47.631587,185293
1512570600,47.582983,47.728794,47.040242,47.121248,120794
1512657000,47.307562,47.68019,47.048343,47.226556,114725
1512743400,47.591084,47.793599,47.40477,47.582983,97148
1513002600,47.501977,48.231032,47.453373,47.971812,109725
1513089000,48.004215,48.036617,47.291361,47.40477,118151
1513175400,47.105047,48.546956,47.105047,48.004215,184688
1513261800,48.158126,48.158126,47.591084,47.777398,142268
1513348200,47.915108,48.449748,47.704492,47.874605,225017
1513607400,48.352541,48.708968,47.939491,48.287736,112963
1513693800,48.012315,48.182428,47.437172,47.558681,152489
1513780200,47.655889,48.425447,47.453373,47.858404,196255
1513866600,47.931309,48.263434,47.744995,47.834102,131601
1513953000,48.044718,48.052819,47.574883,47.712593,105431
1514298600,47.753096,48.044718,47.372367,47.712593,116478
1514385000,47.607285,48.101422,47.607285,47.971812,95780
1514471400,48.166227,48.190529,47.817901,48.158126,71263
1514557800,48.20673,48.86288,47.765247,48.522654,162263
1514903400,48.579358,48.822376,47.696392,47.93941,177395
1514989800,47.712593,47.931309,46.918733,47.898907,438025
1515076200,47.834102,48.376843,47.720694,48.295837,267114
1515162600,48.555056,49.178803,48.020416,49.1302,158305
1515421800,49.146401,49.616236,48.60366,49.446123,150923
1515508200,49.672941,49.964562,49.446123,49.624337,236068
1515594600,49.519029,49.547948,48.020416,48.482151,166323
1515681000,48.587459,49.640538,48.587459,49.381319,91069
1515767400,49.470425,49.826852,48.943886,49.778248,76346
1516113000,49.899758,50.126575,49.041093,49.40562,238594
1516199400,49.818752,49.972663,49.357017,49.786349,115738
1516285800,49.915959,49.915959,49.474476,49.583834,59696
1516372200,49.640538,50.094172,49.446123,50.045569,59451
1516631400,50.021267,50.118474,49.39752,50.029367,123079
1516717800,50.021267,50.4587,49.80255,50.102273,149344
1516804200,50.175178,50.426297,49.243608,49.39752,92754
1516890600,49.494727,49.721544,49.1302,49.575733,127281
1516977000,49.875456,49.875456,49.154501,49.494727,171556
1517236200,49.494727,49.53523,49.049194,49.348916,78802
1517322600,49.057294,50.19948,48.87098,49.770148,196185
1517409000,49.907858,50.086072,49.1302,49.462325,190146
1517495400,49.259809,50.264285,49.259809,50.19138,119567
1517581800,49.753947,50.126575,49.041093,49.600035,120797
1517841000,49.1302,49.332715,47.372367,47.372367,210970
1517927400,46.262584,47.744995,45.460623,47.744995,228880
1518013800,47.437172,48.07712,47.429072,47.955611,187880
1518100200,47.915108,48.20673,46.991639,46.991639,188907
1518186600,47.218456,47.647788,44.375142,45.784648,253950
1518445800,45.954761,46.862029,44.709292,46.286886,164893
1518532200,46.132974,46.311187,45.250007,46.100572,175573
1518618600,45.655038,46.562306,45.412101,46.513703,133736
1518705000,46.886331,47.931309,46.303087,47.907008,191912
1518791400,47.915108,48.700867,46.894512,48.425447,269689
1519137000,48.425447,48.838578,47.963712,48.231032,198380
1519223400,48.231032,48.86288,48.117623,48.482151,188333
1519309800,47.647788,49.393469,46.643312,46.74862,316911
1519396200,47.080745,48.490251,46.20993,48.376843,196634
1519655400,48.60366,48.951986,47.753096,47.898907,289338
1519741800,47.979913,48.393044,47.323764,47.388569,210832
1519828200,47.323764,47.793599,46.853928,46.999739,347705
1519914600,47.072645,47.072645,45.436321,45.873754,297251
1520001000,45.347215,46.359791,44.983497,46.197779,143981
1520260200,46.08437,47.202254,45.719843,47.040242,226032
1520346600,47.072645,47.352116,46.724318,47.00784,188688
1520433000,46.724318,47.323764,46.700098,47.242758,148429
1520519400,47.315663,48.117623,46.902532,47.339965,159602
1520605800,47.242758,47.712593,47.165802,47.307562,140677
1520861400,47.27516,48.060919,47.27516,47.761197,240075
1520947800,47.842203,47.870555,46.87418,47.024041,335763
1521034200,47.218456,47.826001,46.975437,47.056443,350879
1521120600,47.267059,47.267059,46.424596,46.578508,147620
1521207000,46.789123,47.045913,46.384093,46.724318,312696
1521466200,46.505602,46.951136,45.663139,46.222081,145717
1521552600,46.21398,46.768872,45.606434,45.68744,216081
1521639000,45.590233,46.384093,45.590233,45.938559,235145
1521725400,45.533529,45.752245,44.691065,44.715367,245054
1521811800,44.763971,45.047492,43.394968,43.41927,263798
1522071000,43.970111,44.504751,43.224855,43.751395,227842
1522157400,43.840501,44.610059,42.75502,42.933233,279459
1522243800,42.876529,43.006138,42.35809,42.617309,237585
1522330200,42.76312,43.03044,42.187977,42.746919,327366
1522675800,42.544404,43.55698,41.880154,42.236581,291560
1522762200,42.4958,44.35084,42.131273,44.302236,555223
1522848600,43.621785,44.925983,43.621785,44.48855,1535834
1522935000,44.699166,44.958386,43.548312,44.196928,560238
1523021400,43.95391,44.164526,43.119547,43.508376,340115
1523280600,43.783797,44.472349,43.718992,43.881004,229244
1523367000,44.383242,44.796373,44.010614,44.545254,342470
1523453400,44.472349,45.079895,44.399443,44.537154,260095
1523539800,44.780172,44.804474,43.354465,44.472349,226674
1523626200,44.634361,44.634361,44.124023,44.229331,174853
1523885400,44.399443,44.763971,44.025357,44.682965,302277
1523971800,44.893581,45.28241,43.584927,44.990788,386677
1524058200,45.201404,45.598334,44.828776,45.087995,324186
1524144600,45.169001,45.233806,44.62626,44.75587,148257
1524231000,44.974587,44.974587,44.35084,44.512852,301599
1524490200,44.739669,45.039392,43.751476,44.431846,190914
1524576600,44.537154,45.006989,43.672009,44.277934,181318
1524663000,44.391343,44.88143,43.143849,43.475974,204411
1524749400,43.621785,43.68659,42.536303,43.394968,193896
1524835800,43.55698,44.148325,43.111446,43.111446,287410
1525095000,43.305861,43.305861,42.430995,42.560605,288585
1525181400,42.528203,42.787422,42.123172,42.536303,285736
1525267800,42.528203,42.734768,41.940908,42.333788,229033
1525354200,42.196077,42.370241,41.596632,41.953059,336022
1525440600,42.025965,42.528203,41.580431,42.22848,270437
1525699800,42.333788,42.674013,41.888254,42.163675,490211
1525786200,42.001663,42.325687,41.483224,41.531827,333509
1525872600,41.572331,41.718142,41.070093,41.677638,413534
1525959000,42.447196,42.447196,41.070093,42.009763,322310
1526045400,42.730718,43.929608,42.423867,42.520102,706231
1526304600,42.447196,42.75502,41.936858,42.042166,611009
1526391000,41.782946,41.904456,41.345513,41.369815,286640
1526477400,41.42652,41.475123,40.92736,41.224004,220551
1526563800,41.1673,41.467023,41.013388,41.272608,255716
1526650200,41.232105,41.475123,40.843276,40.924282,291300
1526909400,41.053891,41.313111,40.584056,40.827074,220268
1526995800,40.665062,40.980986,40.251931,40.486849,275069
1527082200,40.260032,40.438245,39.085443,39.539077,412080
1527168600,39.425669,39.927907,39.012538,39.30416,485609
1527255000,39.31226,39.927907,38.77762,38.891029,411291
1527600600,38.753318,39.142148,38.332168,38.899129,237972
1527687000,39.028739,39.166449,38.494099,38.550803,197098
1527773400,38.542702,39.421619,37.959458,38.105269,599296
1527859800,38.348288,38.558904,37.943257,38.275382,315231
1528119000,38.072867,39.263657,37.951358,38.90723,653265
1528205400,38.947733,39.522876,38.518401,38.761419,289742
1528291800,38.91533,39.158349,38.648091,38.988236,424937
1528378200,38.980135,39.069242,38.388791,38.469797,259482
1528464600,38.299684,38.5103,38.032364,38.121471,456629
1528723800,38.153873,38.77762,37.813647,37.878452,287796
1528810200,37.70834,37.858201,36.898279,37.262806,575507
1528896600,37.432919,38.202477,37.295208,37.748843,574567
1528983000,37.756943,38.121471,37.343812,37.870352,295322
1529069400,37.684038,37.700239,37.149397,37.481522,755188
1529328600,37.189901,37.765044,36.549952,37.198001,555177
1529415000,36.92258,37.108894,36.865957,37.003586,390252
1529501400,37.100794,37.100794,36.801071,36.857776,308259
1529587800,36.882077,36.882077,36.315035,36.639059,566575
1529674200,37.748843,37.748843,36.193525,36.582355,560954
1529933400,36.549952,36.890178,36.501349,36.801071,268543
1530019800,36.833474,37.067581,36.290733,36.355538,426699
1530106200,36.072016,36.501349,35.966708,36.177324,743340
1530192600,36.282632,36.52565,36.015312,36.282632,560642
1530279000,36.371739,36.849675,35.950507,35.966708,334274
1530538200,35.780394,35.893803,35.095893,35.885702,466127
1530624600,35.885702,36.752468,35.675086,36.501349,226007
1530797400,36.574254,36.882077,36.25833,36.817272,578368
1530883800,36.825373,37.635434,36.817353,37.505824,279253
1531143000,37.58683,38.315885,37.384315,38.283483,572269
1531229400,38.356388,38.421193,38.072867,38.299684,396117
1531315800,38.105269,38.194376,37.813647,37.967559,316844
1531402200,38.105269,38.413093,37.837949,38.348288,366794
1531488600,38.37259,38.429294,38.145772,38.210577,166872
1531747800,38.24298,38.38474,37.643535,37.724541,200450
1531834200,37.643535,37.765044,37.174509,37.270907,178732
1531920600,37.376215,37.558478,37.035989,37.100794,209664
1532007000,37.060291,37.238504,36.792971,37.108894,308001
1532093400,37.035989,37.035989,36.614757,36.687663,211849
1532352600,36.679562,36.776769,36.315035,36.736266,211177
1532439000,36.792971,36.873977,36.436544,36.541852,150734
1532525400,36.533751,36.533751,35.910004,36.193525,193220
1532611800,36.185425,36.355538,35.958608,36.185425,226953
1532698200,36.193525,36.266431,35.837099,35.901904,346526
1532957400,35.918105,36.262381,35.650785,36.072016,162189
1533043800,36.201626,36.590455,35.772375,36.444644,180554
1533130200,36.436544,37.080542,35.893803,36.088218,441840
1533216600,35.828998,36.363638,35.828998,36.282632,128634
1533303000,36.25833,36.78487,35.772375,36.347437,177605
1533562200,36.266431,37.015737,36.104419,36.92258,448951
1533648600,37.781245,39.611983,36.971184,38.882928,756273
1533735000,38.882928,39.004437,38.267282,38.672312,373785
1533821400,38.729016,39.644385,38.696614,39.482373,330326
1533907800,39.466172,39.680838,38.356388,38.599407,280878
1534167000,38.664212,39.474273,38.404992,38.688513,262102
1534253400,38.874827,39.952209,38.656111,39.814498,226812
1534339800,39.530977,39.705059,38.429294,38.720916,221412
1534426200,38.826224,39.595782,38.503009,39.239355,253361
1534512600,39.239355,39.356814,38.712896,39.142148,177771
1534771800,39.109745,39.393266,38.842425,39.271757,166635
1534858200,39.368965,39.863102,39.166449,39.668687,237689
1534944600,39.668687,40.033215,39.271757,39.936007,171061
1535031000,39.798297,40.033215,39.385166,39.498574,276310
1535117400,39.684888,39.971893,39.117927,39.57958,145671
1535376600,39.684888,40.446346,39.134128,39.725391,131609
1535463000,39.927907,39.927907,39.239355,39.539077,165924
1535549400,39.555279,39.741593,39.239355,39.668687,201474
1535635800,39.522876,39.522876,38.826224,39.101644,185658
1535722200,38.939632,39.238626,38.656111,38.882928,185188
1536067800,38.793821,38.996337,38.275382,38.453596,258576
1536154200,38.413093,38.850526,38.170074,38.340187,413565
1536240600,38.38069,38.453596,37.837949,38.161974,139341
1536327000,38.097169,38.445495,37.805547,38.210577,126711
1536586200,38.356388,39.004437,38.299765,38.769519,338044
1536672600,38.583205,39.093544,38.299684,38.315885,232739
1536759000,38.291583,38.801922,38.161974,38.672312,216845
1536845400,38.850526,39.490474,38.850526,39.421619,210460
1536931800,39.506675,39.539077,39.053041,39.134047,349031
1537191000,39.125946,39.417568,38.761419,38.826224,224776
1537277400,39.109745,39.30416,38.737117,39.239355,271215
1537363800,39.328462,39.555279,38.923512,39.223154,343645
1537450200,39.344663,39.57958,38.672312,38.696614,437080
1537536600,38.688513,38.77357,37.667837,37.700239,667712
1537795800,37.04409,37.594931,36.882077,37.481522,544405
1537882200,37.513925,37.918955,37.44912,37.675937,432178
1537968600,37.684038,37.866301,37.05219,37.068391,226280
1538055000,37.230404,37.550378,37.060291,37.246605,255870
1538141400,37.189901,38.842425,37.108894,37.562529,213829
1538400600,37.667837,37.902754,36.728166,36.760568,306110
1538487000,36.574254,37.424818,36.381379,37.04409,226998
1538573400,37.262806,37.65682,37.003586,37.238504,385385
1538659800,37.165599,37.424818,35.985745,36.711965,176794
1538746200,36.792971,36.792971,35.84528,36.193525,303687
1539005400,36.055815,36.225928,35.950507,36.063916,214074
1539091800,36.055815,36.088218,35.675086,36.015312,202890
1539178200,36.031513,36.282632,35.464471,35.496873,432929
1539264600,35.488772,35.683187,34.622007,34.686812,388275
1539351000,35.148547,35.363213,34.476196,34.905528,252711
1539610200,34.897428,35.496873,34.897428,35.164748,336419
1539696600,35.375364,36.193525,35.31866,36.153022,217081
1539783000,36.153022,36.412242,35.974809,36.306934,389108
1539869400,36.282632,36.428443,35.091762,35.108044,172596
1539955800,35.31866,35.577879,34.946032,35.099943,230664
1540215000,35.19715,35.19715,34.565303,34.694913,193933
1540301400,34.427593,34.427593,33.058589,33.876751,379235
1540387800,33.884852,34.374939,31.956906,31.989309,313455
1540474200,32.191824,32.556352,32.118919,32.442943,235650
1540560600,31.99741,32.16979,30.920028,31.584278,368571
1540819800,31.811095,32.499647,30.620306,30.968632,167161
1540906200,31.009135,31.989309,29.743901,31.892102,4259015
1540992600,32.216126,33.155797,32.127019,32.847974,327858
1541079000,33.123394,34.119769,32.633307,33.544626,470779
1541165400,33.803846,34.176474,33.026187,33.504123,334895
1541428200,33.617532,33.787644,32.864175,33.220602,199892
1541514600,33.1963,33.768122,33.153691,33.577028,483437
1541601000,33.755242,34.249298,33.155149,34.087367,225648
1541687400,32.783169,34.387089,30.782318,30.952431,701303
1541773800,30.061364,31.009135,28.141519,30.733714,4253432
1542033000,30.94433,32.451044,30.94433,31.746291,1293766
1542119400,31.843498,33.103143,31.588329,32.394339,883930
1542205800,32.580653,32.839873,32.13512,32.410541,794999
1542292200,32.305233,33.755242,30.847123,33.633733,925943
1542378600,33.544626,34.338486,33.269205,34.022562,753240
1542637800,34.014461,34.370888,33.236803,33.520324,866981
1542724200,33.212501,33.803846,32.807471,32.945181,772587
1542810600,33.1963,33.933455,32.92898,33.917254,234786
1542983400,33.577028,34.119769,33.577028,33.844349,99554
1543242600,33.755242,34.573403,33.755242,34.014461,296381
1543329000,33.949657,34.500498,33.496103,34.054964,339469
1543415400,34.095467,34.589605,33.771443,34.508599,275866
1543501800,34.500498,34.743516,33.633733,33.771443,364184
1543588200,33.706638,34.054964,33.585129,33.892952,342440
1543847400,34.338486,34.403291,33.479821,34.030663,317479
1543933800,34.038763,34.208795,32.523949,32.604955,295493
1544106600,32.248528,32.750766,31.592379,32.702163,291779
1544193000,32.604955,33.236803,32.102798,32.313333,501658
1544452200,32.27283,32.750766,31.632882,32.256629,1030919
1544538600,32.66166,32.977583,31.8678,32.191824,645959
1544625000,32.556352,33.090992,31.705788,32.378138,366311
1544711400,32.491547,32.523949,31.389864,31.584278,391312
1544797800,31.268355,31.458719,30.288181,30.701312,945321
1545057000,30.668909,31.2076,29.563176,29.680635,710045
1545143400,29.87505,29.947955,28.473644,29.08119,977325
1545229800,29.097391,30.14237,28.975882,29.154095,682154
1545316200,29.145995,29.640132,28.352135,28.68426,418390
1545402600,28.846272,29.032586,27.930903,28.052412,639995
1545661800,27.857998,28.133419,27.205899,27.388162,181308
1545834600,27.533973,28.351649,27.412464,28.311632,454350
1545921000,28.060513,28.54655,27.436766,28.497946,400713
1546007400,28.651858,29.680635,28.619455,29.356611,346162
1546266600,29.61583,29.74544,29.271554,29.74544,340270
1546439400,29.356611,29.964075,28.890826,29.891251,240659
1546525800,29.567227,30.377288,29.34851,29.761641,337242
1546612200,29.891251,31.235952,29.585453,30.928129,551230
1546871400,31.041538,31.187349,30.28008,30.523098,606032
1546957800,30.717513,31.235952,30.466394,31.195449,284889
1547044200,31.389864,31.657184,31.114443,31.244053,289414
1547130600,31.07394,31.770592,30.883576,31.592379,193066
1547217000,31.519474,31.576178,31.187349,31.462769,265988
1547476200,31.389864,31.754391,30.685111,31.365562,362481
1547562600,31.373663,31.592379,31.114443,31.454669,397630
1547649000,31.592379,31.661234,31.294682,31.503272,298666
1547735400,31.454669,31.798945,31.236033,31.559977,554759
1547821800,31.802995,32.013611,31.414247,31.99741,987023
1548167400,31.778693,32.118919,31.041538,31.179248,198083
1548253800,31.260254,31.527574,30.782318,31.098242,301157
1548340200,31.090141,31.681486,31.049638,31.519474,406261
1548426600,31.519474,32.499647,31.519474,31.965007,697849
1548685800,31.794894,32.430792,31.649083,31.8759,1189103
1548772200,32.029812,32.580653,31.859699,32.370038,476480
1548858600,32.370038,32.758867,32.203975,32.361937,244233
1548945000,32.361937,33.220602,32.280931,33.1963,675635
1549031400,33.269205,33.820047,33.236803,33.398815,440990
1549290600,33.398815,33.633733,33.253004,33.617532,244781
1549377000,33.641833,33.937506,33.107193,33.293507,474664
1549463400,33.496022,33.544626,33.090992,33.163897,384037
1549549800,33.163897,33.212501,32.66166,33.001885,428634
1549636200,33.001885,33.706638,32.977583,33.585129,407296
1549895400,33.690437,33.941556,33.512224,33.658035,250952
1549981800,33.771443,34.25748,33.585129,33.852449,458971
1550068200,34.006361,34.006361,33.496022,33.795745,404044
1550154600,33.739041,34.346586,33.649934,33.876751,323738
1550241000,33.982059,34.330304,33.949657,34.200775,349072
1550586600,34.087367,34.775919,34.030663,34.678711,517842
1550673000,34.79212,35.375364,34.759718,35.359163,371986
1550759400,33.398815,33.9644,31.106504,31.811095,1488033
1550845800,31.665284,32.621156,31.616681,32.13512,847273
1551105000,32.491547,32.847974,32.110818,32.313333,689596
1551191400,32.224227,32.329454,31.746291,31.770592,652805
1551277800,31.721989,31.746291,31.292656,31.487071,368538
1551364200,31.406065,31.47087,30.839022,31.235952,518599
1551450600,31.373663,31.884001,31.21165,31.543775,381134
1551709800,31.697687,31.956906,31.349361,31.616681,334113
1551796200,31.616681,31.802995,30.960531,31.082041,581173
1551882600,31.001034,31.276455,30.523098,30.523098,344304
1551969000,30.466394,30.80662,30.15047,30.369187,397165
1552055400,30.101867,30.304382,29.988458,30.199074,235699
1552311000,30.182873,30.555501,29.915553,29.988458,535360
1552397400,30.085666,30.458294,29.810245,30.061364,498822
1552483800,30.158571,30.393489,29.923653,30.215275,631494
1552570200,30.182873,30.466394,29.980358,30.109967,831012
1552656600,30.207175,30.328603,30.028961,30.126169,513681
1552915800,30.101867,30.514998,29.972257,30.166672,1245979
1553002200,30.296281,30.668909,30.126169,30.199074,441965
1553088600,30.028961,30.612205,29.802144,30.109967,802877
1553175000,29.972257,30.223376,29.72373,30.15047,609598
1553261400,29.972257,30.101867,29.073089,29.073089,362904
1553520600,29.056888,29.122422,28.400739,28.724763,367796
1553607000,28.781467,29.372812,28.781467,29.2189,426234
1553693400,29.243202,29.417365,28.870574,29.08119,308403
1553779800,29.064989,29.518623,28.94348,29.445717,314840
1553866200,29.632031,29.850748,29.397114,29.526723,321189
1554125400,29.753541,29.996559,29.575327,29.899352,342869
1554211800,29.891251,30.596004,29.785133,30.514998,488643
1554298200,30.579803,30.855223,30.158571,30.369187,773352
1554384600,30.482595,31.568077,30.397539,31.462769,339544
1554471000,31.527574,31.884001,31.300757,31.746291,478323
1554730200,31.689586,31.859699,31.559977,31.786794,195822
1554816600,31.673385,31.705788,31.235952,31.333159,211424
1554903000,31.446568,31.705788,31.33721,31.657184,205821
1554989400,31.786794,31.981208,31.511373,31.794894,327113
1555075800,31.989309,32.183724,31.592379,32.062214,191567
1555335000,31.965007,32.248528,31.397964,31.843498,475364
1555421400,31.948806,32.637358,31.855649,32.53205,450795
1555507800,32.718364,32.969483,32.38632,32.645458,511400
1555594200,32.702163,32.702163,32.260679,32.305233,611768
1555939800,32.224227,32.40244,31.884001,32.361937,139856
1556026200,32.459144,32.66166,32.224227,32.345736,386977
1556112600,32.378138,32.378138,31.940705,32.14322,319566
1556199000,31.981208,32.054114,31.584278,31.754391,178438
1556285400,31.746291,32.26473,31.654511,32.191824,193344
1556544600,31.99741,32.718364,31.819196,32.475345,193839
1556631000,32.442943,32.442943,32.127019,32.280931,286021
1556717400,32.459144,32.710263,32.14322,32.40244,198689
1556803800,32.459144,32.54015,31.511373,31.802995,318357
1556890200,31.956906,32.370038,31.697687,32.329535,222354
1557149400,31.819196,32.564452,30.256669,32.483446,199839
1557235800,32.167522,32.321434,30.782318,31.794894,303911
1557322200,33.609431,34.322285,32.766967,33.366413,649351
1557408600,33.090992,33.090992,32.175623,32.491547,441556
1557495000,32.410541,32.548251,31.940705,32.491547,713227
1557754200,31.940705,32.183724,31.373663,31.827297,300557
1557840600,32.199925,32.912778,32.033862,32.556352,397117
1557927000,32.418641,32.754817,32.329535,32.66166,307863
1558013400,32.839873,33.099092,32.621156,32.912778,419984
1558099800,32.702163,33.180099,32.313333,32.726464,324117
1558359000,33.366413,35.172849,33.001885,33.973958,1388375
1558445400,34.208876,35.642684,34.208876,35.156647,1111173
1558531800,34.5248,34.92983,34.152172,34.832623,425595
1558618200,34.508599,34.873126,33.941556,34.840724,369157
1558704600,35.035138,35.432068,34.92173,35.237654,366857
1559050200,35.31866,35.59408,35.099943,35.399666,686159
1559136600,35.278157,35.278157,34.451894,34.646309,526357
1559223000,34.816422,35.140446,34.476196,34.65441,456389
1559309400,34.168373,34.79212,34.164323,34.65441,449500
1559568600,34.541001,35.156647,34.476196,35.075641,257141
1559655000,35.383464,35.440088,34.771868,35.043239,335953
1559741400,35.213352,35.286257,34.703013,35.010836,1158931
1559827800,35.043239,35.087792,34.646309,34.848824,316872
1559914200,34.646309,34.897428,34.403291,34.79212,318327
1560173400,34.881227,35.108044,34.589605,34.694913,515726
1560259800,34.970333,35.124245,34.65846,35.051339,482168
1560346200,34.865025,35.099943,34.054964,34.464045,440500
1560432600,34.66251,34.800221,34.39519,34.678711,1152357
1560519000,34.557202,35.091843,34.322285,34.873126,482004
1560778200,34.978434,34.978434,34.451894,34.703013,486902
1560864600,35.002736,35.432068,34.852875,34.946032,936709
1560951000,34.92983,35.027038,33.99016,34.063065,759897
1561037400,34.451894,34.751617,33.787644,34.5248,1129421
1561123800,34.468096,34.917679,34.26558,34.362788,728208
1561383000,34.492397,34.727315,34.25748,34.306083,355679
1561469400,34.297983,34.426701,34.095467,34.111669,300541
1561555800,34.249379,34.597705,34.176474,34.427593,418472
1561642200,34.443794,34.840724,34.443794,34.719214,789196
1561728600,34.856925,35.974809,34.856925,35.901904,521666
1561987800,36.242129,36.582355,35.739891,36.080117,608267
1562074200,35.901904,36.776769,35.715589,36.37984,507540
1562160600,36.37984,36.906379,36.169224,36.760568,880546
1562333400,36.630958,37.108894,36.549952,36.91448,203132
1562592600,36.679562,37.019788,36.635009,36.865876,266163
1562679000,36.671461,36.906379,36.294783,36.744367,269799
1562765400,36.695763,37.497724,36.695763,37.457221,570549
1562851800,37.505824,37.570629,37.141297,37.416718,502881
1562938200,37.384315,37.773144,36.971184,36.995486,291079
1563197400,37.076492,37.189901,36.396041,36.533751,708657
1563283800,36.687663,36.728166,36.412242,36.541852,262511
1563370200,36.452745,37.1818,36.371739,37.060291,769419
1563456600,37.060291,37.144132,36.65526,36.898279,541006
1563543000,36.995486,37.343812,36.687663,37.092693,484530
1563802200,37.100794,37.360013,36.209727,36.946882,600415
1563888600,36.954983,37.368114,36.865876,37.31141,222757
1563975000,37.343812,37.732641,37.133196,37.287108,831041
1564061400,37.392416,37.392416,36.485147,36.833474,381779
1564147800,36.898279,37.392416,36.873977,37.327611,228511
1564407000,37.368114,37.862251,37.295127,37.821748,696864
1564493400,37.643535,37.643535,37.035989,37.238504,418238
1564579800,37.303309,37.420768,36.817272,36.873977,492403
1564666200,36.833474,37.141297,36.242129,36.37984,696425
1564752600,36.096318,36.096318,35.19715,35.650785,418874
1565011800,35.027038,35.027038,34.39519,34.954132,817115
1565098200,35.051339,35.399666,34.573403,34.889327,583128
1565184600,34.557202,35.391565,34.219731,34.937931,775584
1565271000,33.73094,34.589605,32.216126,32.370038,1043414
1565357400,32.337635,32.92898,31.511373,31.892102,865887
1565616600,31.99741,32.847974,31.580957,32.629257,488594
1565703000,32.556352,33.698538,32.556352,33.050489,766087
1565789400,32.79937,32.993785,31.551876,31.584278,1352224
1565875800,31.535675,31.592379,31.122544,31.292656,748927
1565962200,31.60048,31.924504,31.21165,31.349361,826796
1566221400,31.511373,32.178215,31.393509,31.908303,841776
1566307800,31.924504,32.289031,31.487071,32.127019,542412
1566394200,32.27283,32.609006,32.078416,32.418641,534767
1566480600,32.475345,32.888477,32.394339,32.499647,325185
1566567000,32.191824,32.556352,31.99741,32.216126,456711
1566826200,32.459144,32.702163,32.26473,32.621156,266862
1566912600,32.766967,32.766967,32.305233,32.645458,404515
1566999000,32.515849,33.115294,32.487496,32.945181,237557
1567085400,33.06669,34.071166,33.06669,34.022562,702338
1567171800,33.949657,34.443794,33.86055,34.225077,388579
1567517400,33.86865,34.306083,33.79048,34.152172,368853
1567603800,34.670611,34.905528,33.884852,34.881227,424913
1567690200,34.954132,35.756093,34.954132,35.545477,478275
1567776600,35.650785,35.958608,35.367263,35.675086,841660
1568035800,35.683187,36.015312,35.448269,35.780394,608587
1568122200,35.8533,37.335711,35.666986,37.270907,860198
1568208600,37.72,38.53,37.03,38.35,1179973
1568295000,38.52,39.92,38.16,39.87,550109
1568381400,39.88,40.19,39.17,39.25,717569
1568640600,39.23,39.75,38.94,39.63,610435
1568727000,40.06,41.32,38.89,39.56,510158
1568813400,39.51,40.19,39.345,40.13,708916
1568899800,40.04,40.74,40.01,40.09,380142
1568986200,40.38,40.67,39.83,39.96,825057
1569245400,39.84,40.505,39.58,40.13,369872
1569331800,40.27,40.3,39.82,39.87,487885
1569418200,39.85,40.62,39.67,40.31,323999
1569504600,40.16,40.3,39.81,40.22,392479
1569591000,40.04,40.41,39.56,39.59,227768
1569850200,39.61,40.1,39.34,39.62,226009
1569936600,39.68,40.09,38.745,38.89,242593
1570023000,38.54,38.76,38.13,38.38,311669
1570109400,38.28,38.42,37.65,37.93,347310
1570195800,37.21,37.62,36.1371,37.22,993051
1570455000,37.09,37.36,36.8,36.9,371403
1570541400,36.72,36.72,35.56,35.59,530905
1570627800,35.7,36.07,35.41,35.79,513205
1570714200,35.55,36.575,35.52,36.43,647271
1570800600,36.93,37.215,36.35,36.43,247172
1571059800,36.47,36.61,35.64,35.75,520062
1571146200,35.79,36.19,35.41,36.03,249843
1571232600,36.21,36.91,36.14,36.41,229045
1571319000,36.71,37.02,36.47,36.92,233145
1571405400,36.9,37.35,36.83,37.32,259138
1571664600,37.53,38.845,37.46,38.74,618785
1571751000,38.86,39.64,38.63,38.72,554244
1571837400,38.93,39.315,38.45,38.98,315762
1571923800,39.03,39.03,38.11,38.48,380989
1572010200,38.49,38.96,38.35,38.44,224652
1572269400,38.5,39.24,38.46,39.21,234317
1572355800,39.04,39.54,38.93,39.24,237816
1572442200,39.38,39.64,39.02,39.23,257878
1572528600,39.32,39.54,38.53,39,233177
1572615000,39.14,39.44,38.935,39.3,247223
1572877800,39.56,39.75,39.21,39.42,291596
1572964200,39.43,40,39.275,39.98,234841
1573050600,39.98,40,39.17,39.54,371210
1573137000,40.99,43.04,39.89,41.1,579243
1573223400,40.93,41.6845,40.93,41.09,585121
1573482600,40.93,41.96,40.59,41.49,532564
1573569000,41.53,41.72,41.28,41.39,306300
1573655400,41.09,41.09,40.46,40.72,302496
1573741800,40.36,40.48,39.74,40.35,287191
1573828200,40.54,41.05,40.25,40.51,237048
1574087400,40.48,40.5254,39.87,40.24,454916
1574173800,40.4,40.81,40.13,40.36,355158
1574260200,40.12,41.35,40.1,40.63,344635
1574346600,40.76,41.32,40.41,40.68,664366
1574433000,40.96,42.23,40.85,41.71,347393
1574692200,41.8,42.62,41.77,42.09,460994
1574778600,42.2,42.85,41.95,42.37,683989
1574865000,42.54,42.87,41.8,41.93,188137
1575037800,41.72,42.12,41.58,42.07,98316
1575297000,42.07,42.14,41.18,41.35,210464
1575383400,40.73,41.075,39.94,40.57,523761
1575469800,40.52,40.85,39.355,39.39,328930
1575556200,39.37,39.79,39.13,39.72,296157
1575642600,39.94,40.3,39.77,40.03,174192
1575901800,39.97,40.09,39.23,39.34,138401
1575988200,39.36,39.51,39.115,39.22,374534
1576074600,39.27,39.44,38.77,38.93,220372
1576161000,39.01,39.72,39,39.29,285635
1576247400,40.58,44.49,40.05,42.86,1586578
1576506600,43.97,44.775,43.095,43.79,662914
1576593000,43.8,44.67,43.37,44.52,1190910
1576679400,44.87,45.1511,44.1901,44.52,754218
1576765800,44.38,44.6,43.58,43.77,606463
1576852200,43.9,44.81,43.55,44.67,639305
1577111400,44.61,45.0699,44.145,44.46,212185
1577197800,44.42,44.66,43.97,44.15,95892
1577370600,44.17,44.485,43.87,44.16,196766
1577457000,44.17,44.78,43.81,44.01,137354
1577716200,44.01,44.16,43.43,43.55,200730
1577802600,43.37,43.77,43.15,43.31,384274
1577975400,43.76,43.96,43.0146,43.21,402082
1578061800,42.95,43.14,42.3152,43.08,560930
1578321000,42.63,43.26,42.2,43.15,1054040
1578407400,42.94,43.73,42.815,43.39,429026
1578493800,43.27,43.5318,42.35,42.42,229425
1578580200,42.48,42.88,42.15,42.46,201121
1578666600,42.4,42.4295,41.975,42.12,152701
1578925800,42.1,42.61,41.92,42.38,364381
1579012200,42.24,42.77,41.905,42.62,336797
1579098600,42.57,42.92,42.34,42.74,384099
1579185000,42.99,43.71,42.96,43.27,289565
1579271400,43.4,43.4,42.18,42.94,286356
1579617000,42.62,42.9053,41.47,41.97,342874
1579703400,42.43,42.43,41.54,41.62,363109
1579789800,41.44,41.89,40.94,41.73,436663
1579876200,41.79,41.84,41.27,41.33,494564
1580135400,40.75,41.76,40.6,41.39,287722
1580221800,41.43,41.72,41.12,41.25,175279
1580308200,41.24,41.24,40.71,41.11,233288
1580394600,40.74,41.14,40.13,40.52,165160
1580481000,40.3,40.535,39.725,39.905,295970
1580740200,40,40.23,39.34,39.46,329584
1580826600,39.91,40.46,39.49,39.49,292521
1580913000,39.72,39.91,39.34,39.53,260088
1580999400,39.55,39.695,39.29,39.41,493551
1581085800,39.38,39.47,38.425,38.67,257558
1581345000,38.38,38.48,37.7,38.11,286314
1581431400,38.36,40.16,38.34,39.6,306889
1581517800,39.84,39.975,38.61,39.5,689179
1581604200,39.19,40.05,39.0451,39.99,990130
1581690600,40.18,40.66,39.83,40.64,296624
1582036200,40.4,40.64,39.43,40.06,387426
1582122600,40.1,40.31,39.39,39.62,538493
1582209000,37.86,40.92,37.5,40.05,881706
1582295400,39.81,40.25,38.76,39.08,362138
1582554600,37.99,39.03,37.51,38.34,630774
1582641000,38.57,38.9399,37.46,37.46,368944
1582727400,37.66,38.12,36.3,36.35,978924
1582813800,35.54,36.18,34.83,35.04,640404
1582900200,33.91,34.95,33.535,34.92,950543
1583159400,34.99,35.45,33.88,35.3,1070971
1583245800,35.26,36.23,34.41,34.95,630062
1583332200,35.31,36.015,34.55,35.96,466236
1583418600,34.93,35.22,33.81,34.46,514237
1583505000,33.45,34.04,32.93,33.88,581889
1583760600,31.66,32.42,30.125,31.33,738343
1583847000,32.05,33.05,31.75,32.99,796622
1583933400,32.21,32.4514,31.4,31.8,466172
1584019800,30.08,30.978,29.08,29.39,1630237
1584106200,30.63,31.25,29.2,31.11,724451
1584365400,27.1,30.45,27.1,28.33,705626
1584451800,28.01,29.17,27,28.08,1287421
1584538200,27.02,27.66,25.2334,26.72,1043984
1584624600,26.47,29.905,25.62,29.81,1028628
1584711000,29.95,30.69,28.805,30.01,1304977
1584970200,30.11,31,28.45,29.81,669498
1585056600,31.17,31.885,29.95,31.28,710981
1585143000,31.35,33.64,30,32.87,753637
1585229400,33.22,36.09,33.0977,35.87,462389
1585315800,34.54,35.415,31.76,32.07,334651
1585575000,32.26,33.32,31.48,32.11,253951
1585661400,32.01,32.85,31.32,31.97,424866
1585747800,31.05,31.27,29.99,30.55,423263
1585834200,30.02,31.09,29.4759,30,563748
1585920600,29.84,30.39,28.66,29.3,720806
1586179800,30.12,31.79,30.09,31.64,662199
1586266200,32.64,33.195,31.18,31.49,746344
1586352600,31.99,33.08,31.56,32.86,472285
1586439000,33.39,33.88,32.23,32.37,367484
1586784600,32.27,32.585,30.42,30.62,304721
1586871000,30.96,32,30.855,30.93,403477
1586957400,29.78,30.54,29.01,29.39,561623
1587043800,29.7,30.1,28.96,29.55,383180
1587130200,30.09,31.41,30.09,30.98,296133
1587389400,30.48,31.0789,30.17,30.48,240794
1587475800,29.99,30.23,28.76,29.4,325453
1587562200,29.84,30.31,28.98,29.96,212868
1587648600,29.73,30.97,29.73,30.66,401586
1587735000,30.58,30.89,30.21,30.88,416386
1587994200,31.13,31.43,30.89,31.32,451638
1588080600,31.86,32.07,30.96,31.76,327336
1588167000,32.41,32.92,31.46,32.86,464890
1588253400,32.74,32.74,31.505,31.55,321502
1588339800,30.81,31.55,29.8,30.31,297149
1588599000,30.02,30.21,29.345,29.97,393446
1588685400,30.28,30.7,29.7,29.9,257004
1588771800,30.01,30.59,29.555,30.1,432267
1588858200,30.06,30.06,28.75,29.44,767180
1588944600,29.87,31.22,29.58,30.71,521192
1589203800,30.53,30.64,29.61,29.65,391130
1589290200,29.7,29.96,28.26,28.27,305243
1589376600,28.05,28.05,27.12,27.25,526484
1589463000,26.88,27.27,26.14,27.22,326105
1589549400,26.96,27.37,26.84,27.09,217033
1589808600,27.92,29.595,27.59,29.45,326032
1589895000,29.32,29.405,28.65,28.65,255244
1589981400,29.05,29.25,28.55,29.2,217447
1590067800,29.27,29.8,28.94,29.44,347183
1590154200,29.31,29.97,28.8,29.85,211347
1590499800,30.54,31.27,30.5,30.95,512635
1590586200,31.42,32.13,31.28,31.9,365444
1590672600,31.83,31.865,30.92,31.02,227720
1590759000,30.91,31.355,30.33,31.16,366693
1591018200,31.28,32.01,31.16,31.6,519734
1591104600,31.88,32.9,31.69,32.58,277933
1591191000,32.88,33.67,32.845,33.16,296200
1591277400,33.12,33.45,32.54,33.35,423196
1591363800,34.37,34.8,33.72,33.8,383379
1591623000,34.18,35.33,34.105,35.27,311314
1591709400,34.87,34.87,33.69,34.27,209311
1591795800,34.22,34.22,32.06,32.11,244994
1591882200,30.75,31,29.2,29.59,458060
1591968600,30.63,31.15,29.6105,30.28,217892
1592227800,29.55,30.85,29.01,30.68,179334
1592314200,31.83,31.84,30.58,31.18,399096
1592400600,31.37,31.37,30.12,30.3,240718
1592487000,30.01,30.69,29.88,30.19,224784
1592573400,30.49,30.91,29.15,29.34,345893
1592832600,29.61,29.61,28.79,28.97,296955
1592919000,29.36,29.36,28.28,28.55,242881
1593005400,28.34,28.34,27.205,27.34,354354
1593091800,27.19,27.68,26.53,27.63,464237
1593178200,27.5,27.81,26.61,27.19,552288
1593437400,27.49,28.11,26.86,27.95,496650
1593523800,27.89,28.08,27.2,27.96,361590
1593610200,27.97,28.095,27.205,27.28,263286
1593696600,27.61,27.7175,26.34,26.46,558424
1594042200,26.97,27.2375,26.26,26.45,370383
1594128600,26.25,26.25,25.41,25.42,270849
1594215000,25.44,25.91,25.04,25.58,272888
1594301400,25.6,25.73,24.45,24.58,326917
1594387800,24.63,25.25,24.39,25.08,352274
1594647000,25.29,25.96,24.89,25.19,320246
1594733400,25.16,25.66,25.01,25.48,291690
1594819800,26,26.71,25.7,26.33,305888
1594906200,26.45,26.48,25.95,26.1,281770
1594992600,26.24,26.6331,26.2,26.37,251636
1595251800,26.36,26.53,25.7201,25.9,250282
1595338200,25.97,26.7,25.97,26.29,457708
1595424600,26.35,26.5,26.01,26.45,241842
1595511000,26.39,26.8399,26.295,26.68,190898
1595597400,26.51,26.92,26.37,26.49,174267
1595856600,26.67,27.05,26.49,26.78,284850
1595943000,26.91,27.51,26.86,27.27,262554
1596029400,27.27,28.06,27.16,27.44,215902
1596115800,27.16,27.55,26.54,27.48,230201
1596202200,27.48,27.48,26.4,27.3,309601
1596461400,27.35,28.27,27.03,28.27,387555
1596547800,28.3,29.59,28.12,29.52,431454
1596634200,29.59,30.16,29.07,29.92,465393
1596720600,31.52,31.94,30.2994,30.75,759209
1596807000,30.81,31.78,30.81,31,452558
1597066200,31.24,32.19,31.12,31.9,479971
1597152600,32,32.42,31.46,31.58,530399
1597239000,31.98,31.98,30.41,30.88,798749
1597325400,30.77,31.15,30.46,30.61,370996
1597411800,30.42,31.08,30.22,30.84,169126
1597671000,30.81,30.98,30.32,30.65,199972
1597757400,30.75,30.84,30.26,30.33,228009
1597843800,30.33,30.68,29.95,30.05,247678
1597930200,29.91,30.28,29.41,29.51,224096
1598016600,29.37,29.71,28.93,29.03,286351
1598275800,29.14,30.22,29.04,30.22,224219
1598362200,30.27,30.31,29.87,30.07,186632
1598448600,30.21,30.21,29.61,29.65,184368
1598535000,29.73,29.87,29.38,29.61,128937
1598621400,29.85,29.85,29.35,29.67,193602
1598880600,29.82,29.82,29.36,29.38,169162
1598967000,29.22,29.39,28.7,28.91,220259
1599053400,29.03,29.35,28.61,29.31,225463
1599139800,29.37,29.47,28.24,28.37,246554
1599226200,28.64,28.93,28.01,28.44,204971
1599571800,28.27,28.42,27.83,28.16,234183
1599658200,28.31,28.41,27.96,28.03,192389
1599744600,28.24,28.73,27.12,27.28,345852
1599831000,27.69,27.96,27.51,27.88,171104
1600090200,28.28,28.555,27.91,28.13,201914
1600176600,28.23,28.31,27.81,27.88,144300
1600263000,28.09,28.6,27.735,28.31,204669
1600349400,28.08,28.78,27.81,28.65,187422
1600435800,28.69,28.85,28.06,28.45,305861
1600695000,27.81,28.2,26.82,26.93,335380
1600781400,26.96,27.42,26.755,26.98,279429
1600867800,26.95,27.24,25.37,25.42,268932
1600954200,25.23,25.4,24.04,24.97,310984
1601040600,24.71,25.03,24.52,24.93,219903
1601299800,25.12,25.7999,25.12,25.5,170369
1601386200,25.58,25.74,25.1,25.24,166782
1601472600,25.32,25.71,24.65,24.89,282035
1601559000,24.79,25.12,24.51,24.75,297210
1601645400,24.19,24.46,23.93,24.38,278689
1601904600,24.59,24.88,24.35,24.84,365444
1601991000,24.785,25.5,24.57,24.59,239781
1602077400,24.77,25.06,24.24,24.91,221593
1602163800,25.23,25.66,24.76,25.57,339275
1602250200,26.4,27.41,26.04,27.1,358962
1602509400,27.06,27.315,26.46,26.81,229183
1602595800,26.75,26.75,26.49,26.53,153170
1602682200,26.3,26.86,26.22,26.28,225909
1602768600,26.15,26.54,25.95,26.46,136693
1602855000,26.085,26.5,25.77,25.8,126812
1603114200,25.88,26.33,25.6,25.865,208679
1603200600,26.18,26.62,26.13,26.24,180736
1603287000,26.36,26.49,25.81,25.85,159828
1603373400,25.83,26.054,25.59,25.97,172717
1603459800,26.05,26.3723,25.93,26.17,151856
1603719000,25.91,25.925,25.07,25.4,202210
1603805400,25.18,25.2526,24.21,24.27,307860
1603891800,24.01,24.2353,22.9,23.01,254550
1603978200,23.15,23.84,22.56,23.3,237461
1604064600,23.29,23.645,22.926,23.16,210515
1604327400,23.39,23.68,22.97,23.67,218647
1604413800,24.235,24.67,24.01,24.53,981072
1604500200,24.35,24.4656,23.04,23.12,989180
1604586600,23.99,24.8,22.5301,24.44,1401857
1604673000,24.73,25.11,24.3,24.54,617101
1604932200,26.02,26.8649,25.2501,25.54,449990
1605018600,25.54,25.929,24.78,25.3,360567
1605105000,25.35,25.55,24.8548,25.48,223466
1605191400,25.18,25.4795,24.68,24.95,226422
1605277800,25.33,26.03,25.22,25.7,279755
1605537000,26.6732,27,26.1109,26.83,600802
1605623400,26.4,26.5,26.05,26.21,515755
1605709800,26.41,26.5,25.1,25.23,317018
1605796200,25.23,25.24,24.44,24.5,420656
1605882600,24.53,24.555,24,24.02,522517
1606141800,24.14,24.45,24.08,24.32,683286
1606228200,24.52,25.67,24.4876,25.09,643595
1606314600,25.01,25.19,24.15,24.25,531474
1606487400,24.35,24.86,24.23,24.71,320242
1606746600,24.78,24.78,23.66,23.77,561038
1606833000,24.395,24.395,23.09,23.22,734959
1606919400,23.16,23.67,22.77,23.49,653075
1607005800,23.54,24.1207,23.455,23.69,739279
1607092200,23.74,24.28,23.37,23.62,575576
1607351400,23.5,23.66,22.48,22.53,1076607
1607437800,23,23,22.03,22.46,1347710
1607524200,22.52,23.06,22.21,22.64,1483100
1607610600,22.41,22.705,21.95,22,906032
1607697000,21.91,22,21.19,21.44,1433673
1607956200,21.58,21.9384,21.26,21.36,1535996
1608042600,21.46,21.51,20.73,21.18,1207705
1608129000,21.11,21.38,20.33,20.7,1085521
1608215400,20.71,20.84,20.12,20.36,1130937
1608301800,20.5,20.74,20.17,20.39,1234862
1608561000,20,20.35,19.75,19.94,1059763
1608647400,20.05,20.78,19.96,20.69,963844
1608733800,20.7961,21.53,20.72,21.39,1170091
1608820200,21.39,21.585,20.98,21.4,276839
1609165800,21.54,22.2,21.54,22.03,948377
1609252200,22.2,22.23,21.22,21.29,556250
1609338600,21.27,21.5,20.79,20.89,407504
1609425000,20.85,21.28,20.54,21.19,546227
1609770600,21.29,21.4,20.505,20.93,796011
1609857000,20.73,21.1,20.56,20.95,1108773
1609943400,21.17,21.77,21.17,21.53,785977
1610029800,21.56,23.195,21.22,23.1,1824136
1610116200,23.03,23.53,22.24,22.42,764678
1610375400,22.04,22.4,22.04,22.23,494413
1610461800,22.46,22.925,22.24,22.84,462012
1610548200,22.92,22.92,22.07,22.12,404577
1610634600,22.39,25.075,22.25,24.39,2013643
1610721000,24.4,24.9605,23.7229,23.9,779085
1611066600,24.17,24.62,23.36,24.34,1080602
1611153000,24.54,24.81,23.74,24.18,659606
1611239400,24.18,24.3,23.42,23.45,875602
1611325800,23.26,23.41,22.78,23.08,747603
1611585000,23.08,23.63,22.87,23.01,810228
1611671400,23.34,23.53,22.52,22.68,1201257
1611757800,22.35,22.4,21.38,21.4,1527357
1611844200,21.34,21.95,21.02,21.045,1067799
1611930600,21.4,22.02,20.65,20.94,976984
1612189800,21.11,21.97,21.09,21.81,707690
1612276200,22.1,22.54,21.85,21.95,521025
1612362600,22.05,22.62,22,22.54,505416
1612449000,23,23.25,22.73,23.11,519754
1612535400,23.36,23.4484,23.035,23.27,755005
1612794600,23.5,24.71,23.5,24.01,889239
1612881000,23.89,24.91,23.57,24.73,633616
1612967400,24.83,24.96,23.68,23.83,676890
1613053800,23.93,24.18,23.32,23.95,980253
1613140200,24.0923,24.25,23.385,23.6,485595
1613485800,23.94,24.2,23.22,23.33,592821
1613572200,23.08,23.4,22.65,23.27,648859
1613658600,22.87,23.36,22.51,22.82,562223
1613745000,22.95,23.18,22.39,22.55,706760
1614004200,22.44,22.83,21.985,22.07,1430610
1614090600,21.99,23.85,21.9,22.93,1962628
1614177000,22.93,23.81,22.93,23.12,877193
1614263400,23.29,23.58,22.7801,23.04,604710
1614349800,22.97,23.24,22.19,22.7,848649
1614609000,23.29,23.515,22.97,23.22,642937
1614695400,24.08,25.55,24.01,25.26,2989316
1614781800,25.48,27.25,25.45,26.9,1843754
1614868200,26.81,27.01,25.56,26.31,1210634
1614954600,26.8,27.08,25.7,26.64,709768
1615213800,26.95,28.37,26.775,27.67,940547
1615300200,27.62,27.73,26.01,26.13,685115
1615386600,26.36,27.02,26.21,26.64,471519
1615473000,26.64,27.615,26.51,27.14,465264
1615559400,27.33,27.7,27.105,27.33,473740
1615815000,27.47,28.19,27.42,27.79,672450
1615901400,27.5,27.5,26.3,26.61,473665
1615987800,26.52,27.03,26.3688,26.99,454817
1616074200,26.69,27.34,26.27,26.39,520365
1616160600,26.42,26.73,25.75,26.04,858043
1616419800,25.88,26.35,25.8,25.97,1103989
1616506200,25.9,26.05,24.2,24.3,1020827
1616592600,24.27,24.92,23.84,23.85,447839
1616679000,23.58,24.51,23.53,24.17,1497424
1616765400,24.4,24.95,23.98,24.58,523362
1617024600,24.31,24.85,23.62,23.765,812677
1617111000,23.79,24.56,23.79,24.295,549233
1617197400,24.25,24.64,23.99,24,724734
1617283800,24.01,24.45,23.39,23.99,1584581
1617629400,24.395,25.14,24,24.69,1328459
1617715800,24.53,24.7,23.81,24.24,673472
1617802200,24.42,24.74,23.6297,23.71,524243
1617888600,23.71,24.15,23.52,24.06,966979
1617975000,23.95,24.52,23.93,24.25,308660
1618234200,24.13,24.48,24.06,24.15,446685
1618320600,23.94,24.45,23.62,24.32,502637
1618407000,24.26,25,24.12,24.53,481673
1618493400,24.595,24.765,24.24,24.39,433032
1618579800,24.48,24.99,24.27,24.92,490326
1618839000,24.575,25.17,24.49,24.58,633957
1618925400,24.4,24.638,23.735,23.9,459885
1619011800,23.74,24.26,23.74,24.03,516381
1619098200,23.89,24.33,23.89,24.01,492613
1619184600,24.02,24.25,23.7159,23.84,327931
1619443800,23.98,24.585,23.91,24.4,758091
1619530200,24.51,24.9,24.27,24.39,415613
1619616600,24.4,24.55,24.01,24.08,535118
1619703000,24.22,25.37,24.17,25.18,1242277
1619789400,24.91,25.2899,24.39,24.45,557951
1620048600,24.54,24.79,24.2,24.6,458833
1620135000,24.39,24.72,23.665,23.98,683134
1620221400,23.99,24.4,23.42,23.47,612008
1620307800,24.2,26.2,24,26.14,1319776
1620394200,26.54,26.7997,25.98,26.71,531620
1620653400,26.69,28.05,26.68,27.3,658809
1620739800,26.8,27.27,26.6,27.06,509258
1620826200,26.95,27.13,26.24,26.35,550707
1620912600,26.47,26.9,26.36,26.49,1281167
1620999000,26.56,26.9671,26.51,26.66,657334
1621258200,26.7,27.26,26.49,26.6,445437
1621344600,26.7,26.86,25.85,25.86,423248
1621431000,25.58,26.33,25.41,26.14,735078
1621517400,26.43,26.57,25.96,26.46,1043978
1621603800,26.54,26.64,25.99,26.02,346495
1621863000,26.03,26.11,25.57,25.63,387533
1621949400,25.58,26.02,25.21,25.48,543536
1622035800,25.4,26.06,25.31,25.96,464547
1622122200,26.28,26.84,26.27,26.75,561177
1622208600,26.515,27.1865,26.41,26.49,251586
1622554200,26.53,27.35,26.31,27.21,567316
1622640600,28,28,27.2,27.56,503061
1622727000,27.67,27.94,27.14,27.88,464914
1622813400,27.91,28.06,27.43,27.51,261993
1623072600,27.69,27.8,27.06,27.06,283980
1623159000,26.98,27.13,26.36,26.79,336656
1623245400,26.8,27.01,26.3,26.79,342819
1623331800,26.9,27.36,26.8,27.14,523477
1623418200,27.23,27.35,26.96,27.01,301230
1623677400,26.95,26.95,26.2,26.34,442733
1623763800,26.32,26.64,26.12,26.56,375354
1623850200,26.4,26.74,26.05,26.66,549717
1623936600,26.5,27.38,26.37,26.62,1343507
1624023000,26.27,27.06,26.15,26.9,1266721
1624282200,26.98,27.53,26.79,26.92,564579
1624368600,26.96,27.035,26.585,26.94,453467
1624455000,27,27.16,26.44,26.65,404646
1624541400,26.71,27.16,26.57,27.1,400696
1624627800,27.08,27.36,26.33,26.56,5560449
1624887000,26.45,26.46,24.57,24.98,1235700
1624973400,25.11,25.27,24.31,24.57,711598
1625059800,24.43,24.7513,23.78,24.29,1028871
1625146200,24.53,24.67,24.14,24.49,421865
1625232600,24.32,24.41,23.735,24.27,471106
1625578200,24.1,24.1994,23.32,23.74,406706
1625664600,23.72,23.88,23.12,23.55,553469
1625751000,23.18,23.35,22.75,22.97,552653
1625837400,23.13,23.82,23.1,23.74,426064
1626096600,23.53,23.665,23.205,23.58,469759
1626183000,23.53,23.595,23.01,23.4,448186
1626269400,23.44,23.7,22.93,22.96,313785
1626355800,22.81,23.02,22.36,22.54,950443
1626442200,22.61,22.95,22.13,22.33,700103
1626701400,21.99,22.15,21.3199,21.55,696374
1626787800,21.52,22.525,21.44,22.35,539276
1626874200,22.5,23.06,22.46,22.9,735170
1626960600,22.84,22.9,22.25,22.36,312452
1627047000,22.41,22.58,22.17,22.37,286651
1627306200,22.43,22.85,22.43,22.73,234372
1627392600,22.5,22.67,22.05,22.36,311674
1627479000,22.4,22.6,21.93,22.24,298876
1627565400,22.4,22.62,22.14,22.24,299742
1627651800,22.09,22.48,22.09,22.3,335674
1627911000,22.38,23.06,22.37,22.75,618131
1627997400,23.4,24.25,22.95,24.14,892823
1628083800,24.07,24.24,23.53,23.92,615291
1628170200,24.01,24.84,23.905,24.79,551902
1628256600,24.8,25.245,24.44,24.92,768604
1628515800,25.245,25.245,24.25,25.12,736761
1628602200,25.16,26.68,24.94,26.63,723427
1628688600,26.63,26.75,26.01,26.66,574687
1628775000,26.78,26.8,25.89,25.92,463422
1628861400,26,26,25.42,25.43,259862
1629120600,25.33,25.41,24.76,25.17,375320
1629207000,24.84,24.93,24.52,24.7,530155
1629293400,24.58,25.31,24.58,24.71,369839
1629379800,24.51,24.59,23.63,23.74,434493
1629466200,23.65,24.39,23.64,24.16,426808
1629725400,24.38,25.015,24.32,24.99,365515
1629811800,25.08,25.37,24.95,25.29,361910
1629898200,25.24,25.9,25.24,25.66,398695
1629984600,25.61,25.98,25.505,25.84,446303
1630071000,25.94,27.0364,25.5202,26.94,744217
1630330200,27.06,27.41,26.17,26.42,403772
1630416600,26.5,27.24,26.14,27,759499
1630503000,27.12,27.14,26.6,26.94,392242
1630589400,27.06,27.39,26.92,27.15,232227
1630675800,27.12,27.1999,26.26,26.28,219429
1631021400,26.25,26.37,25.93,26.29,267187
1631107800,26.3,26.38,25.94,26,236803
1631194200,25.9,26.24,25.6284,26.02,349690
1631280600,25.99,26.32,25.42,25.47,278267
1631539800,25.68,26.05,25.37,25.89,287376
1631626200,26.03,26.03,24.64,24.8,256064
1631712600,25.03,25.15,24.65,24.81,431679
1631799000,24.94,25.16,24.22,24.68,347076
1631885400,24.59,26.26,24.43,26.12,1906713
1632144600,25.36,26.08,25.3001,25.97,500363
1632231000,26.07,26.26,25.52,25.83,383540
1632317400,25.95,26.3,25.925,26.03,294458
1632403800,26.15,26.4,26.025,26.07,252077
1632490200,26,26.31,25.91,25.97,236236
1632749400,26.535,26.535,25.78,25.83,405227
1632835800,25.92,26.12,25.469,25.68,313029
1632922200,25.69,25.98,25.35,25.64,344430
1633008600,25.68,25.945,25.39,25.51,487846
1633095000,25.79,25.9,25.04,25.33,334602
1633354200,25.27,26.04,25.27,25.75,493478
1633440600,25.88,26.14,25.4,25.92,498521
1633527000,25.6,26.03,25.12,25.92,298806
1633613400,26.08,26.16,25.75,25.99,324185
1633699800,25.94,26.02,25.46,25.55,190931
1633959000,25.66,25.83,25.31,25.62,207830
1634045400,25.6,26.005,25.39,25.62,277954
1634131800,25.61,25.73,24.97,25.54,406888
1634218200,25.87,26.25,25.61,25.81,351692
1634304600,25.86,26.29,25.28,25.43,336004
1634563800,25.27,25.27,24.65,24.74,290119
1634650200,24.97,24.99,24.45,24.97,350535
1634736600,25.03,25.68,24.99,25.21,478671
1634823000,25.2,25.38,24.43,24.54,260550
1634909400,24.4,24.51,23.9,24.15,359578
1635168600,24.23,24.35,23.764,23.94,451391
1635255000,23.92,24.336,23.63,23.73,413137
1635341400,23.9,24.1,23.05,23.08,334629
1635427800,23.15,23.49,23.06,23.35,377029
1635514200,23.58,23.905,23.21,23.46,478320
1635773400,23.58,25.155,23.58,25.04,460312
1635859800,25.01,25.39,24.22,25.04,460864
1635946200,25.2,26.23,24.78,26.03,809314
1636032600,26.09,26.41,25.85,25.96,496047
1636119000,26.09,27.06,26.08,26.16,423997
1636381800,26.26,26.69,25.9467,26.1,411883
1636468200,26.2,27.71,25.855,26.96,838280
1636554600,26.802,28.02,26.802,27.59,588060
1636641000,27.7,29.4,27.541,29.23,712961
1636727400,28.96,30.29,28.84,30.27,579674
1636986600,30.5,30.9,29.48,29.89,682205
1637073000,30,30.27,28.84,29.3,519498
1637159400,29.44,29.67,28.62,29.39,452675
1637245800,29.42,29.82,28.76,28.96,446068
1637332200,28.52,28.878,28.13,28.68,328504
1637591400,28.96,29.49,28.825,29.13,471997
1637677800,29.2,30.22,29.025,30.18,409273
1637764200,29.87,30.36,29.68,30.25,304298
1637937000,29.41,29.41,27.36,28.31,328465
1638196200,28.59,28.97,27.64,28.23,411944
1638282600,27.79,28.1,27.13,27.37,686973
1638369000,27.7,28.39,26.64,26.67,479946
1638455400,27.04,27.12,26.51,26.84,380225
1638541800,26.3,26.89,26.065,26.38,279617
1638801000,26.72,27.36,26.43,27.1,330358
1638887400,27.4,27.44,26.455,26.61,262453
1638973800,26.1,27.21,26.1,27.05,256087
1639060200,26.99,27,26.1,26.52,235427
1639146600,26.58,27.18,25.85,26.3,266612
1639405800,26.14,26.27,24.925,25.05,600239
1639492200,25.04,26.24,25.04,25.83,565976
1639578600,25.7,25.93,24.99,25.8,514038
1639665000,26.13,26.27,25.62,25.68,431683
1639751400,25.85,26.26,25.43,25.95,1184531
1640010600,25.4,26.01,24.96,25.85,406529
1640097000,26.17,26.81,25.614,26.44,273306
1640183400,26.45,26.67,25.87,26.54,289877
1640269800,26.61,26.83,26.27,26.63,201966
1640615400,26.63,26.63,25.97,26.08,227180
1640701800,26.05,26.49,26,26.15,162400
1640788200,26.16,26.24,25.86,26.17,174005
1640874600,26.08,26.595,26.04,26.32,308926
1640961000,26.2,26.435,25.695,26.35,257592
1641220200,26.59,27.36,26.52,26.78,220492
1641306600,27.01,27.08,26.61,26.76,228654
1641393000,26.66,27.04,25.67,25.73,206437
1641479400,25.8,26.2999,25.59,25.77,221564
1641565800,25.85,26.3428,25.6561,26.14,231732
1641825000,26.13,26.2922,25.67,25.91,260488
1641911400,25.9,25.925,25.45,25.46,162819
1641997800,25.51,25.6,24.97,24.98,161404
1642084200,25.17,25.25,24.59,24.91,188445
1642170600,24.78,25.08,24.65,25.03,181702
1642516200,24.91,25.15,24.5,24.51,246580
1642602600,24.5,24.79,24.0401,24.21,293255
1642689000,24.17,25.56,24.14,24.87,456955
1642775400,24.62,25.19,24.07,24.09,290471
1643034600,24.18,24.31,23.23,24.24,481860
1643121000,24.12,24.365,23.4,24.03,265612
1643207400,24.27,24.73,23.74,23.87,305505
1643293800,23.92,24.22,23.18,23.49,210304
1643380200,23.42,23.73,23.04,23.73,234472
1643639400,23.44,23.975,23.38,23.69,291718
1643725800,23.65,24.88,23.3,24.76,453644
1643812200,24.71,24.7591,24.3,24.44,233166
1643898600,24.44,25.13,24.33,24.62,259962
1643985000,24.33,24.76,24,24.34,234382
1644244200,24.3,24.89,24.04,24.87,241200
1644330600,25.08,25.37,24.63,24.92,259525
1644417000,24.89,25.29,24.8375,25.05,188722
1644503400,24.55,25.51,24.55,24.97,252123
1644589800,24.9,25.325,24.72,25.2,222255
1644849000,25.21,25.56,24.97,25.52,394200
1644935400,25.75,26.11,25.6,25.95,266477
1645021800,25.8,26.66,25.8,26.53,219582
1645108200,26.36,26.7782,26.29,26.74,279018
1645194600,26.7,26.8,26.24,26.67,310459
1645540200,26.45,26.71,26.051,26.11,195044
1645626600,26.11,26.2,24.04,24.44,439027
1645713000,22.08,22.08,18.63,21.13,2087929
1645799400,21.3,23.2067,21.24,22.8,833149
1646058600,22.47,24.91,22.47,24.34,645730
1646145000,24.39,24.72,23.55,23.72,497634
1646231400,23.9,24.82,23.9,23.95,245490
1646317800,23.73,24.45,23.06,23.1,257360
1646404200,22.91,23.65,22.27,22.42,199980
1646663400,22.27,23.35,22.02,22.84,447802
1646749800,22.92,24.07,22.905,23.84,329154
1646836200,24.19,24.77,23.91,24.25,258938
1646922600,24.02,24.54,23.75,24.18,327152
1647009000,24.13,24.64,23.74,24,187873
1647264600,24.25,24.25,23.21,23.28,223029
1647351000,24.1,25.01,24.06,24.32,403074
1647437400,24.3,25.25,24.3,25.1,352696
1647523800,24.87,25.01,24.3,24.68,253394
1647610200,24.43,25.13,24.43,25.11,562417
1647869400,25.15,25.4,24.06,24.49,263503
1647955800,24.78,25.39,24.58,24.95,233485
1648042200,24.8,24.975,24.0401,24.49,299594
1648128600,24.71,24.79,24.28,24.39,190507
1648215000,24.44,25.05,24.36,24.82,229744
1648474200,24.97,25.03,24.41,24.77,292514
1648560600,24.77,25.339,24.425,24.47,205463
1648647000,24.47,24.89,24.12,24.39,254779
1648733400,24.42,24.73,23.89,24.34,483234
1648819800,24.49,25.27,24.34,25.21,208298
1649079000,25.21,25.23,24.53,24.87,226342
1649165400,24.73,25.08,24.28,24.6,222590
1649251800,24.52,24.97,24.34,24.62,305653
1649338200,24.59,24.77,23.735,24.03,489532
1649424600,24.02,24.6,23.8178,24.38,282169
1649683800,24.3,25.05,24,24.42,397711
1649770200,24.41,25.205,24.41,24.69,223765
1649856600,24.65,25.41,24.65,25.37,184450
1649943000,25.1,25.64,24.67,25.48,180278
1650288600,25.22,25.58,24.5,25.07,168355
1650375000,25.01,25.32,24.61,25.16,223395
1650461400,25.3,25.53,24.97,25.1,163825
1650547800,25.39,25.52,24.82,24.87,234767
1650634200,24.79,24.9,24.5,24.66,232557
1650893400,24.39,25.03,23.7815,24.53,408610
1650979800,24.25,24.305,23.5,23.67,297202
1651066200,23.83,24,23.37,23.51,343796
1651152600,23.62,24.5,23.35,24.31,315598
1651239000,24.27,24.49,23.24,23.35,369405
1651498200,23.21,23.72,22.965,23.25,276020
1651584600,23.21,23.81,23.2,23.55,310145
1651671000,23.61,23.845,22.995,23.73,434038
1651757400,23.88,24.41,22.78,22.97,387770
1651843800,22.76,23.1665,21.7,21.94,460851
1652103000,21.94,22.12,21.16,21.55,574264
1652189400,21.96,22.43,20.79,21,346682
1652275800,21.19,21.78,21,21.23,413772
1652362200,21.33,21.33,20.44,20.7,693150
1652448600,21.04,21.135,20.67,20.79,993467
1652707800,20.99,21.2325,20.58,21,843285
1652794200,21.19,21.93,20.91,21.31,1655835
1652880600,21.06,21.415,20.74,21.02,756793
1652967000,21.03,22.135,21.01,22.1,810188
1653053400,22.27,22.54,21.505,21.87,280290
1653312600,21.87,22.33,21.73,21.95,300320
1653399000,21.78,22.44,21.58,22.33,490987
1653485400,22.27,23.19,22.13,23.16,331100
1653571800,23.25,23.95,23.25,23.64,344812
1653658200,23.68,24.635,23.68,24.52,311554
1654003800,24.46,24.63,23.98,24.03,372007
1654090200,24.1,24.24,22.9,23.31,277951
1654176600,23.31,23.73,22.95,23.65,253683
1654263000,23.74,23.74,23.135,23.28,180103
1654522200,23.36,23.91,23.24,23.75,238678
1654608600,23.7,23.75,23.34,23.7,201688
1654695000,23.45,23.53,22.86,22.92,247416
1654781400,22.76,22.76,22.15,22.19,210228
1654867800,21.83,21.97,21.11,21.13,301842
1655127000,20.78,20.88,20,20.04,278384
1655213400,20.13,20.28,19.91,20.1,348662
1655299800,20.23,20.42,19.8,20.16,349792
1655386200,19.75,19.76,18.9,19.01,479868
1655472600,19.61,20.1285,19.31,19.66,559385
1655818200,19.78,20.35,19.59,19.65,297611
1655904600,19.43,20.04,19.43,19.68,304860
1655991000,19.79,20.13,19.59,19.79,228109
1656077400,19.86,20.23,19.75,19.8,570923
1656336600,20,20.3,19.82,20.07,231308
1656423000,20.14,20.44,19.48,19.58,202300
1656509400,19.56,19.74,19.1,19.54,238539
1656595800,19.42,19.42,19.02,19.3,266329
1656682200,19.17,19.62,19.02,19.61,228837
1657027800,19.09,19.18,18.61,19.09,288108
1657114200,19.09,19.28,18.87,18.98,290499
1657200600,19.06,19.535,18.92,19,218720
1657287000,19.17,19.19,18.76,18.98,186717
1657546200,18.88,19.01,18.45,18.56,234986
1657632600,18.56,19.03,18.56,18.8,222455
1657719000,18.56,18.86,18.34,18.53,196363
1657805400,18.27,18.53,18.1,18.5,219812
1657891800,18.82,18.82,18.435,18.71,272312
1658151000,19.05,19.11,18.69,18.83,184718
1658237400,19.12,19.84,18.85,19.82,294544
1658323800,19.75,19.89,19.51,19.8,219505
1658410200,19.68,19.68,19.17,19.47,147205
1658496600,19.44,19.62,19.31,19.59,199282
1658755800,19.55,19.56,19.18,19.4,185093
1658842200,19.32,19.65,19.2079,19.46,157982
1658928600,19.54,19.83,19.4161,19.81,169530
1659015000,19.94,20,19.44,19.76,210586
1659101400,19.89,20,19.58,19.76,234072
1659360600,19.64,20.01,19.52,19.8,171812
1659447000,19.71,20.03,19.71,19.86,148661
1659533400,19.99,20.62,19.71,20.49,213024
1659619800,19.75,20.55,19.75,20.13,191988
1659706200,20.12,20.77,19.72,20.46,170243
1659965400,20.34,20.995,20.325,20.53,251261
1660051800,20.59,20.62,20.33,20.4,190461
1660138200,20.61,20.9374,20.27,20.31,243345
1660224600,20.53,20.605,20.35,20.51,124766
1660311000,20.71,20.92,20.43,20.92,178242
1660570200,20.67,20.92,20.53,20.89,181889
1660656600,20.89,21.04,20.71,20.91,193147
1660743000,20.62,20.62,19.74,19.79,144959
1660829400,19.81,20.195,19.65,19.92,150419
1660915800,19.68,19.75,19.34,19.35,194871
1661175000,19.09,19.285,19.01,19.05,145597
1661261400,19.04,20.16,18.95,19,152857
1661347800,19.08,19.34,18.92,19.28,117979
1661434200,19.26,19.6196,19.13,19.42,134457
1661520600,19.49,19.55,19.04,19.1,136802
1661779800,19.05,19.26,18.92,18.98,145661
1661866200,19.17,19.17,18.57,18.61,194334
1661952600,18.82,18.984,18.39,18.41,243471
1662039000,18.26,18.26,17.9,18.14,150714
1662125400,18.18,18.215,17.705,17.73,205144
1662471000,17.7,18.02,17.6,17.8,202685
1662557400,17.74,18.245,17.51,17.79,149489
1662643800,17.6,17.6,17.07,17.13,210190
1662730200,17.27,17.54,17.06,17.54,183861
1662989400,17.75,18.11,17.68,17.91,188277
1663075800,17.52,17.63,17.04,17.11,177189
1663162200,17.01,17.2,16.79,17.14,334912
1663248600,17.02,17.49,16.76,16.96,399470
1663335000,16.89,17.16,16.68,16.82,646122
1663594200,16.71,17.03,16.59,16.95,219121
1663680600,16.77,16.91,16.47,16.54,233904
1663767000,16.51,16.66,16.2,16.3,227326
1663853400,16.34,16.34,15.84,15.96,257972
1663939800,15.8,15.84,15.26,15.48,207587
1664199000,15.5,16.27,15.45,16.08,659147
1664285400,16.21,16.43,15.84,16.18,344954
1664371800,16.17,16.98,16.15,16.81,241216
1664458200,16.59,16.59,16.31,16.52,228770
1664544600,16.46,16.93,16.44,16.47,296082
1664803800,16.77,17.36,16.65,17.25,211907
1664890200,17.25,17.45,16.99,17.13,254440
1664976600,16.83,16.96,16.48,16.72,117970
1665063000,16.72,17.67,16.66,17.64,350331
1665149400,17.4,17.53,17.11,17.21,314694
1665408600,17.2,17.95,17.18,17.7,209342
1665495000,17.49,17.77,17.305,17.59,238880
1665581400,17.55,17.87,17.295,17.7,191769
1665667800,17.57,18.22,17.32,18.2,220094
1665754200,18.34,18.44,17.54,17.56,170767
1666013400,17.74,18.25,17.74,18.1,209248
1666099800,18.33,18.64,18.08,18.2,128272
1666186200,18.07,18.17,17.62,17.76,141579
1666272600,17.83,18.115,17.666,17.79,131811
1666359000,17.84,18.33,17.7,18.29,194905
1666618200,18.32,18.53,18.0913,18.42,147646
1666704600,18.39,18.97,18.39,18.61,171643
1666791000,18.71,18.79,18.46,18.5,157002
1666877400,18.69,18.92,18.38,18.53,176252
1666963800,18.61,18.985,18.61,18.81,188829
1667223000,18.81,18.92,18.55,18.87,267894
1667309400,19.15,19.2,18.73,18.98,302603
1667395800,18.95,19.41,18.74,19.07,390032
1667482200,18.78,18.78,16.91,17.11,547868
1667568600,16.4,17.16,15.785,17.16,411527
1667831400,17.18,17.45,16.95,17.41,267759
1667917800,17.48,18.18,17.27,17.78,324230
1668004200,17.58,17.58,16.92,17.26,269067
1668090600,17.55,17.97,17.31,17.91,240807
1668177000,17.94,18.02,17.56,17.7,254036
1668436200,17.71,18.05,17.6,17.87,297485
1668522600,17.88,18.38,17.85,17.91,209628
1668609000,17.74,18,17.4,17.47,231559
1668695400,17.2,17.42,17.02,17.34,183523
1668781800,17.62,17.69,17.25,17.51,212612
1669041000,17.49,17.58,17.2,17.43,215264
1669127400,17.48,17.715,17.2,17.37,215842
1669213800,17.33,17.75,17.21,17.52,188137
1669386600,17.39,17.675,16.86,17.44,146703
1669645800,17.33,17.345,16.94,17.04,662736
1669732200,16.91,17.36,16.7325,17.21,263104
1669818600,17.19,17.47,16.76,17.4,368653
1669905000,17.38,17.83,17.08,17.1,255688
1669991400,16.89,17.17,16.86,17.08,283319
1670250600,16.9,17.3515,16.43,16.59,434366
1670337000,16.5,16.63,16,16.37,412918
1670423400,16.44,16.66,16.23,16.33,310551
1670509800,16.36,16.775,16.28,16.54,342685
1670596200,16.44,16.905,16.3,16.63,227695
1670855400,16.64,16.875,16.3,16.39,216577
1670941800,16.82,17.01,16.21,16.25,378435
1671028200,16.14,16.53,16.11,16.33,355132
1671114600,16.18,16.36,15.85,16.08,412542
1671201000,15.92,16.04,15.69,15.95,527100
1671460200,15.91,16.18,15.66,15.83,317066
1671546600,15.97,16.1,15.69,15.85,246820
1671633000,16.11,16.41,15.84,16.35,232393
1671719400,16.22,16.47,16.07,16.44,236234
1671805800,16.4,16.94,16.4,16.89,249898
1672151400,16.87,16.94,16.68,16.72,216962
1672237800,16.66,16.97,16.23,16.34,278214
1672324200,16.37,16.82,16.17,16.74,202566
1672410600,16.6,16.78,16.495,16.68,242133
1672756200,16.9,17.05,16.5,16.77,254531
1672842600,16.76,17.054,16.33,16.37,291764
1672929000,16.29,16.55,16.2,16.35,277746
1673015400,16.48,16.89,16.48,16.61,300268
1673274600,16.66,16.7,16,16.03,267139
1673361000,16.06,16.52,15.87,16.5,253321
1673447400,16.5,17.3,16.49,17.26,342763
1673533800,17.29,17.7,17.16,17.69,262365
1673620200,17.56,18.26,17.1532,18.07,311536
1673965800,18,18.02,17.64,17.65,209656
1674052200,17.65,17.74,17.37,17.51,202573
1674138600,17.42,17.745,17.36,17.58,204621
1674225000,17.71,18.66,17.3,18.47,308515
1674484200,18.42,18.57,17.84,17.95,230309
1674570600,18,18.32,17.84,18.19,248471
1674657000,18.19,18.7,18,18.63,163742
1674743400,18.7,18.865,18.53,18.85,157211
1674829800,18.7,19.07,18.59,18.7,116857
1675089000,18.69,18.93,18.01,18.3,244485
1675175400,18.26,18.755,18.23,18.71,217945
1675261800,18.63,18.78,18.295,18.63,149884
1675348200,18.81,19.12,18.79,19.05,178326
1675434600,18.85,19.19,18.31,18.79,167594
1675693800,18.66,18.66,18.27,18.43,136466
1675780200,18.59,18.59,17.72,17.81,204546
1675866600,17.83,17.83,17.12,17.22,161636
1675953000,17.31,17.41,17.025,17.18,171751
1676039400,17.15,17.78,17.07,17.71,235330
1676298600,17.61,17.9,17.23,17.86,213944
1676385000,17.73,17.94,17.4,17.88,497892
1676471400,17.69,18.17,17.6,18.11,209128
1676557800,17.84,17.9222,17.54,17.73,196239
1676644200,17.89,18.415,17.79,18.29,184388
1676989800,18.14,18.26,17.75,17.85,210220
1677076200,17.92,18.24,17.53,17.71,268658
1677162600,18.52,20.415,17.73,20.1,547205
1677249000,20.08,20.36,19.89,20.36,299779
1677508200,20.45,21.0575,19.8,19.87,305556
1677594600,20,20.13,19.845,19.96,330472
1677681000,19.91,20.46,19.845,20.07,280705
1677767400,19.73,20.34,19.5,20.31,266924
1677853800,20.35,20.405,20.04,20.1,337710
1678113000,20.08,20.08,19.77,20.01,261996
1678199400,19.96,20.1,19.77,20,173870
1678285800,20.17,20.17,19.72,19.91,171011
1678372200,19.9,20.06,19.67,19.69,214191
1678458600,19.57,19.57,18.75,19.08,338366
1678714200,18.8,18.92,18.56,18.67,233901
1678800600,19.13,19.31,18.83,18.93,248622
1678887000,18.49,18.63,18.285,18.57,210220
1678973400,18.3,18.65,18.17,18.65,269486
1679059800,18.38,18.44,18.12,18.18,774632
1679319000,18.37,18.995,18.195,18.55,206947
1679405400,18.76,18.87,18.26,18.47,156817
1679491800,18.51,18.62,18.18,18.21,188617
1679578200,18.27,18.43,18.02,18.06,193396
1679664600,17.9,17.975,17.595,17.76,240214
1679923800,17.89,18.1,17.38,17.46,300817
1680010200,17.27,17.75,17.1,17.5,365534
1680096600,17.71,17.919,17.6,17.87,335169
1680183000,17.97,18.235,17.85,18.03,185986
1680269400,18.1,18.32,18.025,18.29,332601
1680528600,18.35,18.64,18.12,18.51,302916
1680615000,18.77,18.77,17.625,17.82,139342
1680701400,17.79,17.87,17.561,17.68,175460
1680787800,17.72,18.055,17.65,18.03,224853
1681133400,18.07,18.38,17.92,18.34,405222
1681219800,18.3,18.41,17.89,18.08,211395
1681306200,18.28,18.335,17.78,17.94,167422
1681392600,18,18.37,17.86,18.2,192424
1681479000,18.12,18.27,17.29,17.48,171925
1681738200,17.48,17.62,17.35,17.57,144949
1681824600,17.57,17.57,17.1001,17.35,174821
1681911000,17.34,17.4,17.14,17.29,147348
1681997400,17.28,17.34,16.91,17.19,164873
1682083800,17.16,17.39,17.16,17.24,122927
1682343000,17.27,17.62,17.2,17.4,113618
1682429400,17.32,17.42,16.89,16.935,165756
1682515800,16.86,17.11,16.74,16.89,138121
1682602200,17.06,17.22,16.85,17.16,142286
1682688600,17.23,17.35,16.945,17.07,143225
1682947800,17.03,17.38,16.85,16.94,114869
1683034200,16.84,16.84,16.32,16.62,191275
1683120600,16.84,16.84,16.24,16.25,162715
1683207000,16.15,16.175,15.805,16.01,216752
1683293400,16.29,16.45,15.7,16.08,197647
1683552600,16.26,16.26,15.65,15.84,221731
1683639000,16.02,16.02,14.665,15.3,256439
1683725400,15.47,15.515,14.97,15.13,438404
1683811800,15.13,15.625,15.02,15.31,630831
1683898200,15.38,15.71,15.35,15.46,145369
1684157400,15.47,16.1,15.445,16.02,190534
1684243800,15.92,16.0399,15.48,15.82,154849
1684330200,15.94,16.36,15.8,16.33,189964
1684416600,16.23,16.34,15.83,16.13,127675
1684503000,16.28,16.405,15.84,15.88,136511
1684762200,15.95,16.24,15.87,16.14,153560
1684848600,16.17,16.63,15.78,16.4,169518
1684935000,16.34,16.34,16.03,16.11,151017
1685021400,15.99,16.175,15.88,16.03,146286
1685107800,15.99,16.37,15.99,16.33,150233
1685453400,16.33,16.4,16.09,16.23,129856
1685539800,16.15,16.31,15.6274,15.77,211036
1685626200,15.75,15.815,15.4,15.66,155290
1685712600,15.76,16.55,15.69,16.5,205712
1685971800,16.4,16.5,16.11,16.35,137338
1686058200,16.34,16.94,16.31,16.87,139890
1686144600,16.96,17.56,16.96,17.35,157372
1686231000,17.27,17.47,17.02,17.22,405010
1686317400,17.23,17.23,16.89,17.02,144831
1686576600,16.97,17.29,16.8201,17.21,138444
1686663000,17.19,17.5,17.0701,17.38,153205
1686749400,17.35,17.73,17.17,17.37,202744
1686835800,17.31,17.58,17.14,17.48,141059
1686922200,17.53,17.53,16.95,17.2,274113
1687267800,17.13,17.13,16.825,17.02,152862
1687354200,16.97,17.085,16.845,17,121555
1687440600,16.95,17.055,16.73,17.05,124151
1687527000,16.87,17.12,16.87,17.02,244852
1687786200,17,17.32,17,17.11,78829
1687872600,17.12,17.29,17.12,17.13,100180
1687959000,17.07,17.17,16.99,17.17,240496
1688045400,17.19,17.58,17.08,17.35,170302
1688131800,17.46,17.46,17.25,17.34,94531
1688391000,17.27,17.56,17.2,17.25,54984
1688563800,17.14,17.26,16.99,17.07,112748
1688650200,16.93,18.49,16.14,17.66,1096613
1688736600,17.7,18.68,17.7,18.5,560213
1688995800,18.44,18.7,18.2601,18.37,208292
1689082200,18.4,18.57,18.28,18.55,149046
1689168600,18.78,19.0299,18.585,18.9,146753
1689255000,19,19.3,18.965,19.25,184440
1689341400,19.14,19.23,18.59,18.7,283834
1689600600,18.62,18.81,18.48,18.75,158241
1689687000,18.72,19.06,18.72,18.87,119823
1689773400,18.9,19.19,18.89,19.02,262139
1689859800,19.03,19.219,18.57,19.13,306475
1689946200,19.24,19.33,19.06,19.14,171299
1690205400,19.12,19.46,19.12,19.27,147425
1690291800,19.24,19.28,19.12,19.16,503154
1690378200,19.13,19.25,18.8,19.06,591043
1690464600,19.19,19.3,18.98,19.09,542995
1690551000,19.26,19.3,19.14,19.22,168282
1690810200,19.3,19.55,19.25,19.43,245440
1690896600,19.41,19.41,19.055,19.24,162575
1690983000,19.13,19.13,18.94,19.11,129043
1691069400,18.98,19.06,18.75,18.99,127384
1691155800,18.9,19.42,18.6701,19.38,241731
1691415000,20.41,23.86,20.4,23.5,814845
1691501400,21.24,23.9,21.17,23.74,4523908
1691587800,24.08,24.8,23.09,23.62,2290003
1691674200,23.81,24.32,22.71,23.28,1428146
1691760600,23.09,23.51,22.66,23.01,503609
1692019800,22.83,23.55,22.74,23.25,1610934
1692106200,23.09,23.245,22.09,22.2,832042
1692192600,22.16,22.475,20.73,20.74,716397
1692279000,20.82,21.02,20.12,20.22,532264
1692365400,20.14,20.14,19.49,19.64,682982
1692624600,19.62,19.62,18.18,18.65,740457
1692711000,18.71,18.81,18.22,18.32,2318873
1692797400,18.31,18.53,18.17,18.23,439257
1692883800,18.28,18.305,17.66,17.98,329839
1692970200,18.08,18.5267,17.23,17.35,434146
1693229400,17.43,17.9223,17.33,17.42,335961
1693315800,17.31,17.955,17.23,17.55,229495
1693402200,17.51,17.61,17.275,17.35,247798
1693488600,17.36,17.61,17.27,17.38,379498
1693575000,17.64,17.64,17.17,17.28,216138
1693920600,17.17,17.96,17.1,17.71,365798
1694007000,17.69,18.23,17.33,18.21,324489
1694093400,18.4,18.4,17.39,17.53,525205
1694179800,17.4,18.27,17.4,18.04,205194
1694439000,18.05,18.49,17.71,17.81,224446
1694525400,17.73,17.98,17.45,17.79,223068
1694611800,17.76,17.98,17.32,17.95,221596
1694698200,18.15,19.45,18.15,19.41,449333
1694784600,19.47,19.92,18.75,18.78,616582
1695043800,18.76,18.76,18.22,18.34,319545
1695130200,18.29,19.3208,18.29,18.66,268272
1695216600,18.78,19.1388,18.43,18.45,118407
1695303000,18.26,18.34,17.71,18.11,255585
1695389400,18.04,18.37,17.82,17.88,153507
1695648600,17.79,17.8,17.425,17.66,137335
1695735000,17.53,17.5827,16.46,16.46,177876
1695821400,16.61,16.71,16.15,16.46,197860
1695907800,16.47,16.97,16.3,16.94,134791
1695994200,17.01,17.32,16.72,16.75,144693
1696253400,16.75,16.87,15.99,16.06,106894
1696339800,15.9,15.9,14.51,14.73,381278
1696426200,14.79,14.835,14.15,14.3,516413
1696512600,14.32,15.03,14.03,14.87,240983
1696599000,14.71,14.76,14.29,14.35,236664
1696858200,14.28,15.01,13.95,14.59,473805
1696944600,14.67,15.2,14.62,14.68,394816
1697031000,14.63,14.93,14.4,14.5,315518
1697117400,14.66,14.9562,14.25,14.62,343175
1697203800,14.65,14.95,14.29,14.51,434820
1697463000,14.43,14.77,14.21,14.22,482839
1697549400,14.08,14.46,13.98,14.31,479875
1697635800,14.17,14.72,13.98,14.39,387179
1697722200,14.48,14.65,13.98,14.07,515666
1697808600,14.06,14.51,13.98,14.13,561395
1698067800,14.1,14.46,13.635,13.69,468949
1698154200,13.78,14.31,13.78,13.96,523254
1698240600,13.95,14.06,13.62,13.62,349191
1698327000,13.56,14.05,13.55,13.75,393424
1698413400,13.83,13.83,13.21,13.27,377696
1698672600,13.45,13.8,13.42,13.61,541350
1698759000,13.61,13.93,13.57,13.86,298237
1698845400,13.88,14.04,13.63,13.88,396856
1698931800,14.09,14.87,14.09,14.81,497408
1699018200,15.05,15.76,14.95,15.44,740711
1699281000,13.12,13.7,10.4,10.61,3294724
1699367400,10.28,11.1646,9.81,10.615,3848510
1699453800,10.63,10.91,10.16,10.65,3654423
1699540200,10.74,10.75,9.71,10.09,2250058
1699626600,10.18,10.32,9.71,9.98,1388872
1699885800,10,10.25,9.64,9.74,1065003
1699972200,10.12,10.56,9.84,10.17,1328509
1700058600,10.2,10.58,10,10.01,1440919
1700145000,10.04,10.11,9.53,9.68,1452392
1700231400,9.88,10.46,9.535,10.43,1745876
1700490600,10.43,10.64,10.15,10.61,915070
1700577000,10.52,10.85,10.33,10.56,746597
1700663400,10.65,10.81,10.5,10.58,720766
1700836200,10.58,10.7,10.47,10.61,201319
1701095400,10.55,10.81,10.43,10.74,730921
1701181800,10.67,10.67,10.18,10.25,678654
1701268200,10.4,10.8022,10.38,10.63,1721461
1701354600,10.53,10.64,10.21,10.47,993881
1701441000,10.61,11.27,10.26,11.26,1497978
1701700200,11.16,11.6,11.12,11.28,1101028
1701786600,11.19,11.195,10.91,11.03,786838
1701873000,11.21,11.66,11.12,11.4,1688185
1701959400,11.4,12.49,11.32,12.45,1435601
1702045800,12.42,13.16,12.35,13.04,1376489
1702305000,13,13.23,12.31,12.69,1002809
1702391400,12.7,12.7,12.09,12.23,693031
1702477800,12.29,12.76,11.71,12.74,770985
1702564200,13.07,14.04,13.07,13.71,975440
1702650600,13.83,14.09,13.045,13.31,1557800
1702909800,13.4,13.74,13.05,13.31,555745
1702996200,13.5,14.02,13.45,13.96,566397
1703082600,13.89,14.2,13.41,13.67,605248
1703169000,13.85,14.07,13.66,14.06,473741
1703255400,14.32,14.32,13.9287,14.25,588713
1703601000,14.3,14.91,14.3,14.76,712008
1703687400,14.8,15.65,14.73,15.08,2042047
1703773800,15.12,16.4,14.9001,16.08,2761644
1703860200,16,16.9599,15.88,16.57,17427709
1704205800,16.16,16.83,15.65,15.71,8542354
1704292200,15.53,15.83,14.0703,14.32,6829484
1704378600,14.4,14.44,12.57,13.5,5324976
1704465000,13.37,13.87,12.57,12.64,3567812
1704724200,12.64,13.12,12.49,12.77,2669806
1704810600,12.25,12.78,11.9,12.66,2686630
1704897000,12.85,17.9,12.85,16.65,18133765
1704983400,16.4,16.8262,15.8601,16.08,5922792
1705069800,16.02,16.53,15.77,16.06,6291934
1705415400,16.1,18.2,16.01,17.45,5962055
1705501800,16.89,17.7,16.88,17.5,4096609
1705588200,17.62,17.64,16.54,17.22,2715464
1705674600,17.22,17.23,15.3,15.38,4667343
1705933800,15.46,15.475,14.12,14.57,2811000
1706020200,14.78,15.365,14.345,15.11,3057245
1706106600,15.25,15.26,14.165,14.72,4157594
1706193000,14.72,14.865,13.96,13.97,1567940
1706279400,14.01,14.2851,13.74,13.85,1328730
1706538600,13.69,13.86,13.48,13.8,1366398
1706625000,13.81,13.81,13.3,13.65,1409931
1706711400,13.51,14,13.345,13.39,1315545
1706797800,13.46,13.77,13.25,13.45,1067927
1706884200,13.19,13.64,12.99,13.41,874921
1707143400,13.18,13.2,12.66,13.11,1123167
1707229800,13.07,13.46,13.06,13.3,742561
1707316200,13.41,13.62,13.1,13.25,1252739
1707402600,13.05,13.57,13.05,13.51,971440
1707489000,13.32,14.21,13.22,13.52,1340438
1707748200,13.61,13.76,12.98,13,1376337
1707834600,12.55,13.1,12.26,12.55,2238884
1707921000,12.79,12.9699,12.54,12.66,1676629
1708007400,12.7,12.95,12.3707,12.77,1391348
1708093800,12.67,13.85,12.4,13.77,2184549
1708439400,13.33,14.05,13.33,13.78,2161149
1708525800,13.8,13.8,13.33,13.51,1898297
1708612200,13.14,13.53,12.9,13.32,1358747
1708698600,13.25,13.41,12.535,12.67,1543531
1708957800,12.52,12.97,12.06,12.14,2300275
1709044200,12.22,13.175,12.22,13.06,2291365
1709130600,12.92,13.26,12.7,13.23,1290960
1709217000,13.45,13.63,13,13.11,1954218
1709303400,11.93,13.7,11.8301,13.22,4170931
1709562600,12.87,13.17,12.6301,13.05,2680115
1709649000,13,13.89,12.81,13,2238227
1709735400,13.09,13.61,13.02,13.56,1650881
1709821800,13.54,13.95,13.4,13.92,1427333
1709908200,13.95,14,13.21,13.78,2101738
1710163800,13.94,15.42,13.9139,15.25,2513963
1710250200,15.03,15.43,14.58,15.24,1517031
1710336600,15.49,15.64,15.2,15.46,1326145
1710423000,15.31,15.4,13.87,14.13,2481670
1710509400,14.11,14.25,13.44,13.57,4577846
1710768600,13.68,13.68,12.66,12.7,1798149
1710855000,12.6,12.97,12.45,12.73,1937888
1710941400,12.69,13.89,12.36,13.84,2150413
1711027800,13.97,14.27,13.52,14.14,1072746
1711114200,14.16,14.21,13.48,13.83,859065
1711373400,13.72,13.99,13.55,13.65,858216
1711459800,13.74,13.7899,12.95,12.95,1303795
1711546200,13,14.065,12.74,14.01,1144522
1711632600,14.07,14.46,13.92,14.25,1347521
1711978200,14.25,14.5,13.98,14.04,1377110
1712064600,13.74,13.83,13,13.04,1836490
1712151000,12.7,13.68,12.66,13.59,1657792
1712237400,13.89,13.96,13.32,13.51,1493948
1712323800,13.19,13.7,13.19,13.3,1175864
1712583000,13.59,13.81,13.49,13.64,811617
1712669400,13.67,13.91,13.57,13.66,904121
1712755800,13.12,13.515,13,13.43,2018733
1712842200,13.45,14.5,13.32,14.45,1460691
1712928600,14.25,14.29,13.88,14.2,1376121
1713187800,14.37,14.5528,13.96,14.17,1060118
1713274200,13.99,14.04,13.49,13.88,1186263
1713360600,13.88,14.445,13.88,14.01,1128959
1713447000,14.02,14.67,14.02,14.56,1829767
1713533400,14.56,14.83,13.52,14.55,1330351
1713792600,14.63,15.27,14.47,15.06,1262047
1713879000,14.9,15.46,14.89,15.3,1496976
1713965400,15.2,15.965,15.06,15.88,1018886
1714051800,15.54,16.11,15.49,16.02,1608811
1714138200,16.07,16.54,15.98,16,1203800
1714397400,15.9,16.16,15.43,16,1437986
1714483800,15.82,16.06,15.61,15.99,1127186
1714570200,16.03,16.6,15.8,16.12,1606665
1714656600,16.19,17.07,16,16.99,1301857
1714743000,17.43,17.74,17.26,17.445,1744762
1715002200,17.43,17.77,17.39,17.56,1093450
1715088600,17.56,17.74,16.98,17.35,1473841
1715175000,15.28,16.18,14.69,15.445,3861509
1715261400,15.42,15.61,14.4,15.61,2386854
1715347800,15.59,15.59,14.81,15.31,1549628
1715607000,15.47,16.01,15.36,15.87,983832
1715693400,16.23,16.81,15.83,16.75,1361174
1715779800,17,17.6,16.76,17.45,1152665
1715866200,17.19,17.51,17.11,17.11,1040694
1715952600,17.23,17.59,16.94,17.59,1100217
1716211800,17.56,18.7,17.5203,18.64,2204069
1716298200,18.6,18.7,17.96,18.05,1175876
1716384600,17.8,18.39,17.68,18.25,983375
1716471000,18.26,18.46,17.93,18.19,1339683
1716557400,18.34,18.76,18.04,18.49,1191598
1716903000,18.56,18.76,18.35,18.46,1199835
1716989400,18.35,18.48,17.87,18.1,1428938
1717075800,17.85,18.64,17.66,18.5,1075037
1717162200,18.69,19.48,18.66,19.2,1882508
1717421400,19.44,19.67,19.15,19.19,1631517
1717507800,19,19.47,18.74,19.34,1019816
1717594200,19.47,19.99,19.19,19.84,1244194
1717680600,19.62,19.95,19.15,19.3,965630
1717767000,18.92,19.13,18.66,18.81,926598
1718026200,18.55,18.6525,17.35,17.83,1393777
1718112600,17.65,18.185,17.44,17.86,1363010
1718199000,18.53,19.03,18.49,18.68,962945
1718285400,18.53,18.72,18.22,18.22,701999
1718371800,17.9,18.01,17.39,17.44,901523
1718631000,17.3,17.85,16.98,17.57,874334
1718717400,17.51,17.81,16.99,17.04,1255779
1718890200,16.9,17.32,16.82,17.21,1123936
1718976600,17.15,17.34,17.005,17.2,3701975
1719235800,17.36,17.7,17.17,17.54,895476
1719322200,17.47,17.47,17.115,17.16,655814
1719408600,17,17.79,16.97,17.58,1099533
1719495000,17.35,17.89,17.25,17.78,767268
1719581400,17.88,18.25,17.55,17.81,1396779
1719840600,17.78,17.87,17.43,17.71,706859
1719927000,17.74,18.295,17.73,18.13,741870
1720013400,18.34,18.53,18.19,18.39,469177
1720186200,18.48,18.86,18.35,18.53,761431
1720445400,18.6,18.8693,18.42,18.55,846360
1720531800,18.52,18.67,17.705,17.75,939315
1720618200,17.84,17.91,17.5,17.84,570882
1720704600,18.27,18.97,17.91,18.94,1187059
1720791000,18.83,19.705,18.83,19.6,961493
1721050200,19.73,20.39,19.55,19.93,1282996
1721136600,20.32,20.49,20.08,20.27,1019840
1721223000,20.02,20.735,19.98,20.33,1033041
1721309400,20.45,20.8625,19.84,19.93,817905
1721395800,19.96,20.085,19.28,19.3,928141
1721655000,19.33,19.67,19.1,19.44,1121420
1721741400,19.41,19.83,19.24,19.8,1223335
1721827800,19.7,20.1,19.3,19.47,579856
1721914200,19.29,20.38,19.29,19.66,1418734
1722000600,20.18,20.65,20,20.31,874319
1722259800,20.34,20.545,19.45,19.63,548991
1722346200,19.57,20.02,19.45,19.64,751380
1722432600,19.8,20.53,19.46,20.08,1019973
1722519000,20.19,20.21,19.28,19.95,859203
1722605400,19.29,20.27,19.09,19.5,914158
1722864600,18.14,18.485,17.22,18.08,2101228
1722951000,18.19,19.16,18.16,18.94,1331546
1723037400,19.37,20.01,19.05,19.46,1328079
1723123800,19.4,20.13,19.38,20.08,1111146
1723210200,18.63,19.4,16.7,16.755,3285155
1723469400,16.01,16.13,14.79,15.5,2787847
1723555800,15.47,17.47,15.31,17.455,2024800
1723642200,17.59,17.64,16.79,17.39,938237
1723728600,17.78,18.06,17.68,17.81,890665
1723815000,17.79,18.11,17.52,17.95,743732
1724074200,17.95,18.11,17.51,17.72,858843
1724160600,17.61,18.085,17.45,17.86,609856
1724247000,18.07,18.54,17.74,18.48,979248
1724333400,18.55,18.74,18.23,18.67,685682
1724419800,18.98,19.71,18.81,19.52,1100250
1724679000,19.6,19.97,19.5057,19.88,909339
1724765400,19.87,20.2,19.45,19.57,1236408
1724851800,19.3,19.865,19.04,19.13,742925
1724938200,19.38,19.38,18.36,18.36,867243
1725024600,18.46,18.6,18.125,18.54,864067
1725370200,18.35,18.53,17.73,18.09,885123
1725456600,18.32,18.44,18,18.405,666543
1725543000,18.51,22.37,18.49,22.28,3806416
1725629400,22.1,23.049,22.1,22.4,2980277
1725888600,22.34,22.42,21.2408,21.66,2009465
1725975000,21.69,21.775,20.76,21.5,1562779
1726061400,21.5,22.985,21.16,21.89,1783062
1726147800,21.95,22.65,21.8362,22.27,1022824
1726234200,22.77,24.3981,22.345,24.27,1914739
1726493400,25.26,27.05,25.17,26.44,3169298
1726579800,26.43,27.15,25.39,25.91,1436561
1726666200,26.12,26.58,25.19,25.71,1327916
1726752600,26.42,26.46,25.635,25.91,1092325
1726839000,25.73,27.09,25.63,26.04,3604188
1727098200,27,27,25.33,26.17,1969929
1727184600,26.21,26.65,24.664,25.33,1408161
1727271000,25.25,26.44,25.08,25.7,1135315
1727357400,25.95,26.01,25.46,25.76,676424
1727443800,27,30.077175,26.78,28.04,3401558
1727703000,27.87,28,22.43,24.82,7182119
1727789400,24.16,24.46,22.9,24.09,3921685
1727875800,24,24.85,23.85,24.36,2118659
1727962200,24.09,24.27,23.5,23.67,2111503
1728048600,23.72,23.86,23,23.29,1553723
1728307800,23.22,24.08,23.01,24.01,1883161
1728394200,24.19,25.82,24.04,25.39,2116236
1728480600,25.39,26.35,25.105,26.17,1812143
1728567000,26.06,26.3,25.13,25.48,1729417
1728653400,25.49,26.01,24.41,24.95,2110846
1728912600,24.97,25.57,24.61,25.16,880773
1728999000,25.28,26.01,24.95,25.79,1687678
1729085400,25.84,26.5,25.55,25.71,1549449
1729171800,25.55,26.05,25.4,25.54,1418150
1729258200,25.56,26.02,25.3,25.38,1177274
1729517400,25.27,25.62,24.461,24.61,1341302
1729603800,24.62,24.935,24.3,24.88,718904
1729690200,24.86,25.37,24.695,25.12,1027462
1729776600,25.34,25.68,24.83,24.95,790460
1729863000,24.96,25.49,24.91,25.13,887125
1730122200,25.55,25.92,25.26,25.28,994248
1730208600,24.85,25.37,24.69,25.22,1213368
1730295000,25.12,25.73,25.05,25.18,745162
1730381400,25.39,25.43,24.61,25.06,1249255
1730467800,25.25,25.91,24.525,24.68,1292415
1730730600,25.08,25.29,24.08,24.27,1004564
1730817000,24.23,25.02,24.145,24.61,936415
1730903400,25.895,27.29,25.44,27.17,2536762
1730989800,27.31,27.32,26.02,26.07,1506255
1731076200,26.08,26.215,25.45,25.81,1258856
1731335400,26.02,26.505,25.915,26.13,1715782
1731421800,25.55,25.6,21.9,22.76,4817959
1731508200,22.685,23.03,21.4493,21.52,3369104
1731594600,21.03,22.68,21.03,21.99,3762283
1731681000,23.27,23.58,22.41,22.79,2995015
1731940200,22.91,24.08,22.55,23.68,2112759
1732026600,23.55,24.56,22.907,24.23,2948396
1732113000,24.11,24.315,22.99,23.43,1681326
1732199400,23.35,24.415,23.1988,23.57,1323970
1732285800,22,23.28,20.91,22.9,2701956
1732545000,23.11,24.41,23.09,24.41,3597664
1732631400,24.06,25.31,23.845,24.87,1811389
1732717800,25.26,25.6,24.71,25.03,1402574
1732890600,25.03,25.58,24.82,25.29,636427
1733149800,25.29,25.8,25,25.2,1013659
1733236200,25.18,25.19,24.23,24.55,1594156
1733322600,24.31,24.72,23.82,24,1169095
1733409000,23.64,24.26,23.64,23.935,930121
1733495400,24.13,24.195,23.72,24,1038002
1733754600,24.08,24.675,23.62,23.73,2005141
1733841000,23.75,24.085,23.145,23.3,846366
1733927400,23.56,23.76,22.91,23.44,988875
1734013800,23.48,24.21,23.255,23.43,1258151
1734100200,23.42,23.77,23.2,23.34,1358237
1734359400,23,24.23,22.825,23.74,1551468
1734445800,23.6,23.89,22.94,23.035,1642706
1734532200,23.05,23.63,22.22,22.25,2781386
1734618600,22.31,22.88,22.1111,22.61,1015864
1734705000,22.37,23.135,22.32,22.75,4878865
1734964200,22.47,22.83,22.05,22.69,1041860
1735050600,22.845,23.18,22.38,23.02,376199
1735223400,22.75,23.16,22.55,23.07,517626
1735309800,22.95,23.04,22.41,22.57,728410
1735569000,22.45,23.11,22.06,23.01,1299202
1735655400,22.51,23.31,22.45,22.9,892116
1735828200,23.14,23.16,22.23,22.75,1088088
1735914600,23.07,23.195,22.72,23.11,668326
1736173800,23.17,23.685,23.01,23.33,965181
1736260200,23.34,23.44,22.49,22.73,3167593
1736346600,22.68,23.93,22.68,23.42,2222557
1736519400,22.95,23.32,22.6911,23.09,1710873
1736778600,23.1,23.33,22.785,23.03,1085973
1736865000,23.33,23.77,23.23,23.32,1899386
1736951400,24,24.86,23.89,24.48,1729027
1737037800,24.56,25.68,24.28,25.54,1597119
1737124200,25.82,27.02,25.69,27,2313199
1737469800,27.35,28.03,27.18,27.74,3057990
1737556200,27.68,28,27.07,27.52,2723143
1737642600,27.58,28.6,27.46,28.12,4139364
1737729000,28.18,28.58,27.51,27.66,1968283
1737988200,27.53,28.28,27.04,27.09,1751481
1738074600,27.01,27.43,26.66,27.21,931748
1738161000,27.27,27.6,26.5,26.9,2169675
1738247400,27.17,27.91,26.89,27.47,1312827
1738333800,27.58,27.75,27.19,27.66,1325756
1738593000,27.04,27.87,26.93,27.55,937315
1738679400,27.82,28.24,27.27,27.41,956007
1738765800,27.53,28.46,27.3485,28.45,1131100
1738852200,28.69,29.505,28.36,29.37,1443861
1738938600,29,29.49,28.6,29.19,1444115
1739197800,29.59,29.76,29,29.05,1033336
1739284200,28.81,29.11,28.5,28.68,1614619
1739370600,28.11,29.09,27.96,28.85,1231929
1739457000,29.07,29.39,28.91,28.96,968877
1739543400,29.29,29.39,28.8,29.26,957559
1739889000,29.31,30.3,29.13,30.14,3063168
1739975400,29.73,30.55,29.73,30.01,1997709
1740061800,29.84,30.255,29.43,30.17,1661690
1740148200,30.43,30.45,29.07,29.57,1461247
1740407400,29.75,29.75,28.89,29,1554104
1740493800,29.08,29.27,28.25,28.34,1626463
1740580200,28.31,29.525,28.22,29.01,1408150
1740666600,29.33,31.02,28.545,30.41,3618079
1740753000,30.78,31.59,29.63,31.23,4398792
1741012200,31.21,32.48,30.61,31.07,3105091
1741098600,30.42,31.615,29.985,31.04,2091938
1741185000,31.07,31.54,30.54,30.79,2598517
1741271400,30.05,30.23,27.81,28.38,2839188
1741357800,28.3,28.66,26.76,28.14,2434575
1741613400,27.29,27.29,25.12,25.18,4362708
1741699800,25.24,27.35,25.24,26.5,3082379
1741786200,27.36,27.46,25.84,26.34,1672154
1741872600,26.31,26.41,25.47,26.39,1492206
1741959000,26.8,27.11,26.12,26.14,1471830
1742218200,26.3,26.66,25.25,26.3,2536277
1742304600,26.26,26.27,25.13,25.86,1693069
1742391000,25.83,26.19,25.6,26.13,1862499
1742477400,26.08,27.01,25.97,26.5,1501310
1742563800,26.18,27.26,26,26.46,23901948
1742823000,26.97,27.2,26.4,26.88,1701806
1742909400,27.38,27.38,26.33,26.7,1258506
1742995800,26.74,27.4759,26.15,26.32,1406407
1743082200,26.16,26.28,25.69,26.16,1386225
1743168600,26.16,26.16,24.91,24.99,1645045
1743427800,24.69,25.82,24.605,25.58,2411397
1743514200,25.37,25.67,24.93,25.19,1804843
1743600600,24.79,26.58,24.79,26.29,1529357
1743687000,25.3,25.32,23.085,23.33,3542474
1743773400,22.83,22.83,21.04,21.53,3886453
1744032600,20.57,22.82,19.83,21.21,3698882
1744119000,22.19,22.73,20.49,20.92,5158693
1744205400,20.58,24.03,19.738,23.44,4347642
1744291800,22.92,23.035,21.5,22.1,1979065
1744378200,22.25,22.62,21.665,22.48,2426053
1744637400,23,23.2,22.55,22.74,1108916
1744723800,22.94,23.39,22.82,22.98,1250757
1744810200,22.79,22.9,21.81,22.1,1354050
1744896600,22.14,22.655,21.71,21.75,1234897
1745242200,21.42,21.505,20.74,21,1641578
1745328600,21.45,21.805,21.17,21.31,1569833
1745415000,22.08,22.99,21.94,21.97,1831734
1745501400,21.82,22.74,21.82,22.51,1339239
1745587800,22.43,22.73,22.25,22.56,984350
1745847000,22.61,23.42,22.43,22.68,1095301
1745933400,22.52,23.04,22.4,22.7,904207
1746019800,22.48,22.69,21.75,22.48,1226984
1746106200,22.57,23.3381,22.24,23.02,1303637
1746192600,23.32,24.21,23.23,24.03,1207825
1746451800,23.63,24.145,23.27,23.88,1555569
1746538200,23.32,23.98,23.26,23.92,1017256
1746624600,24.11,24.79,24.06,24.25,1455707
1746711000,24.62,24.735,23.66,23.85,2054370
1746797400,24.05,25.26,23.87,24.19,2363312
1747056600,24.38,24.9,18.37,20.18,12596079
1747143000,20.05,20.2,17.6005,19.78,12601288
1747229400,19.62,22.81,19.16,22.785,7301587
1747315800,22.5,23.5,22.1,22.9,3420933
1747402200,22.98,23.73,22.5675,23.39,2618829
1747661400,22.8,23.045,21.93,22,1805016
1747747800,21.78,22.32,21.72,22.16,2049521
1747834200,21.85,22,21.1,21.14,1657961
1747920600,20.94,21.17,20.75,20.95,1413855
1748007000,20.61,20.99,19.56,19.76,1818619
1748352600,20.08,20.79,20.075,20.24,1742015
1748439000,20.25,20.5,19.9,19.95,1166962
1748525400,20.15,20.33,19.83,20.17,1433569
1748611800,18.25,18.63,17.529,17.73,10611151
1748871000,17.705,18.43,16.675,18.21,4489722
1748957400,17.49,17.59,15.85,16.15,8093261
1749043800,16.13,16.29,15.5,16.2,7158952
1749130200,16.24,19.1,16.09,19.03,8949639
1749216600,18.99,19.01,17.02,17.48,4594862
1749475800,15.755,16.73,14.9,15.99,5978535
1749562200,16,16.82,15.86,16.74,5098588
1749648600,16.81,17.41,16.6,17.27,3287297
1749735000,17.43,18.125,17.36,18.075,3632629
1749821400,17.68,18,16.73,16.84,5896035
1750080600,24.27,25.2899,23.87,25.11,15844856
1750167000,24.91,25.4553,23.97,24.38,5600061
1750253400,24.585,25.3,24.16,24.87,3540496
1750426200,25.34,26.15,25,25.12,6386460
1750685400,24.91,25.52,24.23,25.15,2365160
1750771800,25.27,26.05,25.16,25.24,2876278
1750858200,25.07,25.185,24.15,24.63,3264972
1750944600,25.21,25.59,24.36,25.46,2796938
1751031000,25.99,29.16,25.64,28.81,9332452
1751290200,28.895,28.9967,27.415,27.7,2749135
1751376600,27.78,28.48,27.49,28.36,2264652
1751463000,28.57,29.705,28.08,29.49,2689784
1751549400,29.8,31.58,29.575,31.36,2712555
1751895000,30.95,32.07,30.36,31.36,3273480
1751981400,31.58,32.77,30.89,32.66,2815335
1752067800,32.93,33.035,32.05,32.22,2512084
1752154200,32.21,32.425,31.51,32.125,3533579
1752240600,32.07,32.07,30.21,30.86,3534126
1752499800,30.68,30.8282,29.43,29.91,2684699
1752586200,29.87,30.36,29.57,29.6,2150752
1752672600,29.49,29.78,28.57,29.09,2583383
1752759000,29.01,29.29,28.76,28.93,2211947
1752845400,29.24,29.41,28.45,28.61,2078358
1753104600,28.98,29.768,28.175,28.33,2349940
1753191000,28.5,28.5,27.65,28.12,1941559
1753277400,28.16,29.65,28.128,29.61,1808092
1753363800,29.99,30.07,29.02,29.84,2101488
1753450200,29.78,29.89,28.885,29.67,1222783
1753709400,29.445,29.87,29.11,29.77,1206829
1753795800,30.13,30.3,29.29,29.51,1649632
1753882200,30,34.2,29.43,32.82,6151398
1753968600,32.35,33.8,32.19,32.59,3551005
1754055000,29.445,29.73,26.04,26.93,8410699
1754314200,27.13,28.07,26.0601,26.33,4666826
1754400600,26.15,26.98,26.14,26.73,2667937
1754487000,27,27.64,26.52,26.99,2669604
1754573400,27.08,27.47,26.67,27.35,1463856
1754659800,27.59,27.91,26.47,27.08,1901848
1754919000,27.34,27.54,26.97,27.48,1301977
1755005400,27.91,28.47,27.5,28,1828718
1755091800,28.12,28.745,27.74,28.41,1344876
1755178200,28,28.45,27.475,28.37,1323611
1755264600,28.5,28.5,27.77,27.86,2674991
1755523800,27.32,28.065,27.24,27.87,1169262
1755610200,27.76,27.9,27.29,27.49,1671455
1755696600,27.34,27.98,27.1715,27.65,1709764
1755783000,26.84,27.53,26.52,27.5,1702959
1755869400,27.54,29.69,27.395,29.62,2309248
1756128600,29.95,30.07,29.3401,29.88,2493846
1756215000,54.11,55.19,50.62,50.87,46579122
1756301400,54.31,59.64,53.9,58.76,19724752
1756387800,58.71,58.85,54.74,56.95,8130004
1756474200,57.14,61.87,56.259,61.79,12454806
1756819800,60.94,65.535,60.35,65.24,6894360
1756906200,65.06,65.24,62.2838,63.91,4644893
1756992600,64.08,67.36,63.3935,67.22,4540289
1757079000,67.13,70.19,66.18,67.24,7061545
1757338200,81.53,84.48,75.5,80.63,24269793
1757424600,83.575,85.37,79.22,83.57,10168114
1757511000,83.5,85,79.5,79.89,4721896
1757597400,79.06,79.699,75,77.04,7090414
1757683800,77.05,77.27,74.11,74.89,5558390
1757943000,72.11,74.5468,70.41,71.94,7512182
1758029400,71.89,72.055,69.14,69.8,5518799
1758115800,69.39,73.58,68.92,71.81,7567850
1758202200,71.985,72.87,70.705,71.22,3994626
1758288600,72.36,73.17,71.1558,72.47,7027694
1758547800,73.055,74.285,71.71,73.14,5310921
1758634200,73.695,74.9999,72.91,73.64,11218363
1758720600,74.155,74.5,72.97,73.1,2862582
1758807000,72.625,75.11,72.04,73.14,3633188
1758893400,73.225,74.78,73.14,73.45,3407012
1759152600,73.605,74.13,72.76,73.65,2259509
1759239000,77.385,77.5099,74.2,76.36,6742382
1759325400,75.51,79.64,75.001,79.5,5599521
1759411800,79.35,79.98,77.86,79,6364484
1759498200,79.35,79.79,76.38,77.12,3926826
1759757400,78.88,79.05,75.49,76.78,3167500
1759843800,77.18,77.7099,74.2,75.18,3921606
1759930200,76.93,77.69,75.665,76.25,2060444
1760016600,76.53,76.91,75.89,76.5,1989786
1760103000,76.51,78.08,73.56,74,2931695
1760362200,74,76.075,74,74.85,1955027
1760448600,74,76,73.11,75.05,1906788
1760535000,76.38,76.76,74.63,74.85,2326139
1760621400,74.72,76.17,72.13,72.33,4106872
1760707800,72.21,73.94,71.04,72.38,2111701
1760967000,73.51,74.56,72.15,74.15,3027043
1761053400,74.08,74.6,73.23,73.77,1439391
1761139800,73.01,73.735,71.29,72.23,3078510
1761226200,71.92,74.12,71.91,73.03,2569218
1761312600,74.4,74.885,73.3818,74.12,1863905
1761571800,74.51,75.09,73.89,74.39,1530456
1761658200,74.13,75.52,74.01,74.8,2531211
1761744600,74.34,74.992,73.11,73.62,2628505
1761831000,72.98,74.2629,72,73.16,3004994
1761917400,73.03,75.59,72.5,74.87,3399721
1762180200,74.95,76.01,72.6801,75.37,3546547
1762266600,73.32,74.35,72.71,73.48,1795041
1762353000,73.55,74.22,72.19,72.32,3430669
1762439400,72.4,73.3,69.24,70.65,5899567
1762525800,69.02,74.42,68.11,73.48,5261031
1762785000,73.93,74.335,72.585,73.75,2531385
1762871400,72.97,73.77,71.105,71.28,2087577
1762957800,71.59,72.25,69.43,69.63,2932007
1763044200,68.72,70.31,68.22,69.98,2891712
1763130600,69.34,70.17,67.18,67.4,3306830
1763389800,67.5,68.175,66.135,66.93,2296188
1763476200,67.39,70,66.09,69.74,2226427
1763562600,69.47,70.76,68.35,69.1,2260917
1763649000,70.59,70.8,66.72,67.23,2548371
1763735400,67.17,69.22,65.76,68.63,2741200
1763994600,70.51,72.66,69.62,70.92,11069754
1764081000,70.99,71.74,69.9223,71,2278186
1764167400,70.95,71.9799,70.47,70.88,2125348
1764340200,71.35,73.37,70.77,73.29,1722751
1764599400,71.27,73.46,70.835,73,2310928
1764685800,73.13,74.73,72.77,74.06,2418361
1764772200,74.6,75.37,73.87,74.03,2387416
1764858600,73.43,74.91,72.54,74.5,2212840
1764945000,74.83,88,74.395,82,28602484
1765204200,86.05,90.3964,85.53,88.26,10586939
1765290600,87.98,98.9,86.03,93.54,10056916
1765377000,97.57,105.31,96.13,103.98,14254637
1765463400,106.1,109.53,103.28,104.39,8968833
1765549800,105.84,107.69,102.9,107.37,7757853
1765809000,109.635,111,103.32,103.93,4950941
1765895400,104,106.62,103.1,103.64,3014023
1765981800,103.81,104.36,99.9,100.89,3757010
1766068200,103.59,105.86,101.585,102.59,4023670
1766154600,107.98,111.39,103.38,103.91,8383222
1766413800,105.855,109.4099,104.6,108.88,4767484
1766500200,107.99,108.29,105.12,106.76,2539938
1766586600,106.58,107.54,106.3112,106.95,1022137
1766759400,107.43,109.259,105.139,105.6,1857622
1767018600,103.535,109.23,103.0803,108.55,2516307
1767105000,108.55,110.87,107.99,109.2,2392607
1767191400,109.31,110.39,108.6,108.7,2324799
1767364200,108.68,112.69,108.68,112.18,3856093
1767623400,113.02,113.47,109.61,110.67,3593926
1767709800,110.3,117.15,107.59,116.06,8133989
1767796200,116.13,116.9999,110.92,112.16,4282095
1767882600,115.59,119.8,114.1201,116.95,9071536
1767969000,117.69,120.53,117.51,120,7161364
1768228200,122.45,128.31,121.52,126.07,9731680
1768314600,126,126.828,121.29,123.74,7381947
1768401000,125,132.17,122.665,131.09,13015773
1768487400,129.74,132.25,122,123.55,8183917
1768573800,125.62,126.63,122.05,123.27,4774069
1768919400,122.23,128.09,121,122,6357431
1769005800,122.715,123.69,119.79,122.5,4187604
1769092200,124.34,128.759,122.14,127.965,7731900
1769178600,127.68,128.76,125.65,126.5,3796978
1769437800,126,128.29,118.5,119.72,9165407
1769524200,120.785,126.27,119.5,125.81,8342711
1769610600,129.59,131.939,128.01,128.57,5624282
1769697000,128.01,129.8,112.66,113.46,11606912
1769783400,116.08,116.9967,109.57,113.22,7361511
1770042600,111.06,121.305,111.06,116.55,7143589
1770129000,119.98,122.99,112.9,114.82,5763891
1770215400,114.61,114.77,107.12,110.69,6444077
1770301800,109.11,112.42,106.6,107.02,4175578
1770388200,110.23,112.31,108.71,111.61,3802758
1770647400,113.5,115.52,111.02,115.19,3301827
1770733800,114.765,117.86,114,115.67,4105181
1770820200,116.2,116.32,108.11,110.06,5507917
1770906600,110.22,111.56,107.25,110.51,3707681
1770993000,109.87,116.61,108.11,113.15,4233537
1771338600,112,115.025,110.25,113,1851262
1771425000,112.73,116.48,112.51,114.46,2727202
1771511400,113.14,117.2299,112.67,114.84,2179305
1771597800,114.51,114.84,109.79,110.36,2367773
1771857000,109,110.23,107.05,107.42,2336812
1771943400,107.05,107.62,104.77,106.78,3214253
1772029800,108.61,109.18,104.63,107.01,3635409
1772116200,107.38,108.94,105.785,108.37,3121422
1772202600,107.21,119.5,105.315,115.53,7897687
1772461800,117.16,121.64,114.15,118.68,6957418
1772548200,115.24,119.48,113.52,116.9,4015520