time,open,high,low,close,Volume
1358433000,1.009,1.016,0.9995,1.014,1074240
1358519400,1.008,1.035,1.008,1.035,1346920
1358865000,1.032,1.061,1.02275,1.052,1505720
1358951400,1.145,1.254,1.123,1.248,15731830
1359037800,1.247,1.315,1.22,1.251,5823420
1359124200,1.256,1.26899,1.218,1.24,2488450
1359383400,1.244,1.26299,1.223,1.257,2885320
1359469800,1.252,1.253,1.23,1.25,3070230
1359556200,1.254,1.257,1.213,1.225,2229100
1359642600,1.226,1.25,1.19701,1.238,2082790
1359729000,1.25,1.264,1.22,1.256,2706040
1359988200,1.247,1.262,1.217,1.234,3004190
1360074600,1.241,1.275,1.22997,1.244,3845520
1360161000,1.241,1.27,1.231,1.27,2997020
1360247400,1.265,1.2725,1.25,1.27,2664130
1360333800,1.269,1.282,1.256,1.272,1754390
1360593000,1.26,1.26696,1.241,1.266,1055830
1360679400,1.263,1.26599,1.24,1.243,921240
1360765800,1.242,1.25,1.228,1.25,909400
1360852200,1.243,1.252,1.224,1.237,642170
1360938600,1.248,1.248,1.207,1.245,1548260
1361284200,1.245,1.251,1.235,1.251,1194790
1361370600,1.253,1.255,1.2375,1.24,3610280
1361457000,1.238,1.2382,1.165,1.178,3874910
1361543400,1.19,1.19,1.157,1.189,2663130
1361802600,1.198,1.21,1.183,1.183,1701760
1361889000,1.187,1.199,1.183,1.186,718480
1361975400,1.181,1.196,1.1755,1.189,879230
1362061800,1.183,1.188,1.166,1.17,1810200
1362148200,1.161,1.194,1.143,1.192,1943470
1362407400,1.184,1.187,1.15099,1.155,1167700
1362493800,1.165,1.172,1.139,1.161,1293690
1362580200,1.165,1.17899,1.151,1.156,1027490
1362666600,1.156,1.164,1.138,1.142,1602360
1362753000,1.152,1.161,1.119,1.159,998070
1363008600,1.154,1.166,1.146,1.155,833530
1363095000,1.154,1.17,1.136,1.159,1632450
1363181400,1.161,1.176,1.158,1.164,948190
1363267800,1.171,1.175,1.148,1.16,1928870
1363354200,1.158,1.175,1.143,1.169,3696680
1363613400,1.156,1.179,1.156,1.174,1075600
1363699800,1.175,1.195,1.165,1.193,1088080
1363786200,1.2,1.227,1.199,1.206,1045700
1363872600,1.198,1.21,1.175,1.185,760820
1363959000,1.186,1.189,1.162,1.168,1069840
1364218200,1.169,1.191,1.16,1.166,963140
1364304600,1.171,1.17575,1.117,1.14,1603630
1364391000,1.135,1.169,1.13,1.159,836430
1364477400,1.155,1.165,1.129,1.129,979040
1364823000,1.132,1.136,1.073,1.085,1548330
1364909400,1.091,1.099,1.065,1.072,756140
1364995800,1.072,1.086,1.037,1.042,868240
1365082200,1.041,1.063,1.017,1.062,1305480
1365168600,1.039,1.064,1.03,1.033,1384870
1365427800,1.039,1.039,0.984,1.015,1113410
1365514200,1.017,1.027,1.013,1.013,949260
1365600600,1.021,1.046,1.021,1.04,1616270
1365687000,1.036,1.039,1.029,1.032,1455480
1365773400,1.026,1.036,0.994,1.012,2763720
1366032600,1.003,1.013,0.948,0.971,3819320
1366119000,0.983,1.026,0.966,1.024,2112610
1366205400,1.011,1.016,0.99,0.99,2206250
1366291800,0.99,1.001,0.964,0.98,1620570
1366378200,0.98,0.981,0.952,0.975,1833840
1366637400,0.974,0.979,0.9375,0.972,1863840
1366723800,0.984,1.006,0.956,0.997,1563240
1366810200,1,1.075,0.92,0.948,6240530
1366896600,0.948,0.997,0.945,0.981,2023650
1366983000,0.972,0.982,0.952,0.976,1214800
1367242200,0.979,0.988,0.966,0.9715,938370
1367328600,0.963,0.975,0.95,0.962,1777170
1367415000,0.956,0.966,0.94,0.941,2268660
1367501400,0.947,0.968,0.939,0.964,1349560
1367587800,0.977,1.005,0.97,1.003,896480
1367847000,1,1.003,0.983,0.987,842830
1367933400,0.986,0.99099,0.938,0.975,2182840
1368019800,0.968,0.987,0.95,0.98,1245190
1368106200,0.975,0.999,0.953,0.974,1512780
1368192600,0.979,1.008,0.958,1.005,771240
1368451800,1.007,1.007,0.984,1.006,901390
1368538200,1.004,1.031,0.999,1.031,1398710
1368624600,1.024,1.031,1.007,1.03,886200
1368711000,1.03,1.061,1.019,1.045,1470510
1368797400,1.048,1.07899,1.045,1.077,1389840
1369056600,1.076,1.087,1.057,1.073,1305450
1369143000,1.062,1.062,0.95,1.035,2895990
1369229400,1.036,1.05,1.0185,1.027,1083220
1369315800,1.017,1.041,0.997,1.025,1177510
1369402200,1.013,1.029,1.002,1.024,948490
1369747800,1.043,1.068,1.026,1.066,1146050
1369834200,1.059,1.072,1.035,1.058,709910
1369920600,1.053,1.094,1.034,1.067,1085590
1370007000,1.055,1.059,1.006,1.031,2212290
1370266200,1.033,1.063,1.016,1.06,2036050
1370352600,1.064,1.081,1.046,1.073,984090
1370439000,1.068,1.075,1.047,1.049,1189110
1370525400,1.053,1.0808,1.049,1.076,1772760
1370611800,1.088,1.095,1.07,1.087,756180
1370871000,1.096,1.1,1.072,1.098,816050
1370957400,1.079,1.1,1.076,1.083,647250
1371043800,1.094,1.094,1.0375,1.041,1207570
1371130200,1.043,1.077,1.034,1.072,738960
1371216600,1.065,1.084,1.044,1.063,949310
1371475800,1.073,1.112,1.066,1.107,1364230
1371562200,1.11,1.15,1.101,1.129,1448120
1371648600,1.125,1.144,1.119,1.122,990230
1371735000,1.103,1.1195,1.07701,1.086,929570
1371821400,1.09,1.106,1.072,1.096,2120290
1372080600,1.078,1.089,1.051,1.06,1633870
1372167000,1.071,1.074,1.043,1.059,1151770
1372253400,1.069,1.0725,1.039,1.05,682550
1372339800,1.056,1.075,1.052,1.058,1049400
1372426200,1.051,1.071,1.03,1.064,13301820
1372685400,1.073,1.107,1.069,1.081,1285450
1372771800,1.077,1.106,1.075,1.1,1033340
1372858200,1.089,1.13,1.089,1.114,403690
1373031000,1.137,1.145,1.12,1.141,702150
1373290200,1.141,1.155,1.132,1.144,1207000
1373376600,1.149,1.179,1.137,1.159,1478290
1373463000,1.155,1.18,1.144,1.176,805720
1373549400,1.188,1.194,1.167,1.174,843220
1373635800,1.168,1.176,1.14992,1.167,711480
1373895000,1.167,1.195,1.163,1.187,668300
1373981400,1.185,1.195,1.173,1.192,744970
1374067800,1.2,1.2169,1.167,1.17,1615480
1374154200,1.171,1.2,1.171,1.189,680170
1374240600,1.18,1.189,1.179,1.188,638020
1374499800,1.191,1.22,1.19,1.214,605800
1374586200,1.225,1.2255,1.201,1.206,675940
1374672600,1.219,1.238,1.211,1.221,790200
1374759000,1.219,1.239,1.181,1.237,1068130
1374845400,1.222,1.24499,1.198,1.215,611310
1375104600,1.208,1.209,1.175,1.189,514320
1375191000,1.2,1.2,1.183,1.1875,630130
1375277400,1.188,1.195,1.157,1.159,697220
1375363800,1.177,1.188,1.124,1.178,1394180
1375450200,1.17,1.185,1.16164,1.169,659410
1375709400,1.169,1.185,1.162,1.176,1093320
1375795800,1.175,1.192,1.162,1.178,784760
1375882200,1.285,1.36499,1.251,1.31,5842720
1375968600,1.322,1.35,1.3115,1.319,2397010
1376055000,1.309,1.325,1.30401,1.309,2112260
1376314200,1.294,1.34,1.292,1.338,1602690
1376400600,1.336,1.343,1.321,1.327,978580
1376487000,1.324,1.35,1.322,1.328,1069880
1376573400,1.31,1.324,1.2718,1.302,1031310
1376659800,1.301,1.329,1.301,1.306,1713370
1376919000,1.31,1.31,1.276,1.284,1904320
1377005400,1.288,1.318,1.286,1.3125,890460
1377091800,1.303,1.315,1.282,1.303,1225340
1377178200,1.305,1.322,1.305,1.319,604520
1377264600,1.316,1.325,1.293,1.305,998210
1377523800,1.312,1.318,1.29364,1.301,817170
1377610200,1.286,1.291,1.251,1.256,1267380
1377696600,1.26,1.283,1.259,1.269,834130
1377783000,1.27,1.308,1.27,1.301,1721610
1377869400,1.296,1.303,1.2712,1.284,1580350
1378215000,1.309,1.328,1.284,1.308,1262530
1378301400,1.309,1.314,1.296,1.301,1854750
1378387800,1.305,1.316,1.299,1.303,887060
1378474200,1.304,1.3135,1.2646,1.297,805960
1378733400,1.304,1.325,1.298,1.32,911540
1378819800,1.324,1.328,1.31,1.327,855530
1378906200,1.315,1.345,1.3101,1.319,1185830
1378992600,1.322,1.344,1.318,1.33,847880
1379079000,1.338,1.345,1.323,1.335,742900
1379338200,1.349,1.349,1.323,1.328,950570
1379424600,1.326,1.329,1.314,1.324,1544560
1379511000,1.326,1.371,1.324,1.365,1314180
1379597400,1.375,1.38,1.36,1.376,1299910
1379683800,1.37,1.381,1.348,1.366,7825970
1379943000,1.368,1.379,1.32,1.342,1769230
1380029400,1.345,1.38,1.325,1.349,1747120
1380115800,1.353,1.378,1.342,1.351,1123350
1380202200,1.359,1.368,1.34,1.357,1124760
1380288600,1.344,1.356,1.3339,1.341,730780
1380547800,1.33,1.354,1.309,1.354,1283600
1380634200,1.357,1.408,1.357,1.408,1679020
1380720600,1.396,1.4,1.384,1.387,1060260
1380807000,1.387,1.397,1.375,1.379,1079090
1380893400,1.375,1.397,1.375,1.394,887990
1381152600,1.381,1.403,1.381,1.395,1939480
1381239000,1.395,1.401,1.36,1.369,1584730
1381325400,1.373,1.378,1.344,1.367,1002350
1381411800,1.387,1.40375,1.382,1.401,1001670
1381498200,1.393,1.409,1.393,1.409,1045710
1381757400,1.4,1.448,1.4,1.438,1481690
1381843800,1.436,1.437,1.408,1.416,1242150
1381930200,1.4,1.406,1.365,1.405,2265060
1382016600,1.395,1.421,1.39,1.418,1503870
1382103000,1.43,1.44599,1.417,1.424,2415320
1382362200,1.423,1.442,1.416,1.423,1565930
1382448600,1.436,1.45,1.39801,1.426,2177470
1382535000,1.41,1.411,1.278,1.347,2741940
1382621400,1.35,1.371,1.341,1.369,1528690
1382707800,1.366,1.367,1.34,1.348,1398810
1382967000,1.345,1.377,1.345,1.377,1927510
1383053400,1.38,1.4065,1.379,1.403,1707460
1383139800,1.4,1.40765,1.363,1.379,863980
1383226200,1.376,1.4,1.376,1.392,1067770
1383312600,1.386,1.408,1.3735,1.39,2580520
1383575400,1.392,1.413,1.37542,1.41,2926810
1383661800,1.4,1.445,1.39001,1.442,2342820
1383748200,1.446,1.453,1.436,1.448,1614450
1383834600,1.451,1.451,1.404,1.415,905470
1383921000,1.414,1.454,1.414,1.451,1994970
1384180200,1.443,1.46,1.43,1.45,1799640
1384266600,1.448,1.458,1.434,1.439,802550
1384353000,1.425,1.45,1.425,1.45,1409270
1384439400,1.444,1.46,1.433,1.46,1652860
1384525800,1.458,1.459,1.4431,1.451,828170
1384785000,1.462,1.468,1.43133,1.437,1482830
1384871400,1.443,1.476,1.438,1.45,1439810
1384957800,1.461,1.464,1.43,1.435,724410
1385044200,1.437,1.47199,1.433,1.464,1314850
1385130600,1.473,1.548,1.465,1.523,3142410
1385389800,1.53,1.55,1.515,1.547,2034310
1385476200,1.54,1.559,1.533,1.55,2274780
1385562600,1.545,1.569,1.54,1.565,1624720
1385735400,1.565,1.6,1.5632,1.588,953880
1385994600,1.592,1.59904,1.573,1.596,2005910
1386081000,1.598,1.621,1.594,1.612,2698710
1386167400,1.609,1.644,1.602,1.625,2189230
1386253800,1.62,1.665,1.60301,1.657,1977530
1386340200,1.666,1.705,1.658,1.692,2737690
1386599400,1.699,1.72,1.698,1.718,1830660
1386685800,1.717,1.722,1.67,1.684,1556620
1386772200,1.69,1.694,1.666,1.673,1576790
1386858600,1.677,1.687,1.661,1.679,1067650
1386945000,1.687,1.69,1.639,1.639,1623260
1387204200,1.642,1.665,1.635,1.649,1996770
1387290600,1.645,1.661,1.636,1.65,1900540
1387377000,1.655,1.68,1.624,1.675,2204490
1387463400,1.674,1.699,1.661,1.662,2335520
1387549800,1.67,1.68,1.647,1.677,6816930
1387809000,1.682,1.723,1.666,1.715,1851180
1387895400,1.712,1.722,1.706,1.718,723100
1388068200,1.719,1.723,1.702,1.715,1566250
1388154600,1.715,1.72,1.702,1.717,1150190
1388413800,1.717,1.72,1.7,1.702,925650
1388500200,1.707,1.72,1.698,1.716,1628990
1388673000,1.704,1.705,1.6385,1.644,2119340
1388759400,1.646,1.677,1.636,1.671,2399100
1389018600,1.674,1.697,1.651,1.659,2189030
1389105000,1.67,1.711,1.67,1.677,1759470
1389191400,1.678,1.687,1.655,1.674,2133500
1389277800,1.68,1.681,1.629,1.658,1883700
1389364200,1.661,1.698,1.643,1.692,1535680
1389623400,1.691,1.705,1.651,1.664,1373490
1389709800,1.679,1.705,1.679,1.703,1662570
1389796200,1.704,1.744,1.702,1.73,5424640
1389882600,1.733,1.819,1.731,1.799,6833460
1389969000,1.809,1.815,1.757,1.796,3924950
1390314600,1.802,1.85,1.791,1.85,5178280
1390401000,2.032,2.354,2.031,2.297,33570450
1390487400,2.279,2.325,2.16412,2.198,11311040
1390573800,2.075,2.147,2.04,2.098,11851650
1390833000,2.094,2.19395,2.07604,2.15,7544870
1390919400,2.142,2.2,2.097,2.191,6107690
1391005800,2.174,2.225,2.0906,2.114,5317310
1391092200,2.14,2.159,2.122,2.133,3818370
1391178600,2.106,2.1282,2.0411,2.056,7371050
1391437800,2.056,2.069,2.003,2.009,5809880
1391524200,2.015,2.05,1.964,2.021,4492350
1391610600,2.013,2.036,1.954,2.015,3026150
1391697000,2.023,2.095,1.9968,2.075,4908580
1391783400,2.09,2.115,2.066,2.095,3178570
1392042600,2.085,2.133,2.0522,2.126,4296210
1392129000,2.127,2.19,2.112,2.179,5489960
1392215400,2.189,2.209,2.137,2.19,4583170
1392301800,2.171,2.199,2.15,2.186,4167240
1392388200,2.189,2.191,2.151,2.171,5123660
1392733800,2.194,2.285,2.182,2.245,7744060
1392820200,2.249,2.281,2.176,2.185,4797390
1392906600,2.18,2.2382,2.18,2.217,4292280
1392993000,2.212,2.23499,2.018,2.083,10596320
1393252200,2.084,2.14,2.084,2.102,5609790
1393338600,2.111,2.111,2.038,2.084,4870380
1393425000,2.096,2.117,2.04405,2.088,6346930
1393511400,2.082,2.1,2.049,2.078,4101930
1393597800,2.082,2.0939,1.98401,2.019,5963740
1393857000,1.991,2.034,1.9681,2.028,3629110
1393943400,2.054,2.1,2.048,2.073,3781870
1394029800,2.078,2.114,2.051,2.107,4486590
1394116200,2.131,2.1405,2.1,2.106,4092480
1394202600,2.116,2.12738,2.05,2.079,1889130
1394458200,2.078,2.078,1.994,2.039,6678760
1394544600,2.04,2.049,1.882,1.9,7620690
1394631000,1.9,1.93,1.868,1.916,3350360
1394717400,1.926,1.95,1.816,1.83,3113300
1394803800,1.834,1.864,1.82,1.844,2709440
1395063000,1.85,1.884,1.833,1.833,3086480
1395149400,1.839,1.877,1.822,1.871,2803490
1395235800,1.876,1.876,1.802,1.818,3225870
1395322200,1.811,1.839,1.7885,1.834,3062210
1395408600,1.837,1.85499,1.783,1.808,5418270
1395667800,1.813,1.833,1.7285,1.776,3233620
1395754200,1.78,1.83394,1.78,1.821,2730170
1395840600,1.839,1.839,1.749,1.75,4255000
1395927000,1.754,1.791,1.70817,1.729,2712190
1396013400,1.73,1.774,1.722,1.732,2500530
1396272600,1.748,1.762,1.717,1.737,2967290
1396359000,1.748,1.778,1.738,1.77,1835350
1396445400,1.772,1.784,1.74,1.774,2005920
1396531800,1.779,1.809,1.769,1.787,2612380
1396618200,1.804,1.804,1.753,1.767,4276830
1396877400,1.764,1.78,1.705,1.713,3211630
1396963800,1.715,1.756,1.715,1.731,2117960
1397050200,1.741,1.767,1.72,1.764,3513380
1397136600,1.766,1.82755,1.675,1.693,4180550
1397223000,1.68,1.692,1.644,1.652,3318950
1397482200,1.673,1.691,1.651,1.674,2586060
1397568600,1.677,1.723,1.64,1.723,3920480
1397655000,1.74,1.768,1.73,1.749,3469390
1397741400,1.752,1.796,1.74,1.78,3443900
1398087000,1.793,1.898,1.779,1.893,6777500
1398173400,1.893,1.926,1.854,1.895,7269810
1398259800,2.191,2.197,1.915,1.934,24437670
1398346200,1.998,2,1.914,1.987,7764410
1398432600,1.967,2.052,1.95401,2.047,10211200
1398691800,2.049,2.112,2.029,2.088,7366320
1398778200,2.092,2.092,2.0299,2.04,3156250
1398864600,2.036,2.048,1.982,2.036,5576170
1398951000,2.03,2.035,1.958,1.983,3742970
1399037400,1.99,2.06,1.9863,2.029,3939740
1399296600,2.017,2.025,1.98,1.983,2461530
1399383000,1.983,1.999,1.935,1.943,2604440
1399469400,1.938,1.9499,1.857,1.918,4994260
1399555800,1.9,1.919,1.829,1.836,4425220
1399642200,1.819,1.851,1.805,1.846,3991950
1399901400,1.841,1.899,1.841,1.878,4482060
1399987800,1.88,1.888,1.833,1.837,4737490
1400074200,1.838,1.838,1.726,1.775,7326400
1400160600,1.773,1.8,1.74,1.794,3054870
1400247000,1.9,1.988,1.861,1.976,9895040
1400506200,1.972,2.092,1.972,2.0725,7377660
1400592600,2.07,2.0885,2.02,2.048,5176480
1400679000,2.05,2.09,2.031,2.074,3601420
1400765400,2.075,2.08,2.042,2.061,2202300
1400851800,2.071,2.131,2.07,2.118,4204360
1401197400,2.128,2.17399,2.106,2.139,4549830
1401283800,2.13,2.184,2.11625,2.166,4103190
1401370200,2.172,2.179,2.142,2.176,3330500
1401456600,2.174,2.176,2.142,2.15,6930290
1401715800,2.15,2.156,2.106,2.117,3090150
1401802200,2.114,2.1289,2.08248,2.116,3209540
1401888600,2.102,2.206,2.091,2.149,4767690
1401975000,2.168,2.2,2.127,2.192,2774760
1402061400,2.2,2.2,2.166,2.183,2863940
1402320600,2.186,2.288,2.17562,2.27,4173760
1402407000,2.266,2.279,2.225,2.276,2712720
1402493400,2.26,2.2795,2.241,2.265,2089320
1402579800,2.258,2.2734,2.226,2.235,1571980
1402666200,2.244,2.312,2.237,2.309,2835950
1402925400,2.352,2.566,2.311,2.557,11901490
1403011800,2.576,2.578,2.43,2.4895,6512080
1403098200,2.49,2.629,2.49,2.602,6073530
1403184600,2.65,2.68,2.54,2.59,7228660
1403271000,2.605,2.62699,2.551,2.603,5955550
1403530200,2.622,2.6249,2.562,2.568,3730770
1403616600,2.552,2.598,2.5303,2.534,2435300
1403703000,2.524,2.549,2.457,2.527,4918640
1403789400,2.6,2.6,2.521,2.545,3426690
1403875800,2.524,2.5405,2.469,2.469,15329170
1404135000,2.469,2.539,2.461,2.527,6482220
1404221400,2.534,2.574,2.527,2.544,5007110
1404307800,2.547,2.5675,2.54101,2.555,4288210
1404394200,2.561,2.602,2.55,2.595,2462990
1404739800,2.589,2.602,2.541,2.545,3345650
1404826200,2.537,2.54,2.379,2.425,6894790
1404912600,2.432,2.519,2.411,2.49,4078600
1404999000,2.444,2.493,2.361,2.457,4468540
1405085400,2.449,2.527,2.425,2.508,3266180
1405344600,2.527,2.533,2.471,2.492,3274840
1405431000,2.493,2.493,2.415,2.443,2850770
1405517400,2.466,2.49765,2.44127,2.444,2070680
1405603800,2.43,2.465,2.409,2.417,2521460
1405690200,2.413,2.546,2.413,2.543,3000990
1405949400,2.527,2.635,2.507,2.62,4833450
1406035800,2.638,2.728,2.621,2.655,6334090
1406122200,2.655,2.655,2.559,2.576,3358290
1406208600,2.527,2.626,2.527,2.568,2796730
1406295000,2.542,2.55,2.474,2.515,2557730
1406554200,2.51,2.527,2.464,2.504,1915680
1406640600,2.52,2.655,2.52,2.635,4052970
1406727000,2.653,2.6764,2.612,2.66,2831430
1406813400,2.622,2.659,2.575,2.617,5916910
1406899800,2.628,2.63,2.509,2.559,3573690
1407159000,2.585,2.692,2.572,2.675,5466200
1407245400,2.669,2.6978,2.62153,2.689,5417810
1407331800,2.589,2.60399,2.33501,2.481,15544240
1407418200,2.484,2.56301,2.46301,2.492,2605620
1407504600,2.462,2.49,2.40801,2.433,4065460
1407763800,2.437,2.508,2.412,2.479,3187320
1407850200,2.483,2.499,2.4365,2.463,2046260
1407936600,2.476,2.52,2.468,2.514,3149010
1408023000,2.535,2.57,2.519,2.541,3532280
1408109400,2.578,2.58699,2.5,2.532,3942830
1408368600,2.573,2.605,2.526,2.581,3901920
1408455000,2.592,2.605,2.564,2.597,2634950
1408541400,2.57,2.599,2.515,2.527,4054090
1408627800,2.515,2.528,2.459,2.498,2196350
1408714200,2.47,2.503,2.414,2.455,4173460
1408973400,2.482,2.523,2.45,2.457,2631070
1409059800,2.458,2.498,2.454,2.47,3891750
1409146200,2.47,2.528,2.47,2.507,2569180
1409232600,2.493,2.503,2.455,2.473,2062370
1409319000,2.475,2.49,2.43,2.449,3245680
1409664600,2.49,2.705,2.49,2.7,8611490
1409751000,2.723,2.764,2.546,2.569,5906830
1409837400,2.585,2.6176,2.528,2.556,3175370
1409923800,2.556,2.586,2.517,2.549,1941410
1410183000,2.551,2.68,2.551,2.657,3240470
1410269400,2.656,2.68499,2.557,2.561,2899360
1410355800,2.568,2.5785,2.521,2.533,2785390
1410442200,2.517,2.604,2.501,2.603,2045580
1410528600,2.61,2.635,2.572,2.61,3461690
1410787800,2.619,2.636,2.565,2.626,2872020
1410874200,2.608,2.695,2.59,2.682,3553900
1410960600,2.67,2.854,2.6555,2.836,7707130
1411047000,2.858,2.965,2.856,2.903,6334770
1411133400,2.915,2.939,2.838,2.842,5323390
1411392600,2.835,2.863,2.79005,2.827,2706030
1411479000,2.822,2.844,2.752,2.78,3454320
1411565400,2.781,2.897,2.751,2.89,4714800
1411651800,2.889,2.89,2.74107,2.775,3856900
1411738200,2.789,2.87,2.7775,2.841,3249540
1411997400,2.87,2.954,2.851,2.94,4921450
1412083800,2.94,3.011,2.91,2.942,6518290
1412170200,2.942,2.969,2.803,2.858,8296550
1412256600,2.842,2.854,2.632,2.737,7926780
1412343000,2.766,2.78869,2.707,2.717,3696650
1412602200,2.736,2.742,2.47,2.516,11517770
1412688600,2.512,2.5275,2.45,2.46,6238110
1412775000,2.4,2.455,2.309,2.419,9816700
1412861400,2.411,2.425,2.335,2.346,5311280
1412947800,2.315,2.36,2.238,2.285,6449890
1413207000,2.285,2.36399,2.273,2.31,5738730
1413293400,2.303,2.397,2.278,2.323,4119460
1413379800,2.278,2.397,2.233,2.39,5179060
1413466200,2.189,2.42,2.15,2.395,4427050
1413552600,2.475,2.521,2.442,2.499,4933700
1413811800,2.5,2.565,2.5,2.544,4621130
1413898200,2.562,2.66399,2.549,2.648,6437360
1413984600,2.88,3.022,2.806,2.881,21986320
1414071000,2.927,3.079,2.917,3.075,8874230
1414157400,3.034,3.1,3.007,3.055,9139540
1414416600,3.02,3.08,3.006,3.07,6116530
1414503000,3.081,3.189,3.069,3.153,7745650
1414589400,3.169,3.179,3.074,3.16,4537360
1414675800,3.153,3.208,3.124,3.178,3937570
1414762200,3.222,3.243,3.178,3.196,5047780
1415025000,3.192,3.3,3.17,3.268,4958100
1415111400,3.261,3.2997,3.207,3.277,4322270
1415197800,3.297,3.306,3.193,3.225,5282120
1415284200,3.247,3.31848,3.241,3.29,5395560
1415370600,3.278,3.395,3.267,3.393,4845170
1415629800,3.393,3.4,3.3255,3.37,4069280
1415716200,3.366,3.403,3.28301,3.374,4050740
1415802600,3.343,3.384,3.325,3.367,2293210
1415889000,3.367,3.436,3.366,3.371,2655660
1415975400,3.381,3.495,3.381,3.467,4243910
1416234600,3.467,3.4755,3.377,3.418,4086950
1416321000,3.449,3.46,3.389,3.419,5599710
1416407400,3.4,3.435,3.322,3.345,4167940
1416493800,3.308,3.345,3.23,3.335,4734150
1416580200,3.403,3.46,3.37,3.375,3165900
1416839400,3.407,3.435,3.344,3.402,3323780
1416925800,3.418,3.418,3.351,3.355,1776180
1417012200,3.347,3.391,3.3391,3.381,2273660
1417185000,3.402,3.402,3.319,3.328,1457300
1417444200,3.312,3.317,3.22,3.22,2930570
1417530600,3.213,3.277,3.164,3.276,2834640
1417617000,3.276,3.39,3.247,3.367,3440290
1417703400,3.367,3.3945,3.295,3.303,2786680
1417789800,3.308,3.345,3.29125,3.326,2443460
1418049000,3.324,3.324,3.117,3.161,3911480
1418135400,3.134,3.228,3.03,3.201,4803550
1418221800,3.182,3.241,3.12593,3.132,3021850
1418308200,3.133,3.227,3.119,3.131,3039010
1418394600,3.093,3.181,3.066,3.138,3179890
1418653800,3.163,3.199,3.078,3.144,2735880
1418740200,3.131,3.189,3.109,3.129,2515530
1418826600,3.126,3.2749,3.09813,3.264,3572840
1418913000,3.303,3.456,3.301,3.4465,5596780
1418999400,3.466,3.532,3.4065,3.493,12502380
1419258600,3.528,3.666,3.522,3.653,4190350
1419345000,3.689,3.7,3.537,3.591,4004720
1419431400,3.618,3.671,3.577,3.639,1405410
1419604200,3.658,3.667,3.616,3.639,1433900
1419863400,3.65,3.655,3.507,3.539,2405600
1419949800,3.518,3.5689,3.452,3.493,1972030
1420036200,3.517,3.558,3.451,3.488,2205650
1420209000,3.523,3.55799,3.41,3.473,2073150
1420468200,3.447,3.5,3.318,3.367,3900160
1420554600,3.37,3.41,3.232,3.276,3386460
1420641000,3.307,3.324,3.221,3.3,3552630
1420727400,3.333,3.514,3.321,3.473,3609290
1420813800,3.485,3.512,3.419,3.453,2074120
1421073000,3.47,3.485,3.369,3.416,2339150
1421159400,3.433,3.521,3.327,3.421,3367120
1421245800,3.393,3.3962,3.309,3.37,2610530
1421332200,3.392,3.392,3.288,3.315,5912690
1421418600,3.323,3.515,3.308,3.507,5244350
1421764200,3.529,3.866,3.497,3.774,13193730
1421850600,3.921,3.98,3.39301,3.411,27572730
1421937000,3.45,3.689,3.40116,3.688,6987470
1422023400,3.665,3.701,3.58,3.635,6671890
1422282600,3.629,3.689,3.601,3.671,5982330
1422369000,3.617,3.798,3.539,3.733,6853690
1422455400,3.8,3.836,3.73,3.739,6563030
1422541800,3.742,3.808,3.70114,3.787,3823150
1422628200,3.762,3.819,3.6527,3.657,4987240
1422887400,3.7,3.7,3.53126,3.647,4503890
1422973800,3.657,3.711,3.565,3.588,4869600
1423060200,3.581,3.625,3.551,3.569,3845220
1423146600,3.597,3.677,3.5555,3.664,5771820
1423233000,3.685,3.735,3.623,3.713,4479670
1423492200,3.688,3.743,3.654,3.719,3130350
1423578600,3.77,3.927,3.7183,3.92,8419800
1423665000,3.98,4.044,3.913,3.919,9063830
1423751400,3.967,4.0125,3.93108,4.004,5522210
1423837800,4,4.038,3.933,3.974,4751970
1424183400,3.967,4.012,3.958,3.994,3813560
1424269800,3.965,3.987,3.853,3.911,3798340
1424356200,3.919,3.938,3.861,3.917,2001820
1424442600,3.93,3.93,3.866,3.924,2192860
1424701800,3.927,3.935,3.791,3.867,4752720
1424788200,3.878,4.077,3.861,4.073,9328690
1424874600,4.1,4.1,3.876,4.015,8595610
1424961000,4.035,4.2,4.021,4.113,8321470
1425047400,4.177,4.17799,4.014,4.018,5395970
1425306600,4.021,4.056,3.971,4.033,3894730
1425393000,4.023,4.031,3.933,3.98,4230300
1425479400,3.961,3.961,3.89201,3.924,3006930
1425565800,3.937,4.0145,3.894,3.935,2898180
1425652200,3.92,3.949,3.805,3.811,3368200
1425907800,3.812,3.846,3.764,3.806,4188310
1425994200,3.775,3.79,3.672,3.705,5384390
1426080600,3.724,3.823,3.706,3.818,3658260
1426167000,3.83,3.83668,3.676,3.731,5806250
1426253400,3.715,3.727,3.531,3.606,10690820
1426512600,3.606,3.709,3.606,3.639,4791730
1426599000,3.625,3.626,3.501,3.543,6841100
1426685400,3.545,3.5765,3.515,3.542,6659600
1426771800,3.524,3.675,3.52,3.667,4532410
1426858200,3.675,3.768,3.672,3.716,5275230
1427117400,3.716,3.754,3.66,3.664,3798540
1427203800,3.662,3.679,3.521,3.536,6736880
1427290200,3.536,3.5527,3.325,3.332,9167360
1427376600,3.239,3.352,3.209,3.32,8509850
1427463000,3.304,3.412,3.304,3.391,4448200
1427722200,3.392,3.459,3.391,3.411,3755960
1427808600,3.396,3.403,3.317,3.321,4100720
1427895000,3.313,3.38,3.267,3.372,3972430
1427981400,3.376,3.43,3.376,3.407,3656820
1428327000,3.382,3.418,3.347,3.367,2504270
1428413400,3.379,3.414,3.34109,3.367,2643100
1428499800,3.373,3.47,3.369,3.425,2882370
1428586200,3.431,3.4605,3.368,3.454,3218830
1428672600,3.46,3.542,3.442,3.512,2793730
1428931800,3.531,3.593,3.522,3.532,3694460
1429018200,3.541,3.578,3.508,3.545,2570500
1429104600,3.554,3.719,3.546,3.695,7039320
1429191000,3.696,3.799,3.639,3.777,5301310
1429277400,3.733,3.733,3.646,3.681,4553050
1429536600,3.692,3.786,3.681,3.706,5079260
1429623000,3.72,3.752,3.456,3.481,18036160
1429709400,3.375,3.4,3.063,3.19,40533750
1429795800,3.172,3.1806,3.1075,3.123,7687190
1429882200,3.121,3.152,3.016,3.044,8536440
1430141400,3.043,3.1405,3.04,3.079,9740020
1430227800,3.066,3.075,2.956,2.968,9545810
1430314200,2.949,2.998,2.886,2.984,10892150
1430400600,2.967,3.003,2.834,2.877,7401010
1430487000,2.883,2.9515,2.88,2.928,4685180
1430746200,2.93,3.017,2.929,2.984,5893700
1430832600,2.978,3,2.887,2.91,5009400
1430919000,2.972,3.052,2.968,2.985,6743500
1431005400,2.987,3.038,2.9644,3.01,5831880
1431091800,3.05,3.147,3.011,3.09,7647850
1431351000,3.091,3.143,3.079,3.093,4480240
1431437400,3.088,3.151,3.063,3.119,5366700
1431523800,3.125,3.235,3.125,3.2,7588690
1431610200,3.232,3.332,3.20025,3.324,6940860
1431696600,3.326,3.328,3.262,3.309,8102760
1431955800,3.305,3.3525,3.262,3.348,8143910
1432042200,3.348,3.348,3.261,3.288,8918270
1432128600,3.245,3.332,3.244,3.304,8117310
1432215000,3.297,3.3305,3.261,3.326,3840870
1432301400,3.32,3.381,3.31501,3.36,4211310
1432647000,3.335,3.386,3.31,3.351,7550690
1432733400,3.349,3.435,3.33,3.42,6285160
1432819800,3.422,3.446,3.363,3.377,4274740
1432906200,3.374,3.391,3.33,3.346,6672210
1433165400,3.474,3.551,3.375,3.521,8925750
1433251800,3.501,3.515,3.45,3.46,4995970
1433338200,3.465,3.537,3.447,3.496,3113470
1433424600,3.46,3.498,3.332,3.352,11315750
1433511000,3.338,3.386,3.313,3.368,4230540
1433770200,3.352,3.38,3.311,3.354,5184670
1433856600,3.363,3.379,3.321,3.344,2893240
1433943000,3.353,3.481,3.353,3.465,5746580
1434029400,3.447,3.529,3.436,3.474,6701280
1434115800,3.45,3.467,3.385,3.393,4931020
1434375000,3.426,3.447,3.286,3.292,7650700
1434461400,3.281,3.3082,3.203,3.257,7239300
1434547800,3.25,3.288,3.228,3.252,8306680
1434634200,3.264,3.30393,3.251,3.294,5102650
1434720600,3.303,3.335,3.293,3.321,6853940
1434979800,3.339,3.343,3.279,3.331,4946410
1435066200,3.342,3.343,3.297,3.332,3237200
1435152600,3.331,3.331,3.265,3.267,3776960
1435239000,3.283,3.283,3.15,3.156,4249800
1435325400,3.148,3.177,3.028,3.039,6502380
1435584600,3,3.008,2.932,2.941,8491130
1435671000,2.974,2.993,2.934,2.958,4762080
1435757400,2.98,3.032,2.977,3.025,5303500
1435843800,3.026,3.047,2.895,2.902,4260650
1436189400,2.851,2.9,2.78,2.798,8018650
1436275800,2.801,2.8102,2.673,2.761,9481710
1436362200,2.751,2.784,2.7,2.755,8024150
1436448600,2.761,2.811,2.52,2.581,15633470
1436535000,2.608,2.643,2.542,2.585,5660440
1436794200,2.587,2.616,2.536,2.541,5227070
1436880600,2.564,2.617,2.551,2.604,7139120
1436967000,2.615,2.631,2.49,2.517,8451200
1437053400,2.545,2.593,2.507,2.519,8687450
1437139800,2.529,2.539,2.47,2.514,6225470
1437399000,2.53,2.539,2.469,2.499,4689100
1437485400,2.506,2.539,2.481,2.506,3975910
1437571800,2.504,2.555,2.471,2.539,4563990
1437658200,2.545,2.64,2.53,2.576,6180780
1437744600,2.569,2.6026,2.515,2.545,4855910
1438003800,2.524,2.542,2.485,2.52,2272650
1438090200,2.543,2.55,2.459,2.533,5084250
1438176600,2.535,2.597,2.52729,2.57,3038690
1438263000,2.552,2.582,2.516,2.577,2363950
1438349400,2.615,2.701,2.615,2.667,7408160
1438608600,2.65,2.661,2.578,2.661,8159040
1438695000,2.68,2.696,2.565,2.581,10364710
1438781400,2.78,2.847,2.675,2.791,25347850
1438867800,2.89,2.897,2.598,2.687,10921910
1438954200,2.681,2.691,2.614,2.658,4974080
1439213400,2.65,2.769,2.643,2.718,6229250
1439299800,2.681,2.699,2.606,2.614,3860410
1439386200,2.59,2.712,2.557,2.704,4163930
1439472600,2.713,2.766,2.6675,2.728,4486840
1439559000,2.716,2.768,2.716,2.755,4545580
1439818200,2.755,2.774,2.719,2.765,3366210
1439904600,2.75,2.771,2.745,2.75,3332050
1439991000,2.738,2.765,2.693,2.744,3694050
1440077400,2.736,2.756,2.666,2.674,5048290
1440163800,2.637,2.683,2.5302,2.539,6602320
1440423000,2.45,2.605,2.344,2.456,6735940
1440509400,2.553,2.583,2.454,2.457,3588870
1440595800,2.507,2.536,2.45,2.531,4097730
1440682200,2.548,2.6,2.493,2.568,5488420
1440768600,2.567,2.686,2.55268,2.683,4729410
1441027800,2.669,2.751,2.6514,2.735,5876550
1441114200,2.65,2.65,2.3421,2.477,34121130
1441200600,2.5,2.5095,2.4396,2.481,7755640
1441287000,2.494,2.573,2.48,2.487,5876470
1441373400,2.437,2.506,2.42,2.424,5614080
1441719000,2.487,2.513,2.437,2.509,5791900
1441805400,2.53,2.587,2.511,2.521,4369220
1441891800,2.518,2.711,2.518,2.708,6677980
1441978200,2.685,2.719,2.673,2.714,5270660
1442237400,2.723,2.7305,2.649,2.666,5945260
1442323800,2.66,2.809,2.66,2.8,6868070
1442410200,2.809,2.932,2.8,2.903,7589190
1442496600,2.88,2.993,2.878,2.935,7041880
1442583000,2.882,2.97,2.86,2.885,7267480
1442842200,2.885,2.951,2.85,2.891,7285890
1442928600,2.851,2.878,2.81,2.859,4984890
1443015000,2.873,2.882,2.807,2.854,6431860
1443101400,2.83,2.871,2.705,2.779,8037950
1443187800,2.825,2.871,2.755,2.78,5100450
1443447000,2.759,2.785,2.652,2.692,5956400
1443533400,2.687,2.742,2.64,2.665,5076630
1443619800,2.703,2.763,2.688,2.726,4245360
1443706200,2.721,2.75,2.63545,2.661,4145970
1443792600,2.629,2.774,2.621,2.773,3404320
1444051800,2.81,2.904,2.795,2.881,4069960
1444138200,2.891,2.986,2.876,2.963,3973110
1444224600,2.991,3.189,2.963,3.168,8466340
1444311000,3.122,3.209,3.085,3.182,6691470
1444397400,2.72,2.834,2.63,2.69,38552440
1444656600,2.68,2.719,2.527,2.633,17354040
1444743000,2.632,2.714,2.623,2.692,6017050
1444829400,2.666,2.699,2.5905,2.593,7548210
1444915800,2.592,2.615,2.524,2.599,6408900
1445002200,2.609,2.638,2.572,2.635,3733740
1445261400,2.635,2.663,2.59,2.634,3284640
1445347800,2.624,2.668,2.586,2.611,2969330
1445434200,2.61,2.641,2.537,2.54,5016620
1445520600,2.547,2.5986,2.511,2.549,5929480
1445607000,2.658,2.966,2.658,2.852,13749650
1445866200,2.837,2.84499,2.699,2.756,5834890
1445952600,2.755,2.792,2.7,2.726,3327270
1446039000,2.729,2.843,2.7175,2.839,4270030
1446125400,2.818,2.888,2.794,2.794,3818300
1446211800,2.8,2.88,2.75,2.821,3409290
1446474600,2.819,2.974,2.819,2.966,4316070
1446561000,2.952,3.076,2.952,2.99,4295260
1446647400,2.992,3.036,2.974,3.005,3260430
1446733800,3.007,3.04,2.953,3.008,3114830
1446820200,3,3.081,2.99,3.078,4504890
1447079400,3.054,3.084,3.02,3.03,2407000
1447165800,3.002,3.025,2.918,2.925,3638170
1447252200,2.89,2.8915,2.604,2.618,11130190
1447338600,2.58,2.67,2.578,2.638,6401670
1447425000,2.624,2.689,2.532,2.549,4302680
1447684200,2.54,2.6195,2.45,2.474,7069650
1447770600,2.463,2.537,2.431,2.434,5587790
1447857000,2.46,2.46,2.334,2.371,13775850
1447943400,2.356,2.4145,2.338,2.348,5128220
1448029800,2.34,2.349,2.312,2.34,5469980
1448289000,2.347,2.409,2.346,2.361,5109400
1448375400,2.35,2.399,2.341,2.392,3954190
1448461800,2.382,2.427,2.37701,2.414,3206640
1448634600,2.426,2.452,2.413,2.444,1436980
1448893800,2.458,2.4825,2.454,2.456,4956890
1448980200,2.469,2.628,2.45,2.616,7162500
1449066600,2.622,2.68,2.5925,2.656,8285130
1449153000,2.669,2.673,2.6,2.64,4321810
1449239400,2.638,2.704,2.616,2.654,4801800
1449498600,2.638,2.64,2.4824,2.489,5716580
1449585000,2.473,2.55,2.452,2.525,4030230
1449671400,2.526,2.54899,2.385,2.394,7696460
1449757800,2.389,2.498,2.373,2.482,7801060
1449844200,2.433,2.451,2.399,2.419,6538050
1450103400,2.41,2.418,2.245,2.275,8264560
1450189800,2.302,2.349,2.273,2.286,4767390
1450276200,2.3,2.359,2.286,2.323,2632820
1450362600,2.342,2.351,2.279,2.284,2268840
1450449000,2.279,2.309,2.231,2.232,9284720
1450708200,2.258,2.3225,2.258,2.314,4873380
1450794600,2.308,2.424,2.28935,2.404,5693400
1450881000,2.431,2.536,2.416,2.477,4395370
1450967400,2.466,2.498,2.458,2.466,1551820
1451313000,2.451,2.469,2.402,2.437,3611420
1451399400,2.441,2.478,2.426,2.465,3297790
1451485800,2.466,2.482,2.412,2.418,2766550
1451572200,2.395,2.501,2.387,2.451,4390720
1451917800,2.388,2.422,2.336,2.365,4652810
1452004200,2.374,2.407,2.304,2.311,4584190
1452090600,2.278,2.297,2.25,2.293,3045770
1452177000,2.25,2.267,2.2,2.203,4526750
1452263400,2.208,2.253,2.182,2.196,4563660
1452522600,2.204,2.246,2.125,2.152,4489520
1452609000,2.449,2.845,2.447,2.727,38033250
1452695400,2.75,2.766,2.497,2.5,12180400
1452781800,2.511,2.511,2.333,2.445,9306180
1452868200,2.35,2.454,2.302,2.443,6390280
1453213800,2.477,2.509,2.408,2.478,7283630
1453300200,2.426,2.56,2.37601,2.522,6853910
1453386600,2.539,2.539,2.465,2.496,6402420
1453473000,2.538,2.603,2.501,2.599,6477220
1453732200,2.595,2.662,2.561,2.611,8188420
1453818600,2.62,2.701,2.582,2.649,6580630
1453905000,2.722,2.8,2.646,2.728,10070290
1453991400,2.761,2.8,2.635,2.702,7459750
1454077800,2.791,3.16,2.75,2.978,34939170
1454337000,2.962,3.163,2.911,3.14,14195200
1454423400,3.071,3.155,3.001,3.086,9141610
1454509800,3.1,3.246,3.08,3.212,8188490
1454596200,3.172,3.3285,3.172,3.23,7200320
1454682600,3.2,3.29,3.133,3.197,7815580
1454941800,3.168,3.207,3.10575,3.173,7247320
1455028200,3.128,3.188,3.037,3.081,6276220
1455114600,3.105,3.14,2.971,2.998,8364840
1455201000,2.968,3.039,2.938,2.972,5439490
1455287400,2.988,3.065,2.928,2.989,3011180
1455633000,3.022,3.15,3.02,3.124,10482950
1455719400,3.149,3.274,3.124,3.22,6244330
1455805800,3.233,3.29299,3.211,3.254,4552150
1455892200,3.244,3.254,3.16,3.192,2966900
1456151400,3.243,3.296,3.17467,3.232,5157470
1456237800,3.228,3.228,3.174,3.18,3086130
1456324200,3.158,3.238,3.088,3.237,3474740
1456410600,3.23,3.236,3.168,3.221,2793710
1456497000,3.236,3.269,3.07,3.207,5322730
1456756200,3.188,3.278,3.17,3.247,7832550
1456842600,3.27,3.333,3.22,3.322,4966340
1456929000,3.309,3.321,3.278,3.319,3911380
1457015400,3.313,3.379,3.29162,3.361,4654700
1457101800,3.361,3.373,3.242,3.263,4477610
1457361000,3.254,3.324,3.2098,3.283,3491900
1457447400,3.25,3.253,3.058,3.138,4475850
1457533800,3.15,3.208,3.137,3.159,3659460
1457620200,3.162,3.226,3.086,3.173,3382410
1457706600,3.227,3.2475,3.107,3.219,2026760
1457962200,3.202,3.254,3.185,3.23,2270710
1458048600,3.22,3.22,3.147,3.17,2946280
1458135000,3.163,3.2715,3.156,3.242,2612310
1458221400,3.238,3.321,3.222,3.306,3237320
1458307800,3.323,3.353,3.277,3.29,3111890
1458567000,3.285,3.302,3.21601,3.299,3275250
1458653400,3.274,3.33,3.268,3.299,2254500
1458739800,3.29,3.297,3.202,3.217,1994560
1458826200,3.207,3.2625,3.16845,3.251,2601060
1459171800,3.272,3.295,3.236,3.267,1643250
1459258200,3.264,3.388,3.22,3.373,2910990
1459344600,3.405,3.41895,3.3035,3.337,2118140
1459431000,3.347,3.447,3.326,3.408,2817940
1459517400,3.363,3.469,3.309,3.449,3099530
1459776600,3.455,3.46,3.357,3.403,3000470
1459863000,3.384,3.442,3.361,3.418,2423710
1459949400,3.415,3.424,3.327,3.423,2646760
1460035800,3.393,3.424,3.347,3.366,3170950
1460122200,3.399,3.409,3.269,3.337,2075350
1460381400,3.352,3.399,3.315,3.318,1987800
1460467800,3.318,3.33966,3.25,3.313,2182400
1460554200,3.329,3.389,3.28,3.383,2774050
1460640600,3.392,3.394,3.285,3.332,3125000
1460727000,2.85,2.939,2.6695,2.679,30804990
1460986200,2.672,2.743,2.61,2.713,8325580
1461072600,2.732,2.832,2.715,2.789,5805020
1461159000,2.784,2.8682,2.771,2.798,4995260
1461245400,2.793,2.8138,2.751,2.767,2757190
1461331800,2.78,2.86,2.779,2.851,3859340
1461591000,2.836,2.878,2.79511,2.841,3991960
1461677400,2.86,2.898,2.821,2.87,3157440
1461763800,2.879,2.9,2.809,2.871,3618310
1461850200,2.853,2.9,2.822,2.826,5595810
1461936600,2.769,2.769,2.65,2.691,9837510
1462195800,2.692,2.7165,2.66,2.715,6968020
1462282200,2.693,2.72,2.63873,2.672,4687680
1462368600,2.63,2.68,2.62,2.652,4878760
1462455000,2.631,2.69,2.631,2.661,4152700
1462541400,2.662,2.69899,2.655,2.697,3931990
1462800600,2.685,2.716,2.661,2.688,3474440
1462887000,2.7,2.705,2.654,2.69,3444990
1462973400,2.692,2.715,2.626,2.631,3205580
1463059800,2.65,2.65,2.5,2.508,8989260
1463146200,2.509,2.535,2.451,2.503,8569930
1463405400,2.521,2.5555,2.505,2.509,4437740
1463491800,2.504,2.531,2.46,2.487,5638350
1463578200,2.488,2.546,2.478,2.497,3103310
1463664600,2.493,2.508,2.44,2.448,2141070
1463751000,2.469,2.535,2.439,2.52,2063480
1464010200,2.514,2.5939,2.513,2.515,3383090
1464096600,2.517,2.629,2.517,2.595,4948600
1464183000,2.618,2.6305,2.566,2.589,4307300
1464269400,2.585,2.6,2.56,2.579,2949910
1464355800,2.589,2.633,2.589,2.605,2878410
1464701400,2.607,2.638,2.6,2.624,3876880
1464787800,2.626,2.654,2.595,2.635,2915330
1464874200,2.635,2.656,2.618,2.642,2117940
1464960600,2.651,2.674,2.622,2.657,2300860
1465219800,2.652,2.665,2.632,2.646,3196820
1465306200,2.654,2.668,2.576,2.58,6737180
1465392600,2.589,2.596,2.546,2.581,6482130
1465479000,2.579,2.597,2.55655,2.589,5088760
1465565400,2.574,2.595,2.539,2.577,4314750
1465824600,2.551,2.5685,2.478,2.48,5298710
1465911000,2.48,2.63825,2.48,2.627,7561550
1465997400,2.641,2.65,2.61,2.63,3180840
1466083800,2.61,2.635,2.568,2.628,2231590
1466170200,2.623,2.637,2.591,2.611,4608340
1466429400,2.655,2.68999,2.655,2.676,3135520
1466515800,2.687,2.703,2.662,2.701,3487890
1466602200,2.701,2.7055,2.637,2.641,2372970
1466688600,2.677,2.699,2.672,2.681,2675380
1466775000,2.556,2.599,2.516,2.521,11583150
1467034200,2.486,2.5165,2.356,2.378,3918720
1467120600,2.387,2.444,2.343,2.399,4720680
1467207000,2.426,2.455,2.399,2.437,2585980
1467293400,2.432,2.485,2.429,2.485,3417410
1467379800,2.477,2.499,2.431,2.457,2308070
1467725400,2.45,2.457,2.372,2.382,2401650
1467811800,2.38,2.421,2.319,2.416,3794380
1467898200,2.435,2.467,2.4135,2.443,2423770
1467984600,2.467,2.536,2.457,2.529,3569590
1468243800,2.537,2.569,2.517,2.524,1914220
1468330200,2.555,2.6341,2.554,2.598,3605030
1468416600,2.618,2.6227,2.568,2.607,2460560
1468503000,2.62,2.643,2.58894,2.615,3320830
1468589400,2.625,2.625,2.58,2.6,1630380
1468848600,2.615,2.656,2.601,2.634,1572580
1468935000,2.054,2.059,1.86,1.902,80271800
1469021400,1.909,1.959,1.897,1.956,22018290
1469107800,1.958,2.001,1.9559,2.001,9466760
1469194200,2,2.0431,2,2.005,8822320
1469453400,2.01,2.079,2.007,2.034,6191660
1469539800,2.03,2.112,2.03,2.098,5860700
1469626200,2.106,2.1345,2.102,2.13,5331180
1469712600,2.135,2.1535,2.113,2.14,3336610
1469799000,2.14,2.159,2.12,2.155,5907340
1470058200,2.149,2.168,2.137,2.156,3509520
1470144600,2.159,2.166,2.095,2.107,3789880
1470231000,2.097,2.104,2.054,2.054,4131930
1470317400,2.062,2.09,2.037,2.042,4349970
1470403800,2,2.164,1.932,2.148,12373390
1470663000,2.145,2.175,2.11,2.16,4294860
1470749400,2.154,2.19,2.124,2.145,4188000
1470835800,2.154,2.163,2.113,2.13,3453580
1470922200,2.145,2.169,2.127,2.164,2586690
1471008600,2.159,2.18,2.159,2.165,1791860
1471267800,2.175,2.191,2.159,2.175,3942320
1471354200,2.16,2.189,2.128,2.161,2680560
1471440600,2.165,2.177,2.135,2.144,2106800
1471527000,2.149,2.162,2.139,2.157,3195300
1471613400,2.146,2.177,2.141,2.146,2583010
1471872600,2.135,2.156,2.11,2.125,2731770
1471959000,2.127,2.169,2.127,2.162,3143370
1472045400,2.163,2.201,2.153,2.166,4379180
1472131800,2.163,2.19,2.141,2.18,2318400
1472218200,2.169,2.192,2.125,2.137,2873260
1472477400,2.124,2.185,2.1,2.172,4089000
1472563800,2.18,2.23,2.179,2.206,4144640
1472650200,2.2,2.2,2.145,2.163,4145710
1472736600,2.174,2.227,2.16,2.214,3516360
1472823000,2.219,2.225,2.184,2.215,4655610
1473168600,2.25,2.25,2.176,2.196,3012670
1473255000,2.2,2.225,2.188,2.194,2839190
1473341400,2.182,2.197,2.132,2.146,4602810
1473427800,2.135,2.145,2.087,2.109,3902120
1473687000,2.09,2.144,2.077,2.144,3279200
1473773400,2.133,2.1525,2.121,2.136,2551070
1473859800,2.133,2.163,2.103,2.145,2071650
1473946200,2.146,2.209,2.145,2.193,2666000
1474032600,2.193,2.196,2.117,2.138,4855990
1474291800,2.141,2.195,2.141,2.172,3587180
1474378200,2.185,2.242,2.179,2.212,2400030
1474464600,2.229,2.277,2.228,2.274,3469820
1474551000,2.274,2.323,2.263,2.278,3989280
1474637400,2.306,2.38,2.285,2.349,5444030
1474896600,2.327,2.36,2.321,2.341,2735330
1474983000,2.335,2.369,2.319,2.351,3020690
1475069400,2.363,2.363,2.333,2.359,3272850
1475155800,2.355,2.365,2.3105,2.324,2936120
1475242200,2.33,2.349,2.318,2.337,2888390
1475501400,2.337,2.349,2.30025,2.349,3378530
1475587800,2.343,2.37,2.2805,2.302,4024230
1475674200,2.302,2.325,2.299,2.315,3230600
1475760600,2.313,2.313,2.263,2.295,2300430
1475847000,2.299,2.299,2.242,2.245,2298310
1476106200,2.267,2.299,2.262,2.271,1968760
1476192600,2.266,2.266,2.203,2.216,4357190
1476279000,2.225,2.239,2.194,2.222,3213900
1476365400,2.2,2.2,2.126,2.152,3332440
1476451800,2.163,2.177,2.136,2.137,1599880
1476711000,2.143,2.19,2.1341,2.168,1756780
1476797400,2.187,2.20399,2.154,2.185,3563950
1476883800,2.173,2.218,2.165,2.198,2538290
1476970200,2.191,2.2075,2.1665,2.189,1474780
1477056600,2.172,2.172,2.142,2.146,2294850
1477315800,2.145,2.18,2.135,2.17,4241240
1477402200,2.175,2.2025,2.155,2.195,3028960
1477488600,2.19,2.25,2.17,2.215,2092770
1477575000,2.225,2.245,2.18,2.21,4940540
1477661400,2.355,2.49,2.33,2.44,13234000
1477920600,2.445,2.465,2.365,2.37,4689310
1478007000,2.36,2.375,2.26,2.28,5016810
1478093400,2.265,2.335,2.245,2.26,6311820
1478179800,2.255,2.2775,2.23,2.235,3628450
1478266200,2.255,2.255,2.1975,2.205,3743020
1478529000,2.26,2.315,2.225,2.285,3416050
1478615400,2.255,2.295,2.235,2.275,2964770
1478701800,2.235,2.3625,2.205,2.345,4953970
1478788200,2.36,2.44,2.345,2.39,4901310
1478874600,2.395,2.555,2.395,2.55,5681040
1479133800,2.565,2.625,2.54,2.57,4616820
1479220200,2.585,2.62,2.54,2.57,3120520
1479306600,2.565,2.585,2.545,2.55,2369820
1479393000,2.545,2.5775,2.54,2.575,2065130
1479479400,2.585,2.605,2.5625,2.595,2332740
1479738600,2.6,2.645,2.59,2.645,2859950
1479825000,2.645,2.665,2.62,2.66,3352580
1479911400,2.64,2.685,2.64,2.675,2416480
1480084200,2.67,2.695,2.66,2.685,879490
1480343400,2.655,2.675,2.5975,2.635,3435560
1480429800,2.63,2.665,2.6,2.61,2417140
1480516200,2.66,2.77,2.66,2.735,5050170
1480602600,2.73,2.745,2.595,2.62,3160020
1480689000,2.6,2.71,2.6,2.7,2924820
1480948200,2.715,2.7675,2.695,2.76,3757520
1481034600,2.78,2.7975,2.73,2.795,2865520
1481121000,2.785,2.87,2.765,2.845,3381240
1481207400,2.845,2.9,2.81,2.8975,3366750
1481293800,2.91,2.9261,2.825,2.85,2869500
1481553000,2.835,2.85,2.74,2.805,2262260
1481639400,2.81,2.87,2.81,2.85,4425790
1481725800,2.86,2.88,2.7875,2.81,2396510
1481812200,2.81,2.845,2.7525,2.825,2411680
1481898600,2.84,2.885,2.82415,2.83,5174230
1482157800,2.85,2.905,2.825,2.9,2645230
1482244200,2.905,2.9575,2.86,2.885,2139510
1482330600,2.875,2.89,2.835,2.875,1761160
1482417000,2.89,2.9,2.7925,2.795,2883740
1482503400,2.805,2.88,2.79,2.87,2485220
1482849000,2.89,2.89,2.8395,2.87,2184090
1482935400,2.87,2.88,2.815,2.845,2402040
1483021800,2.84,2.8625,2.785,2.85,2352830
1483108200,2.85,2.85,2.795,2.805,2532060
1483453800,2.825,2.875,2.8125,2.845,1808010
1483540200,2.85,2.9,2.84,2.885,2532310
1483626600,2.87,2.9,2.82,2.855,1196100
1483713000,2.875,2.9,2.83,2.845,1420080
1483972200,2.845,2.89,2.825,2.825,1359680
1484058600,2.84,2.865,2.825,2.86,2109090
1484145000,2.85,2.855,2.81,2.855,2130780
1484231400,2.835,2.835,2.74,2.755,3935030
1484317800,2.765,2.835,2.765,2.82,5385330
1484663400,2.82,2.82,2.68,2.71,4426050
1484749800,2.715,2.74,2.695,2.73,2712180
1484836200,2.74,2.755,2.69,2.715,2110410
1484922600,2.78,2.81,2.755,2.765,5543570
1485181800,2.76,2.8125,2.7475,2.785,4855050
1485268200,2.795,2.85,2.77,2.775,4958090
1485354600,2.795,2.87,2.795,2.845,3641150
1485441000,2.845,2.865,2.805,2.855,3902930
1485527400,3.15,3.1745,2.655,2.67,14100270
1485786600,2.625,2.655,2.485,2.55,8943740
1485873000,2.55,2.665,2.515,2.645,7397890
1485959400,2.675,2.7,2.55,2.56,4689310
1486045800,2.545,2.575,2.53,2.55,3276650
1486132200,2.58,2.605,2.545,2.58,2929910
1486391400,2.58,2.615,2.55,2.565,3480570
1486477800,2.575,2.635,2.565,2.61,3264550
1486564200,2.59,2.67,2.575,2.625,3006070
1486650600,2.63,2.67,2.615,2.645,2694500
1486737000,2.65,2.695,2.6375,2.66,2198100
1486996200,2.68,2.7,2.655,2.67,1901790
1487082600,2.655,2.74,2.645,2.705,2859760
1487169000,2.695,2.7225,2.695,2.705,2465250
1487255400,2.7,2.745,2.69,2.705,3818940
1487341800,2.695,2.71,2.695,2.705,1879550
1487687400,2.7,2.71,2.67,2.705,2876780
1487773800,2.685,2.7175,2.675,2.71,2240170
1487860200,2.71,2.745,2.7,2.74,3077300
1487946600,2.6,2.715,2.565,2.7,7644880
1488205800,2.695,2.7,2.585,2.62,10768230
1488292200,2.6,2.645,2.555,2.6,5189500
1488378600,2.615,2.67,2.615,2.66,2388710
1488465000,2.645,2.675,2.64,2.66,2506990
1488551400,2.67,2.68,2.52,2.525,4800610
1488810600,2.505,2.525,2.46,2.505,4767150
1488897000,2.51,2.55,2.495,2.52,2584070
1488983400,2.525,2.55,2.4625,2.465,1826640
1489069800,2.465,2.49,2.435,2.46,1796170
1489156200,2.475,2.52,2.46,2.495,1810570
1489411800,2.485,2.53,2.48,2.5,1857210
1489498200,2.495,2.545,2.47,2.505,1809670
1489584600,2.535,2.545,2.51,2.52,2351470
1489671000,2.545,2.555,2.51,2.52,1876780
1489757400,2.51,2.535,2.4825,2.53,4942970
1490016600,2.535,2.58,2.5125,2.56,1902760
1490103000,2.58,2.59,2.47,2.47,2901220
1490189400,2.465,2.54,2.445,2.54,2366260
1490275800,2.55,2.57348,2.52,2.555,2182140
1490362200,2.565,2.59,2.535,2.55,1882310
1490621400,2.52,2.53,2.5,2.525,3531370
1490707800,2.52,2.5325,2.485,2.495,2435470
1490794200,2.485,2.575,2.485,2.565,7854760
1490880600,2.565,2.58,2.51,2.54,5785970
1490967000,2.535,2.55,2.515,2.535,4028380
1491226200,2.54,2.54,2.47,2.505,3733550
1491312600,2.495,2.53,2.4775,2.5,2757510
1491399000,2.515,2.52,2.455,2.455,3018630
1491485400,2.465,2.48,2.4225,2.48,3834880
1491571800,2.47,2.49,2.465,2.48,2428820
1491831000,2.475,2.495,2.44,2.455,2509610
1491917400,2.445,2.495,2.445,2.485,3293240
1492003800,2.495,2.495,2.44,2.465,3680050
1492090200,2.455,2.465,2.435,2.445,3065990
1492435800,2.455,2.535,2.45,2.515,4142570
1492522200,2.5,2.52,2.42,2.44,3055430
1492608600,2.45,2.485,2.43,2.445,3790840
1492695000,2.46,2.495,2.45,2.48,3478680
1492781400,2.47,2.48,2.445,2.46,2623040
1493040600,2.5,2.5,2.455,2.48,2387650
1493127000,2.51,2.5225,2.485,2.49,7405850
1493213400,2.47,2.495,2.46745,2.47,7730200
1493299800,2.4825,2.495,2.415,2.43,8973720
1493386200,2.55,2.575,2.23,2.44,16300790
1493645400,2.445,2.505,2.435,2.445,5603610
1493731800,2.45,2.46,2.37,2.375,5502590
1493818200,2.36,2.38,2.315,2.36,3548340
1493904600,2.36,2.42,2.36,2.415,3510200
1493991000,2.42,2.445,2.395,2.42,6242470
1494250200,2.41,2.445,2.38,2.385,4007100
1494336600,2.385,2.405,2.345,2.365,3897620
1494423000,2.36,2.42,2.36,2.415,4554960
1494509400,2.4,2.44,2.385,2.41,2308540
1494595800,2.41,2.4475,2.4,2.415,3461310
1494855000,2.425,2.475,2.425,2.445,6905420
1494941400,2.45,2.48,2.415,2.44,6153710
1495027800,2.41,2.425,2.3625,2.37,4095080
1495114200,2.36,2.37,2.325,2.36,3978150
1495200600,2.37,2.42,2.355,2.42,4344040
1495459800,2.425,2.445,2.4075,2.435,3093730
1495546200,2.435,2.435,2.395,2.405,3658400
1495632600,2.41,2.43,2.395,2.425,2259030
1495719000,2.435,2.47,2.42,2.45,6245230
1495805400,2.45,2.45,2.4,2.43,3709210
1496151000,2.415,2.43,2.4,2.42,4112280
1496237400,2.42,2.465,2.375,2.46,4742100
1496323800,2.47,2.48,2.45,2.465,4845270
1496410200,2.475,2.485,2.4475,2.46,3338160
1496669400,2.47,2.47,2.43,2.435,1800810
1496755800,2.42,2.42,2.37,2.4,3943060
1496842200,2.39,2.4,2.345,2.385,5970140
1496928600,2.38,2.455,2.37,2.455,4459960
1497015000,2.46,2.5175,2.455,2.475,3831770
1497274200,2.46,2.495,2.43,2.49,4608230
1497360600,2.5,2.5325,2.49,2.525,4960160
1497447000,2.535,2.545,2.485,2.495,5362920
1497533400,2.465,2.495,2.4055,2.47,3069640
1497619800,2.45,2.505,2.42,2.495,5201350
1497879000,2.485,2.5125,2.455,2.47,2351300
1497965400,2.465,2.48,2.43,2.46,2019670
1498051800,2.465,2.475,2.395,2.405,2094970
1498138200,2.405,2.43,2.385,2.425,2524450
1498224600,2.42,2.49,2.42,2.455,3730110
1498483800,2.465,2.495,2.43,2.44,2631310
1498570200,2.43,2.44,2.4,2.4,2929170
1498656600,2.415,2.4375,2.39,2.43,3112890
1498743000,2.42,2.425,2.385,2.42,2729130
1498829400,2.425,2.47,2.41,2.465,2478960
1499088600,2.48,2.48,2.425,2.445,1140400
1499261400,2.44,2.445,2.395,2.435,2430020
1499347800,2.415,2.42,2.385,2.395,3148280
1499434200,2.405,2.45,2.4025,2.445,1425760
1499693400,2.43,2.47,2.43,2.435,1344400
1499779800,2.44,2.47,2.4225,2.46,2265180
1499866200,2.48,2.575,2.48,2.57,3716720
1499952600,2.6,2.649,2.585,2.64,5798310
1500039000,2.65,2.7,2.635,2.69,3733370
1500298200,2.695,2.695,2.6375,2.64,2651020
1500384600,2.63,2.655,2.62,2.65,1880180
1500471000,2.65,2.66634,2.625,2.65,3292560
1500557400,2.655,2.76,2.645,2.71,5973370
1500643800,2.65,2.655,2.485,2.57,14851000
1500903000,2.575,2.575,2.5,2.525,4818270
1500989400,2.525,2.6525,2.525,2.645,5287190
1501075800,2.66,2.7,2.63,2.69,4335580
1501162200,2.7,2.72,2.67,2.705,4726120
1501248600,2.7,2.735,2.675,2.68,4924410
1501507800,2.695,2.695,2.6375,2.685,4082700
1501594200,2.69,2.725,2.68,2.71,3800950
1501680600,2.715,2.73,2.685,2.695,3575480
1501767000,2.705,2.725,2.66,2.705,5008710
1501853400,2.645,2.78,2.545,2.71,11737820
1502112600,2.71,2.715,2.6825,2.7,6087060
1502199000,2.685,2.71,2.6575,2.675,6265800
1502285400,2.66,2.72,2.63,2.68,3988020
1502371800,2.67,2.679,2.64,2.655,2932800
1502458200,2.67,2.695,2.655,2.685,4437290
1502717400,2.69,2.745,2.68,2.735,4436950
1502803800,2.745,2.745,2.71,2.73,2920210
1502890200,2.73,2.75,2.705,2.715,2410130
1502976600,2.7,2.725,2.69,2.69,4163330
1503063000,2.67,2.69,2.655,2.675,2552770
1503322200,2.665,2.6775,2.63,2.635,3318220
1503408600,2.655,2.685,2.65,2.665,4004520
1503495000,2.66,2.725,2.60861,2.71,3612600
1503581400,2.705,2.745,2.69,2.73,6853250
1503667800,2.735,2.79,2.73,2.75,2518020
1503927000,2.755,2.78,2.72,2.735,1789410
1504013400,2.715,2.7475,2.71,2.72,2200110
1504099800,2.7,2.7,2.5,2.585,13550250
1504186200,2.6,2.67,2.595,2.6625,5701480
1504272600,2.68,2.7,2.655,2.675,2955720
1504618200,2.67,2.69,2.6425,2.655,2226170
1504704600,2.67,2.675,2.64,2.66,2039200
1504791000,2.67,2.6725,2.605,2.62,3116920
1504877400,2.62,2.635,2.57,2.575,1474770
1505136600,2.59,2.605,2.565,2.595,4543490
1505223000,2.6,2.615,2.57,2.575,2928570
1505309400,2.57,2.585,2.55,2.555,3402200
1505395800,2.555,2.57,2.52,2.525,3596010
1505482200,2.5,2.5,2.3,2.335,16003810
1505741400,2.3,2.3195,2.095,2.12,19200930
1505827800,2.09,2.115,2.042,2.1,18650050
1505914200,2.105,2.14,2.08,2.085,11825900
1506000600,2.07,2.12,2.06,2.12,7857650
1506087000,2.115,2.2095,2.115,2.195,7445120
1506346200,2.19,2.199,2.11,2.13,4201710
1506432600,2.14,2.175,2.135,2.165,3547330
1506519000,2.175,2.245,2.17,2.23,4915560
1506605400,2.225,2.25,2.1875,2.19,4445820
1506691800,2.195,2.2825,2.18,2.21,11390830
1506951000,2.235,2.33,2.225,2.325,8321770
1507037400,2.31,2.35,2.27,2.275,6389990
1507123800,2.28,2.315,2.275,2.3,2379220
1507210200,2.31,2.324,2.26,2.295,4878350
1507296600,2.29,2.2925,2.255,2.275,3429330
1507555800,2.275,2.29,2.2595,2.27,3492070
1507642200,2.28,2.29,2.245,2.255,3543000
1507728600,2.24,2.28,2.235,2.245,3873500
1507815000,2.24,2.26,2.225,2.25,4060190
1507901400,2.27,2.305,2.255,2.26,2834860
1508160600,2.26,2.275,2.225,2.245,2284790
1508247000,2.25,2.275,2.21,2.21,2308160
1508333400,2.215,2.235,2.2,2.205,4740300
1508419800,2.2,2.22,2.16,2.18,4394790
1508506200,2.205,2.245,2.195,2.24,6001020
1508765400,2.245,2.27,2.225,2.25,3091580
1508851800,2.25,2.26,2.23,2.245,2593010
1508938200,2.23,2.24,2.18,2.185,3220980
1509024600,2.185,2.19,2.12,2.17,5774820
1509111000,2.05,2.075,1.77,2.0475,26610630
1509370200,2.03,2.03,1.97,1.985,7026390
1509456600,1.995,2.02,1.975,1.99,5645500
1509543000,2.01,2.05,2,2.03,4887850
1509629400,2.035,2.0375,2.005,2.03,4049850
1509715800,2.025,2.045,2.005,2.03,5795950
1509978600,2.015,2.0625,2,2.05,3895890
1510065000,2.055,2.06,1.9725,1.98,3548310
1510151400,1.98,1.99,1.94,1.975,3057920
1510237800,1.955,1.975,1.921,1.955,2856030
1510324200,1.955,2.025,1.95,2,3643030
1510583400,1.98,2.005,1.95986,1.995,6977780
1510669800,1.98,2.015,1.975,1.9825,2880680
1510756200,1.96,2,1.96,1.99,3903540
1510842600,1.99,2.0425,1.98,2.025,4521760
1510929000,2.02,2.075,2.02,2.045,2563460
1511188200,2.04,2.1375,2.04,2.135,4424550
1511274600,2.145,2.15,2.105,2.15,4243060
1511361000,2.145,2.15,2.105,2.13,4197770
1511533800,2.145,2.145,2.08,2.1,2069220
1511793000,2.105,2.14,2.09,2.13,2371250
1511879400,2.125,2.185,2.095,2.185,3193970
1511965800,2.185,2.23,2.16,2.22,4715740
1512052200,2.225,2.235,2.2,2.205,6049620
1512138600,2.21,2.21,2.125,2.2,5001740
1512397800,2.21,2.235,2.19,2.205,3698190
1512484200,2.205,2.215,2.1475,2.155,5469910
1512570600,2.165,2.165,2.1275,2.145,2360750
1512657000,2.14,2.18,2.14,2.155,2135820
1512743400,2.165,2.195,2.145,2.16,2414330
1513002600,2.16,2.21,2.155,2.185,2106570
1513089000,2.19,2.21,2.18,2.2,1710040
1513175400,2.185,2.21,2.17,2.21,5428010
1513261800,2.2,2.215,2.145,2.17,3065500
1513348200,2.17,2.225,2.125,2.2,12490730
1513607400,2.205,2.2325,2.1775,2.2,3163340
1513693800,2.2,2.23,2.185,2.215,6208460
1513780200,2.22,2.23,2.16,2.165,4346700
1513866600,2.16,2.17,2.115,2.1325,4749080
1513953000,2.14,2.14,2.095,2.1,2719600
1514298600,2.08,2.115,2.04,2.075,1824990
1514385000,2.075,2.105,2.0575,2.095,3443470
1514471400,2.085,2.12,2.065,2.095,4477410
1514557800,2.1,2.115,2.075,2.0925,3993090
1514903400,2.09,2.17,2.085,2.145,4345290
1514989800,2.135,2.155,2.11,2.15,4097110
1515076200,2.15,2.195,2.14,2.165,3630890
1515162600,2.18,2.19,2.14,2.17,2178180
1515421800,2.165,2.18,2.15,2.18,3486900
1515508200,2.18,2.18,2.12,2.125,3115800
1515594600,2.11,2.145,2.095,2.13,2601670
1515681000,2.135,2.185,2.115,2.17,2116800
1515767400,2.165,2.18,2.13,2.15,3071100
1516113000,2.155,2.185,2.135,2.15,3221030
1516199400,2.17,2.175,2.13,2.165,4299740
1516285800,2.17,2.185,2.145,2.15,1775100
1516372200,2.15,2.295,2.145,2.28,5495510
1516631400,2.29,2.345,2.2775,2.335,7861700
1516717800,2.345,2.345,2.27,2.29,3771410
1516804200,2.3,2.315,2.26,2.28,8124420
1516890600,2.28,2.295,2.23,2.265,4850140
1516977000,2.295,2.3975,2.275,2.385,5567210
1517236200,2.375,2.475,2.37,2.45,10834430
1517322600,2.44,2.4795,2.385,2.465,10279340
1517409000,2.29,2.385,2.215,2.2825,14768730
1517495400,2.265,2.265,2.23,2.2575,6960270
1517581800,2.24,2.255,2.0575,2.06,9487400
1517841000,2.04,2.09,1.93,1.93,11729350
1517927400,1.9,1.9775,1.885,1.955,8412590
1518013800,1.955,2.005,1.935,1.98,4810010
1518100200,1.985,2.06,1.86,1.86,5608320
1518186600,1.88,1.92,1.835,1.885,6550150
1518445800,1.89,1.925,1.87,1.88,3827430
1518532200,1.875,1.89,1.815,1.84,4412260
1518618600,1.82,1.93,1.815,1.93,5064420
1518705000,1.94,1.96,1.9,1.95,4312540
1518791400,1.945,1.9725,1.905,1.91,4764820
1519137000,1.895,1.93,1.87,1.885,3785030
1519223400,1.885,1.925,1.81,1.815,6452630
1519309800,1.825,1.86,1.81,1.835,6846460
1519396200,1.855,1.88,1.825,1.85,3741260
1519655400,1.86,1.91,1.86,1.89,3713700
1519741800,1.9,1.92,1.855,1.86,3065060
1519828200,1.875,1.875,1.805,1.81,5588500
1519914600,1.815,1.845,1.8,1.805,5311920
1520001000,1.785,1.835,1.755,1.8275,3974130
1520260200,1.815,1.9,1.815,1.89,3811220
1520346600,1.89,1.945,1.885,1.935,4691420
1520433000,1.915,1.975,1.896,1.96,3719900
1520519400,1.95,1.965,1.91,1.935,3644830
1520605800,1.955,1.985,1.9105,1.975,4823590
1520861400,1.99,1.995,1.935,1.95,6290390
1520947800,1.96,1.99,1.935,1.955,3214720
1521034200,1.975,1.975,1.9225,1.96,2557890
1521120600,1.965,1.99,1.94,1.965,3970090
1521207000,1.955,1.98,1.925,1.97,7494530
1521466200,1.945,1.95,1.85,1.87,6168680
1521552600,1.87,1.885,1.85,1.87,2984600
1521639000,1.875,1.875,1.812,1.83,4937350
1521725400,1.81,1.835,1.765,1.77,3893040
1521811800,1.78,1.785,1.72,1.725,4618490
1522071000,1.75,1.76,1.695,1.71,4289060
1522157400,1.71,1.71,1.61,1.66,11859360
1522243800,1.67,1.7,1.6425,1.665,3269480
1522330200,1.67,1.73,1.67,1.7,4895310
1522675800,1.7,1.7,1.625,1.635,4584420
1522762200,1.64,1.675,1.635,1.66,4021270
1522848600,1.64,1.685,1.635,1.675,4569050
1522935000,1.69,1.7,1.665,1.675,2193340
1523021400,1.66,1.68,1.635,1.655,3422420
1523280600,1.66,1.68,1.635,1.635,2598450
1523367000,1.665,1.7125,1.64,1.705,2950250
1523453400,1.7,1.745,1.685,1.725,2528480
1523539800,1.73,1.78,1.725,1.755,4668270
1523626200,1.755,1.77,1.72,1.735,1341090
1523885400,1.745,1.805,1.72,1.77,2694630
1523971800,1.78,1.84,1.78,1.83,4815880
1524058200,1.835,1.835,1.795,1.8,2086780
1524144600,1.795,1.8,1.765,1.775,2268940
1524231000,1.775,1.795,1.735,1.745,1723500
1524490200,1.755,1.77,1.725,1.74,1540610
1524576600,1.76,1.78,1.74,1.755,4174330
1524663000,1.76,1.78,1.74,1.76,1542500
1524749400,1.765,1.78,1.745,1.77,1316350
1524835800,1.78,1.83,1.77,1.81,2711010
1525095000,1.81,1.82,1.76,1.77,2358050
1525181400,1.76,1.825,1.755,1.825,3742740
1525267800,1.825,1.8325,1.785,1.795,3795240
1525354200,1.8,1.82,1.77,1.805,7116180
1525440600,2.055,2.165,1.97,2.125,12879590
1525699800,2.15,2.335,2.135,2.305,9732160
1525786200,2.295,2.4,2.28,2.4,6231840
1525872600,2.4,2.43,2.315,2.4,6298160
1525959000,2.41,2.42,2.335,2.38,5598410
1526045400,2.375,2.405,2.34,2.34,3510470
1526304600,2.335,2.39,2.33,2.36,4229340
1526391000,2.36,2.38,2.345,2.375,4790690
1526477400,2.38,2.405,2.37,2.39,3841410
1526563800,2.39,2.415,2.3875,2.395,2742320
1526650200,2.4,2.4,2.355,2.365,3349640
1526909400,2.385,2.395,2.35,2.385,4355820
1526995800,2.39,2.395,2.35,2.37,2202140
1527082200,2.36,2.385,2.335,2.37,5500780
1527168600,2.36,2.39,2.355,2.37,3670770
1527255000,2.37,2.44,2.36,2.37,4229840
1527600600,2.35,2.415,2.35,2.4,3440110
1527687000,2.42,2.445,2.4,2.435,3135910
1527773400,2.44,2.44,2.395,2.41,3778770
1527859800,2.43,2.465,2.4,2.44,4944880
1528119000,2.455,2.46,2.42,2.455,3405080
1528205400,2.45,2.52,2.445,2.515,4212110
1528291800,2.52,2.58,2.505,2.575,3632490
1528378200,2.575,2.58,2.525,2.56,3930270
1528464600,2.545,2.64,2.5305,2.62,3626830
1528723800,2.625,2.66,2.61,2.655,3338140
1528810200,2.66,2.7145,2.64,2.7,4285390
1528896600,2.71,2.71,2.6625,2.675,4049530
1528983000,2.685,2.685,2.59,2.62,3731850
1529069400,2.6,2.625,2.525,2.575,3367700
1529328600,2.56,2.585,2.52,2.55,4048800
1529415000,2.53,2.575,2.5,2.525,3319810
1529501400,2.545,2.545,2.485,2.525,2383860
1529587800,2.525,2.525,2.465,2.505,3633220
1529674200,2.52,2.52,2.4555,2.49,5726940
1529933400,2.48,2.49,2.386,2.41,3281680
1530019800,2.405,2.44,2.395,2.425,1674010
1530106200,2.375,2.455,2.365,2.38,3562630
1530192600,2.375,2.42,2.3625,2.375,6194780
1530279000,2.39,2.415,2.365,2.365,2573490
1530538200,2.36,2.455,2.316,2.455,4378840
1530624600,2.46,2.47,2.405,2.41,1731410
1530797400,2.43,2.45,2.37,2.43,2966300
1530883800,2.435,2.445,2.39,2.415,3679880
1531143000,2.435,2.495,2.415,2.445,3402100
1531229400,2.445,2.475,2.435,2.46,2328200
1531315800,2.445,2.455,2.365,2.37,2568040
1531402200,2.39,2.43,2.365,2.395,2391510
1531488600,2.385,2.415,2.375,2.4,2288210
1531747800,2.395,2.42,2.3805,2.42,1873810
1531834200,2.4,2.445,2.385,2.395,2181530
1531920600,2.39,2.4225,2.37,2.42,1574280
1532007000,2.41,2.43,2.41,2.425,1727330
1532093400,2.415,2.42,2.37,2.375,1738640
1532352600,2.365,2.39,2.3225,2.37,1526220
1532439000,2.38,2.38,2.315,2.365,2381620
1532525400,2.365,2.38,2.2914,2.31,2269370
1532611800,2.295,2.34,2.295,2.32,2824390
1532698200,2.32,2.325,2.1675,2.22,3040490
1532957400,2.215,2.23,2.195,2.215,2894040
1533043800,2.215,2.25,2.2025,2.21,4643660
1533130200,2.21,2.24,2.125,2.17,6711090
1533216600,2.165,2.225,2.085,2.17,7641870
1533303000,2.16,2.175,2.09,2.1,6063020
1533562200,2.095,2.125,2.051,2.105,5017900
1533648600,2.105,2.14,2.01,2.025,8521550
1533735000,2.025,2.025,1.865,1.965,7074600
1533821400,1.97,2.025,1.96,2.0125,2460450
1533907800,2,2.01,1.965,1.98,1851200
1534167000,1.985,2.0325,1.975,1.995,3112940
1534253400,1.995,2.005,1.96,1.97,3194760
1534339800,1.965,1.965,1.87,1.875,4806830
1534426200,1.885,1.97,1.88,1.915,5871650
1534512600,1.915,1.945,1.875,1.885,5346670
1534771800,1.905,1.91,1.865,1.895,4078350
1534858200,1.9,1.905,1.805,1.835,14565240
1534944600,1.425,1.76,1.42,1.565,224147550
1535031000,1.525,1.729,1.505,1.724,73025160
1535117400,1.725,1.771,1.59,1.638,146577820
1535376600,1.65,1.735,1.65,1.725,34297630
1535463000,1.725,1.95,1.724,1.948,20530640
1535549400,1.942,2.025,1.901,2.015,16232210
1535635800,2.04,2.085,2.025,2.065,11525340
1535722200,2.089,2.089,2.03,2.051,6131070
1536067800,2.03,2.06,1.98,2.045,3171350
1536154200,2.045,2.046,1.912,1.975,2986020
1536240600,1.996,2.024,1.97,2,5462990
1536327000,2.014,2.033,1.998,2.024,7947610
1536586200,2.03,2.03,1.995,2.0025,10198440
1536672600,2,2.01,1.973,1.977,7532190
1536759000,1.975,1.995,1.965,1.98,1136000
1536845400,1.975,2.015,1.971,2,3518870
1536931800,2.0063,2.025,2,2.01,2609820
1537191000,2.01,2.05,2.01,2.047,2735340
1537277400,2.033,2.065,2.031,2.055,3367050
1537363800,2.055,2.084,2.05,2.067,832980
1537450200,2.069,2.121,2.055,2.12,4008300
1537536600,2.151,2.152,2.06,2.07,2186350
1537795800,2.075,2.088,1.97,1.991,3068460
1537882200,1.97,2.14,1.97,2.132,2865370
1537968600,2.13,2.132,2.09,2.1,3017590
1538055000,2.105,2.11,2.035,2.056,2705190
1538141400,2.055,2.061,2.036,2.061,1694500
1538400600,2.07,2.16,2.07,2.15,1202760
1538487000,2.136,2.155,2.136,2.146,1244390
1538573400,2.145,2.15,2.135,2.14,2057830
1538659800,1.51575,1.516,0.85,1.26,125604990
1538746200,1.299,1.34,1.08,1.2395,28571250
1539005400,1.31,1.518,1.305,1.47499,28298290
1539091800,1.53,1.559,1.074,1.246,49846420
1539178200,1.293,1.295,1.215,1.28,14076810
1539264600,1.3125,1.345,1.26,1.305,5790730
1539351000,1.36,1.36,1.31,1.311,5225020
1539610200,1.35,1.3945,1.3175,1.377,4652400
1539696600,1.385,1.415,1.324,1.334,2812050
1539783000,1.326,1.367,1.326,1.355,2899280
1539869400,1.326,1.359,1.325,1.3375,3164540
1539955800,1.34,1.431,1.33,1.41,7790680
1540215000,1.464,1.482,1.45,1.47,5480020
1540301400,1.469,1.475,1.385,1.465,3473270
1540387800,1.466,1.483,1.46,1.47,3121510
1540474200,1.479,1.481,1.425,1.476,5347490
1540560600,1.4755,1.4755,1.426,1.44,7748850
1540819800,1.439,1.46,1.303,1.33,2964220
1540906200,1.312,1.335,1.288,1.3,5789170
1540992600,1.3,1.321,1.288,1.31,4098410
1541079000,1.324,1.395,1.32,1.379,3616970
1541165400,1.379,1.415,1.37,1.375,2722270
1541428200,1.362,1.385,1.195,1.236,7139280
1541514600,1.249,1.249,1.227,1.237,1556540
1541601000,1.249,1.26,1.17,1.207,2833840
1541687400,1.219,1.219,1.12,1.165,2594950
1541773800,1.155,1.216,1.131,1.214,6175040
1542033000,1.217,1.22,1.13,1.178,2059250
1542119400,1.178,1.24,1.16,1.174,2130690
1542205800,1.155,1.218,1.155,1.205,4036930
1542292200,1.205,1.275,1.2,1.242,4173720
1542378600,1.357,1.494,1.35,1.43,26095370
1542637800,1.43,1.44,1.356,1.375,4738900
1542724200,1.37,1.37,1.325,1.34,1774390
1542810600,1.335,1.36,1.335,1.348,2615320
1542983400,1.341,1.405,1.34,1.398,274220
1543242600,1.3925,1.4,1.343,1.352,1791900
1543329000,1.35,1.392,1.341,1.39,1335910
1543415400,1.39,1.423,1.36,1.405,3363430
1543501800,1.418,1.45,1.4,1.45,1293680
1543588200,1.45,1.498,1.45,1.49,2298250
1543847400,1.477,1.5,1.475,1.495,3439110
1543933800,1.5,1.513,1.451,1.479,1609900
1544106600,1.46,1.638,1.45,1.59,5211810
1544193000,1.59,1.647,1.575,1.625,4642250
1544452200,1.621,1.656,1.549,1.635,2683180
1544538600,1.6505,1.659,1.605,1.65,3640650
1544625000,1.63,1.653,1.57,1.6,2470820
1544711400,1.575,1.64,1.575,1.63,802820
1544797800,1.63,1.674,1.62,1.665,3136690
1545057000,1.6625,1.7,1.47701,1.535,3012440
1545143400,1.534,1.54799,1.5,1.505,1441090
1545229800,1.52,1.52,1.465,1.49,3645660
1545316200,1.47,1.49,1.425,1.49,2334020
1545402600,1.481,1.535,1.38,1.401,4206520
1545661800,1.403,1.421,1.373,1.408,1659460
1545834600,1.419,1.42455,1.38801,1.406,1872350
1545921000,1.406,1.419,1.388,1.398,1091630
1546007400,1.4005,1.42,1.39,1.39,3580040
1546266600,1.39,1.405,1.35,1.38,4341870
1546439400,1.379,1.522,1.379,1.51,2326250
1546525800,1.509,1.579,1.45,1.57,3217170
1546612200,1.555,1.585,1.525,1.556,1595300
1546871400,1.54,1.58,1.525,1.57,3078330
1546957800,1.58,1.585,1.552,1.56,1650770
1547044200,1.57,1.57,1.552,1.55275,162060
1547130600,1.552,1.555,1.5,1.553,297510
1547217000,1.5465,1.553,1.486,1.503,945870
1547476200,1.52,1.534,1.44101,1.534,2099940
1547562600,1.54,1.54,1.51,1.51,858560
1547649000,1.505,1.513,1.49,1.495,3221250
1547735400,1.494,1.499,1.45,1.48,2825690
1547821800,1.475,1.505,1.47,1.5,1366700
1548167400,1.45,1.495,1.45,1.472,1744190
1548253800,1.467,1.5,1.467,1.49,3081290
1548340200,1.495,1.505,1.49,1.498,2184950
1548426600,1.5,1.512,1.495,1.495,2661240
1548685800,1.5,1.5,1.475,1.475,1028540
1548772200,1.475,1.495,1.471,1.495,985730
1548858600,1.495,1.50701,1.486,1.50701,651770
1548945000,1.5,1.514,1.484,1.51,1171860
1549031400,1.509,1.549,1.509,1.526,645500
1549290600,1.525,1.55,1.515,1.53,462630
1549377000,1.535,1.574,1.535,1.574,2653730
1549463400,1.56,1.588,1.55,1.566,827870
1549549800,1.555,1.555,1.524,1.535,302140
1549636200,1.521,1.54,1.515,1.54,1762820
1549895400,1.531,1.545,1.525,1.545,589590
1549981800,1.549,1.62,1.549,1.62,1628690
1550068200,1.62,1.635,1.6115,1.635,897270
1550154600,1.624,1.64,1.615,1.615,920760
1550241000,1.71,1.995,1.71,1.976,9920750
1550586600,1.961,2.048,1.961,1.997,4937790
1550673000,1.9895,1.99,1.901,1.92,1629230
1550759400,1.903,1.95,1.902,1.933,1583180
1550845800,1.923,1.974,1.923,1.974,1525470
1551105000,1.974,1.974,1.922,1.967,1094300
1551191400,1.967,1.974,1.935,1.939,197980
1551277800,1.926,1.945,1.895,1.91,1053410
1551364200,1.91,1.935,1.888,1.912,1680680
1551450600,1.92,1.96,1.911,1.955,2034380
1551709800,1.92,1.955,1.92,1.955,678130
1551796200,1.921,1.98,1.921,1.975,483340
1551882600,1.955,1.975,1.911,1.92,795270
1551969000,1.911,1.95,1.91,1.946,720310
1552055400,1.946,1.949,1.93,1.945,1703740
1552311000,1.9208,1.958,1.92,1.95,1210130
1552397400,1.949,1.96,1.93,1.96,1443390
1552483800,1.959,1.985,1.945,1.98,1491610
1552570200,1.921,2.019,1.921,2.003,1255360
1552656600,2.004,2.01,1.986,2.008,655040
1552915800,2,2.03,1.996,2.03,2798060
1553002200,2.004,2.03,2,2.026,1959330
1553088600,2.02,2.06,2.02,2.05,846590
1553175000,2.035,2.07,2.029,2.07,590850
1553261400,2.05,2.08,2.05,2.06,1109420
1553520600,2.064,2.1,2.058,2.09,4036120
1553607000,2.08,2.1,2.08,2.086,1688320
1553693400,2.08,2.1,2.08,2.095,1518230
1553779800,2.095,2.105,2.095,2.1,2284000
1553866200,2.11,2.115,2.096,2.11275,1166380
1554125400,2.105,2.2,2.105,2.19,2252260
1554211800,2.191,2.201,2.15,2.195,2644440
1554298200,2.191,2.205,2.191,2.202,3065810
1554384600,2.205,2.21,2.198,2.201,2869980
1554471000,2.204,2.208,2.196,2.203,1309440
1554730200,2.198,2.203,2.141,2.2,840990
1554816600,2.19,2.2,2.18,2.199,547160
1554903000,2.199,2.199,2.18816,2.19,937070
1554989400,2.193,2.2,2.192,2.2,768010
1555075800,2.2,2.202,2.196,2.197,1155850
1555335000,2.19,2.222,2.19,2.201,1067580
1555421400,2.19,2.21,2.19,2.2,239310
1555507800,2.201,2.21,2.2,2.21,347460
1555594200,2.2,2.21,2.193,2.197,857020
1555939800,2.199,2.208,2.192,2.197,852720
1556026200,2.2,2.216,2.2,2.215,2744990
1556112600,2.215,2.222,2.20925,2.219,410270
1556199000,2.223,2.2265,2.219,2.225,2086010
1556285400,2.225,2.225,2.21,2.22,2023450
1556544600,2.222,2.24,2.222,2.23,661870
1556631000,2.23,2.243,2.23,2.242,1258350
1556717400,2.248,2.304,2.248,2.285,407990
1556803800,2.271,2.29,2.225,2.241,1130610
1556890200,2.247,2.262,2.239,2.25,1857870
1557149400,2.2545,2.255,2.225,2.25,1678460
1557235800,2.241,2.25,2.21,2.21,2877470
1557322200,2.21,2.225,2.078,2.13,1849220
1557408600,2.127,2.141,2.098,2.1,1414050
1557495000,2.09,2.09,1.969,2.011,917030
1557754200,2.004,2.01,1.925,1.965,2231810
1557840600,1.985,2.01,1.975,1.991,1540290
1557927000,2.009,2.039,1.99,2.039,103170
1558013400,2.039,2.115,1.995,2.002,2509380
1558099800,2.01,2.036,1.94,1.985,990750
1558359000,1.99,1.999,1.96152,1.9945,552770
1558445400,1.985,2.01,1.985,2.007,3369910
1558531800,2.01,2.045,2.007,2.016,4461650
1558618200,2.016,2.017,1.985,1.985,4465660
1558704600,1.985,1.999,1.975,1.991,1644370
1559050200,1.97,1.987,1.967,1.968,1689460
1559136600,1.966,1.97,1.906,1.922,633390
1559223000,1.92,1.961,1.92,1.933,451780
1559309400,1.908,2,1.821,1.9,1216600
1559568600,1.899,1.949,1.899,1.93,1437420
1559655000,1.93,1.973,1.897,1.9,1186970
1559741400,1.944,1.95,1.885,1.885,399380
1559827800,1.885,1.885,1.801,1.83,1105920
1559914200,1.83,1.845,1.823,1.835,466660
1560173400,1.898,1.899,1.845,1.846,416920
1560259800,1.85,1.89,1.827,1.837,728900
1560346200,1.845,1.845,1.814,1.818,499190
1560432600,1.814,1.818,1.713,1.739,2044070
1560519000,1.73,1.755,1.726,1.754,2172820
1560778200,1.745,1.82,1.74,1.8,1013780
1560864600,1.82,1.895,1.82,1.84,160520
1560951000,1.84,1.87,1.815,1.87,823760
1561037400,1.855,1.91,1.85,1.903,258510
1561123800,1.901,1.934,1.895,1.906,925280
1561383000,1.9195,1.955,1.9195,1.94,1312910
1561469400,1.935,1.942,1.905,1.905,1222040
1561555800,1.915,1.927,1.915,1.919,1104190
1561642200,1.92,1.924,1.919,1.919,541620
1561728600,1.92,1.94,1.906,1.935,143990
1561987800,1.9325,1.94,1.901,1.928,1460750
1562074200,1.925,1.925,1.901,1.905,291390
1562160600,1.901,1.905,1.89,1.892,204030
1562333400,1.89,1.898,1.861,1.861,326660
1562592600,1.887,1.887,1.861,1.861,51390
1562679000,1.862,1.884,1.85,1.865,805690
1562765400,1.874,1.93,1.85,1.92,425060
1562851800,1.94,1.94,1.873,1.885,414310
1562938200,1.88,1.899,1.858,1.858,408200
1563197400,1.85525,1.874,1.851,1.87,60940
1563283800,1.87,1.92,1.87,1.92,150200
1563370200,1.91,1.915,1.871,1.876,454400
1563456600,1.87,1.9,1.86,1.86,496710
1563543000,1.875,1.9,1.871,1.9,361430
1563802200,1.91,2,1.91,1.95,1536730
1563888600,1.965,1.99,1.9,1.911,531290
1563975000,1.92,1.942,1.915,1.926,191340
1564061400,1.86,1.912,1.86,1.89,137880
1564147800,1.886,1.886,1.857,1.866,176190
1564407000,1.875,1.893,1.85,1.872,130460
1564493400,1.9375,1.9375,1.85,1.852,218650
1564579800,1.8454,1.855,1.83,1.831,320540
1564666200,1.823,1.824,1.8,1.8,394120
1564752600,1.8,1.8,1.6,1.7,2490020
1565011800,1.7,1.7,1.626,1.631,4881370
1565098200,1.63,1.77,1.63,1.76,1976870
1565184600,1.77,1.9,1.73,1.785,1916060
1565271000,1.771,1.81,1.7,1.799,642340
1565357400,1.735,1.81,1.69,1.709,1039750
1565616600,1.703,1.759,1.664,1.699,661700
1565703000,1.7,1.72,1.7,1.7,424190
1565789400,1.68,1.699,1.65,1.68,786020
1565875800,1.67,1.7,1.631,1.634,3660250
1565962200,1.69,1.96,1.69,1.93,3366090
1566221400,1.93,1.971,1.905,1.96,691430
1566307800,1.9745,1.993,1.94,1.993,447390
1566394200,1.96,2,1.96,1.995,378020
1566480600,1.994,2.009,1.985,2,771410
1566567000,1.995,1.999,1.91,1.92,1023610
1566826200,1.935,1.98,1.915,1.932,479620
1566912600,1.922,1.935,1.861,1.905,136050
1566999000,1.86,1.95,1.85,1.94,104190
1567085400,1.9,1.978,1.9,1.958,224450
1567171800,1.935,1.935,1.85201,1.89,817900
1567517400,1.875,1.888,1.81,1.842,821800
1567603800,1.842,1.865,1.826,1.855,368290
1567690200,1.856,1.895,1.856,1.885,1110750
1567776600,1.88501,1.924,1.88501,1.924,467710
1568035800,1.91,1.975,1.905,1.94,782020
1568122200,1.94,1.94,1.917,1.929,648920
1568208600,1.93,1.93,1.901,1.91,2785320
1568295000,1.9,1.94,1.9,1.902,676700
1568381400,1.91,1.925,1.89,1.91,935520
1568640600,1.91,1.95,1.87,1.93,327960
1568727000,1.95,1.972,1.95,1.953,568490
1568813400,1.955,1.968,1.902,1.968,930110
1568899800,1.96,1.97,1.95,1.955,209810
1568986200,1.955,1.975,1.955,1.975,603390
1569245400,1.965,1.989,1.96,1.961,1571480
1569331800,1.958,1.965,1.931,1.958,2651990
1569418200,1.93,1.93,1.857,1.928,203110
1569504600,1.899,1.925,1.875,1.884,732740
1569591000,1.9193,1.934,1.885,1.91,410210
1569850200,1.885,1.924,1.885,1.92,160810
1569936600,1.92,1.948,1.91,1.94,1945220
1570023000,1.92,1.925,1.905,1.925,165310
1570109400,1.915,1.925,1.91,1.92,491540
1570195800,1.915,1.945,1.905,1.935,298440
1570455000,1.915,1.948,1.915,1.94,2933310
1570541400,1.9308,1.935,1.9,1.901,1333390
1570627800,1.9055,1.9055,1.886,1.9,808680
1570714200,1.899,1.9,1.87601,1.9,197860
1570800600,1.8905,1.9,1.875,1.87604,298800
1571059800,1.875,1.885,1.855,1.875,515770
1571146200,1.876,1.885,1.862,1.882,1265670
1571232600,1.899,1.945,1.862,1.943,1605150
1571319000,1.949,1.968,1.949,1.955,1060130
1571405400,1.974,1.975,1.92,1.92,587890
1571664600,1.976,1.976,1.926,1.971,1652350
1571751000,1.972,2.002,1.971,1.994,713430
1571837400,1.995,1.999,1.951,1.9975,226550
1571923800,1.998,2.085,1.99,2.06,412010
1572010200,2.085,2.093,2.037,2.087,699740
1572269400,2.086,2.14,2.086,2.12,2527020
1572355800,2.1,2.1442,2.1,2.101,1032940
1572442200,2.1,2.125,2.037,2.037,1253970
1572528600,2.038,2.098,2.037,2.068,608120
1572615000,2.05,2.06,2.03,2.05,1686000
1572877800,2.05,2.06,2.0455,2.053,465250
1572964200,2.04,2.135,2.04,2.08,521490
1573050600,2.09,2.11,2.07,2.07,287170
1573137000,2.001,2.098,2.001,2.09,634300
1573223400,2.098,2.125,2.09,2.125,741660
1573482600,2.1,2.19,2.1,2.137,707760
1573569000,2.137,2.15,2.135,2.145,411460
1573655400,2.137,2.155,2.135,2.15,457550
1573741800,2.135,2.155,2.1,2.155,1397390
1573828200,2.155,2.249,2.15,2.218,1460090
1574087400,2.16,2.205,2.16,2.187,645500
1574173800,2.16,2.187,2.13,2.145,322950
1574260200,2.13,2.15,2.09,2.11,393180
1574346600,2.205,2.205,2.04,2.1,340540
1574433000,2.05,2.13,2.027,2.1,873650
1574692200,2.135,2.135,2.075,2.125,1260730
1574778600,2.14,2.155,2.125,2.15,2116200
1574865000,2.101,2.15,2.072,2.15,123200
1575037800,2.103,2.164,2.1,2.13,30380
1575297000,2.13,2.15,2.13,2.1495,338110
1575383400,2.125,2.16,2.125,2.16,961260
1575469800,2.1585,2.162,2.145,2.155,2130520
1575556200,2.15,2.152,2.145,2.15,1340730
1575642600,2.153,2.16,2.14025,2.16,1702560
1575901800,2.16,2.215,2.16,2.203,2339290
1575988200,2.2,2.205,2.111,2.2,2363620
1576074600,2.061,2.2,2.061,2.17,1885230
1576161000,2.17,2.2,2.17,2.2,789570
1576247400,2.207,2.209,2.2,2.206,187020
1576506600,2.2,2.27,2.195,2.252,945440
1576593000,2.255,2.267,2.248,2.25,606440
1576679400,2.26,2.263,2.205,2.247,194270
1576765800,2.244,2.28,2.238,2.265,1233090
1576852200,2.295,2.526,2.291,2.465,3664220
1577111400,2.48,2.525,2.335,2.42,2148760
1577197800,2.408,2.408,2.38,2.39,5176960
1577370600,2.351,2.39,2.35,2.38,1769990
1577457000,2.35,2.43,2.35,2.41,4272610
1577716200,2.415,2.419,2.399,2.4,1210970
1577802600,2.4,2.411,2.394,2.402,1093450
1577975400,2.385,2.418,2.342,2.363,4178240
1578061800,2.34,2.374,2.34,2.344,302480
1578321000,2.34,2.35,2.323,2.327,932510
1578407400,2.301,2.345,2.301,2.31,386830
1578493800,2.305,2.32,2.3,2.307,3537050
1578580200,2.307,2.329,2.307,2.32,2097570
1578666600,2.4355,2.685,2.431,2.609,8349770
1578925800,2.625,2.865,2.625,2.851,5656530
1579012200,2.95,3,2.6535,2.7,5670930
1579098600,2.71,2.8,2.685,2.77,4134620
1579185000,2.85,2.9,2.8,2.861,6688240
1579271400,2.87,2.88,2.8225,2.867,3536130
1579617000,2.862,2.9,2.833,2.859,2413010
1579703400,2.875,2.94194,2.851,2.912,3240960
1579789800,2.911,2.91198,2.848,2.879,1145500
1579876200,2.929,2.93,2.86414,2.894,1746960
1580135400,2.871,2.885,2.812,2.871,1571700
1580221800,2.881,2.901,2.87,2.881,963560
1580308200,2.871,2.922,2.858,2.878,1602360
1580394600,2.9,2.906,2.817,2.875,2482620
1580481000,2.862,2.884,2.77405,2.796,1374610
1580740200,2.796,2.9,2.796,2.866,1679520
1580826600,2.901,2.925,2.87,2.921,2140750
1580913000,2.922,2.9565,2.922,2.946,1552490
1580999400,2.952,2.968,2.807,2.826,2475020
1581085800,2.741,2.874,2.45,2.755,7680220
1581345000,2.75,2.927,2.744,2.9105,2935940
1581431400,2.795,2.909,2.78493,2.899,4753470
1581517800,2.873,2.917,2.837,2.904,4113510
1581604200,2.856,2.907,2.822,2.869,2968140
1581690600,2.87,2.871,2.7835,2.802,3634310
1582036200,2.757,2.824,2.7,2.753,2757790
1582122600,2.765,2.77,2.708,2.756,2356590
1582209000,2.756,2.8,2.72,2.786,3246490
1582295400,2.745,2.805,2.733,2.774,3419190
1582554600,2.649,2.75,2.628,2.695,2803670
1582641000,2.685,2.698,2.622,2.637,2876390
1582727400,2.628,2.72,2.61612,2.653,2572670
1582813800,2.6,2.64,2.512,2.5755,5245300
1582900200,2.5,2.541,2.46,2.538,3960550
1583159400,2.561,2.6185,2.53879,2.615,2953570
1583245800,2.611,2.691,2.552,2.6095,3080720
1583332200,2.651,2.723,2.627,2.667,3932420
1583418600,2.624,2.695,2.569,2.589,5340130
1583505000,2.53,2.609,2.464,2.526,3973460
1583760600,2.357,2.47,2.266,2.304,5572480
1583847000,2.352,2.465,2.3355,2.438,3852340
1583933400,2.384,2.4755,2.351,2.424,5211980
1584019800,2.301,2.344,2.15,2.22,6923930
1584106200,2.275,2.3,2.117,2.292,4955870
1584365400,2,2.0379,1.702,1.738,11833870
1584451800,1.755,1.937,1.7,1.912,5256380
1584538200,1.789,1.841,1.576,1.598,3639760
1584624600,1.582,1.699,1.582,1.61,8372590
1584711000,1.638,1.829,1.638,1.688,4653960
1584970200,1.7,1.737,1.6325,1.677,6468080
1585056600,1.775,1.881,1.73,1.881,2463990
1585143000,1.875,2.113,1.855,2.067,2846560
1585229400,2.084,2.231,2.062,2.173,3876250
1585315800,2.102,2.144,2.002,2.037,1519020
1585575000,2.055,2.116,2.02,2.089,1930070
1585661400,2.089,2.148,2.082,2.128,1600320
1585747800,2.046,2.1,1.991,2.046,2927340
1585834200,2.056,2.1245,1.94787,2.089,1883620
1585920600,2.062,2.172,1.963,2.018,2874580
1586179800,2.081,2.139,1.975,2.021,2477990
1586266200,2.08,2.0975,1.99,2.028,3031320
1586352600,2.051,2.112,2.007,2.093,2003330
1586439000,2.133,2.1905,2.061,2.148,2282340
1586784600,2.145,2.165,2.049,2.129,1787200
1586871000,2.166,2.246,2.166,2.19,1530410
1586957400,2.15,2.199,2.11876,2.161,1690140
1587043800,2.176,2.189,2.104,2.16,1774330
1587130200,2.21,2.2587,2.142,2.177,1781050
1587389400,2.182,2.19,2.113,2.169,1116290
1587475800,2.153,2.153,2.027,2.098,1156050
1587562200,2.139,2.171,2.105,2.146,1021600
1587648600,2.171,2.202,2.1305,2.162,2073680
1587735000,2.175,2.194,2.121,2.17,2070090
1587994200,2.185,2.246,2.18,2.223,2322460
1588080600,2.263,2.337,2.207,2.277,3327250
1588167000,2.345,2.39279,2.315,2.347,2041990
1588253400,2.337,2.337,2.25,2.29,2166980
1588339800,2.226,2.274,2.213,2.223,1244980
1588599000,2.222,2.2665,2.186,2.233,2374870
1588685400,2.259,2.339,2.207,2.247,2916550
1588771800,2.268,2.282,2.192,2.202,1695400
1588858200,2.23,2.289,2.192,2.238,5526650
1588944600,2.35,2.689,2.301,2.542,7512580
1589203800,2.542,2.584,2.437,2.565,3323290
1589290200,2.578,2.578,2.394,2.398,3678190
1589376600,2.4,2.4465,2.319,2.329,2931690
1589463000,2.292,2.348,2.23401,2.335,2029130
1589549400,2.3,2.383,2.278,2.329,2323210
1589808600,2.358,2.466,2.3475,2.441,3100880
1589895000,2.45,2.53,2.449,2.479,3369530
1589981400,2.52,2.584,2.51,2.56,2271660
1590067800,2.523,2.552,2.48901,2.516,2189880
1590154200,2.509,2.509,2.413,2.47,2982200
1590499800,2.52,2.584,2.518,2.53,2818530
1590586200,2.552,2.597,2.495,2.589,3780560
1590672600,2.559,2.592,2.524,2.533,2090260
1590759000,2.494,2.628,2.494,2.596,7768900
1591018200,2.637,2.679,2.618,2.655,3449130
1591104600,2.676,2.755,2.6175,2.746,4996260
1591191000,2.796,2.796,2.729,2.773,3885870
1591277400,2.761,2.798,2.75,2.775,3813730
1591363800,2.863,2.9795,2.808,2.861,6099410
1591623000,2.926,3.026,2.924,2.971,9116960
1591709400,2.971,3.01,2.90571,2.962,3886890
1591795800,2.965,2.991,2.856,2.91,3588710
1591882200,2.879,2.89,2.771,2.802,7650580
1591968600,2.863,2.945,2.819,2.922,4196130
1592227800,2.948,3.15,2.941,3.129,15438500
1592314200,3.153,3.245,3.073,3.115,8435270
1592400600,3.141,3.249,3.141,3.177,16732980
1592487000,3.154,3.2,3.08,3.142,12935800
1592573400,3.187,3.33,3.179,3.231,42842570
1592832600,3.242,3.244,3.05201,3.103,11826150
1592919000,3.134,3.19,3.097,3.127,13973880
1593005400,3.149,3.169,3.021,3.061,6438340
1593091800,3.066,3.176,3.045,3.103,9489730
1593178200,3.094,3.14,2.756,2.812,65827020
1593437400,2.817,2.84,2.753,2.824,6254360
1593523800,2.849,2.857,2.751,2.839,10403060
1593610200,2.838,2.838,2.74,2.794,7921720
1593696600,2.835,2.871,2.731,2.748,4207740
1594042200,2.802,2.844,2.781,2.795,4889490
1594128600,2.771,2.802,2.73,2.753,4453640
1594215000,2.765,2.827,2.743,2.821,4380220
1594301400,2.817,2.856,2.747,2.766,4626170
1594387800,2.778,2.795,2.74,2.764,3038880
1594647000,2.8205,2.8205,2.7065,2.713,3194190
1594733400,2.7,2.785,2.659,2.77,5417250
1594819800,2.811,2.837,2.737,2.786,2377090
1594906200,2.772,2.815,2.747,2.813,1956790
1594992600,2.812,2.892,2.802,2.84,2245880
1595251800,2.847,2.875,2.807,2.865,2606320
1595338200,2.875,2.881,2.785,2.809,3532750
1595424600,2.798,2.843,2.765,2.797,4129170
1595511000,2.802,2.83,2.734,2.762,2404780
1595597400,2.755,2.7665,2.672,2.717,1842100
1595856600,2.731,2.848,2.731,2.846,1968910
1595943000,2.852,2.859,2.787,2.814,3447220
1596029400,2.832,2.96,2.823,2.958,2736390
1596115800,2.921,2.988,2.9,2.973,2301850
1596202200,2.992,3.031,2.95,3.0305,3449930
1596461400,3.1,3.118,3.021,3.031,5165260
1596547800,3.034,3.074,3.011,3.033,2915140
1596634200,3.049,3.11,3.008,3.079,8762820
1596720600,3.064,3.07342,2.98,3.009,2218170
1596807000,3.005,3.05,2.96706,3.018,2716340
1597066200,3.04,3.062,3.0025,3.021,2736200
1597152600,3.053,3.117,3.03,3.048,6244090
1597239000,2.784,2.84465,2.5635,2.601,22849140
1597325400,2.609,2.639,2.5407,2.599,7727750
1597411800,2.574,2.6225,2.559,2.61,6331080
1597671000,2.62,2.627,2.5565,2.574,3721240
1597757400,2.565,2.589,2.526,2.586,3882400
1597843800,2.597,2.635,2.58249,2.591,3617600
1597930200,2.566,2.624,2.561,2.619,3372890
1598016600,2.61,2.654,2.599,2.654,2299900
1598275800,2.662,2.698,2.632,2.666,3663560
1598362200,2.662,2.693,2.624,2.665,4857340
1598448600,2.574,2.654,2.571,2.599,5116190
1598535000,2.607,2.63,2.586,2.615,3450810
1598621400,2.626,2.739,2.626,2.707,5584820
1598880600,2.698,2.789,2.68878,2.739,4980910
1598967000,2.736,2.75,2.67,2.707,3638300
1599053400,2.691,2.75,2.642,2.7315,4590850
1599139800,2.733,2.733,2.573,2.584,4283520
1599226200,2.608,2.631,2.49155,2.554,2584780
1599571800,2.531,2.577,2.4705,2.531,2329570
1599658200,2.523,2.644,2.515,2.617,2971750
1599744600,2.63,2.633,2.536,2.544,2643820
1599831000,2.57,2.584,2.53,2.566,2098400
1600090200,2.591,2.643,2.569,2.634,2480170
1600176600,2.65,2.684,2.609,2.625,2549830
1600263000,2.633,2.66,2.62,2.63,2470110
1600349400,2.62,2.649,2.579,2.639,2174990
1600435800,2.666,2.714,2.646,2.695,5398170
1600695000,2.645,2.645,2.568,2.5905,3446110
1600781400,2.617,2.635,2.535,2.604,3582940
1600867800,2.612,2.649,2.506,2.513,2490270
1600954200,2.502,2.592,2.454,2.542,2015100
1601040600,2.534,2.6025,2.523,2.571,2126710
1601299800,2.606,2.655,2.606,2.649,2335300
1601386200,2.65,2.687,2.65,2.68,1756930
1601472600,2.666,2.709,2.634,2.64,2865230
1601559000,2.659,2.675,2.602,2.616,1589770
1601645400,2.565,2.623,2.53101,2.583,1218770
1601904600,2.61,2.686,2.6,2.676,2296810
1601991000,2.695,2.713,2.638,2.651,1886560
1602077400,2.668,2.725,2.668,2.703,1676200
1602163800,2.727,2.766,2.727,2.761,1301750
1602250200,2.787,2.794,2.763,2.771,967610
1602509400,2.789,2.819,2.771,2.792,2176930
1602595800,2.792,2.804,2.728,2.785,1330090
1602682200,2.775,2.799,2.735,2.745,1301660
1602768600,2.709,2.771,2.691,2.766,1052100
1602855000,2.764,2.777,2.723,2.729,1541050
1603114200,2.74,2.744,2.655,2.669,1262860
1603200600,2.692,2.692,2.641,2.6515,1393940
1603287000,2.656,2.688,2.607,2.615,1557010
1603373400,2.608,2.69,2.586,2.676,1900890
1603459800,2.689,2.689,2.5295,2.546,3375320
1603719000,2.53,2.53,2.4,2.43,2468190
1603805400,2.425,2.439,2.3715,2.374,2203130
1603891800,2.324,2.3505,2.214,2.225,3378780
1603978200,2.216,2.322,2.195,2.295,2430480
1604064600,2.283,2.3225,2.247,2.272,2076420
1604327400,2.3,2.318,2.269,2.3,7398580
1604413800,2.356,2.356,2.296,2.321,4731080
1604500200,2.687,2.88805,2.622,2.838,11950680
1604586600,2.847,2.872,2.733,2.869,3872070
1604673000,2.78,2.85,2.78,2.797,4179030
1604932200,2.813,2.995,2.769,2.77,4897930
1605018600,2.767,2.833,2.753,2.7775,3673330
1605105000,2.798,2.88099,2.791,2.8495,3366030
1605191400,2.825,2.871,2.823,2.855,2390270
1605277800,2.851,2.974,2.85,2.953,3424110
1605537000,2.95,3,2.933,2.949,3855010
1605623400,2.89,2.985,2.89,2.95,2702850
1605709800,2.958,3,2.95,2.956,3526630
1605796200,2.972,3,2.953,2.996,2511380
1605882600,2.966,3,2.965,2.994,4025080
1606141800,2.989,3,2.93,2.9355,3535380
1606228200,2.9851,2.9851,2.8795,2.909,4586050
1606314600,2.878,2.95,2.878,2.931,2757080
1606487400,2.916,2.991,2.916,2.965,2470320
1606746600,2.942,2.975,2.803,2.821,5611080
1606833000,2.851,2.929,2.826,2.887,3458300
1606919400,2.885,2.938,2.83739,2.914,2309180
1607005800,2.909,2.997,2.909,2.967,2466360
1607092200,2.983,3.07,2.9765,3.063,2949720
1607351400,3.06,3.153,3.0425,3.095,2618470
1607437800,3.081,3.111,3.051,3.092,1853410
1607524200,3.092,3.126,3.011,3.034,2024200
1607610600,2.996,3.051,2.955,3.043,1387530
1607697000,3.011,3.04,2.973,2.992,2987310
1607956200,3.019,3.02,2.923,2.924,3118810
1608042600,2.965,3.002,2.912,2.99,5447960
1608129000,3.01,3.01,2.99,2.993,3788280
1608215400,3.001,3.015,2.968,2.995,3400730
1608301800,3,3.088,2.963,3.049,6956520
1608561000,2.979,3.023,2.942,2.997,2634530
1608647400,2.995,3.033,2.964,2.98,1926290
1608733800,2.999,3.058,2.951,3.019,3072170
1608820200,3.045,3.055,3.022,3.052,1156420
1609165800,3.08,3.095,3.049,3.053,1980940
1609252200,3.053,3.07,3.0235,3.053,2941610
1609338600,3.05,3.09,3.034,3.047,3198170
1609425000,3.049,3.175,3.034,3.166,3904420
1609770600,3.18,3.21,3.083,3.105,2424750
1609857000,3.098,3.16,3.093,3.116,2156090
1609943400,3.116,3.238,3.115,3.189,3346820
1610029800,3.25,3.326,3.197,3.219,6208880
1610116200,3.246,3.295,3.146,3.188,2617600
1610375400,3.153,3.239,3.14319,3.21,1859230
1610461800,3.225,3.273,3.181,3.241,2702490
1610548200,3.232,3.294,3.225,3.254,2683390
1610634600,3.28,3.3,3.253,3.267,1846520
1610721000,3.254,3.31,3.226,3.235,2498590
1611066600,3.276,3.282,3.209,3.247,1770800
1611153000,3.265,3.387,3.265,3.368,3077410
1611239400,3.368,3.43,3.341,3.376,2627940
1611325800,3.332,3.434,3.309,3.421,3455840
1611585000,3.43,3.508,3.406,3.47,3043580
1611671400,3.474,3.48,3.36,3.379,2036540
1611757800,3.306,3.3065,3.211,3.224,2375290
1611844200,3.242,3.242,3.124,3.18,1795690
1611930600,3.166,3.188,3.052,3.1,3095930
1612189800,3.133,3.197,3.095,3.154,2279240
1612276200,3.184,3.21,3.141,3.175,3097010
1612362600,3.25,3.474,3.25,3.303,4553940
1612449000,3.333,3.358,3.242,3.29,2095510
1612535400,3.271,3.271,3.103,3.195,3648100
1612794600,3.196,3.385,3.195,3.38,4207630
1612881000,3.38,3.408,3.33,3.39,1928840
1612967400,3.41,3.418,3.34611,3.372,1591730
1613053800,3.356,3.462,3.356,3.422,2203290
1613140200,3.251,3.35,3.15349,3.195,6508540
1613485800,3.237,3.294,3.1785,3.193,2846910
1613572200,3.144,3.205,3.101,3.1525,1796390
1613658600,3.143,3.1855,3.134,3.163,1885570
1613745000,3.174,3.212,3.134,3.168,2102490
1614004200,3.132,3.222,3.12,3.178,2730250
1614090600,3.148,3.294,3.059,3.264,6735490
1614177000,3.238,3.398,3.238,3.37,3125610
1614263400,3.334,3.37,3.25,3.25,2806590
1614349800,3.233,3.323,3.205,3.263,3533110
1614609000,3.347,3.4365,3.28753,3.427,2218270
1614695400,3.446,3.46,3.377,3.408,2531290
1614781800,3.429,3.467,3.359,3.362,2916190
1614868200,3.379,3.394,3.226,3.262,2860210
1614954600,3.311,3.407,3.226,3.391,3308650
1615213800,3.448,3.5305,3.4,3.455,3371350
1615300200,3.497,3.532,3.416,3.432,3132900
1615386600,3.456,3.592,3.434,3.57,2794340
1615473000,3.57,3.649,3.57,3.581,2683640
1615559400,3.571,3.663,3.499,3.646,2376380
1615815000,3.67,3.719,3.61,3.71,2705830
1615901400,3.74,3.75,3.676,3.714,2519840
1615987800,3.693,3.83,3.659,3.83,3811180
1616074200,3.816,3.88,3.786,3.823,4224790
1616160600,3.758,3.876,3.744,3.855,11350840
1616419800,3.87,3.937,3.79,3.892,3834410
1616506200,3.867,3.8685,3.746,3.766,4154850
1616592600,3.768,3.874,3.731,3.739,3097840
1616679000,3.725,3.767,3.673,3.706,3253770
1616765400,3.724,3.831,3.7185,3.817,3403360
1617024600,3.765,3.837,3.729,3.747,4901040
1617111000,3.71,3.824,3.693,3.794,2911750
1617197400,3.795,3.931,3.795,3.906,3131350
1617283800,3.933,3.96,3.884,3.9595,2893460
1617629400,3.962,4.031,3.962,4,3522200
1617715800,3.984,4.033,3.9245,3.936,1775990
1617802200,3.941,3.961,3.917,3.934,2019480
1617888600,3.98,3.98,3.919,3.958,4883110
1617975000,3.937,3.976,3.91118,3.968,2759000
1618234200,3.969,4.07098,3.924,4.003,8110680
1618320600,4.005,4.034,3.933,3.953,1483460
1618407000,3.976,3.994,3.919,3.928,1635370
1618493400,3.95,3.965,3.918,3.933,1841230
1618579800,3.971,3.9765,3.906,3.917,1569660
1618839000,3.9,3.926,3.827,3.856,2171740
1618925400,3.846,3.885,3.752,3.783,2316920
1619011800,3.778,3.863,3.75323,3.85,1642260
1619098200,3.786,3.844,3.762,3.779,2399490
1619184600,3.799,3.8585,3.777,3.825,2118380
1619443800,3.818,3.897,3.79781,3.866,1804430
1619530200,3.858,3.89,3.828,3.85,1538780
1619616600,3.82,3.849,3.79,3.814,1378640
1619703000,3.856,3.86798,3.79,3.81,1063390
1619789400,3.806,3.819,3.691,3.702,2398150
1620048600,3.742,3.761,3.701,3.726,1918910
1620135000,3.697,3.73389,3.63827,3.658,2466320
1620221400,3.559,3.696,3.52,3.626,2727570
1620307800,3.632,3.656,3.508,3.617,2279080
1620394200,3.602,3.691,3.562,3.639,1639460
1620653400,3.645,3.645,3.514,3.517,2057270
1620739800,3.464,3.468,3.387,3.419,1679080
1620826200,3.369,3.425,3.354,3.365,1941430
1620912600,3.375,3.476,3.348,3.457,2064400
1620999000,3.482,3.664,3.48,3.626,2226330
1621258200,3.592,3.631,3.566,3.613,1092480
1621344600,3.56551,3.65,3.56551,3.595,1812200
1621431000,3.546,3.596,3.521,3.58,1588690
1621517400,3.571,3.591,3.543,3.59,1236470
1621603800,3.601,3.64,3.558,3.566,1699250
1621863000,3.567,3.603,3.55,3.593,1483950
1621949400,3.588,3.611,3.547,3.547,1941770
1622035800,3.552,3.588,3.54,3.566,1229330
1622122200,3.55,3.639,3.55,3.598,3717840
1622208600,3.56,3.562,3.47,3.474,1745010
1622554200,3.508,3.546,3.472,3.521,1951600
1622640600,3.535,3.639,3.484,3.628,4564290
1622727000,3.622,3.645,3.577,3.641,1080300
1622813400,3.644,3.677,3.615,3.669,973180
1623072600,3.679,3.715,3.647,3.7,1671350
1623159000,3.72,3.739,3.682,3.685,1298710
1623245400,3.685,3.6975,3.628,3.631,1571470
1623331800,3.641,3.698,3.622,3.641,905270
1623418200,3.66,3.6735,3.634,3.665,830690
1623677400,3.665,3.6875,3.61,3.624,1262420
1623763800,3.617,3.647,3.601,3.618,1961710
1623850200,3.623,3.623,3.552,3.576,1260760
1623936600,3.552,3.589,3.506,3.539,1746330
1624023000,3.5,3.519,3.394,3.426,3222090
1624282200,3.448,3.559,3.443,3.493,2227680
1624368600,3.478,3.506,3.383,3.402,1969870
1624455000,3.402,3.466,3.394,3.434,1786100
1624541400,3.474,3.541,3.449,3.537,1268030
1624627800,3.54,3.611,3.52,3.601,7819660
1624887000,3.593,3.614,3.503,3.553,1187870
1624973400,3.559,3.573,3.506,3.539,937050
1625059800,3.522,3.549,3.483,3.518,2181440
1625146200,3.535,3.585,3.497,3.546,1229200
1625232600,3.559,3.592,3.499,3.541,1438940
1625578200,3.537,3.537,3.459,3.46,1421690
1625664600,3.462,3.511,3.402,3.428,1466350
1625751000,3.4,3.447,3.33295,3.38,1406180
1625837400,3.429,3.491,3.406,3.456,3849220
1626096600,3.479,3.48,3.35,3.359,1658020
1626183000,3.346,3.353,3.288,3.295,2295100
1626269400,3.323,3.455,3.303,3.445,2559680
1626355800,3.437,3.467,3.39801,3.455,2656750
1626442200,3.48,3.489,3.4,3.414,2675660
1626701400,3.354,3.495,3.348,3.493,2979070
1626787800,3.511,3.592,3.479,3.483,2482830
1626874200,3.487,3.535,3.459,3.513,1310630
1626960600,3.488,3.511,3.429,3.442,945380
1627047000,3.451,3.512,3.42968,3.51,695070
1627306200,3.518,3.574,3.513,3.528,992490
1627392600,3.508,3.508,3.44,3.497,1160960
1627479000,3.492,3.6,3.492,3.571,1181880
1627565400,3.6,3.75,3.579,3.735,1887890
1627651800,3.727,3.816,3.693,3.804,1869290
1627911000,3.81,3.864,3.73,3.746,1774930
1627997400,3.743,3.8465,3.723,3.788,1363450
1628083800,3.76,3.835,3.76,3.78,1933940
1628170200,3.804,3.873,3.804,3.86,1951430
1628256600,3.88,3.939,3.851,3.895,1962710
1628515800,3.919,3.9405,3.835,3.89,2980930
1628602200,3.897,3.94099,3.83,3.857,2375300
1628688600,3.95,3.963,3.813,3.882,3617740
1628775000,3.867,3.925,3.801,3.833,3219480
1628861400,3.801,3.817,3.621,3.63,3035520
1629120600,3.63,3.712,3.57,3.706,2510490
1629207000,3.691,3.702,3.611,3.657,2037420
1629293400,3.642,3.66,3.554,3.562,1186270
1629379800,3.514,3.52,3.43,3.476,1613590
1629466200,3.464,3.57,3.464,3.564,1556050
1629725400,3.577,3.601,3.552,3.593,1225780
1629811800,3.585,3.615,3.542,3.549,1442360
1629898200,3.549,3.59,3.54,3.559,1473750
1629984600,3.563,3.6015,3.493,3.497,2488090
1630071000,3.489,3.591,3.466,3.573,3027190
1630330200,3.581,3.581,3.52733,3.55,2545540
1630416600,3.558,3.7,3.53366,3.654,5254270
1630503000,3.671,3.793,3.638,3.754,1768140
1630589400,3.754,3.8205,3.731,3.784,1498100
1630675800,3.8,3.865,3.793,3.8,1511880
1631021400,3.8,3.8,3.658,3.672,1129630
1631107800,3.643,3.678,3.623,3.633,1187170
1631194200,3.643,3.68,3.628,3.648,1109320
1631280600,3.659,3.695,3.656,3.659,1410920
1631539800,3.686,3.733,3.632,3.713,1108660
1631626200,3.735,3.735,3.578,3.607,1272120
1631712600,3.621,3.645,3.582,3.644,1209820
1631799000,3.623,3.668,3.601,3.643,976710
1631885400,3.621,3.749,3.608,3.725,4647230
1632144600,3.654,3.669,3.565,3.632,2114790
1632231000,3.669,3.69,3.633,3.667,2584640
1632317400,3.688,3.804,3.688,3.774,1637480
1632403800,3.799,3.875,3.738,3.75,1540120
1632490200,3.725,3.78,3.681,3.73,1068230
1632749400,3.721,3.813,3.719,3.788,1399320
1632835800,3.757,3.774,3.711,3.73,1269430
1632922200,3.735,3.754,3.658,3.67,900460
1633008600,3.685,3.7755,3.633,3.657,1269090
1633095000,3.672,3.754,3.63,3.735,890500
1633354200,3.78,3.78,3.67,3.688,787670
1633440600,3.686,3.744,3.658,3.728,758950
1633527000,3.691,3.721,3.6265,3.652,1431220
1633613400,3.685,3.779,3.658,3.73,1412940
1633699800,3.736,3.772,3.676,3.688,512230
1633959000,3.693,3.7223,3.68,3.699,595360
1634045400,3.715,3.7285,3.579,3.588,1016530
1634131800,3.616,3.617,3.54201,3.58,1110580
1634218200,3.618,3.634,3.57,3.596,1636050
1634304600,3.65,3.671,3.539,3.544,3293740
1634563800,3.525,3.56517,3.48,3.497,1287430
1634650200,3.503,3.533,3.478,3.524,1291190
1634736600,3.539,3.551,3.497,3.535,1296350
1634823000,3.536,3.55702,3.486,3.537,1202820
1634909400,3.532,3.623,3.511,3.53,1024410
1635168600,3.525,3.549,3.51,3.533,1135350
1635255000,3.527,3.585,3.48197,3.545,3700240
1635341400,3.534,3.589,3.504,3.531,1073260
1635427800,3.534,3.609,3.531,3.544,1831510
1635514200,3.55,3.6175,3.534,3.539,3371190
1635773400,3.545,3.672,3.545,3.665,1540830
1635859800,3.668,3.706,3.65501,3.706,1734900
1635946200,4.141,4.4,4.026,4.187,8586550
1636032600,4.191,4.714,4.191,4.697,11790020
1636119000,4.6,4.706,4.474,4.658,7256640
1636381800,4.656,4.7,4.492,4.504,2578100
1636468200,4.481,4.55,4.465,4.484,1801560
1636554600,4.453,4.475,4.334,4.382,2333130
1636641000,4.372,4.461,4.3715,4.431,1178380
1636727400,4.461,4.483,4.331,4.369,938210
1636986600,4.363,4.363,4.23,4.309,1584010
1637073000,4.281,4.402,4.258,4.401,2559990
1637159400,4.379,4.41499,4.219,4.25,1447280
1637245800,4.256,4.293,4.19,4.286,1600210
1637332200,4.239,4.308,4.194,4.218,1849770
1637591400,4.229,4.349,4.2125,4.217,1683770
1637677800,4.201,4.266,4.164,4.178,1326740
1637764200,4.166,4.23068,4.136,4.196,1079230
1637937000,4.123,4.146,3.936,4.043,1883600
1638196200,4.062,4.108,3.995,4.063,2071860
1638282600,4.024,4.167,3.976,4.14,3548010
1638369000,4.2,4.316,4.171,4.243,3350760
1638455400,4.25,4.329,4.204,4.284,1762220
1638541800,4.289,4.35,4.188,4.323,1888560
1638801000,4.368,4.3945,4.27,4.27,2011860
1638887400,4.321,4.411,4.305,4.388,1664340
1638973800,4.422,4.484,4.318,4.373,1528660
1639060200,4.343,4.377,4.241,4.244,1489970
1639146600,4.338,4.351,4.215,4.287,2192210
1639405800,4.28,4.31799,4.186,4.191,1458800
1639492200,4.179,4.213,4.113,4.163,1409210
1639578600,4.161,4.25,4.132,4.238,2239420
1639665000,4.26,4.288,4.141,4.16,2795860
1639751400,4.141,4.18,4.064,4.094,4052060
1640010600,4.034,4.148,3.993,4.128,3541100
1640097000,4.179,4.317,4.179,4.263,1730750
1640183400,4.294,4.29815,4.223,4.259,1888180
1640269800,4.266,4.3145,4.263,4.272,1260090
1640615400,4.309,4.48,4.28016,4.476,3246650
1640701800,4.488,4.497,4.3706,4.417,1408320
1640788200,4.421,4.558,4.403,4.555,2500360
1640874600,4.555,4.641,4.468,4.468,1363340
1640961000,4.457,4.491,4.381,4.395,924830
1641220200,4.461,4.562,4.42,4.562,2522150
1641306600,4.669,4.753,4.65,4.714,3054620
1641393000,4.738,4.799,4.52,4.536,2963130
1641479400,4.541,4.6085,4.493,4.51,1548200
1641565800,4.51,4.5415,4.405,4.408,1359900
1641825000,4.388,4.4195,4.268,4.418,1694550
1641911400,4.4,4.51,4.384,4.491,2052600
1641997800,4.534,4.537,4.437,4.484,1860610
1642084200,4.519,4.565,4.485,4.529,1677210
1642170600,4.55,4.591,4.54615,4.557,3038010
1642516200,4.55,4.668,4.53,4.617,2580730
1642602600,4.617,4.617,4.208,4.215,4047150
1642689000,4.215,4.382,4.163,4.23,2330650
1642775400,4.155,4.323,4.1,4.101,2123760
1643034600,4.035,4.105,3.894,4.094,2353910
1643121000,4.034,4.068,3.87,3.945,1777470
1643207400,4.014,4.078,3.84,3.901,1660700
1643293800,3.971,4.007,3.85,3.882,1562820
1643380200,3.875,4.017,3.816,4.015,1900330
1643639400,3.991,4.052,3.93,4.052,2438080
1643725800,4.08,4.175,3.9715,4.17,6249120
1643812200,4.352,4.401,4.094,4.381,8629360
1643898600,4.341,4.341,3.869,3.931,6118700
1643985000,3.918,3.982,3.808,3.82,3541610
1644244200,3.84,3.871,3.721,3.801,2829270
1644330600,3.8,3.861,3.769,3.85,2083560
1644417000,3.9,3.9,3.806,3.865,2202950
1644503400,3.826,3.915,3.806,3.857,2870910
1644589800,3.842,3.879,3.761,3.806,1849460
1644849000,3.775,3.835,3.767,3.807,1582260
1644935400,3.841,3.979,3.841,3.973,1994920
1645021800,3.938,3.996,3.901,3.976,1383320
1645108200,3.923,3.946,3.8835,3.885,1297250
1645194600,3.882,3.937,3.8545,3.916,2712630
1645540200,3.893,4.019,3.833,3.918,3737210
1645626600,3.943,3.997,3.876,3.903,2805410
1645713000,3.735,3.9225,3.7,3.919,2321710
1645799400,3.933,4.018,3.862,4.017,3176140
1646058600,3.955,4.066,3.89,3.929,3127330
1646145000,3.927,4.035,3.8784,3.99,3622530
1646231400,4.013,4.246,4.013,4.217,2609880
1646317800,4.237,4.295,4.1675,4.211,1711130
1646404200,4.16,4.192,4.043,4.157,1749800
1646663400,4.15,4.168,4.008,4.044,2256280
1646749800,4.052,4.117,3.999,4.048,2738020
1646836200,4.114,4.194,4.087,4.16,1519420
1646922600,4.108,4.204,4.082,4.118,1763770
1647009000,4.162,4.197,4.086,4.159,1585640
1647264600,4.155,4.185,4.018,4.052,1997910
1647351000,4.066,4.186,4.033,4.182,1586970
1647437400,4.2,4.304,4.17,4.275,1998890
1647523800,4.248,4.28,4.178,4.194,1261640
1647610200,4.195,4.321,4.159,4.289,3293740
1647869400,4.254,4.3555,4.254,4.299,1114890
1647955800,4.314,4.35864,4.268,4.295,4409920
1648042200,4.281,4.299,4.11739,4.234,1188950
1648128600,4.255,4.303,4.217,4.251,1150370
1648215000,4.263,4.263,4.173,4.199,1534480
1648474200,4.196,4.2155,4.112,4.186,1592460
1648560600,4.229,4.3035,4.206,4.248,2423140
1648647000,4.242,4.313,3.943,3.958,3359390
1648733400,3.956,3.984,3.8,3.807,2953210
1648819800,3.83,3.899,3.686,3.792,2422880
1649079000,3.768,3.79847,3.719,3.774,2131250
1649165400,3.764,3.793,3.636,3.64,1410090
1649251800,3.611,3.628,3.526,3.535,1863760
1649338200,3.526,3.572,3.468,3.54,1803730
1649424600,3.475,3.562,3.411,3.531,2626990
1649683800,3.5,3.566,3.453,3.519,1644760
1649770200,3.533,3.619,3.479,3.483,1386560
1649856600,3.51,3.578,3.483,3.56,1072800
1649943000,3.581,3.666,3.574,3.652,2904460
1650288600,3.623,3.682,3.619,3.661,2720280
1650375000,4.2,4.486,4.111,4.465,16522070
1650461400,4.479,4.6838,4.477,4.505,5634190
1650547800,4.51,4.615,4.231,4.272,6324730
1650634200,4.311,4.355,4.16401,4.236,3639580
1650893400,4.202,4.314,4.17,4.278,1783950
1650979800,4.231,4.262,4.10501,4.125,2456160
1651066200,4.13,4.292,4.11,4.164,2293510
1651152600,4.131,4.302,4.131,4.298,2062110
1651239000,4.253,4.3755,4.19,4.21,2460150
1651498200,4.213,4.242,4.105,4.24,3242260
1651584600,4.275,4.369,4.219,4.323,4111670
1651671000,4.832,5.696,4.825,5.672,25745040
1651757400,5.665,5.834,5.134,5.304,8560370
1651843800,5.237,5.282,5.002,5.121,7552310
1652103000,5.039,5.13355,4.879,4.917,4605290
1652189400,4.967,5.15,4.883,5.108,4122130
1652275800,5.04,5.197,4.912,4.935,3501270
1652362200,4.875,5.119,4.87401,5.114,4787600
1652448600,5.142,5.25,5.04,5.235,4152670
1652707800,5.203,5.345,5.175,5.259,3025580
1652794200,5.35,5.44399,5.21549,5.408,3910790
1652880600,5.36,5.49,5.194,5.237,3413110
1652967000,5.228,5.26,5.005,5.039,4024640
1653053400,5.101,5.122,4.857,4.976,4499670
1653312600,4.999,5.021,4.875,4.933,2823450
1653399000,4.893,4.925,4.673,4.745,5057230
1653485400,4.715,4.8825,4.715,4.877,3169590
1653571800,4.821,5.014,4.815,4.926,3392250
1653658200,4.971,4.99444,4.911,4.947,2907060
1654003800,4.95,5.06099,4.85,5.006,5849830
1654090200,5.058,5.22065,4.932,5.17,6558380
1654176600,5.225,5.607,5.208,5.549,8894610
1654263000,5.476,5.64842,5.37,5.481,5701520
1654522200,5.555,5.765,5.4445,5.499,6406390
1654608600,5.413,5.687,5.36,5.619,5024240
1654695000,5.6,5.67155,5.386,5.427,4419430
1654781400,5.4,5.429,5.015,5.019,4711080
1654867800,4.959,4.96,4.802,4.875,4279120
1655127000,4.716,4.784,4.548,4.688,6159420
1655213400,4.688,4.71,4.598,4.642,2984480
1655299800,4.675,4.795,4.528,4.721,3749000
1655386200,4.571,4.6315,4.282,4.291,6067800
1655472600,4.284,4.411,4.242,4.312,5682650
1655818200,4.43,4.548,4.3475,4.503,4012630
1655904600,4.387,4.509,4.305,4.338,3889380
1655991000,4.344,4.3628,4.14,4.165,4757180
1656077400,4.234,4.322,4.132,4.27,16979750
1656336600,4.324,4.444,4.247,4.328,3576930
1656423000,4.376,4.473,4.179,4.18,3311670
1656509400,4.16,4.199,4.002,4.112,4068870
1656595800,4.043,4.1325,3.981,4.035,4463800
1656682200,4.008,4.078,3.787,3.913,7996460
1657027800,3.834,3.8995,3.701,3.899,4017690
1657114200,3.878,3.931,3.776,3.91,3500800
1657200600,3.962,4.07,3.962,4.038,3312630
1657287000,4.016,4.093,3.978,4.046,2307330
1657546200,4.034,4.068,3.996,4.036,2187230
1657632600,4.029,4.123,4.025,4.068,2518280
1657719000,4.042,4.145,3.995,4.11,2212280
1657805400,4.061,4.112,3.963,4.105,2571420
1657891800,4.228,4.2655,4.133,4.216,3788780
1658151000,4.272,4.35,4.24,4.25,3731570
1658237400,4.309,4.45896,4.281,4.376,3267380
1658323800,4.425,4.582,4.36,4.557,4790070
1658410200,5.381,5.399,5.01901,5.163,21058820
1658496600,5.092,5.2315,5.041,5.072,6216770
1658755800,5.106,5.257,5.061,5.248,4439450
1658842200,5.24,5.345,5.131,5.17,4050420
1658928600,5.169,5.175,5.086,5.138,4173000
1659015000,5.181,5.33,5.026,5.313,3803350
1659101400,5.326,5.515,5.2555,5.401,5481870
1659360600,5.39,5.6595,5.345,5.524,5302970
1659447000,5.481,5.642,5.409,5.616,4224320
1659533400,5.64,5.81085,5.582,5.725,4399590
1659619800,5.762,5.974,5.699,5.913,5098110
1659706200,5.85,6.031,5.8,5.909,5737360
1659965400,5.94,6.198,5.93212,6.109,7315450
1660051800,6.051,6.07824,5.711,5.819,7537800
1660138200,6.376,6.88,6.309,6.373,17489530
1660224600,6.453,6.79899,6.405,6.422,7555160
1660311000,6.335,6.698,6.25,6.531,10325510
1660570200,6.519,6.748,6.45,6.703,6417400
1660656600,6.653,6.692,6.5465,6.612,5987650
1660743000,6.635,6.848,6.538,6.761,7222370
1660829400,6.79,7.257,6.765,7.196,11502780
1660915800,7.109,7.109,6.916,6.983,7269380
1661175000,6.889,7.01267,6.765,6.795,8291810
1661261400,6.83,6.999,6.766,6.767,4168590
1661347800,6.767,7.198,6.65,7.029,7870980
1661434200,7.14825,7.493,7.104,7.437,8133530
1661520600,7.41,7.41,6.94,6.982,7459780
1661779800,6.836,7.11699,6.8,6.926,7656760
1661866200,6.959,7.00199,6.43,6.46,8905210
1661952600,6.493,6.614,6.37,6.508,9380770
1662039000,6.39,6.432,6.19,6.33,8451570
1662125400,6.44,6.679,6.396,6.454,5791660
1662471000,6.462,6.525,6.1127,6.158,5929560
1662557400,6.144,6.359,6.084,6.331,5777690
1662643800,6.27,6.507,6.226,6.498,3824480
1662730200,6.628,6.708,6.532,6.688,4571260
1662989400,6.709,6.817,6.501,6.666,5517660
1663075800,6.4,6.499,6.261,6.342,5031250
1663162200,6.364,6.445,6.247,6.438,4023080
1663248600,6.41,6.593,6.35574,6.536,5365700
1663335000,6.466,6.4661,6.044,6.23,7534490
1663594200,5.814,5.979,5.6028,5.797,10360330
1663680600,5.724,5.758,5.567,5.58,7407380
1663767000,5.629,5.72286,5.476,5.503,5877900
1663853400,5.504,5.521,5.2835,5.419,5417290
1663939800,5.273,5.364,5.163,5.343,6421800
1664199000,5.318,5.399,5.167,5.215,4330580
1664285400,5.305,5.365,5.2285,5.35,2847180
1664371800,5.35,5.591,5.32,5.565,3567850
1664458200,5.491,5.491,5.321,5.445,2530880
1664544600,5.414,5.721,5.4,5.507,5652110
1664803800,5.655,5.781,5.519,5.707,4565520
1664890200,5.893,6.073,5.8705,6.027,5598080
1664976600,5.966,6.168,5.881,6.047,6562000
1665063000,6.017,6.189,6.01,6.145,3981290
1665149400,6.001,6.028,5.839,5.893,4738600
1665408600,5.987,5.999,5.614,5.625,3814280
1665495000,5.55,5.691,5.479,5.574,3595820
1665581400,5.5,5.52076,5.23,5.242,4437670
1665667800,5.179,5.54,5.028,5.515,5678020
1665754200,5.606,5.606,5.31,5.402,3730690
1666013400,5.544,5.64,5.48386,5.612,3522340
1666099800,5.793,5.797,5.444,5.536,3448320
1666186200,5.466,5.614,5.464,5.559,2617000
1666272600,6.44,6.5,6.011,6.134,17913060
1666359000,6.06401,6.543,6.06401,6.453,9934580
1666618200,6.51,6.56199,6.28,6.301,5167180
1666704600,6.309,6.718,6.309,6.704,6506070
1666791000,6.648,6.818,6.55,6.565,4009040
1666877400,6.7,6.83,6.659,6.682,5358410
1666963800,6.678,6.885,6.662,6.872,4889820
1667223000,6.858,7.019,6.775,6.959,6475420
1667309400,7.02,7.22,6.917,7.186,9144640
1667395800,7.5,8.595,7.415,8.084,38509150
1667482200,7.87,8.141,7.521,7.97,11734240
1667568600,8.026,8.29099,7.537,7.663,11962460
1667831400,7.699,7.869,7.685,7.715,6215250
1667917800,7.85,7.99,7.70535,7.831,7400330
1668004200,7.862,8.112,7.62095,7.649,5953240
1668090600,8.086,8.111,7.854,8.072,7965880
1668177000,8.188,8.615,8.141,8.347,13950210
1668436200,8.294,8.40899,8.06,8.193,8482450
1668522600,8.525,8.969,8.4,8.689,11980590
1668609000,8.696,8.77198,8.1285,8.217,9814150
1668695400,8.25,8.8025,8.25,8.702,10298530
1668781800,8.861,8.861,8.425,8.649,9334100
1669041000,8.6,8.649,8.338,8.391,5268440
1669127400,8.391,8.792,8.304,8.772,7020090
1669213800,8.824,9.174,8.764,9.122,8900710
1669386600,9.187,9.499,9.155,9.387,6417520
1669645800,9.3,9.522,9.186,9.25,9647490
1669732200,9.244,9.489,8.98414,9.149,9169150
1669818600,9.144,9.149,8.57,9.023,12408760
1669905000,9.176,9.32199,8.903,9.051,8108310
1669991400,8.869,8.95,8.535,8.67,8436900
1670250600,8.65,8.667,8.256,8.331,8409920
1670337000,8.335,8.643,8.103,8.628,9916640
1670423400,8.467,8.71599,8.277,8.61,6673600
1670509800,8.632,8.997,8.5145,8.561,10307820
1670596200,8.538,8.65,8.33,8.402,6624600
1670855400,8.515,8.948,8.4285,8.916,7252830
1670941800,9.272,9.3,8.877,9.001,8398600
1671028200,9.05,9.1545,8.793,9.004,10121050
1671114600,8.833,8.874,7.887,8.058,16616820
1671201000,8.024,8.236,7.88,8.073,13281330
1671460200,8.067,8.138,7.747,7.829,11343290
1671546600,8.332,8.585,8.26,8.331,33385720
1671633000,8.402,8.529,8.269,8.387,84309880
1671719400,8.306,8.338,7.9465,8.2,12995420
1671805800,8.195,8.235,8.013,8.219,9662320
1672151400,8.251,8.398,8.219,8.289,7901640
1672237800,8.235,8.435,8.056,8.06,8998490
1672324200,8.179,8.334,8.11,8.191,8644330
1672410600,8.053,8.28,7.952,8.21,6391860
1672756200,8.308,8.525,8.194,8.386,8151790
1672842600,8.461,8.774,8.206,8.225,14495680
1672929000,8.152,8.156,7.963,8.025,10978260
1673015400,8.145,8.512,8.053,8.439,10330500
1673274600,8.595,9.28,8.466,8.477,26215750
1673361000,8.1,8.15,7.5115,7.837,41582990
1673447400,7.831,7.87,7.40401,7.561,21213990
1673533800,7.645,8.082,7.566,8.045,10803380
1673620200,7.961,8.21455,7.955,8.058,6679930
1673965800,8.055,8.49099,8.02,8.483,11698080
1674052200,8.599,8.682,7.864,7.887,15376050
1674138600,7.649,7.675,6.902,7.086,49102700
1674225000,7.15,7.292,7.086,7.198,13989700
1674484200,7.296,7.492,7.151,7.375,11822620
1674570600,7.321,7.847,7.23749,7.825,12758590
1674657000,7.718,7.807,7.46,7.731,10445920
1674743400,7.94,7.974,7.601,7.627,7198580
1674829800,7.574,7.638,7.392,7.43,9049980
1675089000,7.307,7.5065,7.163,7.213,11482570
1675175400,7.255,7.39255,7.205,7.233,15715620
1675261800,7.2,8.077,7.011,7.974,32032810
1675348200,8.027,8.454,7.982,8.188,15180060
1675434600,8.1,8.585,8.068,8.434,14010630
1675693800,8.35,8.43999,8.18,8.321,8778430
1675780200,8.316,8.478,8,8.198,8763410
1675866600,8.268,8.749,8.233,8.522,17579710
1675953000,8.69,9.388,8.655,8.7,24656940
1676039400,8.6,9.092,8.577,9.002,13979420
1676298600,8.945,9.155,8.7602,9.053,10810290
1676385000,8.983,9.483,8.904,9.288,15172650
1676471400,9.302,9.384,9.169,9.3,10522920
1676557800,9.268,9.796,9.2065,9.588,16980170
1676644200,9.508,9.572,9.066,9.198,13869170
1676989800,9.05,9.3231,8.791,8.806,11201280
1677076200,8.759,8.872,8.561,8.671,8712220
1677162600,8.9328,9.495,8.93,9.427,18328000
1677249000,9.248,9.836,9.19637,9.816,19451170
1677508200,9.886,10.398,9.87,10.113,18911410
1677594600,10.0915,10.3,9.786,9.797,17415960
1677681000,9.916,10.3055,9.862,10.2,10786510
1677767400,10.006,10.093,9.50968,9.837,13198810
1677853800,9.848,10,9.552,9.783,9969560
1678113000,9.885,9.99799,9.687,9.83,8266300
1678199400,9.855,10.075,9.702,9.851,9664550
1678285800,9.875,10.36599,9.81208,10.235,14610450
1678372200,10.25,10.43,9.816,9.856,11650610
1678458600,9.801,9.801,9.209,9.276,17333370
1678714200,9.1,9.23655,8.85601,8.928,12825630
1678800600,9.184,9.46,9.12701,9.247,10672950
1678887000,8.936,9.182,8.725,9.175,12433280
1678973400,9.006,9.727,9.006,9.723,15453900
1679059800,9.685,9.804,9.407,9.55,18255820
1679319000,9.549,10.021,9.541,9.852,15408540
1679405400,9.999,10.835,9.999,10.825,20351950
1679491800,10.885,11.627,10.837,11.254,24498930
1679578200,11.4,11.836,11.175,11.4,20619810
1679664600,11.282,11.307,10.614,11.083,18319600
1679923800,11.195,11.36,10.989,11.09,17688930
1680010200,11.041,11.105,10.1435,10.278,20760720
1680096600,10.455,10.588,10.252,10.565,13826460
1680183000,10.732,10.732,10.13135,10.334,12856520
1680269400,10.356,10.7751,10.3195,10.655,12560280
1680528600,10.657,11.28,10.655,11.272,18587350
1680615000,11.384,11.70711,10.859,10.946,17407140
1680701400,10.831,11.02,10.621,10.803,8393930
1680787800,9.984,10.435,9.70201,10.069,33959170
1681133400,10,10.688,9.924,10.655,13197960
1681219800,10.737,10.87899,10.455,10.468,10209550
1681306200,10.587,11.054,10.56,10.811,14954070
1681392600,10.813,10.859,10.381,10.824,12298160
1681479000,10.824,10.9745,10.77,10.915,9470360
1681738200,10.915,11.062,10.728,11.043,7951020
1681824600,11.2,11.92376,11.2,11.588,15250780
1681911000,11.35,11.659,10.958,10.982,15360670
1681997400,10.816,11.196,10.702,10.801,11039650
1682083800,10.699,10.807,10.23279,10.732,10987000
1682343000,9.751,10.337,9.691,9.859,42350800
1682429400,9.799,9.799,9.319,9.328,21710660
1682515800,9.464,9.618,9.401,9.489,15042740
1682602200,9.422,9.876,9.334,9.858,10006460
1682688600,9.845,10.55,9.802,10.543,15036950
1682947800,10.544,10.796,10.312,10.511,15847430
1683034200,10.52,10.7801,10.171,10.443,20408920
1683120600,11.6,13.664,11.432,13.395,81628420
1683207000,13.282,13.95,13.123,13.64,21228260
1683293400,13.82,14.353,13.503,13.723,23659280
1683552600,13.595,13.923,13.439,13.663,14876660
1683639000,13.679,13.74999,13.209,13.225,14636490
1683725400,13.245,13.558,13.106,13.428,10210940
1683811800,13.342,13.747,13.30001,13.643,10926990
1683898200,13.881,13.988,13.26903,13.45,7929090
1684157400,13.6,13.93375,13.555,13.784,10018900
1684243800,13.783,14.75,13.76,14.584,22897980
1684330200,14.7,15.6,14.7,15.431,27513320
1684416600,15.545,16.655,15.545,16.456,32787010
1684503000,16.741,17.167,16.024,16.419,27764450
1684762200,16.42,16.941,16.255,16.481,17537400
1684848600,16.291,16.566,15.958,16.191,14375460
1684935000,15.963,16.792,15.826,16.762,15511810
1685021400,19.6005,21.3405,19.25001,20.686,71372000
1685107800,20.995,22.771,20.701,21.918,49891880
1685453400,22.8,24.299,22.767,23.41,48300310
1685539800,22.634,22.75639,21.6,22.395,44163420
1685626200,22.663,23.249,22.02448,23.102,29688970
1685712600,23.4485,23.788,22.02,22.194,27312140
1685971800,21.914,22.768,21.702,22.366,19231410
1686058200,22.1,23.574,22.012,23.315,20715120
1686144600,24.403,26.16499,23.7,23.978,44947620
1686231000,24.063,25.969,23.712,25.435,35303310
1686317400,26.3,27.018,25.688,26.166,35112760
1686576600,26.47,26.644,24.534,25.865,34711580
1686663000,26.085,26.1,23.21101,24.424,45204850
1686749400,24.317,25.3,23.91401,24.777,26455760
1686835800,24.446,24.899,23.92,24.392,21982420
1686922200,24.5,24.578,23.037,23.077,30346470
1687267800,22.73,23.57096,21.933,22.24,33665460
1687354200,22.1,22.7,21.72,21.991,26035610
1687440600,22.199,24.19699,22.114,22.646,39386370
1687527000,22.234,22.449,21.423,21.606,25132260
1687786200,21.971,22.999,21.308,21.65,28406150
1687872600,22.241,22.834,21.851,22.617,24324660
1687959000,22.327,23.81599,22.0285,23.594,26667370
1688045400,24.08,24.882,23.135,23.593,27265530
1688131800,24,25.396,23.988,24.925,25529650
1688391000,25.489,26.299,24.671,24.92,17109320
1688563800,24.8,26.338,24.795,25.5,20615740
1688650200,25.299,25.6,24.51001,25.053,17595800
1688736600,25.5,26.777,25.45476,26.001,28712180
1688995800,26.2,27.02,25.331,26.993,25112020
1689082200,27.517,28.29,26.254,27.095,29327370
1689168600,27.305,27.8,26.52123,27.664,27742040
1689255000,28.026,29.539,27.921,29.405,30650740
1689341400,29.8,30.685,28.844,29.538,37569390
1689600600,29.91,30.511,29.219,30.205,25521540
1689687000,30.25,31.93692,29.615,31.84,26647000
1689773400,32.4,32.907,29.64,30.367,44017370
1689859800,29.874,30.797,28.134,30.295,49296560
1689946200,30.9,31.516,29.601,30.315,40185060
1690205400,30.35,31.276,29.473,30.937,29059890
1690291800,30.916,32.399,30.916,32.135,23512670
1690378200,31.953,32.363,30.719,31.736,23560390
1690464600,32.5,33.664,32.101,32.734,32282110
1690551000,33.449,33.779,32.484,33.45,20461860
1690810200,33.515,33.63,32.102,33.027,23565120
1690896600,32.249,33.788,32,33.756,20705280
1690983000,32.866,33.775,31.202,31.961,27853740
1691069400,31.4,32.43699,31.3,32.121,14930170
1691155800,32.4,34.797,32.022,33.809,34715330
1691415000,35.2,35.69999,34.083,35.329,33191690
1691501400,34.48,35.37746,34.103,34.74,45526880
1691587800,29.714,29.803,26.025,26.613,114567160
1691674200,26.542,27.979,26.23,27.712,56630010
1691760600,26.928,27.2,25.05,25.443,58174930
1692019800,25.038,27.259,24.84,26.946,49949500
1692106200,26.737,27.199,25.923,26.422,23200870
1692192600,26.341,26.385,25.186,25.373,24945210
1692279000,25.5,25.594,24.253,24.406,25040860
1692365400,23.6,24.702,23.5147,24.355,27393660
1692624600,24.45,25.57199,24.225,25.264,26742290
1692711000,25.704,26.377,25.401,25.809,27665070
1692797400,26.029,28.457,25.925,27.761,44601160
1692883800,29.8035,29.835,25.65017,26.25,57836270
1692970200,26.1,26.39399,24.301,25.396,41026160
1693229400,25.736,26.21,25.373,25.516,19743230
1693315800,25.364,27.76,25.10146,26.163,36370970
1693402200,26.374,27.588,25.732,26.792,34838210
1693488600,27,28.3035,26.40515,27.508,66371730
1693575000,27.7,28.333,26.655,28.216,37534380
1693920600,27.94,28.693,27.427,28.028,33603150
1694007000,27.71,28.19999,27.03,27.403,24613120
1694093400,26.512,26.794,25.42,26.748,29228690
1694179800,26.625,28.12602,26.558,28.066,29372470
1694439000,28.547,28.77299,27.506,27.732,29538480
1694525400,27.354,27.983,26.567,26.768,22137840
1694611800,26.702,27.718,26.621,27.096,25819220
1694698200,27.177,27.629,26.792,27.077,24127130
1694784600,26.8,26.928,24.72,24.926,45785640
1695043800,24.1,24.848,23.91196,24.43,26112660
1695130200,24.85,25.059,24.408,24.774,20302100
1695216600,24.774,25.468,24.239,24.307,15719940
1695303000,23.408,23.73999,22.826,23.154,25518520
1695389400,23.49,23.7615,23.136,23.575,16038560
1695648600,23.4,25.00577,23.336,24.886,25589390
1695735000,24.548,25.52,24.548,24.921,19897970
1695821400,25.292,26.162,25.108,25.754,28056120
1695907800,25.639,27.259,25.5,26.938,27133110
1695994200,27.401,28.36299,27.3,27.422,33609860
1696253400,27.5,29.2,27.46307,28.886,34865500
1696339800,28.656,28.9,26.633,26.997,37897740
1696426200,27.395,28.0974,27.06,28.04,30930930
1696512600,27.965,28.81,27.65,28.76,28573290
1696599000,28.442,29.43999,28.061,28.967,28279200
1696858200,28.402,29.19885,27.664,29,24300900
1696944600,29.5,31.74999,29.498,31.031,51384520
1697031000,31.11,31.597,30.25601,30.886,36997700
1697117400,31.253,31.555,29.226,29.321,40554550
1697203800,29.3,29.69899,27.75901,28.52,37988620
1697463000,28.479,29.4265,27.786,29.169,24176220
1697549400,28.1,30.0557,27.428,29.854,42879310
1697635800,29.27,29.82699,28.146,28.503,32132440
1697722200,28.75,28.949,26.375,26.505,40216400
1697808600,26.471,26.66479,24.804,24.858,36141640
1698067800,24.615,25.79686,23.866,25.489,29471180
1698154200,25.99,26.525,25.319,26.2615,25149400
1698240600,26.125,26.666,25.28,25.399,22382100
1698327000,25.238,25.3347,23.4665,23.946,31038770
1698413400,24.8,24.899,23.95906,24.14,18116980
1698672600,24.585,24.831,23.287,23.662,26312870
1698759000,23.637,24.238,22.659,23.947,19313070
1698845400,24.13,25.4,24.121,25.227,38149890
1698931800,26.076,26.35,22.73712,24.59,74670180
1699018200,24.936,26.859,24.832,25.5,50000800
1699281000,25.77,25.999,24.92,25.259,25231640
1699367400,25.3,26.1,25.021,25.438,19304620
1699453800,25.54,26.4035,25.224,26.027,21286780
1699540200,26.62,28.018,26.103,26.488,40156480
1699626600,26.762,27.235,26.35101,26.603,25368000
1699885800,26.475,26.506,25.31,25.58,29891630
1699972200,26.6,29.467,26.453,29.387,62503710
1700058600,29.495,29.748,28.314,28.778,36054550
1700145000,28.3,28.929,27.8,28.367,18333610
1700231400,28.5,29.543,28.37,28.859,23372890
1700490600,28.9,30.589,28.9,30.46,29129990
1700577000,29.9,30.299,28.965,28.985,28861180
1700663400,29.32,30.16,27.652,28.666,39750930
1700836200,28.356,28.83,28.067,28.567,9654590
1701095400,28.411,29.837,28.352,29.037,23570310
1701181800,29.103,29.549,28.206,28.561,23327110
1701268200,29.128,30.6516,28.675,28.763,36633630
1701354600,28.988,29.17299,26.772,27.347,40836720
1701441000,26.226,27.07,26.025,26.963,42975810
1701700200,26.72,26.916,25.681,26.635,29598020
1701786600,26.345,26.994,25.971,26.296,25598030
1701873000,26.75,26.806,25.337,25.342,28598540
1701959400,25.55,25.85,25.129,25.615,23997110
1702045800,25.5,27.42,25.46101,27.265,31575040
1702305000,26.3035,27.07,25.702,26.226,31359520
1702391400,26.157,26.855,25.825,26.537,21783230
1702477800,26.7,27.561,26.25,27.332,27357870
1702564200,27.8,29.633,27.79,29.44,45440960
1702650600,29.5,30.191,29.246,30.011,37527000
1702909800,30.442,32.755,30.2945,32.219,57410080
1702996200,31.5,32.134,30.801,31.594,40142740
1703082600,31.551,32.062,30.10823,30.208,31229310
1703169000,30.894,31.398,30.0725,30.418,25084230
1703255400,30.757,30.925,28.505,28.972,44394960
1703601000,29.091,29.671,28.744,29.433,24220590
1703687400,29.8,29.9,29.085,29.5,14117000
1703773800,29.361,29.725,29.064,29.145,12651060
1703860200,29.151,29.334,28.017,28.426,21044160
1704205800,28,28.7,27.58813,28.545,19042260
1704292200,27.725,28.789,27.652,28.064,16776130
1704378600,28.05,29.54799,27.627,28.88,23110560
1704465000,28.88,29.88799,28.75726,29.213,23430980
1704724200,29.489,32.182,29.352,32.028,42626240
1704810600,31.833,34.91799,31.721,34.373,67032700
1704897000,34.7,35.799,33.22401,34.238,53454460
1704983400,34.484,35.518,33.074,34.331,41729230
1705069800,34.553,34.948,33.829,33.956,22892060
1705415400,34.055,35.2,32.43109,32.631,47328550
1705501800,32.051,32.2,30.575,31.823,35857720
1705588200,33.001,33.39999,30.647,31.144,48751260
1705674600,34.756,42.869,33.88801,42.336,231125170
1705933800,45.635,48.586,41.019,43.624,188233170
1706020200,43.6,45.827,41.654,45.738,96771960
1706106600,47.129,49.678,46.023,47.019,121169660
1706193000,47.611,48.366,46.611,47.558,67172720
1706279400,46.71,48.325,45.97,47.415,50355540
1706538600,47.567,49.572,47.19,49.567,115251200
1706625000,54.732,55.444,50.117,51.297,179564240
1706711400,50.335,54.6,50.33281,52.961,119972820
1706797800,54,58.76099,53.6,58.35,136096040
1706884200,59.252,60.6,56.5,57.963,121895710
1707143400,58.988,67,58.795,66.335,175963830
1707229800,67.3,68.6,62.581,68.159,184889790
1707316200,67.5,69.977,66,68.36,123329790
1707402600,67.076,71.449,66.605,69.8,94137370
1707489000,71.005,74.517,70.88966,74.029,108347920
1707748200,76.134,81,74.507,77.301,168723210
1707834600,75,80,74.551,79.149,144804570
1707921000,82.331,88.603,82.088,88.055,201285710
1708007400,94.5,100.63499,91.77132,100.4,252406000
1708093800,104.55,107.787,80.115,80.332,340383420
1708439400,79,80.2,69.25,78.757,254125560
1708525800,74.975,77.24999,70.80801,73.417,149629360
1708612200,86.499,100.35399,83.40001,97.552,253726990
1708698600,93.816,99.5,82.40201,86.001,193843650
1708957800,88.447,89.5961,83.00201,87.634,96078350
1709044200,86.294,86.9,81.4,85.111,69103680
1709130600,82,84.65,81.2,81.654,60324740
1709217000,83.9,89.05199,83.9,86.612,88428580
1709303400,88.188,92.7,88.1,90.548,108816030
1709562600,103.9,115.5,102.034,107.434,201620930
1709649000,103.5,109.74999,97.61,109.083,133044000
1709735400,115.8,116.95,109.2,112.47,118933380
1709821800,113.3,116.2045,109.03,115.976,88242570
1709908200,121.2,122.9,109.2,114.001,117505980
1710163800,110.025,111.1,102.50001,108.022,71154930
1710250200,112.429,116.632,109.4001,116.3,67472960
1710336600,114.873,119.79999,112.234,118.807,58759600
1710423000,117.5,119.563,111.05472,113.011,62445260
1710509400,112.345,113.56008,106.626,106.883,169640460
1710768600,110.7,114.779,95.206,100.068,115307200
1710855000,88.861,92.5,86.3,91.097,104843630
1710941400,90,90.55,85.5,89.647,76456740
1711027800,93.8,99.444,90.6158,97.161,85630130
1711114200,95.454,98.547,94.72,97.274,50691050
1711373400,97.275,107.27399,96.70001,104.279,70172400
1711459800,108.7,110.611,102.211,102.506,63563460
1711546200,104.212,104.78108,98.634,102.329,52578440
1711632600,100.862,103.3,99.702,101.003,34630920
1711978200,101,106.9,100.5,103.715,51852270
1712064600,100,101.26,97.509,100.991,42301010
1712151000,97.5,104.24499,96.5825,101.557,61824340
1712237400,103.07,105.718,95.61601,95.799,58166290
1712323800,96.8,98.199,93.202,94.802,53444820
1712583000,96.2495,96.4,90.2,92.85,43167160
1712669400,92.5,93.724,88.1,90.42,40322270
1712755800,87.6145,92.4,87.11,90.854,41373160
1712842200,91.2,94.53635,90.71932,93.728,36770340
1712928600,92.03,92.499,89.4,89.849,33322280
1713187800,91.2,93.636,88.108,88.275,42010890
1713274200,90.132,98.146,89.3,97.63,71214490
1713360600,99.2008,102.033,94.941,96.008,71674590
1713447000,96.188,97.299,91.746,92.848,43006770
1713533400,87.1,89.083,71.095,71.365,172385020
1713792600,73.192,73.384,67.1,71.702,93035300
1713879000,73,79.337,71.406,76.186,83426460
1713965400,78.899,80.699,73.705,75.472,67403860
1714051800,72.596,79.686,72.112,78.74,50816830
1714138200,79.922,86.1,78.805,85.744,70680250
1714397400,83.9,89.784,83,89.035,58663060
1714483800,87.6,91.084,85.108,85.88,73693010
1714570200,77.736,78.135,70,73.83,135362860
1714656600,76.716,76.821,70.912,76.252,64961800
1714743000,77,80.159,76.8,78.27,52329030
1715002200,79.183,83.30751,78.69001,83.035,53428340
1715088600,81.1,83.42,80.626,81.929,40792640
1715175000,80.235,84.37688,80.038,82.264,37196040
1715261400,82.851,83.086,79.051,79.97,38820790
1715347800,81.744,83.33899,79.325,79.85,37913380
1715607000,81.082,81.199,76.263,78.276,28147020
1715693400,77.5,82.92399,76.67697,82.237,49962230
1715779800,84.401,95.44999,83.527,95.236,97528960
1715866200,92.4,97.10199,90.1,90.44,70098470
1715952600,92.52,93.199,87.8,88.789,51923670
1716211800,90.2,92.525,87.005,90.394,53631300
1716298200,88.9,93.994,87.777,89.895,59188340
1716384600,91.012,91.165,86.25139,87.327,56322250
1716471000,93.449,97.231,83.56601,84.738,114602310
1716557400,85.8,89.92,83.861,88.388,68504420
1716903000,89.9,90.965,86.5,87.472,62351370
1716989400,85.863,86.38,82.70901,83.972,49323410
1717075800,83.2,84.524,81.52,82.794,47475750
1717162200,81.6,81.965,76.001,78.451,74079780
1717421400,80.2,80.605,74.122,77.059,61557580
1717507800,75.9,78.066,75.4,77.161,40782580
1717594200,79.5,82.254,78.018,80.252,63074890
1717680600,80.5,80.8,75.555,77.792,50339350
1717767000,76.364,78.29099,75.847,76.911,34449350
1718026200,76.165,80.4,75.303,78.686,48789530
1718112600,78,78.498,76.3085,76.761,30387310
1718199000,78.5,80.13539,76.616,77.474,41190000
1718285400,78.5,88.317,78.4,87.11,116136820
1718371800,84.693,87.2,82.561,84.454,65987810
1718631000,85.74,92.191,82.809,88.741,89117640
1718717400,89.7,93.888,88.331,92.001,87620730
1718890200,96.129,101.402,90.032,91.7635,134329390
1718976600,90.01,91.79499,86.322,90.526,74655810
1719235800,88.1,88.25,82,82.698,77210300
1719322200,84.651,85.722,82.3,84.312,47258620
1719408600,84.35,85.214,80.827,83.116,45500110
1719495000,83.101,89.27779,82.56242,89.036,71512840
1719581400,89.9,89.988,81.52,81.935,165059000
1719840600,83.144,83.2,77.381,81.232,71230470
1719927000,79.94,85.092,79.62863,83.717,54936300
1720013400,83.719,85.719,82.101,84.7,31978990
1720186200,84.73,86.67,82.825,84.658,48092530
1720445400,86.4,92.688,86.005,89.934,98215720
1720531800,90.783,93.455,88.302,89.561,65354940
1720618200,88.87,91.39799,87.336,89.998,50402290
1720704600,91.035,91.514,86.581,88.922,56521950
1720791000,88.961,92.6,87.58,90.996,51600680
1721050200,94,96.33,88.2,89.768,86770320
1721136600,90.132,90.398,86.601,87.696,43653900
1721223000,84.55,84.665,81.48,81.631,57593860
1721309400,83.105,83.495,77.40701,80.161,59696960
1721395800,78.823,82.19231,77.832,79.678,83512530
1721655000,80.64,80.87497,76.54,78.628,49287410
1721741400,77.854,80.547,76.219,78.322,42112220
1721827800,76.5,77.365,70.51,71.156,67811550
1721914200,69.999,72.05,66.32,69.561,70477830
1722000600,71.061,72.429,69.755,71.219,43821840
1722259800,72.073,73.001,69.231,69.773,39195750
1722346200,70.5,70.7,65.631,66.631,48962760
1722432600,71,72.056,69.181,70.165,49679570
1722519000,70.456,72.445,65.858,67.224,54316650
1722605400,63,63.698,58.2455,62.465,77146610
1722864600,53.559,62.674,52.95001,60.883,70790630
1722951000,61.601,62.879,58.882,61.694,111233110
1723037400,53.246,54.69999,48.888,49.27,181205280
1723123800,49.7,52.86236,47.856,50.994,118237540
1723210200,51.0385,51.49578,49.204,50.876,59189630
1723469400,51.111,56.4,51.047,54.098,91752350
1723555800,56.384,58.387,54.863,56.743,81160440
1723642200,58.412,58.5305,54.6355,57.709,70012040
1723728600,58.448,63.675,57.31871,62.669,95603630
1723815000,62.401,63.973,61.20705,62.88,80612380
1724074200,62.2,62.979,59.528,62.362,68802480
1724160600,61.674,63.05,59.838,61.091,60604300
1724247000,61.289,62.875,60.178,62.378,57374950
1724333400,62.937,63.08145,60.224,60.482,61153240
1724419800,61.115,62.698,60.388,61.324,53373930
1724679000,61,61.818,55.52401,56.251,90386120
1724765400,51.89,55.7,51.35,54.764,116837340
1724851800,48.594,48.747,39.51801,44.349,369734830
1724938200,43.588,47.533,43.536,44.882,130532660
1725024600,45.797,45.93,41.955,43.77,109331830
1725370200,43.005,46.44,42.871,44.178,97224110
1725456600,42.012,43.542,40.84,42.347,71633650
1725543000,41.135,42.193,40.6825,41.46,61987100
1725629400,40.2,40.66894,38.28,38.646,90479940
1725888600,39.2735,41.777,38.751,40.987,80223890
1725975000,41.065,41.888,40.073,41.272,49475010
1726061400,41.6,44.6,41.12201,44.54,73375830
1726147800,44.134,44.95,43.172,44.213,49407440
1726234200,44.293,46.94999,43.89642,45.716,69966980
1726493400,44.716,45.716,43.355,44.91,43033550
1726579800,45.278,45.788,43.5315,43.938,36490650
1726666200,44.37,46.095,43.615,43.688,57557460
1726752600,45.508,45.76096,43.558,43.72,49492430
1726839000,43.918,45.818,43.621,45.727,76344420
1727098200,45.061,48.35099,44.88808,46.594,71532160
1727184600,46.506,47.3615,45.22634,46.361,53494460
1727271000,46.5,47.674,45.79204,45.815,49985570
1727357400,47.158,48.436,37.301,40.24,239229630
1727443800,40,42.397,40,41.974,107419710
1727703000,41.349,43.79804,41.246,41.64,68396690
1727789400,41.75,42.735,40,40.55,30603988
1727875800,40.01,42.06,39.8447,42,22026944
1727962200,41.8,44.23,41.26,41.55,30466055
1728048600,42.3,42.9199,40.52,41.23,31032256
1728307800,41.53,48.495,41.51,47.74,104771172
1728394200,50.09,50.1,44.06,45.35,106186147
1728480600,45.85,49.35,45.53,47.29,65378992
1728567000,45.8,47,44.4,46.47,40610937
1728653400,45.83,48.15,45.75,47.8,40748107
1728912600,48.175,49.46,46.44,47.39,45227787
1728999000,47.35,48.61,45.73,47.76,38228237
1729085400,48.3,50.346,47.26,48.75,50139214
1729171800,50.4,50.61,47.15,47.585,47789291
1729258200,48.08,48.98,47.01,47.26,31933224
1729517400,47.39,48.88,46.93,47.8,36216839
1729603800,47.79,48.18,44.81,45.97,41248060
1729690200,45.442,46.1379,44.61,45.36,24300969
1729776600,45.665,47.24,45.63,46.23,23717725
1729863000,46.68,48.4,46.46,47.27,32279178
1730122200,47.799,48.72,47.28,47.72,27230246
1730208600,47.67,49.7,46.75,49.12,35234766
1730295000,34.85,38,32.2,33.07,236424472
1730381400,30.06,30.89,27.22,29.11,129887179
1730467800,27.6,28.75,25.71,26.05,102739043
1730730600,24.89,27.97,23.9,26.03,92051963
1730817000,25.975,28,25.1,27.7,106628335
1730903400,20.87,23,20.2,22.7,122890761
1730989800,22.48,25.78,22.11,25.48,88234650
1731076200,25.685,26.25,23.76,24.52,60549560
1731335400,22.35,23.6558,21.3,23.23,71258426
1731421800,22.11,23.055,21.58,21.7,44022534
1731508200,21.0149,21.7999,20.275,20.33,55525549
1731594600,17.99,19.24,17.3604,18.01,95152077
1731681000,17.8,18.79,17.25,18.58,74025423
1731940200,20.03,23.88,20,21.54,198081298
1732026600,27.11,29.5,25.61,28.27,235282894
1732113000,27.29,27.71,24.82,25.8,105366490
1732199400,27.68,30.5,26.51,29.7,118032643
1732285800,30.84,34.37,30.5,33.15,159607101
1732545000,36.025,39.23,35.55,38.41,170113673
1732631400,37.59,37.67,34.03,34.43,95312995
1732717800,35.26,37.14,34.43,35.07,63261342
1732890600,32.97,33.49,31.11,32.64,60119948
1733149800,37.78,44.15,35.32,42,263221608
1733236200,44.42,45.99,38.82,40.21,204353025
1733322600,40.145,42.5,39.52,41.81,96994407
1733409000,42.42,42.83,40.92,41.14,71100387
1733495400,42.03,44.97,41.34,43.93,108671335
1733754600,47.93,48,44.09,44.16,98777286
1733841000,43.39,43.405,39.77,40.54,83380575
1733927400,38.19,38.8,36.07,38.29,79559851
1734013800,37.81,39.8,37.5,37.93,39402372
1734100200,37,37.55,35.55,36.45,64847350
1734359400,31.505,35.38,31.2,33.44,82607188
1734445800,33.635,35.37,33.34,33.8,41821719
1734532200,33.8,34.72,32.01,32.23,48010979
1734618600,32.915,33.47,30.82,31.24,39138318
1734705000,30.95,33.47,30.51,31.59,85656298
1734964200,31.815,32.59,31.58,32.4,26032258
1735050600,32.3,35.5,32.19,34.33,41339740
1735223400,35.085,35.41,33,33.74,28221564
1735309800,33.25,33.56,31.635,31.98,32070595
1735569000,31.28,31.49,30.12,30.68,32119853
1735655400,30.87,31.39,29.95,30.48,26546713
1735828200,30.97,31.39,29.9,30.05,24396485
1735914600,30.41,33.45,30.1287,33.33,34497033
1736173800,34.95,38.5,34.92,36.45,56472643
1736260200,36.34,36.55,34.06,34.38,33287836
1736346600,33.97,33.97,31.72,32.61,25899063
1736519400,32.3,34.075,31.71,32.6,29754890
1736778600,30.84,31.24,29.01,31.08,33913130
1736865000,31.95,32.39,30.4048,30.53,21517927
1736951400,31.38,31.71,30.48,30.99,27416670
1737037800,31.9,32.8176,30.89,31.12,26766812
1737124200,31.75,31.83,30.76,30.82,24396463
1737469800,31.38,33.49,31.11,32.45,40097572
1737556200,33.98,34.98,32.7,33.86,46466177
1737642600,33.25,33.855,32.79,33.41,21534448
1737729000,34,34.7,33.06,33.27,31728439
1737988200,30.31,31.95,28.42,29.07,59858799
1738074600,29.44,29.7,27.2152,28.18,35715341
1738161000,28.32,28.505,27.61,27.8,25802730
1738247400,28.58,28.81,27.81,28.64,22577142
1738333800,28.7,30.76,28.34,28.52,38101303
1738593000,27.2,27.61,25.71,26.85,44755533
1738679400,27.82,29.4499,27.35,29.16,35954613
1738765800,31.03,33.125,29.75,31.49,83155320
1738852200,31.97,34.45,31.85,33.84,66262370
1738938600,34.55,36.96,34.33,36.28,72679921
1739197800,38,42.88,37.36,42.65,134627844
1739284200,40.59,42.39,38.42,38.61,153179103
1739370600,42.3,43.89,38.86,39.68,161454157
1739457000,39.01,43.2896,37.5,42.28,110368060
1739543400,42.94,48.18,42.85,47.91,133562034
1739889000,51,56.23,50.99,55.8,163200092
1739975400,59.04,66.4399,55.61,60.25,337992654
1740061800,57.21,62.47,54.3,59.27,181555243
1740148200,61,62.43,55.07,56.07,104690394
1740407400,53.88,56.25,50.26,51.61,84122583
1740493800,50.115,50.67,44,45.54,146548413
1740580200,55.02,56.19,50.05,51.11,144521893
1740666600,49.065,50,42.545,42.95,121404828
1740753000,40.225,43.49,38.88,41.46,96057958
1741012200,42.28,42.3792,35.61,36.07,104518500
1741098600,35,40.61,34.51,39.14,109691915
1741185000,39.35,40.9,38.2302,38.9,69735665
1741271400,37.5,39.66,35.66,37.05,71552558
1741357800,36.37,38.49,35.3628,38.24,59173963
1741613400,37.8,39.45,35.99,36.9,73154042
1741699800,36.81,41.47,36.61,40.84,95890554
1741786200,43.955,44.99,41.85,42.47,92434458
1741872600,42.13,42.9699,38.9,39.08,56116693
1741959000,40.48,42.26,40.2501,42.17,57205565
1742218200,42.68,43.1699,40.9,41.94,40651055
1742304600,41.07,41.23,37.85,37.9,53505538
1742391000,38.79,41.31,38.15,40.1,60767761
1742477400,39.81,40.7,38.55,39.1,43863854
1742563800,39.26,42.63,38.91,42.15,64539596
1742823000,40.81,42.695,39.72,41.72,85032236
1742909400,41.58,43.3899,40.09,40.64,57736753
1742995800,40.295,40.84,36.6244,37.04,59733832
1743082200,36.385,36.78,34.66,34.72,48512318
1743168600,34.755,36.09,33.89,34.26,45561576
1743427800,32.75,34.57,32.14,34.24,43814765
1743514200,34.25,35.9,33.9,35.05,41752301
1743600600,34.02,36.05,33.7652,35.09,39934462
1743687000,32.03,33.16,31.55,32.32,45050146
1743773400,30.7,31.19,27.65,29.82,54490225
1744032600,27.91,34.1455,27.6,33,73010227
1744119000,35.14,35.49,30.92,31.71,61430949
1744205400,32,37.39,31.405,36.71,69891782
1744291800,35.09,35.4799,32.5,33.68,38130449
1744378200,34.08,34.3313,32.565,33.15,27608719
1744637400,35.03,35.12,32.97,33.12,33565630
1744723800,33.215,34.59,33.07,33.48,27661282
1744810200,31.855,33.65,30.92,31.89,38843481
1744896600,32.08,32.25,30.44,31.505,26958502
1745242200,30.75,30.91,28.9,29.51,35384428
1745328600,30.075,31.05,29.57,30.58,32367197
1745415000,33.02,34.99,32.625,32.9,56445107
1745501400,33.65,36.48,33.51,35.81,50380410
1745587800,35.905,36.74,35.3,36.47,38163413
1745847000,36.54,37.82,36.06,37.27,42508717
1745933400,36.92,37.29,35.94,36,43312256
1746019800,29.12,32,28.7831,31.86,98230510
1746106200,32.15,33.78,31.1501,32.73,55087522
1746192600,32.94,34.13,32.69,33.71,45306805
1746451800,33.1,33.495,32.12,32.17,33477394
1746538200,31.72,33.335,31.52,32.94,44675879
1746624600,31.1,32.97,30.54,32.48,58616872
1746711000,32.93,33.19,31.95,32.11,42736601
1746797400,32.13,32.835,31.195,31.99,31459202
1747056600,33.89,35.07,32.95,33.52,51333927
1747143000,34.46,39.095,34.18,38.89,96751993
1747229400,45.925,46.57,43.08,45,169224142
1747315800,44.05,45.38,41.4101,43.96,87035064
1747402200,45.5,47.8,45.03,46.15,99288866
1747661400,44.225,46.41,44.14,44.79,45618324
1747747800,44.79,44.825,42.395,42.77,43284207
1747834200,43.525,44.33,41.2301,41.65,54953961
1747920600,41.69,42.44,41.18,41.32,30515093
1748007000,39.77,40.48,39.11,40.09,37900688
1748352600,41.405,43.09,40.81,41.57,40092343
1748439000,41.93,42.94,40.9519,41.96,39353276
1748525400,43.17,43.97,41.0415,41.15,36005075
1748611800,40.71,40.93,39.05,40.02,34887531
1748871000,39.65,41.24,39.51,41.2,25940360
1748957400,41.325,43.9,41.13,43.19,41728728
1749043800,43.93,44.72,42.88,44.13,31201552
1749130200,43.59,44.18,40.34,40.77,40701847
1749216600,42.035,42.42,41.39,41.55,25509641
1749475800,42.24,43.365,41.88,43.12,27406263
1749562200,43.19,43.65,42.34,42.91,21494940
1749648600,43.65,44.55,42.78,43.21,34008854
1749735000,42.65,44.08,42.32,43.36,24671668
1749821400,42.03,42.4699,40.745,41.56,36493547
1750080600,42.28,44.42,42.07,43.69,33860891
1750167000,43.24,44.22,42.91,43.11,20761023
1750253400,43.07,45.67,42.79,44.47,40654629
1750426200,45.7,46.1799,44.14,45.32,51588528
1750685400,43.47,43.6,40.775,40.89,69270750
1750771800,41.385,43.15,41.055,42.84,58068381
1750858200,43.34,46.93,43.12,46.61,86439467
1750944600,47.055,49.52,46.07,49.27,72397640
1751031000,49.48,49.97,46.861,47.58,53757337
1751290200,48.7,50.55,48.23,49.01,49238045
1751376600,48.24,48.67,46.37,47.2,42243094
1751463000,47.19,48.88,47.07,48.74,27703147
1751549400,49.23,49.63,48.42,48.56,18665575
1751895000,48.23,48.35,46.22,47.11,33006690
1751981400,47.44,49.255,47.36,49.11,29002561
1752067800,48.745,50.2,48.37,50.02,35063577
1752154200,50.8,51.7,49.68,50.36,33264404
1752240600,49.755,50.26,49.08,49.24,24861382
1752499800,49.24,50.66,48.78,49.73,25603020
1752586200,51.865,54.2,51.53,53.17,62012767
1752672600,53.045,53.2889,51.42,53.22,30066055
1752759000,53.51,54.15,52.61,52.75,31534551
1752845400,53.325,53.87,51.27,51.77,31842399
1753104600,52.69,53.98,51.4,51.5,38140234
1753191000,51.84,51.86,48.85,49.86,31829294
1753277400,50.7,52.16,50.58,51.7,25249626
1753363800,51.815,53.35,51.33,52.52,37679316
1753450200,52.15,54.515,51.62,54.47,34308424
1753709400,55.81,60.08,55.3,60.05,72578842
1753795800,59.73,61.48,58.15,58.63,57488295
1753882200,59.56,62.28,59.0201,60.71,53032928
1753968600,62.11,62.358,58.46,58.97,46751846
1754055000,57.1101,58.05,55.07,56.64,40840313
1754314200,58.155,59.19,57.62,58.23,32743628
1754400600,58.81,59.4,56.79,57.26,49970613
1754487000,47.33,48.13,44.83,46.79,115217930
1754573400,47.15,48.82,46.57,46.67,43942161
1754659800,46.91,47.37,44.53,44.6,43796793
1754919000,45.075,46.48,44.98,45.2,31865885
1755005400,45.665,46.6,44.8,46.43,30437803
1755091800,46.43,46.64,45.56,46.07,26004354
1755178200,45.35,45.6682,44.67,45.49,22948718
1755264600,45.255,45.57,44.16,45.37,27407548
1755523800,45.28,46.64,45.1807,45.86,22586452
1755610200,45.85,45.85,43.17,43.24,30319218
1755696600,43.3,43.47,41.31,42.61,31496647
1755783000,42.595,42.955,41.82,42.31,16552115
1755869400,41.65,44.1,41.63,43.88,24089060
1756128600,43.6,44.93,43.28,44.07,18782031
1756215000,44.06,44.39,43.635,44.36,18168178
1756301400,44.37,45.01,43.87,44.76,18925090
1756387800,44.82,45.34,43.91,43.97,22120089
1756474200,42.8,42.86,41.44,41.54,36835946
1756819800,40.025,40.86,39.56,40.78,29924319
1756906200,40.9,40.9799,39.7735,40.1,20472793
1756992600,40.28,40.8,39.75,40.7,22479421
1757079000,40.985,41.18,39.74,40.41,21771670
1757338200,40.895,41.12,39.89,40.04,19033322
1757424600,40.24,43,40.165,42.92,37458970
1757511000,44,45.57,43.333,43.91,40876010
1757597400,44.29,44.51,43.46,43.95,24437708
1757683800,46.56,47,44.63,45,38138273
1757943000,45.23,45.77,44.2,45.38,22441791
1758029400,45.545,45.82,44.5,44.91,18139175
1758115800,44.595,45.4,43.69,44.9,22589246
1758202200,45.42,46.33,44.54,45.94,26315798
1758288600,46,46.52,45.445,45.81,28688363
1758547800,45.395,48.53,45.17,46.87,39930638
1758634200,47.39,47.7,45.86,46.99,27042453
1758720600,47.23,48.15,46.17,46.2,24991318
1758807000,45.06,47.16,44.2,46.24,24372206
1758893400,45.64,45.97,44.4,45.82,22879401
1759152600,46.28,47.38,45.94,46.36,25012582
1759239000,46.215,48.2,46.1967,47.94,32168456
1759325400,47.57,52.48,47.36,52.39,48357216
1759411800,52.445,52.93,51.06,52.5,32744408
1759498200,52.74,53.51,50.8,51.96,32220401
1759757400,54.08,56.1135,53.96,54.62,40241633
1759843800,56.26,57.48,53.6,55.07,37885889
1759930200,55.27,58.69,54.58,58.68,45151411
1760016600,57.63,58.78,57.258,57.98,29801486
1760103000,58.24,58.51,52.56,52.86,45087764
1760362200,54.805,55.65,54.02,54.75,24588862
1760448600,54.13,55.21,52.98,53.11,19789133
1760535000,54.5,55.0699,52.86,53.94,16646034
1760621400,54,56.225,53.27,53.84,24656551
1760707800,53.065,53.63,51.62,52.18,20681849
1760967000,55.04,56.6,54.6,55.04,45553310
1761053400,55.16,55.3499,53.91,54.82,29016458
1761139800,54.49,54.53,50.03,52.5,34326246
1761226200,51.73,51.84,47.38,47.92,57175672
1761312600,48.875,49.64,48.21,48.29,25206612
1761571800,49.72,51.625,49.72,51.57,27434470
1761658200,51.665,54.03,51.37,52.36,28064410
1761744600,53.8,54.08,51.56,52.69,25028515
1761831000,51.9,52.32,50.3348,50.37,17736566
1761917400,51.39,52.99,50.8,51.96,19822788
1762180200,52.87,53.01,50.55,50.75,23811285
1762266600,48.625,49.43,46.86,47.4,37973477
1762353000,44.975,46.34,42.02,42.03,61413576
1762439400,42.5,42.8201,40.3,40.335,32092126
1762525800,39.845,40.09,38.135,39.76,32960238
1762785000,41.455,41.63,39.9,40.19,26396732
1762871400,39.99,39.99,38.58,38.82,21707766
1762957800,39.19,39.45,37.5725,37.91,24749669
1763044200,37.76,37.8,34.78,35.09,37471530
1763130600,34.235,37.35,33.69,36.42,37325154
1763389800,35.58,35.82,33.635,34.1,32689527
1763476200,34.31,35.78,33.55,34.9,28024905
1763562600,34.55,34.9661,33.2,33.73,28892793
1763649000,35.53,35.54,31.445,31.56,37801477
1763735400,32.14,32.57,31.03,32.19,28321163
1763994600,32.39,33.54,31.98,33.32,27885144
1764081000,32.16,32.63,31.17,32.48,22199789
1764167400,33.19,33.42,32.45,32.83,21642423
1764340200,33.33,33.86,32.88,33.85,10755849
1764599400,33.37,33.95,32.57,33.41,20952352
1764685800,33.59,34.33,32.89,32.92,19433999
1764772200,33,33.705,32.6698,33.68,16253151
1764858600,33.5,34.41,33.08,34.23,17205733
1764945000,33.845,34.79,33.45,34.69,19415332
1765204200,35.15,35.88,34.7201,35.37,21290282
1765290600,35.47,35.5,34.58,35.02,17512951
1765377000,34.97,35.1299,34.18,34.9,17615746
1765463400,34.15,34.16,32.905,34.02,23178866
1765549800,33.745,34.6,32.23,32.33,22435069
1765809000,32.8,32.86,31.24,31.37,18470601
1765895400,31.3,31.91,30.95,31.66,20835778
1765981800,31.49,31.91,29.835,29.84,24797175
1766068200,30.705,30.91,29.095,29.37,25658727
1766154600,29.59,31.24,29.59,31.11,39854147
1766413800,31.17,31.69,30.87,31.07,21470422
1766500200,30.94,31.11,30.265,30.76,18146693
1766586600,30.65,30.8,30.34,30.55,6805570
1766759400,30.64,30.845,30.14,30.64,14262721
1767018600,30.07,31.14,29.94,30.08,19595369
1767105000,30.36,30.36,29.64,29.65,21568249
1767191400,29.71,29.87,29.02,29.27,24844990
1767364200,29.96,31.4,29.93,30.96,30675094
1767623400,31.68,32.04,29.98,30.07,38591801
1767709800,30.645,30.66,29.43,30.54,29127522
1767796200,30.625,30.6299,29.78,30.01,22808170
1767882600,30.04,30.06,29.21,29.9,21598185
1767969000,30.03,31.025,29.55,30.16,27159838
1768228200,29.93,30.535,29.765,30.12,24840607
1768314600,29.89,29.89,27.8,28.6,52519660
1768401000,28.26,28.755,27.75,28.27,25019236
1768487400,28.71,29.855,28.57,29.42,33266312
1768573800,29.72,32.98,29.6,32.64,79038202
1768919400,31.21,31.725,30.22,31.41,39742103
1769005800,31.655,32.68,30.96,32.24,37885069
1769092200,33,33.485,32.37,32.45,29917816
1769178600,33.55,33.635,31.325,31.7,34482350
1769437800,31.48,31.55,30.66,30.8,19400442
1769524200,30.83,31.29,29.9,31.2,20774563
1769610600,31.59,32.33,30.97,31.21,24239906
1769697000,30.72,30.76,29.14,30.12,28135473
1769783400,30.19,30.37,28.8998,29.11,24089622
1770042600,29.03,30.96,28.8,29.71,26817001
1770129000,30,30.17,28.64,29.67,42513873
1770215400,32.95,34.94,31.7,33.76,115558234
1770301800,33.015,33.49,29.37,30.85,60313982
1770388200,31.835,34.7,31.22,34.38,49279810
1770647400,33.21,33.905,32.65,33.53,32251890
1770733800,33.85,34.39,33.01,33.33,24777531
1770820200,33.89,33.91,31.635,32.04,24547164
1770906600,32.185,32.32,30.42,30.43,25527940
1770993000,30.64,31.22,30.26,30.54,21660684
1771338600,30.305,30.75,29.58,30.11,20377352
1771425000,30.2,30.415,29.35,29.71,16814720
1771511400,31.25,32.2,30.99,32.16,42320070
1771597800,31.415,32.91,31.415,32.42,26058941
1771857000,31.76,32.09,30.565,30.71,21437208
1771943400,31.05,31.37,30.29,31.13,17982582
1772029800,31.47,33.855,31.46,33.6,32402874
1772116200,33.22,33.45,31.16,32.28,28496121
1772202600,31.86,33.04,31.38,32.39,27204820
1772461800,30.9,31.975,30.55,31.83,28730017
1772548200,30.89,31.33,29.6803,30.68,26566022