time,open,high,low,close,Volume
1355495400,3.316,3.327,3.05,3.113969,98713360
1355754600,3.139,3.2,3.102,3.199001,70582460
1355841000,3.223,3.25,3.169,3.227029,41413200
1355927400,3.228999,3.25,3.194,3.199001,25022910
1356013800,3.205,3.224001,3.142,3.189999,23787960
1356100200,3.114,3.157001,3.100999,3.136,35063840
1356359400,3.128999,3.133,3.098,3.114999,7994390
1356532200,3.122,3.1565,3.077,3.088,16338610
1356618600,3.108,3.149001,3.069,3.137,27544720
1356705000,3.106,3.147,3.096001,3.115109,19616440
1356964200,3.133,3.178,3.097,3.16508,26643030
1357137000,3.242999,3.306,3.224001,3.253999,36716000
1357223400,3.234,3.298,3.234,3.271001,23294820
1357309800,3.27,3.277,3.219,3.25,27112200
1357569000,3.237,3.249001,3.210001,3.232001,16821160
1357655400,3.245,3.27,3.209,3.210001,20968850
1357741800,3.25,3.296001,3.236,3.281,29456020
1357828200,3.346001,3.359,3.302,3.352,44590200
1357914600,3.353999,3.436501,3.349001,3.434,47870550
1358173800,3.384,3.462,3.364,3.457001,49257270
1358260200,3.43,3.444,3.382001,3.387,33735780
1358346600,3.381,3.461,3.377,3.456,27668200
1358433000,3.478,3.497,3.459,3.481,21064810
1358519400,3.453999,3.475,3.431,3.444,18829800
1358865000,3.445,3.4608,3.433,3.444,13808850
1358951400,3.485001,3.5,3.417,3.442,22793580
1359037800,3.371001,3.431,3.359,3.392999,44566520
1359124200,3.383,3.4285,3.382001,3.416,35088670
1359383400,3.439999,3.453,3.411,3.448,38461620
1359469800,3.43,3.471001,3.417999,3.457001,23731310
1359556200,3.449001,3.533,3.4485,3.505,25185000
1359642600,3.552,3.609,3.525,3.577,67763160
1359729000,3.592,3.63,3.582001,3.625999,27972920
1359988200,3.575,3.621001,3.514,3.517999,43400230
1360074600,3.508,3.557001,3.506,3.541,29391830
1360161000,3.523,3.578999,3.509399,3.564,20810920
1360247400,3.564,3.564,3.4535,3.496001,42434610
1360333800,3.528,3.553,3.505,3.532001,32966650
1360593000,3.538,3.569,3.5,3.539999,29998640
1360679400,3.52,3.535001,3.478,3.514,31223840
1360765800,3.536,3.549001,3.489,3.517,26589490
1360852200,3.509,3.567,3.499001,3.564,32371260
1360938600,3.558,3.578,3.498,3.514,25316140
1361284200,3.5,3.555,3.48,3.5545,24395320
1361370600,3.548,3.573,3.467,3.467,33261530
1361457000,3.447,3.4675,3.296001,3.367,61852620
1361543400,3.397,3.447,3.371001,3.409,18963070
1361802600,3.413,3.422501,3.294,3.295,30631340
1361889000,3.313,3.339999,3.266,3.313,34555980
1361975400,3.38,3.437,3.363,3.369,35970930
1362061800,3.369,3.431,3.333,3.422,34785350
1362148200,3.392,3.409,3.3261,3.37,31499920
1362407400,3.356,3.37,3.300999,3.353999,17004360
1362493800,3.37,3.436,3.367999,3.433,30509360
1362580200,3.431,3.477,3.421001,3.471001,24609090
1362666600,3.469,3.513,3.439999,3.497,30741580
1362753000,3.505,3.541,3.498,3.527,19687660
1363008600,3.508,3.566,3.497,3.525999,28172040
1363095000,3.522,3.5535,3.5,3.545,22476280
1363181400,3.55,3.6105,3.525999,3.599001,27494430
1363267800,3.605,3.698,3.603,3.666,43448590
1363354200,3.67,3.678,3.581,3.6,34446220
1363613400,3.558,3.59008,3.505,3.525999,28688790
1363699800,3.539,3.582001,3.503999,3.53,33399900
1363786200,3.567999,3.608,3.535001,3.592999,29635690
1363872600,3.541,3.5755,3.513,3.556,27815030
1363959000,3.577,3.603999,3.538,3.58,17305080
1364218200,3.587,3.589,3.525,3.552,12887820
1364304600,3.567,3.598,3.556,3.578999,9555390
1364391000,3.547,3.573,3.525,3.564,14860270
1364477400,3.58,3.592999,3.548,3.589999,14739850
1364823000,3.582001,3.6,3.519,3.534,18500420
1364909400,3.557001,3.561,3.477,3.488,23019080
1364995800,3.488,3.5075,3.410001,3.431,18355170
1365082200,3.424001,3.467999,3.396001,3.460001,15347690
1365168600,3.400999,3.442,3.333,3.433,14448500
1365427800,3.425,3.467,3.397,3.466,12356070
1365514200,3.471001,3.513,3.422,3.478,16007500
1365600600,3.481,3.55,3.478999,3.538,14816930
1365687000,3.524001,3.592,3.500999,3.563,18281840
1365773400,3.55,3.553,3.4565,3.491,16124060
1366032600,3.467999,3.473,3.372501,3.378,24633980
1366119000,3.408,3.460001,3.3856,3.458,22490230
1366205400,3.375,3.377,3.228,3.2405,64009770
1366291800,3.310001,3.328,3.1245,3.137,41055660
1366378200,3.125,3.188,3.083,3.125999,37179800
1366637400,3.136,3.184,3.057001,3.158,36395000
1366723800,3.186,3.242,3.172,3.237,25553040
1366810200,3.237,3.284,3.2045,3.262,32066840
1366896600,3.281,3.319,3.253,3.263,25125600
1366983000,3.259,3.259,3.196001,3.211,30944990
1367242200,3.235001,3.278999,3.22,3.253,20429680
1367328600,3.247,3.247,3.155,3.196001,52510900
1367415000,3.206,3.20732,3.125,3.132001,37067760
1367501400,3.155,3.223,3.131,3.209,32535770
1367587800,3.216,3.239,3.1851,3.188,46900270
1367847000,3.205,3.289999,3.196001,3.28,32847210
1367933400,3.292,3.295,3.247,3.253999,16092500
1368019800,3.263,3.352,3.2575,3.35,25436200
1368106200,3.348,3.408,3.34008,3.387,29768110
1368192600,3.396001,3.414,3.3825,3.406,15643700
1368451800,3.383,3.413,3.359,3.362,14951900
1368538200,3.358,3.382001,3.333,3.37,15938000
1368624600,3.366,3.419,3.353999,3.417999,16946820
1368711000,3.417,3.452,3.389999,3.4205,24748090
1368797400,3.449001,3.478,3.436,3.442999,27443000
1369056600,3.424001,3.455231,3.424001,3.444,13880370
1369143000,3.461,3.5125,3.444,3.509,20742210
1369229400,3.498,3.524001,3.423,3.456,33872820
1369315800,3.424001,3.435001,3.384,3.397,28553180
1369402200,3.386,3.410001,3.3675,3.410001,15117670
1369747800,3.453,3.461,3.400999,3.444,20918310
1369834200,3.437,3.47,3.414999,3.442999,22857590
1369920600,3.62,3.823,3.610001,3.782001,82606990
1370007000,3.733,3.826601,3.711,3.773,33431870
1370266200,3.767999,3.773,3.659,3.73,27209780
1370352600,3.739999,3.819,3.739,3.78,33119100
1370439000,3.774001,3.777,3.682001,3.7,15018770
1370525400,3.719,3.722,3.644209,3.675,29730520
1370611800,3.675999,3.7325,3.614999,3.728999,30732260
1370871000,3.75,3.75099,3.678999,3.683,26359300
1370957400,3.642999,3.675999,3.625999,3.628999,21698450
1371043800,3.666,3.667999,3.572,3.598,21306150
1371130200,3.574001,3.716,3.562,3.711,29105630
1371216600,3.714,3.78,3.705,3.759,21761490
1371475800,3.78,3.834,3.773,3.809,24726510
1371562200,3.803999,3.88,3.79825,3.875,27382530
1371648600,3.869,3.887,3.807001,3.807001,24034340
1371735000,3.771001,3.794,3.692,3.706,31637260
1371821400,3.703999,3.748,3.661501,3.738,80040040
1372080600,3.698,3.699001,3.610001,3.669,36857470
1372167000,3.713,3.759,3.681,3.710001,26018680
1372253400,3.739,3.772,3.699001,3.725,20660450
1372339800,3.748,3.784,3.728999,3.732001,26358860
1372426200,3.7,3.762,3.675999,3.738,22997020
1372685400,3.785001,3.787,3.734,3.761,27146550
1372771800,3.795,3.898,3.782001,3.848,40376800
1372858200,3.839,3.887,3.813,3.859,15217240
1373031000,3.862,3.917999,3.816,3.881,14446950
1373290200,3.892999,3.903,3.719,3.727,22642880
1373376600,3.772,3.796989,3.738,3.758,13854540
1373463000,3.758,3.8345,3.744,3.833,17317560
1373549400,3.753,3.860001,3.748,3.859,16770990
1373635800,3.869,3.898,3.867999,3.895,18341160
1373895000,3.898,3.908,3.796001,3.800999,21550970
1373981400,3.816,3.914,3.816,3.887,31253670
1374067800,3.900999,3.974001,3.886,3.892,23991170
1374154200,3.875,3.888,3.745,3.760001,37049760
1374240600,3.775,3.814999,3.7505,3.785001,17756990
1374499800,3.823,3.823,3.753999,3.778999,9868630
1374586200,3.808,3.816,3.750999,3.761,16500200
1374672600,3.727,3.799001,3.686,3.689,20505950
1374759000,3.65,3.698,3.63,3.689999,25511880
1374845400,3.653,3.685001,3.635001,3.678,12255950
1375104600,3.662,3.689999,3.638,3.659,13094330
1375191000,3.675,3.7,3.634,3.685001,11651480
1375277400,3.700999,3.706,3.656,3.667999,13196670
1375363800,3.703,3.752,3.683,3.739999,19498830
1375450200,3.728999,3.749001,3.692999,3.749001,15186060
1375709400,3.722,3.739999,3.696001,3.702,11773240
1375795800,3.692999,3.695,3.67,3.686,10738070
1375882200,3.697,3.731,3.667999,3.728999,18035330
1375968600,3.760001,3.760001,3.728,3.732001,19395900
1376055000,3.717999,3.724001,3.674001,3.683,13857650
1376314200,3.684,3.78,3.6745,3.77,9879980
1376400600,3.784,3.812,3.732001,3.802,13753790
1376487000,3.789999,3.794,3.714999,3.722,15271350
1376573400,3.614,3.694,3.575,3.602,25111360
1376659800,3.597,3.6355,3.589,3.625,13543310
1376919000,3.632001,3.641,3.608,3.625,23388670
1377005400,3.634,3.710001,3.628,3.678999,17416690
1377091800,3.664,3.699001,3.63799,3.659,14425440
1377178200,3.622,3.713,3.608,3.661,9939760
1377264600,3.678999,3.7045,3.6485,3.674001,18322000
1377523800,3.695,3.7715,3.685001,3.748,13899810
1377610200,3.784,3.784,3.6355,3.655499,29862830
1377696600,3.892999,3.945,3.789999,3.828,67812890
1377783000,3.839999,3.9,3.813,3.895,35957860
1377869400,3.896001,3.899001,3.828999,3.850999,25072780
1378215000,3.882001,3.913499,3.803999,3.835001,17351330
1378301400,3.858,3.913,3.816,3.898,12587800
1378387800,3.914999,3.92,3.8715,3.878999,14371600
1378474200,3.917999,3.917999,3.823,3.856,17155470
1378733400,3.887,3.9,3.863,3.877,16367570
1378819800,3.9,3.967,3.895,3.966,24344060
1378906200,3.923,3.9465,3.867999,3.925,23927220
1378992600,3.933,3.9455,3.861,3.903,20005570
1379079000,3.916,3.928,3.87,3.899001,14479640
1379338200,3.937,3.967999,3.903999,3.928,21588170
1379424600,3.975,4.036,3.95,4.012,37247050
1379511000,4.022,4.067999,3.984,4.067,23647590
1379597400,4.075,4.08,4.014999,4.075,25016800
1379683800,4.1155,4.258,4.083,4.162,87280780
1379943000,4.258,4.269,4.14875,4.187,29711460
1380029400,4.185001,4.258501,4.164,4.241,29780000
1380115800,4.252,4.260001,4.142,4.221001,20607460
1380202200,4.247,4.266,4.203999,4.227,16873710
1380288600,4.211,4.277,4.1845,4.27,21998350
1380547800,4.210001,4.328999,4.197,4.308,35228780
1380634200,4.314,4.363499,4.297501,4.342,27417570
1380720600,4.307001,4.345,4.294,4.341,17366390
1380807000,4.339,4.359,4.2826,4.33,22816510
1380893400,4.342,4.372501,4.328999,4.35,17245540
1381152600,4.35,4.35,4.288,4.3,14586670
1381239000,4.311,4.347,4.236,4.260001,21681730
1381325400,4.297,4.306,4.183,4.22,27594190
1381411800,4.331,4.367,4.2575,4.350999,32464240
1381498200,4.325,4.35,4.277499,4.328999,18979070
1381757400,4.313,4.431,4.300999,4.423,20182670
1381843800,4.427,4.444,4.358,4.374001,18761040
1381930200,4.408,4.460001,4.387,4.45,17019910
1382016600,4.409,4.513,4.4,4.510001,23286310
1382103000,4.628,4.628,4.505,4.606,27416790
1382362200,4.614999,4.721001,4.605,4.705,43364450
1382448600,4.706,4.706,4.646021,4.687,47813670
1382535000,4.650999,4.657249,4.471001,4.539,56672730
1382621400,4.528,4.57,4.496001,4.549001,30020620
1382707800,4.517999,4.589999,4.5175,4.563,21911910
1382967000,4.535,4.575,4.522,4.551,19047600
1383053400,4.587,4.628,4.558,4.58,22161880
1383139800,4.606,4.606,4.44,4.485,20740090
1383226200,4.5,4.561,4.49975,4.543,17394480
1383312600,4.579,4.5885,4.457,4.472,22074020
1383575400,4.509,4.53,4.46,4.504,13910630
1383661800,4.504,4.52,4.459,4.503,12484270
1383748200,4.518,4.5489,4.497,4.537,10485430
1383834600,4.536,4.55,4.358,4.366,32309460
1383921000,4.373,4.439,4.31,4.435,36069370
1384180200,4.444,4.4575,4.389,4.421,9140040
1384266600,4.456,4.518,4.431,4.513,13438170
1384353000,4.435,4.538,4.435,4.538,9863130
1384439400,4.49,4.509,4.258,4.295,59659880
1384525800,4.298,4.481,4.289,4.461,48368770
1384785000,4.461,4.472,4.3855,4.396,13462900
1384871400,4.384,4.425,4.2925,4.295,12296210
1384957800,4.325,4.326,4.245,4.27,11085110
1385044200,4.293,4.322,4.272,4.305,15433780
1385130600,4.306,4.352,4.295,4.33,11218860
1385389800,4.393,4.4,4.34,4.371,16000560
1385476200,4.379,4.486,4.355,4.475,18711870
1385562600,4.45,4.481,4.373,4.467,19086220
1385735400,4.499,4.509,4.466,4.473,11400850
1385994600,4.549,4.621,4.494,4.5,24453860
1386081000,4.493,4.497,4.461,4.478,16189480
1386167400,4.448,4.49,4.442,4.45,26447800
1386253800,4.553,4.768,4.506,4.759,45946580
1386340200,4.831,4.831,4.695,4.696,27551920
1386599400,4.709,4.754,4.655,4.737,20718740
1386685800,4.737,4.741,4.648,4.66,15996780
1386772200,4.676,4.699,4.606,4.611,13016140
1386858600,4.645,4.649,4.573,4.575,13677960
1386945000,4.603,4.615,4.5605,4.565,15875790
1387204200,4.971,5.055,4.836,5.01,121534390
1387290600,5.035,5.454,5.03,5.356,87230180
1387377000,5.345,5.345,5.201,5.315,42787840
1387463400,5.295,5.301,5.131,5.144,30365630
1387549800,5.143,5.2015,5.133,5.165,28888820
1387809000,5.228,5.228,5.18,5.206,13083340
1387895400,5.231,5.279,5.2235,5.262,7448200
1388068200,5.283,5.295,5.246,5.272,7010100
1388154600,5.289,5.306,5.261,5.278,8042500
1388413800,5.279,5.285,5.219,5.27,10961800
1388500200,5.287,5.33,5.254,5.2879,8654790
1388673000,5.285,5.288,5.189,5.265,14537320
1388759400,5.245,5.296,5.196,5.285,11661320
1389018600,5.28,5.34,5.243,5.249,12633530
1389105000,5.282,5.306,5.249,5.2994,13358570
1389191400,5.311,5.392,5.286,5.378,22967890
1389277800,5.4,5.417,5.276,5.323,12339430
1389364200,5.394,5.402,5.287,5.33,16690870
1389623400,5.362,5.3775,5.239,5.264,13943660
1389709800,5.332,5.584,5.274,5.527,34855140
1389796200,5.568,5.7175,5.552,5.697,27186840
1389882600,5.676,5.696,5.515,5.543,24084710
1389969000,5.526,5.642,5.523,5.614,31181190
1390314600,5.661,5.68199,5.588,5.611,16596570
1390401000,5.62,5.718,5.585,5.715,25526180
1390487400,5.673,5.715,5.574,5.605,15554300
1390573800,5.57,5.599,5.415,5.449,17715110
1390833000,5.462,5.525,5.374,5.445,21033300
1390919400,5.44,5.48,5.296,5.472,25223350
1391005800,5.394,5.594,5.337,5.407,23973910
1391092200,5.482,5.527,5.409,5.505,11989280
1391178600,5.383,5.529,5.383,5.46375,15783600
1391437800,5.48,5.517,5.296,5.326,11421480
1391524200,5.351,5.416,5.31,5.401,13487110
1391610600,5.372,5.473,5.319,5.398,9017160
1391697000,5.399,5.587,5.362,5.52,18053380
1391783400,5.547,5.684,5.513,5.657,17061810
1392042600,5.619,5.64791,5.557,5.631,12347200
1392129000,5.62,5.816,5.619,5.807,17343980
1392215400,5.82,5.98,5.82,5.894,25863580
1392301800,5.743,5.951,5.738,5.908,22614280
1392388200,5.75,5.838,5.744,5.808,28186950
1392733800,5.851,5.851,5.773,5.837,15871950
1392820200,5.819,5.842,5.749,5.77,14609680
1392906600,5.804,5.903,5.77,5.9,22281840
1392993000,5.943,5.95,5.84,5.855,17998010
1393252200,5.851,5.999,5.851,5.957,20689040
1393338600,6,6,5.839,5.9,26968520
1393425000,6,6.349,5.997,6.19,49124970
1393511400,6.119,6.222,6.078,6.138,16460370
1393597800,6.115,6.19691,6.079,6.17,15232000
1393857000,6.115,6.2472,6.0851,6.174,15339850
1393943400,6.25,6.41,6.228,6.335,36772780
1394029800,6.316,6.423,6.294,6.308,24656240
1394116200,6.329,6.391,6.305,6.364,12162180
1394202600,6.395,6.395,6.245,6.275,15132530
1394458200,6.293,6.342,6.247,6.28,13519020
1394544600,6.298,6.365,6.1805,6.202,16190980
1394631000,6.177,6.3305,6.045,6.318,23598400
1394717400,6.34,6.45,6.204,6.268,35376910
1394803800,6.277,6.325,6.221,6.268,13938710
1395063000,6.303,6.399,6.276,6.341,13967720
1395149400,6.325,6.401,6.279,6.382,13108610
1395235800,6.401,6.488,6.379,6.441,17561590
1395322200,6.432,6.539,6.43,6.531,19966220
1395408600,6.564,6.583,6.364,6.39,23266900
1395667800,6.403,6.436,6.235,6.316,24810630
1395754200,6.369,6.498,6.328,6.4,16145290
1395840600,6.439,6.488,6.212,6.281,28414060
1395927000,6.277,6.3105,6.184,6.278,25246870
1396013400,6.299,6.468,6.287,6.411,14329600
1396272600,6.45,6.533,6.424,6.441,14819040
1396359000,6.455,6.5255,6.422,6.505,21961750
1396445400,6.474,6.531,6.384,6.464,20979490
1396531800,6.474,6.558,6.347,6.393,21591670
1396618200,6.456,6.474,6.004,6.18,38830060
1396877400,6.1,6.194,5.883,6.036,43273930
1396963800,6.062,6.098,6.005,6.017,22055250
1397050200,6.104,6.256,6.104,6.247,19256070
1397136600,6.255,6.255,5.962,5.986,20395510
1397223000,5.927,5.996,5.846,5.853,21903050
1397482200,5.845,5.957,5.811,5.882,19418840
1397568600,5.906,5.93599,5.727,5.894,25013900
1397655000,5.946,5.946,5.811,5.931,17916060
1397741400,5.934,6.166,5.892,6.089,19092010
1398087000,6.097,6.2181,6.082,6.189,12559670
1398173400,6.161,6.379,6.161,6.344,22829740
1398259800,6.398,6.461,6.378,6.46,26983720
1398346200,6.543,6.548,6.354,6.538,27518820
1398432600,6.485,6.503,6.219,6.234,19266350
1398691800,6.291,6.292,6.032,6.078,30707730
1398778200,6.098,6.155,6.0005,6.092,21656380
1398864600,6.11,6.367,6.037,6.35,25375400
1398951000,6.292,6.49,6.258,6.349,18863470
1399037400,6.472,6.4989,6.318,6.427,13406690
1399296600,6.387,6.445,6.302,6.425,13540100
1399383000,6.793,6.808,6.625,6.734,127802710
1399469400,6.775,6.861,6.635,6.681,560279930
1399555800,6.681,6.893,6.671,6.795,53702830
1399642200,6.792,6.856,6.668,6.741,38699590
1399901400,6.793,6.918,6.741,6.913,27394190
1399987800,6.927,6.934,6.856,6.876,23020690
1400074200,6.854,6.96,6.755,6.851,30243270
1400160600,6.867,6.895,6.711,6.793,32094380
1400247000,6.809,6.893,6.732,6.848,52044150
1400506200,6.91,6.941,6.814,6.832,37788920
1400592600,6.836,6.838,6.692,6.752,29090310
1400679000,6.752,6.844,6.737,6.841,16895790
1400765400,6.843,6.922,6.788,6.868,15679370
1400851800,6.912,7.061,6.873,7.055,32017030
1401197400,7.103,7.128,7.032,7.093,31637030
1401283800,7.055,7.075,6.984,7.01,34928050
1401370200,7.048,7.08499,6.981,7.079,27599840
1401456600,7.185,7.2,6.941,7.067,38936050
1401715800,7.121,7.2,7.06,7.164,26601820
1401802200,7.133,7.2085,7.084,7.145,22308450
1401888600,7.126,7.186,7.114,7.161,19379490
1401975000,7.151,7.2,7.123,7.187,27288890
1402061400,7.228,7.235,7.124,7.163,15866050
1402320600,7.188,7.25,7.147,7.179,17419930
1402407000,7.175,7.225,7.15,7.186,16409210
1402493400,7.167,7.23851,7.135,7.175,24942620
1402579800,7.134,7.204,7.12,7.176,13603590
1402666200,7.218,7.245,7.091,7.142,13507840
1402925400,7.147,7.194,7.06,7.088,15668310
1403011800,7.059,7.162,7.059,7.148,13816800
1403098200,7.158,7.188,7.05501,7.122,13833900
1403184600,7.113,7.132,7.034,7.093,12733510
1403271000,7.116,7.195,7.087,7.157,21834360
1403530200,7.161,7.196,7.079,7.124,13349080
1403616600,7.178,7.23,7.063,7.067,15303640
1403703000,7.058,7.17,7.006,7.163,12826680
1403789400,7.172,7.18699,7.038,7.096,8126030
1403875800,7.074,7.117,7.025,7.094,16934610
1404135000,7.092,7.207,7.092,7.207,17801530
1404221400,7.248,7.413,7.235,7.403,21429450
1404307800,7.358,7.46,7.358,7.432,16080790
1404394200,7.467,7.537,7.44101,7.518,7993840
1404739800,7.543,7.555,7.443,7.453,19066620
1404826200,7.433,7.45,7.21,7.339,19168810
1404912600,7.366,7.423,7.309,7.423,9798560
1404999000,7.207,7.354,7.205,7.315,15478640
1405085400,7.327,7.348,7.267,7.32,12517080
1405344600,7.457,7.48995,7.341,7.404,12242040
1405431000,7.401,7.438,7.269,7.342,14556110
1405517400,7.311,7.438,7.275,7.365,15180000
1405603800,7.326,7.367,7.166,7.19,17817830
1405690200,7.274,7.526,7.26101,7.5,33955360
1405949400,7.452,7.55,7.449,7.542,15369480
1406035800,7.558,7.644,7.53,7.539,23997340
1406122200,7.57,7.571,7.359,7.363,24450180
1406208600,7.37,7.389,7.227,7.251,20676340
1406295000,7.228,7.23,6.971,6.992,36852920
1406554200,7.002,7.075,6.914,7.051,31813470
1406640600,7.04,7.1172,6.984,6.988,19110510
1406727000,7.095,7.104,6.972,7.051,17544860
1406813400,7.001,7.03,6.88,6.938,18476240
1406899800,6.992,7.071,6.871,7.044,19141200
1407159000,7.032,7.16,6.993,7.134,15452310
1407245400,7.082,7.14174,6.984,7.012,15414910
1407331800,6.98,7.097,6.976,7.0292,10353880
1407418200,7.089,7.089,6.945,6.963,11222130
1407504600,6.973,7.0495,6.932,7.043,12821690
1407763800,7.051,7.145,7.051,7.082,14174320
1407850200,7.089,7.139,7.046,7.115,9421040
1407936600,7.163,7.213,7.108,7.197,10836260
1408023000,7.268,7.423,7.268,7.384,18996700
1408109400,7.454,7.489,7.342,7.479,21143470
1408368600,7.531,7.54,7.435,7.537,12533220
1408455000,7.558,7.662,7.543,7.562,18733880
1408541400,7.567,7.65,7.564,7.638,11417900
1408627800,7.613,7.664,7.575,7.627,15550350
1408714200,7.651,7.651,7.551,7.621,15838880
1408973400,7.7,7.721,7.542,7.577,17116560
1409059800,7.586,7.615,7.52701,7.5955,13543640
1409146200,7.6,7.651,7.551,7.616,13452780
1409232600,7.554,7.649,7.495,7.636,18586810
1409319000,8.182,8.48,7.65013,8.209,62936130
1409664600,8.297,8.514,8.23956,8.502,41606730
1409751000,8.527,8.619,8.45,8.539,32694120
1409837400,8.553,8.72499,8.547,8.609,28070830
1409923800,8.636,8.8059,8.625,8.788,26595820
1410183000,8.807,8.967,8.752,8.8185,28948630
1410269400,8.83775,8.911,8.79601,8.8405,21901200
1410355800,8.828,8.91,8.772,8.9,18855450
1410442200,8.891,8.911,8.782,8.907,17887830
1410528600,8.901,8.907,8.74,8.785,18243720
1410787800,8.814,8.824,8.627,8.671,15998830
1410874200,8.637,8.827,8.567,8.792,21158180
1410960600,8.797,8.8427,8.737,8.774,15653100
1411047000,8.818,8.953,8.803,8.952,18164560
1411133400,9.013,9.088,8.89,8.91,41834460
1411392600,8.864,8.917,8.642,8.718,23869340
1411479000,8.701,8.795,8.638,8.756,20828970
1411565400,8.769,8.905,8.735,8.902,14504130
1411651800,8.884,8.884,8.577,8.646,17940440
1411738200,8.655,8.766,8.646,8.75,9834190
1411997400,8.641,8.731,8.607,8.711,9826880
1412083800,8.761,8.79199,8.62,8.7,14885810
1412170200,8.712,8.712,8.484,8.554,22256750
1412256600,8.508,8.54,8.084,8.321,34280830
1412343000,8.362,8.445,8.305,8.347,20650020
1412602200,8.407,8.451,8.25401,8.288,19535740
1412688600,8.242,8.268,8.097,8.103,15267000
1412775000,8.1,8.376,7.93,8.33,27682090
1412861400,8.292,8.33,8.058,8.06,18885920
1412947800,7.775,7.778,6.87501,7.136,105981260
1413207000,7.08,7.213,6.88,6.904,65242440
1413293400,7.206,7.291,6.906,7.202,69035200
1413379800,7.026,7.345,6.986,7.255,31954550
1413466200,7.067,7.60906,7.05005,7.56,33985240
1413552600,7.742,7.97,7.683,7.715,41607880
1413811800,7.667,7.80599,7.58,7.799,14374630
1413898200,7.899,8.2459,7.896,8.238,24111620
1413984600,8.248,8.299,8.073,8.086,17307200
1414071000,8.214,8.29,8.112,8.138,18204600
1414157400,8.17,8.241,8.0769,8.185,11268740
1414416600,8.151,8.19599,8.0121,8.157,14976860
1414503000,8.216,8.424,8.158,8.42,18229970
1414589400,8.457,8.514,8.356,8.488,14214440
1414675800,8.384,8.457,8.118,8.239,19976110
1414762200,8.511,8.792,8.45,8.625,25462680
1415025000,8.644,8.788,8.609,8.634,15943720
1415111400,8.59,8.656,8.486,8.536,18287810
1415197800,8.579,8.679,8.4812,8.671,14788770
1415284200,8.644,8.789,8.634,8.763,17114400
1415370600,8.784,8.793,8.474,8.504,19751030
1415629800,8.492,8.608,8.35,8.591,14363620
1415716200,8.584,8.6286,8.538,8.616,7927160
1415802600,8.591,8.7285,8.561,8.705,10395640
1415889000,8.707,8.837,8.653,8.7445,12281410
1415975400,8.756,8.905,8.631,8.9015,12955170
1416234600,8.878,8.905,8.759,8.852,11200010
1416321000,8.835,9.177,8.834,9.141,20027060
1416407400,9.151,9.2,8.91,8.925,18763470
1416493800,8.884,9.092,8.802,8.993,15121120
1416580200,9.17,9.173,8.945,9.021,17461440
1416839400,9.055,9.135,9.038,9.114,11876190
1416925800,9.184,9.256,9.107,9.115,25923210
1417012200,9.158,9.386,9.158,9.378,16143030
1417185000,9.413,9.44334,9.267,9.34,8699750
1417444200,9.305,9.336,9.002,9.095,17168340
1417530600,9.069,9.241,8.972,9.22,19794360
1417617000,9.303,9.551,9.303,9.513,31727410
1417703400,10.155,10.378,9.951,10.307,62003790
1417789800,10.384,10.5,10.173,10.399,29596230
1418049000,10.4,10.417,9.96556,10.071,34841930
1418135400,9.989,10.303,9.725,10.264,22915150
1418221800,10.2,10.35,9.917,9.925,22236580
1418308200,10.008,10.28,9.985,10.055,15691990
1418394600,9.898,10.118,9.883,9.92,13201210
1418653800,9.997,10.085,9.724,9.821,16791980
1418740200,9.775,9.968,9.60101,9.733,22120260
1418826600,9.733,9.985,9.55,9.899,27874990
1418913000,10.09,10.2,10,10.165,33280860
1418999400,10.174,10.235,9.945,10.015,65173080
1419258600,10.1,10.16,10,10.141,15923830
1419345000,10.234,10.25,10.057,10.078,13011750
1419431400,10.092,10.123,10.028,10.072,6357680
1419604200,10.097,10.133,10.0205,10.062,5761690
1419863400,10.062,10.139,9.91901,10.129,13716710
1419949800,10.107,10.194,10.06,10.085,11729880
1420036200,10.11,10.303,10.043,10.059,15225790
1420209000,10.093,10.22081,9.913,10.009,13500450
1420468200,10.007,10.082,9.84,9.849,15596030
1420554600,9.895,9.908,9.518,9.625,22194340
1420641000,9.705,9.939,9.653,9.885,30906850
1420727400,10.053,10.43,10.036,10.379,33349230
1420813800,10.447,10.58,10.258,10.4895,23432400
1421073000,10.507,10.564,10.2716,10.316,18698220
1421159400,10.378,10.738,10.1732,10.258,24337010
1421245800,10.111,10.349,10.001,10.339,20989140
1421332200,10.356,10.554,10.105,10.132,18373140
1421418600,10.069,10.391,10.031,10.382,15374850
1421764200,10.369,10.52399,10.258,10.487,12843870
1421850600,10.433,10.688,10.411,10.538,16463480
1421937000,10.598,10.649,10.152,10.52,20638570
1422023400,10.503,10.75,10.42501,10.698,15088160
1422282600,10.674,10.706,10.462,10.673,9610500
1422369000,10.507,10.598,10.28201,10.479,15242740
1422455400,10.712,10.834,10.486,10.5,23301900
1422541800,10.463,10.66,10.227,10.653,15841830
1422628200,10.529,10.673,10.262,10.288,16938020
1422887400,10.325,10.349,9.916,10.242,21580530
1422973800,10.25,10.37199,10.136,10.32,15389670
1423060200,10.293,10.528,10.245,10.48,16658250
1423146600,10.474,10.622,10.375,10.62,16585340
1423233000,10.627,10.711,10.426,10.474,10681550
1423492200,10.395,10.435,10.182,10.224,20346410
1423578600,10.304,10.746,10.28876,10.704,20397520
1423665000,10.679,10.83,10.633,10.794,17168500
1423751400,10.88,11.004,10.846,10.97,21071940
1423837800,11,11.02,10.809,11.015,14616410
1424183400,11.02,11.1345,10.909,11.087,15311700
1424269800,11.032,11.059,10.929,11,16680980
1424356200,11,11.11,10.9645,11.09,13196280
1424442600,11.143,11.216,11.046,11.206,19286430
1424701800,11.3,11.323,11.196,11.285,23855050
1424788200,11.35,11.36,11.161,11.318,23212960
1424874600,11.329,11.39,11.231,11.268,38215910
1424961000,12.324,12.989,12.305,12.925,89262670
1425047400,12.87,12.87,12.614,12.762,33824510
1425306600,12.721,13.087,12.721,12.902,27892790
1425393000,12.824,12.894,12.757,12.822,18690310
1425479400,12.769,12.988,12.437,12.94,36143120
1425565800,12.936,13.154,12.878,13.057,21694540
1425652200,13,13.049,12.75,12.789,22329220
1425907800,12.779,12.859,12.693,12.712,17834720
1425994200,12.572,12.693,12.451,12.512,17688280
1426080600,12.53,12.647,12.452,12.466,17742080
1426167000,12.288,12.621,12.155,12.612,22304550
1426253400,12.571,12.675,12.394,12.5,18415380
1426512600,12.687,13.045,12.67,12.9865,23077130
1426599000,12.881,12.96,12.75,12.91,19016890
1426685400,12.866,13.128,12.769,13.044,21250490
1426771800,13.05,13.29495,13.002,13.204,24461010
1426858200,13.343,13.418,13.22,13.329,55522190
1427117400,13.5,13.628,13.389,13.444,23848590
1427203800,13.497,13.53673,13.288,13.312,25819190
1427290200,13.262,13.333,12.44,12.443,48852630
1427376600,12.026,12.514,11.696,12.471,45067960
1427463000,12.499,12.9,12.485,12.821,24297330
1427722200,12.983,13.09,12.83,13.055,19523180
1427808600,12.931,12.95,12.673,12.698,16402030
1427895000,12.666,12.696,12.361,12.563,21830460
1427981400,12.611,12.691,12.463,12.502,14508350
1428327000,12.337,12.673,12.25,12.5825,14227110
1428413400,12.651,12.717,12.53957,12.565,16132430
1428499800,12.547,12.74699,12.53,12.679,13607130
1428586200,12.584,12.794,12.565,12.722,13960540
1428672600,12.756,12.797,12.607,12.682,11668820
1428931800,12.725,12.74664,12.51,12.5345,10483250
1429018200,12.506,12.534,12.214,12.398,16050750
1429104600,12.477,12.63,12.465,12.59,16897840
1429191000,12.507,12.61599,12.48,12.533,15455780
1429277400,12.369,12.428,12.094,12.185,26817260
1429536600,12.25,12.382,12.22,12.3025,13299470
1429623000,12.432,12.505,12.294,12.31,20615540
1429709400,12.391,12.8,12.275,12.7895,22579710
1429795800,12.522,12.546,12.255,12.407,28052540
1429882200,12.373,12.373,11.587,11.95,55058700
1430141400,12,12.194,11.872,12.015,27320200
1430227800,12.038,12.1,11.456,11.745,31031010
1430314200,11.602,11.752,11.4751,11.703,20903100
1430400600,11.669,11.894,11.626,11.688,21339430
1430487000,11.792,12.343,11.788,12.28,25339220
1430746200,12.283,12.38468,12.086,12.116,14207020
1430832600,12.01,12.067,11.663,11.6785,22089500
1430919000,11.784,11.837,11.539,11.6775,14475420
1431005400,12,12.364,12,12.248,23541800
1431091800,12.32,12.493,12.273,12.333,14846120
1431351000,12.357,12.386,12.25975,12.281,12417700
1431437400,12.202,12.358,12.13,12.295,10264350
1431523800,12.363,12.484,12.231,12.313,11866170
1431610200,12.414,12.868,12.36401,12.694,23279270
1431696600,12.779,12.95,12.657,12.787,22630820
1431955800,12.795,13.04,12.728,13.018,17984190
1432042200,13.086,13.185,12.925,12.947,16052670
1432128600,12.994,13.1075,12.811,12.911,18721320
1432215000,12.951,13.003,12.784,12.959,21309510
1432301400,12.982,13.38299,12.982,13.264,22855510
1432647000,13.436,13.453,13.064,13.13,26780690
1432733400,13.209,14.4823,13.16201,14.149,114247850
1432819800,14.501,14.54725,13.6,14.238,249123380
1432906200,14.412,14.924,14.411,14.807,118244290
1433165400,14.824,15.05,14.515,14.662,83579030
1433251800,14.641,14.667,14.31401,14.416,41263850
1433338200,14.6,14.6,14.281,14.306,30450070
1433424600,14.249,14.3435,14.048,14.12,28017490
1433511000,14.097,14.404,13.931,14.381,38592740
1433770200,14.357,14.377,13.753,13.863,54421740
1433856600,13.895,14.073,13.65101,14.021,44071370
1433943000,13.993,14.398,13.984,14.286,42616560
1434029400,14.218,14.326,14.102,14.199,31516810
1434115800,14.129,14.148,13.98801,14.047,19145130
1434375000,13.916,14.402,13.901,14.312,34565450
1434461400,14.27,14.349,14.138,14.199,20997500
1434547800,14.15,14.25,13.94565,14.0685,25428900
1434634200,14.073,14.375,14.073,14.3,25298000
1434720600,14.301,14.391,14.16,14.289,26880910
1434979800,14.416,14.514,14.2,14.3275,22853100
1435066200,14.396,14.396,14.086,14.164,21496910
1435152600,14.206,14.222,13.983,13.997,22401800
1435239000,14.013,14.105,13.883,13.923,17546780
1435325400,13.885,13.904,13.475,13.515,71798400
1435584600,13.285,13.521,13.104,13.201,40472900
1435671000,13.38,13.438,13.212,13.293,28695440
1435757400,13.441,13.77,13.4315,13.55,43064900
1435843800,13.56,13.775,13.535,13.764,32796520
1436189400,13.616,13.761,13.387,13.42,30188090
1436275800,13.395,13.445,12.616,13.284,59269440
1436362200,13.01,13.134,12.686,12.805,51371260
1436448600,13.018,13.136,12.372,12.468,73468820
1436535000,12.661,13.082,12.65,12.984,50948910
1436794200,13.138,13.138,12.846,12.918,25303990
1436880600,12.935,13.248,12.851,13.23,26289180
1436967000,13.167,13.349,13.082,13.172,23099670
1437053400,13.363,13.477,13.089,13.47,33976960
1437139800,13.496,13.5,13.196,13.366,29000080
1437399000,13.455,13.562,13.375,13.464,23563340
1437485400,13.51,13.638,13.414,13.451,31532300
1437571800,12.704,12.9998,12.538,12.959,61346470
1437658200,13.118,13.5,13.05,13.197,30608100
1437744600,13.351,13.385,12.834,12.848,36310610
1438003800,12.735,12.75,12.41,12.465,34893460
1438090200,12.558,12.955,12.352,12.842,27869400
1438176600,12.837,12.912,12.545,12.858,33407170
1438263000,12.574,12.8795,12.507,12.765,39168890
1438349400,12.834,12.834,12.496,12.514,30592830
1438608600,12.642,12.749,12.424,12.58,27272630
1438695000,12.555,12.555,11.876,12.347,47467090
1438781400,12.3,12.569,12.1,12.475,34162490
1438867800,12.504,12.54,12.06,12.327,46051580
1438954200,12.102,12.39799,12.082,12.255,30528670
1439213400,12.349,12.74,12.3002,12.728,28906600
1439299800,12.564,12.623,12.292,12.421,26744480
1439386200,12.159,12.668,12.062,12.573,27339530
1439472600,12.562,12.682,12.4011,12.419,14571710
1439559000,12.4,12.45,12.117,12.196,26502300
1439818200,12.132,12.552,12.08,12.552,21293000
1439904600,12.577,12.577,12.178,12.224,19501810
1439991000,12.158,12.278,11.9303,12.145,30894170
1440077400,12.008,12.064,11.503,11.503,41755500
1440163800,11.275,11.5494,11.133,11.145,56472270
1440423000,10.109,11.501,10,10.994,69039900
1440509400,11.413,11.5,10.82,10.851,43921050
1440595800,11.26,11.674,11.118,11.62,59353820
1440682200,12.05,12.7,12.038,12.626,91881910
1440768600,12.553,12.772,12.469,12.762,36322010
1441027800,12.664,12.804,12.5,12.597,30087020
1441114200,12.152,12.502,11.81,11.937,49749190
1441200600,12.215,12.407,12.016,12.404,36700430
1441287000,12.54,12.69,12.321,12.377,29953750
1441373400,12.124,12.381,12.065,12.115,24924740
1441719000,12.54,12.933,12.482,12.916,35477100
1441805400,13.018,13.179,12.63,12.717,31501850
1441891800,12.854,12.91588,12.48,12.872,36224000
1441978200,12.816,13.122,12.69347,13.108,39605980
1442237400,13.25,13.373,13.06,13.119,34643080
1442323800,13.213,13.495,13.1,13.438,30803870
1442410200,13.389,13.389,13.026,13.149,27317170
1442496600,13.151,13.306,13.02,13.061,19917610
1442583000,12.854,12.94887,12.66,12.759,44021100
1442842200,12.837,12.938,12.622,12.726,16514550
1442928600,12.499,12.584,12.37,12.47,22482680
1443015000,12.482,12.77999,12.381,12.554,21878500
1443101400,12.41,12.535,11.945,12.41,44994960
1443187800,12.596,12.893,12.52,12.674,35086750
1443447000,12.596,12.817,12.081,12.085,39886500
1443533400,12.191,12.248,11.80571,11.967,47990820
1443619800,12.179,12.523,12.1,12.501,43954880
1443706200,12.311,12.49,11.95,12.214,45674360
1443792600,11.999,12.336,11.821,12.333,35207450
1444051800,12.396,12.487,12.096,12.122,39084770
1444138200,12.076,12.101,11.153,11.711,115998540
1444224600,11.865,11.954,11.582,11.864,37283800
1444311000,11.752,11.796,11.379,11.669,41408530
1444397400,11.656,11.808,11.554,11.691,34478560
1444656600,11.759,11.798,11.576,11.768,24193530
1444743000,11.634,11.667,11.321,11.342,32475460
1444829400,11.3,11.7755,11.238,11.746,33529900
1444915800,11.8,12.199,11.769,12.187,49315800
1445002200,12.19,12.198,11.99,12.107,19865830
1445261400,12.1,12.126,11.737,11.896,18593220
1445347800,11.847,12.007,11.76,11.989,21919850
1445434200,12.176,12.268,12.011,12.05,28208940
1445520600,12.162,12.562,12.121,12.534,34344410
1445607000,12.747,12.984,12.406,12.958,35498000
1445866200,12.806,12.806,12.274,12.361,58137650
1445952600,12.309,12.515,12.094,12.149,32280230
1446039000,12.479,12.785,12.37,12.709,30965840
1446125400,12.1,12.416,11.872,12.009,61581780
1446211800,12.085,12.402,12.017,12.313,25516180
1446474600,12.366,12.5205,12.246,12.38,26067800
1446561000,12.148,12.495,12.148,12.214,26222480
1446647400,12.25,12.486,12.006,12.411,43097960
1446733800,12.491,12.5,12.06,12.106,28307930
1446820200,12.325,12.979,12.323,12.967,45286770
1447079400,12.837,12.894,12.571,12.65,28250120
1447165800,12.311,12.408,11.977,11.986,44759240
1447252200,12.021,12.27,11.982,11.995,25958410
1447338600,12.021,12.141,11.892,11.985,26587540
1447425000,11.9,11.989,11.521,11.754,39824330
1447684200,11.747,12.177,11.708,12.147,27795560
1447770600,12.146,12.368,12.1,12.206,19868290
1447857000,12.192,12.61,12.16,12.592,20270430
1447943400,12.61,12.613,12.301,12.521,32790960
1448029800,12.621,12.667,12.373,12.64,28057410
1448289000,12.675,12.675,12.421,12.441,16003300
1448375400,12.341,12.859,12.341,12.834,35658840
1448461800,12.9,12.917,12.766,12.839,21395950
1448634600,12.863,13.045,12.786,13.004,13261560
1448893800,12.943,13.07,12.712,13.045,32614770
1448980200,13.117,13.377,13.091,13.289,43254980
1449066600,13.307,13.5,13.154,13.221,54363950
1449153000,14.486,14.686,14.288,14.478,120661130
1449239400,14.48,14.789,14.324,14.756,60329230
1449498600,14.669,14.972,14.555,14.883,44769400
1449585000,14.684,14.859,14.577,14.778,34560010
1449671400,14.714,14.8,14.442,14.565,30802680
1449757800,14.611,14.944,14.519,14.733,33078330
1449844200,14.462,14.772,14.43,14.442,27776950
1450103400,14.414,14.53599,14.124,14.251,37069720
1450189800,14.268,14.423,14.131,14.327,35397950
1450276200,14.317,14.42799,14.04,14.388,29643840
1450362600,14.493,14.55,14.041,14.048,24378290
1450449000,14.023,14.1905,13.855,14.02,51963660
1450708200,14.31,14.6,14.186,14.58,26626590
1450794600,14.723,14.723,14.276,14.51,21684290
1450881000,14.602,14.666,14.439,14.651,16170390
1450967400,14.641,14.7285,14.572,14.632,7436300
1451313000,14.59,14.64,14.393,14.635,13875850
1451399400,14.7,14.878,14.501,14.794,22535730
1451485800,14.751,14.889,14.712,14.737,17395580
1451572200,14.658,14.75,14.512,14.515,19673440
1451917800,14.207,14.235,13.988,14.228,30969760
1452004200,14.314,14.33,13.721,13.752,38179930
1452090600,13.457,13.606,13.228,13.329,50823510
1452177000,13.131,13.377,12.819,12.905,50056310
1452263400,13.003,13.346,12.806,12.82,64641480
1452522600,12.95,12.997,12.542,12.804,38940760
1452609000,12.986,13.167,12.6855,12.992,41112060
1452695400,12.775,12.998,12.308,12.331,48469630
1452781800,12.419,12.66799,12.029,12.519,63942410
1452868200,12.021,12.379,11.93,11.997,75916450
1453213800,12.276,12.48,11.901,12.007,54772600
1453300200,11.783,12.558,11.717,12.383,103988130
1453386600,12.48,12.6,12.335,12.453,48481090
1453473000,12.648,12.648,12.423,12.451,58430700
1453732200,12.443,12.498,12.4,12.449,61359370
1453818600,12.5,12.65075,12.4,12.439,119133740
1453905000,12.365,12.541,12.009,12.235,58156000
1453991400,12.294,12.655,12.2,12.637,49969160
1454077800,12.944,13.434,12.811,13.371,259448570
1454337000,13.334,13.869,13.296,13.768,45618920
1454423400,13.501,13.759,13.17,13.324,59004710
1454509800,13.725,13.761,13.029,13.136,56233820
1454596200,13.14,13.727,13.05,13.612,60833220
1454682600,13.7,13.7,12.698,12.836,70953170
1454941800,12.699,12.699,11.922,12.186,91242210
1455028200,11.983,12.572,11.877,11.971,63400180
1455114600,12.249,12.367,11.865,11.92,45472740
1455201000,11.65,11.764,11.425,11.631,66673220
1455287400,11.776,12.233,11.573,12.166,39965130
1455633000,12.327,12.679,12.295,12.624,38520970
1455719400,12.7,13.082,12.673,13.068,32742080
1455805800,13.176,13.1991,12.608,12.707,39201770
1455892200,12.705,12.879,12.5,12.867,31118060
1456151400,13,13.243,12.949,13.064,24203650
1456237800,13.016,13.05,12.806,12.816,22351650
1456324200,12.651,13.125,12.541,13.034,25679650
1456410600,13.078,13.249,12.869,13.247,25652260
1456497000,13.42,13.497,13.225,13.311,27141540
1456756200,13.334,13.792,13.29,13.397,35910920
1456842600,13.537,13.864,13.462,13.843,44905780
1456929000,13.785,13.824,13.505,13.697,43835860
1457015400,13.775,13.885,13.43,13.733,59437190
1457101800,14.6,14.786,14.172,14.606,72398920
1457361000,14.476,14.623,14.057,14.351,41395740
1457447400,14.229,14.282,13.941,13.963,33216170
1457533800,14.075,14.253,14.0471,14.196,31152290
1457620200,14.346,14.58,14.2,14.442,54546290
1457706600,14.599,15.002,14.575,14.882,55821610
1457962200,14.711,14.919,14.7,14.814,28444250
1458048600,14.85,14.998,14.608,14.847,30891410
1458135000,14.746,14.927,14.685,14.863,34905830
1458221400,14.737,15.172,14.737,15.155,44708220
1458307800,15.194,15.3,15.087,15.249,70568440
1458567000,15.259,15.3,15.083,15.289,28206790
1458653400,15.24,15.561,15.155,15.476,33944810
1458739800,15.482,15.532,15.234,15.299,27577310
1458826200,15.176,15.329,15.112,15.3,25650640
1459171800,15.328,15.35,15.207,15.31,17224400
1459258200,15.327,15.493,15.218,15.413,26772510
1459344600,15.5,15.728,15.454,15.693,26794190
1459431000,15.702,15.737,15.445,15.45,24968050
1459517400,15.404,15.792,15.116,15.78,25670760
1459776600,15.8,15.8328,15.566,15.601,17761390
1459863000,15.445,15.705,15.445,15.503,56919980
1459949400,15.47,15.777,15.371,15.754,28148940
1460035800,15.748,15.795,15.469,15.497,22975090
1460122200,15.628,15.69,15.464,15.615,18525530
1460381400,15.743,15.78,15.56,15.561,18568120
1460467800,15.601,15.637,15.3,15.543,16537190
1460554200,15.647,15.965,15.56101,15.948,21730440
1460640600,15.729,15.911,15.6,15.882,27551350
1460727000,15.813,15.834,15.452,15.549,27684970
1460986200,15.535,15.64,15.381,15.59,15296900
1461072600,15.645,15.67658,15.07894,15.107,24560390
1461159000,15.146,15.40999,15.04007,15.323,19435430
1461245400,15.29,15.328,15.04458,15.135,16116700
1461331800,15.04,15.294,14.873,15.033,25699140
1461591000,15.025,15.086,14.877,14.91,10870650
1461677400,15.149,15.411,15.004,15.076,26309410
1461763800,14.721,15.336,14.65,15.153,38934420
1461850200,15.039,15.402,14.733,14.799,25520270
1461936600,14.631,14.779,14.325,14.575,35067160
1462195800,14.616,14.683,14.4495,14.608,19525380
1462282200,14.51,14.599,14.233,14.32,23985980
1462368600,14.251,14.442,14.127,14.207,20888450
1462455000,14.382,14.49,14.209,14.258,16840680
1462541400,14.176,14.25005,13.918,14.189,30026690
1462800600,14.2,14.392,14.126,14.24,17300270
1462887000,14.25,14.514,14.15,14.461,18460770
1462973400,14.409,14.622,14.351,14.385,16715700
1463059800,14.407,14.473,13.952,14.104,26452110
1463146200,14.094,14.313,13.962,14.005,21716490
1463405400,14.087,14.362,14.069,14.265,20372620
1463491800,14.251,14.299,13.988,14.117,21248480
1463578200,14.053,14.505,14.033,14.388,22620070
1463664600,14.303,14.466,14.112,14.274,17477680
1463751000,14.413,14.767,14.371,14.673,25889470
1464010200,14.819,15.0335,14.788,14.81,17608590
1464096600,14.86,15.168,14.835,15.142,19906850
1464183000,15.184,15.4,15.049,15.357,21762490
1464269400,15.377,15.425,15.182,15.302,18431350
1464355800,15.3,15.393,15.246,15.33,18693370
1464701400,15.4,15.495,15.33,15.436,32058060
1464787800,15.341,15.532,15.334,15.477,30777370
1464874200,15.521,15.552,15.3387,15.491,46746430
1464960600,16.577,16.6,16.12,16.256,82985170
1465219800,16.34,16.394,16.102,16.284,34009560
1465306200,16.334,16.595,16.281,16.484,32339760
1465392600,16.409,16.462,16.334,16.37,25620150
1465479000,16.214,16.505,16.212,16.414,29143480
1465565400,16.217,16.298,16,16.082,26656860
1465824600,16.014,16.225,15.9635,16.001,21567680
1465911000,15.927,16.05299,15.813,15.899,25668520
1465997400,15.882,16.012,15.818,15.84,30884030
1466083800,15.705,15.884,15.56,15.863,22808140
1466170200,15.897,15.975,15.493,15.6,43332600
1466429400,15.84,15.96,15.669,15.693,20264680
1466515800,15.761,15.84,15.561,15.581,16126380
1466602200,15.573,15.717,15.48,15.514,16039370
1466688600,15.735,15.863,15.597,15.862,24435290
1466775000,15.2,15.487,14.84,14.872,64177230
1467034200,14.65,14.725,14.227,14.363,37982940
1467120600,14.67,14.993,14.658,14.977,37232880
1467207000,15.201,15.565,15.078,15.5,47866020
1467293400,15.5,15.7239,15.417,15.54,42626450
1467379800,15.447,15.587,15.362,15.422,19779270
1467725400,15.158,15.171,14.953,15.076,26320540
1467811800,14.936,15.127,14.716,15.063,20603270
1467898200,15.014,15.3,15.014,15.099,19248230
1467984600,15.265,15.5251,15.1935,15.514,26740710
1468243800,15.71,15.847,15.628,15.736,25200520
1468330200,15.858,16.091,15.825,15.859,20328920
1468416600,15.891,16.038,15.734,15.741,15734370
1468503000,15.955,16.106,15.886,16.079,23550470
1468589400,16.111,16.157,15.966,16.116,19259440
1468848600,16.242,16.3695,16.195,16.233,14625780
1468935000,16.147,16.2,15.979,16.053,14797110
1469021400,16.16,16.377,16.0916,16.267,18063550
1469107800,16.301,16.348,15.982,16.041,19529990
1469194200,15.959,16.03,15.669,15.967,19663870
1469453400,15.964,16.07,15.927,15.978,9626600
1469539800,16.141,16.35,16.037,16.344,28631070
1469626200,16.594,16.76,16.271,16.566,30492680
1469712600,16.5,16.6965,16.3917,16.423,19512270
1469799000,16.393,16.465,16.11,16.198,26029950
1470058200,16.278,16.388,16.19,16.351,17876290
1470144600,16.31,16.3988,16.227,16.289,22689470
1470231000,16.188,16.415,16.12803,16.411,15019080
1470317400,16.427,16.7,16.42001,16.699,19978360
1470403800,16.795,17.02,16.723,17.012,25593780
1470663000,17,17.123,16.7855,16.835,19084310
1470749400,16.894,17.217,16.87,17.117,32746320
1470835800,17.122,17.218,16.984,17.185,19522730
1470922200,17.207,17.3155,17.09,17.209,15745470
1471008600,17.213,17.262,17.1375,17.247,16529950
1471267800,17.337,17.581,17.25,17.554,25807070
1471354200,17.481,17.499,17.21,17.24,19070260
1471440600,17.225,17.328,17.176,17.303,16616190
1471527000,17.282,17.418,17.264,17.393,21120250
1471613400,17.418,17.5055,17.343,17.493,15348540
1471872600,17.5,17.631,17.406,17.593,15397960
1471959000,17.672,17.747,17.612,17.734,19741110
1472045400,17.757,17.769,17.4365,17.53,21804930
1472131800,17.552,17.714,17.469,17.604,18734570
1472218200,17.683,17.865,17.513,17.716,22585990
1472477400,17.73,17.868,17.69,17.74,16726040
1472563800,17.816,17.942,17.594,17.7,27837510
1472650200,17.71,17.832,17.535,17.642,32752750
1472736600,17.688,17.767,17.482,17.709,39127770
1472823000,17.7,17.734,16.88,17.311,80668080
1473168600,17.362,17.4,16.964,17.11,36131860
1473255000,17.142,17.2,16.771,16.89,31437300
1473341400,16.839,16.883,16.656,16.838,18680120
1473427800,16.633,16.705,16.067,16.078,45022420
1473687000,15.913,16.475,15.87501,16.448,35673190
1473773400,16.448,16.736,16.43,16.524,36002960
1473859800,16.523,16.9929,16.505,16.961,40358130
1473946200,16.933,17.3,16.82,17.272,36330510
1474032600,17.242,17.299,16.985,17.124,83066710
1474291800,17.155,17.358,16.94,17.073,28306270
1474378200,17.221,17.221,16.817,16.823,18727280
1474464600,16.839,17.002,16.761,16.983,17977200
1474551000,17.097,17.125,16.807,16.884,20619380
1474637400,16.87,16.903,16.551,16.665,26874740
1474896600,16.51,16.723,16.276,16.669,32034420
1474983000,16.689,17.088,16.6015,17.086,25353180
1475069400,17.178,17.271,16.978,17.07,20842730
1475155800,17,17.399,16.949,17.246,38570230
1475242200,17.3,17.465,17.244,17.252,34219910
1475501400,17.301,17.38875,16.972,17.007,22807000
1475587800,17.061,17.09,16.808,16.905,19596260
1475674200,17.15,17.411,17.068,17.348,26148880
1475760600,17.33,17.465,17.126,17.419,21013660
1475847000,17.488,17.495,17.239,17.421,21844730
1476106200,17.473,17.59,17.3755,17.477,16336420
1476192600,17.529,17.5495,16.953,17.117,26181320
1476279000,17.075,17.106,16.84,17.047,21740390
1476365400,16.877,16.99,16.68,16.894,22374710
1476451800,16.998,17.264,16.934,17.009,19570430
1476711000,16.97,17.095,16.873,16.888,12741370
1476797400,17.065,17.287,17.054,17.217,14166560
1476883800,17.117,17.228,17.01107,17.187,20440750
1476970200,17.166,17.458,17.102,17.341,18961290
1477056600,17.229,17.34,17.07,17.292,15842060
1477315800,17.416,17.7,17.35568,17.655,19771790
1477402200,17.603,17.64999,17.351,17.365,21621860
1477488600,17.215,17.478,17.11,17.3,21074690
1477575000,17.431,17.525,17.178,17.224,19840120
1477661400,17.249,17.287,16.904,16.935,20651370
1477920600,17,17.166,16.869,17.028,20316840
1478007000,17.072,17.155,16.583,16.88,28452590
1478093400,17.291,17.415,16.981,17.256,43501260
1478179800,17.245,17.534,17.215,17.299,20660180
1478266200,17.04,17.453,17.023,17.217,21753300
1478529000,17.439,17.788,17.411,17.696,26126200
1478615400,17.707,17.802,17.511,17.7,18925720
1478701800,17.147,17.6499,17.116,17.342,32506260
1478788200,17.372,17.45,16.33001,16.794,51219630
1478874600,16.735,17,16.573,16.754,29797920
1479133800,16.647,16.777,16.302,16.378,28192670
1479220200,16.483,16.75,16.361,16.645,25379640
1479306600,16.63,16.817,16.575,16.783,13333230
1479393000,16.735,16.902,16.602,16.704,18099650
1479479400,16.675,16.916,16.675,16.816,19524170
1479738600,16.913,17.276,16.913,17.258,21383630
1479825000,17.372,17.742,17.331,17.702,31023570
1479911400,17.636,17.776,17.52401,17.708,22123110
1480084200,17.678,17.702,17.557,17.675,8198220
1480343400,17.606,17.707,17.454,17.465,26570110
1480429800,17.386,17.698,17.343,17.545,18513620
1480516200,17.512,17.59,17.044,17.049,31248890
1480602600,17.001,17.049,16.121,16.279,46389210
1480689000,16.357,16.492,16.062,16.422,26944600
1480948200,16.601,16.661,16.24,16.613,21371900
1481034600,16.681,16.797,16.345,16.476,39184370
1481121000,16.476,16.855,16.367,16.855,32658650
1481207400,16.955,17.138,16.751,17.071,38361440
1481293800,18.095,18.19,17.69,17.909,75743710
1481553000,17.805,18.077,17.656,17.816,37194060
1481639400,17.874,18.194,17.8,17.944,69075960
1481725800,17.875,17.922,17.623,17.762,46795470
1481812200,17.831,18.12,17.657,18.001,38107110
1481898600,18.075,18.109,17.748,17.842,41541010
1482157800,17.907,18.141,17.812,18.046,22219410
1482244200,18.1,18.328,18.014,18.207,27351810
1482330600,18.373,18.399,18.178,18.229,21012930
1482417000,18.285,18.3,17.938,18.06,17560290
1482503400,18.005,18.198,17.966,18.194,8976800
1482849000,18.211,18.37,18.205,18.231,8283560
1482935400,18.264,18.3,17.984,18.019,14038860
1483021800,17.97,18.067,17.863,17.987,13671000
1483108200,18.037,18.09,17.602,17.677,25423860
1483453800,17.829,18.09,17.654,17.834,32098130
1483540200,17.826,17.9,17.668,17.707,23964700
1483626600,17.633,17.7,17.388,17.428,24860930
1483713000,17.421,17.69,17.331,17.659,23143040
1483972200,17.665,17.83,17.664,17.697,20265890
1484058600,17.749,18.074,17.69,18.057,30183270
1484145000,18.005,18.047,17.776,17.942,18787050
1484231400,17.809,17.91,17.54,17.886,23137370
1484317800,17.89,18.078,17.839,18.045,20906970
1484663400,17.948,17.963,17.756,17.911,26316060
1484749800,18.036,18.507,18,18.502,35641750
1484836200,18.51,18.688,18.468,18.556,45718130
1484922600,18.86,19.1535,18.81,19.108,57623350
1485181800,19.101,19.153,18.842,19.1,33394360
1485268200,19.272,19.964,19.228,19.775,62007720
1485354600,19.992,20.259,19.803,20.248,60902590
1485441000,20.444,20.527,20.113,20.417,38826800
1485527400,20.538,20.579,20.354,20.571,25786530
1485786600,20.445,20.487,20.061,20.322,33234060
1485873000,20.247,20.247,19.886,19.95,26749410
1485959400,20.225,20.448,20.021,20.369,31183920
1486045800,20.197,20.503,20.1,20.405,22711700
1486132200,20.495,20.66,20.303,20.616,24373170
1486391400,20.615,20.666,20.43,20.656,18716070
1486477800,20.721,20.74,20.493,20.591,22840210
1486564200,20.597,20.875,20.516,20.689,21068970
1486650600,20.733,20.769,20.363,20.534,27519240
1486737000,20.6,20.65,20.385,20.552,23842060
1486996200,20.678,20.711,20.517,20.671,12463410
1487082600,20.699,20.7,20.48,20.533,17357800
1487169000,20.582,20.6935,20.48,20.599,17087660
1487255400,20.646,20.822,20.5175,20.818,17187990
1487341800,20.9,21.041,20.68201,21.041,30945240
1487687400,21.1,21.362,21.091,21.275,30333140
1487773800,21.3,21.493,21.15,21.416,23948630
1487860200,21.508,21.5955,20.964,21.058,29363860
1487946600,20.838,21.0645,20.261,21.037,27650810
1488205800,21.067,21.345,21.019,21.328,26991020
1488292200,21.414,21.434,21.03,21.093,27547790
1488378600,21.307,21.539,21.056,21.514,51154650
1488465000,22.411,22.498,21.602,21.729,71171120
1488551400,21.8,22,21.77,21.832,30770770
1488810600,21.637,21.853,21.517,21.794,22771210
1488897000,21.734,22.137,21.709,21.925,29129190
1488983400,21.922,22.124,21.855,21.963,24543650
1489069800,21.878,22.286,21.812,22.201,25675220
1489156200,22.273,22.641,22.273,22.635,39430430
1489411800,22.586,22.775,22.536,22.645,26669040
1489498200,22.476,22.628,22.351,22.435,22167200
1489584600,22.433,22.665,22.324,22.593,20726800
1489671000,22.548,22.582,22.157,22.236,27834560
1489757400,22.352,22.371,22.085,22.118,51634800
1490016600,22.118,22.264,22.078,22.124,17214740
1490103000,22.224,22.298,21.552,21.602,30557260
1490189400,21.602,21.837,21.539,21.742,19130930
1490275800,21.726,21.846,21.6425,21.686,19222740
1490362200,21.801,22.14,21.774,21.897,23793560
1490621400,21.683,22.018,21.597,21.905,15357620
1490707800,21.851,22.178,21.835,22.095,17928670
1490794200,22.08,22.135,21.968,22.131,15918940
1490880600,22.19,22.445,21.886,22.004,34168400
1490967000,21.999,22.099,21.803,21.896,25896610
1491226200,21.9,21.999,21.66623,21.88,19210170
1491312600,21.817,22.041,21.788,21.896,12633930
1491399000,21.954,22.05,21.68,21.713,15689710
1491485400,21.67,21.8465,21.559,21.75,14615300
1491571800,21.75,21.984,21.704,21.825,16417960
1491831000,21.707,21.905,21.626,21.802,17994170
1491917400,21.656,21.8395,21.403,21.755,22218970
1492003800,21.567,21.6135,20.844,20.92,61025820
1492090200,20.921,21.397,20.9,21.132,42579430
1492435800,21.238,21.436,21.219,21.387,14507300
1492522200,21.306,21.371,21.206,21.31,8485900
1492608600,21.378,21.483,21.326,21.363,12081460
1492695000,21.5,21.912,21.422,21.821,16915850
1492781400,21.742,21.833,21.61608,21.766,14683420
1493040600,22.069,22.19,21.968,22.124,17539140
1493127000,22.202,22.4,22.195,22.32,14810830
1493213400,22.349,22.393,22.087,22.168,14726250
1493299800,22.289,22.409,22.206,22.309,11849790
1493386200,22.283,22.3135,21.977,22.081,16489940
1493645400,22.209,22.226,21.991,22.132,15338630
1493731800,22.346,22.55,22.15,22.545,27276710
1493818200,22.451,22.619,22.3545,22.49,18001970
1493904600,22.526,22.586,22.186,22.34,16249560
1493991000,22.496,22.649,22.4045,22.645,23127750
1494250200,22.652,22.71003,22.386,22.508,17448070
1494336600,22.562,22.94,22.4705,22.846,19260810
1494423000,22.949,23.342,22.869,23.133,24433120
1494509400,23.068,23.185,22.824,23.109,14823470
1494595800,23.148,23.605,23.084,23.596,25851630
1494855000,23.561,23.99,23.5,23.903,29172160
1494941400,23.994,24.129,23.869,24.068,18128370
1495027800,23.8,23.897,23.109,23.118,31447160
1495114200,23.158,23.862,22.768,23.766,30699260
1495200600,23.671,23.6985,23.205,23.41,35811630
1495459800,23.553,23.898,23.42201,23.838,20419010
1495546200,23.835,23.893,23.5842,23.654,13695510
1495632600,23.846,24.001,23.697,23.96,16466940
1495719000,24.111,24.156,23.873,24.086,19010220
1495805400,24.09,24.16,23.832,24.121,13120450
1496151000,24.05,24.139,23.9,23.982,29363540
1496237400,24.252,24.289,23.756,23.948,44829840
1496323800,24.16,24.187,23.381,23.459,63774230
1496410200,24.854,25.582,24.415,25.453,108612910
1496669400,25.4,25.678,25.02,25.221,39531600
1496755800,25.077,25.534,25.062,25.386,29652640
1496842200,25.368,25.585,25.297,25.428,29289930
1496928600,25.5,25.61,25.232,25.495,28272980
1497015000,25.551,25.6,24.145,24.334,58191420
1497274200,24.03975,24.311,23.5751,24.267,54872310
1497360600,24.496,24.79115,24.167,24.294,30852650
1497447000,24.357,24.495,23.7625,24.054,34508940
1497533400,23.534,23.949,23.527,23.799,27527250
1497619800,23.893,23.943,23.513,23.625,35819320
1497879000,24.481,24.481,24.035,24.115,28519200
1497965400,24.2,24.365,23.9845,23.999,24429340
1498051800,24.358,24.5905,24.19201,24.512,35002250
1498138200,24.551,24.641,24.308,24.404,18666430
1498224600,24.354,24.687,24.27902,24.526,34985020
1498483800,24.599,24.79,24.12,24.275,32103130
1498570200,24.136,24.199,23.523,23.533,33581600
1498656600,23.659,24.173,23.45,24.105,24533450
1498743000,23.87,23.897,23.05701,23.404,34513100
1498829400,23.627,23.669,23.286,23.305,26533760
1499088600,23.451,23.524,22.908,22.976,21123300
1499261400,23.1,23.233,22.911,23.161,29698820
1499347800,22.756,23.573,22.75,23.504,26333800
1499434200,23.53,24.019,23.527,23.962,24730860
1499693400,24.051,24.194,23.881,24.177,22498720
1499779800,24.2,24.26,23.939,24.089,20501680
1499866200,24.3,24.718,24.106,24.642,27710470
1499952600,24.712,24.987,24.655,24.731,20400480
1500039000,24.863,25.04,24.785,25.029,14417200
1500298200,25.079,25.236,24.886,24.902,18745730
1500384600,24.726,25.093,24.606,25.088,13003370
1500471000,25.2,25.454,25.055,25.44,25526460
1500557400,25.45,25.5,25.235,25.343,12135440
1500643800,25.153,25.352,25.046,25.311,15503910
1500903000,25.329,25.368,25.169,25.303,13638360
1500989400,25.28,25.441,25.018,25.43,16123230
1501075800,25.469,25.819,25.462,25.701,19971400
1501162200,25.821,25.849,24.895,25.095,32009800
1501248600,24.892,25.1115,24.75,25.037,31918600
1501507800,25.098,25.245,24.546,24.666,18991180
1501594200,24.823,25,24.696,24.839,17581940
1501680600,25.46,25.728,25.1055,25.336,36970180
1501767000,25.281,25.3,24.723,25.029,23446510
1501853400,25.0735,25.097,24.812,24.917,13454230
1502112600,24.939,25.289,24.89,25.244,18730240
1502199000,25.198,25.429,25.042,25.136,20439010
1502285400,24.953,25.036,24.752,24.917,21256090
1502371800,24.666,24.7,24.046,24.071,29033450
1502458200,24.005,24.524,23.87,24.417,16976120
1502717400,24.686,25.125,24.6,25.091,16737250
1502803800,25.22,25.406,25.127,25.369,20941950
1502890200,25.432,25.474,25.181,25.342,15393990
1502976600,25.3,25.425,24.665,24.695,22792880
1503063000,24.733,25.148,24.613,24.937,20131720
1503322200,25.189,25.189,24.618,24.962,20693480
1503408600,25.183,25.619,25.1,25.519,26916910
1503495000,25.392,25.891,25.339,25.692,27927590
1503581400,25.867,25.936,25.11,25.505,52118960
1503667800,25.225,25.44,24.378,24.559,69098860
1503927000,24.704,24.764,24.25003,24.325,34173740
1504013400,24.129,24.458,24.003,24.173,33535770
1504099800,24.156,24.634,24.0881,24.602,21924330
1504186200,24.662,25.253,24.555,25.207,29490910
1504272600,25.233,25.534,25.23,25.273,23242330
1504618200,25.012,25.273,24.702,24.905,24322410
1504704600,25.061,25.131,24.77,24.938,13995960
1504791000,24.979,25,24.613,24.655,16088150
1504877400,24.592,24.6397,24.31001,24.411,18100400
1505136600,24.708,24.824,24.601,24.774,16878020
1505223000,24.966,24.974,24.55,24.714,18403840
1505309400,24.582,24.791,24.515,24.624,29663590
1505395800,24.462,24.751,24.324,24.695,28645160
1505482200,24.763,25.119,24.511,25.055,50065890
1505741400,25.105,25.283,24.861,24.982,25742760
1505827800,25.117,25.18499,24.833,24.976,22088070
1505914200,24.974,24.988,23.786,24.291,57009510
1506000600,24.246,24.27,23.818,24.038,28620160
1506087000,23.834,24.0745,23.812,23.924,23100300
1506346200,23.719,23.781,23.153,23.551,38692150
1506432600,23.788,23.995,23.531,23.727,39009720
1506519000,23.95,24.267,23.858,24.058,26488520
1506605400,23.951,24.336,23.95,24.294,21932290
1506691800,24.294,24.428,24.151,24.254,17319030
1506951000,24.531,24.531,23.975,24.047,19430790
1507037400,24.008,24.0945,23.789,23.95,25611180
1507123800,23.878,24.233,23.751,24.2,23270630
1507210200,24.327,24.574,24.237,24.367,22817190
1507296600,24.03,24.575,24.03,24.574,17488560
1507555800,24.6,24.725,24.539,24.642,16559010
1507642200,24.753,24.816,24.304,24.599,15347960
1507728600,24.521,25.117,24.514,25.04,26602690
1507815000,25.042,25.128,24.828,24.874,20071910
1507901400,25.015,25.084,24.747,24.796,15264090
1508160600,24.858,24.947,24.562,24.667,14906530
1508247000,24.584,24.594,24.234,24.262,26965430
1508333400,24.333,24.461,23.98,24.4,19905460
1508419800,24.082,24.437,23.83644,24.429,25844480
1508506200,24.696,24.7,24.376,24.424,23547610
1508765400,24.518,24.5645,24.271,24.427,23419590
1508851800,24.507,24.814,24.411,24.768,22886740
1508938200,24.588,24.8925,24.423,24.582,20955180
1509024600,24.727,24.785,24.376,24.376,24445990
1509111000,24.457,25.299,24.279,25.29,44753300
1509370200,25.33,26.22,25.327,26.123,50201580
1509456600,26.25,26.67,26.13,26.391,32845020
1509543000,26.424,26.564,25.689,25.929,27332510
1509629400,26.217,26.464,24.887,25.95,67195550
1509715800,26.403,27.8,25.711,27.363,120502800
1509978600,27.83,28.18,27.003,27.752,78088040
1510065000,27.2535,27.45,26.754,27.132,36789070
1510151400,26.933,27.382,26.724,27.24,30253900
1510237800,26.864,27.04,26.25,26.564,30979860
1510324200,26.579,26.664,26.36,26.496,20338270
1510583400,26.25,26.598,26.155,26.501,28067850
1510669800,26.33,26.558,26.126,26.326,19717770
1510756200,26.23,26.7,25.80301,26.56,29031770
1510842600,26.68,27.465,26.611,27.211,31000330
1510929000,27.177,27.211,26.843,27.186,24068510
1511188200,27.262,27.675,27.139,27.488,28639160
1511274600,27.61,27.8205,27.491,27.659,20903110
1511361000,27.702,27.771,27.41705,27.537,18642010
1511533800,27.667,28.299,27.651,28.238,11564440
1511793000,28.026,28.568,27.977,28.462,26230090
1511879400,28.486,28.49,27.684,27.74,26795570
1511965800,27.8,27.8135,26.487,27.15,47230740
1512052200,27.178,27.83507,27.009,27.794,31451700
1512138600,27.521,27.551,26.405,27.156,47729010
1512397800,27.391,27.452,26.014,26.361,48439490
1512484200,26.266,26.612,26.045,26.165,38117190
1512570600,25.883,26.442,25.42,26.389,48751030
1512657000,27.489,27.57,26.16728,26.389,79281700
1512743400,26.577,26.694,25.93,25.991,41848130
1513002600,25.934,26.355,25.879,25.995,34940890
1513089000,25.936,26.088,25.5715,25.87,28540820
1513175400,26.041,26.329,26.018,26.203,26946280
1513261800,26.234,26.3,25.67,25.934,37594570
1513348200,26.165,26.6,25.82575,26.573,45091400
1513607400,26.408,26.651,26.259,26.439,29785800
1513693800,26.33,26.52863,26.12709,26.37,19094210
1513780200,26.614,26.635,26.278,26.564,19844670
1513866600,26.595,26.625,26.107,26.153,17758130
1513953000,26.182,26.33707,25.87,26.235,14616800
1514298600,25.723,26.235,25.339,25.81,22256270
1514385000,25.884,26.16095,25.85,25.912,35615390
1514471400,26.016,26.08,25.855,26.042,13647030
1514557800,25.977,26.1945,25.664,25.69,17980030
1514903400,25.977,26.75,25.757,26.701,33135220
1514989800,26.7285,27.073,26.603,26.993,31160640
1515076200,27.159,27.176,26.843,27.002,19067280
1515162600,27.197,27.426,26.945,27.162,28632570
1515421800,27.092,27.255,26.906,27.227,20970830
1515508200,27.306,27.385,26.819,26.85,26027080
1515594600,26.598,26.614,26.073,26.283,31606760
1515681000,26.357,26.385,26.155,26.35,17726140
1515767400,26.339,26.532,26.201,26.429,19883920
1516113000,26.518,26.7,26.166,26.325,33528190
1516199400,26.548,26.653,26.046,26.581,37364670
1516285800,26.546,27.006,26.448,26.98,30319290
1516372200,26.915,26.944,26.607,26.639,29962800
1516631400,26.565,26.677,26.062,26.211,27230460
1516717800,26.174,26.4411,25.811,26.29,35398180
1516804200,26.097,26.327,25.6,25.686,45404600
1516890600,25.774,25.784,24.7,24.729,59520190
1516977000,24.942,25.095,24.52406,25.079,49014400
1517236200,24.828,24.949,24.349,24.547,50400910
1517322600,24.125,24.503,23.701,24.098,46002170
1517409000,25,25.314,24.486,24.803,80481760
1517495400,24.172,24.59,23.81,23.879,66851160
1517581800,23.677,23.796,23.409,23.548,58352310
1517841000,23.468,24.4,22.76004,22.81,70776450
1517927400,22.562,24.04,22.49,24.038,77744220
1518013800,23.876,24.31,23.7,23.738,40474860
1518100200,23.739,23.852,22.951,22.957,43199500
1518186600,23.279,23.712,22.625,23.55,43282480
1518445800,23.786,24.548,23.75,24.44,35062660
1518532200,24.101,24.603,24.006,24.586,23718560
1518618600,24.5,24.865,24.348,24.766,25491050
1518705000,24.928,25.184,24.443,25.183,25539770
1518791400,25.127,25.237,24.804,24.889,32638770
1519137000,24.875,25.574,24.752,24.962,41692780
1519223400,25.249,25.347,24.8448,24.862,28155560
1519309800,24.912,25.31,24.827,24.935,19341900
1519396200,25.214,25.503,25.029,25.371,18279710
1519655400,25.196,25.444,25.1,25.295,28878000
1519741800,25.209,25.567,25.168,25.181,21176220
1519828200,25.408,25.449,24.598,24.646,28834000
1519914600,24.586,24.912,24.131,24.331,26044350
1520001000,24.043,25.118,24.023,25.087,27401640
1520260200,24.99,25.1335,24.342,24.698,25899600
1520346600,24.931,25.13,24.732,25.096,30030040
1520433000,24.869,24.94,24.4332,24.705,31548590
1520519400,24.826,24.83,24.5915,24.695,33554030
1520605800,24.858,25.4275,24.763,25.378,30781820
1520861400,26.065,26.42993,25.962,26.284,53880860
1520947800,26.643,27.385,26.023,26.122,66854630
1521034200,26.2,26.234,25.515,26.059,39618930
1521120600,26.373,26.89,26.35,26.776,57989990
1521207000,26.3,26.36,25.441,25.487,113954910
1521466200,25.31,25.649,24.2772,24.495,71266770
1521552600,24.51,24.805,24.128,24.236,61917680
1521639000,24.058,25.059,24.006,24.6,54912220
1521725400,24.203,24.67195,24.15,24.357,43077810
1521811800,24.338,24.5215,24.0405,24.248,59069540
1522071000,24.767,24.883,24.051,24.773,48713410
1522157400,24.808,25.425,24.16,24.437,63917010
1522243800,24.408,24.693,23.56,23.668,41744050
1522330200,23.809,24.084,23.476,23.565,46874130
1522675800,23.395,23.612,22.544,22.768,53087860
1522762200,23.086,23.698,22.721,23.678,45568700
1522848600,23.005,23.792,22.95,23.699,37719740
1522935000,24.076,24.168,23.5,23.631,35798190
1523021400,23.373,23.654,22.776,22.887,30247590
1523280600,22.998,23.966,22.926,23.474,37493720
1523367000,23.956,24.156,23.766,23.975,35372280
1523453400,23.812,24.072,23.708,24.032,19922020
1523539800,24.143,24.264,23.71,23.943,41035880
1523626200,25,25.2,24.49,24.694,48312330
1523885400,24.909,24.989,24.568,24.937,25171750
1523971800,25.089,25.285,24.964,25.174,25083830
1524058200,25.1,25.167,24.746,24.959,20510640
1524144600,24.354,24.628,24.066,24.286,50140990
1524231000,24.122,24.16,23.501,23.712,41529920
1524490200,23.799,23.832,23.212,23.345,31337100
1524576600,23.574,23.612,22.669,22.839,44888790
1524663000,22.9,23.11,22.586,22.9,34022900
1524749400,23.1,23.188,22.83,23.042,32750880
1524835800,23.357,23.42,23.07,23.278,27211390
1525095000,23.258,23.412,22.832,22.942,39681590
1525181400,23.0845,23.0845,22.636,23.038,44947150
1525267800,23.33,23.344,22.68,22.874,52950340
1525354200,22.649,22.788,22.268,22.525,58011390
1525440600,22.365,23.209,22.198,23.052,51302800
1525699800,23.13,23.69,23.1,23.597,36953390
1525786200,23.574,23.896,23.4816,23.885,40148830
1525872600,23.58,23.913,23.40477,23.805,35031160
1525959000,23.973,24.373,23.861,24.351,25747260
1526045400,24.308,24.45,24.16,24.338,24052050
1526304600,24.628,24.842,24.38,24.476,27579540
1526391000,24.231,24.444,23.85,24.158,24983860
1526477400,24.214,24.221,23.899,24.051,29329640
1526563800,23.812,24.166,23.80003,23.945,22825190
1526650200,23.986,24.062,23.588,23.599,25262000
1526909400,23.946,24.05,23.667,23.905,25719500
1526995800,24.024,24.13695,23.758,23.849,19217710
1527082200,23.623,24.063,23.603,24.056,23453570
1527168600,24.086,24.436,24,24.353,22799280
1527255000,24.404,25.068,24.404,25.003,32214250
1527600600,24.864,25.111,24.84675,24.969,28281010
1527687000,25.118,25.203,24.933,24.94,26843690
1527773400,24.926,25.529,24.9,25.207,34698050
1527859800,25.437,25.77,25.254,25.634,26360230
1528119000,25.8,25.936,25.623,25.837,25885500
1528205400,25.946,26.135,25.804,25.926,42374110
1528291800,26.074,26.378,25.971,26.352,37465300
1528378200,26.3,26.648,26.292,26.468,46076580
1528464600,25.674,25.993,25.374,25.797,73693820
1528723800,25.786,26.18,25.632,26.083,31859410
1528810200,26.033,26.173,25.84,26.143,27594000
1528896600,26.176,26.607,26.071,26.358,34868220
1528983000,26.5,26.907,26.41,26.846,37041620
1529069400,26.866,27.181,26.633,27.023,60968660
1529328600,26.9,26.9,26.423,26.45,30190560
1529415000,25.6,26.113,25.415,26.095,36221470
1529501400,26.15,26.402,26.074,26.122,24951250
1529587800,26.158,26.257,25.844,25.965,18186370
1529674200,26.118,26.15,25.896,25.971,52411770
1529933400,25.642,25.642,25.043,25.242,29705320
1530019800,25.3,25.461,25.055,25.154,24233270
1530106200,25.209,25.516,24.685,24.711,24719870
1530192600,24.628,24.732,24.2265,24.49,33241280
1530279000,24.695,24.695,24.257,24.264,42793820
1530538200,24.009,24.222,23.742,24.205,33369180
1530624600,24.336,24.339,23.9,23.929,11590500
1530797400,24.179,24.561,24.068,24.54,25298800
1530883800,24.49,24.86,24.442,24.768,23112140
1531143000,24.9,24.923,24.5525,24.743,17954800
1531229400,24.834,25.18,24.705,25.056,16413190
1531315800,24.495,24.754,24.261,24.344,35760700
1531402200,20.708,21.028,19.74567,20.998,435082790
1531488600,21.25,21.4,20.19,20.246,161800770
1531747800,20.16,20.638,20.053,20.325,102276590
1531834200,20.221,20.909,20.201,20.831,110827190
1531920600,20.722,20.988,20.663,20.878,80834300
1532007000,20.829,21.148,20.804,21.037,63247210
1532093400,21.01,21.121,20.876,21.033,63831100
1532352600,21.041,21.864,21.04,21.672,82211270
1532439000,21.78,22.03895,21.6,21.734,81157810
1532525400,21.771,22.865,21.771,22.597,93628280
1532611800,22.65,22.977,22.157,22.318,85069040
1532698200,22.401,22.929,22.007,22.105,79443170
1532957400,22.111,22.8015,22.105,22.519,75275490
1533043800,22.668,22.884,22.154,22.177,63860080
1533130200,22.326,22.394,21.62,21.68,42668860
1533216600,21.427,21.826,21.325,21.635,40311560
1533303000,21.575,21.8,21.44,21.781,24832440
1533562200,21.663,21.83051,21.586,21.695,22638600
1533648600,21.922,22.1835,21.714,22.031,29800020
1533735000,22.054,22.123,21.895,21.946,15804690
1533821400,22.015,22.02478,21.594,21.658,27563420
1533907800,21.281,21.448,21.046,21.223,37024740
1534167000,21.165,21.3979,21.045,21.108,29842210
1534253400,21.158,21.158,20.684,20.73,36327090
1534339800,20.513,20.758,20.277,20.658,41132080
1534426200,20.777,20.886,20.6685,20.869,29239180
1534512600,20.797,21.119,20.551,20.927,39092880
1534771800,20.948,21,20.586,20.672,54492910
1534858200,20.752,21.144,20.711,21.051,29956130
1534944600,21.045,21.171,20.743,20.754,26890420
1535031000,20.773,20.908,20.528,20.559,35578010
1535117400,20.635,20.927,20.468,20.9,20544070
1535376600,21.025,21.43747,20.863,21.297,28213290
1535463000,21.463,21.596,21.257,21.443,24339650
1535549400,21.481,21.58,21.345,21.499,18124620
1535635800,21.497,21.694,21.4605,21.665,26529370
1535722200,21.603,21.932,21.585,21.903,27622980
1536067800,21.859,22.029,21.713,21.943,36662780
1536154200,21.995,22.18,21.958,22.142,37194220
1536240600,22.15,22.282,21.392,21.597,62509070
1536327000,22.42,23.541,22.4,23.258,104702500
1536586200,23.466,24.095,23.205,24.061,60879910
1536672600,23.77,23.97,23.04,23.255,60755430
1536759000,22.81,23.085,22.283,22.989,53079480
1536845400,23.369,23.922,23.112,23.542,43757270
1536931800,23.516,23.709,23.369,23.634,28095480
1537191000,24,24.03,23.431,23.483,36739180
1537277400,23.5,24.14,23.487,23.973,50510710
1537363800,24.047,24.249,23.977,24.179,31159840
1537450200,24.299,24.604,24.172,24.493,39985940
1537536600,24.633,24.877,24.518,24.81,135320540
1537795800,24.805,25.01,24.731,24.945,45326520
1537882200,24.898,24.935,24.58,24.765,47037390
1537968600,24.564,24.805,24.48,24.543,33428450
1538055000,24.569,24.788,24.4911,24.645,29571540
1538141400,24.554,24.697,24.385,24.673,26739110
1538400600,24.788,25.21413,24.767,24.951,27710180
1538487000,24.914,25.171,24.792,24.81,24887790
1538573400,24.881,25.133,24.704,24.942,19607130
1538659800,24.666,24.973,24.62,24.817,25663020
1538746200,24.839,25.005,24.24,24.423,33859510
1539005400,24.331,24.542,24.038,24.137,33396970
1539091800,24.059,24.57267,24.037,24.47,24675810
1539178200,24.293,24.507,23.164,23.183,56327410
1539264600,23.197,23.56,22.719,22.89,37423590
1539351000,23.476,23.567,22.911,23.295,32590300
1539610200,23.103,23.533,23.004,23.247,30099360
1539696600,23.6,23.876,23.418,23.832,30354750
1539783000,23.974,23.974,23.392,23.717,20262360
1539869400,23.543,23.682,22.65301,22.802,37442720
1539955800,23,23.109,22.693,22.828,32232640
1540215000,23.056,23.243,22.804,22.862,25618690
1540301400,22.281,22.954,21.88227,22.905,35990230
1540387800,22.64,22.641,21.784,21.871,37810200
1540474200,21.988,22.339,21.915,22.224,35193220
1540560600,21.557,21.734,20.92,21.315,53324070
1540819800,21.619,21.869,20.823,21.15,28636140
1540906200,21.378,22.156,21.1,22.101,29696700
1540992600,22.5,22.567,22.171,22.349,28148970
1541079000,22.516,23.423,22.372,22.988,36830370
1541165400,22.533,22.597,21.775,22.077,40240800
1541428200,21.902,22.11,21.371,22.009,27608870
1541514600,22.03,22.916,21.972,22.825,29466740
1541601000,23.199,23.529,22.921,23.44,29003560
1541687400,23.271,24.262,23.271,24.025,29795580
1541773800,23.5,23.902,23.254,23.899,33611280
1542033000,23.1,23.187,22.028,22.363,50305870
1542119400,22.549,22.982,22.232,22.483,26696590
1542205800,22.676,23.053,22.562,22.62,25411060
1542292200,22.622,23.931,22.586,23.634,36694190
1542378600,23.382,23.92,23.165,23.761,36005470
1542637800,23.653,24.108,22.854,22.913,35322110
1542724200,22.394,22.90765,22.258,22.771,32123760
1542810600,23.022,23.331,22.751,23,19926260
1542983400,22.758,23.269,22.758,22.99,8065950
1543242600,23.422,23.815,23.155,23.531,28713820
1543329000,23.358,23.837,23.242,23.583,30408540
1543415400,23.65,23.8,23.162,23.522,31080320
1543501800,23.427,23.863,23.276,23.578,17919540
1543588200,23.54,23.828,23.339,23.741,40082850
1543847400,24.52,24.704,24.147,24.207,35240310
1543933800,24.049,24.113,23.158,23.204,36455180
1544106600,22.624,22.725,21.761,22.724,57858750
1544193000,23.405,23.828,22.45,22.856,78395820
1544452200,22.795,24.032,22.651,23.925,43343840
1544538600,24.346,25.034,24.342,24.684,57729650
1544625000,25.244,26.019,25.2,25.498,68707340
1544711400,25.846,26.15,25.458,25.83,54355090
1544797800,25.536,26.159,25.463,25.483,42727380
1545057000,25.399,26.132,25.308,25.413,56238300
1545143400,25.508,25.559,24.881,24.967,51849470
1545229800,24.9,25.593,24.252,24.389,59727630
1545316200,24.44,24.85,23.845,24.189,75365290
1545402600,24.189,25.17446,24.189,24.491,102137900
1545661800,24.2,24.37,23.351,23.38,28493660
1545834600,23.778,24.85,23.34954,24.814,36741330
1545921000,24.5,25.123,24.214,25.085,37507250
1546007400,25.3,25.806,25.116,25.359,28702040
1546266600,25.783,25.85,25.095,25.428,26589960
1546439400,24.885,25.47047,24.649,25.351,30345530
1546525800,24.456,24.654,23.03327,23.096,68579600
1546612200,23.429,23.645,23.167,23.323,54247670
1546871400,23.365,24.024,23.076,23.798,53433060
1546957800,24.011,24.19,23.3368,23.607,36795210
1547044200,23.842,24.668,23.785,24.628,52971130
1547130600,24.557,25.0565,24.436,24.952,29593550
1547217000,24.943,25.292,24.932,25.057,20158270
1547476200,24.811,25.158,24.59,25.087,25499600
1547562600,25.276,26.222,25.201,25.649,39246850
1547649000,25.72,25.735,25.136,25.17,24483740
1547735400,25.006,25.735,24.872,25.533,35153600
1547821800,25.913,26.194,25.7,26.082,34634480
1548167400,25.8,25.946,25.4895,25.829,37155810
1548253800,25.954,26.091,25.365,25.752,31771000
1548340200,26.109,26.675,26,26.355,35999100
1548426600,26.517,26.831,26.091,26.794,30347600
1548685800,26.156,26.885,25.865,26.762,31320060
1548772200,26.735,26.76,26.383,26.632,27870320
1548858600,27,27.375,26.737,27.082,28726540
1548945000,27.056,27.1,26.635,26.825,21062740
1549031400,26.915,26.96,26.489,26.681,22877550
1549290600,26.75,27.214,26.495,27.212,20760930
1549377000,27.196,27.463,26.991,27,22621280
1549463400,27.327,28,27.275,27.621,27064130
1549549800,27.286,27.457,26.63,26.909,28647390
1549636200,26.733,27.429,26.706,27.406,23902880
1549895400,27.44,27.6,27.328,27.572,18011880
1549981800,27.865,28.039,27.706,27.939,19809160
1550068200,28,28.216,27.797,28.132,19192180
1550154600,28.06,28.284,27.895,28.15,16015040
1550241000,28.409,28.409,27.87914,28.193,17351750
1550586600,28.115,28.283,28.0155,28.166,15151750
1550673000,28.325,28.6625,28.22781,28.342,16149510
1550759400,28.324,28.335,27.893,28.094,13256170
1550845800,27.995,28,27.466,27.65,27228140
1551105000,28.078,28.083,27.848,27.86,19244600
1551191400,27.793,27.801,27.445,27.5,27212160
1551277800,27.322,27.51,26.958,27.149,29146400
1551364200,26.997,27.5709,26.863,27.536,31460530
1551450600,27.773,27.81619,27.113,27.275,19037850
1551709800,27.5,27.658,27.086,27.489,17381610
1551796200,27.55,28.044,27.453,27.701,21699080
1551882600,27.666,27.693,27.048,27.135,19973850
1551969000,27.018,27.0335,26.408,26.551,25410820
1552055400,26.156,26.476,25.92,26.419,22169900
1552311000,26.489,27.055,26.405,26.906,27160540
1552397400,26.976,27.003,26.427,26.963,23324240
1552483800,27.051,27.308,26.902,27.121,32088710
1552570200,27.209,27.226,26.78909,26.82,43094320
1552656600,28.646,29.95479,28.35,29.029,144065980
1552915800,29.023,29.698,29.021,29.384,56748590
1553002200,29.416,30.098,29.411,29.931,51556040
1553088600,29.8,29.9,29.029,29.103,41265800
1553175000,29.188,29.937,29.1,29.68,27379610
1553261400,29.592,29.64368,29.14,29.265,23309010
1553520600,29.22,29.418,28.9002,29.216,23878760
1553607000,29.437,29.947,29.42255,29.703,28011540
1553693400,29.757,29.868,29.246,29.597,21861800
1553779800,29.711,30.33,29.567,29.907,33029520
1553866200,30.122,30.26744,29.828,30.071,24493440
1554125400,30.311,30.675,29.975,30.579,27039600
1554211800,30.616,30.735,30.261,30.305,22856930
1554298200,30.622,30.74,30.182,30.42,23152890
1554384600,30.475,30.6,30.167,30.2,15228140
1554471000,30.4,30.444,30.18,30.428,18875370
1554730200,30.414,30.53,30.19975,30.448,13898710
1554816600,30.258,30.411,30.029,30.345,11620510
1554903000,30.36,30.777,30.3,30.751,14991920
1554989400,30.815,31.019,30.623,30.941,16670170
1555075800,31.135,31.744,31.057,31.703,30089580
1555335000,31.703,31.752,31.3165,31.64,16216820
1555421400,32,32.001,31.61,31.85,21117350
1555507800,32.024,32.094,31.784,32.053,18137930
1555594200,32.104,32.24458,31.816,31.862,26548050
1555939800,31.732,31.789,31.42,31.5,13507280
1556026200,31.676,31.809,31.419,31.564,19776750
1556112600,31.458,31.7005,31.319,31.433,23334880
1556199000,31.295,31.295,30.657,31.182,26736090
1556285400,30.915,31.095,30.511,31.041,16403750
1556544600,31.124,31.467,31.044,31.272,13403580
1556631000,31.332,31.842,31.253,31.84,18953210
1556717400,32.05,32.32,31.86861,31.89,18157930
1556803800,31.998,32.2185,31.423,31.582,20428240
1556890200,31.495,31.665,31.069,31.571,19213730
1557149400,30.679,31.193,30.535,31.157,14374030
1557235800,30.865,30.9615,30.373,30.729,21734090
1557322200,30.53,30.766,30.311,30.339,15098660
1557408600,30,30.585,29.68501,30.406,22282240
1557495000,30.323,30.5405,29.666,30.396,21024860
1557754200,29.382,29.568,28.82,29.338,37864340
1557840600,29.569,30.46,29.548,30.2,34276990
1557927000,30.027,30.777,29.86139,30.437,18167850
1558013400,29.975,30.31,29.47,29.729,34233130
1558099800,29.278,29.357,28.841,28.989,39094390
1558359000,27.8,27.995,26.864,27.259,65161540
1558445400,27.709,27.978,27.465,27.533,25060080
1558531800,27.048,27.506,26.897,26.922,31808920
1558618200,26.458,26.549,25.817,26.009,46607030
1558704600,26.27,26.574,25.574,25.594,27963270
1559050200,25.657,25.773,25.009,25.448,61965270
1559136600,25.274,25.637,25.158,25.412,28132430
1559223000,25.466,25.734,25.412,25.662,17312870
1559309400,25.304,25.5735,25.1,25.164,22193800
1559568600,25.255,25.833,25.12,25.318,28910660
1559655000,25.696,26.6,25.576,26.57,36808020
1559741400,26.901,27.151,26.24,26.572,23654440
1559827800,26.702,27.5,26.528,27.279,32686760
1559914200,27.478,27.78744,27.328,27.487,25966900
1560173400,27.673,28.477,27.672,28.021,23279890
1560259800,29.049,29.175,27.94126,28.348,37106480
1560346200,28.167,28.316,27.741,27.973,27057120
1560432600,28.152,28.289,27.741,28.161,37734570
1560519000,25.811,26.809,25.747,26.593,100797200
1560778200,26.484,26.87,26.134,26.597,35785490
1560864600,26.815,28.302,26.64615,27.805,54920440
1560951000,27.878,27.907,27.371,27.749,28920320
1561037400,28.251,28.545,27.716,27.905,57291240
1561123800,27.661,28.1,27.396,27.399,45399470
1561383000,27.552,27.945,27.5,27.92,20506170
1561469400,27.916,28.288,27.602,27.651,24435970
1561555800,27.858,28.403,27.81,28.144,24773960
1561642200,28.293,28.845,28.223,28.571,21812730
1561728600,28.786,28.93,28.482,28.786,49264980
1561987800,30.168,30.575,29.6325,30.035,44955680
1562074200,29.888,30.067,29.39,29.533,19011170
1562160600,28.37,28.878,28.3015,28.489,49410800
1562333400,28.365,28.544,28.197,28.266,24565330
1562592600,28,28.11851,27.439,27.496,34290560
1562679000,27.345,27.598,27.241,27.553,26132460
1562765400,27.786,27.88,27.4,27.45,30134470
1562851800,27.524,27.74523,27.295,27.606,20713270
1562938200,27.638,28.593,27.638,28.539,21971170
1563197400,29.11035,29.449,28.727,28.834,30336690
1563283800,28.699,28.779,28.23914,28.413,14617520
1563370200,28.556,28.729,28.319,28.508,15452970
1563456600,28.618,29.03,28.38,28.978,19369830
1563543000,29.183,29.316,28.953,29,22049950
1563802200,29.3,29.999,29.224,29.615,33912970
1563888600,29.95,30.236,29.921,30.078,19691620
1563975000,30.12,30.488,30.05,30.377,19010440
1564061400,30.213,30.213,29.94,30.039,15740660
1564147800,30.159,30.3015,30.053,30.092,14995590
1564407000,30.123,30.255,29.69576,30.174,12068050
1564493400,29.909,30.093,29.71,29.956,11164390
1564579800,30.003,30.083,28.667,28.999,20819390
1564666200,28.913,29.782,28.232,28.534,21910690
1564752600,28.207,28.384,27.591,27.853,20079510
1565011800,27.195,27.224,26.408,26.766,27764820
1565098200,27.013,27.218,26.456,26.644,22199340
1565184600,26.403,27.2722,26.3,27.005,22244080
1565271000,27.038,27.25599,26.25,27.098,29163380
1565357400,26.958,28.055,26.958,27.573,30734620
1565616600,27.338,27.821,27.254,27.564,20039690
1565703000,27.53,28.55,27.203,28.37,22941240
1565789400,27.879,28.01525,27.038,27.156,27108110
1565875800,27.2,27.278,26.485,26.864,20142330
1565962200,27.215,27.575,27.198,27.378,18203050
1566221400,27.95,28.0065,27.56125,27.878,17489100
1566307800,27.816,28.4955,27.701,28.037,17920710
1566394200,28.464,28.826,28.405,28.75,19384880
1566480600,28.839,28.941,28.455,28.762,12299400
1566567000,28.399,28.548,27.105,27.213,25762800
1566826200,27.695,27.795,27.5,27.722,14250160
1566912600,27.915,28.022,27.491,27.557,14298870
1566999000,27.433,27.641,27.047,27.606,17201950
1567085400,28.149,28.549,28.105,28.337,16430010
1567171800,28.536,28.59,27.99,28.264,16721150
1567517400,28,28.085,27.093,27.405,22210280
1567603800,27.879,28.435,27.82,28.302,19868350
1567690200,28.836,29.368,28.8355,29.102,20940580
1567776600,29.185,29.33,28.93,29.191,13747580
1568035800,29.5,29.72,29.04,29.261,21689050
1568122200,29.135,29.445,28.882,29.444,20851020
1568208600,29.632,29.878,29.455,29.801,19259890
1568295000,30.143,30.233,29.647,30.058,33109300
1568381400,29.765,29.799,28.389,29.032,62556960
1568640600,28.68,29.027,28.57,28.866,22175720
1568727000,28.802,28.93,28.375,28.883,22034730
1568813400,28.849,29.0755,28.388,28.774,17370650
1568899800,28.85,29.1945,28.723,29.064,19779180
1568986200,28.767,28.84,28.182,28.426,36893180
1569245400,28.362,28.716,28.208,28.546,15583790
1569331800,28.732,28.89,27.975,28.231,21042470
1569418200,27.175,27.721,27,27.577,55959040
1569504600,27.526,27.866,27.268,27.691,27652250
1569591000,27.663,28.12769,27.296,27.414,28942450
1569850200,27.579,27.672,27.25,27.607,20204100
1569936600,27.827,27.965,27.33824,27.485,19589150
1570023000,27.346,27.38,26.832,27.007,20002290
1570109400,27,27.45,26.722,27.443,19018690
1570195800,27.849,28.17,27.52,28.143,25916660
1570455000,28.001,28.102,27.57,27.608,19103030
1570541400,27.406,27.49,26.891,27.033,23067380
1570627800,27.368,27.491,27.202,27.315,16669270
1570714200,27.456,27.878,27.3655,27.445,18108860
1570800600,27.949,28.408,27.909,28.091,23890880
1571059800,28.042,28.265,27.988,28.166,13368950
1571146200,28.264,29.062,28.22,29.032,21499040
1571232600,28.9,29.01,28.654,28.848,20768930
1571319000,29.014,29.1715,28.832,28.943,13620190
1571405400,28.95,28.994,28.4,28.673,16980530
1571664600,28.844,29.19,28.706,28.957,13746680
1571751000,28.959,29.086,28.724,28.746,13440390
1571837400,28.296,28.354,27.876,28.032,20997890
1571923800,28.289,28.35,27.87,28.231,17159720
1572010200,28.326,29.137,28.32231,28.982,20868770
1572269400,29.116,29.248,28.832,29.155,12999410
1572355800,29.228,29.37,28.807,28.816,13272290
1572442200,29.001,29.097,28.652,29.024,17280680
1572528600,28.98,29.408,28.78,29.285,27880550
1572615000,29.299,29.659,29.209,29.659,21234010
1572877800,29.952,30.546,29.91001,30.5,34075320
1572964200,30.5,31.678,30.447,31.404,38711460
1573050600,31.206,31.428,30.871,31.316,18075990
1573137000,31.558,31.95,31.065,31.174,23982550
1573223400,30.987,31.36,30.513,31.341,17830100
1573482600,31.12,31.324,31.084,31.275,9154450
1573569000,31.4,31.6405,31.3257,31.553,16880390
1573655400,31.248,31.5705,31.2,31.367,13347970
1573741800,31.075,31.18374,30.611,30.897,17271260
1573828200,31.227,31.306,31.0075,31.291,18120440
1574087400,31.182,31.341,30.803,31.107,15851060
1574173800,31.665,32.567,31.665,31.77,31746320
1574260200,31.59,31.683,30.9,31.167,19952470
1574346600,31.114,31.57,30.98,31.525,19317350
1574433000,31.664,31.948,31.371,31.492,13216430
1574692200,31.661,32.01842,31.627,31.962,19636630
1574778600,31.9,32.018,31.605,31.627,30801010
1574865000,31.794,31.994,31.647,31.844,20183440
1575037800,31.685,31.779,31.5,31.621,9229240
1575297000,31.772,31.793,31.056,31.072,23177090
1575383400,30.582,30.9,30.313,30.652,19123560
1575469800,30.975,31.137,30.713,30.972,14439540
1575556200,31.059,31.2459,30.906,31.119,15494530
1575642600,31.464,31.634,31.206,31.605,16939280
1575901800,31.6,31.715,31.394,31.438,24793030
1575988200,31.51,31.591,31.325,31.506,14566780
1576074600,31.518,32.135,31.518,31.972,20847550
1576161000,31.973,33.016,31.943,32.78,39187330
1576247400,31.806,31.977,31.062,31.542,70987110
1576506600,31.797,32.75995,31.75301,32.313,37933280
1576593000,32.374,32.495,32.175,32.38,20252100
1576679400,32.44,33.12,32.355,32.744,35178810
1576765800,32.921,32.9255,32.371,32.41,31799040
1576852200,32.247,32.247,31.691,31.9,50542330
1577111400,32.054,32.23344,31.761,31.953,20254900
1577197800,32,32.068,31.901,32.05,7023760
1577370600,32.127,32.174,31.682,31.798,15857860
1577457000,31.93,31.935,31.522,31.653,14489160
1577716200,31.652,31.733,31.275,31.346,13104040
1577802600,31.312,31.636,31.28,31.602,12488870
1577975400,31.932,32.25,31.73184,32.239,19664110
1578061800,31.751,32,31.408,31.419,22876630
1578321000,31.0845,31.392,30.9625,31.372,20810810
1578407400,31.525,31.65765,31.225,31.264,18630620
1578493800,31.298,31.34907,30.841,30.874,32075460
1578580200,31.232,31.29899,30.305,30.626,42450890
1578666600,30.545,30.555,29.88,29.922,40711430
1578925800,30.002,30.38,29.967,30.118,22054200
1579012200,30.2,30.915,30.159,30.818,28912870
1579098600,30.731,30.788,30.07,30.314,22732600
1579185000,30.5,30.786,30.4205,30.705,21507710
1579271400,30.866,30.894,30.407,30.879,26898040
1579617000,30.78,30.951,30.633,30.807,21968690
1579703400,31.08,31.792,31.05,31.288,29263820
1579789800,31.518,31.98,31.082,31.965,30266450
1579876200,33.05,33.158,32.077,32.4,55781520
1580135400,31.641,31.988,30.864,30.903,38843150
1580221800,31.353,31.923,31.27718,31.831,23165940
1580308200,32.082,32.543,31.714,31.751,23673010
1580394600,31.432,31.552,30.859,31.52,21128180
1580481000,31.416,31.4585,30.3622,30.516,22122970
1580740200,30.563,30.66,30.364,30.523,21289940
1580826600,31.179,31.4565,30.9655,31.16,22558730
1580913000,31.75,31.981,31.586,31.738,24824750
1580999400,31.884,31.988,31.423,31.969,22683110
1581085800,31.832,31.852,31.4865,31.523,15884050
1581345000,31.237,31.4595,31.03,31.42,19218100
1581431400,31.665,32.079,31.601,32.016,15527030
1581517800,32.204,32.509,32.163,32.47,15310200
1581604200,32.148,32.546,32.095,32.397,13856630
1581690600,32.484,32.57,31.71,31.777,19136640
1582036200,31.5,31.501,30.805,31.075,26703240
1582122600,31.3,31.683,31.17,31.569,20525250
1582209000,31.396,31.569,30.612,30.924,25520880
1582295400,30.85,30.945,30.229,30.45,24530900
1582554600,29.42,29.88,29.006,29.16,36848710
1582641000,29.411,29.573,28.107,28.268,31891980
1582727400,28.435,28.82,28.4,28.588,23088560
1582813800,28.03,28.531,27.354,27.395,34837090
1582900200,26.333,27.413,26.274,27.262,44604240
1583159400,27.676,28.54,27.1155,28.497,31976470
1583245800,28.465,28.848,27.157,27.425,29929680
1583332200,27.754,28.572,27.477,28.545,23477890
1583418600,27.726,28.309,27.245,27.404,24374130
1583505000,26.698,27.093,26.25,26.945,30168770
1583760600,25.108,26.027,24.4245,24.772,43933600
1583847000,25.659,26.368,24.34,26.29,55075310
1583933400,25.388,25.649,24.249,24.597,36043720
1584019800,22.699,24.276,21.632,21.878,64281110
1584106200,22.5505,23.4465,20.116,23.422,84713690
1584365400,20.818,21.88,18.02254,18.758,76935020
1584451800,19.182,20.001,18.1475,19.951,70661560
1584538200,18.566,18.748,15.567,16.787,98992620
1584624600,16.764,20.747,16.5,19.445,74438210
1584711000,20.2,20.868,18.791,19.222,74043670
1584970200,19.28835,19.597,17.775,19.347,46920520
1585056600,20.564,21.871,20.12938,21.276,62969770
1585143000,21.219,24.39999,20.92201,21.755,64442450
1585229400,22.603,24.48,22.603,24.317,60233430
1585315800,23.3,24.209,23,23.069,39447710
1585575000,23.22,24.136,22.844,24.011,52343490
1585661400,23.8,25.271,23.6059,23.71,50215310
1585747800,22.799,23.441,21.968,22.363,41858320
1585834200,22.24,23.795,22.14476,23.706,45048830
1585920600,23.664,24.255,23.055,23.426,28961480
1586179800,24.458,25.34143,24.356,25.244,38867860
1586266200,26.184,26.55,25.253,25.327,45892070
1586352600,25.677,26.22,25.364,26.11,27565460
1586439000,26.579,26.75,25.131,25.43,34827590
1586784600,25.35,26.152,25.28,25.992,25728580
1586871000,26.612,26.838,26.232,26.763,23096320
1586957400,26.1,26.23228,25.616,25.744,25926480
1587043800,26.176,26.176,25.41101,25.829,26895920
1587130200,26.322,26.7425,25.894,26.588,34088800
1587389400,26,26.526,25.791,25.828,23801220
1587475800,25.456,25.479,24.68001,24.765,29138050
1587562200,25.477,26.222,25.074,25.997,35441840
1587648600,26.025,26.52,25.852,25.893,21661690
1587735000,25.981,26.507,25.888,26.481,23425110
1587994200,26.435,27.122,26.435,26.845,16592490
1588080600,27.424,27.641,26.412,26.473,18992250
1588167000,27.108,27.699,26.923,27.602,28870690
1588253400,27.353,27.405,26.88,27.162,23379430
1588339800,26.6,26.78515,25.82035,25.97,26835610
1588599000,25.921,26.243,25.532,26.226,17046090
1588685400,26.655,26.894,26.371,26.487,26463590
1588771800,26.833,27.04794,26.362,26.418,22729930
1588858200,27,27.047,26.6,26.775,18247050
1588944600,27.22,27.555,27.003,27.503,16767000
1589203800,27.337,27.67377,27.175,27.54,20850970
1589290200,27.658,27.772,26.822,26.845,18763820
1589376600,27.007,27.033,25.936,26.315,21927400
1589463000,26.096,26.695,25.475,26.66,19911930
1589549400,25.942,26.406,25.677,26.041,21654220
1589808600,26.862,27.673,26.8,27.353,26537230
1589895000,27.353,27.603,27.161,27.195,18701790
1589981400,27.697,28.131,27.608,27.868,18605400
1590067800,27.892,27.95,27.465,27.48,14848950
1590154200,27.374,27.725,27.0505,27.665,17452840
1590499800,28.5,28.709,28.139,28.202,23572860
1590586200,28.302,28.78,28,28.759,22811610
1590672600,28.5,28.93,28.243,28.314,18555170
1590759000,28.29,29.2,28.191,29.127,27323830
1591018200,29.042,29.11,28.737,28.999,18447880
1591104600,29.103,29.832,29.009,29.806,31846920
1591191000,30.105,31.085,30.051,30.953,31925830
1591277400,30.575,31.3,30.21,30.889,34997390
1591363800,31.97,32.811,31.509,31.708,50961950
1591623000,31.75,31.884,31.336,31.752,23916100
1591709400,31.2,31.888,31.157,31.532,22334770
1591795800,31.665,31.921,31.47,31.504,25913650
1591882200,30.762,30.855,29.34,29.375,45114770
1591968600,30.282,30.395,29.273,30.025,39439170
1592227800,29.5,30.675,29.241,30.409,29872290
1592314200,31,31.455,30.4,31.072,30400100
1592400600,31.342,31.671,31.179,31.344,20279210
1592487000,31.212,31.91184,31.152,31.871,33624570
1592573400,31.768,31.81,30.277,30.277,58464640
1592832600,30.55,31.418,30.353,31.354,27194720
1592919000,31.506,31.744,31.129,31.13,22418980
1593005400,30.92,31.097,30.451,30.697,19097290
1593091800,30.606,30.948,30.3,30.885,15030110
1593178200,31.357,31.57799,30.315,30.741,31425340
1593437400,30.807,31.041,30.44506,30.978,14516020
1593523800,30.995,31.707,30.675,31.561,25125420
1593610200,31.511,31.685,31.1935,31.273,15661970
1593696600,31.77465,31.938,31.46611,31.547,16638570
1594042200,32,32.099,31.734,31.879,17560700
1594128600,31.734,31.816,31.255,31.312,16153460
1594215000,31.614,31.984,31.412,31.957,18022630
1594301400,32.001,32.433,31.5245,32.15,25227860
1594387800,32.191,32.299,31.544,31.944,13281250
1594647000,32.168,32.353,31.0585,31.131,21549400
1594733400,30.899,31.622,30.519,31.508,18363170
1594819800,31.595,31.777,31.01659,31.378,15252830
1594906200,31.061,31.388,30.93,31.134,12930730
1594992600,31.415,31.521,31,31.271,13355120
1595251800,31.185,31.765,31.026,31.713,14325760
1595338200,31.923,31.923,31.267,31.434,14347620
1595424600,31.501,31.568,31.037,31.38,14404500
1595511000,31.337,31.609,30.838,30.967,19417190
1595597400,30.659,31.091,30.418,30.579,15634030
1595856600,30.83,31.296,30.7485,31.268,20646020
1595943000,31.118,31.211,30.616,30.735,13978480
1596029400,30.853,31.123,30.744,30.885,16561620
1596115800,30.6,31.293,30.6,31.21,21258530
1596202200,31.47,31.84,31.14,31.675,24720080
1596461400,31.8,32.349,31.728,32.123,20800360
1596547800,32.05,32.859,32.039,32.839,25260450
1596634200,32.825,33.158,32.58,32.954,22302110
1596720600,32.777,33.088,32.54101,32.916,14192960
1596807000,32.839,32.973,32.148,32.593,14193320
1597066200,32.422,32.927,32.40601,32.736,11990080
1597152600,32.757,33.332,32.276,32.403,19315960
1597239000,32.585,33.588,32.5355,33.364,18476430
1597325400,33.221,33.341,32.785,32.942,15097720
1597411800,32.802,32.985,32.6,32.782,10140050
1597671000,32.951,33.179,32.9,33.032,10594140
1597757400,33.186,33.318,32.814,32.864,8859360
1597843800,32.947,33.309,32.824,32.921,11273140
1597930200,32.769,32.999,32.606,32.883,8910270
1598016600,32.83,33.046,32.5,33.002,11508670
1598275800,33.20102,33.619,33.114,33.4,11997510
1598362200,33.5,33.709,33.3,33.614,11143340
1598448600,33.474,34.151,33.351,33.967,14844030
1598535000,34.049,34.13,33.614,33.914,12552110
1598621400,33.9,34.482,33.77,34.482,14588730
1598880600,34.352,35.058,34.352,34.715,22228980
1598967000,35,36.207,34.742,35.954,29258970
1599053400,36.586,37.896,36.35673,37.501,37053380
1599139800,36.601,36.89,35.016,35.209,41794720
1599226200,36.097,37.253,35.35,36.295,58513730
1599571800,35.266,36.275,35,35.054,26685080
1599658200,35.616,36.185,35.11,36.003,26273240
1599744600,36.213,36.783,35.4385,35.708,22851320
1599831000,36.05,36.427,35.46813,35.97,17361980
1600090200,36.441,36.589,35.9345,36.22,16448540
1600176600,36.63,37.112,36.535,36.691,16617850
1600263000,36.818,37.2,36.635,36.704,18512090
1600349400,35.5,37.0115,35.5,36.592,22864230
1600435800,36.71215,36.784,35.505,35.973,35294810
1600695000,35.001,35.196,34.348,35.179,24198340
1600781400,35.637,36.18,35.295,36.159,19500250
1600867800,36.018,36.121,35.0045,35.159,15545370
1600954200,35.02,35.757,34.909,35.252,13613760
1601040600,35.205,35.772,34.82801,35.68,18183420
1601299800,36.168,36.843,35.903,36.73,22191600
1601386200,36.749,37.08,36.3985,36.426,13829970
1601472600,36.295,37.1,36.171,36.432,22403280
1601559000,36.898,37.071,36.482,36.86,16018680
1601645400,36,36.492,35.615,35.683,17100210
1601904600,36.084,36.685,35.99,36.61,18923280
1601991000,36.611,37.2,36.202,36.398,16671930
1602077400,36.835,36.986,36.606,36.674,12750080
1602163800,36.989,37.429,36.831,37.333,17045350
1602250200,37.593,38,37.4,37.67,17255470
1602509400,38.179,38.51,37.979,38.243,18839480
1602595800,38.441,38.78,37.861,38.149,16731450
1602682200,38.354,38.3735,37.785,38.03,17301530
1602768600,37.505,38.049,37.502,37.993,14373540
1602855000,38.328,38.328,37.815,37.865,10297020
1603114200,38.124,38.3605,37.515,37.577,14802730
1603200600,37.701,38.11352,37.556,37.699,13296920
1603287000,37.577,37.686,37.031,37.205,11896350
1603373400,37.1075,37.431,36.711,37.337,13548420
1603459800,37.326,37.394,37.076,37.272,8868490
1603719000,36.96,36.9955,35.761,36.304,15508960
1603805400,36.518,36.518,35.922,35.96,9619960
1603891800,35.4,35.486,34.5525,34.721,22331440
1603978200,34.726,35.944,34.537,35.501,15697350
1604064600,34.939,35.299,34.442,34.963,18530260
1604327400,35.504,35.539,34.8345,35.125,11756540
1604413800,35.595,35.924,34.666,35.376,15457000
1604500200,36.048,36.898,35.71401,36.463,21276610
1604586600,37.2357,38.265,37.201,38.087,21783420
1604673000,38.005,38.367,37.717,38.062,13546490
1604932200,38.91,39.389,37.501,37.554,24088380
1605018600,37.032,37.32,36.036,36.313,26784170
1605105000,37.086,37.714,36.855,37.592,15134180
1605191400,37.723,37.86,36.828,37.02,12174650
1605277800,37.5,37.733,37.158,37.35,10996880
1605537000,37.481,38.137,37.4,38.081,12102690
1605623400,37.866,38.24399,37.703,38.06,11950920
1605709800,37.989,38.494,37.96205,38.062,13518540
1605796200,37.772,38.484,37.435,38.433,14555370
1605882600,38.431,38.885,38.27,38.333,16148360
1606141800,38.537,38.915,38.3,38.7,12216040
1606228200,38.862,39.281,38.6175,39.223,13458350
1606314600,39.284,39.55,38.9,39.083,11788490
1606487400,39.315,39.917,39.3,39.495,6846330
1606746600,39.402,40.216,39.274,40.158,15453890
1606833000,40.346,40.668,40.012,40.457,18181540
1606919400,40.474,40.541,40.111,40.373,10033650
1607005800,40.45,40.664,39.81,39.98,16122110
1607092200,40.24,41.24,40.2385,41.168,20082710
1607351400,41.641,42.2842,41.334,42.089,19707490
1607437800,41.928,42.67,41.816,42.341,18120800
1607524200,41.947,42.61,41.367,41.622,20908460
1607610600,41.144,41.525,40.801,41.004,26243600
1607697000,40.4,40.7,39.828,40.582,26665100
1607956200,40.65291,41.43,40.6,41.18,26116110
1608042600,41.528,41.939,41.299,41.806,21221330
1608129000,41.8,42.7146,41.69648,42.49,23159540
1608215400,42.65,43.001,42.4545,42.61,17151760
1608301800,42.48,43.565,42.2,43.456,45243320
1608561000,42.815,43.2,42.37,42.888,19096060
1608647400,42.888,43.355,42.8,43.31,17938010
1608733800,43.5,43.6,42.508,42.546,10533660
1608820200,42.849,43.2,42.757,43.146,4122680
1609165800,43.434,43.727,43.115,43.188,10625240
1609252200,43.583,43.583,42.679,42.904,9593400
1609338600,43.167,43.79999,43.01,43.483,10554980
1609425000,43.631,43.85,43.305,43.785,10211520
1609770600,43.933,44.224,42.1235,42.522,24172250
1609857000,42.505,42.939,42.24,42.81,15069120
1609943400,42.33,43.458,42.054,42.546,17226180
1610029800,43.20617,44.459,43.06,44.339,21269600
1610116200,44.7,44.999,43.8646,44.564,15273470
1610375400,44.061,44.878,44.042,44.576,11661680
1610461800,44.777,45.4758,44.56,44.939,13849010
1610548200,45.03,45.34925,44.81065,45.121,13118090
1610634600,45.351,45.85,45.133,45.207,19692430
1610721000,44.818,45,44.066,44.585,18167380
1611066600,44.828,45.949,44.828,45.927,18819350
1611153000,45.952,46.57894,45.5,46.188,14711160
1611239400,46.211,46.947,46.04,46.682,15754200
1611325800,46.37235,46.755,46.238,46.502,16247580
1611585000,46.956,47,45.608,46.479,14693910
1611671400,46.265,46.70339,46.188,46.387,10741740
1611757800,45.554,45.696,44.151,44.47,21857270
1611844200,45.553,45.848,44.703,45.174,16946120
1611930600,44.99,45.81,44.763,45.05,22071080
1612189800,45.585,46.9315,45.359,46.674,17028130
1612276200,46.976,47.697,46.8,47.688,16140830
1612362600,47.693,47.852,46.4585,46.519,17856990
1612449000,46,47.116,45.74808,47.063,15242650
1612535400,47.433,47.692,46.536,46.601,12489350
1612794600,46.875,47.342,46.558,47.27,17611310
1612881000,47.2,47.519,46.862,47.463,12759220
1612967400,47.721,47.7485,46.549,47.005,14590420
1613053800,47.369,47.935,46.91901,47.839,17123540
1613140200,47.838,48.702,47.4885,48.632,13551910
1613485800,49.0875,49.478,48.702,48.913,15163380
1613572200,48.423,48.612,47.506,48.248,14085890
1613658600,48.023,48.541,47.51272,48.326,16714530
1613745000,48.725,49.514,48.6765,48.996,17994490
1614004200,48.4,48.661,47.5315,47.636,16967050
1614090600,47.114,47.462,45.606,47.19,21306080
1614177000,46.768,48.141,46.266,48.088,15125300
1614263400,47.475,47.9375,45.521,45.716,23147970
1614349800,46.753,47.576,46.074,46.987,22643470
1614609000,47.97,49,47.386,48.958,24682390
1614695400,49.037,49.08599,47.96,48.051,18545740
1614781800,47.8,48.13899,46.197,46.306,23991340
1614868200,46.167,46.7,44.143,44.359,34574690
1614954600,45.425,45.6,43.3,45.014,42414000
1615213800,44.683,44.796,41.926,42.125,45243280
1615300200,43.569,44.69,43.06,44.36,37884490
1615386600,44.735,45.403,43.51,43.759,19914280
1615473000,44.902,45.745,44.20923,45.369,26169550
1615559400,44.536,45.349,44.45191,45.117,18906070
1615815000,45.518,47.123,45.319,47.077,31299370
1615901400,47.127,48.4,46.7405,47.818,31190150
1615987800,47.03,48.727,47.001,48.359,23753580
1616074200,47.456,48.335,46.375,46.415,28743290
1616160600,45.705,47.6675,45.41,47.446,108602450
1616419800,47.291,48.128,47.167,47.528,31807050
1616506200,47.378,47.537,46.265,46.406,24711880
1616592600,46.945,46.999,45.687,45.727,20882740
1616679000,45.496,46.402,44.931,46.17,17538680
1616765400,45.664,48.3,45.664,48.204,28924530
1617024600,48.04,48.116,46.827,47.262,28411040
1617111000,46.388,46.4,45.162,45.616,27935200
1617197400,45.9,46.707,45.24,46.366,28684420
1617283800,47.207,47.658,46.92,47.595,23529510
1617629400,48.03,48.9635,47.682,48.848,22965660
1617715800,48.3115,48.822,47.774,48.387,18063000
1617802200,48.001,48.391,47.8,48.246,12073830
1617888600,48.798,48.798,48.012,48.548,18121020
1617975000,48,48.531,47.654,48.509,16617460
1618234200,48.193,48.54199,47.86,48.367,23247760
1618320600,48.5,48.822,48.02894,48.496,15281100
1618407000,48.247,48.919,47.519,47.73,18223410
1618493400,48.164,48.23147,47.678,48,18371110
1618579800,48.048,48.178,47.678,47.879,16263840
1618839000,47.653,47.68,46.005,46.2,26318920
1618925400,46.001,46.20287,45.454,45.726,19128400
1619011800,45.522,46.034,45.26,45.979,25949370
1619098200,45.51,46.114,44.9,45.511,27057740
1619184600,45.849,46.785,45.75,46.613,22891670
1619443800,46.70204,47.3825,46.35731,47.185,18271570
1619530200,47.37,47.426,46.506,46.635,13267210
1619616600,46.537,46.597,45.605,45.92,15939720
1619703000,46.969,46.969,45.903,46.629,14649940
1619789400,45.971,46.07331,45.384,45.62,19367640
1620048600,45.975,45.984,44.828,45.014,15097650
1620135000,44.722,44.77,43.731,44.454,23497230
1620221400,45.04143,45.144,44.237,44.383,16389810
1620307800,44.38,44.909,43.984,44.858,13496370
1620394200,45.459,45.838,44.92,45.258,11711640
1620653400,44.838,44.8532,43.5765,43.61,25238500
1620739800,42.5,44.176,42.305,44.007,17889130
1620826200,42.92857,43.086,41.914,42.238,29943190
1620912600,42.989,43.482,42.564,43.06,21842210
1620999000,43.639,44.512,43.205,44.162,16966130
1621258200,44.214,44.214,43.284,43.994,15728130
1621344600,44.392,44.44375,43.328,43.374,17824480
1621431000,42.6,44.25,42.57,44.172,21369310
1621517400,44.575,45.93,44.533,45.5,21888920
1621603800,45.799,45.799,44.934,45.124,13218150
1621863000,45.692,46.244,45.6355,45.919,14422590
1621949400,46.19,46.296,45.6495,45.954,9600270
1622035800,46.077,46.21,45.553,46.049,9874090
1622122200,46,46.844,45.9645,46.768,19098350
1622208600,47,47.462,46.768,47.233,19947620
1622554200,47.544,47.79999,46.72,46.831,16277350
1622640600,47.183,47.77,46.947,47.373,13286400
1622727000,46.88,46.976,46.326,46.48,20388960
1622813400,47.05,47.84,46.952,47.5,23867160
1623072600,47.3,47.448,46.247,46.378,24141600
1623159000,46.805,47.239,46.351,46.353,16615650
1623245400,46.719,46.719,46.1715,46.393,12127810
1623331800,46.55,46.954,46.021,46.867,15415040
1623418200,46.844,47.213,46.7145,47.07,14508400
1623677400,47.049,47.59,46.606,47.583,14676170
1623763800,47.656,47.657,46.855,47.074,11131220
1623850200,47.027,47.112,46.148,46.575,20438030
1623936600,46.488,47.524,46.394,47.117,20880790
1624023000,46.727,46.9755,46.0505,46.35,28536890
1624282200,46.117,46.538,45.844,46.461,18591790
1624368600,46.658,46.858,46.132,46.445,13721970
1624455000,46.386,46.7875,46.3035,46.666,17674120
1624541400,46.989,47.365,46.86,47.006,12502720
1624627800,47.135,47.245,46,46.22,19099570
1624887000,46.6,47.629,46.551,47.28,13986740
1624973400,47.237,47.731,47.074,47.715,14184300
1625059800,47.813,47.859,47.2525,47.684,15382680
1625146200,47.784,47.784,46.893,46.964,11153740
1625232600,47.6771,47.858,45.571,46.817,37058590
1625578200,47.04,47.675,46.83,47.328,13871360
1625664600,47.5,47.536,46.637,46.954,12581750
1625751000,46.442,47.108,46.156,47.05,16011600
1625837400,46.957,48.088,46.803,48.018,16783440
1626096600,48.132,49.402,47.326,48.575,33141610
1626183000,48.533,48.753,48.2,48.401,11806460
1626269400,48.92,49.2,48.0745,48.159,14019870
1626355800,48.328,48.445,47.312,47.734,12624880
1626442200,47.906,48.028,46.726,46.807,13981470
1626701400,46.348,46.597,45.75901,46.567,14938780
1626787800,46.789,47.225,46.327,46.859,20727790
1626874200,46.963,47.928,46.85,47.902,13660680
1626960600,47.66,47.899,47.451,47.633,12583960
1627047000,48.003,48.358,47.683,48.315,13489200
1627306200,48.216,48.362,47.968,48.224,11160870
1627392600,48.076,48.181,46.78001,47.536,14715210
1627479000,47.67,47.908,47.432,47.765,8361850
1627565400,47.8465,48.58253,47.744,48.411,9161720
1627651800,48.196,48.634,47.957,48.54,11548270
1627911000,48.905,49.46,48.351,48.468,15621640
1627997400,48.549,48.7755,47.996,48.679,11134830
1628083800,48.853,48.998,48.401,48.78,12124190
1628170200,49.043,49.043,48.4886,48.767,8372720
1628256600,48.507,48.812,48.403,48.543,9964630
1628515800,48.649,48.683,48.1,48.468,5953900
1628602200,48.59,48.645,47.783,48.226,9320060
1628688600,48.48119,48.597,47.97874,48.355,9816020
1628775000,48.228,48.5,47.6731,48.426,8702010
1628861400,48.261,48.897,48.211,48.616,8582270
1629120600,48.483,48.89118,48.44,48.814,9188620
1629207000,48.559,48.622,47.452,47.869,16500870
1629293400,47.665,47.708,46.8345,46.897,15616430
1629379800,46.635,47.583,46.266,47.353,14043680
1629466200,47.282,47.623,47.044,47.517,10008070
1629725400,47.633,48.619,47.5695,48.245,15707410
1629811800,48.24,48.304,48.016,48.143,9429230
1629898200,48.1565,48.627,48.1565,48.341,10016930
1629984600,48.3,48.811,48.06,48.574,10837640
1630071000,48.801,49.64447,48.664,49.594,16460770
1630330200,50,50.785,49.82537,49.889,19613640
1630416600,50.129,50.129,49.27,49.721,17380400
1630503000,49.627,49.924,49.2885,49.316,12585890
1630589400,49.579,49.598,49.016,49.19,17122490
1630675800,49.591,50.6,49.5043,49.768,25204670
1631021400,49.76,49.76,49.1,49.659,12399440
1631107800,49.962,49.989,48.811,49.438,13986750
1631194200,49.28497,49.8698,49.28497,49.349,13175030
1631280600,49.705,50.599,49.651,49.815,16110290
1631539800,50.2,50.247,49.32605,49.896,14929820
1631626200,50.2,50.542,49.836,50.187,14134100
1631712600,50.212,51.07,49.942,50.974,23345780
1631799000,50.52,50.915,50.02068,50.735,17569170
1631885400,50.397,50.762,50.1,50.6,34469680
1632144600,49.9,50.3,48.844,49.482,30105470
1632231000,49.349,49.375,48.7,49.099,16936220
1632317400,49.425,50.3,49.222,50.059,20610430
1632403800,50.251,50.729,50.059,50.43,18370270
1632490200,50.227,50.55,50.083,50.492,10607930
1632749400,49.97756,50.582,49.738,50.485,9830990
1632835800,49.7,50.145,49.054,49.102,20124090
1632922200,49.363,49.427,48.765,48.948,15783670
1633008600,49.452,49.452,48.44801,48.493,15735390
1633095000,48.785,48.866,47.75,48.735,16051750
1633354200,48.49304,48.656,47.278,47.595,20092840
1633440600,47.594,48.979,47.533,48.542,16557980
1633527000,48.313,48.935,47.97,48.878,12041690
1633613400,49.263,49.99,49.263,49.392,13260880
1633699800,49.682,49.8,49.128,49.285,10279840
1633959000,49.124,49.959,49.085,49.234,11188040
1634045400,49.584,49.67,48.20201,48.528,20990540
1634131800,48.117,48.538,47.955,48.501,16425330
1634218200,49.186,49.915,49.0815,49.76,19232970
1634304600,50.44041,50.586,50.108,50.325,25104610
1634563800,50.039,50.398,49.866,50.336,16042420
1634650200,50.432,51.087,50.177,51.039,16383060
1634736600,51.1,51.343,50.844,50.939,13458450
1634823000,50.942,51.479,50.86,51.415,11786790
1634909400,51.47423,52.138,51.302,51.541,15367390
1635168600,51.749,52.45,51.518,52.207,12415540
1635255000,52.5225,53.499,52.4,53.387,24043040
1635341400,53.182,53.607,52.186,52.311,23500340
1635427800,52.414,52.995,52.343,52.957,11875230
1635514200,52.35,53.215,52.35,53.167,15564290
1635773400,53.0336,53.25751,52.493,52.805,16895980
1635859800,52.74465,54.082,52.668,53.707,16263000
1635946200,53.90527,54.3795,53.377,54.237,14037840
1636032600,54.38,54.907,54.0925,54.862,15958040
1636119000,55,55.967,54.981,55.892,18673510
1636381800,56.197,56.389,55.81,55.895,17233650
1636468200,55.919,56.19009,55.514,55.78,15838430
1636554600,55.43,56.09022,54.805,54.877,18448240
1636641000,55.269,55.712,54.881,55.54,14157010
1636727400,55.841,56.584,55.459,56.322,13592220
1636986600,56.769,56.769,55.98301,56.577,13972390
1637073000,56.409,56.953,56.274,56.877,13194040
1637159400,56.814,57.13564,56.41,56.964,12532940
1637245800,57.11,57.673,56.964,57.481,12713330
1637332200,57.62805,57.721,56.593,56.872,19630320
1637591400,57.168,57.204,55.248,55.328,25900560
1637677800,55.242,55.586,54.853,55.512,17109890
1637764200,55.323,55.908,54.739,55.873,12087250
1637937000,55.177,55.73,54.33201,54.659,14219030
1638196200,55.62,56.755,55.368,56.434,18703450
1638282600,56.327,56.499,55.2,55.368,22577490
1638369000,56.348,56.84799,55.333,55.476,21982880
1638455400,54.607,55.911,54.4,55.245,22618720
1638541800,56.49447,56.9,55.04,55.812,20307390
1638801000,56.46474,56.83729,55.595,56.498,22482290
1638887400,57.2,59.307,57.2,59.04,29562070
1638973800,59.094,59.094,58.243,58.856,17997650
1639060200,58.245,59.02397,58.245,58.342,29079600
1639146600,62.398,64.47499,61.859,63.168,57086650
1639405800,63.4,63.442,62.123,62.166,26898300
1639492200,61.784,61.86199,60.564,61.491,35956350
1639578600,61.557,64.086,61.034,63.986,29091680
1639665000,63.736,64.06556,61.15,62.068,42748420
1639751400,61.753,63.999,61.51,63.496,50753100
1640010600,62.63,64.609,62.509,64.503,32770470
1640097000,64.81,64.947,63.33,64.624,36533890
1640183400,64.332,65.716,63.926,65.52,28382930
1640269800,65.613,67.073,65.613,66.48,23596250
1640615400,66.48,67.63,66.446,67.428,19445030
1640701800,67.755,67.776,66.70301,66.9,17250410
1640788200,66.97965,67.7,66.912,67.261,14799570
1640874600,67.31,67.57,66.384,66.508,11473140
1640961000,66.697,67.131,66.327,66.541,12046140
1641220200,66.6317,67.17,66.122,66.332,22599500
1641306600,66.2875,67.21862,65.7225,67.092,21102770
1641393000,67.121,67.121,64.201,64.3,34961110
1641479400,64.016,64.865,63.443,63.703,28581300
1641565800,63.585,63.991,61.846,61.915,27831730
1641825000,60.886,62.204,60.357,62.116,29793380
1641911400,61.554,62.8,61.457,62.205,19036530
1641997800,62.751,63.099,61.974,62.2,18806390
1642084200,62.747,62.788,59.415,59.719,30047920
1642170600,59.578,60.038,59.2,59.637,25662830
1642516200,58.832,59.104,57.599,57.779,35837060
1642602600,58.158,58.473,56.333,56.397,22691720
1642689000,56.8,57.014,54.677,54.772,25224780
1642775400,54.664,55.54,53.134,53.323,38010470
1643034600,53.089,54.351,51.34,54.158,54267240
1643121000,52.8,54.54,52.422,53.414,38158240
1643207400,55.2,57.417,55.007,55.712,49714870
1643293800,56.972,57.0255,54.1025,54.231,34209550
1643380200,54.336,56.05,53.239,56.01,30253630
1643639400,55.94,58.637,55.6,58.588,40288460
1643725800,58.587,59.39,57.58228,59.272,25719480
1643812200,59.9,60.48,59.3631,60.343,24443380
1643898600,59.567,59.902,58.012,58.085,30601760
1643985000,57.638,59.653,57.614,59.016,20548440
1644244200,59.016,60.158,58.416,58.763,18673020
1644330600,58.838,60.185,58.699,60.022,14571740
1644417000,60.73527,61.172,60.156,61.134,22003610
1644503400,59.53,61.464,58.857,59.136,24919540
1644589800,59.136,59.976,56.9075,57.342,27280640
1644849000,57.5,58.28117,57.007,57.858,19290910
1644935400,58.903,60.6039,58.825,60.277,34284370
1645021800,59.406,60.081,58.722,59.721,22931430
1645108200,58.97,59.158,57.889,57.9,21424340
1645194600,58.094,58.774,57.328,57.999,19707720
1645540200,57.999,59.021,56.981,57.746,20204210
1645626600,58.023,58.507,56.474,56.519,22416460
1645713000,55.158,58.569,54.902,58,35316190
1645799400,57.983,58.938,57.4,58.801,22380030
1646058600,58.1,59.23,57.638,58.744,25004870
1646145000,58.479,58.762,56.53,57.012,24898100
1646231400,57.452,59.053,57.358,58.578,21771310
1646317800,59.368,59.37,57.433,57.86,26453970
1646404200,59.279,60.591,58.401,59.599,44761930
1646663400,59.708,59.878,57,57.07,26493630
1646749800,57.217,59.605,56.361,57.595,26992610
1646836200,58.879,60.1635,58.7,59.702,22560490
1646922600,58.556,59.002,57.637,58.773,19323640
1647009000,59.2,59.44299,57.712,57.785,19815340
1647264600,57.696,57.998,56.475,56.78,25233900
1647351000,57.727,59.676,57.504,59.276,28259880
1647437400,59.665,60.7705,58.406,60.712,29453720
1647523800,60.472,60.7,59.763,60.267,18174020
1647610200,60.397,61.321,59.599,61.041,41537880
1647869400,60.56,60.56,58.886,60.129,25789300
1647955800,60.172,61.35,59.933,61.134,19261800
1648042200,60.8,61.137,59.916,59.938,13838860
1648128600,60.663,62.72169,60.2,62.643,26015800
1648215000,62.708,63.0405,62.0065,62.887,14540870
1648474200,62.588,63.33,61.578,63.288,14428610
1648560600,64,64.531,63,64.147,23001380
1648647000,63.887,64.429,62.733,63.109,18626200
1648733400,63.048,63.89999,62.805,62.968,21730510
1648819800,63.169,63.457,61.869,62.698,16266850
1649079000,62.6425,63.672,62.4515,63.485,16485730
1649165400,62.955,63.22639,61.3,61.412,19777820
1649251800,60.208,61.159,59.377,60.2,23742370
1649338200,59.983,60.76437,59.324,60.305,16583330
1649424600,59.738,59.859,58.597,58.7,20463970
1649683800,58.258,58.928,57.943,58.061,23512400
1649770200,58.911,59.8585,58.217,58.507,17349930
1649856600,58.85,59.671,58.605,59.254,20267600
1649943000,59.499,59.706,57.286,57.385,27384710
1650288600,57.285,59.122,57.285,58.65,21374530
1650375000,57.936,59.8695,57.936,59.762,16582420
1650461400,60.42,61.343,59.513,59.772,13919900
1650547800,60.554,61.587,59.066,59.273,20352110
1650634200,59.011,59.874,58.626,58.695,21065190
1650893400,58.149,58.876,57.112,58.788,26959070
1650979800,58.38,58.546,55.971,56.007,35808910
1651066200,55.579,57.0075,55.5,55.954,19313240
1651152600,56.594,58.502,55.797,57.894,22334000
1651239000,57.262,57.82806,55.3395,55.439,26110060
1651498200,55.714,57.764,55.638,57.635,26724710
1651584600,57.601,58.675,57.17666,58.117,17064490
1651671000,58.179,60.407,57.398,60.366,23895850
1651757400,59.423,59.7865,57.4285,57.999,32806490
1651843800,57.494,58.998,56.943,58.01,20747000
1652103000,57.288,57.8,56.027,56.292,30073880
1652189400,58.049,59.115,57.18,58.139,29273110
1652275800,57.458,58.469,56.586,56.711,26659510
1652362200,56.34,57.361,55.826,57.157,25517750
1652448600,57.705,59.159,57.35,58.824,19450850
1652707800,58.438,58.914,57.765,58.267,14190840
1652794200,59.545,60.9,59.361,60.815,24676040
1652880600,60,60.072,56.618,57.057,35024330
1652967000,55.8,56.075,53.896,54.621,34884210
1653053400,55.39,55.499,51.244,54.319,40281030
1653312600,52.4,53.557,51.426,52.636,58585800
1653399000,52.666,52.887,51.619,52.42,25060190
1653485400,52.39,53.745,52.39,53.163,17842250
1653571800,53.154,55.457,52.772,55.066,39742830
1653658200,56.209,58.5455,56.001,58.328,37301140
1654003800,58.45,58.7025,57.6,58.013,30009400
1654090200,58.758,59.094,56.843,57.362,18344810
1654176600,57.775,57.777,56.813,57.674,29489390
1654263000,56.887,56.96,56.098,56.332,20561710
1654522200,57.152,57.272,55.754,56.123,14556780
1654608600,56.054,57.454,55.753,57.299,15894910
1654695000,57.182,57.627,56.214,56.536,24005040
1654781400,56.116,57.364,55.593,55.622,18787400
1654867800,55.009,55.10431,53.97219,54.127,24024360
1655127000,52.678,53.3,51.6021,51.762,31619050
1655213400,52.497,52.497,51.459,52.017,24381730
1655299800,52.915,53.383,51.552,52.671,19140540
1655386200,51.195,51.443,49.2275,49.718,37244420
1655472600,49.5,50.036,48.787,49.865,43503960
1655818200,50.408,51.091,50.289,50.377,21900650
1655904600,49.631,50.377,49.42,49.61,24721170
1655991000,50.175,50.175,49.101,49.658,16707760
1656077400,50.5,51.18,50.1445,50.909,21201400
1656336600,51.38,51.4035,50.282,50.571,13207180
1656423000,51.261,51.415,49.8105,49.845,15669040
1656509400,49.548,49.593,48.667,49.041,14443970
1656595800,48.803,49.374,48.071,48.581,18889970
1656682200,47.941,48.4265,46.943,47.784,21316930
1657027800,47.2,47.693,46.391,47.63,20716000
1657114200,48.053,48.705,47.55,48.261,22975990
1657200600,48.811,50.139,48.811,49.854,21318870
1657287000,49.299,49.963,49.00001,49.869,12713380
1657546200,48.949,49.162,48.098,48.286,21481410
1657632600,48.782,49.26,48.007,48.137,21160950
1657719000,47.498,48.56363,47.22875,48.173,17667460
1657805400,48.245,48.668,47.34254,48.464,19956820
1657891800,49.083,49.474,48.613,49.446,18713750
1658151000,50.016,50.24099,48.819,49.106,18042340
1658237400,49.68,51.135,49.589,50.9,27257070
1658323800,50.954,51.761,50.44701,51.177,27411730
1658410200,51.255,51.781,50.602,51.768,13911500
1658496600,51.881,51.979,50.668,51.252,17866840
1658755800,51.046,51.332,50.65317,51.311,15060530
1658842200,51.463,51.681,50.892,51.109,17957820
1658928600,51.82,53.019,51.693,52.779,25528440
1659015000,52.859,53.6515,52.058,53.361,14867450
1659101400,53.198,53.783,53.027,53.548,18482870
1659360600,53.143,53.97853,53.044,53.637,11485390
1659447000,53.322,53.92,52.723,53.121,13072310
1659533400,53.529,54.8,53.412,54.674,19228160
1659619800,54.841,55.315,54.501,55.28,16292510
1659706200,54.49,55.2,54.328,55.144,14357440
1659965400,54.935,55.299,53.874,54.553,13728210
1660051800,53.909,53.935,52.775,53.28,20074170
1660138200,54.606,55.102,53.924,55.041,19518720
1660224600,55.395,55.7765,54.425,54.543,14270350
1660311000,54.781,55.841,54.565,55.823,18400200
1660570200,55.423,55.9785,55.05,55.896,14329650
1660656600,55.752,55.794,54.601,55.165,14783840
1660743000,54.437,54.471,53.104,53.859,19022210
1660829400,54.341,56.056,54.163,55.845,23459590
1660915800,55.086,55.558,54.787,54.843,16924550
1661175000,54.257,54.309,52.705,52.875,18555840
1661261400,53.385,53.762,52.891,52.978,9003170
1661347800,52.956,53.13,52.34401,53.084,11884960
1661434200,53.345,55.048,53.226,55.013,17345230
1661520600,54.8835,55.099,52,52.086,25682560
1661779800,52,52.274,51.2,51.418,16580150
1661866200,51.684,51.791,50.139,50.639,18281670
1661952600,51.016,51.016,49.654,49.911,32444690
1662039000,49.147,49.329,48.084,49.201,31930460
1662125400,51.8,51.981,49.83,50.022,40425870
1662471000,49.853,50.4,49.037,49.82,24738550
1662557400,50.291,50.943,49.908,50.513,20440270
1662643800,50.26,51.274,49.8695,51.193,22534770
1662730200,51.544,52.597,51.544,52.24,23018880
1662989400,52.675,53.126,52.456,52.906,18158000
1663075800,51.384,51.827,50.168,50.365,35136030
1663162200,50.713,51.3,50.277,51.075,20604500
1663248600,50.893,51.156,49.728,50.014,36573610
1663335000,49.772,50.369,48.986,50.25,59012140
1663594200,49.442,50.339,49.442,50.184,17948260
1663680600,49.6,49.883,48.972,49.306,17131640
1663767000,49.099,49.988,48.177,48.214,20669130
1663853400,48.243,48.321,47.3,47.761,23539990
1663939800,47.495,47.799,46.2,46.868,29649070
1664199000,46.898,47.33,46.131,46.226,19360950
1664285400,46.955,46.989,45.651,46.475,17851610
1664371800,46.134,46.875,45.635,46.596,27605440
1664458200,46.09,46.137,44.488,45.013,39996620
1664544600,44.906,45.78185,44.3635,44.401,27202200
1664803800,44.924,46.09536,44.6965,45.678,21478930
1664890200,46.85,48.016,46.586,47.986,27276960
1664976600,47.255,48.80861,47.146,48.48,18493240
1665063000,48.379,48.97,47.8715,47.95,17250000
1665149400,47.238,47.334,45.902,46.048,28425460
1665408600,46,46.01,43.184,43.77,33454120
1665495000,43.52,43.87,42.558,43.076,28046330
1665581400,43.225,43.572,42.801,43.057,15046250
1665667800,41.742,44.377,41.50682,43.797,27984380
1665754200,44.328,44.396,42.641,42.71,22816710
1666013400,43.955,44.124,43.339,43.537,24120090
1666099800,44.821,44.855,43.016,43.483,20340870
1666186200,43.323,43.83,43.088,43.53,12702350
1666272600,43.513,44.219,42.814,43.03,23403190
1666359000,43.209,45.066,42.917,44.973,26979680
1666618200,45.273,45.87899,45.111,45.652,25287010
1666704600,45.799,46.426,45.683,46.007,18246090
1666791000,45.799,47.1755,45.5343,46.118,29315190
1666877400,46.605,47.077,45.49101,45.54,18511860
1666963800,45.696,47.434,45.5645,47.29,23096080
1667223000,46.685,47.281,46.50101,47.012,19258610
1667309400,47.5795,47.6825,46.317,46.79,16324380
1667395800,47.028,48.045,45.572,45.603,21091310
1667482200,45.094,45.28593,44.136,44.412,23887270
1667568600,45.686,46.889,45.328,46.53,28890540
1667831400,46.677,47.774,46.157,47.522,17687450
1667917800,48.1245,48.88,47.35,48.211,20743210
1668004200,47.85,47.9,46.903,46.947,23695090
1668090600,49.1,50.717,48.7192,50.657,33970280
1668177000,50.48,51.9,50.2,51.809,26728320
1668436200,51.539,52.502,51.3,51.322,21601820
1668522600,52.996,53.257,51.591,52.442,23315390
1668609000,51.672,51.854,51.028,51.173,25405040
1668695400,50.5,51.27399,50.314,51.211,20385030
1668781800,51.687,51.773,51.1,51.516,14538710
1669041000,51.294,52.085,51.111,51.744,18621620
1669127400,52.297,53.028,51.901,53.005,18919680
1669213800,53.035,54.148,52.88,53.364,13967170
1669386600,53.069,53.458,52.948,52.991,7455390
1669645800,52.524,52.876,51.624,52.221,23510640
1669732200,52.3,52.585,51.483,52.139,12695850
1669818600,52.411,55.166,51.783,55.103,47349390
1669905000,55.103,55.242,54.1955,55.075,23006450
1669991400,53.705,54.27,53.608,54.08,19319530
1670250600,53.777,53.948,52.5485,53.064,18549830
1670337000,53.065,53.357,52.175,52.582,19655130
1670423400,51.96,52.49985,51.605,51.85,16523850
1670509800,52.081,53.242,52.03848,53.108,27514310
1670596200,55.094,55.264,54.1,54.472,37028300
1670855400,54.475,55.687,54.224,55.663,23418420
1670941800,57.582,58.184,56.503,57.104,40416290
1671028200,56.855,58.565,56.773,57.444,35218310
1671114600,56.378,56.64876,55.77,55.8,36903330
1671201000,55.745,55.98,55.087,55.591,49548980
1671460200,55.402,55.648,54.572,54.963,25093180
1671546600,54.517,54.9,54.0915,54.402,29830550
1671633000,54.767,56.191,54.695,56.123,25619120
1671719400,55.335,55.494,54.72,55.309,27554130
1671805800,55,55.36175,54.745,55.243,13761020
1672151400,55.155,55.8105,54.694,55.354,16677040
1672237800,55.164,55.777,54.245,54.489,15411560
1672324200,55.185,56.26,55.05006,55.781,18176060
1672410600,55.182,55.965,54.801,55.913,14377250
1672756200,56.5,56.757,55.079,55.348,20173140
1672842600,56.299,56.816,55.603,56.024,17073590
1672929000,55.571,55.984,55.112,55.502,16278850
1673015400,56.312,59.1,56.2305,58.843,35261010
1673274600,59.23,60.1675,56.056,57.689,37738740
1673361000,57.20001,57.513,54.999,57.493,44635320
1673447400,57.3,57.834,56.687,57.814,22502470
1673533800,57.559,58.511,57.376,58.194,19513950
1673620200,57.715,58.193,57.6675,57.9,19647480
1673965800,57.49,58.536,57.454,57.924,15835060
1674052200,58.321,58.756,57.372,57.429,15703660
1674138600,56.912,57.006,56.031,56.322,22693820
1674225000,56.303,57.136,55.911,57.078,22950200
1674484200,57.2,58.47925,56.978,58.163,23428820
1674570600,57.844,58.669,57.563,58.503,13824660
1674657000,57.767,58.697,57.604,58.568,13765940
1674743400,59.041,60.056,58.62601,59.858,24524570
1674829800,59.332,59.925,59.019,59.099,19344640
1675089000,58.3,58.961,57.976,58.145,16984060
1675175400,58.207,58.723,58.0735,58.501,23719070
1675261800,58.357,60.83,58.27,60.275,26552700
1675348200,60.763,61.314,59.975,60.577,24187660
1675434600,59.8,60.804,59.625,59.762,19094190
1675693800,59.334,60.322,59.226,60.13,18709330
1675780200,60.066,61.701,59.972,61.445,24024870
1675866600,60.668,61.018,60.062,60.171,15290120
1675953000,61.26,61.49299,59.548,59.941,18836570
1676039400,59.631,59.846,58.963,59.325,21034560
1676298600,59.5,60.148,59.34704,60.112,19847420
1676385000,59.417,60.558,59.3315,60.231,17571190
1676471400,59.886,60.828,59.67,60.769,12688950
1676557800,60.075,60.894,59.955,60.054,17448710
1676644200,60,60.085,59.245,59.559,14215600
1676989800,59,59.309,57.984,58.154,22738740
1677076200,58.225,58.30875,57.21,57.617,23475250
1677162600,58.575,58.594,57.368,58.38,18939300
1677249000,57.753,58.024,57.361,57.775,15353260
1677508200,58.587,58.98,58.426,58.545,18322790
1677594600,58.556,59.85756,58.218,59.429,27821940
1677681000,59.4,59.821,59.03,59.357,15483540
1677767400,58.939,60.094,58.613,59.865,27662540
1677853800,61.77,63.573,61.575,63.276,46087820
1678113000,63.5,64.405,63.173,63.292,24982590
1678199400,63.487,63.578,62.351,62.515,19335500
1678285800,62.778,63.2725,62.367,63.226,20913120
1678372200,63.008,64.244,62.188,62.252,21778320
1678458600,62.819,63.016,61.282,61.483,26099180
1678714200,60.709,62.439,60.688,61.647,22364020
1678800600,62.339,63.337,61.85,63.246,25893330
1678887000,62.767,63.007,61.62,62.604,22962990
1678973400,62.185,63.707,61.781,63.65,31721520
1679059800,63.65,63.95699,62.708,63.097,79302800
1679319000,63.274,64.474,63.1595,64.371,25857300
1679405400,64.309,64.659,63.433,63.675,25000110
1679491800,63.69,64.84999,63.067,63.092,25798870
1679578200,63.89,64.818,63.153,63.923,27164460
1679664600,63.803,63.93,62.85526,63.617,17229160
1679923800,63.9,63.91,62.599,62.684,14708840
1680010200,62.523,62.6535,61.886,62.47,12439110
1680096600,63.278,63.401,62.464,62.55,26395320
1680183000,63.273,63.605,62.93,63.375,21522940
1680269400,63.054,64.2215,62.591,64.154,22097280
1680528600,63.9,64.39,63.644,64.247,15682460
1680615000,64.315,64.4235,63.2,63.441,13429990
1680701400,63.114,63.17,62.57,62.901,16908750
1680787800,62.416,62.84001,61.897,62.264,14493170
1681133400,61.805,62.787,61.64506,62.739,15401740
1681219800,63.078,63.088,62.082,62.157,16517620
1681306200,62.734,62.752,61.626,61.67,14112000
1681392600,61.907,62.65,61.711,62.424,17264970
1681479000,62.048,62.803,61.521,61.954,17465940
1681738200,61.861,62.834,61.781,62.736,13201120
1681824600,63.162,63.55,62.71331,63.232,16807300
1681911000,62.679,63.679,62.555,63.45,19061660
1681997400,62.786,64.273,62.714,63.302,20239270
1682083800,63.06,63.38,62.199,63.29,14807150
1682343000,63.364,63.885,63.1785,63.454,12337710
1682429400,63.399,63.599,62.174,62.202,23669800
1682515800,61.997,62.31256,61.351,61.619,17178910
1682602200,61.619,62.009,60.323,61.841,18249880
1682688600,61.907,62.678,61.456,62.65,16183050
1682947800,62.65,63.899,62.62,63.795,17029890
1683034200,62.576,62.65,60.502,61.234,28357480
1683120600,61.69,62.195,61.24,61.32,19815580
1683207000,61,61.396,60.129,61.016,17684380
1683293400,61.595,63.147,61.337,63.012,24876340
1683552600,62.978,63.073,62.058,62.906,13935030
1683639000,62.273,62.407,61.586,61.851,16990480
1683725400,62.206,62.8,61.827,62.627,19175440
1683811800,62.658,62.848,61.799,62.767,14429940
1683898200,62.838,63.27,62.421,63.115,11942460
1684157400,63.187,64.002,62.847,63.98,14613570
1684243800,64.046,64.691,63.873,64.144,14969300
1684330200,64.735,66.09,64.458,65.747,24132980
1684416600,65.6,67.936,65.6,67.79,26388890
1684503000,68,68.495,67.841,68.225,22967900
1684762200,68.14,68.468,67.412,67.837,17797760
1684848600,69.064,69.899,68.202,68.65,36088020
1684935000,68.144,68.431,67.606,67.953,23020960
1685021400,69.941,73.239,69.077,72.88,49262570
1685107800,74.7425,81.498,74.702,81.273,82500380
1685453400,83.512,92.17799,79.881,80.334,116912010
1685539800,79.49,82.167,79.013,80.796,89997660
1685626200,80.062,80.579,78.516,78.995,80792280
1685712600,79.064,82.377,78.72,81.2,62814840
1685971800,80.92,80.92,79.448,80.23,26221960
1686058200,80.2,80.2,77.638,79,37823450
1686144600,78.982,80.545,78.751,79.263,28956990
1686231000,79.491,80.501,78.878,80.42,21917170
1686317400,80.58,81.77489,80.388,80.462,19246880
1686576600,81.112,85.8,81.112,85.536,51097880
1686663000,86.113,86.326,84.1,85.112,38990270
1686749400,85.59,88.854,84.722,88.618,43523960
1686835800,88.441,88.797,87.102,88.343,33813530
1686922200,88.9275,88.995,86.5445,86.811,68298940
1687267800,86.266,87.707,86.10102,86.803,27537230
1687354200,86,86.6,84.46,84.766,23228810
1687440600,84.509,84.891,83.531,84.243,23473260
1687527000,83.401,83.602,81.885,82.215,37413250
1687786200,82.5,83.7,82.022,82.163,21372150
1687872600,82.868,85,82.1,84.84,24922720
1687959000,83.873,85.853,83.706,84.794,19444750
1688045400,85.445,86.284,84.641,86.257,23385980
1688131800,86.852,87.457,86.433,86.743,23145170
1688391000,86.862,87.673,86.492,87.644,9038300
1688563800,86.74,87.69,86.175,86.186,14446420
1688650200,84.5,85.39,84.433,84.8,23950050
1688736600,85.043,85.799,84.466,84.675,19408660
1688995800,84.828,87.917,84.828,87.773,30621750
1689082200,88.111,88.3,86.463,88.205,25504460
1689168600,88.9,89.759,88.2,88.995,28196750
1689255000,89.894,89.894,87.827,89.036,25911990
1689341400,88.616,90.335,88.616,88.858,18510360
1689600600,89.101,91.321,88.978,91.035,26825210
1689687000,90.598,90.99,89.82601,90.343,24518350
1689773400,89.727,90.5965,88.563,90.137,24117560
1689859800,89.254,90.69999,88.6,88.834,28268310
1689946200,90.449,91.115,89.383,89.675,74286760
1690205400,90.08,90.544,89.423,90.159,19993820
1690291800,90.062,92.318,90.062,91.799,20041610
1690378200,90.9,91.062,88.765,89.309,19876670
1690464600,90.85,90.985,88.6,89.353,21921780
1690551000,89.932,90.356,89.395,89.979,18794260
1690810200,89.75,90.1,89.1,89.865,14966920
1690896600,89.898,92.062,89.77008,92,19706750
1690983000,91.23,91.3,89.029,89.23,26889570
1691069400,88.662,89.533,88.108,88.498,18292640
1691155800,88.498,89.362,87.33715,88.165,21157850
1691415000,88.768,89.737,88.5266,89.706,11145650
1691501400,89.009,89.06,87.34,88.316,14080910
1691587800,88.272,88.353,84.87201,85.073,24672480
1691674200,85.312,86.15,83.707,84.29,20186130
1691760600,83.401,83.64,82.348,82.976,20331260
1692019800,83.113,85.418,82.738,85.41,17688000
1692106200,84.921,85.462,83.646,84.252,14036350
1692192600,84.779,85.45,83.196,83.299,16003010
1692279000,83.651,83.942,82.701,82.71,19227770
1692365400,82,82.817,81.2,82.584,17758690
1692624600,83.406,86.734,83.177,86.514,30011630
1692711000,87.341,87.475,85.088,85.579,17081640
1692797400,85.077,87.819,85,87.658,19692050
1692883800,90.235,90.9855,85.246,85.446,30934310
1692970200,85.702,86.944,83.767,85.182,24180530
1693229400,85.639,86.41299,84.711,86.108,14305960
1693315800,85.84,89.2835,85.64199,88.993,27822390
1693402200,89.239,89.871,87.911,89.228,23234240
1693488600,89.801,92.367,89.377,92.289,55202850
1693575000,90.187,90.187,86.466,87.252,65017160
1693920600,86.951,88.3,86.7,87.217,24808070
1694007000,87.25,87.737,86.674,87.227,20142460
1694093400,85.95,86.169,84.052,85.703,27789200
1694179800,85.5,86.083,85.012,85.755,16819000
1694439000,86.877,86.9,84.565,85.914,15710390
1694525400,85.024,85.8265,84.166,84.452,16680270
1694611800,84.719,85.911,84.424,85.293,17412630
1694698200,85.903,87.667,85.5,87.164,19648280
1694784600,86.816,86.816,84.29,85.168,50189580
1695043800,84.258,85.633,84,85,16540860
1695130200,84.599,85.103,83.85,84.92,13131960
1695216600,84.999,84.999,83.035,83.057,13701710
1695303000,79.511,82.25,79.509,80.836,53671650
1695389400,81.124,83.05799,81.038,82.908,27795010
1695648600,82.8,83.85599,82.301,83.389,15647580
1695735000,82.917,83.0265,81.121,81.619,17641380
1695821400,81.926,82.368,80.43801,81.681,15352680
1695907800,82.017,83.886,81.468,83.2,16179940
1695994200,83.645,84.404,82.291,83.058,16481040
1696253400,82.906,83.856,82.35,83.495,14675780
1696339800,82.7,83.575,80.891,81.483,18760860
1696426200,82.033,83.058,81.63025,82.381,16417060
1696512600,82.011,82.863,81.54801,82.386,11474240
1696599000,81.94,84.8385,81.172,84.526,21103190
1696858200,84.046,85.661,83.783,85.588,15759850
1696944600,85.715,87.2545,85.572,85.841,14718070
1697031000,85.971,87.534,85.655,87.456,14334120
1697117400,87.643,91.793,87.643,90.56,43870550
1697203800,90.9,92.591,88.209,88.318,28333520
1697463000,89.097,91.5785,89.097,90.257,21150480
1697549400,88.515,89.298,86.6,88.44,33008340
1697635800,87.9945,89.563,87.52,88.703,20404340
1697722200,88.702,88.949,86.567,86.783,26619700
1697808600,87.49,87.49,85.184,85.363,26953070
1698067800,85.796,87.35999,84.282,86.222,16455790
1698154200,86.4,88.3,86.312,88.111,14972440
1698240600,87.707,87.873,84.608,84.963,21431600
1698327000,84.791,85.4415,81.834,82.675,27916560
1698413400,83,84.021,82.854,83.836,18236280
1698672600,84.11,84.943,82.715,84.125,20889460
1698759000,84.389,84.55,83.26,84.137,14747200
1698845400,84.2,85.3825,83.557,85.294,18683910
1698931800,86.2,88.05,86,87.13,18759450
1699018200,87.75,88.75,87.10567,88.268,18041290
1699281000,88.156,88.589,87.121,88.083,12871480
1699367400,88.232,90.177,87.6155,89.782,19366650
1699453800,90,91.29084,89.9,91.113,15279940
1699540200,91.25,92.97999,90.856,91.138,24486210
1699626600,92.174,95.895,91.821,95.752,36287920
1699885800,95.005,95.24,94.048,94.693,16892970
1699972200,96.234,97.677,95.52521,97.296,23885580
1700058600,97.951,98.175,96.691,97.54,16099480
1700145000,96.4,96.87,95.052,95.955,26198030
1700231400,95.821,98.389,95.1,97.773,19794610
1700490600,97.3,99.987,97.3,99.571,18680340
1700577000,97.5,99.1,97.163,98.12,43343840
1700663400,98.369,98.79899,97.1,97.2,33750920
1700836200,97.496,97.986,96.675,97.887,23157890
1701095400,97.615,98.101,94.933,95.024,96962020
1701181800,93.994,95.086,93.416,94.635,39024940
1701268200,94.834,95.94299,93.937,94.083,34842740
1701354600,94.1,94.2415,91.837,92.573,49571100
1701441000,92.246,93.39,90.8,93,29612440
1701700200,92.064,93.097,91.644,92.397,25009210
1701786600,91.16,91.727,90.5845,91.312,37065930
1701873000,92.036,92.097,90.31,90.364,24812690
1701959400,90.554,92.412,90.364,92.226,43516890
1702045800,92.784,95.073,91.05262,94.43,69668420
1702305000,95.701,103.951,95.609,102.924,101183690
1702391400,102.799,107.939,102.458,107.228,90241550
1702477800,106.8,109.978,106.254,108.969,71653750
1702564200,109.218,112.146,109.028,110.649,66964020
1702650600,109.522,114.98799,109.46184,112.974,118543710
1702909800,112.08,115.182,111.864,114.7,54741370
1702996200,114.2,115.046,113.2505,113.958,36020400
1703082600,113.27,114.136,110.926,111.038,34523350
1703169000,113.265,113.542,111.5,112.729,24105610
1703255400,112.798,113.2,111.353,112.198,19088970
1703601000,112.424,113.55,112.302,113.189,16793270
1703687400,113.6,113.957,112.29601,112.617,20055230
1703773800,113.169,113.224,111.905,112.241,21249250
1703860200,112.146,112.438,111.467,111.625,20558000
1704205800,109.212,110.2,107.709,108.538,28831020
1704292200,107.02,107.5,105.531,105.858,34735470
1704378600,105.796,106.9497,104.737,104.901,25658030
1704465000,105.16,105.546,104.151,104.928,22474690
1704724200,105.65,107.79999,105.20018,107.485,33110290
1704810600,106.562,108.85499,106.471,108.249,23225340
1704897000,108.035,108.2955,106.26047,108.057,17643450
1704983400,108.432,110.13,107.4505,109.998,25757220
1705069800,111.21,111.56899,110.001,110.768,26881960
1705415400,111.234,112.62431,109.863,111.496,26145080
1705501800,110.629,111.311,109.0215,110.367,18314050
1705588200,112.49,114.6548,112.188,114.391,32228400
1705674600,115.731,121.7,115.6,121.12,53077120
1705933800,121.625,123.133,120.82177,122.05,31222240
1706020200,122.1,122.698,120.352,122.631,16952110
1706106600,124.2295,128.45499,123.10093,125.387,34804820
1706193000,128.1,128.1,122.88,123,36356100
1706279400,121.97,122.121,120.023,120.488,25817600
1706538600,121.491,122.367,120.4995,121.777,21526470
1706625000,121.677,122.8,120.429,120.816,20682540
1706711400,118.945,119.722,117.431,118,27400190
1706797800,118.735,120.309,117.911,120.001,19411280
1706884200,120.875,123.469,120.515,122.434,26689290
1707143400,122.696,124.77522,122.215,124.31,22044520
1707229800,126.357,127.21099,121.194,122.265,25354100
1707316200,123.4,125.951,122.67,125.706,25767750
1707402600,126.7,129.597,126.501,127.476,29326240
1707489000,125.203,128.575,124.899,128.344,26292890
1707748200,129.001,129.007,125.9,126.5,24778220
1707834600,123.512,125.587,122.709,125.165,31906520
1707921000,126.924,127.3,124.13179,126.222,27306260
1708007400,127.995,128,124.485,126.507,21873440
1708093800,125.904,127.56846,124.239,124.548,21268050
1708439400,123.586,123.772,121.256,122.655,26329190
1708525800,121.8,122.805,120.264,122.745,20639830
1708612200,128.171,131.098,127.647,130.49,40819260
1708698600,130.837,131.962,128.882,129.637,23114640
1708957800,131,131.87899,130.146,130.913,16282480
1709044200,130.913,131.194,129.222,129.623,12126050
1709130600,129.3,129.852,128.29734,128.942,10967180
1709217000,130.331,130.8395,128.7275,130.049,27535640
1709303400,132.593,140.776,132,139.917,44487720
1709562600,140.315,143.817,138.519,140.226,34854180
1709649000,139.5,139.5,133.237,134.275,36039750
1709735400,139.158,139.483,134.706,135,43195890
1709821800,138.199,141.431,137.289,140.701,62831770
1709908200,139.425,141.3,130.158,130.872,74024840
1710163800,127.793,129.902,125.256,129.312,31105120
1710250200,130.7,130.779,125.928,129.188,42789130
1710336600,128.288,128.288,125.2355,125.787,37838480
1710423000,126.254,127.313,124.771,126.227,38029380
1710509400,125.346,126.737,123.007,123.55,88822510
1710768600,125.398,126.288,123.17,123.724,25737160
1710855000,121.695,124.027,120.402,123.801,24490870
1710941400,123.902,128.799,122.659,127.6,40946140
1711027800,132.832,140.361,131.6,134.8,72467730
1711114200,135,137.622,134.615,135.347,38623860
1711373400,134.503,135.84399,133.747,135.158,21236600
1711459800,136.469,137.99377,133.051,133.149,23522180
1711546200,135,135,129.602,131.873,25582650
1711632600,131.79,133.009,131.153,132.541,19855520
1711978200,132.568,136.298,132.541,135.026,17251960
1712064600,131.579,134.237,130.34138,133.876,24693560
1712151000,132.8,137.682,132.527,136.321,28650420
1712237400,138.532,140.398,131.5,131.75,27013650
1712323800,132.6,136.123,131.4195,133.943,19438280
1712583000,133.365,134.25,131.57501,133.61,17139170
1712669400,135.737,135.948,130.864,133.408,18007940
1712755800,132.3,133.575,131.548,132.237,17466520
1712842200,133.268,139.187,132.365,138.246,31713310
1712928600,135.201,136.6505,133.662,134.407,27823320
1713187800,137,137,130.6,131.069,24370450
1713274200,131.538,133.6319,131.1,132.906,18922740
1713360600,134.311,134.7,128.142,128.263,24717800
1713447000,128.8,129.265,125.546,125.899,24888030
1713533400,125.899,126,119.756,120.471,44796580
1713792600,122.45,123.32,120.054,122.446,25162180
1713879000,122.817,125.79,122.802,124.919,22025130
1713965400,126.39,128.562,124.496,125.682,20107930
1714051800,127.245,130.803,125.7,129.442,30409670
1714138200,131,135.583,130.313,134.407,24099830
1714397400,134.408,135.298,132.5695,133.862,13371790
1714483800,132.888,134.835,129.905,130.027,22113360
1714570200,127.833,129.237,124.1345,124.286,30957830
1714656600,125.628,126.445,122.331,123.857,29479680
1714743000,125.9,128.388,124.714,127.811,24897550
1715002200,128.6225,131.077,127.507,131.031,16287080
1715088600,131.644,131.899,129.6755,130.311,12412830
1715175000,129.35,133.7905,128.849,132.537,13917640
1715261400,131.783,132.161,130.2,130.567,12169550
1715347800,131.531,134.4,131.531,133.28,16299530
1715607000,134.8,135.839,133.011,133.751,18507030
1715693400,133.234,138.199,132.58,138.003,19420290
1715779800,138,143.895,136.9975,143.617,32757380
1715866200,142.6,144.54,140.506,141.213,28395030
1715952600,141.242,141.953,138.178,139.529,18173670
1716211800,139.6,141.694,139.316,141.403,27169950
1716298200,139.868,140.939,139.346,139.92,15332510
1716384600,139.601,140.5,138.422,139.224,21002120
1716471000,142.843,142.9,137.8,139.329,31038990
1716557400,139.979,141.35844,139.20242,140.784,16729960
1716903000,141,141.71813,139.254,141.245,22918860
1716989400,139.91,139.91,138.3,139.067,26860550
1717075800,137.9,138.278,135.56399,136.408,21728280
1717162200,136.136,136.255,130.726,132.855,73091320
1717421400,135.27,135.3,130.253,132.19,26278470
1717507800,132.04,133.199,130.701,133.082,23048140
1717594200,134.6,141.435,134.054,141.309,32946560
1717680600,142.187,142.26899,138.82401,140.127,20171810
1717767000,140.7775,142.5,139.702,140.664,17859030
1718026200,140.98,144.90499,140.9125,144.047,31081710
1718112600,143.82,146.501,141.623,146.103,34844320
1718199000,150,150.58,147.64,149.551,56697370
1718285400,171,173.585,165.252,167.899,89060650
1718371800,168.686,174.724,168.21,173.504,69704710
1718631000,180,184.3,177.858,182.887,87527620
1718717400,183.959,185.162,178.501,180.252,86796740
1718890200,180.346,180.475,172.22201,173.456,68156620
1718976600,169.566,171.3999,165.142,165.863,99998610
1719235800,164.205,166.1,159.066,159.221,58575380
1719322200,160.013,160.604,156.4,158.079,56810450
1719408600,159.762,161.818,157.359,159.2,46478750
1719495000,159.2,160.562,157.1,158.666,31649060
1719581400,159.588,163.923,158.6,160.553,69376630
1719840600,160.82,164.875,159.35,164.08,47623440
1719927000,164.08,165.91999,162.2,165.748,32538840
1720013400,167,172.922,166.446,172.922,39953820
1720186200,175.556,176.547,169.60001,170.331,45240480
1720445400,170.5,175.68999,170.5,174.586,36398460
1720531800,175.656,177.098,170.556,173.331,37916210
1720618200,174.6,176.64899,172.63628,174.469,41074200
1720704600,176.466,176.487,166.85,170.595,51111680
1720791000,171.103,172.591,169.131,170.067,30453000
1721050200,170,173.5099,169.26,171.42,22999201
1721136600,172.4,172.81,166.4,169.375,22244943
1721223000,162.31,162.84,155.61,155.98,43343355
1721309400,158.89,161.51,153.9,160.52,37973498
1721395800,161.84,163.95,157.12,157.35,26309545
1721655000,160.23,162.99,157.9,161.06,28813334
1721741400,160.395,165.33,159.9,163.77,21570177
1721827800,160.355,161.405,151.1,151.34,37162620
1721914200,151.26,153.55,145.52,149.26,30872127
1722000600,153.5,153.58,149.9202,151.63,20839871
1722259800,152.02,155,149.15,150.22,16625762
1722346200,153.28,153.47,143.35,143.52,31102341
1722432600,151.47,161.33,151,160.68,45827511
1722519000,157.5,158.91,146.17,147.02,40319955
1722605400,141.925,145.35,139.6,143.82,33745843
1722864600,129.61,145.42,128.5,142.08,41309257
1722951000,141.73,148.91,140.25,143.92,24751290
1723037400,148.25,150.1,135.83,136.27,29749755
1723123800,141.2,146.27,138.4,145.74,27583199
1723210200,144.2,149.55,144.11,148.26,18438655
1723469400,148.08,151.13,146.37,148.62,17778473
1723555800,151.55,156.38,149.81,156.16,22053604
1723642200,158.02,160.25,154.72,157.69,20184199
1723728600,161.2,166.67,160.3351,166.13,27944968
1723815000,164.47,166.09,162.68,165.72,19296868
1724074200,164.86,167.83,160.42,167.71,20441691
1724160600,167.05,168.3699,164.15,165.95,19417494
1724247000,165.12,166.47,162.88,165.78,16097693
1724333400,170.84,172.42,161.49,162.34,30044532
1724419800,165.025,168.28,163.46,166.36,18848022
1724679000,164.96,165.7,158.66,159.62,18521153
1724765400,157.6,162.03,155.83,161.39,16683106
1724851800,160.08,162.28,156.25,158.18,18063622
1724938200,158.49,163.2,155.41,156.93,23519286
1725024600,161.12,163.24,158.71,162.82,25158510
1725370200,160.38,160.74,151.38,152.79,37179061
1725456600,150.3,157.79,149.15,154.12,20324062
1725543000,150.565,156.36,150.11,152.82,31548537
1725629400,143.25,143.5,136.6,136.995,76634630
1725888600,139.11,141.585,134.9,140.82,39516691
1725975000,141.22,149.86,141.04,148.21,36067473
1726061400,148.39,158.87,145.04,158.27,39700766
1726147800,158.1,166.32,156.83,164.56,43581917
1726234200,166.735,168.08,164.0401,167.69,29850048
1726493400,165.19,165.5,160.41,164.02,26126934
1726579800,165.49,166.02,160.7,162.47,19844343
1726666200,163.77,167.47,161.36,161.67,26557560
1726752600,167.68,170,165.66,167.42,32453057
1726839000,167.18,172.02,166.47,171.1,91758507
1727098200,172,173.32,168.3501,172.94,29431112
1727184600,172.81,175.99,171.68,174.84,34223405
1727271000,174.65,177.14,173.76,175.52,16613795
1727357400,178.5,180.25,175,178.09,24339996
1727443800,178.17,178.47,171.76,172.69,20580905
1727703000,171.87,172.92,169.6302,172.5,16900033
1727789400,172.16,172.25,165.8,167.47,23770416
1727875800,167.55,172.84,167.0201,170.66,14317834
1727962200,169.62,174.94,169.19,171.89,13072281
1728048600,176.3,176.8998,172.6,176.64,17941387
1728307800,174.82,178.31,173.86,175.08,15588333
1728394200,175.42,181.6,174.89,180.73,20774189
1728480600,179.24,186.42,176.42,185.95,25504058
1728567000,183.56,186.31,182.53,185.69,16317969
1728653400,181.14,182.59,177.4,181.48,23070023
1728912600,183.3,184.951647,180.13,182.31,17195824
1728999000,180.79,181.7,173.3652,175.98,27657529
1729085400,178.51,179.25,175.33,176.82,15285054
1729171800,181.37,185.51,180.69,181.53,25232427
1729258200,182.32,182.71,178.68,179.89,17835247
1729517400,179.38,181.7199,178.25,179.99,13695149
1729603800,178.66,180.69,177.41,179.38,12062648
1729690200,177.585,178.98,172.57,173.51,19513713
1729776600,174.26,174.3,169.5,171.35,20485174
1729863000,174.19,176.796,172.72,173,19977679
1730122200,173,173.9728,171.345,172.02,13195829
1730208600,172.435,180.23,171.2101,179.24,23702344
1730295000,177.47,179.19,175.62,176.64,17911488
1730381400,174.45,174.45,167.38,169.77,26086587
1730467800,168.26,171.3255,167.5,168.92,17847038
1730730600,169.28,172.45,168.42,168.55,13621310
1730817000,170.05,174.4,170.05,173.9,13441752
1730903400,179.63,180.21,175.96,179.55,24300758
1730989800,181.9853,184.8722,181.79,183.81,18970581
1731076200,182.99,185.05,181.83,183.64,13503154
1731335400,183.4,183.63,176.8201,178.91,17036660
1731421800,178.9,179.56,173.2,176.22,15861981
1731508200,174.705,175.5926,172.6,173.58,17472513
1731594600,174.77,175.57,169.87,170.38,20638855
1731681000,168.47,169.135,163.43,164.84,20836160
1731940200,165.66,166.3463,162.22,165.67,17870329
1732026600,166.66,166.8,164.31,165.35,18003401
1732113000,165.54,165.54,160.86,163.25,17196728
1732199400,166.25,166.34,160.6,163.94,24835252
1732285800,164.3,164.9092,162.4,164.23,17332473
1732545000,165.395,167.225,162.89,164.82,26850591
1732631400,164.6,166.37,162.69,164.74,16308772
1732717800,163.2,163.2,157.54,159.67,19722723
1732890600,159.57,162.69,159.08,162.08,11024005
1733149800,162.95,168.3797,162.75,166.51,21472442
1733236200,164.48,168.27,164.03,168.15,17024434
1733322600,173.44,175.39,168.56,170.56,32748246
1733409000,170.75,172.3981,169.2,170.47,18489993
1733495400,170.1,180.68,169.3301,179.53,27830828
1733754600,178.95,180.7933,176.0209,178.94,20886305
1733841000,177.81,178.5,169.73,171.81,27762632
1733927400,180.01,184.87,176.4296,183.2,41295179
1734013800,180.93,182,175.99,180.66,46967170
1734100200,213.9,228.7,211.11,224.8,121336628
1734359400,231.79,251.88,230.81,250,111623166
1734445800,240.65,242.47,233.8,240.23,70382134
1734532200,239.41,239.85,219.22,223.62,53960103
1734618600,227.91,228.05,217.58,218.32,40845167
1734705000,220.36,230.29,218.91,220.79,131910354
1734964200,226.69,233.3994,225.13,232.35,40643778
1735050600,240.115,240.228,234.8,239.68,22827188
1735223400,240,247.28,237.6,245.36,28537540
1735309800,245.64,245.78,236.3532,241.75,29282230
1735569000,234.695,238.77,231.62,235.58,27316797
1735655400,235.88,237.46,231.31,231.84,17927719
1735828200,236.155,239.5,230.2425,231.98,31525830
1735914600,233.59,236.4893,229,232.55,24973192
1736173800,236.5,241.75,233.3,236.41,34028377
1736260200,239.5,239.5,227.6,228.64,25928606
1736346600,229.7,232.47,226.06,229.31,18756487
1736519400,227.3,227.83,221.25,224.31,23864005
1736778600,219.99,229.26,219.51,225.29,23772091
1736865000,226.57,230.26,223.1,224.7,18143124
1736951400,228.55,230.34,225.58,228,21745616
1737037800,235.22,238.6,229.21,229.41,23471871
1737124200,237.08,238.1,232.66,237.44,31196642
1737469800,241.5,242.75,237.4,240.31,30903186
1737556200,246.75,246.99,240.69,240.91,29610501
1737642600,238.41,240.4,236.12,240.28,17653942
1737729000,244.7,249.59,241.91,244.7,25387825
1737988200,213.4,218.43,196.23,202.13,90569376
1738074600,208.01,209.95,198.89,207.36,50315987
1738161000,208.84,211.45,202.77,206.35,32533735
1738247400,218.57,221.96,213.7,215.66,42449478
1738333800,219.66,226.8,216.3,221.27,41150975
1738593000,215.46,220.9377,213.51,217.73,24507274
1738679400,219.35,223.03,215.3,222.43,23768517
1738765800,233.94,237.9299,227.5,232,29250582
1738852200,234.5,234.8,228.56,231.36,21169529
1738938600,235,235.65,224.11,224.87,22117468
1739197800,227.43,235.82,227.12,235.04,23901643
1739284200,232.48,237.89,229.9739,235.04,18476200
1739370600,230.355,236.48,230,236.35,16397336
1739457000,236.06,236.95,230.7276,235.8,20962031
1739543400,234.53,235.74,228.9,233.04,16988777
1739889000,230.1,232.2,224.3001,228.53,26080547
1739975400,227.85,229.0653,224.4,228.73,16375487
1740061800,228.645,228.98,222.75,226.74,16103996
1740148200,225.65,227.75,215.63,218.66,24883556
1740407400,218.6,219.48,207.54,207.93,33050425
1740493800,207,208.6425,200.92,202.54,33100814
1740580200,206.91,213.54,206,212.94,21368302
1740666600,217.28,219.25,197.4,197.8,27572887
1740753000,195.76,201.19,193.15,199.43,39747248
1741012200,204,204.06,184.53,187.37,37435603
1741098600,189.215,193.95,180.48,187.48,37910477
1741185000,191.86,194.08,187.1,191.58,25644540
1741271400,181.04,186.83,177.61,179.45,56864099
1741357800,187.73,195.48,181.56,194.96,74528855
1741613400,189.6,191.978,180.43,184.45,44217115
1741699800,188.05,195.6155,185.345,190.09,42153248
1741786200,196.215,199.98,192.4527,194.23,30409728
1741872600,193.15,196.32,189.465,191.36,27236137
1741959000,196.2,197.5,193.2,195.54,25900939
1742218200,188.05,196.72,187.5,194.5,26830624
1742304600,190.44,192.89,186.9,188.67,24951025
1742391000,189.34,198.27,186.9,195.57,37962698
1742477400,191.52,193.8365,188.94,190.54,31430022
1742563800,188.21,192.07,187.37,191.66,43086517
1742823000,194.295,196.69,190.67,191.25,33180280
1742909400,190.885,191.6,187.68,188.26,23417250
1742995800,186.66,188.06,177.582,179.27,30670536
1743082200,177.655,178.38,170.46,171.99,32151667
1743168600,171.93,173.3,166.47,169.12,30391479
1743427800,164.485,167.94,160.62,167.43,35656449
1743514200,166.37,168.71,163.42,168.52,20472443
1743600600,166.08,173.43,165.5,172.09,19523663
1743687000,160.54,163.425,153.7,154.01,44354859
1743773400,148.17,152.8,139.1701,146.29,72302229
1744032600,144.49,160.43,138.1,154.14,68503505
1744119000,167.62,169.78,153.09,156.03,58888228
1744205400,160.5,187.33,157.51,185.15,72708307
1744291800,175.3,176.95,166.4,172.3,51212217
1744378200,173.62,182.66,173.31,181.94,33964143
1744637400,185.075,186,175.82,178.36,25748301
1744723800,179.725,182.2644,178.08,178.95,17242350
1744810200,170.43,176.08,166.92,174.61,34638639
1744896600,176.25,176.25,169.9156,170.99,22501785
1745242200,166.99,168,161.61,166.21,23469794
1745328600,167.43,170.52,165.2229,169.58,18504860
1745415000,177.78,180.45,175.82,176.91,24380470
1745501400,179.69,188.57,178.295,188.15,27576900
1745587800,186.92,193.37,186.89,192.31,21242342
1745847000,190.53,193.1,187.68,192.47,16385846
1745933400,191.72,193.25,190.1,191.17,14630015
1746019800,185.895,193.2,184.02,192.47,22768862
1746106200,198.14,201.4,196.235,197.33,24939695
1746192600,203.9,205.68,201.08,203.64,17766751
1746451800,200.25,203.2347,200,200.72,14025425
1746538200,196.44,201.91,195.94,200.09,16348806
1746624600,199.285,206.23,198.43,204.81,20277825
1746711000,208,211.1625,203.69,207.77,18460929
1746797400,209.33,209.96,206.52,208.2,13289174
1747056600,219.49,221.8,215.88,221.58,25437672
1747143000,222,235.28,222,232.42,28790536
1747229400,230.23,233.5,228.35,232.12,19751445
1747315800,230.16,234.455,228.07,232.64,18803678
1747402200,232.32,232.64,226.39,228.61,23094606
1747661400,221.85,231.2499,221.6,230.63,15355450
1747747800,226.49,231.77,226.34,231.68,11787156
1747834200,228.39,236.5,227.8301,229.73,17642941
1747920600,228.34,233.6899,227.43,230.53,14340230
1748007000,226.94,230.65,226.18,228.72,15385632
1748352600,232.865,236.48,231.1308,235.65,17941668
1748439000,237.15,240.99,234.425,239.43,20443004
1748525400,245.905,246.07,237.4,241.97,20768031
1748611800,241.215,243.17,234.9,242.07,27088559
1748871000,243.25,250,243.19,248.71,19197009
1748957400,250.075,257.88,249.4,256.85,30380248
1749043800,258.06,265.43,257.59,261.08,31536047
1749130200,262.95,264.89,259.06,259.93,42334079
1749216600,251.14,255.32,246.1348,246.93,41146653
1749475800,245.045,248.17,241.11,244.28,25334081
1749562200,244.215,246.2795,241.4,244.63,25491286
1749648600,246.355,254.77,243.8,252.91,24598987
1749735000,250.185,257.89,249.5,256.07,20410901
1749821400,250.66,254,248.35,248.7,19028440
1750080600,250.35,255.19,249.565,252.1,20363010
1750167000,250.95,253.96,247.92,249.37,22014312
1750253400,250.89,255.64,249.41,251.26,30435494
1750426200,253.21,253.52,244.17,249.99,42134900
1750685400,249.105,254.21,246.46,253.77,19747034
1750771800,258.77,265.87,258.77,263.77,32764864
1750858200,266,269.87,263.43,264.65,18894163
1750944600,265.075,271.67,264.125,270.17,23569585
1751031000,270.3,271.85,266.88,269.35,27477575
1751290200,274.73,277.705,272.13,275.65,24708432
1751376600,274.4,274.5,262.6555,264.74,28847626
1751463000,263.99,272,262.73,269.9,17582090
1751549400,270.73,275.8,270.12,275.18,10592655
1751895000,275.13,277.56,272.66,274.18,16760617
1751981400,276.345,276.345,271.1545,271.8,14869407
1752067800,272.96,279.45,272.72,277.9,20133002
1752154200,279.785,281.18,272.7,275.4,17891599
1752240600,274.14,276.47,271.89,274.38,14274674
1752499800,274.13,278.355,269.58,275.6,11934236
1752586200,279.805,283.36,277.8501,280.94,17918352
1752672600,280.105,281.51,275.67,280.81,15031022
1752759000,281.14,288.28,279.91,286.45,17231099
1752845400,287.11,287.53,281,283.34,15012409
1753104600,283.955,290.54,283.63,288.21,17726804
1753191000,287.655,288,276.43,278.59,16564831
1753277400,276.78,284,273,283.69,20556237
1753363800,289.79,291.2,283.5,288.71,16413778
1753450200,288.07,292.5943,287.27,290.18,12476248
1753709400,292.46,295.45,290.59,294.3,13683375
1753795800,297.5,302.19,294.87,297.42,19210780
1753882200,297.15,303.255,295.8,302.62,16738929
1753968600,302.8,306.949,290.225,293.7,25488478
1754055000,286.535,292.6365,281.61,288.64,21428128
1754314200,292.2,298.48,291.4,297.72,17164629
1754400600,297.81,301.2,291.45,292.93,18477469
1754487000,292.9,302.81,291.9044,301.67,17392100
1754573400,306.17,310.34,299.8807,303.76,16319444
1754659800,304.05,307.87,302.5518,304.97,12458746
1754919000,305.05,308.31,301.29,303.9,12396384
1755005400,306.63,313.44,304.665,312.83,17624009
1755091800,316.75,317.35,304.75,309.09,17371167
1755178200,307.01,314.1651,307.0001,311.23,15717631
1755264600,311.03,311.5,299.76,306.34,22806938
1755523800,302.7,306.17,299,305.76,14724667
1755610200,302.415,302.8999,292.39,294.91,20149581
1755696600,295.46,295.49,281.87,291.17,23600512
1755783000,290.06,292.385,286.17,289.6,14946309
1755869400,291.745,300.09,289.0101,294,16301330
1756128600,292.81,298.4016,291.71,294.23,15124746
1756215000,294.35,300.2499,293.99,298.01,25689111
1756301400,297.53,301.18,293.78,300.25,13830302
1756387800,302.928,311,302.333,308.65,18907053
1756474200,307.01,307.01,293.66,297.39,21610682
1756819800,289.34,298.71,287.17,298.24,19693016
1756906200,302.29,304.45,296.4,302.39,18529390
1756992600,305.06,308.78,302.2501,306.1,31220803
1757079000,355.78,356.34,331.42,334.89,78401554
1757338200,342.75,354.1656,341.2501,345.65,43535639
1757424600,349.545,350.98,335.83,336.67,26972315
1757511000,351.52,372.97,350.55,369.57,51086826
1757597400,371.18,374.23,358.7604,359.63,29430947
1757683800,362.91,364.385,357.16,359.87,31949795
1757943000,359.87,365.5,356.34,364.09,21792185
1758029400,365.425,365.69,356.99,360,21306508
1758115800,358.85,359.93,341.5,346.17,45197133
1758202200,350,350.7,343.79,345.35,24663891
1758288600,344.65,346.27,336.43,344.94,41240071
1758547800,342.425,346.67,337.94,338.79,28660030
1758634200,340.24,345.215,337.0216,338.94,21944079
1758720600,339.755,340.0799,333.81,339.31,19677304
1758807000,332.99,338.062,327.3,336.1,21678187
1758893400,337.43,339.08,330.5801,334.53,15464697
1759152600,336,341.05,327.55,327.9,21336001
1759239000,330.12,331.05,324.61,329.91,20109459
1759325400,328.145,337.95,324.5,333.39,21122687
1759411800,347.61,347.61,335.25,338.18,19917622
1759498200,341.5,344.4,335.74,338.37,14749068
1759757400,335.92,344.13,334.56,335.49,18465729
1759843800,337.025,338.11,326.58,336.41,18086705
1759930200,333.82,346.54,332.62,345.5,21478344
1760016600,345.75,347.31,340.4,345.02,17643744
1760103000,345.39,350.6,324.05,324.63,28941011
1760362200,352.77,359.38,343.5201,356.7,45984259
1760448600,350.125,350.67,339.6532,344.13,22078000
1760535000,354.47,359.4,347.5,351.33,23918539
1760621400,356.8,363.24,349.485,354.15,20317222
1760707800,349.61,350.97,340.78,349.33,20937936
1760967000,353.8,356.59,347.84,349.24,15640229
1761053400,350,351.1,341.31,342.66,16092578
1761139800,347.3,348.01,335.51,340.3,19268825
1761226200,340.4,346.57,340.4,344.29,12859162
1761312600,352.51,358.3,350.875,354.13,16143739
1761571800,361.54,362.75,355.08,362.05,20065771
1761658200,362.62,374.06,362.53,372.97,21056048
1761744600,373.19,386.48,373.19,385.98,24975209
1761831000,386.4,386.4,370.06,376.47,24295268
1761917400,378.27,378.82,365.1,369.63,21598441
1762180200,372,374.85,361.98,362.55,17198917
1762266600,358.52,368.95,351,351.94,24047461
1762353000,350.89,364.8699,350.0913,358.98,17087644
1762439400,360.11,363.5,352.71,355.59,19896860
1762525800,354.185,354.5,337.27,349.43,21903223
1762785000,357.9,360,354.61,358.39,16408963
1762871400,358.97,361.885,349.67,351.96,16446800
1762957800,358.035,358.87,351.68,355.22,12190452
1763044200,351.58,353.55,334.16,339.98,22616621
1763130600,331.47,344.74,329.06,342.46,18500849
1763389800,339.815,352.2,337.52,342.65,14799565
1763476200,343.2,347.97,335.51,340.5,21726806
1763562600,340.705,359.69,337.8,354.42,21851875
1763649000,366,376.08,345.18,346.82,28866958
1763735400,345.155,348.6,331.8,340.2,30280339
1763994600,347.73,382,347.66,377.96,47262426
1764081000,384.93,388.13,371.75,385.03,33507573
1764167400,385.55,399.87,383.26,397.57,28693013
1764340200,399.35,403,397.16,402.96,13365500
1764599400,394.85,395.42,385.1,386.08,23251969
1764685800,388.31,393.5,379.79,381.57,22206951
1764772200,380,382.3,370.65,380.61,21336367
1764858600,380.68,383.89,376.53,381.03,15845862
1764945000,386.165,393.53,385.1452,390.24,24779924
1765204200,402.48,407.285,397.4,401.1,30410550
1765290600,398.745,406.93,395.51,406.29,24545964
1765377000,402.2,414.61,399.56,412.97,31530976
1765463400,404.825,409.3,394.19,406.37,45681617
1765549800,379.96,382,355.15,359.93,95588458
1765809000,361.89,362,337.51,339.81,65894902
1765895400,336.02,347.4999,335.06,341.3,58061051
1765981800,346.61,346.61,321.42,326.02,73300901
1766068200,336,336.025,323.63,329.88,54501918
1766154600,333.335,343.45,332.5775,340.36,159095200
1766413800,346.03,346.24,337.22,341.45,28739578
1766500200,340.81,350.11,338.54,349.32,28232577
1766586600,350.685,352.86,347.14,350.22,11424403
1766759400,351.06,353.25,347.75,352.13,15028133
1767018600,348.72,350.33,344.69,349.39,21946856
1767105000,349.97,352.68,349.3,349.85,16633607
1767191400,349.73,349.88,345.42,346.1,15346052
1767364200,352.775,360.66,345.56,347.62,25398633
1767623400,354.74,355.03,336.5,343.42,31136049
1767709800,343.6,349.05,338,343.77,27135526
1767796200,341.7,349.7,335.88,343.5,20249259
1767882600,342.78,343.68,330.5,332.48,24385175
1767969000,337.92,347.39,333.5,344.97,22482508
1768228200,340.95,353.9,340.95,352.21,20949634
1768314600,352.88,359.49,350.91,354.61,18307969
1768401000,348.97,350.69,334.4201,339.89,30094734
1768487400,349.12,349.68,341.67,343.02,22218787
1768573800,346.265,354.51,344.05,351.71,31291206
1768919400,344.1,345.4,331.8,332.6,32293872
1769005800,335.505,335.8,324.2001,328.8,32006555
1769092200,335.35,336.99,324.89,325.49,24275398
1769178600,319.3,321.99,314.11,320.05,30259482
1769437800,319.8,328.68,317.6,324.85,25006396
1769524200,329.76,334.76,327.02,332.79,25537634
1769610600,338.85,339.99,326.7,333.24,23001670
1769697000,332.56,335.95,320.28,330.73,20447467
1769783400,332.44,338.2,328.33,331.3,28313039
1770042600,326.11,336.055,325.75,331.11,17278166
1770129000,336.74,338.9,308.65,320.33,36914779
1770215400,319.51,319.51,295.3,308.05,43330322
1770301800,314.335,326.53,306.7001,310.51,42775810
1770388200,320.1,335,316.3,332.92,33003432
1770647400,330.77,352.34,330.65,343.94,30091014
1770733800,347.47,348.01,339.84,340.44,19542682
1770820200,346.8,347.2,333.74,342.76,17004712
1770906600,343.83,346.2881,329.56,331.17,22007269
1770993000,329.85,334.32,324.69,325.17,18397161
1771338600,319.675,335.75,316.31,332.54,23469727
1771425000,329.52,337.88,327.23,333.51,13565299
1771511400,333.01,338.44,329.68,333.99,15180877
1771597800,332.355,340.11,329.58,332.65,17658930
1771857000,332.25,338.5,325.32,330.34,16472389
1771943400,322.54,328.305,314.45,325.49,23614368
1772029800,330.74,335.91,329.28,332.31,20182314
1772116200,326.5,326.575,307.93,321.7,33025280
1772202600,310.7,320,310,319.55,28004177
1772461800,309.36,320.04,307.2,318.82,20567227
1772548200,313,315.88,307.4,313.84,20826179