time,open,high,low,close,Volume
1438781400,13.06,13.31,10.4,10.77,14096975
1438867800,11,11.2,8.23,8.77,3570430
1438954200,9.19,10.2,8.77,10.14,1624299
1439213400,10.73,10.73,10,10.12,435917
1439299800,10,10.03,9.5,9.79,349732
1439386200,9.68,10.4,9.653,10.35,498848
1439472600,10.07,10.3375,10.05,10.12,397532
1439559000,10.01,10.17,9.73,10.04,410627
1439818200,10.04,10.26,9.96,10.13,345981
1439904600,10,10.34,10,10.24,277660
1439991000,10.3,11.03,10.1729,10.73,573974
1440077400,10.55,10.74,10,10.52,322202
1440163800,10.2,10.56,9.81,9.9,394905
1440423000,9.39,9.7,8.5,9.16,1052358
1440509400,9.68,10.21,9.65,9.9,834045
1440595800,10.03,10.8,9.99,10.78,791030
1440682200,10.91,11.14,10.83,11,569437
1440768600,11.18,11.85,10.95,11.62,450552
1441027800,11.86,12.2399,11.4,11.88,617224
1441114200,11.49,12,11.2501,11.86,745718
1441200600,12,12.15,10.5001,11.59,510192
1441287000,11.48,11.9,11.1001,11.64,219773
1441373400,11.56,11.63,11.03,11.56,171540
1441719000,12,12,10.91,11.55,708979
1441805400,11.75,11.9,11.15,11.39,334751
1441891800,11.44,11.87,11.44,11.69,369136
1441978200,11.5,11.69,11.25,11.5,427336
1442237400,11.41,11.51,10.94,11.25,405633
1442323800,11.18,11.495,11,11.49,346668
1442410200,11.4,11.5,11,11.31,323084
1442496600,11.24,11.64,11.24,11.4,314387
1442583000,11.3,11.9,11.11,11.58,1343311
1442842200,11.69,11.9,11.33,11.74,299565
1442928600,11.6,11.9,11.25,11.39,431990
1443015000,11.75,11.75,10.97,11.01,286986
1443101400,10.88,11,10.74,10.81,268558
1443187800,10.88,11.32,10.79,11.13,351627
1443447000,11.04,11.34,10.01,10.06,590291
1443533400,10.14,10.43,9.53,9.81,1040805
1443619800,9.9,10.74,9.7102,10.37,3454469
1443706200,10.38,11.08,9.98,10.3,491872
1443792600,10.13,10.69,9.94,10.51,288250
1444051800,10.71,10.97,10.51,10.66,290295
1444138200,10.65,11.23,10.64,11.05,338887
1444224600,11.08,11.47,10.57,11.19,448457
1444311000,11.29,11.41,11,11.39,137893
1444397400,11.42,11.6,11.22,11.26,184033
1444656600,11.31,11.31,10.75,10.78,144290
1444743000,10.67,10.93,10.58,10.69,156660
1444829400,10.65,10.96,10.54,10.74,196271
1444915800,10.85,10.9999,10.36,10.6,266287
1445002200,10.68,10.7,10.31,10.34,158423
1445261400,10.28,10.34,9.65,9.81,338741
1445347800,9.81,9.8499,9.48,9.5,220248
1445434200,9.5,9.5699,8.52,8.94,597257
1445520600,9.03,9.19,8.81,8.9,605372
1445607000,8.84,9.34,8.8342,9.08,398649
1445866200,9.03,9.23,8.9,9.21,169614
1445952600,9.13,9.3999,8.89,9.04,260302
1446039000,9.05,9.435,9.05,9.42,208079
1446125400,9.22,9.39,8.88,8.91,214253
1446211800,8.81,8.83,7,7.41,2015630
1446474600,7.37,7.5799,7.11,7.36,603557
1446561000,7.37,7.7,7.19,7.52,852449
1446647400,7.68,7.92,7.5,7.71,754345
1446733800,7.8,8.11,7.72,8.07,307754
1446820200,8.02,8.1,7.57,7.82,293593
1447079400,8.29,8.29,7.55,7.73,199048
1447165800,7.67,7.93,7.25,7.27,395512
1447252200,7.24,7.45,6.87,6.99,536585
1447338600,6.99,6.99,6.36,6.58,506418
1447425000,6.39,7.93,6.39,7.31,989280
1447684200,7.4,7.4,6.84,7,624134
1447770600,7.04,7.2499,6.51,6.72,1087697
1447857000,6.8,7.0099,6.36,6.55,561593
1447943400,6.51,6.7839,6.45,6.5,364738
1448029800,6.59,6.74,6.51,6.67,366586
1448289000,6.62,6.9589,6.56,6.6,384623
1448375400,6.59,6.82,6.59,6.74,476357
1448461800,6.7,6.84,6.6,6.75,476005
1448634600,6.81,7.41,6.81,7.22,445734
1448893800,7.23,7.285,6.61,6.65,557335
1448980200,6.7,7.1399,6.53,7.05,351898
1449066600,7.05,7.46,6.913,7.39,621138
1449153000,7.52,8.35,7.52,7.95,1042524
1449239400,7.95,8.035,7.66,7.85,436077
1449498600,7.79,8.37,7.735,7.91,439769
1449585000,8.11,8.11,7.625,7.77,388905
1449671400,7.79,8.035,7.548,7.71,333586
1449757800,7.6,7.83,7.56,7.57,364784
1449844200,7.46,8.02,7.46,7.86,450862
1450103400,7.95,9.38,7.83,9.1,944242
1450189800,9.26,11.29,9.16,9.49,2054183
1450276200,11.17,12.17,10.89,11.63,3501183
1450362600,12.85,13.3,11.79,12.71,3608198
1450449000,12.45,13.95,11.95,13.74,3045263
1450708200,14.15,14.95,13.13,13.4,3151286
1450794600,13.45,13.65,11.41,11.6,2506967
1450881000,11.95,12.36,11.55,11.88,1104497
1450967400,11.69,12.47,11.6,12.19,385043
1451313000,12.11,12.3797,11.6,11.67,637866
1451399400,11.79,12.05,11.07,11.7,626832
1451485800,11.65,12.07,11.4495,11.72,317088
1451572200,11.76,11.95,11.64,11.77,319142
1451917800,11.27,11.49,11.08,11.21,576833
1452004200,10.88,10.9995,9.42,9.61,1947617
1452090600,9.27,10.38,9.0775,10.2,3534128
1452177000,9.8,9.97,9.16,9.21,1694688
1452263400,9.35,9.95,9.25,9.75,552879
1452522600,9.65,9.7,9.08,9.31,577679
1452609000,9.35,9.4999,8.4,8.67,598572
1452695400,8.6,8.76,8.032,8.25,796539
1452781800,8.08,8.55,7.78,8,1156536
1452868200,7.75,7.9,7.26,7.75,903070
1453213800,7.83,7.89,7.3,7.4,743589
1453300200,7.25,9.205,6.94,8.54,1686392
1453386600,8.62,9.0699,8.455,8.97,1195835
1453473000,9.37,9.7,8.53,8.79,1037106
1453732200,8.78,8.85,8.14,8.41,600636
1453818600,8.48,9.08,8.2,8.73,713507
1453905000,8.65,8.73,8.22,8.34,579872
1453991400,8.43,10.19,8.43,10.05,1066421
1454077800,10.15,10.1691,9.4,9.52,859782
1454337000,9.62,9.62,8.63,8.94,776775
1454423400,8.83,8.83,8.16,8.34,534767
1454509800,8.44,8.57,7.83,8.1,435210
1454596200,8.2,8.3,7.82,8.05,520108
1454682600,8.05,8.14,7.7735,7.96,600141
1454941800,7.87,7.94,7.37,7.6,538440
1455028200,7.51,7.58,6.87,7.2,658705
1455114600,6.38,6.79,5.92,6.07,2068330
1455201000,5.6,5.82,4.995,5.08,1419239
1455287400,5.31,5.52,5,5.04,1302837
1455633000,5.06,5.72,4.855,4.96,1485520
1455719400,5.04,5.9699,5.0201,5.33,1618838
1455805800,5.45,5.935,5.24,5.63,1167409
1455892200,5.57,5.72,5.22,5.41,954689
1456151400,5.5,5.69,5.03,5.06,634893
1456237800,5.08,5.27,4.97,5.16,694881
1456324200,5.09,5.26,4.9,5.06,644509
1456410600,5.08,5.47,5.08,5.3,463438
1456497000,5.37,5.65,5.33,5.51,500207
1456756200,5.59,5.83,5.5,5.62,671154
1456842600,5.67,5.85,5.13,5.47,1059358
1456929000,5.49,6.6,5.36,6.1,1695376
1457015400,6.04,6.6,6.0001,6.4,1338368
1457101800,6.5,6.75,6.12,6.21,1447669
1457361000,6.22,6.84,6.2,6.6,1491961
1457447400,6.66,6.78,6.53,6.68,638542
1457533800,6.74,6.87,6.25,6.65,977900
1457620200,6.87,7.24,6.7,7.15,1567573
1457706600,6.16,6.56,6.01,6.355,3284376
1457962200,6.38,6.79,6.15,6.36,1475124
1458048600,6.26,6.465,6.2,6.31,742165
1458135000,6.23,6.66,6.2101,6.63,582685
1458221400,6.65,6.95,6.6167,6.895,604642
1458307800,6.99,7.08,6.62,6.69,3078635
1458567000,6.89,6.89,6.54,6.72,647512
1458653400,6.73,6.7684,6.5,6.57,729692
1458739800,6.51,6.59,6.18,6.36,1044541
1458826200,6.13,6.33,6,6.24,828899
1459171800,6.31,6.51,6.21,6.47,718523
1459258200,6.41,6.55,6.24,6.4,839520
1459344600,6.42,6.6,6.42,6.47,871978
1459431000,6.48,6.54,6.25,6.48,702836
1459517400,6.37,6.53,6.29,6.44,546660
1459776600,6.47,6.53,6.28,6.3,816261
1459863000,6.3,6.6,6.19,6.57,882555
1459949400,6.6,7,6.565,6.965,820275
1460035800,6.97,7.18,6.63,6.78,835020
1460122200,6.9,6.98,6.66,6.75,997657
1460381400,6.69,6.89,6.65,6.74,711736
1460467800,6.72,6.885,6.6548,6.74,365633
1460554200,6.68,6.9,6.68,6.87,325913
1460640600,6.83,7.367,6.83,7.15,645420
1460727000,7.1,7.27,6.97,7.04,411609
1460986200,6.99,7.18,6.87,7.09,946405
1461072600,7.15,7.23,6.99,7.02,1297655
1461159000,6.99,7.38,6.96,7.27,668811
1461245400,7.3,7.9,7.26,7.76,985401
1461331800,7.82,8.04,7.71,7.91,1106271
1461591000,7.9,8.02,7.55,7.6,445108
1461677400,7.56,7.76,7.4,7.7,321422
1461763800,7.72,8.41,7.605,8.39,825753
1461850200,8.25,8.45,7.965,8.02,704926
1461936600,8.02,8.02,7.689,7.88,473314
1462195800,7.83,8.08,7.49,7.97,1208358
1462282200,7.93,8.08,7.5305,7.59,580679
1462368600,7.64,7.91,7.44,7.47,1051091
1462455000,7.52,7.77,7.21,7.27,1170176
1462541400,7.25,7.54,7.19,7.5,498529
1462800600,7.52,7.55,7.16,7.39,611153
1462887000,7.07,7.2,6.3,6.37,1710783
1462973400,6.36,6.65,6.35,6.37,682527
1463059800,6.39,6.53,6.09,6.15,664416
1463146200,7.17,7.17,6.4,6.61,3046892
1463405400,6.34,6.46,5.89,6.35,3102182
1463491800,6.1,6.34,5.8,6.02,3680403
1463578200,5.98,6.18,5.83,6.04,1459125
1463664600,6,6.15,5.92,6.08,950906
1463751000,6.07,6.15,5.98,6.11,795021
1464010200,6.06,6.45,6,6.35,931011
1464096600,6.39,6.4899,6.22,6.34,668143
1464183000,6.34,6.37,6.23,6.29,864363
1464269400,6.3,6.44,6.26,6.36,386202
1464355800,6.41,6.68,6.3021,6.41,1339496
1464701400,6.37,6.5999,6.22,6.34,1147696
1464787800,6.29,6.29,6.15,6.24,580433
1464874200,6.23,6.31,6.15,6.31,389392
1464960600,6.3,6.31,6.02,6.07,568449
1465219800,6.1,6.535,6.1,6.44,775675
1465306200,6.38,6.46,6.25,6.43,817178
1465392600,6.47,6.59,6.44,6.52,744136
1465479000,6.49,6.59,6.39,6.43,405931
1465565400,6.4,6.51,6.24,6.3,831084
1465824600,6.26,6.41,5.915,6.06,1096265
1465911000,5.93,6.19,5.86,5.91,1169243
1465997400,5.88,6.25,5.83,6.01,608499
1466083800,5.97,6.11,5.9,6.03,637550
1466170200,6.06,6.34,5.98,6.02,1084042
1466429400,6,6.33,6,6.18,643408
1466515800,6.3,6.3,6.02,6.23,759314
1466602200,6.34,6.38,5.83,5.9,984725
1466688600,5.88,6.06,5.72,5.89,1191969
1466775000,5.6,5.73,5.27,5.59,5804183
1467034200,5.53,5.59,5.11,5.22,1579294
1467120600,5.28,5.5,5.24,5.49,869826
1467207000,5.54,5.67,5.43,5.65,708174
1467293400,5.65,5.95,5.6217,5.93,717114
1467379800,5.88,5.88,5.16,5.44,1900425
1467725400,5.4,5.435,5.07,5.14,763493
1467811800,5.09,5.17,4.94,5.1,948483
1467898200,5.13,5.3,5.01,5.14,786184
1467984600,5.19,5.2399,5.06,5.08,527596
1468243800,5.11,5.2,4.9,5.09,844593
1468330200,5.17,5.28,4.99,5.25,961900
1468416600,5.25,5.29,5.05,5.12,616681
1468503000,5.18,5.205,5.0626,5.13,681785
1468589400,5.17,5.2,4.97,5.07,807698
1468848600,5.08,5.27,4.99,5.21,682800
1468935000,5.21,5.3,5.07,5.15,472777
1469021400,5.16,5.3,5.15,5.27,639659
1469107800,5.23,5.32,5.084,5.12,565616
1469194200,5.12,5.15,5.05,5.13,328282
1469453400,5.14,5.19,5.08,5.08,384357
1469539800,5.05,5.24,5.05,5.08,844388
1469626200,5.06,5.275,5.06,5.26,769264
1469712600,5.21,5.25,5.08,5.11,605432
1469799000,5.09,5.21,5,5.18,887367
1470058200,5.18,5.18,5,5.07,1042285
1470144600,5.1,5.15,4.97,5,801214
1470231000,4.98,5.065,4.92,4.94,814995
1470317400,4.95,5.03,4.9,4.96,855987
1470403800,4.92,5.205,4.9,5.19,785780
1470663000,5.23,5.58,5.23,5.56,1020577
1470749400,5.57,5.69,5.45,5.5,663632
1470835800,5.46,5.47,5.19,5.22,887220
1470922200,5.28,5.48,5.15,5.41,1751352
1471008600,6.39,6.9,5.98,6.23,7569087
1471267800,6.21,6.28,5.93,6.21,1978507
1471354200,6.2,6.2,5.91,6.09,1956595
1471440600,6.09,6.09,5.83,5.95,1185207
1471527000,6.03,6.18,5.96,6.03,949176
1471613400,6.03,6.04,5.95,5.98,647450
1471872600,5.93,6.02,5.86,6,425234
1471959000,6.01,6.125,5.95,6.1,737169
1472045400,6.11,6.17,5.99,5.99,603304
1472131800,5.99,6.08,5.91,6,832899
1472218200,5.99,6.18,5.9,5.95,747367
1472477400,5.97,6.095,5.94,6,514063
1472563800,6,6.15,5.99,6.01,497391
1472650200,6.03,6.09,5.95,6.08,682820
1472736600,6.1,6.15,5.91,6.06,676449
1472823000,6.1,6.18,6.03,6.12,537321
1473168600,6.11,6.23,6.06,6.22,945924
1473255000,6.19,6.23,6.07,6.11,767028
1473341400,6.3,6.3,6.12,6.19,964850
1473427800,6.13,6.19,5.975,6.06,898332
1473687000,6.02,6.2,5.95,6.1,581382
1473773400,6.02,6.02,5.5399,5.66,1669778
1473859800,5.62,5.83,5.475,5.54,1522737
1473946200,5.56,5.63,5.41,5.52,1293088
1474032600,5.47,5.575,5.25,5.38,2724958
1474291800,5.38,5.48,5.35,5.42,733326
1474378200,5.46,5.5,5.281,5.45,877709
1474464600,5.47,5.6899,5.45,5.57,1109323
1474551000,5.6,5.75,5.52,5.75,996065
1474637400,5.79,5.95,5.775,5.92,892077
1474896600,5.92,6.1,5.865,6.03,982481
1474983000,6.01,6.16,5.99,6.16,1020798
1475069400,6.23,6.29,6.08,6.23,959188
1475155800,6.25,6.35,6.13,6.24,1023602
1475242200,6.29,6.34,6.15,6.3,1731452
1475501400,6.31,6.38,6.05,6.17,994855
1475587800,6.21,6.24,5.9,5.91,1015262
1475674200,5.92,6.28,5.9,6.26,918013
1475760600,6.35,6.4,6.06,6.12,687009
1475847000,6.47,6.75,6.26,6.49,4809634
1476106200,6.55,7.09,6.51,6.91,2904410
1476192600,7,7.34,6.84,7.02,2300506
1476279000,7.01,7.23,6.735,6.81,1415338
1476365400,6.75,6.7984,6.46,6.54,1602906
1476451800,6.6,6.67,6.36,6.38,1378456
1476711000,6.36,6.555,6.33,6.42,908757
1476797400,6.5,6.64,6.4,6.53,824078
1476883800,6.57,6.7832,6.51,6.65,743378
1476970200,6.64,6.74,6.52,6.67,704889
1477056600,6.62,6.68,6.19,6.27,2503441
1477315800,6.29,6.3405,6.01,6.08,1243040
1477402200,6.07,6.15,5.96,5.98,804378
1477488600,5.95,5.9959,5.53,5.53,2002605
1477575000,5.65,5.7077,5.35,5.37,1623187
1477661400,5.36,5.53,5.12,5.18,1056634
1477920600,5.18,5.3,5.03,5.21,1421286
1478007000,5.2,5.3,4.85,4.86,2180482
1478093400,4.87,4.906,4.59,4.63,1770056
1478179800,4.84,4.84,4.57,4.65,1738485
1478266200,4.64,4.9,4.61,4.71,1793156
1478529000,4.93,5.04,4.86,4.92,1454565
1478615400,5.02,5.09,4.8828,4.99,1420832
1478701800,4.18,4.85,4.15,4.79,2527578
1478788200,4.49,4.775,4.4401,4.71,1542726
1478874600,5.21,5.5,4.96,5.11,4071355
1479133800,5.12,5.19,4.93,4.98,1926090
1479220200,5.01,5.0825,4.76,4.91,1608440
1479306600,4.84,4.86,4.71,4.85,1206337
1479393000,4.82,4.85,4.71,4.8,987395
1479479400,4.83,5.02,4.83,4.98,1175611
1479738600,5.06,5.1,4.76,4.82,1478294
1479825000,5.02,5.18,4.89,5.05,1815749
1479911400,5.02,5.3,4.98,5.28,1293479
1480084200,5.33,5.42,5.18,5.34,650223
1480343400,5.41,5.6,5.3,5.38,1473442
1480429800,5.38,5.4448,4.96,4.99,1661039
1480516200,5.09,5.29,5.06,5.1,1020868
1480602600,5.13,5.23,4.8901,5,1059865
1480689000,5.05,5.12,4.95,5.09,1255960
1480948200,5.1,5.33,5.08,5.32,1358988
1481034600,5.33,5.47,5.24,5.46,984674
1481121000,5.47,5.7,5.4311,5.58,1627981
1481207400,5.62,5.79,5.58,5.65,1523061
1481293800,5.69,5.86,5.65,5.85,1345944
1481553000,5.87,5.95,5.61,5.65,1647851
1481639400,5.69,5.7,5.25,5.37,1717493
1481725800,5.39,5.41,5.17,5.24,1011777
1481812200,5.23,5.39,5.19,5.32,602298
1481898600,5.35,5.62,5.33,5.59,1319462
1482157800,5.58,5.84,5.52,5.8,874457
1482244200,5.8,5.89,5.47,5.55,951239
1482330600,5.56,5.74,5.5,5.53,748709
1482417000,5.54,5.54,5.35,5.44,549585
1482503400,5.41,5.4234,5.22,5.23,996530
1482849000,5.23,5.62,5.205,5.61,1091147
1482935400,5.64,5.68,5.38,5.44,1035420
1483021800,5.43,5.58,5.31,5.33,958510
1483108200,5.31,5.365,5.25,5.31,700394
1483453800,5.39,5.6,5.36,5.59,1091168
1483540200,5.6,5.85,5.57,5.82,1505966
1483626600,5.82,5.85,5.71,5.81,771949
1483713000,5.82,5.88,5.64,5.8,542192
1483972200,5.77,5.85,5.62,5.67,717130
1484058600,5.86,6.01,5.74,6,1072842
1484145000,6.01,6.5,5.93,6.4,2408116
1484231400,6.35,6.35,6.04,6.17,1160176
1484317800,6.18,6.37,6.15,6.25,943557
1484663400,6.22,6.36,6.14,6.16,877593
1484749800,6.16,6.25,6.08,6.1,646389
1484836200,6.12,6.17,5.78,5.81,1376915
1484922600,5.81,5.89,5.75,5.88,447053
1485181800,5.88,5.88,5.5,5.59,1198218
1485268200,5.6,5.7,5.5,5.65,628265
1485354600,5.7,5.88,5.7,5.75,768042
1485441000,5.77,5.88,5.65,5.7,504052
1485527400,5.72,5.78,5.5,5.55,994621
1485786600,5.51,5.52,5.21,5.25,1094985
1485873000,5.22,5.3,5.11,5.29,907850
1485959400,5.26,5.58,5.26,5.57,954870
1486045800,5.53,5.589,5.45,5.51,582793
1486132200,5.52,5.66,5.5,5.66,712354
1486391400,5.61,5.61,5.48,5.57,479393
1486477800,5.57,5.63,5.5,5.59,333739
1486564200,5.57,5.79,5.53,5.74,739193
1486650600,5.76,5.78,5.7,5.73,621932
1486737000,5.79,6.08,5.75,5.99,1384992
1486996200,6.03,6.15,6.01,6.06,627066
1487082600,6.04,6.06,5.9,6.04,843888
1487169000,6.02,6.18,5.96,6.17,907548
1487255400,6.15,6.15,5.93,6.04,841275
1487341800,6.05,6.06,5.85,5.96,1318556
1487687400,6,6.14,5.93,6.02,1624437
1487773800,6,6,5.72,5.83,1211676
1487860200,5.84,5.98,5.81,5.91,754986
1487946600,5.85,5.95,5.81,5.85,559884
1488205800,5.85,5.95,5.8064,5.92,1003591
1488292200,5.9,5.92,5.67,5.69,761267
1488378600,5.75,5.8,5.51,5.62,1451021
1488465000,5.6,5.7,5.45,5.48,1023100
1488551400,5.5,5.63,5.4,5.41,1000099
1488810600,5.41,5.41,5.21,5.25,1394781
1488897000,5.3,5.3514,5.19,5.27,1359998
1488983400,5.4,5.47,5.16,5.24,2574500
1489069800,5.02,5.49,5,5.24,3285534
1489156200,5.3,5.3,5.04,5.06,1860677
1489411800,5.06,5.07,4.92,4.96,1408286
1489498200,4.93,4.9477,4.79,4.89,1145168
1489584600,4.9,5.01,4.85,5,892204
1489671000,5.01,5.18,4.98,5.1,1019585
1489757400,5.1,5.11,4.92,4.95,1597042
1490016600,4.93,4.95,4.82,4.9,885322
1490103000,4.92,4.99,4.8,4.8,965999
1490189400,5.05,5.1,4.85,4.98,1731021
1490275800,4.98,5.04,4.82,4.84,882579
1490362200,4.85,4.99,4.82,4.91,937395
1490621400,4.88,4.98,4.86,4.94,811204
1490707800,4.91,5.09,4.91,5.08,817063
1490794200,5.06,5.295,5.04,5.26,747931
1490880600,5.27,5.295,5.15,5.22,737824
1490967000,5.23,5.43,5.23,5.4,1252077
1491226200,5.37,5.37,5.17,5.28,855577
1491312600,5.25,5.3,5.18,5.22,971003
1491399000,5.27,5.345,5.01,5.03,784672
1491485400,5.02,5.18,4.95,5.18,976827
1491571800,5.16,5.34,5.04,5.34,824045
1491831000,5.31,5.62,5.21,5.54,1241395
1491917400,5.6,5.61,5.28,5.46,1145211
1492003800,5.44,5.47,5.3,5.33,812426
1492090200,5.32,5.39,5.18,5.23,711998
1492435800,5.24,5.33,5.205,5.3,670585
1492522200,5.25,5.25,5.07,5.19,1132506
1492608600,5.2,5.39,5.12,5.16,845193
1492695000,5.18,5.259,5.11,5.12,523529
1492781400,5.11,5.18,5.08,5.12,558194
1493040600,5.21,5.31,5.15,5.27,748716
1493127000,5.33,5.48,5.265,5.42,1238395
1493213400,5.41,5.495,5.31,5.32,725108
1493299800,5.31,5.39,5.17,5.33,784312
1493386200,5.34,5.39,5.265,5.29,482241
1493645400,5.28,5.393,5.22,5.38,854656
1493731800,5.36,5.43,5.19,5.21,920808
1493818200,5.15,5.21,4.72,4.75,3388978
1493904600,5,5.025,4.59,4.71,1941403
1493991000,4.64,4.88,4.6,4.86,1158191
1494250200,4.81,4.95,4.81,4.92,657930
1494336600,4.92,4.96,4.84,4.9,754842
1494423000,4.88,5.15,4.85,5.09,1416651
1494509400,5.12,5.21,4.86,5,1871820
1494595800,4.96,5.01,4.81,4.87,1104922
1494855000,4.91,5.08,4.87,4.905,857221
1494941400,4.9,4.96,4.84,4.9,653731
1495027800,4.81,4.92,4.76,4.81,1032472
1495114200,4.79,4.91,4.73,4.9,773245
1495200600,4.91,5.1,4.88,5.05,1200987
1495459800,4.88,5,4.83,4.9,1180270
1495546200,4.91,5.01,4.79,4.89,975651
1495632600,4.89,5.035,4.846,4.92,968556
1495719000,4.95,4.97,4.8,4.91,1251269
1495805400,4.89,4.99,4.8817,4.94,717394
1496151000,4.97,5.0924,4.85,5.02,1406060
1496237400,5.01,5.105,4.87,5.04,1053758
1496323800,5.05,5.17,4.99,5.13,979818
1496410200,5.15,5.23,5.12,5.12,705252
1496669400,5.1,5.13,4.96,5,553478
1496755800,4.95,5.1,4.91,5.02,899218
1496842200,5.02,5.06,4.86,4.93,983954
1496928600,4.93,5.4,4.89,5.34,2160978
1497015000,5.36,5.5,5.34,5.41,1037967
1497274200,5.4,5.56,5.33,5.44,827395
1497360600,5.46,5.555,5.425,5.48,811117
1497447000,5.5,5.52,5.34,5.49,628349
1497533400,5.38,5.59,5.38,5.52,627056
1497619800,5.48,5.75,5.47,5.74,1494596
1497879000,5.76,5.91,5.7,5.85,971234
1497965400,5.99,6.5,5.93,6.36,3838935
1498051800,6.26,6.59,6.19,6.52,2486063
1498138200,6.54,6.71,6.47,6.65,2013782
1498224600,6.61,6.785,6.5,6.75,4004110
1498483800,6.76,7,6.74,6.83,1734914
1498570200,6.79,7,6.7713,6.89,1456832
1498656600,6.96,7.22,6.86,7.1,1891542
1498743000,7.12,7.32,7.09,7.27,1898131
1498829400,7.27,7.35,7.07,7.12,1663737
1499088600,7.12,7.3,7.0601,7.24,834849
1499261400,7.21,7.24,6.5,6.8,1861240
1499347800,6.77,7,6.61,6.75,752975
1499434200,6.73,6.83,6.65,6.79,777295
1499693400,6.81,7,6.81,6.89,727860
1499779800,6.9,6.99,6.831,6.87,831125
1499866200,6.91,7.07,6.86,7.06,1113167
1499952600,7.08,7.1799,6.95,6.99,1023664
1500039000,7,7.16,6.99,7.07,836052
1500298200,7.05,7.135,6.98,7.01,466364
1500384600,7,7.2,6.895,7.14,1127251
1500471000,7.14,7.305,7.135,7.27,987976
1500557400,7.31,7.321,7.14,7.25,708976
1500643800,7.28,7.34,7.14,7.29,793101
1500903000,7.35,7.59,7.32,7.56,1374894
1500989400,7.59,7.64,7.35,7.35,1002624
1501075800,7.35,7.48,7.25,7.3,819349
1501162200,7.3,7.54,7.26,7.37,1294492
1501248600,7.42,7.5,7.3,7.48,1014671
1501507800,7.46,7.56,7.29,7.53,780259
1501594200,7.53,7.55,7.355,7.44,629753
1501680600,7.4,7.4,6.95,7.19,962063
1501767000,7.25,7.385,7.195,7.24,745054
1501853400,7.28,7.37,7.22,7.27,578483
1502112600,7.25,7.48,7.24,7.42,1052213
1502199000,6.9,7.3,6.5,7.05,2944727
1502285400,6.95,6.96,6.75,6.84,1254082
1502371800,6.8,6.86,6.52,6.69,1469275
1502458200,6.65,6.84,6.6,6.82,614906
1502717400,6.85,7.1,6.82,6.96,591870
1502803800,6.97,7.07,6.8699,6.94,605758
1502890200,6.92,7.08,6.79,6.84,490109
1502976600,6.8,6.94,6.64,6.65,591430
1503063000,6.6,6.9,6.51,6.85,840579
1503322200,6.83,6.89,6.7,6.7,343801
1503408600,6.73,6.855,6.68,6.71,377403
1503495000,6.68,6.99,6.6,6.94,1064397
1503581400,7.23,7.78,7.1,7.59,3045443
1503667800,7.47,7.55,6.83,6.91,2386427
1503927000,6.94,7.03,6.82,6.93,832902
1504013400,6.87,6.91,6.685,6.83,799346
1504099800,6.8,6.9084,6.71,6.78,662661
1504186200,6.81,6.86,6.64,6.7,1009309
1504272600,6.71,6.79,6.52,6.77,764593
1504618200,6.75,6.94,6.72,6.92,1111459
1504704600,6.92,7.17,6.8541,7.07,936213
1504791000,7.09,7.21,7.04,7.15,836430
1504877400,7.15,7.2,6.98,7.04,1009007
1505136600,7,7.08,6.73,6.92,729354
1505223000,6.92,7.02,6.85,6.94,610703
1505309400,6.92,6.95,6.83,6.83,511498
1505395800,6.82,6.94,6.785,6.86,550863
1505482200,6.88,6.92,6.625,6.72,1591152
1505741400,6.75,6.8,6.44,6.44,1486281
1505827800,6.42,6.43,6.015,6.05,2541946
1505914200,6.09,6.24,6,6.02,1348259
1506000600,5.99,6.04,4.21,5.47,3131318
1506087000,5.46,5.81,5.1,5.59,2865611
1506346200,5.6,5.614,5.129,5.19,1729019
1506432600,5.17,5.54,5.16,5.4,1381974
1506519000,5.4,5.71,5.39,5.63,1128067
1506605400,5.6,5.61,5.4,5.53,1115050
1506691800,5.51,5.69,5.4699,5.55,708737
1506951000,5.49,5.565,5.41,5.53,766464
1507037400,5.56,5.66,5.52,5.65,729278
1507123800,5.64,5.72,5.54,5.63,665203
1507210200,5.62,5.72,5.49,5.54,698819
1507296600,5.5,5.66,5.5,5.58,404039
1507555800,5.58,5.68,5.43,5.43,495479
1507642200,5.48,5.5801,5.43,5.45,670421
1507728600,5.45,5.54,5.42,5.47,656222
1507815000,5.47,5.52,5.38,5.39,694448
1507901400,5.39,5.6,5.38,5.52,826843
1508160600,5.52,5.63,5.49,5.49,596314
1508247000,5.53,5.7,5.505,5.54,1217525
1508333400,5.59,5.7,5.54,5.54,1068091
1508419800,5.5,5.62,5.37,5.46,579932
1508506200,5.5,5.59,5.44,5.57,606667
1508765400,5.55,5.63,5.31,5.37,781632
1508851800,5.39,5.585,5.375,5.44,1085462
1508938200,5.45,5.53,5.35,5.42,1005358
1509024600,5.42,5.52,5.38,5.44,466306
1509111000,5.45,5.68,5.45,5.62,741173
1509370200,5.58,5.81,5.55,5.72,886750
1509456600,5.75,5.92,5.64,5.74,1508838
1509543000,5.67,5.84,5.66,5.74,895458
1509629400,5.77,5.8,5.63,5.69,940598
1509715800,5.67,5.72,5.59,5.65,685743
1509978600,5.75,6.16,5.7,6.13,1339548
1510065000,6.2,6.235,5.8,5.86,1227764
1510151400,5.82,6.19,5.75,5.89,933983
1510237800,6.41,6.73,6.03,6.24,2876201
1510324200,6.2,6.24,5.64,5.83,1877743
1510583400,5.9,6.15,5.87,6.07,1060199
1510669800,6.07,6.18,5.89,6.17,710365
1510756200,6.12,6.25,6.01,6.08,821000
1510842600,6.07,6.195,5.93,6.04,824992
1510929000,6,6.14,5.937,6.05,734075
1511188200,5.98,6.08,5.9183,6.02,720622
1511274600,6.05,6.0552,5.9,5.92,569713
1511361000,5.92,5.979,5.75,5.92,653601
1511533800,5.95,5.99,5.87,5.93,330516
1511793000,5.97,6.09,5.94,6.08,821576
1511879400,6.01,6.01,5.7,5.73,2020633
1511965800,5.72,5.78,5.4,5.56,1514511
1512052200,5.56,5.67,5.51,5.6,788590
1512138600,5.57,5.64,5.32,5.44,1115300
1512397800,5.49,5.74,5.48,5.49,1054775
1512484200,5.49,5.635,5.44,5.56,749711
1512570600,5.55,5.6,5.48,5.56,535423
1512657000,5.54,5.69,5.52,5.67,651670
1512743400,5.71,5.78,5.71,5.73,693462
1513002600,5.74,5.86,5.7,5.8,722552
1513089000,5.79,5.9499,5.675,5.69,823555
1513175400,5.71,5.826,5.59,5.69,858552
1513261800,5.72,5.92,5.6,5.86,1115768
1513348200,5.91,6.1,5.9,6.06,2727371
1513607400,6.08,6.14,6.03,6.07,1262020
1513693800,6.07,6.1,5.97,5.99,719743
1513780200,5.98,6.12,5.98,6.07,697127
1513866600,6.08,6.08,6.01,6.05,673895
1513953000,6.04,6.06,5.98,6.02,356646
1514298600,6.01,6.01,5.79,5.84,552852
1514385000,5.84,5.94,5.78,5.87,435964
1514471400,5.87,6.08,5.87,6.07,1012524
1514557800,6.08,6.09,5.89,5.9,879829
1514903400,5.88,5.98,5.88,5.92,672383
1514989800,5.92,6.14,5.92,6.05,933727
1515076200,6.05,6.09,5.91,6.06,798460
1515162600,6.07,6.09,5.94,6.01,1062019
1515421800,6,6.1,5.92,6.05,466716
1515508200,6.03,6.08,5.96,6.01,563979
1515594600,5.98,6.025,5.94,6.02,511406
1515681000,5.98,6.31,5.9398,6.3,1870717
1515767400,6.3,6.43,6.232,6.36,980950
1516113000,6.37,6.41,6.06,6.06,926514
1516199400,6.07,6.15,6.02,6.09,992222
1516285800,6.06,6.13,5.775,5.92,1934398
1516372200,5.91,6.01,5.88,5.94,919568
1516631400,5.94,6.08,5.873,6.04,1243947
1516717800,6.45,6.57,6.16,6.41,3887822
1516804200,6.45,6.56,6.27,6.39,1295445
1516890600,6.47,6.52,6.28,6.33,985947
1516977000,6.39,6.405,6.2,6.33,878789
1517236200,6.35,6.78,6.35,6.66,1543135
1517322600,6.66,6.7299,6.61,6.67,1059941
1517409000,6.7,6.73,6.32,6.33,1155410
1517495400,6.32,6.37,6.03,6.07,899082
1517581800,6.02,6.05,5.78,5.82,1816905
1517841000,5.79,5.89,5.6,5.61,1356024
1517927400,5.52,5.65,5.43,5.55,1589073
1518013800,5.56,5.7,5.48,5.54,847506
1518100200,5.56,5.69,5.26,5.33,1404734
1518186600,5.43,5.48,5.08,5.37,1674229
1518445800,5.84,6.12,5.6399,6,2667024
1518532200,6.02,6.11,5.94,5.97,1518409
1518618600,5.9,6.52,5.9,6.42,2695063
1518705000,6.5,6.55,6.24,6.53,1810630
1518791400,6.54,6.88,6.53,6.78,2851718
1519137000,6.8,6.85,6.68,6.73,1325221
1519223400,6.77,7.299,6.77,7.06,2944317
1519309800,7.02,7.05,6.35,6.69,3001457
1519396200,6.7,6.89,6.62,6.865,1321586
1519655400,6.91,7.1,6.8826,7.05,1674797
1519741800,7.08,7.149,6.7,6.75,1562581
1519828200,6.8,6.885,6.68,6.69,1252824
1519914600,6.67,7.03,6.51,6.94,1938577
1520001000,6.97,7.09,6.67,7.06,1898522
1520260200,7.03,7.2,6.83,7.2,2640582
1520346600,7.3,7.44,7.16,7.43,4219774
1520433000,7.4,7.4,6.64,6.76,6183057
1520519400,6.74,7.09,6.71,6.91,3124035
1520605800,6.98,7.23,6.96,7.15,1983543
1520861400,7.15,7.37,7.15,7.2,1710279
1520947800,7.24,7.4,7.15,7.27,1878358
1521034200,7.33,7.66,7.25,7.65,3062933
1521120600,7.69,7.7,7.405,7.46,1571631
1521207000,7.57,7.68,7.32,7.66,2275686
1521466200,7.64,7.79,7.4935,7.63,2261919
1521552600,7.67,8.08,7.56,8.05,2761954
1521639000,8.07,8.95,8.07,8.64,5108403
1521725400,8.49,8.85,8.18,8.47,4337743
1521811800,8.53,8.87,8.42,8.43,3117898
1522071000,8.55,8.82,8.5,8.73,2605175
1522157400,8.75,8.84,8.51,8.76,2377383
1522243800,8.7,8.749,8.4535,8.69,2585446
1522330200,8.72,9.23,8.61,8.93,3371976
1522675800,8.9,9.12,8.73,9.08,2167762
1522762200,9.15,9.24,8.915,9.16,2539922
1522848600,9.11,9.88,8.94,9.82,5328267
1522935000,9.82,10.16,9.76,9.94,5041216
1523021400,9.3,9.51,8.39,8.52,6356205
1523280600,8.51,8.73,8.17,8.19,2919946
1523367000,8.28,8.59,8.2,8.2,2444652
1523453400,8.15,8.45,8.01,8.28,1709002
1523539800,8.41,8.6,8.36,8.47,1488674
1523626200,8.54,8.69,8.42,8.5,1473955
1523885400,8.5,8.75,8.43,8.63,1503139
1523971800,8.69,8.8,8.58,8.75,1089774
1524058200,8.79,9.22,8.73,9.11,1968147
1524144600,9.12,9.15,8.83,8.91,1166811
1524231000,8.87,9.48,8.82,9.27,1803071
1524490200,9.44,9.44,8.69,8.82,2575052
1524576600,8.87,9.04,8.7,8.88,1425302
1524663000,8.9,9.03,8.75,8.99,1372112
1524749400,9.05,9.12,8.95,9.08,835490
1524835800,9.08,9.45,9.05,9.25,1153548
1525095000,9.27,9.39,9.12,9.22,3745184
1525181400,9.18,9.18,8.8,9.08,966387
1525267800,9.09,9.25,8.99,9.06,4051903
1525354200,9.03,9.11,8.82,8.89,1024659
1525440600,8.9,9.04,8.86,8.98,781664
1525699800,9.03,9.4,8.97,9.33,1998640
1525786200,9.31,9.5,9.22,9.43,2244950
1525872600,9.41,10.03,9.35,9.83,4177783
1525959000,10.97,11.77,10.22,11.5,9178754
1526045400,11.19,11.2,10.47,10.69,5553570
1526304600,10.83,11.35,10.763,10.89,3810177
1526391000,10.75,11.19,10.72,10.85,2759301
1526477400,10.76,10.9,10.4101,10.64,3032466
1526563800,10.63,10.8758,10.54,10.86,2284893
1526650200,10.85,11.07,10.83,10.98,2039164
1526909400,11,11.14,10.755,10.91,1970249
1526995800,10.98,11.06,10.84,10.88,1260043
1527082200,10.8,10.94,10.71,10.89,857855
1527168600,10.87,11.04,10.67,11.01,1280473
1527255000,10.93,11.11,10.7,10.91,1774966
1527600600,10.76,11.07,10.76,11,1793132
1527687000,11.01,11.51,10.91,11.5,3016871
1527773400,11.66,12.24,11.49,12.1,5595122
1527859800,11.99,12.395,11.57,12.27,3327940
1528119000,12.3,12.39,11.75,12.32,2972152
1528205400,12.36,13,12.33,12.82,3726142
1528291800,12.78,12.81,12.32,12.57,2535412
1528378200,12.63,12.7899,12.065,12.28,1642380
1528464600,12.32,12.71,12.25,12.69,2346718
1528723800,12.76,12.81,12.54,12.64,1485282
1528810200,12.78,13.97,12.72,13.49,4472187
1528896600,13.74,14.31,13.6,13.98,3541869
1528983000,14.1,14.35,13.91,14.18,2199157
1529069400,14.19,14.19,13.57,13.63,5151064
1529328600,13.42,13.96,13.32,13.82,1614135
1529415000,13.62,13.8,13.18,13.78,1602377
1529501400,13.8,14.1264,13.5401,13.86,1475910
1529587800,13.93,13.9778,13.57,13.69,1100134
1529674200,13.82,13.97,13.65,13.87,1995432
1529933400,13.81,13.82,12.93,13.45,1802392
1530019800,13.59,13.72,13.35,13.5,1280159
1530106200,13.48,13.5,13.08,13.1,1182334
1530192600,13.05,13.35,12.7,13.05,1986562
1530279000,13.14,13.495,12.89,13.15,1427389
1530538200,13.57,14.23,13,14.17,2748121
1530624600,14.28,14.326,13.88,14.18,1402713
1530797400,14.27,15.21,13.86,14.99,4565401
1530883800,14.85,15.51,14.5,15.49,3180670
1531143000,15.62,16.025,15.33,15.95,2791801
1531229400,15.86,16.005,15.17,15.79,2628780
1531315800,15.41,16.1,15.27,15.96,1759017
1531402200,16,16.0701,15.51,15.96,2080857
1531488600,15.96,16.02,15.65,15.75,1537097
1531747800,15.85,16.4454,15.66,15.94,1525716
1531834200,15.95,16.239,15.12,15.17,2422247
1531920600,15.16,15.4395,14.69,15.16,2268215
1532007000,14.31,15.51,14.31,15.45,2534997
1532093400,15.38,15.59,14.2,14.38,2112699
1532352600,14.39,14.685,14.3,14.54,1286793
1532439000,14.72,15.15,14.52,14.74,1432538
1532525400,14.74,15.22,14.51,15.11,1516482
1532611800,15.03,15.42,14.92,15.23,1169683
1532698200,15.21,15.4999,14.45,14.61,1429735
1532957400,14.53,14.72,13.7,13.85,1838938
1533043800,13.95,14.43,13.931,14.14,1048131
1533130200,14.16,14.33,13.91,14.32,1120872
1533216600,14.28,14.8799,14.2,14.77,1118253
1533303000,14.42,14.96,13.42,13.84,3418439
1533562200,13.84,14.1699,13.57,13.91,1532713
1533648600,14,14.12,13.9,14.02,842993
1533735000,14.1,14.41,13.94,14.29,1310836
1533821400,14.5,14.84,14.33,14.34,2249797
1533907800,12.69,13.7,11.8,13.29,9787596
1534167000,13.26,13.58,12.5,13.21,4667707
1534253400,13.23,13.41,12.72,13.16,3034499
1534339800,12.98,13.39,12.8563,13.26,1827260
1534426200,13.4,13.6,13,13.39,2210356
1534512600,13.38,13.56,12.8,12.97,2090544
1534771800,13.03,13.88,12.86,13.88,2430417
1534858200,13.92,14.38,13.9,13.98,2277206
1534944600,13.93,14.42,13.91,14.32,1708395
1535031000,14.19,14.2606,13.45,13.57,2594232
1535117400,13.69,14.16,13.6,14.16,1313356
1535376600,14.12,14.34,13.745,13.97,2758151
1535463000,14.02,14.099,13.171,13.39,2210079
1535549400,13.42,13.7699,13.27,13.52,1276645
1535635800,13.46,13.5,13.01,13.1,1573692
1535722200,13.05,13.37,13.02,13.12,1332389
1536067800,13.1,13.33,12.72,12.78,1748812
1536154200,12.76,12.79,12.18,12.64,1558837
1536240600,12.71,12.71,12.245,12.33,1115853
1536327000,12.25,12.52,12.18,12.26,1015612
1536586200,12.26,12.265,11.91,11.95,1286681
1536672600,12.88,13.37,12.48,12.7,3688931
1536759000,12.61,13.2,12.61,13.1,1382317
1536845400,12.835,13.38,12.831,13.09,950884
1536931800,13.05,13.24,12.95,13.13,997348
1537191000,13.07,13.19,12.48,12.56,1298168
1537277400,12.5,13.06,12.4901,12.89,881792
1537363800,12.9,13.04,12.59,12.75,855673
1537450200,12.8,13.18,12.75,12.84,1149018
1537536600,12.84,13.039,12.4826,12.5,2281289
1537795800,12.5,12.695,12.3577,12.51,1561213
1537882200,12.5,12.605,12.25,12.52,1226366
1537968600,12.49,12.57,12.405,12.46,869774
1538055000,12.4,12.5,11.9,12.07,2493637
1538141400,12.05,12.81,12,12.44,2162223
1538400600,12.48,12.575,11.9801,12.24,1681604
1538487000,12.38,13.7666,12.37,13.54,2816229
1538573400,13.54,13.54,12.6,12.85,2134206
1538659800,12.76,13.04,12.33,12.59,1193746
1538746200,12.58,12.8,12.33,12.48,1495919
1539005400,12.35,12.41,11.69,11.99,1160093
1539091800,12.02,12.28,11.8899,12.12,1076764
1539178200,12.03,12.15,11.12,11.19,1546222
1539264600,11.09,11.8,10.955,11.38,2048239
1539351000,11.8,12.22,11.51,12.22,1459513
1539610200,12.11,12.47,12.02,12.41,1050247
1539696600,12.54,13.265,12.5,13.16,1933434
1539783000,13.11,13.15,12.64,13.05,1144794
1539869400,12.92,13.15,12.57,12.72,784894
1539955800,12.83,12.99,12.33,12.73,1080352
1540215000,12.73,12.98,12.62,12.79,937275
1540301400,12.51,12.55,11.845,12.38,1185385
1540387800,12.37,12.7,11.72,11.75,1209838
1540474200,11.76,12.05,11.4154,11.86,1925609
1540560600,11.62,11.8999,11.3,11.44,1110949
1540819800,11.56,11.97,11.26,11.5,1094700
1540906200,11.5,11.97,11.44,11.96,872803
1540992600,12.19,12.401,11.8633,12.26,1124354
1541079000,12.26,12.64,11.68,12.6,1174689
1541165400,12.68,13.2,12.54,13.12,1370453
1541428200,13,13.08,12.52,12.66,1259928
1541514600,12.73,13.07,12.58,12.97,896639
1541601000,13.22,13.33,12.89,13.19,1557472
1541687400,12.47,13.5,12.4,12.59,2165704
1541773800,12.47,12.59,12.21,12.3,803729
1542033000,12.3,12.75,12.06,12.44,955080
1542119400,12.48,12.73,12.02,12.13,1055992
1542205800,12.27,12.615,12.11,12.59,925316
1542292200,12.42,13.18,12.22,13.12,1415159
1542378600,13.04,13.18,12.55,13.07,1422327
1542637800,12.77,12.98,12.39,12.79,1411187
1542724200,12.51,12.51,11.6,11.8,1401842
1542810600,11.87,12.3239,11.78,12.29,863858
1542983400,12.14,12.655,12.01,12.42,365771
1543242600,12.6,13.03,12.52,13.03,1075735
1543329000,13.09,14.1485,13.05,14.11,3331226
1543415400,14.09,14.6,13.9,14.53,2903227
1543501800,14.38,14.7,14.31,14.7,2199306
1543588200,14.55,14.731,14.18,14.65,2055930
1543847400,15,15,14.53,14.91,1885658
1543933800,14.89,14.95,14.13,14.28,1824323
1544106600,14.08,14.63,13.71,14.61,1304684
1544193000,14.62,14.88,13.82,13.96,1206047
1544452200,13.96,14.32,13.66,14.14,1167961
1544538600,14.43,14.48,13.88,14.12,930610
1544625000,14.34,14.56,13.91,14.41,1087065
1544711400,14.63,14.87,14.08,14.26,1257212
1544797800,14.13,14.13,12.71,13.02,1773136
1545057000,12.76,13.23,12.53,13.11,1955574
1545143400,13.33,13.515,12.18,12.4,1489761
1545229800,12.33,12.77,11.8,11.94,1324268
1545316200,11.97,11.97,8.81,10.48,5851426
1545402600,10.49,10.9667,10.34,10.9,3135650
1545661800,10.43,10.68,9.95,10.52,1540896
1545834600,10.65,11.2,10.4,11.16,1585437
1545921000,11,11.12,10.265,10.91,1372628
1546007400,10.91,11.14,10.4631,10.6,1539616
1546266600,10.72,10.91,10.465,10.89,1220318
1546439400,10.58,10.99,10.1,10.98,1017881
1546525800,10.83,11.06,9.56,9.78,2469220
1546612200,9.95,10.5971,9.95,10.38,1531698
1546871400,10.37,10.8,10.15,10.56,1209545
1546957800,10.61,10.98,10.41,10.71,1441476
1547044200,10.76,11.61,10.73,11.47,1832672
1547130600,11.29,11.54,11.01,11.51,854158
1547217000,11.49,11.74,11.2241,11.65,1135406
1547476200,11.54,11.87,11.4,11.73,948650
1547562600,11.75,11.89,11.54,11.74,656400
1547649000,11.79,12,11.61,11.69,1025956
1547735400,11.62,12.14,11.52,12.07,895877
1547821800,12.12,12.23,11.86,12.16,782520
1548167400,12.07,12.28,11.76,11.78,835650
1548253800,11.86,12.17,11.69,11.92,643116
1548340200,11.9,12.23,11.9,12.01,602318
1548426600,12.16,12.3073,12.0201,12.19,780315
1548685800,11.99,12.36,11.93,12.24,1086635
1548772200,12.32,12.35,12.11,12.23,734067
1548858600,12.37,12.49,12.17,12.4,585295
1548945000,12.42,13.3,12.41,13.3,1852204
1549031400,13.12,13.64,13.12,13.32,1168448
1549290600,13.32,13.69,13.21,13.66,776044
1549377000,13.69,14.14,13.62,13.92,1433324
1549463400,13.96,14.45,13.9082,14.33,1170680
1549549800,14.26,14.61,14.12,14.6,1252158
1549636200,14.51,14.771,14.34,14.68,974194
1549895400,14.74,15.18,14.5805,14.9,1753686
1549981800,14.9,15,14.77,14.93,783463
1550068200,15.01,15.24,14.88,15.15,1049800
1550154600,14.97,15.44,14.36,15.1,1641798
1550241000,15.17,15.28,15.05,15.26,777274
1550586600,15.5,15.55,15.3,15.47,1482970
1550673000,15.44,15.74,15.22,15.46,1497144
1550759400,15.5,15.5899,15.26,15.5,886310
1550845800,15.58,15.94,15.41,15.82,1140033
1551105000,16,16.0298,15.54,15.71,1147614
1551191400,15.66,15.78,15.44,15.64,1360583
1551277800,15.52,15.71,15.21,15.59,1174325
1551364200,15.53,15.85,15.45,15.51,2262902
1551450600,16.05,16.25,15.61,15.96,2714410
1551709800,16.1,17.0919,15.97,16.3,3179586
1551796200,16.31,16.62,15.54,15.57,2239333
1551882600,15.65,16,15.155,15.21,1652190
1551969000,15.12,15.195,14.76,14.83,1220584
1552055400,14.37,14.81,14.26,14.73,1099177
1552311000,14.77,15.1271,14.73,14.86,1184579
1552397400,14.94,15.05,14.71,14.73,848550
1552483800,14.78,14.94,14.54,14.73,1064393
1552570200,14.78,14.79,14.35,14.57,806631
1552656600,14.57,14.9,14.4,14.77,1284154
1552915800,14.8,15.06,14.65,14.83,960798
1553002200,14.88,14.97,14.615,14.68,712608
1553088600,14.58,15.04,14.56,14.85,1097274
1553175000,14.81,15.13,14.69,15.1,976394
1553261400,15,15.08,14.23,14.25,1248891
1553520600,14.2,14.41,14.01,14.08,680800
1553607000,14.22,14.3185,14.04,14.23,668249
1553693400,14.23,14.33,13.73,14.23,934799
1553779800,14.25,14.33,13.96,14.27,788071
1553866200,14.37,14.48,13.99,14.06,1020526
1554125400,14.24,14.38,13.95,14.18,691737
1554211800,14.15,14.36,14.05,14.22,557064
1554298200,14.32,14.945,14.27,14.87,1039982
1554384600,14.84,14.97,14.7,14.82,781577
1554471000,14.9,15.4,14.83,15.24,1162682
1554730200,15.2,15.41,14.99,15.39,613179
1554816600,15.33,15.54,14.92,14.96,712372
1554903000,15.05,16.06,15.05,15.84,1294506
1554989400,15.81,16.17,15.69,15.86,1169488
1555075800,15.99,16.1,15.57,15.68,716118
1555335000,15.63,15.89,15.49,15.62,618980
1555421400,15.75,16.15,15.61,16.08,766297
1555507800,16.15,16.53,16.03,16.51,961213
1555594200,16.49,16.74,16.17,16.27,866777
1555939800,16.2,16.3,15.9,16.27,533867
1556026200,16.26,16.9,16.11,16.69,1027603
1556112600,16.72,17.02,16.69,16.91,920189
1556199000,17.01,17.44,16.79,16.93,1234199
1556285400,16.96,17.12,16.74,17.1,725305
1556544600,17.18,17.31,17.06,17.13,810701
1556631000,16.34,16.5,14.79,15.21,2583740
1556717400,15.41,15.57,14.9,15.34,1167094
1556803800,15.32,15.46,14.9,15.44,893142
1556890200,15.5,16.085,15.5,16,1167820
1557149400,15.6,16.52,15.51,16.46,1037043
1557235800,16.69,16.96,16.5,16.75,1252392
1557322200,16.83,16.91,16.43,16.6,1640631
1557408600,15.12,15.93,14.105,15.53,2534901
1557495000,15.44,15.53,14.75,15.07,1422511
1557754200,14.83,14.9056,14.16,14.3,1257017
1557840600,14.34,14.98,14.34,14.77,1015179
1557927000,14.55,14.87,14.51,14.78,617694
1558013400,15.22,16.2,15.11,16.07,1727935
1558099800,15.71,15.9,15.52,15.8,1115345
1558359000,15.5,15.92,15.29,15.71,699662
1558445400,15.95,16.89,15.95,16.62,1468190
1558531800,16.5,16.86,16.5,16.7,733767
1558618200,15.9,16.27,15.215,15.45,1573643
1558704600,15.61,15.96,15.35,15.64,504955
1559050200,14.95,15.63,14.92,15.49,955391
1559136600,15.39,15.7895,15.1906,15.58,673257
1559223000,15.57,16.13,15.57,15.95,842835
1559309400,15.59,15.71,15.23,15.66,858624
1559568600,15.66,16.18,15.57,15.89,793517
1559655000,16.12,16.31,15.69,16,1014048
1559741400,16.07,16.24,15.6784,16.18,707692
1559827800,16.18,16.24,15.81,16.19,506447
1559914200,16.34,16.76,16.29,16.34,923429
1560173400,16.47,17,16.46,16.6,1399260
1560259800,16.8,17,16.18,16.51,949965
1560346200,16.17,16.7,16.1001,16.3,572910
1560432600,16.36,17,16.36,16.9,809391
1560519000,16.96,16.96,16.2895,16.46,684601
1560778200,16.43,17.1269,16.27,17.09,1252627
1560864600,18,18.75,17.47,18.27,4233365
1560951000,18.3,18.5,17.11,18.26,2617576
1561037400,18.32,19.28,18.31,18.75,2982033
1561123800,18.56,18.84,18,18.52,2034947
1561383000,18.7,18.9453,18.47,18.68,2136724
1561469400,18.78,18.8,18.01,18.3,1762143
1561555800,18.48,18.84,18.3,18.38,1007956
1561642200,18.25,18.695,18.08,18.6,1612280
1561728600,18.8,18.845,18.42,18.76,6461425
1561987800,19.11,20,18.74,19.83,5219864
1562074200,19.89,20.47,19.48,20.33,3577348
1562160600,20.48,20.67,20,20.22,1200968
1562333400,20.1,20.3,19.31,20.21,1508572
1562592600,20.1,20.215,19.6731,19.82,1106280
1562679000,19.78,20.17,19.51,19.87,1503943
1562765400,20.03,20.25,19.3,19.89,1439757
1562851800,19.98,20.05,19.55,19.64,852718
1562938200,19.73,20.08,19.58,19.91,764685
1563197400,19.92,20.25,19.5,19.72,954957
1563283800,19.72,20.43,19.678,20.22,1185356
1563370200,20.62,21.42,20.35,20.39,2569491
1563456600,20.32,20.43,19.63,19.98,1747429
1563543000,20.09,20.4596,19.71,19.77,1668325
1563802200,19.8,20.28,19.61,19.89,1063248
1563888600,19.87,19.89,17.58,18.79,3918030
1563975000,18.76,18.99,18.34,18.7,1458474
1564061400,18.77,19.12,18.57,18.74,1284503
1564147800,18.72,18.9382,18.47,18.77,963600
1564407000,18.69,18.73,17.6,18.64,2123179
1564493400,18.59,19.13,18.45,19.12,1199314
1564579800,19.24,19.49,18.72,19.05,1980062
1564666200,19.42,20.81,19.08,19.63,4144296
1564752600,19.5,19.83,19.02,19.49,1851275
1565011800,18.61,18.9034,18.08,18.38,1833860
1565098200,18.59,19.08,18.38,18.72,1340471
1565184600,19.4,20.2,18.95,19.98,4189262
1565271000,18.41,19.19,17.7611,18.74,5078310
1565357400,18.22,18.5,16.03,16.36,4476572
1565616600,16.23,16.47,15.6393,16.01,2300611
1565703000,15.95,16.53,15.56,16.14,2121818
1565789400,15.79,15.89,14.74,15.13,3767771
1565875800,15.23,15.235,14.59,14.69,1790409
1565962200,14.9,15.59,14.88,15.39,2040464
1566221400,15.69,15.925,15.42,15.77,1697147
1566307800,16.3,16.3,15.525,15.89,1732519
1566394200,16.19,16.2,15.42,15.65,1617863
1566480600,15.78,15.85,15.17,15.47,1243840
1566567000,15.29,15.44,14.55,14.66,1473251
1566826200,14.9,15.24,14.69,15.18,1445147
1566912600,15.32,15.452,14.73,14.84,1162551
1566999000,14.71,15.1,14.6,14.82,1411542
1567085400,14.97,15.25,14.88,15.17,1035845
1567171800,15.27,15.39,15.04,15.33,1780564
1567517400,15.31,15.56,14.675,14.79,1548683
1567603800,15.08,15.41,14.9,15.33,1141934
1567690200,15.51,15.8,15.235,15.3,1253333
1567776600,15.3,15.4518,14.98,15.03,813192
1568035800,15.05,15.365,14.8,14.95,1777907
1568122200,14.96,15.1414,14.62,14.93,1567181
1568208600,14.93,15.68,14.92,15.64,1536177
1568295000,15.79,15.93,15.41,15.83,1165539
1568381400,15.9,16.15,15.75,15.96,1305317
1568640600,15.96,16.64,15.92,16.46,2313131
1568727000,16.53,17.53,16.4,17.48,2284360
1568813400,17.48,17.57,17.1,17.37,1775957
1568899800,17.33,17.695,17.33,17.46,1297672
1568986200,17.43,17.625,17.16,17.3,2310836
1569245400,17.22,17.67,17,17.54,1502678
1569331800,17.51,17.63,16.5,16.68,3111061
1569418200,16.8,17.01,16.33,16.93,1775568
1569504600,16.91,17.7,16.4246,16.64,4404145
1569591000,16.6,16.73,15.86,16.14,2164930
1569850200,16.21,16.86,15.93,16.705,1689356
1569936600,16.72,17.12,16.185,16.26,1333958
1570023000,15.99,16,15.445,15.5,1670801
1570109400,15.52,15.78,15.02,15.77,1122987
1570195800,15.98,16.24,15.63,16.22,1084379
1570455000,16.16,16.6733,15.91,16.52,2288202
1570541400,16.27,16.74,16.183,16.55,1998191
1570627800,16.78,16.89,16.49,16.685,1039574
1570714200,16.69,17.18,16.67,16.94,1060343
1570800600,17.36,17.95,17.31,17.51,1636001
1571059800,17.47,17.55,17.08,17.21,808670
1571146200,17.16,17.3687,17,17.215,876707
1571232600,17,17.35,16.83,16.935,1125454
1571319000,17.06,17.26,16.64,16.77,812840
1571405400,16.7,17.29,16.57,17,1608613
1571664600,17.16,17.34,16.75,17.05,1204975
1571751000,17,17,15.25,15.26,2278051
1571837400,15.31,16,15.25,15.93,2001601
1571923800,16.06,16.06,15.34,15.67,1199077
1572010200,15.58,15.76,15.0961,15.24,1257322
1572269400,15.43,16.07,15.4,15.86,1335657
1572355800,15.78,16.145,15.54,15.97,1236795
1572442200,15.95,15.98,15.45,15.86,959626
1572528600,15.87,16.1,15.3,15.54,1095759
1572615000,15.63,15.83,15.5,15.59,951361
1572877800,15.8,15.94,14.88,14.915,1755077
1572964200,14.97,15.14,14.46,14.95,1655460
1573050600,14.93,15.355,14.73,14.85,1169405
1573137000,14.96,15.26,14.73,14.77,2359553
1573223400,14.76,15.08,14.7,14.74,1836253
1573482600,14.85,15.26,14.3,14.43,2087781
1573569000,14.44,14.7,14.13,14.485,2606614
1573655400,14.88,14.88,12.9,13.77,6213575
1573741800,13.88,14.48,13.88,14.4,3313442
1573828200,14.54,14.84,14.31,14.71,2727215
1574087400,14.64,14.71,14.25,14.44,1772517
1574173800,14.46,14.525,14.02,14.09,1645720
1574260200,14.05,14.05,13.47,13.54,2815557
1574346600,13.49,13.725,13.26,13.42,1446881
1574433000,13.47,13.63,13.41,13.49,1097805
1574692200,13.5,13.87,13.47,13.75,1276331
1574778600,13.74,13.895,13.6413,13.79,1024631
1574865000,14,14.25,13.91,13.99,1280772
1575037800,13.81,14.09,13.8,13.88,717335
1575297000,13.88,13.955,13.5,13.55,938343
1575383400,13.4,13.551,13.1,13.51,1269453
1575469800,13.67,13.81,13.32,13.35,1088355
1575556200,13.43,13.58,13.2,13.21,1194981
1575642600,13.32,13.625,13.26,13.62,1552756
1575901800,13.52,13.74,13.26,13.31,1395409
1575988200,13.33,13.39,13.12,13.26,1603715
1576074600,13.28,13.57,13.155,13.19,1149762
1576161000,13.22,14.19,13.2,14.17,2405604
1576247400,14.03,14.34,13.8,13.94,2092536
1576506600,13.96,14.79,13.94,14.26,2687465
1576593000,14.35,14.63,14.1873,14.29,2163924
1576679400,14.36,14.715,14.26,14.67,1789198
1576765800,14.55,14.87,14.46,14.79,1869720
1576852200,14.84,14.905,14.255,14.37,2274134
1577111400,14.5,14.52,14.18,14.4,1327627
1577197800,14.45,14.665,14.41,14.59,584997
1577370600,14.66,14.71,14.4,14.55,639179
1577457000,14.53,14.62,14.085,14.16,841095
1577716200,14.16,14.385,13.69,13.74,1541293
1577802600,13.73,13.89,13.59,13.81,1169325
1577975400,13.99,14.19,13.77,14.185,1144666
1578061800,14,14.515,13.77,14.37,1080473
1578321000,14.24,14.42,13.66,14.38,1456925
1578407400,14.37,14.71,14.27,14.7,966452
1578493800,14.67,14.78,14.46,14.64,1889777
1578580200,14.71,15.19,14.58,15,1530135
1578666600,15.15,15.1786,14.8,14.91,1007677
1578925800,14.9,15.27,14.76,15.24,1512022
1579012200,15.1,15.55,15.0593,15.27,1750751
1579098600,15.19,15.3174,15.05,15.19,1167460
1579185000,15.71,16.625,15.65,16.6,3162617
1579271400,16.83,17.47,16.76,17.18,3455532
1579617000,17.21,17.52,16.83,17.37,2041308
1579703400,17.51,17.54,16.76,16.85,1640234
1579789800,16.67,17.07,16.385,16.955,1259243
1579876200,17.07,17.07,16.61,16.79,1284965
1580135400,16.4,16.64,16.2,16.33,1033750
1580221800,16.48,16.98,16.305,16.96,942331
1580308200,17.08,17.1,16.81,16.95,880653
1580394600,17.9,17.93,17.33,17.48,7953254
1580481000,17.24,17.46,16.88,17.03,3539766
1580740200,17.06,17.69,16.95,17.54,18257753
1580826600,17.86,18.32,17.68,18.25,3024135
1580913000,18.5,19.03,18.36,18.99,3191041
1580999400,19.11,19.435,18.85,19.13,2274271
1581085800,19,19.11,18.82,18.95,1206058
1581345000,18.89,20,18.89,19.96,2357187
1581431400,20,20.62,19.72,20.13,3072695
1581517800,20.41,21.5,20.25,21.3,3770594
1581604200,20.99,21.5,20.73,21.3,2442051
1581690600,21.21,21.565,20.91,21.42,2084233
1582036200,21.36,22.38,21.34,21.77,4907461
1582122600,21.42,22.71,21.06,22.48,4271547
1582209000,23,23.66,22.6306,23.4,4192036
1582295400,22.25,22.62,21.51,21.95,4804829
1582554600,20.75,22.32,19.25,22.13,3116130
1582641000,22.76,22.87,20.71,20.8,3447909
1582727400,21.09,21.62,20.275,20.91,3163331
1582813800,20.17,21.06,19.15,20.27,3946474
1582900200,17.24,19.54,16.25,19.34,4840199
1583159400,19.46,19.56,18.34,19.36,3354316
1583245800,19.65,20.51,19.21,19.515,2919935
1583332200,19.93,20.89,19.81,20.8,1862105
1583418600,20.32,21.63,20.1077,21.3,2723978
1583505000,20.68,21.03,19.69,20.22,2200921
1583760600,17.75,18.62,16.38,16.79,3431226
1583847000,17.81,17.81,15.95,16.72,3061096
1583933400,16.13,16.31,14.21,15.05,4272847
1584019800,13.71,13.75,11.615,11.68,5513049
1584106200,12.94,13.38,10.25,11.2,4773273
1584365400,9.84,10.72,8.355,9.49,5122826
1584451800,9.87,10.03,7.835,9.92,5752654
1584538200,9.03,9.32,8.035,8.9,4295769
1584624600,8.8,9.56,8.5,9.11,3778507
1584711000,9.34,10.025,8.22,8.36,3934537
1584970200,8.43,9.25,7.8351,9.02,3185164
1585056600,9.77,11.37,9.63,11.16,3398852
1585143000,11.9,13.5699,10.8,12.16,4866493
1585229400,12.27,12.94,11.78,12.38,2514528
1585315800,11.72,11.79,10.12,10.22,2454752
1585575000,10.32,10.4836,9.54,9.81,2054453
1585661400,9.81,10.5477,9.51,10.1,2158478
1585747800,9.55,9.69,9,9.32,2179286
1585834200,9.4,10.05,8.93,9.8,2062582
1585920600,9.69,9.93,8.75,8.85,2264709
1586179800,9.47,10.07,9.39,9.98,2226713
1586266200,11.4,11.79,10.5,10.57,3078574
1586352600,10.83,11.5799,10.53,11.47,2260991
1586439000,12,12.64,11.27,11.73,2662529
1586784600,11.62,11.8194,11,11.1,1692983
1586871000,11.43,12.13,11.38,12.065,2213334
1586957400,11.49,11.87,11.08,11.46,2578298
1587043800,11.4,11.65,10.835,11.11,2436294
1587130200,11.72,11.92,11.34,11.87,1908163
1587389400,11.52,12.99,11.42,12.35,3303780
1587475800,11.91,12.31,11.76,12.01,2096435
1587562200,12.44,12.805,12.165,12.64,1694810
1587648600,12.75,13.5,12.75,13.11,2490073
1587735000,13.2,13.4399,12.67,12.94,1677403
1587994200,13.13,13.63,13.1,13.52,1527804
1588080600,14,14.24,13.11,13.69,1869467
1588167000,14.15,14.87,14.03,14.8,2100761
1588253400,14.4,14.7601,14.025,14.03,2196534
1588339800,13.39,13.71,12.6,12.96,2120095
1588599000,12.61,13.54,12.43,13.425,1667246
1588685400,13.82,13.99,12.931,13.25,2196961
1588771800,13.42,14,13.12,13.87,2256006
1588858200,13.97,14.29,13.48,13.81,2540437
1588944600,14.43,15.35,14.31,14.77,3356239
1589203800,14.57,15.065,14.3481,14.56,2184273
1589290200,14.62,14.795,13.95,13.97,1407011
1589376600,13.79,14,13.005,13.54,2048082
1589463000,13.15,13.97,12.65,13.965,2879477
1589549400,13.89,14.21,13.59,14.07,1506893
1589808600,14.74,15.29,14.63,15.14,1784200
1589895000,15,15.97,14.99,15.51,2162467
1589981400,15.84,16.48,15.72,15.91,2096938
1590067800,15.91,16.265,15.59,16.07,1605072
1590154200,16.18,16.235,15.755,15.86,826511
1590499800,16.5,16.81,16.19,16.33,1300458
1590586200,16.77,16.925,15.36,16.85,2280332
1590672600,17,17.135,16.32,16.43,1729794
1590759000,16.19,16.8,15.99,16.7,1249494
1591018200,16.6,17.905,16.42,17.67,1887250
1591104600,17.96,18.12,17.64,17.94,1605968
1591191000,18.24,18.88,17.982,18.6,1289815
1591277400,18.63,18.84,18.03,18.285,1644655
1591363800,18.78,19.38,18.55,18.69,1522207
1591623000,19,19.715,18.73,19.64,1440327
1591709400,19.14,19.605,18.675,19.33,1279469
1591795800,19.11,19.22,18.54,18.62,1024588
1591882200,16.9,17.71,16.5,17.165,1659436
1591968600,17.93,18.26,17.3,17.93,1071167
1592227800,17.55,19.12,17.39,18.99,1746241
1592314200,19.75,20.38,19.445,20.1,1985353
1592400600,20.16,20.16,19.18,19.29,1501391
1592487000,18.68,20.295,18.67,19.8,1501050
1592573400,19.97,20.665,19.765,19.895,2707090
1592832600,19.94,20.09,19.69,19.97,1152088
1592919000,20.27,20.38,19.7,19.74,1089796
1593005400,19.5,19.9,18.95,19.72,1466572
1593091800,19.5276,20.05,19.39,19.88,1177168
1593178200,19.78,19.8,18.428,18.58,2316009
1593437400,18.83,19.6,18.465,19.52,1197206
1593523800,19.41,19.84,19.19,19.72,1416327
1593610200,19.72,20.1177,19.53,19.84,1148394
1593696600,20,20.56,19.89,20,1720685
1594042200,20.61,21.695,20.53,21.34,1917131
1594128600,23.95,27.59,23.46,26.17,19802829
1594215000,26.76,28.401,26.21,28.27,9887359
1594301400,28.09,28.22,26.38,27.83,6301599
1594387800,27.28,28.91,27.15,28.885,3419930
1594647000,29.23,33.27,29.23,30.09,11160774
1594733400,29.2,34.31,28.29,33.78,9602423
1594819800,34.7,36.22,34.1801,35.815,8054937
1594906200,35.68,37.46,34.88,36.65,7122724
1594992600,36.8,37.09,34.89,36.81,5934101
1595251800,36.65,39.83,36.48,38.4,6142981
1595338200,38.92,39.82,37.9,38.98,4761396
1595424600,39.43,41.15,38.65,40.35,5334735
1595511000,40.7384,42.8,40.24,42.46,6324486
1595597400,42,42,38.74,40.99,5182775
1595856600,41.44,43.18,41.17,42.5,4049945
1595943000,41.99,41.99,39.51,40.46,4317094
1596029400,39.06,39.2,35.94,36.605,9539557
1596115800,37.51,38.19,36.3,36.67,4446318
1596202200,36.54,37.41,35.79,36.69,20112508
1596461400,37.18,40.1,36.18,39.78,4223649
1596547800,40.1,43.55,39.29,43.54,5330305
1596634200,43,46.68,41.16,46.4,6914666
1596720600,46.4,48.2999,45.12,46.53,4580051
1596807000,46.27,48.17,44.42,46,3674409
1597066200,45.39,48.06,45.31,47.28,4000256
1597152600,47.75,47.85,41.925,42.37,5289399
1597239000,43.04,45.79,42.555,44.94,3710570
1597325400,45.17,47.36,44.63,46.73,3074204
1597411800,46.35,47.85,44.9401,45.63,2502516
1597671000,46.19,49.42,46.18,47.73,3106743
1597757400,47.84,48.125,44.65,46.31,3594528
1597843800,46.48,49.1,46.35,48.14,5098156
1597930200,47.2,47.81,45.86,45.995,2536371
1598016600,46.27,48.49,46.02,48.23,3006554
1598275800,48.8,51.2,48.177,51,4435758
1598362200,51.35,51.87,49.73,50.79,3664901
1598448600,51.3,51.65,49.42,50.03,2815383
1598535000,50.41,52.78,50.41,52.1,3446262
1598621400,52.67,55.79,51.67,55.51,3896083
1598880600,55.41,56.97,54.82,56.555,4037978
1598967000,56.3,58.47,55.13,58.27,3501136
1599053400,58.92,59,54.68,57.075,3547294
1599139800,55.99,56.13,50.04,51.15,4772927
1599226200,51.94,52.48,42.61,49.225,7285234
1599571800,46.43,53.7,46.43,51.89,5589947
1599658200,52.75,55.77,52.35,55.24,4055935
1599744600,55.27,57.57,54.62,56.19,3784909
1599831000,56.41,56.9,54.55,55.88,2418701
1600090200,56.33,59.6,55.69,59.1,3475808
1600176600,59.02,61.35,58.18,61.01,3475138
1600263000,61.9,63.92,61.55,62.33,3507236
1600349400,60,60.68,58.16,59.52,3251615
1600435800,60.2,63.25,59.65,60.86,13029702
1600695000,58.65,60.2599,56.43,60.2,3597306
1600781400,60.5,62.83,59.6607,62.8,2485624
1600867800,63.15,65.53,61.71,61.72,4107933
1600954200,60.17,62.01,56.01,60.63,5256459
1601040600,60.65,66.57,60.21,66.46,5747934
1601299800,67.89,72.2,66.78,71.98,5693757
1601386200,72.89,75.2704,71.36,72.8,6072071
1601472600,71.55,78.2199,70.53,77.07,8334746
1601559000,79.415,82.42,77.77,79.97,14945621
1601645400,77.51,80.34,75.84,76.45,8863017
1601904600,78,79.86,76.17,78.62,6977991
1601991000,77.845,80.2,74.86,78.57,7922286
1602077400,80.29,82.37,77.5,78.05,13950431
1602163800,77.18,77.4,68.8,70.54,9980405
1602250200,71.35,74.49,70.21,71.43,9187020
1602509400,72.1,72.1842,63.33,63.79,11066275
1602595800,63.16,68.11,63.15,65.35,12520340
1602682200,64.55,64.68,62.66,63.27,8806538
1602768600,61.94,64.8218,60.5246,64.21,6763295
1602855000,66.1,67.38,61.75,62.39,10777020
1603114200,63.35,64.68,61.31,62.38,5419650
1603200600,62.52,64.47,61.84,62.58,4443531
1603287000,60.87,61,56.73,56.82,12488387
1603373400,57.01,58.26,54.4494,57.47,7743007
1603459800,58.18,59.06,55.66,56.03,4312576
1603719000,55.28,57.49,54.7,56.3,5781759
1603805400,55.68,57.11,54.44,54.66,4441111
1603891800,54,56.49,53.1489,55.84,4513254
1603978200,56,56.9715,53.87,54.26,2636837
1604064600,53.84,54.6699,50.26,52.02,6294720
1604327400,52.95,54.46,51.75,54.18,3780476
1604413800,54.85,56.6,53.93,54,4836599
1604500200,51.1504,54.61,49.2094,54,8124284
1604586600,57.38,60.06,57.0201,58,9199656
1604673000,60.3727,61.2,57.2,57.73,8466255
1604932200,61.2,61.24,55.24,55.49,6301491
1605018600,55.73,55.98,52.26,53.59,4757758
1605105000,54.5455,58.3,53.8301,54,5098035
1605191400,57.8,57.8,52.3604,53.38,11436502
1605277800,54.04,56.68,53.91,55.4,5001510
1605537000,55.12,56.37,54.25,55.53,3333656
1605623400,55.57,59.1,54.75,58.49,5408467
1605709800,58.32,59.89,56.31,56.73,5080687
1605796200,57.36,59.79,56.51,59.5,4961460
1605882600,60.69,62.87,58.5,61.44,5849475
1606141800,62.75,64.74,60.55,63.79,6183378
1606228200,64.5,66.95,63.31,66.34,6474846
1606314600,65.5,68.1715,64.9,67.97,4833447
1606487400,68.68,69.44,66.32,66.75,3197312
1606746600,67.81,68.5,62.46,64.08,6648748
1606833000,64.718,65.05,62.03,62.49,3622682
1606919400,60.8,62.12,58.72,60.99,3120128
1607005800,61.55,62,57.82,58.24,4051315
1607092200,58.41,59.5899,56.67,57.71,3771539
1607351400,57.71,59.97,57.6565,58.63,2990921
1607437800,59,61.67,58.3001,61.31,3004866
1607524200,61.9,62.26,56.06,57.12,4674428
1607610600,56.7,58.5899,56.5007,57.58,2777665
1607697000,57.58,60,57.3,58.28,4355377
1607956200,59.2,60.61,57.0901,57.1,3589350
1608042600,57.89,63.91,57.65,63.17,6171005
1608129000,62.98,62.99,58.75,61.8,7950315
1608215400,62.61,63.48,59.61,62.31,4747939
1608301800,62.3,67.09,61.7702,62.7,13366178
1608561000,61.6,66.24,61.111,66.18,6851513
1608647400,67.82,71.36,65.0501,69.27,9110975
1608733800,70.0317,71.3,68.67,69.87,4606177
1608820200,69.622,70.58,66.69,68.62,2058773
1609165800,71,74.14,67.66,67.88,4828908
1609252200,67.92,67.9799,63.52,63.77,4440038
1609338600,64.19,67.5,64.07,67.4,3268419
1609425000,67.4422,69.93,66.1759,69.38,3635114
1609770600,70.68,71.95,68.2901,69.98,3708635
1609857000,69.73,73.59,69.65,73.09,3738218
1609943400,77.67,86,77.59,85.17,13520332
1610029800,89.22,93.88,89.04,90.92,9412201
1610116200,92.72,96.725,90.53,96.5,7496569
1610375400,91.55,98.53,89.55,95.62,6230422
1610461800,98,100.93,90.84,93.44,5312448
1610548200,93.57,94,89.62,90.63,3835749
1610634600,90.45,92.85,88.4,88.92,5306711
1610721000,87.14,89.29,83.6001,84.25,7043273
1611066600,87,87.8,84.25,85.62,4903199
1611153000,84.57,85.42,80.88,81.9,7067192
1611239400,83.38,89.51,79.41,87.41,9166617
1611325800,85.01,87.11,83.13,86.39,4499073
1611585000,85.005,87.56,77.81,78.61,7102959
1611671400,80.1,81.73,75.36,75.71,5607080
1611757800,73.25,73.8,69.08,69.82,6900698
1611844200,72.09,72.93,69.5,71.84,6731959
1611930600,72.5,74.41,68.16,69.27,4306069
1612189800,70.52,71.7484,68.2,69.88,4459040
1612276200,71.625,73.25,70.2201,71.22,4588817
1612362600,72.5,75.84,70.76,74.12,6470761
1612449000,75.33,78.67,73.27,73.9,6361694
1612535400,74.4,76.75,71.83,75.08,4231628
1612794600,75.91,78.53,74.41,75.4,5065818
1612881000,75.32,78.09,74.9145,77.57,3033966
1612967400,77.8,79.74,75.3,78.08,4403919
1613053800,79.25,82.54,77.87,82.2,4963719
1613140200,81.5,83.85,80.67,83.68,3005251
1613485800,84.27,84.81,76.76,77.22,5520669
1613572200,76.505,77.23,71.28,74.2,5880196
1613658600,71.845,73.12,66.55,67.09,8813958
1613745000,69.36,72.18,68.01,68.5,6922439
1614004200,66.9,68,63.11,63.39,6012476
1614090600,59.83,64.42,56.3465,60.33,9894311
1614177000,61.34,63.67,59.1001,62.56,5002441
1614263400,63.42,64.2,57.77,57.98,5262612
1614349800,60.24,67.99,59.47,62.58,8007034
1614609000,65.22,67.78,64.59,67.15,5889468
1614695400,67.31,68.88,64.23,64.34,3578011
1614781800,64,64.16,55.65,56.62,6057398
1614868200,55.94,58,51.68,53.42,7357264
1614954600,54.4795,54.4795,46.88,52.47,8662833
1615213800,51.74,53.8728,47.42,47.55,5529204
1615300200,51.32,53.96,50.16,53.68,7416630
1615386600,61.5,62.56,54.3,55.6,8936823
1615473000,58.02,63.52,58.0101,63.46,6525999
1615559400,59.5,63.18,58.29,62.29,5103549
1615815000,61.81,63.97,61.1314,62.12,3867129
1615901400,57.55,60.13,56.03,56.77,6520820
1615987800,54.95,58.17,53.3,57.01,4760640
1616074200,55.38,56.1,51.32,51.47,4514081
1616160600,51.51,56,50.35,55.58,9308865
1616419800,57,58.46,55.88,57.38,4138870
1616506200,59.97,61.47,55.37,56.15,7725639
1616592600,57.76,59.62,55.25,55.25,5720176
1616679000,52.85,54.4,50.1587,53,6966854
1616765400,53.2,57.2,53.01,57.09,4932662
1617024600,55.82,56.43,51.003,51.91,6674458
1617111000,51.93,58.1,51.91,57.92,5080783
1617197400,60,62.29,58.62,60.48,6750611
1617283800,62.5,64.62,58.51,59.13,5376638
1617629400,59.98,60.19,54.71,55.16,5234455
1617715800,56.01,58.47,55.32,56.22,5124772
1617802200,57.62,58.1199,53.7,54.21,4774050
1617888600,54.45,55.2405,53.25,53.62,4164742
1617975000,52.97,53.33,51.32,51.6,3939564
1618234200,51.05,51.18,49.64,50.81,4294301
1618320600,50.9,51.34,49.44,51.25,4422771
1618407000,51.79,52.67,49.24,49.68,3713351
1618493400,50.6,50.75,46.2,47.2,8640503
1618579800,49.02,53,48.2,52.16,10346356
1618839000,51.38,52.55,47.62,48.54,6291966
1618925400,48.6,50.5,47.015,48.23,5026086
1619011800,47,52.5,46.1,52.22,6140186
1619098200,53.99,55.05,52.13,53.1,7390683
1619184600,53.44,56.22,52.81,55.69,5737700
1619443800,56.2,57.03,54.75,56.85,4267312
1619530200,57.005,57.85,55.81,56.11,4542514
1619616600,54.47,54.8,52.01,53.5,5373264
1619703000,53.81,54.32,50.21,51.86,4821113
1619789400,50,51.24,48.48,49,5116816
1620048600,49.52,49.67,47.33,47.55,3925780
1620135000,45.83,45.84,42.55,43.4,10016442
1620221400,44.4,44.4,40.965,41.84,8387960
1620307800,44.8,46.97,43.29,46.73,15073385
1620394200,46.755,49.92,45.1301,45.64,9445708
1620653400,45.2,45.2,40.57,40.8,7971598
1620739800,37.86,43.81,37.42,42.94,9902901
1620826200,40.81,41.98,39.15,39.63,9449415
1620912600,40.18,41.36,38.11,39.45,6998628
1620999000,40.58,42.1,40.22,41.42,5396315
1621258200,40.44,41.0173,38.702,40,5130438
1621344600,40.4,41.2394,38.94,40.11,5485380
1621431000,38.25,42.11,38.1,41.89,6181575
1621517400,43.45,45.48,42.86,44.69,8771910
1621603800,45.01,46.51,43.73,45.97,5473278
1621863000,46.2528,46.46,43.82,44.85,4824887
1621949400,44.8,45.25,43.66,43.96,4672604
1622035800,43.8,45.84,43.7851,45.25,3979199
1622122200,45.6507,46.41,44.55,45.32,6319975
1622208600,45.68,47.75,44.275,44.72,4870646
1622554200,44.53,45.5999,42.55,44.03,5267637
1622640600,43.82,44.71,42.35,42.98,5841339
1622727000,42.5,43.49,41.11,41.3,5268473
1622813400,41.52,43.74,41.48,42.31,4566748
1623072600,42.24,43.83,41.05,43.51,4728791
1623159000,43.78,45.23,42.36,44.75,6560731
1623245400,44.92,46.19,43.18,43.29,4689729
1623331800,43.04,45.28,42.64,45.04,5306743
1623418200,45.4482,45.91,44.6024,44.96,4338890
1623677400,45.39,46.195,44.74,46.15,4465615
1623763800,45.89,46.09,42.97,43.17,7124228
1623850200,44.51,49.55,44.25,47.73,17478230
1623936600,49.8,52.75,48.68,52.16,24813339
1624023000,50.48,52.82,49.9,52.71,13408746
1624282200,51.7,52.15,48.62,50.15,12749296
1624368600,49.18,52.49,49.13,52.35,6810210
1624455000,52.01,56.6,51.3101,55.85,10781076
1624541400,56.212,56.88,52.07,52.84,12944260
1624627800,54.13,55.57,53.37,54.38,26826091
1624887000,56.31,58.49,56.12,57.52,9911683
1624973400,57.66,59.94,56.7261,56.91,6509186
1625059800,56.16,56.79,54.75,55.78,4265015
1625146200,55.71,56.63,54.36,56.21,4709549
1625232600,56.43,57.76,55.81,56.82,4049947
1625578200,56.65,58.02,55.575,56.57,4479294
1625664600,57.39,58.86,52.94,53.69,7319786
1625751000,49.99,53.0199,49.27,52.7,6251267
1625837400,52.3,53.28,51.4272,52.58,4455155
1626096600,53.52,54.9299,52.91,54.57,4846865
1626183000,54.38,55.65,52.821,53.26,4899825
1626269400,53.51,53.67,48.65,48.7,8058194
1626355800,49,50.32,45.77,47.11,8999216
1626442200,47.37,47.95,45.92,46.35,5017624
1626701400,44.585,47.5,43.94,47.36,5941192
1626787800,47.894,51,46.51,50.51,7002648
1626874200,50.68,53.42,50.18,53,5206471
1626960600,52.89,53.15,51.1141,52.47,3864857
1627047000,51.67,51.86,49.97,50.62,3055959
1627306200,50.1528,51.7,48.58,50.09,3452134
1627392600,49.99,50.45,47.77,49.59,3412176
1627479000,50.44,53.08,48.93,52.38,3895569
1627565400,52.6,54.3313,51.825,52.62,3844381
1627651800,51.92,54.61,51.24,52.97,3230848
1627911000,53.2,53.46,51.07,51.2,2973026
1627997400,52.08,54.6699,52,53.59,4312213
1628083800,53.21,54.15,52.16,52.81,2611904
1628170200,52.55,53.56,51.821,53.45,2919210
1628256600,50.74,51.05,47.8,48.37,10983253
1628515800,48.7195,51.84,48.6509,51.18,5347306
1628602200,51.6269,52.18,49.41,49.5,2966268
1628688600,49.64,49.74,47.33,48.97,4784172
1628775000,48.77,50.21,48.35,49.9,3014939
1628861400,49.57,49.57,46.41,46.69,4456219
1629120600,46.28,46.48,44.05,44.33,6575200
1629207000,43.53,44.38,42.35,43.58,5624117
1629293400,43.79,44.06,42.27,42.35,5083553
1629379800,41.915,42.84,40.97,41,4399982
1629466200,40.78,42.54,40.74,42.12,4080757
1629725400,42.8232,44.89,42.5,44.59,5919494
1629811800,44.63,45.6,44.15,44.41,3429940
1629898200,44.56,45.34,43.76,44.78,2695613
1629984600,44.58,46.21,44.03,44.38,3360490
1630071000,44.03,45.48,43.87,44.38,3666691
1630330200,44.95,45.2599,43.3794,44.67,4122202
1630416600,44.76,45.89,43.88,44.25,4073574
1630503000,46.98,47.91,46.2,47,11547860
1630589400,47.57,48.5273,46.5201,47.39,6313161
1630675800,47.14,47.46,45.27,45.54,3806795
1631021400,45.49,46.86,45.2,45.5,4070541
1631107800,46.78,47.72,44.78,44.84,5066751
1631194200,44.575,45.38,43.59,44.61,4319732
1631280600,46.04,47.705,44.65,44.7,9121812
1631539800,45,46.93,42.3047,45.95,9117834
1631626200,46,47.0313,43.62,44.49,6361893
1631712600,44.19,44.5,42.54,42.83,6807105
1631799000,42.5,44.05,42.05,43.76,5336403
1631885400,43.67,45.155,43.4,44.91,14183540
1632144600,43.14,43.71,41.77,42.82,6551018
1632231000,43.18,43.65,42.35,43.19,4332599
1632317400,43.08,44.97,42.06,44.68,4483629
1632403800,45.33,45.45,43.8431,44.56,3939335
1632490200,44.2,45.1,42.93,43.02,4589678
1632749400,42.81,45.63,41.21,45.03,6516614
1632835800,44.263,45,42.9,42.95,4309733
1632922200,43.17,43.35,41.49,41.61,3926471
1633008600,41.57,44.5799,41.53,44,7171323
1633095000,44.85,45.53,44.04,44.55,5686231
1633354200,43.7,43.77,40.67,40.99,6248140
1633440600,41.11,41.63,40.27,41.01,4776516
1633527000,40.3,41.56,39.94,40.9,5270845
1633613400,41.27,44.49,41.04,44.01,6305898
1633699800,43.97,44.5699,42.8,43.22,2532208
1633959000,43.68,46.88,43.68,45.06,7317131
1634045400,45.17,49.25,45.17,48.89,9999285
1634131800,49.54,51.42,48.38,49.66,6794433
1634218200,50.0745,51.25,48.45,49.41,4673784
1634304600,49.97,50.605,48.52,48.64,7270798
1634563800,47.97,49.14,47.8029,48.62,3752791
1634650200,49.1276,52.84,48.84,51.62,7826757
1634736600,51.79,52.255,50.68,51.72,3905102
1634823000,51.76,53.685,51.395,52.96,4465862
1634909400,52.66,52.9,50.79,51.69,3574072
1635168600,52.08,54.6,51.7501,54.23,3337820
1635255000,55.09,55.26,52.58,52.58,3523978
1635341400,55.2,57.49,53.59,54.2,8173497
1635427800,54.2,56.5,52.92,56.02,6105239
1635514200,56.13,58.3694,55.98,57.68,5270416
1635773400,58.59,59.87,57.32,58.19,6332872
1635859800,57.6,58.41,55.59,57.72,4640210
1635946200,56.66,58.9799,55.3801,58.31,3853793
1636032600,58.9,58.9,56.06,57.75,5024176
1636119000,57.81,58.75,54.69,56.19,5189170
1636381800,57.23,60.6,57.09,58.17,4345910
1636468200,58,58.34,54.16,55.99,4609885
1636554600,54.31,55.815,52.95,53.96,3731269
1636641000,54.1,58.18,53.41,58.12,4708879
1636727400,58.75,59.95,58.2,58.66,3197897
1636986600,58.62,58.85,57.12,57.96,3051925
1637073000,57.52,57.52,55.15,55.98,3980348
1637159400,55.52,56.5823,54.87,55.14,2312019
1637245800,55.15,55.4,51.69,52.39,4101033
1637332200,52.15,56.28,52,54.86,4958493
1637591400,55.33,56.96,53.06,53.21,3230014
1637677800,52.905,52.95,49.06,50.65,4660144
1637764200,49.96,50.6,48.535,49.37,3568768
1637937000,47.86,48.7,46.22,47.41,2927763
1638196200,48.19,48.5,46.5,47.86,2963915
1638282600,47.28,48.02,44.53,46.04,4478747
1638369000,47.36,47.365,42.21,42.74,5021793
1638455400,42.51,44.08,41.61,42.31,3907730
1638541800,42.21,42.3999,38.68,39.95,6415861
1638801000,39.22,41.01,37.71,40.35,6254640
1638887400,42.24,44.02,41.4,43.82,8808419
1638973800,43.63,45.59,43.56,44.68,5260017
1639060200,44.03,45,41.7,42.14,4586332
1639146600,42.5,43.16,41.42,42.3,3344064
1639405800,42.03,43.53,40.28,42.11,5658408
1639492200,40.12,40.73,34.63,35.5,16585890
1639578600,35.12,36.31,32.835,36.01,10268429
1639665000,36.68,36.8795,32.67,33.19,11007225
1639751400,32.36,34.4,32.03,34.23,10117360
1640010600,30.79,33.12,30.27,31.44,10523069
1640097000,32.56,34.85,32.45,34.81,5605277
1640183400,34.39,34.9,33.57,34.82,4289213
1640269800,34.9926,35.34,33.7364,34.65,4031414
1640615400,34.75,34.8,33.36,34.15,3515972
1640701800,34.19,34.5,33.21,33.27,2856862
1640788200,33.1,33.31,32.0413,32.76,3058312
1640874600,32.6,34.63,32.56,34.01,3551291
1640961000,33.87,35.46,33.7,34.3,3773977
1641220200,34.79,35.98,34.0901,35.47,3741564
1641306600,35.64,36,33.21,34.57,4458334
1641393000,34.42,34.44,31.33,31.42,5294650
1641479400,31.48,32.08,29.22,31.48,6109061
1641565800,31.5,33.49,31.39,31.72,3795363
1641825000,31.2984,31.64,29.47,31.52,5001125
1641911400,32.06,33.63,31.89,32.73,6935043
1641997800,33.41,34.25,32.51,33.25,5300534
1642084200,34.4268,34.69,32.62,32.76,4980958
1642170600,32.1,33.21,31.46,31.81,5221428
1642516200,31,31.47,29.01,29.04,7553845
1642602600,29.09,29.58,27.66,27.71,7479594
1642689000,28.75,31.41,28.59,28.75,11610805
1642775400,28.1,28.96,25.75,25.91,13282264
1643034600,24.8665,27.09,23.325,27.04,11621723
1643121000,25.88,26.95,25.02,26.28,7636320
1643207400,27.53,28.09,24.54,24.82,7659053
1643293800,25.911,25.911,23.04,23.27,8757007
1643380200,23.11,23.8,21.7,23.42,10005660
1643639400,23.49,25.97,23.42,25.93,17370358
1643725800,26.37,26.85,25.01,26.01,5812364
1643812200,27.04,27.38,24.44,24.78,9482611
1643898600,24.13,24.68,22.15,23.04,13999104
1643985000,23.59,25.835,23.16,25.11,8834223
1644244200,24.965,25.77,23.65,23.89,9464460
1644330600,23.78,24.04,23.2,23.99,8088552
1644417000,25.68,26.4099,25.1,25.55,8516857
1644503400,24.72,26.29,24.11,24.27,6130855
1644589800,24.22,24.96,22.47,22.77,6433671
1644849000,22.72,23.91,22.34,22.6,4881001
1644935400,23.42,24.92,23.2799,24.61,5081935
1645021800,24.17,24.97,23.53,24.62,5292409
1645108200,24.02,24.41,22.88,23.13,6732931
1645194600,23.15,23.27,20.77,21.56,10219203
1645540200,20.895,21.54,20.43,20.9,7168509
1645626600,21.06,21.485,19.9,19.99,6581164
1645713000,19,24.53,18.61,24.38,13441295
1645799400,24.17,24.72,23,24.64,7140640
1646058600,26.73,27.96,26,27.28,12015635
1646145000,27.15,28.93,26.89,28.13,9908177
1646231400,28.18,28.25,25.195,26.64,8828242
1646317800,26.62,26.96,25.71,25.91,4249336
1646404200,26.2,27.22,25.14,25.61,7656539
1646663400,27.05,29.48,26.56,27.92,9669664
1646749800,28.6,31.61,28.16,30.52,13875834
1646836200,29.875,31.285,29.09,31.04,6549161
1646922600,30.85,31.4258,29.31,30.5,5263040
1647009000,30.64,31.9,28.8522,29.4,4640855
1647264600,28.7,28.83,26.58,27.12,4764776
1647351000,26.86,28.41,25.37,28.37,6397669
1647437400,28.69,29.61,27.65,29.29,6551144
1647523800,29.09,31.34,29.09,31.26,6717687
1647610200,30.61,31.695,30.51,30.87,7309261
1647869400,30.35,31.22,29.79,30.48,3571768
1647955800,30.35,32.71,30.1099,31.89,4829514
1648042200,31.38,33.115,31.24,31.59,4867529
1648128600,31.58,32.4399,30.33,32.28,4461911
1648215000,32.3,32.3,30.36,31.32,4356172
1648474200,31.33,32.92,31.01,32.06,5252779
1648560600,32.09,34.34,31.62,33.79,6074379
1648647000,33.47,33.47,30.61,30.96,5670707
1648733400,30.93,31.85,30.33,30.37,3925663
1648819800,30.8,31.2,29.81,30.35,3716935
1649079000,30.7,33.51,30.6,33.37,5968141
1649165400,33.56,34.26,31.09,31.13,5040842
1649251800,30.09,30.83,28.02,28.8,7104601
1649338200,28.91,29.19,27.08,28.23,5066222
1649424600,28,28.28,26.68,26.79,4788548
1649683800,26.07,27.29,25.5,26.65,5759709
1649770200,27.14,27.93,25.465,25.62,6354517
1649856600,25.4,26.16,24.6,26.1,6643013
1649943000,26.01,26.26,24.82,24.86,4552659
1650288600,24.83,25,23.96,24.32,4149372
1650375000,24.6,25.25,24.12,24.5,5388091
1650461400,24.67,24.935,22.5,22.55,9654845
1650547800,22.86,23.38,20.75,21.03,10036277
1650634200,20.7,21.25,19.8168,20.32,13364045
1650893400,19.8,20.84,19.16,20.55,7621801
1650979800,20.34,20.55,19.38,19.92,6919088
1651066200,20.36,21.36,20.09,20.25,7028753
1651152600,20.38,20.67,19.31,20.44,6814527
1651239000,20.63,21.36,19.75,19.98,6167886
1651498200,20.04,21.81,19.78,21.76,7079904
1651584600,21.68,23.74,21.61,22.94,11127012
1651671000,22.92,24.5,22.59,24.34,8059704
1651757400,26.29,26.52,23.8235,24.99,15090518
1651843800,24.98,25.2,22.66,23.41,9343678
1652103000,22.58,22.95,20.69,21.09,7332690
1652189400,21.87,22.18,19.05,20.46,8980320
1652275800,20.25,20.25,18.01,18.15,10382388
1652362200,17.59,19.12,16.8,17.94,10613038
1652448600,18.56,21.11,18.43,21.07,11167145
1652707800,20.93,21.85,20.43,20.62,6183068
1652794200,21.27,22.07,20.41,21.96,6445003
1652880600,21.71,23.43,21.53,22.39,7664874
1652967000,22.38,23.615,22.295,23.36,8514076
1653053400,23.36,23.85,21.89,23.07,5693480
1653312600,23.01,23.42,21.7,23.31,4911652
1653399000,22.94,22.94,21.65,22.25,5233485
1653485400,22.17,23.38,21.27,23.11,5797827
1653571800,23.06,24.44,22.605,23.89,4823236
1653658200,24.16,26.61,24.1,26.44,8082568
1654003800,26.27,27.2965,25.63,26.12,18038401
1654090200,26.23,26.63,24.85,25.2,5876900
1654176600,25.3,28.06,25.05,26.98,7205548
1654263000,26.5,27.65,26.2366,26.78,5598784
1654522200,30.52,30.88,28.19,28.37,16451090
1654608600,27.61,28.58,27.48,28.52,5881309
1654695000,28.28,29.29,27.19,27.63,5853725
1654781400,27.43,28.13,26.8101,26.83,4629512
1654867800,25.94,26.85,25.41,25.84,5031914
1655127000,24.6,24.87,22.06,22.32,6833474
1655213400,22.44,22.6555,21.12,21.58,5962635
1655299800,21.49,23.756,21.21,23.33,7381745
1655386200,22.46,22.94,20.8,21.13,6627752
1655472600,21.498,24.4751,21.33,23.83,10887098
1655818200,24.15,24.955,23.35,23.44,7728495
1655904600,22.61,24.3,22.508,23.44,5181191
1655991000,23.32,25.49,22.825,25.36,5527280
1656077400,25.49,25.82,24.2701,25.22,6505784
1656336600,25.52,26.025,24.77,25.59,5633711
1656423000,25.55,26.21,23.63,23.7,5881635
1656509400,22.67,23.1,21.33,22.2,8379660
1656595800,22.11,23.71,21.75,23.36,7865806
1656682200,23.428,24.58,23.24,24.36,6007631
1657027800,24,24.91,22.56,24.91,6087499
1657114200,25.05,25.84,23.8608,24.55,5353431
1657200600,24.62,26.91,24.62,26.36,5550733
1657287000,25.88,27.57,25.49,26.74,5093762
1657546200,26.18,26.4811,24.61,25.12,4286978
1657632600,25.32,25.49,24.36,25.2,5200242
1657719000,24.28,25.89,23.7,25.19,4886640
1657805400,25,25.3577,24.15,25.16,3793398
1657891800,23.55,23.65,21.6,23.56,12765577
1658151000,24.24,25.73,24.145,24.335,6525450
1658237400,24.025,24.91,23.05,24.61,5762633
1658323800,24.8,25.86,24.41,24.49,7305409
1658410200,24.34,24.6085,23.52,24.57,4920912
1658496600,25.04,25.71,23.655,23.84,5051678
1658755800,23.91,23.91,22.75,23.53,4166014
1658842200,23.47,23.63,22.275,22.35,5121892
1658928600,23.21,24.29,22.61,23.79,8886418
1659015000,28.58,31.96,27.58,30.92,43158691
1659101400,30.58,33.44,30.46,32.69,15531804
1659360600,32.06,32.0899,29.86,30.21,11339607
1659447000,29.5,32.09,29.35,31.21,9283181
1659533400,31.17,31.4,29.1,30.74,9531835
1659619800,32.466,33.15,29.85,31.82,9415936
1659706200,34.005,35.23,32.28,33.24,15217357
1659965400,36.025,37.3,34.11,34.14,14710816
1660051800,33.11,34.35,32.45,34.07,9363265
1660138200,35.84,37.05,33.87,37.02,11414780
1660224600,37.38,37.76,35.18,35.54,9552248
1660311000,36.05,37.058,35.2,36.12,7155273
1660570200,35.805,37.1801,35.05,36.59,6957046
1660656600,35.865,35.88,34.14,35.09,7097989
1660743000,34.29,34.87,32.93,33.85,5866100
1660829400,34.98,36.45,34.4,35.01,6631081
1660915800,33.81,34.15,32.5,32.77,5808654
1661175000,31.42,31.65,30.07,31.14,8980837
1661261400,31.41,31.94,30.95,31.51,4816278
1661347800,32.08,34.54,31.91,33.8,6635806
1661434200,34.4,34.93,33.75,34.91,4934433
1661520600,35.2,35.75,32.96,33.35,5494982
1661779800,32.695,34.175,32.37,32.82,4454326
1661866200,33.26,34.8,31.72,32.38,6656727
1661952600,32.92,33.71,32.274,33.03,5906182
1662039000,32.375,32.66,31,32.11,4252487
1662125400,32.59,32.59,30.82,31.41,4756171
1662471000,31.86,33.4724,31.09,33.1,5430031
1662557400,33.02,36.8,32.75,36.58,7831235
1662643800,36.4,39.07,36.01,38.16,11624578
1662730200,38.15,38.7,37.4001,38.45,7129232
1662989400,38.5,38.79,36.68,38.65,6610163
1663075800,36.24,38.37,35.71,37.35,6567780
1663162200,37.12,38.53,36.12,38.39,5279549
1663248600,37.36,39.13,36.94,37.36,6671331
1663335000,36.07,37.81,35.56,37.1,9127911
1663594200,36.202,37.92,36.185,37.05,5302529
1663680600,36.76,37.1963,34.07,34.42,5898701
1663767000,34.16,36.1,33.81,34.35,6246294
1663853400,34.1,34.76,32.226,32.5,5809775
1663939800,31.502,31.7599,30.11,30.87,6919538
1664199000,30.79,32.1,29.46,29.64,6210590
1664285400,30.27,31.5999,30.17,30.24,5818070
1664371800,30.68,31.44,29.82,31.07,5403081
1664458200,30.195,30.595,27,27.52,7363094
1664544600,27.21,29.1,26.71,27.59,7433829
1664803800,27.76,29.1,26.8501,28.48,5904835
1664890200,29.48,31.32,29.34,30.47,5968912
1664976600,29.61,29.615,27.25,28.05,8809697
1665063000,27.76,29.03,27.05,27.21,5447105
1665149400,26.574,26.85,25.16,25.51,7879825
1665408600,25.36,25.53,24.415,24.91,6415030
1665495000,24.24,24.95,23.57,24.54,7833266
1665581400,24.59,24.63,23.03,23.28,7169277
1665667800,22.08,23.46,21.5,22.96,10288779
1665754200,23.3,23.65,21.1,21.21,10480596
1666013400,22,22.765,21.52,21.57,8396558
1666099800,22.63,23.09,21.51,22.08,7417117
1666186200,21.645,21.645,19.945,20.4,11568587
1666272600,19.76,20.56,19.1,19.66,10909816
1666359000,19.48,20.18,18.85,20.03,12935928
1666618200,19.8,19.9,18.62,19.46,7316827
1666704600,19.46,21.41,19.46,21.14,8374152
1666791000,21.655,22.74,21.31,21.71,11972681
1666877400,22.05,22.44,21.52,22.08,7851456
1666963800,22.04,22.3282,21.09,21.9,6083814
1667223000,21.83,22.71,21.39,22.51,7809592
1667309400,23.66,23.92,22.47,22.565,5932018
1667395800,22.64,23.35,21.62,21.66,8610991
1667482200,22.92,26.47,22.88,25.71,24265984
1667568600,26.33,26.84,23.11,24.04,13901073
1667831400,24.32,24.41,22.655,23.14,5974565
1667917800,23.64,24.72,23.435,24.16,8862047
1668004200,23.92,25.64,23.91,24.16,8344243
1668090600,26.23,31.63,25.68,30.79,22669492
1668177000,30.2,31.785,29.8017,30.49,12198631
1668436200,30,30.365,28.08,29.67,9703132
1668522600,31.6,32.53,30.97,31.34,9419015
1668609000,30.6,31.5753,30.23,31.33,6581498
1668695400,30.05,32.195,29.32,31.91,8137059
1668781800,32.52,32.52,29.55,30.39,7957980
1669041000,30,30.6086,28.95,30.46,5572226
1669127400,30.52,31.19,29.9,30.96,4586808
1669213800,31.15,31.705,30.82,31.51,4601224
1669386600,31.01,32.3,30.86,31.69,2966513
1669645800,31.22,31.55,30.785,31.32,4227998
1669732200,31.62,32.09,30.72,30.74,4438886
1669818600,31.08,32.65,30.58,32.58,6174007
1669905000,32.31,32.6,30.9,31.16,4964758
1669991400,30.64,32.58,30.59,32.15,4910004
1670250600,32.06,32.31,30.88,31.07,3991343
1670337000,31.03,31.08,28.98,29.36,4905667
1670423400,29.46,30.3827,28.48,28.7,3958317
1670509800,29.03,29.64,28.27,29.04,3146941
1670596200,28.93,29.7799,28.545,28.65,4289058
1670855400,28.61,30.18,28.2973,29.74,4213929
1670941800,31.66,33.05,30.695,31.51,7403800
1671028200,31.41,33.33,31.2903,32.73,6265204
1671114600,32.12,33.19,31.105,31.33,5182322
1671201000,30.29,30.5497,28.93,29.16,12613271
1671460200,29.17,29.22,27.1,27.22,5008696
1671546600,26.87,27.76,26.0815,26.2,4837408
1671633000,26.26,27.37,25.5,27.22,4906478
1671719400,26.7,27.02,25.06,25.77,5497771
1671805800,25.82,25.93,24.94,25.53,4249315
1672151400,25.19,25.19,23.7,23.74,7017310
1672237800,23.61,23.91,23.1,23.43,4704928
1672324200,23.81,24.58,23.59,23.93,4735283
1672410600,23.62,24.09,23.21,24.02,4230147
1672756200,24.6,25.2,23.22,23.39,4915001
1672842600,23.89,24.35,23.56,24.21,3774458
1672929000,23.7,23.75,22.2,22.23,6372156
1673015400,22.97,23.1586,21.71,22.69,6689686
1673274600,22.99,23.65,22.86,22.97,7622662
1673361000,22.74,23.64,22.11,23.62,7278539
1673447400,23.78,26.12,23.61,26.04,8446145
1673533800,26.12,27.2399,25.58,27.09,6691938
1673620200,26.55,28.545,26.53,27.8,6930446
1673965800,27.8,28.66,27.63,28.3,5348021
1674052200,28.75,29.7158,28.2,28.4,5791306
1674138600,27.76,27.82,25.15,25.45,9146359
1674225000,25.63,26.03,24.78,25.96,8329326
1674484200,26.165,27.44,25.7,26.83,5824520
1674570600,26.36,26.82,25.79,26.09,3591380
1674657000,24.2,24.81,22.51,24.26,12996286
1674743400,24.66,24.74,22.78,24.17,8604447
1674829800,24.095,26.0627,23.8,25.46,6369928
1675089000,25.04,25.76,24.73,24.92,4886302
1675175400,25.22,26.305,24.885,26.28,5449724
1675261800,26.2,27.94,25.3734,27.35,6974918
1675348200,28.21,29.03,27.64,28.39,7604184
1675434600,27.55,28.18,26.76,26.96,5529810
1675693800,26.41,27.1399,26.04,26.49,5170389
1675780200,26.37,26.4312,25.23,26.02,6315810
1675866600,26.38,26.9689,24.82,24.84,7988841
1675953000,25,25.37,22.72,23.03,11210667
1676039400,22.65,23.682,22.31,22.96,7028661
1676298600,22.87,23.78,22.46,23.44,5475083
1676385000,22.78,23.9,22.23,23.81,7212816
1676471400,23.63,25.5,23.63,25.36,6623414
1676557800,24.72,25.99,24.21,24.55,6280137
1676644200,24.24,25.28,24.07,25.21,6285126
1676989800,24.6,24.97,23.68,23.9,9218110
1677076200,23.98,24.62,23.6138,24.08,11969673
1677162600,25.8,26,22.41,23.56,15094878
1677249000,22.58,22.8,21.26,21.93,11775464
1677508200,22.26,23.7982,22.02,23.31,8688354
1677594600,23.09,24.41,22.95,24.04,6415005
1677681000,24.36,25.6615,24.13,24.245,8533288
1677767400,23.79,23.835,23.04,23.68,5623311
1677853800,24,25.3,23.81,24.84,5911623
1678113000,25.2,25.8,24.91,25.03,6220741
1678199400,24.905,25.12,23.945,24.39,4928183
1678285800,24.41,24.67,23.5,24.25,5014667
1678372200,24.18,25.28,23.535,23.64,5060538
1678458600,23.36,23.43,19.6201,20.73,30528273
1678714200,20.85,22.16,19.38,21.26,17108503
1678800600,22.108,22.7,20.05,20.35,12736072
1678887000,19.66,19.86,18.08,19.67,16669367
1678973400,19.53,19.69,18.29,19.01,10713318
1679059800,18.7,18.79,16.69,17.32,23645213
1679319000,17.435,18.06,16.755,17.03,11324077
1679405400,17.75,19.25,17.73,19.02,17871266
1679491800,18.93,19.195,17.875,17.94,11106594
1679578200,18.18,19.4565,17.3,17.63,16350269
1679664600,17.36,18.04,17.13,17.94,10357729
1679923800,18.27,18.35,17.31,17.85,8691206
1680010200,17.87,17.9987,17.4,17.54,6233552
1680096600,17.9,18.935,17.32,18.64,11773647
1680183000,19.05,19.78,18.7146,18.85,10613273
1680269400,19.09,20.6,19.02,20.15,13408089
1680528600,20.59,21.07,19.7,19.96,8684563
1680615000,20.04,20.32,19.52,19.99,6386550
1680701400,19.89,20.245,18.471,19.01,9954087
1680787800,19,19,18.27,18.58,8525939
1681133400,18.455,19.25,18.3,19.22,6230685
1681219800,19.18,19.965,18.985,19.8,6740635
1681306200,20.24,20.49,19.225,19.36,6216164
1681392600,19.41,20.44,19.14,20.05,7543951
1681479000,20.09,20.09,18.9701,19.44,6355587
1681738200,19.59,20.85,19.5,20.56,9566544
1681824600,21.37,21.39,20.05,20.29,9336640
1681911000,19.88,20.1298,19.45,19.78,6143480
1681997400,19.48,20.925,19.36,20.89,10515050
1682083800,20.91,21.87,20.4815,21.14,10719691
1682343000,21.15,21.89,20.85,21.78,8226609
1682429400,21.37,22.22,21.21,21.33,7232606
1682515800,20.52,20.69,19.17,19.41,11034980
1682602200,20.2,21.695,20.1799,21.35,11285364
1682688600,21.265,21.3,20.14,21.04,9730045
1682947800,20.95,21.21,20.09,20.51,7874552
1683034200,20.3,20.3,19.035,19.43,10278019
1683120600,19.47,20.785,19.065,20.05,10988123
1683207000,18.74,19.27,16.35,16.91,21278245
1683293400,17.19,17.83,16.16,17.65,14636031
1683552600,17.82,17.92,17.115,17.19,8195335
1683639000,16.91,16.97,16.33,16.81,11099839
1683725400,17.21,17.6299,16.84,17.32,9151171
1683811800,17.1,17.42,16.45,16.74,8466230
1683898200,17.01,17.975,16.08,16.45,14589531
1684157400,16.28,17.09,15.99,16.62,8832379
1684243800,16.31,16.4,15.29,15.32,10835948
1684330200,15.28,16.42,15.11,16.23,12408973
1684416600,16.13,16.15,15.3,15.67,9031001
1684503000,15.82,15.91,14.55,14.63,12558187
1684762200,14.68,15.9,14.65,15.84,9859096
1684848600,15.79,17.63,15.71,16.64,14599017
1684935000,16.49,16.72,15.83,16.51,7674137
1685021400,16.51,16.895,16.13,16.66,6767476
1685107800,16.69,16.915,15.97,16.83,6919964
1685453400,17.25,18.219,17.18,17.95,9127969
1685539800,17.75,17.97,16.91,17.64,9543422
1685626200,17.81,18.9872,17.65,18.48,11093188
1685712600,18.98,19.16,18.405,18.7,7808547
1685971800,18.63,18.92,18.04,18.49,5756082
1686058200,18.42,19.455,18.19,19.14,6839569
1686144600,19.51,19.9,19.1,19.31,7668021
1686231000,19.6,19.6899,18.83,19.21,5194288
1686317400,19.33,19.89,18.74,18.75,6442657
1686576600,18.74,19.68,18.27,19.61,7539733
1686663000,19.975,21.04,19.94,20.71,9256869
1686749400,20.85,20.98,19.49,19.88,8100524
1686835800,19.5,20.405,19.36,20.08,6937638
1686922200,20.27,20.39,19.02,19.34,9381170
1687267800,19.26,19.39,18.3001,18.8,7753424
1687354200,18.6,18.93,18.26,18.65,7097051
1687440600,18.46,18.46,17.49,17.96,9025758
1687527000,17.57,17.8,17.15,17.21,8895614
1687786200,17.39,18.27,17.22,17.7,5923228
1687872600,17.99,18.44,17.48,18.4,5149346
1687959000,18.21,19.03,17.96,18.44,7090609
1688045400,18.5,18.955,17.41,17.57,9895609
1688131800,17.83,18,17.23,17.86,9342868
1688391000,18,18.78,17.82,17.88,5040123
1688563800,17.69,18.375,17.4,17.99,6242115
1688650200,17.41,17.57,16,16.51,11970405
1688736600,16.51,17.33,16.5,16.8,7982841
1688995800,16.75,17.8,16.5,17.8,8131400
1689082200,17.94,18.82,17.56,18.8,9244358
1689168600,19.61,19.93,19.045,19.16,13571006
1689255000,19.29,19.925,19.19,19.89,8742804
1689341400,19.93,20.125,19.405,19.48,6210069
1689600600,19.94,22.14,19.75,21.83,14027634
1689687000,22.2,23.85,22.11,22.14,18583876
1689773400,22.6,23.365,22.2338,22.47,8620416
1689859800,22.08,22.14,21.12,21.65,8017661
1689946200,21.97,21.98,20.87,21.34,7292760
1690205400,21.54,21.68,20.655,20.71,6128215
1690291800,20.71,21.03,20.29,20.3,5363929
1690378200,19.27,20.3798,19.1,20.16,11288386
1690464600,20.21,20.25,18.13,18.34,13116439
1690551000,18.09,18.87,17.96,18.33,10178156
1690810200,18.47,19.15,18.35,18.98,8384284
1690896600,18.94,19.34,18.525,19.15,6755721
1690983000,18.4,18.56,17.71,17.84,10423848
1691069400,20.05,22.1599,19.05,19.2,27540659
1691155800,19.33,19.3967,17.2525,17.53,16648641
1691415000,17.69,17.93,17.0622,17.55,9335934
1691501400,17.07,17.46,16.55,17.43,10812973
1691587800,17.4,18.245,17.3,17.99,8381360
1691674200,18,18.52,16.93,16.97,10258720
1691760600,16.74,17.14,16.62,16.64,7512161
1692019800,16.4,17.115,15.9,16.77,8001824
1692106200,16.43,16.59,15.69,15.77,8439119
1692192600,15.6,15.645,14.86,14.88,9205985
1692279000,14.85,15.04,14.45,14.67,10124582
1692365400,14.31,15.03,14.17,14.21,9144428
1692624600,14.31,14.35,13.59,13.8,10202677
1692711000,13.98,14.1803,13.3,13.67,10576727
1692797400,13.62,14.16,13.475,14.01,7219934
1692883800,13.98,14.0983,13.395,13.57,7821894
1692970200,13.63,14.108,13.51,13.91,6105937
1693229400,14.35,14.45,13.84,13.97,7432181
1693315800,14.06,15.44,13.82,15.16,9905062
1693402200,15.64,16.15,15.3,15.43,13358276
1693488600,15.49,15.98,15.435,15.63,7682094
1693575000,15.85,16.19,15.66,15.81,6069050
1693920600,15.51,15.8976,15.29,15.51,4903104
1694007000,15.71,15.8149,14.985,15.11,5315143
1694093400,14.55,14.84,13.985,14.48,8536274
1694179800,14.31,14.49,13.86,13.99,7700280
1694439000,14.03,14.2,13.53,13.72,6383170
1694525400,13.61,14.685,13.46,14.63,7461001
1694611800,14.67,14.75,14.03,14.16,7475477
1694698200,14.54,15.67,14.47,15.5,11871490
1694784600,15.42,15.74,14.91,15.06,8689918
1695043800,15.09,15.09,13.95,14.1,8097529
1695130200,14,14.73,13.93,14.4,6066956
1695216600,14.51,14.745,14.095,14.26,5399621
1695303000,14.01,14.01,13.28,13.515,9654849
1695389400,13.78,13.88,12.8,12.89,9977070
1695648600,12.72,13.51,12.59,12.75,9112758
1695735000,12.5,12.83,12.35,12.55,8411452
1695821400,12.73,12.95,12.195,12.41,8130657
1695907800,12.45,12.6699,11.5025,12.3,15272865
1695994200,12.59,13.1,12.22,12.56,12188769
1696253400,12.48,12.49,11.16,11.24,13715807
1696339800,10.995,11.1,10.32,10.66,14903838
1696426200,10.44,10.6,9.7,10.54,18497253
1696512600,10.3,10.455,9.835,10.01,13143142
1696599000,9.7184,10.65,9.6,10.45,13461677
1696858200,10.21,10.54,9.92,10.5,10470865
1696944600,10.51,11.99,10.4339,11.93,20317406
1697031000,12.11,12.44,11.88,12.3,13527914
1697117400,12.36,12.36,11.5,11.8,12237918
1697203800,11.85,12.05,11.37,11.52,10577782
1697463000,11.54,12.08,11.3026,11.93,11195301
1697549400,11.6,12.485,11.51,12.18,10617469
1697635800,11.95,11.95,11.25,11.56,10137835
1697722200,11.6,11.6,10.51,10.58,15639453
1697808600,9.73,10.345,9.55,9.85,20656084
1698067800,9.66,10.4,9.395,9.88,14214329
1698154200,10.14,10.6,9.6,9.67,14653960
1698240600,9.43,9.44,8.4303,8.85,25134204
1698327000,9.12,9.9198,9.06,9.71,13853798
1698413400,9.45,9.52,8.74,8.84,13881860
1698672600,8.96,9.25,8.665,8.99,10023444
1698759000,9.07,9.72,9,9.65,11769322
1698845400,9.64,9.68,9.16,9.49,13153429
1698931800,9.2,10.59,9.16,10.45,22116622
1699018200,11.15,11.67,10.68,10.84,17901964
1699281000,10.93,10.96,10.035,10.29,10703206
1699367400,10.23,10.7,9.9892,10.69,8892693
1699453800,10.63,10.63,10.05,10.45,9861139
1699540200,10.64,10.7,9.95,10.04,8781620
1699626600,9.95,10,8.825,9.44,15775591
1699885800,9.31,9.59,9.025,9.23,9657876
1699972200,10.1,11.06,10.05,10.98,24617519
1700058600,11,12.07,11,11.59,17936718
1700145000,11.41,11.62,10.8322,11.19,11199647
1700231400,11.39,11.69,10.83,11.67,9970517
1700490600,11.705,12.03,11.28,11.91,10144239
1700577000,11.83,11.89,11.37,11.57,7041046
1700663400,11.79,11.92,11.27,11.41,6886099
1700836200,11.3,11.53,11.08,11.31,4027295
1701095400,11.35,11.37,10.7,11.15,11382876
1701181800,11.09,11.95,10.795,11.92,12404178
1701268200,12.37,13.175,12.32,12.76,20432882
1701354600,12.81,13.46,12.5254,12.9,17023131
1701441000,12.74,14.37,12.59,14.34,14674389
1701700200,14.3,15.06,14.25,14.42,15446791
1701786600,14.08,14.43,13.78,13.94,10292120
1701873000,14.09,15.13,13.8,13.89,17258943
1701959400,13.9,14.275,13.74,13.87,10529043
1702045800,13.72,14.03,12.6401,12.89,16527773
1702305000,12.82,13.69,12.765,13.35,10736044
1702391400,13.12,13.2095,12.225,12.5,10361623
1702477800,12.39,14.99,12.205,14.96,18590232
1702564200,16.25,18.54,16.25,17.94,43830261
1702650600,18.46,18.98,17.7815,18.63,28063365
1702909800,18.18,18.61,17.24,18.03,18422440
1702996200,19.15,19.95,18.72,19.54,24866593
1703082600,19.48,19.78,18.07,18.13,20227549
1703169000,18.71,19.5499,18.625,19.39,12871680
1703255400,19.5,19.98,19.03,19.26,13727634
1703601000,19.36,20.16,19.22,19.95,9832115
1703687400,20.24,20.68,19.89,20.32,11733502
1703773800,20.185,20.5872,20.03,20.32,8886085
1703860200,20.23,20.38,19.585,19.63,8978357
1704205800,19.09,20.065,18.88,19.46,10876072
1704292200,18.63,18.765,17.155,18.44,16960982
1704378600,18.2,18.2,17.02,17.06,16233215
1704465000,16.55,17.375,16.06,16.16,15325082
1704724200,16.07,16.89,15.86,16.64,11682633
1704810600,16.23,16.515,15.71,16.3,9477410
1704897000,16.31,16.36,15.595,16.31,9880558
1704983400,16.08,16.09,15.19,15.77,14377049
1705069800,16.04,16.5184,15,15.1,13576860
1705415400,14.81,15.025,14.18,14.21,12948388
1705501800,13.56,14.085,13.46,13.62,12158907
1705588200,13.77,13.84,13.19,13.21,10975270
1705674600,13.12,13.2675,12.2899,13.17,15051031
1705933800,13.43,14.65,13.29,13.77,16797659
1706020200,14.51,14.81,13.7168,14.21,16265583
1706106600,14.74,15.2356,13.47,13.54,12095976
1706193000,13.84,14.45,13.1301,14.33,14883277
1706279400,14.53,15.03,14.229,14.32,11538974
1706538600,14.34,15,13.95,14.98,10017695
1706625000,14.72,14.92,14.35,14.71,9980222
1706711400,14.84,16.2499,14.395,14.48,23264000
1706797800,15.2,15.9399,14.19,14.9,18538740
1706884200,14.3,14.4599,13.52,14.34,17096850
1707143400,13.74,13.85,12.95,13.63,13649334
1707229800,13.6,14.49,13.34,14.47,14902016
1707316200,15.36,15.58,14.455,15.31,14272634
1707402600,15.26,15.75,15.085,15.44,12148914
1707489000,15.75,16.09,15.385,15.82,13114966
1707748200,15.87,17.3,15.7,16.98,12721776
1707834600,15.53,15.89,14.865,15.23,14939288
1707921000,15.81,16.9099,15.515,16.83,11786326
1708007400,17.6,17.9,16.62,17,12309867
1708093800,16.47,16.84,16.1403,16.42,8043802
1708439400,15.97,16.17,15.52,15.89,7779204
1708525800,15.32,15.84,15.21,15.58,11098207
1708612200,14.87,15.042,12.59,12.78,43417637
1708698600,12.41,12.645,11.78,11.9,28395548
1708957800,11.77,12.23,11.16,11.38,20360799
1709044200,11.75,11.96,11.28,11.88,20150302
1709130600,11.7,12.395,11.57,11.8,15755951
1709217000,12.08,12.66,11.8677,12.04,14226606
1709303400,12.03,12.5,11.65,12.18,12480872
1709562600,12.14,12.2,11.6,11.96,11186867
1709649000,11.65,12.32,11.485,11.99,11560289
1709735400,12.32,12.42,11.61,12.24,14557397
1709821800,12.4,12.58,12.12,12.33,9432858
1709908200,12.65,13.0373,12.39,12.56,13659695
1710163800,12.46,12.81,11.9,12.02,9873261
1710250200,11.9,11.98,10.7,10.705,17323121
1710336600,10.65,10.695,9.91,9.97,17199562
1710423000,9.93,10.02,9.335,9.51,19733200
1710509400,9.47,9.915,9.37,9.89,15871922
1710768600,9.928,10.52,9.59,10.26,12249308
1710855000,10.05,10.51,10.0438,10.39,10078880
1710941400,10.26,11.66,10.12,11.48,15602535
1711027800,11.62,12.58,11.55,11.76,17231051
1711114200,11.69,11.9,11.185,11.35,8683178
1711373400,11.33,11.485,10.81,10.89,8378842
1711459800,11.07,11.54,11.03,11.28,8376046
1711546200,11.6,13.22,11.57,13.1,26530758
1711632600,12.93,13.585,12.7101,13.18,54243325
1711978200,13.227,13.44,12.61,12.74,9952810
1712064600,12.25,12.27,11.675,11.72,8761177
1712151000,11.59,12.46,11.45,12.41,10643641
1712237400,12.59,13.03,12.09,12.12,8762121
1712323800,11.82,12.1,11.45,11.83,8229143
1712583000,11.81,12.3154,11.77,11.88,8618056
1712669400,11.88,13.065,11.7729,13.02,14440914
1712755800,12.03,12.29,11.68,12.29,14778935
1712842200,12.47,12.635,11.44,11.85,12020994
1712928600,11.87,12.645,11.53,11.64,11300430
1713187800,11.47,11.64,10.625,10.69,11496733
1713274200,10.5,10.58,10.135,10.33,10327209
1713360600,10.45,11.13,10.35,10.845,11396811
1713447000,10.83,10.84,10.06,10.11,11519715
1713533400,10.01,10.315,9.97,10.25,14425666
1713792600,10.3,10.3324,9.805,10.05,10252965
1713879000,9.92,11.105,9.811,10.27,12980755
1713965400,10.16,10.625,9.9,10.02,10011994
1714051800,9.71,9.84,9.465,9.71,9338320
1714138200,9.82,10.32,9.7109,10.29,9901597
1714397400,10.57,11.095,10.51,10.72,8518068
1714483800,10.4,10.685,10.22,10.29,7397735
1714570200,10.34,11.05,10.04,10.07,10301692
1714656600,10.52,10.96,10.151,10.95,10181718
1714743000,11.61,12.39,11.56,11.9,12453588
1715002200,12.09,12.27,11.83,11.99,6403198
1715088600,12.05,12.06,11.65,11.78,7073791
1715175000,11.46,11.685,11.25,11.51,9357720
1715261400,11.99,12.46,11.285,12.41,21155945
1715347800,12.5,12.78,11.215,11.26,11170992
1715607000,11.32,12.4,11.32,11.52,10570227
1715693400,12.52,13.3,12.09,12.27,17647339
1715779800,12.87,13.2,11.655,12.09,13703800
1715866200,12.07,12.605,11.76,12.25,11288143
1715952600,12.17,12.43,11.77,11.89,8596304
1716211800,12.08,12.14,11.26,11.42,8542530
1716298200,11.32,11.99,11.31,11.97,6928977
1716384600,11.81,13.38,11.72,12.92,18114436
1716471000,12.95,12.97,11.66,11.99,11245567
1716557400,11.94,13.425,11.94,13.39,14315549
1716903000,14.02,14.3,13.27,13.5,13438120
1716989400,12.99,13.485,12.63,13.37,7752630
1717075800,13.52,14.74,13.505,14.5,15810047
1717162200,14.64,15.15,13.76,14.46,14162333
1717421400,15.02,15.03,14.28,14.53,11266676
1717507800,14.37,14.5854,13.99,14,8002168
1717594200,14.04,15,13.7009,14.9,11254655
1717680600,14.65,14.99,14.3,14.44,11035891
1717767000,13.84,13.905,13.15,13.45,11996989
1718026200,13.216,14.25,13.2101,14.15,9393886
1718112600,13.99,14.805,13.42,14.55,9331692
1718199000,15.73,16.53,14.553,14.65,17306751
1718285400,14.78,14.78,13.62,13.87,10203772
1718371800,13.73,13.99,13.235,13.26,9731253
1718631000,13.09,13.56,12.45,12.71,9688644
1718717400,12.53,12.92,12.48,12.64,6503163
1718890200,12.29,12.76,11.78,12.54,8336571
1718976600,12.45,13.23,12.29,13.09,13488035
1719235800,13.18,13.6968,12.72,13.58,11611741
1719322200,13.35,13.375,12.82,12.96,10602351
1719408600,12.9,13.125,12.3405,12.7,8677942
1719495000,12.79,13.615,12.585,13.27,12545409
1719581400,13.27,13.35,11.55,11.86,43267008
1719840600,11.88,12.1,10.88,10.915,13629403
1719927000,11.05,11.39,10.55,10.95,12374365
1720013400,11.34,12.17,11.04,12.16,10729868
1720186200,12.095,12.74,11.93,12.21,12197154
1720445400,12.5,12.805,12.355,12.65,12449525
1720531800,12.53,13.36,12.35,13.21,10240665
1720618200,13.39,14.02,13.0102,13.92,13429431
1720704600,14.96,16.12,14.6,16.07,23724328
1720791000,16.2,17.51,16.19,17.2,19233660
1721050200,16,16.07,14.36,15.66,21885990
1721136600,16.1,17.365,15.66,17.28,15972345
1721223000,16.8,17.399,16.62,17.16,13108493
1721309400,17.35,18.07,16.775,17.05,21193910
1721395800,17.05,17.479,16.295,16.95,12877737
1721655000,18,18.05,16.67,16.94,13747385
1721741400,16.77,17.88,16.629,17.27,12185343
1721827800,17.35,18.29,17.1,17.19,14665693
1721914200,17.1,18.245,16.8,17.48,12198411
1722000600,17.86,18.23,17.27,17.86,13876371
1722259800,17.75,17.85,16.075,16.33,15041421
1722346200,16.39,17.18,16.32,16.74,10522137
1722432600,16.93,18.475,16.795,17.53,13937933
1722519000,18.85,19.01,17.265,17.5,14107080
1722605400,17.11,17.16,16.28,16.72,11994054
1722864600,15.2,17.02,14.79,16.53,10964707
1722951000,16.82,17.008,16.16,16.49,11075522
1723037400,18.49,19.73,17.45,18.31,26036027
1723123800,18.39,19.51,18.05,18.83,13613838
1723210200,18.84,18.84,17.1,17.89,12009536
1723469400,17.86,17.89,17,17.33,9894184
1723555800,17.62,19.3985,17.34,19.27,9975973
1723642200,19.37,19.38,18.51,18.51,7806123
1723728600,18.81,19.62,18.59,19.61,8913351
1723815000,19.53,19.71,18.83,19.4,6935022
1724074200,19.58,20.58,19.28,20.26,8876801
1724160600,20.13,20.33,18.94,19.09,8593434
1724247000,19.63,19.7897,19.01,19.63,7576929
1724333400,19.55,20.2,19.28,19.96,7324383
1724419800,20,21.68,19.86,21.5,10118251
1724679000,21.95,22.26,20.915,21.15,8197033
1724765400,20.79,20.9675,20.22,20.82,5920734
1724851800,20.73,20.94,20.33,20.6,4983691
1724938200,20.72,20.745,20.0304,20.13,5367039
1725024600,20.25,20.625,19.91,20.52,5369020
1725370200,20.27,20.27,18.45,18.51,8020617
1725456600,18.61,19.86,18.56,19.63,6103098
1725543000,19.63,19.91,19.21,19.26,5021944
1725629400,19.33,19.42,18.105,18.17,6113425
1725888600,18.03,18.3,17.12,17.29,7008077
1725975000,17.36,17.46,16.69,17.2,5825522
1726061400,18.01,19.18,17.96,19.15,12683105
1726147800,19.06,19.29,18.595,18.78,6091395
1726234200,19.28,19.61,18.755,19.23,6590343
1726493400,19.25,19.83,18.58,19.34,5566348
1726579800,19.5,20.455,19.34,20.31,6902640
1726666200,20.32,21.77,19.9,20.3,11073393
1726752600,21.2,21.29,19.01,19.13,11446746
1726839000,19.14,19.43,18.61,18.91,10172624
1727098200,18.86,19.14,18.34,18.91,5553041
1727184600,19.38,19.4374,18.78,18.92,5736416
1727271000,18.88,19.08,18.28,18.29,6574814
1727357400,18.7,19.2689,18.22,18.56,4724047
1727443800,18.91,19.45,18.47,18.5,5718451
1727703000,18.16,18.63,17.9,18.06,5556270
1727789400,18.04,18.1199,17.28,17.5,4862950
1727875800,17.27,17.3726,16.6,17.01,6216537
1727962200,16.88,17.23,16.68,16.84,3916088
1728048600,17.11,17.3528,16.28,16.52,6660550
1728307800,16.36,16.8,16.2097,16.64,5355679
1728394200,16.48,16.6,16.05,16.39,5319626
1728480600,16.29,16.9,16.01,16.65,5737073
1728567000,16.34,16.52,15.33,15.52,9697000
1728653400,15.37,16.1722,15.35,15.94,6173411
1728912600,15.77,15.8495,15.37,15.65,7037682
1728999000,15.5,15.5,14.89,15.09,7571453
1729085400,15.27,15.41,14.99,15.4,5372341
1729171800,15.25,15.33,14.45,14.57,5933518
1729258200,14.57,14.83,14.45,14.61,5791251
1729517400,14.45,14.574,13.38,13.75,10389624
1729603800,13.8,14.08,13.41,14.04,8746485
1729690200,13.6951,14.23,13.53,13.85,5897661
1729776600,14.07,14.27,13.654,14,6054466
1729863000,14.06,14.595,14.01,14.37,8307146
1730122200,15.34,15.6901,14.41,14.43,11351707
1730208600,14.04,14.25,13.66,14.14,6709084
1730295000,13.8,14.615,13.76,14.09,4935787
1730381400,14.03,14.6,13.46,14.45,7589587
1730467800,14.8,15.345,14.4,14.76,9125883
1730730600,15.05,16.34,15.03,16.08,11549284
1730817000,15.6,16.94,15.41,16.91,10427877
1730903400,14.21,14.4,11.54,11.9,39917569
1730989800,12.05,12.28,11.5,11.6,18882098
1731076200,11.52,11.7359,9.7,10.23,29577491
1731335400,10.2,10.72,9.89,10.23,13491833
1731421800,9.92,10.24,9.225,9.74,15396694
1731508200,9.78,10.47,9.77,10.27,12630424
1731594600,10.34,11.59,10.155,10.91,17149959
1731681000,11.17,11.24,9.865,9.89,13664895
1731940200,9.75,10.185,9.54,10.01,10020381
1732026600,9.9,10.13,9.67,9.71,7548508
1732113000,9.61,10.23,9.55,10.2,9541141
1732199400,10.1,10.74,9.93,10.22,8388803
1732285800,10,10.66,10,10.51,7179108
1732545000,10.88,11.74,10.65,11.52,13651652
1732631400,11.27,11.53,10.87,11.49,7227496
1732717800,11.5,12.145,11.395,11.55,7671751
1732890600,11.7,11.87,11.43,11.53,4635149
1733149800,11.58,11.98,11.37,11.67,6468717
1733236200,11.61,11.61,11.165,11.26,6381328
1733322600,11.24,11.39,10.65,10.71,8190476
1733409000,10.67,10.8472,10.115,10.36,8735922
1733495400,10.57,10.68,10.29,10.58,6291459
1733754600,10.76,11.74,10.68,11.21,9303976
1733841000,11.11,11.16,10.45,10.54,9815529
1733927400,10.68,10.84,10.175,10.5,5643571
1734013800,10.41,10.57,10.15,10.19,5212022
1734100200,10.2,10.21,9.87,10.12,5758211
1734359400,10.02,10.34,9.86,9.99,5696200
1734445800,10.1,10.58,9.97,10.06,7883585
1734532200,10.06,10.42,9.13,9.15,11561486
1734618600,9.31,9.68,9.08,9.13,12947359
1734705000,9.15,10.03,9.01,9.87,13773650
1734964200,9.73,10.15,9.65,10.1,6946667
1735050600,9.97,10.21,9.775,10.12,3104455
1735223400,9.98,10.22,9.85,10.07,4890986
1735309800,9.99,10.165,9.695,9.86,6278216
1735569000,9.66,9.71,9.37,9.5,6886522
1735655400,9.56,9.81,9.22,9.25,7937656
1735828200,9.49,10.25,9.42,10.21,7712662
1735914600,10.37,10.82,10.3,10.71,8318347
1736173800,10.95,11.4486,10.73,10.97,8360972
1736260200,11.35,11.88,11.14,11.37,10182797
1736346600,10.9,10.94,10.4,10.75,7866196
1736519400,10.86,10.98,9.93,10.04,12209407
1736778600,9.8,9.83,9.27,9.73,11645116
1736865000,9.87,10.16,9.45,9.57,10823711
1736951400,10.1,10.45,9.61,9.63,8766696
1737037800,9.54,9.69,9.34,9.55,9671963
1737124200,9.64,9.71,9.38,9.44,9258804
1737469800,9.35,9.36,8.945,9.22,14940067
1737556200,9.17,9.25,8.3901,8.46,18339513
1737642600,8.41,9.365,8.22,9.34,13141346
1737729000,9.39,10.43,9.33,10.23,17837344
1737988200,10.2,10.435,9.93,10.19,9552236
1738074600,10.31,10.31,9.16,9.26,10828079
1738161000,9.38,10,9.15,9.39,11273427
1738247400,9.52,9.84,9.33,9.42,5722205
1738333800,9.4,9.61,8.94,9.05,9840731
1738593000,8.57,9.28,8.55,8.8,10173870
1738679400,8.75,9.1,8.62,8.9,7833039
1738765800,9,9.305,8.71,8.72,8865799
1738852200,8.82,9.06,8.37,8.64,11542702
1738938600,8.49,8.58,8.22,8.47,11964145
1739197800,8.51,8.525,8.215,8.36,7756743
1739284200,8.16,8.39,7.93,8.1,8430134
1739370600,7.94,8.18,7.9,8,8658431
1739457000,8.03,8.77,7.87,8.58,9531012
1739543400,8.66,9,8.575,8.82,7502541
1739889000,8.85,9.13,8.625,8.86,6354031
1739975400,9.16,9.31,8.58,8.61,10600929
1740061800,8.59,8.67,8.315,8.54,6146491
1740148200,8.64,8.7797,8.24,8.42,6203854
1740407400,8.44,8.78,8.26,8.49,7344054
1740493800,8.4,8.78,8.28,8.37,9335834
1740580200,8.52,8.77,8.32,8.39,10092841
1740666600,8.4,8.52,7.875,7.91,11946075
1740753000,7.915,7.915,6.99,7.25,24044575
1741012200,7.12,7.29,6,6.17,24967524
1741098600,6.075,7.08,5.9268,6.71,22177245
1741185000,6.85,7.04,6.37,6.9,14036826
1741271400,6.69,7.04,6.44,6.87,11251544
1741357800,6.79,7.23,6.78,7.16,15134716
1741613400,7.105,7.645,6.91,6.99,14912017
1741699800,6.97,7.34,6.505,6.93,11805086
1741786200,6.68,6.83,6.38,6.57,11104283
1741872600,6.41,6.465,6.11,6.21,9032142
1741959000,6.31,6.51,6.27,6.5,9995872
1742218200,6.57,7.1,6.51,6.97,10016257
1742304600,6.91,6.9196,6.27,6.51,10314555
1742391000,6.51,6.84,6.455,6.66,9071503
1742477400,6.57,7.085,6.51,6.71,10227107
1742563800,6.55,6.79,6.27,6.59,14128000
1742823000,6.7,7.09,6.37,6.38,14917718
1742909400,6.37,6.67,6.25,6.56,11419014
1742995800,6.49,6.71,6,6.21,12141105
1743082200,6.11,6.205,5.91,6.01,10659870
1743168600,6.01,6.1077,5.905,5.94,9959765
1743427800,5.8,5.915,5.545,5.86,11446487
1743514200,5.88,6.6,5.745,6.49,15397328
1743600600,6.44,6.85,6.39,6.78,14140322
1743687000,6.47,6.66,5.9501,6.59,18602042
1743773400,6.29,6.99,5.85,6.99,16160006
1744032600,6.53,7.42,6.36,6.57,17227960
1744119000,6.81,6.8295,5.55,5.665,16060582
1744205400,5.56,6.53,5.45,6.43,20372134
1744291800,6.27,6.27,5.8,6.03,13557337
1744378200,6.03,6.37,5.93,6.29,8191110
1744637400,6.49,6.995,6.43,6.82,12751312
1744723800,6.87,7.16,6.695,6.71,9459736
1744810200,6.62,6.7586,6.275,6.525,7743396
1744896600,6.33,6.8777,6.28,6.85,11274599
1745242200,6.8,6.8,6.305,6.57,7471625
1745328600,6.64,7.095,6.61,6.88,11091678
1745415000,6.9,7.05,6.515,6.66,13550835
1745501400,6.83,7.1,6.81,7.05,10211393
1745587800,7.01,7.63,6.9,7.39,10323559
1745847000,7.46,7.86,7.41,7.5,7553503
1745933400,7.53,7.54,7.09,7.42,8652341
1746019800,7.09,7.17,6.7,6.89,11052759
1746106200,6.94,7.305,6.86,7.19,6939538
1746192600,7.29,7.51,7.25,7.29,7136867
1746451800,7.19,7.24,6.88,6.98,7146371
1746538200,7,7.435,6.97,7.06,8607781
1746624600,7.08,7.575,7.07,7.39,13135181
1746711000,8.44,8.7,7.8,8.5,21829096
1746797400,8.5,9.53,8.45,9.38,29818605
1747056600,10,11.165,10,10.96,37562828
1747143000,11.85,13.23,11.735,11.9,42866381
1747229400,11.88,13.03,11.51,12.7,23039195
1747315800,12.39,12.87,12.01,12.85,14092160
1747402200,12.87,13.01,12.22,12.25,12850052
1747661400,11.8,11.86,10.97,11.29,19622953
1747747800,11.28,12.075,11.271,11.54,10459781
1747834200,11.32,11.325,10.56,10.66,16930456
1747920600,6.8,6.98,6.16,6.71,91268812
1748007000,6.59,7.475,6.48,6.88,50362566
1748352600,7.07,7.25,6.68,7.19,25614984
1748439000,7.06,7.135,6.4797,6.75,23226471
1748525400,6.825,7.08,6.75,6.85,14783054
1748611800,6.795,7.53,6.71,7.49,25393386
1748871000,7.5,7.575,6.85,7.14,20218001
1748957400,7.23,8.435,7.16,8.28,33701121
1749043800,8.285,8.405,7.91,8.16,14339390
1749130200,8.3,8.59,7.96,8.38,17357518
1749216600,8.48,8.5799,8.035,8.51,15438236
1749475800,8.768,9.14,8.25,8.27,16986994
1749562200,8.6,8.88,8.19,8.86,16300069
1749648600,8.715,8.84,8.36,8.7,14226545
1749735000,8.62,8.96,8.425,8.47,11190407
1749821400,8.22,10.14,8.12,10,42841200
1750080600,9.91,9.95,8.925,9.64,30716405
1750167000,5.82,6.11,5.38,5.78,119998640
1750253400,5.665,6.2,5.51,6.13,47017757
1750426200,6.22,6.73,6.21,6.23,30459661
1750685400,6.14,6.4,5.98,6.24,17233993
1750771800,6.32,7.5499,6.22,7.2,41463744
1750858200,7.23,7.36,6.98,7.28,21940370
1750944600,7.68,8.08,7.58,7.75,27078299
1751031000,7.75,7.87,7.23,7.43,17994000
1751290200,7.875,8.615,7.615,8.18,42329805
1751376600,8.2,9.375,7.84,9.04,32377139
1751463000,9.085,9.66,8.95,8.99,21326417
1751549400,9.165,10.76,9.07,10.5,33830506
1751895000,10.875,11.205,10.3104,11.11,27995327
1751981400,10.12,10.39,9.61,9.84,34247174
1752067800,10.12,10.795,9.845,10.505,19112640
1752154200,10.38,11.15,10.3411,10.87,17997570
1752240600,10.88,10.88,9.98,10.11,15624619
1752499800,10.34,10.74,10.09,10.36,14843159
1752586200,10.605,11.51,10.6,10.705,18267324
1752672600,10.92,10.93,10.33,10.34,13400945
1752759000,10.41,10.62,9.91,9.96,12102427
1752845400,10.15,10.545,9.97,10.24,11869685
1753104600,10.38,10.88,9.995,10.46,13344618
1753191000,10.6,11.34,10.535,11.16,17476690
1753277400,11.165,11.3,10.61,10.64,14608603
1753363800,11.38,11.88,10.32,10.58,23450784
1753450200,10.53,10.84,10.3421,10.78,8774761
1753709400,10.86,11.285,10.7,11.15,12120931
1753795800,11.14,11.2715,10.7,10.75,8488032
1753882200,10.81,10.84,9.91,10.15,10958164
1753968600,10.23,10.48,10.1,10.26,9378885
1754055000,10.03,10.22,9.75,9.85,8252268
1754314200,9.95,10.075,9.6,9.7,8631239
1754400600,9.775,9.81,9.36,9.42,9012356
1754487000,9.24,9.44,9.01,9.07,13059011
1754573400,11.2,12.33,10.81,12,48256341
1754659800,12.07,12.25,11.14,11.85,18609881
1754919000,12.15,12.75,11.38,11.6,14000302
1755005400,11.72,11.89,11.34,11.42,11624549
1755091800,11.47,11.8189,10.79,10.93,13468209
1755178200,10.82,10.94,10.26,10.48,12232044
1755264600,10.48,14.87,10.1,13.92,76431549
1755523800,14.77,16.57,14.67,15.5,50682635
1755610200,15.45,15.91,14.811,15.49,18712869
1755696600,15.53,16.12,15.3,15.47,16863297
1755783000,15.06,15.06,14.18,14.74,14921215
1755869400,14.97,16.4,14.6,16.2,16060013
1756128600,15.725,16.4,15.21,16.38,10028967
1756215000,16.4,16.9,16.25,16.61,11127689
1756301400,16.485,16.8258,15.78,15.8,9003686
1756387800,15.94,16.48,15.77,16.37,6703716
1756474200,16.36,16.51,15.96,15.97,6815849
1756819800,15.06,16.04,14.95,15.93,6980195
1756906200,15.87,16.515,15.67,16.48,8776775
1756992600,16.52,17.1,16.2792,16.43,10075374
1757079000,16.92,18.32,16.851,18.18,17576589
1757338200,18.08,18.1,16.4413,16.92,12286637
1757424600,16.93,16.93,15.4,16.03,10477916
1757511000,16.2,16.7252,16.06,16.2,6952803
1757597400,16.175,17.265,15.83,16.01,10269441
1757683800,15.98,16.42,15.9,16.06,7217566
1757943000,16.006,16.895,15.699,16.45,8447147
1758029400,16.565,16.97,16.07,16.24,6336010
1758115800,16.245,16.94,15.71,15.91,9964801
1758202200,16.46,16.465,15.555,16.3,10348800
1758288600,16.41,16.98,16.135,16.58,14191627
1758547800,16.53,17.8,16.49,17.61,11217638
1758634200,17.77,17.95,16.37,16.45,9987391
1758720600,16.73,17.0476,15.78,16.05,8503554
1758807000,15.72,16.94,15.6901,16.91,10204954
1758893400,16.98,17.9,16.8679,17.67,12420384
1759152600,17.75,17.9,17.105,17.78,9072195
1759239000,17.78,18.28,16.8347,17.29,10487052
1759325400,18.51,20.02,17.93,18.35,21698839
1759411800,18.73,19.2398,18.3024,19.15,15353344
1759498200,19.13,19.64,18.805,19.11,10738567
1759757400,19.355,19.75,19.105,19.25,6326467
1759843800,19.5,20.25,18.92,19.46,9208015
1759930200,19.46,19.7727,19.12,19.4,7645912
1760016600,19.67,21.08,19.52,20.32,11672757
1760103000,20.52,20.77,18.1,18.8,11530869
1760362200,19.44,21.19,19.44,21.17,8772868
1760448600,20.44,21.11,20.125,20.68,7168039
1760535000,21.7,22.44,21.16,21.29,8639008
1760621400,21.315,21.55,19.91,20.14,6770526
1760707800,19.5,20.015,19.18,19.51,6338804
1760967000,20.07,20.665,20.04,20.5,6308508
1761053400,21.775,21.8,20.085,20.44,9088977
1761139800,20.3,20.3625,18.77,19.72,6193397
1761226200,19.83,20.025,19.5,19.82,4255820
1761312600,20.63,21.623,20.31,20.85,8030949
1761571800,21.25,21.375,20.04,20.51,5550873
1761658200,20.51,20.73,19.9,19.92,5091588
1761744600,19.78,21.35,19.61,20.12,9459378
1761831000,19.88,20.09,19.53,19.62,4737775
1761917400,19.78,21.025,19.75,20.76,6853520
1762180200,20.775,20.8,19.86,19.97,5207979
1762266600,19,19.57,18.72,19.06,4481940
1762353000,19.09,21.27,18.92,20.59,9253926
1762439400,20.59,21.34,20.3,20.42,9571043
1762525800,16.925,18,15.92,17.13,25026637
1762785000,18.335,19.47,17.495,18.35,12099461
1762871400,18.36,20.02,17.67,19.75,11181057
1762957800,20.2,20.2,19.08,19.44,9099997
1763044200,19.22,20.02,18.6914,18.87,12234683
1763130600,17.98,19.37,17.82,18.65,9823271
1763389800,18.62,19.345,18.1,18.57,12272200
1763476200,18.18,20.01,18.15,19.22,11822605
1763562600,19.27,19.97,18.75,18.95,11007200
1763649000,19.53,20.99,17.77,17.81,12325090
1763735400,17.955,18.56,16.8905,17.93,6596550
1763994600,18.03,18.6899,17.74,18.09,5260369
1764081000,18.29,18.82,17.75,18.65,5243894
1764167400,18.505,19.55,18.35,19.23,5992571
1764340200,19.38,20.31,19.29,20.25,4590809
1764599400,19.58,19.89,18.515,18.55,6796912
1764685800,18.73,18.92,18.08,18.18,6248854
1764772200,18.08,18.08,17.35,17.85,7684210
1764858600,17.85,18.47,17.6,18.35,4960977
1764945000,18.4,18.49,17.35,17.58,6814818
1765204200,17.7,18.08,17.4,18.06,4954350
1765290600,17.93,18.9116,17.81,17.87,5695738
1765377000,17.86,18.67,17.4684,18.32,5751487
1765463400,18.2,18.905,17.9,18.71,3968969
1765549800,18.74,18.82,17.77,17.93,4814698
1765809000,18.12,18.12,17.33,17.35,4235340
1765895400,17.23,17.9055,17.05,17.54,4141494
1765981800,17.69,17.9,16.885,17.08,4915603
1766068200,17.82,18.87,17.685,18.14,7581826
1766154600,18.08,18.66,18.06,18.26,10765611
1766413800,18.58,20.33,18.48,20.24,9220196
1766500200,20.24,20.26,19.15,19.42,4010189
1766586600,19.46,20.24,19.38,20.16,2527245
1766759400,20.14,20.71,19.65,20.47,3664227
1767018600,19.94,20.39,19.68,19.73,4809421
1767105000,19.79,19.89,19.03,19.09,4335895
1767191400,19.06,19.2145,18.3,18.4,5249735
1767364200,19.125,19.7,18.95,19.44,7432061
1767623400,19.58,20,17.76,18.32,9283080
1767709800,18.3,18.75,17.45,18.3,7846858
1767796200,18.05,18.11,17.05,17.36,5903856
1767882600,17.26,18.7,17.1404,18.3,7909340
1767969000,18.55,18.8,17.94,18.09,3650386
1768228200,17.98,19.38,17.85,18.9,5532390
1768314600,19.225,19.42,18.42,18.52,6495842
1768401000,18.44,19.75,18.3,18.42,5651798
1768487400,18.52,19.53,18.2,18.26,6154384
1768573800,18.4,19.02,18.215,18.23,8960575
1768919400,17.62,17.735,16.49,16.79,11531302
1769005800,16.9,18.16,16.88,17.82,10169184
1769092200,18.03,20.16,18.02,18.76,12833745
1769178600,18.76,19.96,18.75,19.5,7999713
1769437800,19.32,21.1851,19.32,20.01,9394022
1769524200,19.83,21.17,19.75,20.72,9044167
1769610600,21.718,21.95,20.575,21.41,11182717
1769697000,21.62,21.67,19.31,19.76,7731871
1769783400,19.41,19.98,18.55,19,7738854
1770042600,18.91,19.45,18.0302,18.19,6146431
1770129000,18.23,19.22,17.7,18.47,9046868
1770215400,19.795,21.04,19.76,20.73,14446095
1770301800,19.94,20.18,18.87,18.97,7870082
1770388200,19.5,20.34,18.78,19.93,10152425
1770647400,20.095,20.65,19.49,20.41,5367145
1770733800,20.2,20.84,19.69,20.66,6080917
1770820200,21.04,21.18,18.11,19.16,10970468
1770906600,19.25,19.3799,17.9502,18.2,5559997
1770993000,18.17,19.45,17.82,19.09,8370049
1771338600,18.71,19.58,18.58,19.34,5444832
1771425000,19.53,20.695,19.41,20.14,7899228
1771511400,19.91,20.2,19.51,20.04,5401424
1771597800,19.955,21.15,19.76,20.28,9558946
1771857000,20,20.0207,19.12,19.99,6199429
1771943400,19.51,20.49,19.31,20.1,7923014
1772029800,19.76,20.34,19.305,19.55,6270399
1772116200,19.13,20.5,18.85,20.42,14940644
1772202600,18.59,18.7399,12.47,13.25,56462015
1772461800,12.9,13.12,12.08,12.52,20735832
1772548200,12,12.03,11.49,11.54,17303444