time,open,high,low,close,Volume
1334755800,16.672593,16.900459,16.238547,16.32536,206918
1334842200,16.401317,16.569503,16.22227,16.233127,57723
1334928600,16.618338,17.708865,16.390472,17.584079,83346
1335187800,17.263979,17.540675,16.688864,16.721428,48564
1335274200,16.781098,17.25583,16.710572,17.253123,43163
1335360600,17.405037,17.844563,17.318229,17.394186,52784
1335447000,17.307372,17.48642,17.155463,17.160889,31537
1335533400,17.280256,17.692589,17.144618,17.654605,40882
1335792600,17.508122,17.594924,17.177165,17.225995,29700
1335879000,17.339936,17.893333,16.976416,17.06323,73609
1335965400,16.965571,17.904184,16.922166,17.698014,58863
1336051800,17.529824,17.698014,16.417589,16.802805,141276
1336138200,16.802805,16.802805,16.439296,16.542386,59980
1336397400,16.536955,16.781098,16.450153,16.623763,65344
1336483800,16.542386,16.702433,16.140893,16.379615,73297
1336570200,16.178877,16.276531,15.983559,16.178877,41777
1336656600,16.276531,16.428445,15.885894,16.026952,108867
1336743000,15.7394,15.945575,15.587491,15.723129,107100
1337002200,15.516965,15.668874,15.283662,15.327066,47115
1337088600,15.397598,15.674299,15.294513,15.435577,240882
1337175000,15.565789,15.592922,15.137168,15.213125,65754
1337261400,15.131748,15.180578,14.448134,14.46441,130836
1337347800,14.442708,14.681431,14.236544,14.421006,138515
1337607000,14.51324,14.534399,14.274517,14.410155,106366
1337693400,14.372182,14.51866,14.057497,14.171433,111379
1337779800,13.970689,14.133454,13.352181,14.035795,101538
1337866200,14.073774,14.458979,13.905583,14.448134,74172
1337952600,14.410155,14.410155,14.059179,14.155156,79329
1338298200,14.160587,14.551164,14.095476,14.160587,99460
1338384600,13.997816,14.228406,13.938185,14.095476,66896
1338471000,14.176858,14.176858,13.656009,13.845902,126593
1338557400,13.542079,13.835051,13.330484,13.373877,929008
1338816600,13.395585,13.905583,13.23282,13.628882,198314
1338903000,13.574627,13.775371,13.379308,13.623456,234125
1338989400,13.726541,14.307071,13.688562,14.279948,122260
1339075800,14.480687,14.480687,13.948992,14.09005,122027
1339162200,14.09005,14.431863,13.997816,14.323342,82052
1339421400,14.437283,14.448134,13.992386,14.003242,75497
1339507800,14.041221,14.361326,13.759094,14.285368,61289
1339594200,14.225688,14.296225,13.927285,14.024949,44708
1339680600,14.03037,14.149731,13.684054,13.862179,50252
1339767000,13.894732,14.811643,13.807924,14.692282,179406
1340026200,14.632601,14.665154,14.377602,14.545793,53620
1340112600,14.583772,15.213125,14.51324,15.110051,94231
1340199000,15.137168,15.223982,14.838776,15.131748,65269
1340285400,15.180578,15.180578,14.600048,14.686862,56241
1340371800,14.762819,14.82792,14.648878,14.713984,169152
1340631000,14.51324,14.730255,14.231113,14.383022,107064
1340717400,14.475256,14.534937,13.970689,14.133454,140433
1340803800,14.171433,14.437283,14.171433,14.317922,210971
1340890200,14.209411,14.5675,14.035795,14.545793,65404
1340976600,14.882169,15.554938,14.773664,15.321646,129109
1341235800,15.348763,15.375896,14.99611,15.35962,70251
1341322200,15.294513,15.647172,15.251109,15.630895,17747
1341495000,15.62547,15.674299,14.920153,14.93643,44206
1341581400,14.746531,14.952706,14.719409,14.882169,44801
1341840600,14.909302,15.316215,14.8876,15.213125,40422
1341927000,15.337917,15.506108,15.186009,15.30537,76724
1342013400,15.397598,15.630895,15.327066,15.592922,83513
1342099800,15.462704,15.869617,15.419848,15.750256,60675
1342186200,15.777384,15.967271,15.777384,15.875038,60261
1342445400,15.782809,16.092063,15.582065,16.064936,44412
1342531800,16.086632,16.205999,15.864197,16.097489,53619
1342618200,16.005255,16.488126,16.005255,16.211425,28069
1342704600,16.21685,16.515253,16.092063,16.276531,41509
1342791000,16.032383,16.292758,16.016106,16.243978,58434
1343050200,15.891314,15.999835,15.62547,15.663448,43901
1343136600,15.72856,15.72856,15.343343,15.516965,45072
1343223000,15.68515,15.918447,15.375896,15.84249,145840
1343309400,16.097489,16.21685,15.663448,15.934724,39631
1343395800,16.086632,16.743125,15.918447,16.678024,99240
1343655000,16.623763,16.933023,16.260303,16.276531,52209
1343741400,16.189723,16.406748,15.717703,16.319935,54737
1343827800,16.401317,16.433865,16.059516,16.168021,69951
1343914200,15.978128,16.813662,15.978128,16.715997,79738
1344000600,16.976416,17.394186,16.417589,16.938443,57714
1344259800,16.884188,17.090357,16.58579,16.618338,38904
1344346200,16.656316,17.00898,16.276531,16.281951,129917
1344432600,16.135473,16.374185,15.918447,16.287382,50595
1344519000,16.200574,16.460998,16.189723,16.450153,37644
1344605400,16.417589,16.471849,16.026952,16.070361,34536
1344864600,15.999835,16.048659,15.7394,15.934724,65118
1344951000,15.983559,15.983559,15.169732,15.316215,44387
1345037400,15.397598,15.397598,14.882169,15.148025,43333
1345123800,15.126323,15.592922,14.947281,15.576645,49236
1345210200,15.522385,15.629273,15.381327,15.571214,43358
1345469400,15.554938,15.554938,14.990685,15.158876,51740
1345555800,15.267386,15.381327,14.920701,15.082919,49278
1345642200,14.99611,15.093775,14.82792,14.985259,42262
1345728600,14.99611,15.137168,14.757388,14.838776,23256
1345815000,14.773664,15.04494,14.681431,14.751962,27712
1346074200,14.800792,14.844196,14.529516,14.768239,17609
1346160600,14.784515,15.158876,14.56207,14.806212,64868
1346247000,14.871324,15.750256,14.871324,15.636326,38403
1346333400,15.495257,15.658023,15.191429,15.20228,32586
1346419800,15.408444,15.408444,15.034094,15.191429,83004
1346765400,15.175152,15.554938,14.833345,15.332487,105763
1346851800,15.31079,15.468075,15.012935,15.099195,61252
1346938200,15.164301,15.354194,15.164301,15.272806,54320
1347024600,15.392173,15.392173,15.131748,15.131748,29686
1347283800,15.169732,15.169732,14.648878,14.719409,35404
1347370200,14.665154,14.958137,14.665154,14.838776,46829
1347456600,14.94185,15.240258,14.714472,15.240258,95521
1347543000,15.191429,16.075787,15.191429,16.037808,67229
1347629400,16.130042,16.428445,15.972702,16.287382,70392
1347888600,16.15717,16.168021,15.824043,16.130042,23308
1347975000,16.054085,16.271111,15.891314,16.113765,75031
1348061400,16.189723,16.303658,15.582065,16.26568,84410
1348147800,16.10834,16.428445,16.054627,16.276531,88483
1348234200,16.596636,16.596636,16.146373,16.298227,194659
1348493400,16.276531,16.737705,16.21685,16.678024,36097
1348579800,16.721428,16.846209,16.249403,16.287382,79157
1348666200,16.379615,16.623763,16.135473,16.450153,43119
1348752600,16.683444,16.840778,16.509822,16.678024,106304
1348839000,16.558657,17.057804,16.401317,16.710572,49041
1349098200,16.802805,17.171735,16.536955,16.705141,45190
1349184600,16.667167,16.721428,16.369573,16.596636,68759
1349271000,16.547806,16.851635,16.276531,16.455573,95385
1349357400,16.477275,16.477275,16.276531,16.385041,31512
1349443800,16.515253,16.694295,16.184297,16.276531,43684
1349703000,16.22227,16.319935,16.150713,16.276531,36556
1349789400,16.200574,16.26568,15.978507,16.064936,46031
1349875800,16.021532,16.281951,15.983559,16.205999,53076
1349962200,16.303658,16.374185,16.195154,16.200574,43334
1350048600,16.254834,16.368764,16.151744,16.227701,94107
1350307800,16.336211,16.357908,16.119196,16.238547,26596
1350394200,16.303658,16.672593,15.73398,16.070361,118012
1350480600,16.054085,16.075787,15.289082,15.560358,111789
1350567000,15.462704,15.875038,15.337917,15.630895,63549
1350653400,15.468124,15.506108,14.708558,14.860473,110098
1350912600,14.860473,15.153445,14.692282,14.898457,60187
1350999000,14.768239,14.82792,14.458979,14.605474,67249
1351085400,14.709806,14.746531,14.111747,14.209411,77247
1351171800,15.062766,15.305296,14.807459,15.062766,85155
1351258200,15.113813,15.158497,14.424513,14.679808,116487
1351690200,14.737251,14.832995,14.513869,14.813847,47812
1351776600,14.781928,14.884055,14.316642,14.66066,76149
1351863000,14.711721,14.890431,14.309622,14.379829,44214
1352125800,14.335158,14.801076,14.335158,14.711721,91226
1352212200,14.960639,15.19041,14.450037,14.6096,107171
1352298600,14.271326,14.424513,13.760724,14.124528,124032
1352385000,14.022408,14.258561,13.971348,14.060703,64515
1352471400,14.00326,14.6096,13.945824,14.577688,113790
1352730600,14.596835,14.852136,14.596835,14.705332,134004
1352817000,14.654284,14.654284,14.501097,14.590453,77303
1352903400,14.826606,14.826606,13.869227,13.869227,87046
1352989800,13.652221,13.933053,13.352243,13.441598,162518
1353076200,13.34586,13.37139,12.828882,13.043839,116350
1353335400,13.218216,13.377779,12.982056,13.301183,75221
1353421800,13.333095,13.37139,12.976306,13.288424,40174
1353508200,13.333095,13.352243,12.835258,13.272461,90189
1353681000,13.390538,13.575631,13.251271,13.530953,15276
1353940200,13.447987,13.562866,12.867171,13.045882,82443
1354026600,13.052264,13.358619,13.007586,13.084177,82742
1354113000,12.975674,12.995326,12.694843,12.777816,67074
1354199400,12.89909,13.109069,12.752285,12.860782,63559
1354285800,12.924614,12.988445,12.669319,12.828882,136676
1354545000,12.89909,13.065029,12.643782,12.809735,139342
1354631400,12.822493,12.924614,12.745903,12.790574,69960
1354717800,12.873553,12.886318,12.618252,12.669319,97540
1354804200,12.618252,12.796963,12.286361,12.752285,214026
1354890600,13.084177,13.084177,12.765121,12.89909,98985
1355149800,12.89909,13.1097,12.89909,13.084177,128942
1355236200,13.148008,13.410649,13.065029,13.24374,57264
1355322600,13.256505,13.473511,13.059285,13.116089,34251
1355409000,13.090553,13.416068,12.828882,13.039493,148969
1355495400,13.039493,13.407381,12.906743,13.19268,123776
1355754600,13.230975,13.537342,13.090553,13.492658,48319
1355841000,13.511806,14.02879,13.511806,14.009643,71904
1355927400,13.907516,14.347917,13.869227,14.252179,70041
1356013800,14.201119,14.615976,14.201119,14.526621,62461
1356100200,14.373447,14.373447,14.111763,14.271326,158440
1356359400,14.105387,14.105387,13.964965,13.977724,22829
1356532200,13.977724,14.213884,13.977724,14.111763,27644
1356618600,14.08624,14.111763,13.377779,13.658598,85874
1356705000,13.626698,13.881992,13.071412,13.16715,63308
1356964200,13.173532,14.705332,13.020345,14.603218,116368
1357137000,15.101055,16.032903,14.564929,15.707395,145935
1357223400,15.688247,15.688247,15.273377,15.439329,91088
1357309800,15.541455,15.669099,15.158497,15.196793,50526
1357569000,15.049995,15.187219,14.941492,15.107437,47985
1357655400,15.043618,15.177645,14.915961,15.164874,144819
1357741800,15.126585,15.407416,15.126585,15.324437,171942
1357828200,15.343584,15.343584,15.222329,15.305296,32695
1357914600,15.330826,15.407416,15.158497,15.164874,36981
1358173800,15.132974,15.292537,15.00531,15.101055,34095
1358260200,15.043618,15.267,14.941492,15.00531,62471
1358346600,14.922344,14.922344,14.654284,14.66066,42753
1358433000,14.692573,15.021273,14.615976,14.871284,77522
1358519400,14.884055,15.081907,14.450037,14.794687,54787
1358865000,14.807459,14.807459,14.386205,14.545769,29110
1358951400,14.520245,14.698956,14.245803,14.673432,29898
1359037800,14.673432,14.762781,14.564929,14.667043,41137
1359124200,14.698956,14.698956,14.552158,14.667043,115747
1359383400,14.647895,14.74364,14.169206,14.654284,80175
1359469800,14.730868,14.998934,14.513869,14.852136,88815
1359556200,14.794687,14.998934,14.615976,14.679808,44224
1359642600,14.6096,14.711721,14.53301,14.622365,80475
1359729000,14.737251,15.637187,14.718103,15.43294,233096
1359988200,15.318061,15.484,14.635124,14.750016,82139
1360074600,14.903203,15.535066,14.628748,15.509536,192910
1360161000,15.362745,15.752066,15.362745,15.707395,130482
1360247400,15.662711,15.732918,15.4521,15.732918,114878
1360333800,15.777602,15.956313,15.732918,15.89887,37650
1360593000,16.243527,17.213671,16.211608,16.696686,138809
1360679400,16.715834,17.220053,16.715834,17.200906,53042
1360765800,17.290261,17.583857,17.283878,17.475354,108235
1360852200,17.379616,17.551944,17.245583,17.315791,34930
1360938600,17.417905,17.711508,17.354086,17.526421,54893
1361284200,17.564709,17.775339,17.520032,17.660447,44312
1361370600,17.634917,17.807239,17.551944,17.634917,304008
1361457000,17.596628,17.705131,17.475354,17.551944,64977
1361543400,17.666823,17.711508,17.596628,17.679595,48961
1361802600,17.711508,17.858306,17.411529,17.539179,103431
1361889000,17.615776,17.717884,17.29665,17.551944,63563
1361975400,17.551944,17.737031,17.526421,17.545568,100755
1362061800,17.551944,17.82001,17.520032,17.583857,87006
1362148200,17.360469,17.832776,17.360469,17.628535,63962
1362407400,17.526421,17.724273,17.520032,17.717884,32177
1362493800,17.871071,18.592296,17.832776,18.285928,100025
1362580200,18.317847,18.451817,17.878091,18.292317,97108
1362666600,18.241257,18.292317,17.660447,18.068929,66922
1362753000,18.202962,18.254029,18.017869,18.190197,60247
1363008600,18.145513,18.190197,17.928513,18.126365,50089
1363095000,18.119989,18.158284,17.934902,18.056158,34765
1363181400,18.126365,18.27317,18.068929,18.24764,90317
1363267800,18.126365,18.317847,18.126365,18.254029,45141
1363354200,18.254029,18.355504,18.183821,18.260405,104804
1363613400,17.928513,18.215721,17.928513,18.119989,20478
1363699800,18.094465,18.190197,18.024258,18.171049,73663
1363786200,18.343384,18.90504,18.343384,18.732718,61310
1363872600,18.471028,18.828449,18.100842,18.139137,101877
1363959000,18.22211,18.675262,18.22211,18.502947,42444
1364218200,18.592296,18.675262,18.234881,18.566766,23590
1364304600,18.758242,18.981636,18.656121,18.892281,109164
1364391000,18.630591,18.981636,18.624202,18.943329,53208
1364477400,18.981636,19.134811,18.943329,19.032697,149816
1364823000,18.988013,18.988013,17.896594,18.151902,122278
1364909400,18.279552,18.343384,17.775339,17.839158,55240
1364995800,17.845547,18.113607,17.50816,17.654065,66667
1365082200,17.781715,17.871071,17.200906,17.417905,66007
1365168600,17.079631,17.832776,17.079631,17.571092,162292
1365427800,17.705131,17.705131,17.047731,17.577468,153480
1365514200,17.583857,17.730655,17.290261,17.577468,111265
1365600600,17.634917,17.909366,17.435846,17.826387,93306
1365687000,17.826387,17.915755,17.6413,17.807239,43018
1365773400,17.724273,18.081694,17.628535,18.00511,65467
1366032600,17.82001,17.92596,17.239194,17.430676,153122
1366119000,17.622152,17.622152,16.945604,17.251966,67800
1366205400,17.066879,17.325365,16.479687,16.652008,46513
1366291800,16.715834,16.715834,16.058433,16.230755,40727
1366378200,16.281815,16.50521,16.179708,16.332882,49060
1366637400,16.40309,16.517975,15.790374,16.205232,47991
1366723800,16.415855,17.213671,16.237144,17.149845,120466
1366810200,17.181758,17.188134,16.862632,16.939216,28522
1366896600,16.964752,17.366858,16.964752,17.137087,41863
1366983000,17.156228,17.277502,16.604139,16.920068,70645
1367242200,16.971135,17.647676,16.971135,17.603005,23169
1367328600,17.679595,17.82001,17.564709,17.74342,49219
1367415000,17.583857,18.100842,17.513649,17.845547,121471
1367501400,17.934902,18.190197,17.775339,17.947661,46638
1367587800,18.190197,18.560383,18.190197,18.368908,54468
1367847000,18.834826,20.392168,18.834826,20.162397,179565
1367933400,20.258141,21.234661,19.864965,21.055957,263144
1368019800,21.107017,21.177212,20.736888,20.998502,200694
1368106200,21.017649,21.26658,20.711294,20.941065,55165
1368192600,20.934683,20.934683,20.328349,20.743207,151851
1368451800,20.724059,20.730442,20.465567,20.704912,50658
1368538200,20.807039,21.132541,20.685764,21.094246,45029
1368624600,20.934683,21.272957,20.743207,20.947454,62155
1368711000,20.909146,21.083332,20.487912,20.755972,58963
1368797400,20.845327,21.285728,20.743207,21.234661,43248
1369056600,21.087857,21.368694,20.424081,20.621939,113021
1369143000,20.692147,21.177212,20.564496,21.164454,47047
1369229400,21.164454,21.987799,21.164454,21.74527,83895
1369315800,21.400607,22.128215,21.400607,22.102685,69862
1369402200,21.847384,22.313315,21.713351,22.306926,52819
1369747800,22.543086,22.79838,22.294154,22.600522,126943
1369834200,22.568609,22.862212,22.172899,22.460106,166109
1369920600,22.606904,23.053681,22.185651,23.015386,222940
1370007000,22.785615,23.251533,22.606904,22.906883,66653
1370266200,22.938796,24.01106,22.913259,23.781283,178966
1370352600,23.76853,24.796117,23.525988,24.668454,177897
1370439000,24.706762,25.128002,24.049349,24.355716,148725
1370525400,24.432307,24.732285,23.615343,24.138717,111177
1370611800,24.330186,24.547198,24.183388,24.368475,106139
1370871000,24.445072,25.293948,24.234448,25.22374,207676
1370957400,24.847164,25.581161,24.754624,25.338625,194381
1371043800,25.542866,25.689664,24.993969,25.389685,338992
1371130200,25.472658,25.530101,25.345014,25.479041,198329
1371216600,25.447128,25.447128,24.879083,24.974821,143461
1371475800,25.255659,26.130058,25.255659,25.625832,163601
1371562200,25.613074,26.366212,25.613074,26.200266,199088
1371648600,26.264085,26.359829,25.779019,25.951348,121557
1371735000,25.689664,25.689664,24.59187,24.847164,151906
1371821400,24.974821,25.66414,24.457843,24.566346,290781
1372080600,24.406783,24.674843,24.004677,24.208912,141182
1372167000,24.508891,25.128002,24.228072,24.776969,107965
1372253400,25.089707,25.491806,24.695267,25.35139,86911
1372339800,25.670516,25.877949,25.370538,25.823703,114700
1372426200,25.734348,26.32154,25.613074,26.085381,303957
1372685400,26.334293,26.347007,25.466269,25.587544,287683
1372771800,25.562014,26.104522,24.841433,25.90667,208055
1372858200,25.900287,25.989643,25.485417,25.919435,51761
1373031000,26.327917,27.036377,26.197719,26.978934,90216
1373290200,27.176792,27.387416,26.474715,26.749163,204085
1373376600,26.934256,27.14488,26.289621,26.500245,162286
1373463000,26.551311,26.927874,26.047085,26.513003,234694
1373549400,26.806606,27.061901,26.239193,26.978934,101196
1373635800,26.908726,27.138497,26.806606,27.081048,49695
1373895000,27.157645,27.406563,27.132108,27.323591,86645
1373981400,27.285295,27.285295,26.39238,26.48748,145466
1374067800,26.710874,26.710874,26.340682,26.468332,100954
1374154200,26.48748,26.640022,26.372601,26.449185,66855
1374240600,26.410889,26.410889,25.779019,26.264085,99168
1374499800,26.110911,26.806606,26.021555,26.736398,77946
1374586200,26.940645,26.940645,26.504968,26.583211,54144
1374672600,26.627895,26.868836,26.251326,26.308769,90525
1374759000,26.372601,26.825754,26.296004,26.80023,85876
1374845400,26.576835,26.576835,25.619456,25.970495,75760
1375104600,26.027938,26.417272,25.555625,26.296004,112506
1375191000,26.48748,26.56407,25.944959,26.474715,67663
1375277400,24.872701,25.434369,23.296217,25.217351,736550
1375363800,25.415222,25.836462,24.732285,24.993969,180020
1375450200,24.840788,25.159914,24.585487,24.681225,133763
1375709400,24.572722,25.593933,24.572722,25.523725,104611
1375795800,25.453511,25.593933,25.210975,25.530101,178960
1375882200,25.504577,25.530101,24.891848,25.485417,156033
1375968600,25.587544,26.359829,25.281182,26.053474,138016
1376055000,25.913059,26.236008,25.542866,26.059851,83996
1376314200,25.868375,26.481104,25.772637,26.283233,114087
1376400600,26.232185,26.468332,26.094948,26.340682,94702
1376487000,26.315152,26.761922,26.315152,26.66619,80521
1376573400,26.48748,27.087437,26.48748,26.857666,154928
1376659800,26.742774,27.247,26.627895,26.978934,153275
1376919000,27.030001,27.310819,26.781082,27.087437,127176
1377005400,27.042759,27.285295,26.915109,27.227853,85174
1377091800,27.042759,28.063963,27.042759,27.578898,188031
1377178200,27.489543,29.206429,27.489543,28.855403,202251
1377264600,28.880927,28.98943,28.287416,28.861779,136093
1377523800,28.9639,29.519179,28.801145,29.359616,104850
1377610200,29.027725,29.11708,28.900074,29.04049,169775
1377696600,29.002195,29.35324,29.002195,29.263885,148085
1377783000,29.244737,29.819158,29.190479,29.806393,99079
1377869400,29.704266,29.914896,29.506414,29.69789,158352
1378215000,29.985104,30.488053,29.64683,29.876601,143267
1378301400,29.895748,31.24885,29.895748,30.502082,149894
1378387800,30.610597,30.789308,30.189344,30.2787,109827
1378474200,30.476558,30.553148,29.627682,29.806393,45038
1378733400,30.004245,30.412726,29.82554,30.316995,63986
1378819800,30.374438,30.591437,29.879154,30.214874,119980
1378906200,30.0936,30.770161,30.029781,30.680805,93640
1378992600,30.763772,30.795684,30.0617,30.425498,70232
1379079000,30.444645,30.725476,30.265935,30.629745,87038
1379338200,30.916952,31.197783,30.712711,30.968012,103619
1379424600,30.891416,31.273601,30.725476,31.255226,65695
1379511000,31.204166,31.548816,30.674416,31.459461,86461
1379597400,31.548816,31.893479,31.338205,31.842418,94119
1379683800,31.702003,32.399038,31.384472,31.765828,215168
1379943000,31.663708,31.912626,31.204811,31.753063,132346
1380029400,31.810506,32.097713,30.955247,31.823271,123112
1380115800,31.950921,32.563644,31.839221,32.448758,129017
1380202200,32.582791,32.61471,31.867942,32.448758,86566
1380288600,31.963686,32.206229,31.529668,31.784976,210735
1380547800,31.504145,31.899861,31.299897,31.727539,116797
1380634200,31.740298,31.950921,31.153106,31.708379,165363
1380720600,31.478621,32.021129,31.414789,31.5935,199886
1380807000,31.580735,31.829653,30.387203,30.980771,143369
1380893400,30.904187,32.180692,30.591437,32.110484,82891
1381152600,31.912626,32.384939,31.797747,31.931774,97750
1381239000,34.284974,34.284974,32.865075,33.08843,172440
1381325400,33.295839,33.710625,32.849113,33.662771,178422
1381411800,33.90208,34.205204,32.962713,34.149366,131694
1381498200,33.965896,34.699776,33.924415,34.604052,86537
1381757400,34.332828,35.433656,34.053642,35.282094,122326
1381843800,35.090655,35.106593,34.460467,34.619998,72898
1381930200,34.955047,35.441625,34.332828,35.090655,52863
1382016600,35.010877,35.517406,34.811453,35.138509,82728
1382103000,35.242201,35.465572,34.763592,35.369841,89017
1382362200,35.521403,35.625103,35.042777,35.066724,38782
1382448600,35.306017,35.537357,34.8992,35.098624,55049
1382535000,34.827407,35.912274,34.827407,35.736781,72021
1382621400,36.422799,36.933325,35.756723,36.837593,59012
1382707800,36.981187,37.140726,36.570373,36.877486,48227
1382967000,37.005117,37.910502,36.917371,37.842698,163375
1383053400,38.066053,38.799933,37.762929,38.209638,64810
1383139800,38.52074,39.684578,38.377155,39.111035,145144
1383226200,39.111035,39.645491,38.831841,39.134966,146100
1383312600,38.919588,39.446067,37.555528,37.555528,235876
1383575400,37.635297,38.760049,37.579459,38.329293,160114
1383661800,38.089984,38.544671,35.992044,36.558408,172580
1383748200,36.694016,38.050099,36.678062,38.002237,186924
1383834600,38.145823,38.265477,37.643274,37.850675,115288
1383921000,37.770906,39.214735,37.770906,39.055196,125808
1384180200,39.103058,39.477975,38.935542,39.222712,55962
1384266600,38.983404,39.430113,38.608486,39.358321,181264
1384353000,39.055196,39.80503,39.055196,39.677399,66950
1384439400,39.685376,39.876823,39.206758,39.302482,69354
1384525800,39.230689,39.485952,38.879703,39.063173,55210
1384785000,39.198781,39.406182,38.895657,39.055196,81146
1384871400,39.055196,39.477975,38.353224,38.480855,56218
1384957800,38.568602,38.568602,37.507666,37.754952,42738
1385044200,37.914491,38.88768,37.914491,38.480855,50299
1385130600,38.409062,38.895657,38.306957,38.78398,123948
1385389800,38.688256,39.246643,38.688256,39.158897,43287
1385476200,39.126989,39.8848,38.959473,39.533814,214070
1385562600,39.525837,40.865966,39.33439,40.842035,97948
1385735400,41.081344,41.977157,40.88192,41.711524,63645
1385994600,41.791293,41.990717,40.722381,41.161114,164846
1386081000,40.913828,41.566423,40.211855,40.411279,95133
1386167400,40.14804,41.193021,39.892777,40.993597,90010
1386253800,40.977644,41.296722,40.443187,40.682496,57637
1386340200,41.161114,42.014648,40.716398,41.663662,39798
1386599400,41.671639,42.08325,40.602726,41.95881,91944
1386685800,42.030602,43.314893,41.87904,42.166211,150138
1386772200,42.174188,42.517197,41.129206,41.424353,92239
1386858600,41.424353,42.469255,41.424353,42.134303,102280
1386945000,42.349681,42.740552,41.863086,42.261934,83566
1387204200,42.557082,42.565059,41.784114,41.902971,83946
1387290600,42.022625,42.022625,40.69845,41.520077,75451
1387377000,41.392445,42.95593,40.857989,42.269911,89932
1387463400,42.182164,42.182164,41.280768,41.448284,72190
1387549800,41.480192,42.652805,41.433128,41.831178,174113
1387809000,42.078464,42.764483,41.815224,41.863086,65166
1387895400,41.783316,41.87904,41.440307,41.703547,26401
1388068200,41.783316,42.269911,41.623777,41.894994,78257
1388154600,42.06251,42.06251,41.129206,41.384468,43693
1388413800,41.240883,41.472215,40.530934,40.714404,73947
1388500200,40.602726,40.929782,40.244561,40.682496,252586
1388673000,40.483072,40.51498,40.084224,40.307579,131835
1388759400,40.323533,41.185044,40.283648,40.921805,111478
1389018600,41.272791,41.272791,40.588767,41.009551,134623
1389105000,41.304699,42.442213,41.041459,42.42945,164170
1389191400,42.365635,47.486843,41.855109,46.992271,597473
1389277800,46.984294,47.462912,46.170644,47.399096,238916
1389364200,47.582566,47.86176,46.832732,47.59852,195731
1389623400,47.622451,48.651479,47.253916,47.901645,258741
1389709800,48.069161,49.848023,47.86176,49.465129,278285
1389796200,49.40929,51.874171,49.034373,51.29983,329076
1389882600,51.323761,51.993825,51.092429,51.499254,149149
1389969000,51.579023,52.807475,51.251968,51.579023,322683
1390314600,52.432558,52.982968,50.821212,51.044567,206395
1390401000,51.052544,51.371622,50.254848,50.358548,89516
1390487400,50.167101,50.294733,48.922775,49.273682,189456
1390573800,48.890788,48.890788,46.003926,47.359212,250027
1390833000,47.31135,47.879947,45.628211,46.178621,129974
1390919400,46.003128,48.148931,45.682455,47.837829,321482
1391005800,47.470889,47.829852,45.715958,45.923359,417137
1391092200,46.266368,47.789967,46.130839,47.426218,235758
1391178600,46.561516,48.659456,46.358103,48.320435,186784
1391437800,48.324424,48.627548,44.718918,46.162668,295160
1391524200,46.266368,46.987086,45.852364,46.401976,226419
1391610600,46.322207,46.322207,43.574144,43.817441,209020
1391697000,44.072704,46.226483,42.253957,42.437427,274352
1391783400,42.477312,44.343921,42.269911,43.410616,155364
1392042600,43.554202,43.554202,42.046556,43.067607,108384
1392129000,43.075584,43.657902,42.426259,43.091538,48915
1392215400,43.019745,43.805476,42.533151,43.235123,235154
1392301800,43.091538,46.888571,40.323533,46.545562,295448
1392388200,46.577469,47.582566,45.165548,47.407073,349500
1392733800,47.86176,49.130097,47.446958,49.050327,190191
1392820200,48.603617,49.010442,47.694244,48.300493,128330
1392906600,48.507894,49.792184,48.369095,49.425244,165970
1392993000,49.760276,50.95682,49.516979,50.653696,143671
1393252200,50.908959,51.714632,50.653696,50.781327,133470
1393338600,51.052544,51.802378,50.877051,51.379599,119098
1393425000,51.587,53.429678,51.379679,51.866194,106126
1393511400,51.826309,53.637079,51.515208,53.014876,112144
1393597800,53.086669,54.410844,52.888042,53.365862,246965
1393857000,53.046784,53.389793,51.698678,52.137411,167168
1393943400,52.935107,55.990282,52.42139,54.765819,246125
1394029800,54.801715,57.705648,54.364578,57.402204,457999
1394116200,57.322435,58.223751,54.817749,55.551549,187805
1394202600,55.719066,55.790858,53.988544,54.961254,170447
1394458200,55.352125,55.423918,52.935107,53.39777,147468
1394544600,53.318001,53.653033,50.653696,51.11636,126024
1394631000,50.637742,51.754516,49.967677,51.11636,178476
1394717400,51.204106,51.251968,49.59276,50.254848,129672
1394803800,49.93577,50.789304,49.93577,50.342595,72202
1395063000,50.781327,51.4833,50.191032,50.972774,108733
1395149400,51.243991,54.123674,50.51019,53.310024,186037
1395235800,53.405747,54.10772,51.618908,53.493494,144126
1395322200,53.262162,56.157798,52.560189,54.466683,293875
1395408600,54.961254,55.774904,53.445632,53.541356,174312
1395667800,53.76471,53.76471,50.287075,51.842263,172060
1395754200,52.11348,53.772687,52.057641,52.608051,154053
1395840600,53.222277,53.230174,51.539139,51.555092,186057
1395927000,51.435438,51.782436,49.058304,49.385359,158186
1396013400,49.377382,51.092429,48.227663,48.771133,125458
1396272600,49.010442,51.156244,48.890788,50.581903,203607
1396359000,50.837166,51.243991,49.728369,50.66965,159662
1396445400,50.725489,51.180175,50.135194,50.940867,144049
1396531800,51.148268,51.148268,49.419261,49.999585,112870
1396618200,50.494157,50.494157,47.067494,47.255511,201694
1396877400,47.040133,47.170955,45.245317,45.349018,251149
1396963800,45.261271,45.819658,42.573833,44.176404,306608
1397050200,44.232243,45.676073,44.128543,45.60428,117376
1397136600,45.484626,45.484626,43.945073,44.774676,321124
1397223000,43.913165,45.309133,43.913165,44.718838,195946
1397482200,45.149594,45.269248,44.272926,44.655022,245219
1397568600,44.758723,45.021962,42.652805,43.917153,189834
1397655000,44.391782,45.564396,43.450501,45.476649,109422
1397741400,45.396879,46.266368,44.31999,46.114806,83895
1398087000,46.106829,47.49482,45.077801,46.76094,78740
1398173400,46.840709,48.996084,46.298276,47.933553,101679
1398259800,47.78199,49.22941,47.477271,47.86176,191886
1398346200,48.300493,48.300493,45.883474,47.064064,75660
1398432600,46.737009,47.319327,45.508557,45.883474,100311
1398691800,46.003128,46.848686,44.037526,45.013985,113066
1398778200,45.301156,46.090875,44.910285,45.676073,130266
1398864600,45.572372,45.835612,44.192358,45.564396,148075
1398951000,45.349018,46.362092,44.623114,45.157571,134325
1399037400,45.181501,46.23446,44.639068,45.325087,196335
1399296600,45.037916,47.032156,44.670976,46.705101,92605
1399383000,46.6014,47.383142,44.471552,44.726815,160281
1399469400,46.94441,49.138074,44.798607,47.223603,302530
1399555800,46.94441,47.560231,40.945736,43.913165,409964
1399642200,43.546225,45.037916,43.05963,43.633971,322581
1399901400,43.897211,44.7667,43.195238,44.583229,194981
1399987800,44.463575,44.750746,43.697787,44.064727,267153
1400074200,44.088658,44.461182,43.252673,43.522294,209716
1400160600,43.147377,43.418593,41.220941,42.006671,191131
1400247000,42.06251,42.202107,40.61868,41.855109,124012
1400506200,41.480192,42.501243,41.480192,42.110372,104340
1400592600,42.158234,42.461358,41.38048,41.950833,198190
1400679000,42.006671,42.006671,40.929782,41.575916,134565
1400765400,41.910948,42.453381,41.193021,42.24598,117139
1400851800,42.277888,43.969004,42.277888,43.849349,86032
1401197400,44.31999,44.718838,43.897211,44.296059,81008
1401283800,44.05675,44.517021,42.680724,44.024842,114966
1401370200,44.080681,44.080681,43.251077,43.929119,86830
1401456600,44.072704,44.072704,43.370732,43.761603,86249
1401715800,43.945073,43.945073,42.261934,43.474432,120406
1401802200,42.97986,43.697787,41.591869,43.267031,175487
1401888600,43.075584,44.032819,42.50922,43.785533,198531
1401975000,44.104612,45.68405,43.641948,45.141617,181709
1402061400,45.564396,47.853783,44.876782,47.558636,174731
1402320600,47.829852,50.031493,46.770512,49.449175,191738
1402407000,49.050327,49.728369,46.800824,47.438981,143261
1402493400,47.183718,47.183718,44.670976,45.277225,227671
1402579800,45.245317,45.333064,43.115469,44.048773,167687
1402666200,44.176404,44.584825,43.418593,43.961027,131333
1402925400,44.104612,45.652142,43.95305,45.364972,177729
1403011800,45.13364,46.026979,44.958147,45.372948,100302
1403098200,45.428787,45.86752,44.551322,45.78775,107016
1403184600,46.003128,46.003128,45.135554,45.588326,75843
1403271000,45.692027,45.78775,45.036321,45.60428,159382
1403530200,45.556419,47.989391,45.006008,47.917599,203063
1403616600,47.558636,48.388239,47.056087,47.215626,260962
1403703000,46.848686,47.040133,45.356995,46.178621,179068
1403789400,46.393999,47.925576,45.94729,47.853783,222263
1403875800,47.431004,48.388239,47.263488,47.407073,239266
1404135000,47.75806,47.75806,44.459587,45.029939,534392
1404221400,45.261271,46.888571,44.741173,46.657239,171824
1404307800,46.386022,47.000248,46.210529,46.752963,218355
1404394200,47.064064,47.646382,46.557527,47.215626,98621
1404739800,47.191695,47.191695,45.76382,46.027059,158876
1404826200,45.771796,45.771796,43.641948,43.913165,172984
1404912600,43.929119,44.504258,43.091538,43.346801,147369
1404999000,42.469335,43.115469,41.855109,42.788413,174293
1405085400,42.732575,42.828298,41.942856,42.652805,191485
1405344600,43.314893,44.702884,43.014959,44.256174,111329
1405431000,44.224266,44.447621,43.275008,43.905188,136357
1405517400,44.112589,44.463575,42.900091,43.091538,96942
1405603800,42.724598,42.87616,40.730358,40.865966,100122
1405690200,40.770243,42.190141,40.690473,42.006671,97435
1405949400,41.759386,43.474432,41.759386,43.187261,117588
1406035800,43.538248,44.798607,43.538248,44.694907,145757
1406122200,44.670976,44.774676,43.235123,43.346801,78044
1406208600,42.581012,43.314893,42.118349,42.588989,171728
1406295000,42.222049,42.269911,40.77822,40.98562,140690
1406554200,40.897874,41.368515,40.69845,40.810127,133815
1406640600,40.857989,41.408399,40.706427,41.041459,141444
1406727000,45.013985,49.002465,43.777556,47.12788,941774
1406813400,46.617354,47.080018,45.575563,46.266368,277800
1406899800,46.202552,48.220723,45.803704,47.662336,225539
1407159000,47.742106,47.742106,46.210529,47.159788,169267
1407245400,46.649262,46.928456,45.963244,46.258391,344840
1407331800,45.795727,47.981414,45.628211,46.146714,323166
1407418200,46.4977,47.549063,45.891451,46.433884,203242
1407504600,46.449838,47.86176,45.92655,47.829852,158598
1407763800,48.316447,51.411507,47.916003,49.808138,218175
1407850200,49.67253,50.254848,48.659456,49.465129,206966
1407936600,49.784207,51.515208,49.449175,50.948844,364423
1408023000,51.108383,51.594977,49.704438,49.895885,278816
1408109400,50.382479,50.430341,49.071306,49.337498,112387
1408368600,50.023516,50.023516,48.898765,49.664553,222779
1408455000,49.528945,50.110465,49.257728,49.919816,138157
1408541400,49.600737,50.262825,47.925576,48.356332,113447
1408627800,48.420147,48.954604,47.550738,48.77911,89880
1408714200,48.715295,50.071378,48.428124,49.640622,124974
1408973400,50.230917,50.645719,49.466724,49.927793,82367
1409059800,49.784207,51.85024,49.784207,51.275899,194282
1409146200,51.587,51.626885,50.542019,50.74942,111010
1409232600,50.581903,50.809247,49.983631,50.214963,108911
1409319000,50.310687,50.510111,49.552876,50.047447,106724
1409664600,50.74942,52.807475,50.557972,51.251968,302892
1409751000,55.73,55.73,53.08,53.24,285449
1409837400,53.62,54.36,52.9292,54.03,174199
1409923800,54.25,54.89,53.55,53.91,134286
1410183000,54.07,55.66,53.41,55.07,185759
1410269400,55.09,55.94,53.66,53.87,148868
1410355800,53.81,54.925,53.5,54.2,255598
1410442200,53.98,55.66,53.98,54.89,150284
1410528600,55.05,55.14,54.32,54.87,150579
1410787800,54.65,55.14,53.85,54.24,93080
1410874200,53.87,54.675,53.5,54.48,88027
1410960600,54.61,55.9999,54,55.34,92752
1411047000,55.82,57.28,55.06,56.75,119233
1411133400,57.34,57.7454,56.48,56.65,202692
1411392600,56.44,56.44,53.03,53.14,175649
1411479000,52.8,53.1,50.59,51.34,186889
1411565400,51.25,51.7,50.25,50.38,165226
1411651800,50.08,50.08,48.2,49.75,172391
1411738200,50.15,51.12,48.956,50.95,143374
1411997400,50.32,50.68,49.01,49.34,116356
1412083800,49.41,49.41,47.43,47.68,370392
1412170200,47.5,47.61,44.4,46.15,362303
1412256600,46.33,46.88,44.6432,45.73,168679
1412343000,46.29,46.43,45.14,45.3,125204
1412602200,45.37,46.21,44.02,44.03,108102
1412688600,43.85,43.9,42.62,42.7,100780
1412775000,42.49,44.18,41.31,44.12,156645
1412861400,44.26,44.59,42.71,43.95,270633
1412947800,43.72,44.9175,42.64,42.69,206111
1413207000,42.68,43.9,42.13,42.8,174589
1413293400,43.33,45.218,43.1,44.7,202918
1413379800,44.13,46,43.5,45.76,189232
1413466200,44.93,47.37,44.47,46.76,142627
1413552600,47.53,47.849,44.95,45.18,111260
1413811800,44.78,45,43.44,44.51,115006
1413898200,44.72,45.15,43.71,44.8,127273
1413984600,45.13,45.25,44.22,44.31,119249
1414071000,44.95,45.55,44.45,45.1,134103
1414157400,45.1,45.86,44.846,45.68,134056
1414416600,45.49,47.12,45.3,47.02,143308
1414503000,47.5,49.2,47.5,49.17,135557
1414589400,49.41,50.48,48.39,50.28,187390
1414675800,50.13,52.26,49.0801,52.175,193459
1414762200,52.33,53.242,51.01,51.81,240521
1415025000,51.16,51.16,48.1,49.31,224893
1415111400,48.73,53.4,48.52,50.48,291906
1415197800,50.76,53.29,50.71,52.48,265419
1415284200,52.67,53.989,51.648,53.95,179586
1415370600,53.97,53.97,52.14,52.92,121104
1415629800,52.5,53.84,52.058,53.76,139595
1415716200,53.68,54.32,52.95,53.2,122529
1415802600,52.85,52.9615,51.51,51.68,180075
1415889000,51.64,52.29,50.75,50.88,109927
1415975400,50.62,51.55,50.42,50.72,93541
1416234600,50.76,50.85,48.59,48.7,133005
1416321000,48.92,49.91,48.92,49.39,125440
1416407400,49.16,49.16,47.34,47.84,159055
1416493800,47.39,47.67,46.73,47.62,222273
1416580200,48.46,49.9,48.32,49.22,354220
1416839400,49.21,50.1,49.02,49.89,137945
1416925800,49.88,50.195,49.109,49.98,154151
1417012200,50,51.03,49.71,50,174093
1417185000,49.98,50.23,48.8712,49.02,60962
1417444200,47.92,48,45.2,46.79,254286
1417530600,47.04,47.93,46.61,46.77,191326
1417617000,46.94,47.14,45,46.28,253654
1417703400,46.31,47.49,46.27,47.18,273524
1417789800,46.87,47.65,46.115,46.75,200047
1418049000,46.4,47,45.735,45.75,195154
1418135400,45.17,47.0499,44.86,46.91,145894
1418221800,46.58,47.95,45.48,45.48,157892
1418308200,45.77,47.59,45.3,46.89,101202
1418394600,46.44,47.23,46.09,46.52,165755
1418653800,46.64,46.97,45.22,45.27,155107
1418740200,45.3,46.18,44.8,45.02,133382
1418826600,45.19,47.09,44.3501,46.89,131792
1418913000,47.65,48.81,46.93,48.58,112742
1418999400,48.48,49.03,47.67,48.6,168176
1419258600,48.82,50.97,48.158,50.66,153679
1419345000,50.69,52.02,49.25,51.06,140972
1419431400,51.54,52.59,51.1,52.37,84242
1419604200,52.44,54,52.345,53.84,113496
1419863400,54.15,54.64,53.43,54.02,154170
1419949800,54.16,55.41,53.75,54.92,144774
1420036200,55.35,56.64,55.04,55.31,310321
1420209000,55.31,56.11,54.09,55.27,167117
1420468200,55,56.06,54.4,54.77,155499
1420554600,54.87,55.35,53.65,54.81,169801
1420641000,55.21,55.21,53.54,53.94,79225
1420727400,54.51,56.37,54.51,56.18,131566
1420813800,56.04,56.19,54.26,54.34,92566
1421073000,54.48,54.7,52.15,52.7,140702
1421159400,53.18,54.7,51.19,51.83,176537
1421245800,51.21,52.4,51.02,51.46,184288
1421332200,51.83,52.69,50.57,51,178641
1421418600,50.84,52.79,50.535,52.47,104034
1421764200,52.27,53.85,52,53.52,99593
1421850600,53.46,54.915,52.35,52.89,84427
1421937000,53.39,55.18,52.71,54.81,81809
1422023400,54.78,55.36,54.15,55.06,80254
1422282600,55.15,55.95,54.2,54.95,78987
1422369000,54.08,54.98,52.945,54.5,87060
1422455400,54.94,55.12,53.74,55.01,154107
1422541800,54.99,57.3,54.59,56.95,100168
1422628200,56.42,56.96,54.53,55.69,208218
1422887400,55.97,55.97,53.1,53.92,115903
1422973800,54.3,55.18,53.81,55,131480
1423060200,54.63,55.4,54.46,54.95,127343
1423146600,55.27,55.27,54.28,54.66,87152
1423233000,54.76,54.82,54.06,54.37,109515
1423492200,53.98,54.75,53.36,53.5,96984
1423578600,53.93,54.74,52.83,54.2,124662
1423665000,54.24,54.4,52.1,53.3,86951
1423751400,53.49,54.67,52.985,54.55,161983
1423837800,54.54,57.42,54.33,57.27,131380
1424183400,57.67,57.8,56.23,56.9,147005
1424269800,56.93,57.93,56.64,57.43,67400
1424356200,61.35,71.305,61.248,68.63,918072
1424442600,68.66,70.08,66.4201,66.89,491954
1424701800,66.42,66.72,64.57,66.25,351203
1424788200,65.81,67.86,65.72,67.17,173093
1424874600,67.34,67.39,66.186,66.83,117841
1424961000,66.77,68.45,66.77,68.05,190746
1425047400,67.77,70,67.68,69.56,290828
1425306600,69.86,72.5,69.1,70.99,289072
1425393000,70.78,71.4975,69.105,69.82,232487
1425479400,69.66,72.6,69.345,70.92,353804
1425565800,71.05,72.15,70.44,71.36,185431
1425652200,70.98,71.356,68.8,69.15,223112
1425907800,69.3,72.25,69.07,71.6,237777
1425994200,71.03,71.58,69.605,69.78,122069
1426080600,70.13,72.46,69.6,72.24,113955
1426167000,73,75.17,72.31,75.05,241967
1426253400,75.29,75.6,70.27,71.42,286835
1426512600,71.39,73.19,71.09,71.41,221872
1426599000,71.52,74.68,71.46,73.44,253229
1426685400,73.07,74.7,72.73,73.98,297524
1426771800,73.87,74.26,72.75,73.85,170569
1426858200,74.14,74.65,73.1353,73.25,295330
1427117400,71.53,71.53,68.51,69.87,318494
1427203800,69.86,71.2,69.65,70.93,144026
1427290200,71.25,71.89,69.37,69.57,148084
1427376600,69.52,70.82,68.58,70.64,240258
1427463000,71.02,72.35,70.181,72.07,157918
1427722200,72.13,74.07,71.7,72.78,154348
1427808600,72.58,74.62,72.58,73.7,305107
1427895000,73.59,74.16,71.77,72.79,213012
1427981400,73.06,73.82,72.17,73.07,148105
1428327000,73.19,75.69,72.9,74.91,138432
1428413400,75,75.9999,73.15,73.34,136679
1428499800,73.18,75.5,73.02,75.4,157434
1428586200,75.15,75.74,74.19,74.43,101471
1428672600,74.93,77.35,74.566,76.6,105087
1428931800,76.96,77.11,75.57,75.66,73654
1429018200,75.66,76.66,74.6,74.69,145822
1429104600,75.29,77.1,74.199,76.14,110239
1429191000,75.76,76.94,75.25,76.14,80478
1429277400,75.34,75.5895,72.79,73.13,105230
1429536600,73.81,74.6,73.2339,73.97,125509
1429623000,74.5,74.94,73.67,74.75,100018
1429709400,74.82,76.2,74.26,76.14,70999
1429795800,76.15,76.815,75.55,75.96,96992
1429882200,76.33,76.33,73.55,74.24,113165
1430141400,74.25,74.95,72.06,73.47,120409
1430227800,73.16,74.75,72.05,72.91,117332
1430314200,72.53,73.31,70.63,70.66,107857
1430400600,70.21,70.47,67.04,67.31,213331
1430487000,67.8,68.17,66.5,67.83,139884
1430746200,68.19,70.27,67.9805,69.5,167230
1430832600,68.98,69.495,67.15,68.17,117171
1430919000,67.78,69.01,67.78,68.38,120354
1431005400,68.38,70.29,68.38,69.47,132224
1431091800,70.47,70.47,68.9101,69.58,128748
1431351000,69.5,72.142,69.02,71.87,185093
1431437400,61.29,70.93,61,70.66,572128
1431523800,70.4,70.46,68.01,68.73,267579
1431610200,69.12,71.99,68.35,71.35,201718
1431696600,71.41,71.62,69.98,70.6,111079
1431955800,70.55,71.995,70.51,71.36,142691
1432042200,71.8,73.14,70.77,72.03,128521
1432128600,72.05,73.22,71.185,71.35,85345
1432215000,71.05,72.84,70.818,72.56,98880
1432301400,72.34,73.6099,71.162,72.54,105945
1432647000,72.33,72.33,69.87,71.66,98081
1432733400,71.91,73.49,71.33,73.31,91753
1432819800,72.83,72.86,70.51,71.03,182099
1432906200,71,71.07,69.41,69.89,166403
1433165400,70.23,71.15,68.8,69.92,120815
1433251800,69.43,73.07,69.072,71.33,128640
1433338200,71.37,72.6,71.015,72.15,90490
1433424600,71.41,72.07,68.45,68.72,138270
1433511000,68.32,70.7,67.96,70,118622
1433770200,69.76,71.23,69.53,70.47,217151
1433856600,70.26,70.97,69.295,70.3,166292
1433943000,70.5,72.61,69.94,72.17,131178
1434029400,72.45,72.54,70.93,71.37,101698
1434115800,71.4,71.71,70.3,71.3,76578
1434375000,70.81,71.4,69.26,69.77,158983
1434461400,69.54,71.09,69.54,71,105048
1434547800,71.16,71.58,70.25,70.73,97915
1434634200,71.16,72.56,71.16,72.32,146712
1434720600,72.1,72.74,71.15,71.36,419426
1434979800,71.78,72.74,70.51,71.51,111142
1435066200,71.64,72.67,71.1,72.57,99888
1435152600,71.97,72.43,71.35,71.94,82990
1435239000,72.36,72.85,71.68,72.45,76970
1435325400,72.38,72.38,70.75,71.95,213321
1435584600,71.47,71.9,69.18,69.23,120504
1435671000,69.69,71.03,69.0501,70.89,127402
1435757400,71.57,72.14,70.2401,71.36,160796
1435843800,71.35,73.31,69.265,69.63,133201
1436189400,69.05,70.525,68.11,69.63,139811
1436275800,69.88,69.9,68.33,69.74,129620
1436362200,68.86,69.96,67.655,68.2,114872
1436448600,69.19,69.454,68.37,68.66,98589
1436535000,69.33,69.42,68.16,68.7,76796
1436794200,69.18,69.94,68.67,69.54,64326
1436880600,69.51,71.29,69.09,71,71413
1436967000,71.2,71.663,69.67,69.75,123358
1437053400,70.13,71.08,69.34,69.44,104936
1437139800,69.24,70.185,68.8,69.77,153722
1437399000,70.14,70.5,69.08,69.46,103218
1437485400,69.23,69.66,67.22,67.7,149039
1437571800,67.45,67.91,66.73,67.21,97521
1437658200,67.38,68.71,66.4,66.54,123924
1437744600,66.29,67.21,64.6,64.89,153080
1438003800,63.9,63.9,62.25,63.07,131114
1438090200,63.13,63.13,60.34,61.31,356864
1438176600,61.27,62.07,60.99,61.59,168319
1438263000,61.35,61.77,60.75,61.43,115217
1438349400,61.36,62.994,61.01,62,119763
1438608600,62.18,62.69,60.93,61.99,110597
1438695000,61.76,61.8,59.51,59.98,203583
1438781400,59.91,59.91,50.605,52.57,1149921
1438867800,52.43,54.28,52.25,52.97,599582
1438954200,52.8,53.07,52.08,52.66,252456
1439213400,53.19,55.93,53.16,55.78,259483
1439299800,55.2,56.25,54.69,55.48,223950
1439386200,55.12,57.53,54.104,56.1,381325
1439472600,55.94,59.585,55.894,59.3,332088
1439559000,59.13,60.7,57.728,60.31,239471
1439818200,60,60.11,57.19,58.73,236164
1439904600,58.81,58.81,56.62,57.38,148682
1439991000,56.76,56.94,55.01,55.78,181254
1440077400,55.2,55.45,53.26,53.94,225910
1440163800,52.87,54.01,52.1,52.77,186662
1440423000,50.14,53.12,49.61,51.12,226411
1440509400,53.37,53.37,50.24,50.27,226028
1440595800,51.5,51.5,49.04,50.41,221037
1440682200,51.4,53.7,50.25,53.6,218198
1440768600,53.25,53.5,52.4,52.84,151858
1441027800,52.82,52.82,51.451,51.66,123527
1441114200,50.73,50.985,49.14,49.26,117079
1441200600,49.76,50.54,49.03,50.54,141495
1441287000,50.89,51.58,50.21,50.34,221775
1441373400,49.64,50.47,48.97,49.31,191860
1441719000,49.61,50.66,48.94,50.49,153811
1441805400,51.1,51.67,50.09,50.45,207599
1441891800,50.31,51.65,49.762,50.68,86161
1441978200,50.26,50.99,49.64,50.13,118456
1442237400,50.17,51.19,49.31,49.39,88822
1442323800,49.4,50.24,48.965,50.09,118798
1442410200,50.15,50.59,49.338,50.5,68397
1442496600,50.36,51.66,50.158,50.59,82619
1442583000,49.7,50.82,47.68,48.67,263433
1442842200,48.98,50.1,47.72,47.91,149509
1442928600,47.12,47.66,45.87,46.06,235586
1443015000,46.24,46.25,43.5,43.96,256831
1443101400,43.5,43.63,41.941,42.95,261491
1443187800,43.55,43.944,42.145,42.5,180189
1443447000,42.75,42.85,41.96,42,258888
1443533400,41.68,42.1,40.7,40.83,200665
1443619800,41.23,42.12,40.31,40.43,329864
1443706200,40.43,40.85,38.94,38.99,403692
1443792600,38.72,39.2764,38.42,38.8,386831
1444051800,39.4,40.439,39.09,39.8,660638
1444138200,35.6,37.555,34.72,36.83,677426
1444224600,36.98,39.48,36.87,38.92,582916
1444311000,38.61,39.74,37.6,39.51,398001
1444397400,39.66,40.6,39.59,40.06,164861
1444656600,40.25,41.325,39.69,39.84,155426
1444743000,39.47,39.86,38.55,38.62,110407
1444829400,38.44,38.96,37.7,37.84,293502
1444915800,38.23,38.325,37.5,37.9,257786
1445002200,38.06,38.06,36.58,36.67,166663
1445261400,36.5,36.92,35.91,36.6,204229
1445347800,36.71,36.901,35.92,36.7,108494
1445434200,37.01,37.25,36.2,36.33,100810
1445520600,36.5,38.44,36.232,37.95,167237
1445607000,38.27,39.49,37.82,39.15,170492
1445866200,39.25,39.48,37.06,37.19,245088
1445952600,37.15,37.58,36.176,36.79,201761
1446039000,36.97,38.52,36.78,38.46,215548
1446125400,38.23,38.29,37.655,38.1,200912
1446211800,38.03,38.03,36.2,37.81,242909
1446474600,37.82,39.5,37.79,39.27,150485
1446561000,39.07,40.06,38.8,39.63,157139
1446647400,39.8,40.17,39.005,40.15,136685
1446733800,40.26,41.14,39.415,41.07,180724
1446820200,40.85,42.5,40.3,42.26,256977
1447079400,42.15,42.18,39.6965,40.69,306252
1447165800,48,48,42.21,42.48,471802
1447252200,42.44,42.753,37.9301,38.26,464820
1447338600,37.77,37.98,35.97,36.56,209374
1447425000,36.32,39.5,36.15,36.52,191269
1447684200,36.33,36.55,35.68,36.26,264164
1447770600,36.37,36.67,35.16,35.32,242662
1447857000,35.31,35.72,35,35.58,208475
1447943400,35.75,36.32,35.13,35.81,174925
1448029800,36,36.61,35.32,36.43,222728
1448289000,36.25,36.885,35.37,36.55,191482
1448375400,36.25,37.82,35.29,37.49,202544
1448461800,37.4,38.46,37.1,38.14,138069
1448634600,38.29,38.48,37.68,37.77,41840
1448893800,37.82,38.85,37.72,38.69,142168
1448980200,38.6,39.13,38.34,38.61,110031
1449066600,38.52,38.98,37.785,37.91,118546
1449153000,38.09,38.3688,36.63,36.66,183300
1449239400,36.65,37.2399,36.5,37.14,89400
1449498600,37.07,37.11,35.41,35.85,136283
1449585000,35.63,36.42,35.29,36.04,128437
1449671400,35.84,36.57,34.68,35.32,214555
1449757800,35.24,36.26,35.01,35.84,112770
1449844200,35.11,35.97,34.92,35.92,262605
1450103400,35.89,37.5,35.43,37.31,350862
1450189800,37.52,39.72,37.21,39.44,459239
1450276200,39.69,39.75,37.98,39.2,307483
1450362600,39.42,40.74,39.3649,39.82,352257
1450449000,39.51,40.17,38.44,39.68,597289
1450708200,40,40.28,39.46,40.16,215680
1450794600,40.26,41.37,39.61,41.35,189758
1450881000,41.54,41.65,40.48,40.58,158628
1450967400,40.7,40.94,39.28,40.23,73648
1451313000,40.13,40.13,38.29,38.79,158260
1451399400,39.08,40.5,38.9201,40.42,120174
1451485800,40.31,41.03,40.12,40.84,154876
1451572200,40.61,41.66,40.2,40.71,169764
1451917800,39.92,40.05,38.49,38.79,220675
1452004200,38.8,40.07,38.66,39.73,216930
1452090600,39.15,39.44,38.56,39.22,200520
1452177000,38.33,38.6716,37.2,37.23,274287
1452263400,37.25,37.61,35.96,36.36,239557
1452522600,36.66,36.765,35.34,35.53,174625
1452609000,35.93,36.34,34.28,35.45,219092
1452695400,35.57,36.67,34.18,34.64,232973
1452781800,34.99,36.55,34.295,36,151967
1452868200,34.89,34.89,32.7401,33.78,146026
1453213800,34.23,34.23,31.7,32.23,114325
1453300200,31.59,33.6,30.54,33.18,150637
1453386600,33.18,34.48,32.95,33.58,91835
1453473000,34.18,34.96,33.375,34.28,147789
1453732200,34.07,34.93,33.88,33.97,95315
1453818600,34.25,34.3,33.59,33.79,159907
1453905000,33.4,33.784,32.29,32.67,197977
1453991400,32.96,33.2326,31.69,31.94,156085
1454077800,31.94,32.58,31.7,32.24,203908
1454337000,32.13,32.25,30.79,31.04,211205
1454423400,30.75,30.75,27.94,28.81,335246
1454509800,29.46,29.46,27.51,29.25,319599
1454596200,29.29,30.74,29.28,30.59,229842
1454682600,30.43,31.715,29.34,29.39,145071
1454941800,29.11,29.74,28.04,29.65,153778
1455028200,29.14,29.505,28.75,29.08,128211
1455114600,29.24,29.86,28.825,29.51,244159
1455201000,28.9,28.9,27.19,28.47,169134
1455287400,28.85,29.8,28.43,28.92,113355
1455633000,29.15,30.14,28.45,30.01,197299
1455719400,29.35,30.07,24.75,25.02,925960
1455805800,26.06,27.28,25.7001,27.03,343071
1455892200,26.74,28.91,26.27,27.5,213812
1456151400,27.68,28.3,27.41,27.84,150313
1456237800,27.68,28.51,27.33,28.29,153307
1456324200,27.96,28.62,27.29,28.4,111416
1456410600,28.9,30.56,28.685,29.29,269650
1456497000,29.5,30.69,28.915,30.32,191865
1456756200,31.05,32.85,30.95,31.81,340065
1456842600,32,32.75,31.8401,32.74,208651
1456929000,33.22,34.41,32.3,34.2,292523
1457015400,34.32,36.15,34.155,35.59,291362
1457101800,35.71,36.94,35.6,36.29,206879
1457361000,36.03,37.55,35.5101,37.37,300226
1457447400,36.95,37.17,35,36.39,353815
1457533800,36.42,36.74,34.92,35.51,269442
1457620200,35.73,35.73,34.9,35.08,198409
1457706600,35.3,37.49,35.22,37.47,241502
1457962200,37.2,37.36,35.66,36.17,185099
1458048600,36.04,36.27,34.99,35.34,272468
1458135000,35.25,36.97,34.5,36.67,159207
1458221400,36.65,38.34,36.18,38,170527
1458307800,38.3,39,37.56,38.31,376917
1458567000,38.26,38.67,37.76,37.91,145315
1458653400,38,38,36.87,37.51,115238
1458739800,37.29,37.88,36.35,36.43,115188
1458826200,36.13,36.69,35.5033,36.48,92977
1459171800,36.71,36.71,35.46,35.74,79216
1459258200,35.55,37.72,35.0105,37.66,99700
1459344600,37.84,38.29,37.23,38.05,125097
1459431000,37.94,38.67,37.45,38.15,111673
1459517400,37.71,38.31,36.8,38.15,115664
1459776600,38.17,38.6,37.6201,37.8,122985
1459863000,37.065,38.13,37.065,37.38,105203
1459949400,37.44,38.4225,36.99,38.12,105400
1460035800,37.81,38.87,37.55,37.62,145825
1460122200,38.02,38.98,37.25,37.32,122102
1460381400,37.59,38,36.78,37.33,125695
1460467800,37.43,38.22,37.28,37.78,135815
1460554200,37.96,39.43,37.96,39.24,180137
1460640600,39.36,39.46,38.77,39.06,119057
1460727000,38.91,40.045,38.2,38.55,132726
1460986200,38.29,39.05,38.17,38.79,87777
1461072600,38.99,39.26,38.52,38.72,71078
1461159000,38.27,38.27,36.01,36.71,191505
1461245400,36.82,37.395,36.292,36.42,250513
1461331800,36.34,37.18,36.34,37.07,165106
1461591000,36.84,37.1,35.74,35.91,124635
1461677400,35.94,37.125,35.8201,36.98,200419
1461763800,36.84,37.19,36.564,37.06,132439
1461850200,36.67,38.52,36.67,37.77,110547
1461936600,37.57,38.9999,36.91,36.95,144435
1462195800,37.05,37.59,36.5001,37.56,84571
1462282200,37.05,37.68,36.16,36.37,97045
1462368600,35,35.3115,30.51,32.94,556013
1462455000,33,35.79,32.54,33.71,373976
1462541400,33.71,35.62,33.35,35.29,233328
1462800600,35.14,35.25,33.77,34.54,119672
1462887000,34.63,35.5499,34.5,35.47,129225
1462973400,35.52,35.61,34.79,34.83,200214
1463059800,34.99,35.52,34.87,35.35,114886
1463146200,35.27,35.68,35.01,35.12,109886
1463405400,35.09,36.11,35.03,35.39,95508
1463491800,35.37,35.73,34,34.22,183281
1463578200,34.15,35.7099,34.03,35.27,162870
1463664600,35.1,35.43,34.31,34.72,103163
1463751000,34.77,36.1,34.235,36.01,184630
1464010200,36.04,36.11,35.175,35.89,156655
1464096600,36.41,38.17,36.085,37.9,154382
1464183000,38.07,38.5,37.75,38.23,172759
1464269400,38.24,38.44,37.8,37.99,129934
1464355800,37.99,38.345,37.65,38.21,89089
1464701400,38.18,38.93,37.9701,38.5,100826
1464787800,38.36,38.9,37.827,38.81,123722
1464874200,38.74,39.189,38.51,39.15,107382
1464960600,38.99,39.495,38.15,38.62,105181
1465219800,38.59,39.63,38.23,39.35,97436
1465306200,39.32,39.67,39.05,39.165,119296
1465392600,39.31,39.39,38.91,39.15,62472
1465479000,38.99,39.06,38.44,38.74,106838
1465565400,38.1,38.23,37.34,37.7,121063
1465824600,37.5,37.704,36.2,36.35,104654
1465911000,36.28,36.51,35.3052,35.64,89616
1465997400,35.91,36.33,35.37,35.7,81996
1466083800,35.54,35.73,34.69,35.47,72622
1466170200,35.59,36.08,35.03,35.55,122312
1466429400,36.21,36.34,35.35,35.46,54517
1466515800,35.52,35.52,34.69,35.02,76870
1466602200,35.03,35.22,34.17,34.22,77854
1466688600,34.78,35.16,34.405,34.95,107445
1466775000,32.98,34.31,32.84,33.2,438731
1467034200,32.63,33.035,31.37,31.83,337985
1467120600,32.23,32.62,31.76,31.8,139853
1467207000,32.46,33.785,32.255,32.69,125274
1467293400,32.68,33.36,32.38,33.26,113067
1467379800,33.29,33.92,32.614,33.34,101193
1467725400,33.34,33.41,32.15,32.26,132670
1467811800,31.92,32.7,31.64,32.39,135905
1467898200,32.54,33.17,32.48,32.94,122531
1467984600,33.34,34.86,33.34,34.73,160522
1468243800,35.06,35.2,34.56,34.68,112538
1468330200,35.05,35.88,34.21,35.45,98106
1468416600,35.58,35.6699,34.42,34.78,201375
1468503000,35.13,35.5,34.75,34.97,195594
1468589400,35.3,35.68,34.96,35.41,88589
1468848600,35.25,35.74,35.06,35.3,93719
1468935000,35.3,35.84,35.16,35.32,82220
1469021400,35.39,36.085,35.22,35.9,45714
1469107800,35.8,36.71,34.32,36.13,141190
1469194200,36.08,36.46,35.348,36.42,77731
1469453400,36.34,36.34,35.4,35.71,120735
1469539800,35.68,36.4,35.4,36.35,100139
1469626200,36.42,38.18,36.07,38.03,125482
1469712600,38.09,38.09,36.975,37.51,96995
1469799000,37.54,38.3899,37.01,38.27,156818
1470058200,38.15,39.3,37.65,39.06,222383
1470144600,39.03,39.47,37.34,38.17,192616
1470231000,37.78,40.16,37.06,40.145,197066
1470317400,39.79,40.72,39.2476,40.11,124219
1470403800,40.1,42.07,39.79,41.46,179659
1470663000,41.63,42.032,41.12,41.99,111539
1470749400,42,42.06,41.0301,41.42,118873
1470835800,41.33,41.7,40.319,41.12,73601
1470922200,41.35,42.0399,40.7701,41.89,105599
1471008600,41.99,42.39,41.555,42.33,104261
1471267800,42.37,43.649,42.3,43.28,77959
1471354200,43.22,43.76,42.9,43.03,190452
1471440600,42.98,43.23,42.48,42.83,73940
1471527000,42.83,43.82,42.83,43.38,38703
1471613400,43.27,44.2,39.93,43.74,109685
1471872600,43.64,44.2,42.08,43.59,55175
1471959000,43.84,44.45,43.67,44.04,62883
1472045400,43.97,44.45,43.6,43.81,65885
1472131800,43.39,43.85,43.2901,43.81,49283
1472218200,43.83,44.365,43.53,43.99,61169
1472477400,43.97,44.6,43.97,44.46,33654
1472563800,44.34,45.29,44.34,44.62,177699
1472650200,44.64,45.2905,44.2,44.81,83475
1472736600,44.86,45.34,44.36,44.98,77464
1472823000,45.05,45.45,44.82,45.03,96539
1473168600,45,45.2445,44.17,44.19,90073
1473255000,44.25,45.12,44.19,44.8,90226
1473341400,44.75,45.07,44.1,44.81,43328
1473427800,44.46,44.46,42.99,43.01,94029
1473687000,42.88,43.42,41.714,42.9,112258
1473773400,42.35,42.75,41.46,41.68,81890
1473859800,41.91,42.72,41.43,41.56,66064
1473946200,41.53,42.42,41.09,42.34,37676
1474032600,42.34,42.9,40.89,42.49,197934
1474291800,42.56,42.83,42.01,42.26,45408
1474378200,42.46,43.28,42,42.29,68907
1474464600,42.42,43.03,42.02,42.99,66954
1474551000,43.37,44.02,43.37,43.96,51975
1474637400,43.79,44.1799,43.515,43.83,60318
1474896600,43.65,44.1,43.43,43.5,68082
1474983000,43.62,44.5584,43.5,44.22,150004
1475069400,44.34,44.54,44.19,44.48,61642
1475155800,44.42,44.7,44.01,44.23,59331
1475242200,44.51,45.34,43.96,45.05,84078
1475501400,44.79,44.8674,44.04,44.79,75248
1475587800,44.83,46.44,44.705,45.73,143168
1475674200,45.93,46.66,44.9205,46.58,108606
1475760600,40.5,40.84,38.0227,38.24,179349
1475847000,38.06,38.56,36.53,36.62,187871
1476106200,36.64,37.32,36.09,36.35,143067
1476192600,36.31,36.58,35.34,35.57,88864
1476279000,35.55,35.64,35.16,35.55,103870
1476365400,35.21,36.34,34.2471,35.61,64705
1476451800,35.93,36.24,35.62,35.75,115892
1476711000,35.69,36.53,35.56,36.38,52331
1476797400,36.8,36.9952,36.35,36.51,38143
1476883800,36.6,37.24,36.39,36.77,85944
1476970200,36.6,37.09,35.76,35.85,124530
1477056600,35.6,35.96,35.43,35.75,55831
1477315800,36.2,37.17,36.11,36.28,119236
1477402200,36.21,36.65,35.81,36.25,187986
1477488600,36.14,36.75,36.14,36.46,87001
1477575000,36.44,37.09,35.81,36.18,78223
1477661400,36.13,37.1,36.13,36.97,91529
1477920600,37.17,37.23,35.96,37.02,94181
1478007000,37.03,37.37,36.28,36.35,63482
1478093400,36.43,36.9399,35.47,35.62,114235
1478179800,35.76,36.07,35.3,35.39,70356
1478266200,35.51,37.06,35.51,36.47,99099
1478529000,37.34,37.79,36.6,37.63,100978
1478615400,34,34,28.32,30.76,602352
1478701800,30.65,34.32,30.64,33.14,388785
1478788200,33.29,33.61,32.65,32.84,279835
1478874600,32.85,34.96,32.85,34.91,207488
1479133800,35.05,36.055,34.59,34.8,133090
1479220200,35.05,35.1,34.0367,34.95,92662
1479306600,35.03,35.25,34.515,34.99,113950
1479393000,35.17,35.43,34.49,35.06,96231
1479479400,35.12,35.45,34.84,35.32,73100
1479738600,37.46,37.46,35.68,36.71,159947
1479825000,36.56,37.91,36.4,37.81,113856
1479911400,37.56,38.93,37.23,38.6,132928
1480084200,38.69,38.69,37.81,38.36,38748
1480343400,38.25,38.861,37.97,38.43,118304
1480429800,38.34,38.72,37.51,37.57,80372
1480516200,38,38.1,36.83,36.92,75201
1480602600,37.12,37.785,36.64,36.89,61505
1480689000,36.97,37.07,36.51,36.89,52738
1480948200,37.46,37.96,37.19,37.44,106123
1481034600,37.48,38.18,37.38,37.96,70122
1481121000,38.14,39.23,37.82,38.94,72123
1481207400,39.18,39.83,38.5989,39.46,81644
1481293800,39.83,41.03,39.6884,40.7,154621
1481553000,40.48,40.48,38.6223,38.73,135232
1481639400,39.1,39.17,37.08,37.24,79691
1481725800,37.4,37.665,36.44,36.52,78392
1481812200,36.44,37.53,36.03,37.06,74344
1481898600,37.02,38.46,36.5,36.62,278962
1482157800,36.77,37.69,36.71,37.66,94985
1482244200,37.94,38.64,34.83,35.45,234107
1482330600,35.45,37.17,34.23,34.35,126935
1482417000,34.49,35.22,34.04,34.29,72153
1482503400,34.4,34.56,33.84,34.52,56748
1482849000,34.61,35.34,34.61,35.19,71519
1482935400,35.22,35.33,34.37,34.55,53813
1483021800,34.7,34.81,33.97,34.38,48208
1483108200,34.5,34.5,33.69,33.84,87558
1483453800,34.51,34.9597,33.68,34,94653
1483540200,34.08,34.8201,34.08,34.64,121747
1483626600,34.73,35.08,33.34,34.21,119005
1483713000,34.3,34.535,33.66,34.17,122645
1483972200,33.99,34,33.31,33.59,121436
1484058600,33.59,34.69,33.43,33.79,137883
1484145000,33.79,33.94,33.389,33.93,52928
1484231400,34.04,34.04,32.69,33.44,93415
1484317800,33.67,34.6,33.67,34.39,68079
1484663400,34.26,34.26,33.185,33.33,75169
1484749800,33.4,33.5,32.89,33.11,55494
1484836200,32.84,33.15,31.39,32.13,211068
1484922600,32.16,32.42,31.2,31.4,170481
1485181800,31.4,32.22,31.32,32.04,95269
1485268200,32.12,32.81,31.9,32.65,74720
1485354600,32.36,33.01,32.32,32.95,60524
1485441000,33.01,33.15,32.44,32.82,53058
1485527400,33.04,33.3,32.91,33.18,45467
1485786600,33.02,33.02,32.21,32.66,52535
1485873000,32.65,32.95,32.18,32.81,68454
1485959400,33.17,33.4599,32.28,32.63,67223
1486045800,32.62,32.7201,32.15,32.3,50170
1486132200,32.55,33.09,32.45,33.04,66309
1486391400,33,33.25,32.98,33.08,55560
1486477800,33.22,33.28,32.65,33.01,117725
1486564200,33,33.16,32.64,32.87,110225
1486650600,32.93,33.23,32.85,32.98,80251
1486737000,33.08,33.73,33.08,33.68,64665
1486996200,33.75,34.46,33.55,34.27,78108
1487082600,34.26,34.442,33.93,34.2,72537
1487169000,34.14,34.31,33.52,33.63,86727
1487255400,33.65,33.78,33.011,33.67,233486
1487341800,34.4,36.1,33.725,33.99,181507
1487687400,34,34.38,33.325,34.06,245852
1487773800,34,34.305,33.36,33.61,105244
1487860200,33.75,33.8,33.48,33.65,58552
1487946600,33.45,33.57,33.03,33.16,81269
1488205800,33.11,34.5986,33.02,34.49,132534
1488292200,34.55,34.66,33.45,33.51,102596
1488378600,34.03,34.93,33.6918,34.77,124012
1488465000,34.73,35.425,33.98,34.3,105349
1488551400,34.33,34.385,33.505,33.56,73551
1488810600,33.5,34.52,33.06,33.15,71782
1488897000,33.02,33.38,32.65,32.77,52758
1488983400,32.83,33.1236,31.97,32.04,81150
1489069800,32.03,32.4,31.3,31.36,85469
1489156200,31.67,31.775,31.02,31.1,86212
1489411800,31.02,31.3535,30.72,30.87,74562
1489498200,30.7,31.22,30.2,30.41,154994
1489584600,30.48,30.76,30.195,30.34,293996
1489671000,30.46,30.71,30.14,30.25,244119
1489757400,30.16,30.41,29.99,30.14,507025
1490016600,30.25,30.38,29.93,30.11,355293
1490103000,30.36,30.42,29.51,29.69,186989
1490189400,29.6,29.85,28.74,28.79,195958
1490275800,28.8,30.025,28.795,29.5,219499
1490362200,29.87,30,29,29.2,191064
1490621400,29.17,29.51,28.93,29.42,360074
1490707800,29.42,30.91,29.12,30.79,645551
1490794200,30.83,31.88,30.445,31.85,252033
1490880600,31.78,31.98,31.24,31.63,179818
1490967000,31.66,31.91,31.16,31.73,152603
1491226200,31.91,31.99,30.5,30.84,134419
1491312600,30.89,31.27,30.69,31.19,96924
1491399000,31.44,32.09,30.94,31.09,165316
1491485400,31.04,31.555,30.51,31.35,88435
1491571800,31.2,31.64,31.12,31.58,229017
1491831000,31.56,32.104,31.41,31.58,77534
1491917400,31.53,32.01,31.28,32,65733
1492003800,31.99,31.99,31.0961,31.35,76296
1492090200,31.25,31.355,30.41,30.5,183056
1492435800,30.51,30.8417,30.1,30.57,172323
1492522200,30.5,31.02,30.38,30.93,172271
1492608600,31.01,31.6,30.93,31.1,89948
1492695000,31.21,31.58,30.84,31.57,72488
1492781400,31.58,31.94,31.23,31.23,104244
1493040600,31.83,32.2,31.67,31.9,236957
1493127000,32.07,32.55,31.815,32.25,87768
1493213400,32.26,32.4,32.02,32.16,65758
1493299800,32.3,32.5,32,32.33,78564
1493386200,32.75,32.83,32.3,32.51,124045
1493645400,32.6,32.7499,31.67,31.85,66478
1493731800,31.98,32.0699,31.57,31.82,86310
1493818200,31.64,31.77,31.06,31.44,140337
1493904600,34,34.29,31.99,33.29,270055
1493991000,33.14,33.25,30.34,30.82,424417
1494250200,30.75,31.09,30.75,30.94,173895
1494336600,30.99,31.28,30.84,31.01,319650
1494423000,30.98,31.09,30.74,30.93,181895
1494509400,30.77,31.02,30.35,30.41,150987
1494595800,30.3,30.51,30,30.38,144206
1494855000,30.53,31.05,30.47,30.68,89354
1494941400,30.69,30.87,30.42,30.8,77298
1495027800,30.65,30.68,30.09,30.42,132503
1495114200,30.32,30.3371,29.7,29.94,235914
1495200600,30.06,30.345,29.93,29.95,283158
1495459800,29.95,30.37,29.86,30.23,229499
1495546200,30.33,30.33,29.77,30,243428
1495632600,30.05,30.24,29.77,29.99,199217
1495719000,30.05,30.935,29.91,30.87,220313
1495805400,30.84,31.1,30.5639,30.88,85048
1496151000,30.8,31.01,30.655,30.7,86861
1496237400,30.76,30.9,30.56,30.6,171223
1496323800,30.66,30.9,30.42,30.89,162915
1496410200,30.91,31.63,30.91,30.97,247741
1496669400,31.01,31.26,30.55,30.6,91119
1496755800,30.4,30.71,30.19,30.52,63852
1496842200,30.57,30.78,30.0761,30.52,68021
1496928600,30.55,31.33,30.45,30.76,125137
1497015000,30.8,30.99,30.53,30.78,111308
1497274200,30.92,31.29,30.51,30.84,120362
1497360600,30.89,31.3492,30.651,31.13,123240
1497447000,31.17,31.45,30.57,30.78,83057
1497533400,30.6,30.88,30.51,30.77,100552
1497619800,30.53,30.65,30.2,30.46,459622
1497879000,30.58,30.9,30.44,30.56,82860
1497965400,30.57,30.58,30.27,30.29,53661
1498051800,30.5,30.5,29.81,29.82,83786
1498138200,29.82,30.31,29.7,29.88,92907
1498224600,29.88,30.24,29.5201,29.73,228693
1498483800,29.72,30.22,29.72,29.8,132265
1498570200,29.76,30.175,29.76,29.91,109265
1498656600,30.07,30.425,29.93,30.23,143207
1498743000,30.26,30.53,29.97,30.49,201710
1498829400,30.6,30.7989,30.41,30.47,107142
1499088600,30.65,30.92,30.42,30.71,54958
1499261400,30.71,30.71,30.145,30.61,126308
1499347800,30.41,30.73,30.175,30.41,127897
1499434200,30.48,30.7,30.025,30.66,100429
1499693400,30.58,30.87,30.44,30.52,76782
1499779800,30.53,31.27,30.53,31.25,76831
1499866200,31.38,31.68,31.17,31.44,72783
1499952600,31.43,31.43,30.75,31.11,42810
1500039000,31.05,31.27,30.91,30.99,47063
1500298200,30.97,31.47,30.667,31.05,92867
1500384600,31.01,31.01,30.45,30.68,56656
1500471000,30.68,31.12,30.45,30.56,118576
1500557400,30.62,30.97,30.56,30.64,59368
1500643800,30.79,30.79,30.43,30.56,94737
1500903000,30.47,30.52,29.75,29.85,102032
1500989400,29.95,30.66,29.95,29.98,133448
1501075800,30.03,30.28,29.8,29.84,129537
1501162200,29.91,29.98,29.435,29.56,119670
1501248600,29.55,29.8217,29.12,29.7,81222
1501507800,29.73,29.755,29.18,29.25,158266
1501594200,29.25,29.435,28.42,28.79,285604
1501680600,27.3,27.9,23.95,25.17,531760
1501767000,25.05,25.58,24.95,25.26,315166
1501853400,25.24,25.27,25.03,25.13,278965
1502112600,25.13,26.059,25.07,25.95,194447
1502199000,25.86,26.63,25.75,25.76,259204
1502285400,25.76,25.82,25.51,25.71,202824
1502371800,25.56,25.85,25.15,25.48,437937
1502458200,25.53,26.27,25.45,26.16,240524
1502717400,26.21,26.64,26.11,26.43,172789
1502803800,26.5,26.56,26.25,26.45,138133
1502890200,26.49,26.7299,26.03,26.1,153668
1502976600,26,26.33,25.95,26.14,467556
1503063000,26,26.43,26,26.18,177168
1503322200,26.15,26.25,26.04,26.16,257982
1503408600,26.18,26.45,26.13,26.22,127897
1503495000,26.06,26.21,25.98,26,199927
1503581400,26.1,26.4,25.99,26.07,164000
1503667800,26.06,26.21,25.99,26.15,65932
1503927000,26.15,26.18,25.98,26.09,122183
1504013400,26,26.225,25.95,26.12,173979
1504099800,26.14,26.4,25.98,26.33,141591
1504186200,26.39,26.48,26.11,26.29,98458
1504272600,26.29,26.35,26,26.17,85984
1504618200,26.17,26.26,25.99,26.22,157865
1504704600,26.29,26.89,26.09,26.88,212612
1504791000,26.92,26.92,26.4,26.84,151445
1504877400,26.79,26.84,26.39,26.51,209243
1505136600,26.75,27.55,26.51,27.52,191649
1505223000,27.54,28.29,27.45,28.28,184448
1505309400,28.29,28.52,28.06,28.25,171998
1505395800,28.25,28.515,28,28.5,189998
1505482200,28.57,29.38,28.25,28.56,386372
1505741400,28.58,28.97,28.55,28.91,130462
1505827800,29,29,28.53,28.79,121057
1505914200,28.9,29.17,28.64,28.98,128710
1506000600,28.97,29.11,28.92,29.02,100728
1506087000,29.06,29.17,28.81,29.1,110706
1506346200,29.12,29.18,28.42,28.51,112518
1506432600,28.54,29.07,28.1196,29.01,221777
1506519000,29.02,30.0825,29.02,29.98,167803
1506605400,29.95,30.37,29.7,29.92,161494
1506691800,29.94,30.13,29.72,29.75,93770
1506951000,29.74,30.17,29.6496,30.15,119915
1507037400,30.21,30.37,29.92,30.34,79291
1507123800,30.33,30.75,30.21,30.72,105112
1507210200,30.91,31.79,30.87,31.72,181008
1507296600,31.57,31.63,31.2,31.24,78722
1507555800,31.45,31.5,30.89,30.94,75764
1507642200,30.94,31.24,30.56,30.91,86965
1507728600,30.9,31.18,30.6,30.78,103616
1507815000,30.75,31.12,30.65,31.01,65940
1507901400,31.15,31.15,30.79,30.86,65732
1508160600,30.94,31.18,30.71,31.01,91095
1508247000,31.39,33.14,31.25,32.7,243101
1508333400,32.7,33.45,32.7,33.44,196721
1508419800,33.37,33.37,32.58,33.15,149550
1508506200,33.35,33.9999,33.2,33.98,155204
1508765400,34,34,33.64,33.75,178666
1508851800,33.93,34.23,33.62,34.11,115485
1508938200,34.1,34.45,33.555,34.45,194364
1509024600,34.52,34.69,34.41,34.63,104327
1509111000,34.9,36.07,34.53,35.81,221549
1509370200,35.5,35.73,34.53,34.66,186545
1509456600,34.6,34.71,33.96,34.4,149666
1509543000,34.73,34.73,33.85,34.23,102981
1509629400,34.18,35.49,34.03,35.24,189163
1509715800,35.14,35.26,34.72,35.04,116635
1509978600,35.03,35.67,35.015,35.6,109926
1510065000,34.06,37.2899,33.9548,36.21,245943
1510151400,36.52,37.71,36.37,37.56,238986
1510237800,37.43,38.73,36.81,38.71,179650
1510324200,38.34,38.92,38.19,38.22,235228
1510583400,38.02,38.14,35.17,37.54,123385
1510669800,37.35,37.71,35.0275,37.43,91136
1510756200,37.29,38.09,37.08,37.26,92363
1510842600,37.34,38.03,37.34,37.95,75560
1510929000,37.91,38.67,37.565,38.44,105066
1511188200,38.51,38.81,38.16,38.72,58889
1511274600,38.91,39.98,38.53,39.58,130206
1511361000,39.58,39.74,38.83,39.32,93109
1511533800,39.56,39.67,39.25,39.63,30601
1511793000,39.62,39.74,39.175,39.66,103077
1511879400,39.72,40.92,39.45,40.85,121920
1511965800,40.86,41.66,40.86,41.5,126190
1512052200,41.65,41.865,41.15,41.49,148483
1512138600,41.46,41.46,39.95,41,116223
1512397800,41.56,42.7,41.54,42.05,137370
1512484200,42.1,42.46,41.74,42.06,120717
1512570600,42.05,43.1361,41.79,42.59,124581
1512657000,42.64,43.945,39.8242,43.87,245188
1512743400,44.19,44.19,43.19,43.25,114926
1513002600,43,43,41.86,42.06,322196
1513089000,42.79,42.92,40.86,40.95,181790
1513175400,40.88,41.8,40.88,41.16,177980
1513261800,41.18,41.28,40.14,40.23,112789
1513348200,40.37,41.39,40.27,41.3,588547
1513607400,44,44,41.76,42.17,144496
1513693800,42.17,42.94,41.55,41.81,121631
1513780200,41.81,42.98,41.805,42.61,89357
1513866600,42.7,43.1,42.14,42.91,149247
1513953000,43.07,43.07,42.3651,42.77,61067
1514298600,42.73,43.21,42.53,42.59,59993
1514385000,42.61,42.88,41.97,42.31,95763
1514471400,42.37,42.41,41.78,41.99,64846
1514557800,41.99,42.17,41.46,41.47,73062
1514903400,41.73,42.27,41.61,42.27,127527
1514989800,42.28,42.39,40.13,40.42,191915
1515076200,40.65,41.34,40.31,40.65,94524
1515162600,40.74,41.46,40.68,41.07,101102
1515421800,41.03,41.399,40.6,40.94,94630
1515508200,40.97,41.38,40.19,40.23,89510
1515594600,40.14,40.45,39.605,40.22,97004
1515681000,40.3,40.99,40.28,40.97,93139
1515767400,43.23,48.5,43,47.35,566056
1516113000,47.87,49.45,45.75,45.79,165528
1516199400,45.98,45.98,45.29,45.44,112438
1516285800,45.44,45.9032,43.97,44.11,162408
1516372200,44.16,46.28,43.91,46.22,137006
1516631400,46.12,46.58,45.35,46.36,120082
1516717800,46.39,46.819,45.3467,46.25,84107
1516804200,46.39,46.39,45.38,45.69,67717
1516890600,46.04,47.42,45.87,47.29,134897
1516977000,47.45,47.47,46.58,47.36,87584
1517236200,47.24,47.55,46.01,46.41,155585
1517322600,45.97,46.07,45.17,45.47,67225
1517409000,45.93,46.8522,44.43,44.6,119852
1517495400,44.46,45.23,43.5068,44.55,85122
1517581800,44.27,44.27,42.78,42.86,104470
1517841000,42.38,42.85,39.715,39.85,169550
1517927400,39.22,41.04,38.95,40.41,142645
1518013800,40.35,41.01,40.14,40.5,94293
1518100200,40.71,40.7708,38.89,38.9,120166
1518186600,39.49,39.8,38.17,39.09,84200
1518445800,39.35,39.94,38.67,39.72,100997
1518532200,39.75,40.77,39.63,40.42,92534
1518618600,39.95,41.58,39.95,41.43,78674
1518705000,41.84,42.855,41.41,42.03,108996
1518791400,41.82,42.45,41.67,41.88,131788
1519137000,41.74,42.18,41.25,41.33,65832
1519223400,41.46,42.285,40.46,41.89,156051
1519309800,42.18,42.26,41.1,41.14,114480
1519396200,41.49,41.91,40.54,40.73,168348
1519655400,41,42.65,40.8,42.49,196182
1519741800,38.1,41.95,37.78,38.55,463367
1519828200,38.83,39.3823,37.93,38.55,306078
1519914600,38.54,39.44,37.46,39.15,226803
1520001000,38.52,40.16,38.45,40.01,150759
1520260200,39.85,40.26,37.2857,39.88,140410
1520346600,40.32,40.59,39.5,40.42,139764
1520433000,39.84,40.68,38.88,40.5,112285
1520519400,40.72,40.72,39.56,40.11,139181
1520605800,40.5,41.13,39.8,40.97,120403
1520861400,40.94,41.14,40.18,40.58,137267
1520947800,40.83,41.14,39.87,40.09,101149
1521034200,40.3,40.3,38.9,39.16,90266
1521120600,39.35,39.74,38.81,38.91,107734
1521207000,38.91,39.17,38.205,38.56,432914
1521466200,38.49,38.73,37.81,38.64,118522
1521552600,38.71,39,38.38,38.46,45689
1521639000,38.45,38.895,38,38.56,73374
1521725400,38.22,38.22,36.43,36.49,173932
1521811800,36.63,36.97,35.54,35.58,169252
1522071000,36.25,37.88,35.75,36.78,82366
1522157400,36.87,37.46,36.12,36.79,148153
1522243800,36.87,37.3,36.2,36.44,149128
1522330200,36.75,37.84,36.72,37.3,93143
1522675800,37.25,37.79,35.94,36.54,192516
1522762200,36.51,37.18,36.25,36.4,161474
1522848600,35.88,36.55,35.76,36.23,206306
1522935000,36.65,36.89,36.16,36.59,324782
1523021400,36.42,36.72,35.02,35.36,115813
1523280600,35.69,35.96,34.83,34.86,89156
1523367000,35.39,36.23,34.56,36.18,279017
1523453400,36,36.6975,36,36.35,122499
1523539800,36.63,36.909,36.45,36.61,84810
1523626200,36.7,36.73,36.02,36.66,94879
1523885400,36.93,37.97,36.8,37.97,74426
1523971800,38.33,39.02,37.79,38.87,109894
1524058200,39,39.56,38.85,39.36,75216
1524144600,39.27,39.6,38.835,38.98,64435
1524231000,39.06,39.06,38.49,38.75,56978
1524490200,38.95,39.23,38.3,38.41,65660
1524576600,38.61,39.04,37.45,38.06,78027
1524663000,38.1,38.36,37.48,38.06,64220
1524749400,38.15,38.79,37.86,38.56,75162
1524835800,38.65,38.855,37.55,37.69,85560
1525095000,37.85,38.27,36.56,36.58,87598
1525181400,36.5,36.88,35.35,35.89,141242
1525267800,35.89,36.37,35.41,35.74,101461
1525354200,35.65,36.205,35.15,35.51,47843
1525440600,35.28,36.11,35.13,35.73,113918
1525699800,35.85,36.74,35.53,36.5,136919
1525786200,36.58,37.81,36.2834,37.55,99121
1525872600,33.95,37.5099,33.95,34.9,244922
1525959000,34.32,34.61,33.18,33.81,302557
1526045400,33.85,34.91,33.75,34.85,187052
1526304600,35.01,35.51,34.7,35.35,93584
1526391000,35.14,35.51,33.9083,35.02,98366
1526477400,35.02,35.76,34.58,35.48,140877
1526563800,35.49,36.25,35.2,35.77,105859
1526650200,35.9,35.93,35.53,35.86,67599
1526909400,36.02,36.58,35.735,36,106929
1526995800,36.01,36.01,34.8,34.86,56497
1527082200,34.72,35.53,34.62,35.43,96089
1527168600,35.31,35.97,34.4463,35.53,43693
1527255000,35.48,35.48,34.87,35.16,51391
1527600600,35.01,35.35,34.88,35.16,55760
1527687000,35.41,35.93,34.85,35.78,55331
1527773400,35.77,36.13,35.09,35.2,49455
1527859800,35.46,36.9,35.23,36.82,160138
1528119000,36.84,37.105,35.97,36.67,133742
1528205400,36.61,36.72,35.66,35.77,81070
1528291800,35.95,36.22,35.2,35.39,84442
1528378200,35.52,35.58,34.99,35.56,92717
1528464600,35.56,37.7,35.56,37.51,189695
1528723800,37.53,38.11,36.83,37.7,148365
1528810200,37.74,38.52,36.58,37.99,139761
1528896600,38.1,38.3,37.61,38.19,75523
1528983000,38.43,38.54,37.55,38.36,110514
1529069400,38.36,39.08,38.07,39.03,323814
1529328600,38.71,39.31,38.05,39.23,107180
1529415000,38.91,39.23,37.91,38.29,169357
1529501400,38.42,38.68,37.83,37.99,101497
1529587800,37.94,37.94,36.8901,37.04,73893
1529674200,37.37,37.37,36.54,36.86,145012
1529933400,36.66,37.28,35.69,35.91,99479
1530019800,36.05,36.78,35.65,36.77,99626
1530106200,36.9,37.37,36.18,36.21,67101
1530192600,36.15,36.25,35.13,35.88,49825
1530279000,35.92,36.4439,35.625,35.97,50500
1530538200,35.67,36.42,35.56,36.35,79466
1530624600,36.48,36.85,36.09,36.62,22554
1530797400,36.84,36.84,36.07,36.59,52187
1530883800,36.63,36.845,36.27,36.34,54176
1531143000,36.52,37.74,36.17,37.72,48487
1531229400,37.81,37.95,37,37.69,43272
1531315800,37.48,37.95,36.81,36.86,37807
1531402200,37.09,37.75,36.66,37.67,37624
1531488600,37.68,38.593,37.425,38.25,39843
1531747800,38.29,38.66,37.97,38.25,31511
1531834200,38.23,38.61,38.22,38.47,27811
1531920600,38.44,38.99,37.98,38.96,41589
1532007000,38.84,39.46,38.84,39.4,74618
1532093400,39.35,39.89,39.35,39.6,29282
1532352600,39.55,39.73,39,39.1,45731
1532439000,39.32,39.6,38.71,39.01,46088
1532525400,39.02,39.1,38.35,38.96,59394
1532611800,39.05,41.32,38.685,40.5,130846
1532698200,40.57,41.35,39.24,39.59,52687
1532957400,39.64,40.8,39.2,39.24,41690
1533043800,39.45,41.21,38.87,41.01,64048
1533130200,41,41.12,39.61,39.71,92345
1533216600,39.53,39.92,39.265,39.55,95526
1533303000,42.16,45.84,41.36,41.59,550115
1533562200,41.74,43.65,41.2,43.37,245146
1533648600,43.62,44.22,42.69,43.74,77941
1533735000,43.75,44.19,43.38,43.57,132109
1533821400,43.7,44.77,43.68,44.59,196838
1533907800,44.31,45.22,44.165,44.94,194780
1534167000,45.07,45.5878,44.71,45.01,127512
1534253400,45.11,46.3,44.41,45.42,97528
1534339800,45.19,45.19,43.45,44.24,117409
1534426200,44.49,44.64,44.02,44.47,65816
1534512600,44.33,44.81,43.956,44.54,109576
1534771800,44.56,45.245,44.51,44.86,68538
1534858200,44.88,46.18,44.88,46.1,106423
1534944600,46,46.56,45.54,46.12,84899
1535031000,46.06,46.3,45.19,45.48,54981
1535117400,45.69,45.69,44.83,44.99,69638
1535376600,45.23,45.73,44.83,45,61053
1535463000,45.01,45.07,44.47,44.79,45621
1535549400,44.71,44.74,44.14,44.35,54742
1535635800,44.24,44.59,43.59,43.9,60612
1535722200,43.62,43.84,42.56,43.51,62090
1536067800,43.59,43.8,41.5,43.18,438058
1536154200,43.07,44.385,42.8,43.97,130705
1536240600,44.08,44.5,43.58,43.76,50389
1536327000,43.57,44.13,43.35,44,43531
1536586200,44.14,44.5,43.83,44,115210
1536672600,43.93,44,43.21,43.48,82323
1536759000,43.54,43.89,42.65,42.94,59477
1536845400,43.09,43.67,42.96,43.11,91888
1536931800,43.1,44.1,43.1,43.42,118231
1537191000,43.35,43.7136,42.49,43.32,127933
1537277400,43.52,43.95,42.96,43.54,140393
1537363800,43.54,44.15,43.365,43.86,189951
1537450200,44.05,44.05,42.93,43.26,123046
1537536600,43.35,44.05,43.03,43.45,498768
1537795800,43.67,44.205,43.03,43.45,111964
1537882200,43.5,43.93,42.32,43.16,150430
1537968600,43.27,43.44,42.7252,42.91,73723
1538055000,43.11,44,42.89,43.26,81842
1538141400,43.31,43.9,42.8216,43.5,159882
1538400600,43.66,43.86,43.35,43.47,147372
1538487000,43.5,43.75,41.96,42.02,65963
1538573400,42.15,42.905,42.15,42.3,53307
1538659800,42.33,42.33,41.45,41.76,59795
1538746200,41.76,41.76,39.83,40.46,114648
1539005400,40.5,40.87,40.155,40.66,145807
1539091800,40.58,40.9,39.65,40.39,113402
1539178200,40.22,40.73,37.68,37.75,108173
1539264600,36.26,36.36,32.1,32.17,231479
1539351000,32.24,33.1324,31.78,32.08,154592
1539610200,32.17,33.48,32,33.38,133335
1539696600,33.26,34.69,32.655,34.58,141739
1539783000,34.23,34.6,33.66,33.9,107608
1539869400,33.79,33.83,32.77,32.89,70857
1539955800,32.95,33.25,32.15,32.67,75640
1540215000,32.67,33.26,32.56,32.96,80993
1540301400,32.36,32.9,32.1,32.7,311720
1540387800,32.72,33.21,31.72,31.72,162883
1540474200,31.93,31.93,30.4,30.55,171520
1540560600,30.08,31.555,30.08,30.15,163240
1540819800,30.57,31.53,28.92,29.17,118691
1540906200,29.19,29.66,28.8938,29.23,134128
1540992600,29.54,29.75,29.08,29.16,98523
1541079000,29.29,29.54,29.15,29.34,274035
1541165400,29.58,30.085,29.21,29.9,227747
1541428200,29.81,30.24,29.81,30.11,120331
1541514600,29.78,30.13,27.56,29,210284
1541601000,29.06,30.18,28.71,29.98,134118
1541687400,29.98,31.4,29.76,30.05,93388
1541773800,30.01,30.26,28.871,29.73,82155
1542033000,29.85,29.85,28.54,28.63,100956
1542119400,28.76,28.8499,28.24,28.46,104957
1542205800,28.74,30.42,28.74,29.9,427235
1542292200,29.88,31.33,29.4641,31.28,216351
1542378600,30.99,31.49,29.805,31.41,159822
1542637800,31.39,31.39,29.85,30,214513
1542724200,29.51,30.47,29.21,30.3,155590
1542810600,30.58,31.18,30.23,30.57,136956
1542983400,30.28,31.16,30.28,30.91,46274
1543242600,31.15,31.8499,31.15,31.72,113425
1543329000,31.49,31.51,30.83,31.03,103354
1543415400,31.22,31.99,30.975,31.73,104048
1543501800,31.72,32,31.1,31.53,92790
1543588200,31.54,32.46,31.33,32.46,262229
1543847400,32.96,33.18,32.5,33.02,155198
1543933800,33.03,33.03,31.5,31.87,168854
1544106600,31.48,31.6513,30.19,31.18,146515
1544193000,31.17,31.3075,29.96,30.39,169772
1544452200,30.39,31.05,30.11,30.8,194159
1544538600,31.37,31.4666,30.76,31.34,128087
1544625000,31.68,31.79,31.03,31.57,139493
1544711400,31.69,31.75,31.37,31.66,97753
1544797800,31.32,32.29,31.32,31.77,136213
1545057000,31.71,32.17,31.38,31.5,222522
1545143400,31.69,32.25,31.36,31.87,140182
1545229800,31.98,32.46,31.07,31.3,186815
1545316200,31.13,31.92,31.04,31.5,191784
1545402600,31.52,32.19,29.69,30.55,735328
1545661800,30.32,30.45,28.36,28.6,152139
1545834600,28.81,30.12,28.24,30.03,146128
1545921000,29.52,30.34,29.14,30.3,191024
1546007400,30.34,30.91,29.96,30.35,136262
1546266600,30.39,30.83,30.24,30.45,129853
1546439400,29.99,31,29.92,30.66,190318
1546525800,30.54,30.96,28.49,28.55,138902
1546612200,29.04,29.3,28.58,28.96,150016
1546871400,29,30.21,28.75,30.01,241833
1546957800,30.35,30.44,29.94,30.38,86215
1547044200,30.37,31.17,30.37,30.97,73308
1547130600,30.64,30.93,30.36,30.84,88382
1547217000,30.56,31.13,30.5,31.03,79745
1547476200,30.85,31.23,30.51,30.53,100072
1547562600,30.54,30.75,30.35,30.61,43188
1547649000,30.62,30.78,30.15,30.16,66930
1547735400,30,30.49,30,30.33,89944
1547821800,30.41,31,30.34,30.67,96599
1548167400,30.38,30.64,29.47,29.85,123562
1548253800,29.99,30.67,29.4,30.24,82241
1548340200,30.3,31.185,29.8954,30.64,83016
1548426600,30.83,31.155,30.5621,30.61,87276
1548685800,30.36,30.75,29.97,30.47,51601
1548772200,30.48,31.02,30.16,30.74,56533
1548858600,31,31,30.32,30.75,68762
1548945000,30.75,31.0948,30.53,30.67,128588
1549031400,30.75,30.79,30.2,30.51,67204
1549290600,30.65,30.71,30.4,30.6,169841
1549377000,30.85,32.21,30.8,32.17,202806
1549463400,32.08,32.55,31.64,32.5,108635
1549549800,32.2,32.5,31.75,32.19,67170
1549636200,32.07,32.77,31.29,32.69,222054
1549895400,32.75,34.09,32.75,34,158736
1549981800,34.17,34.7,34.0838,34.41,77014
1550068200,34.6389,34.8259,33.8,33.82,88916
1550154600,33.3,33.62,32.5,32.56,192221
1550241000,32.77,33.96,32.4,33.76,128221
1550586600,33.59,34.27,33.32,34.2,76834
1550673000,33.88,34.89,33.73,34.5,94305
1550759400,34.5,35.51,33.3286,35.47,151456
1550845800,35.5,35.6,34.3,35.04,153530
1551105000,35.28,36.81,35.28,36.01,298158
1551191400,35.97,36.2703,33.61,35.85,162129
1551277800,35.63,36.085,35.04,35.96,76792
1551364200,35.96,36.12,35.49,35.97,92224
1551450600,36.11,36.11,35.18,35.31,115238
1551709800,35.3,35.4,33.54,33.63,267600
1551796200,33.57,33.93,33.28,33.28,142333
1551882600,33.25,33.38,32.3,32.44,94898
1551969000,32.51,32.6838,31.65,32.31,104895
1552055400,32.04,32.46,31.8301,32.35,96317
1552311000,31.85,31.85,30.83,31.64,318625
1552397400,31.61,31.74,31.05,31.14,261289
1552483800,31.3,32.06,31.16,31.71,296278
1552570200,31.71,32.13,31.625,31.75,195829
1552656600,31.77,31.99,31.06,31.08,908553
1552915800,31.1,32.5,31.03,32.42,206810
1553002200,32.65,32.65,31.71,31.91,135012
1553088600,31.91,31.91,31.32,31.37,84100
1553175000,31.33,31.97,31.145,31.8,82142
1553261400,31.6,31.61,30.325,30.36,91536
1553520600,30.15,30.88,29.92,30.84,145319
1553607000,31.1,31.9798,30.64,30.87,124371
1553693400,30.83,31.05,30.125,30.53,107392
1553779800,30.54,31.6,30.49,31.59,131070
1553866200,31.74,32.79,31.57,32.72,535320
1554125400,33.4,34.1769,33.14,33.25,290368
1554211800,33.31,33.4461,32.77,32.9,80277
1554298200,33.06,33.14,32.66,32.91,119728
1554384600,32.92,33.51,32.92,33.23,100754
1554471000,33.23,33.94,33.23,33.42,139243
1554730200,33.23,33.51,32.71,33.47,85114
1554816600,33.26,33.26,32.49,32.54,89847
1554903000,32.59,32.8223,32.21,32.76,61970
1554989400,32.75,33.1022,32.7,32.81,55195
1555075800,33.17,33.17,32.76,32.81,62175
1555335000,32.86,32.99,32.4,32.45,62079
1555421400,32.61,32.83,32.365,32.5,124068
1555507800,32.66,32.7,31.4,31.69,149836
1555594200,31.66,32.23,31.58,32.11,115598
1555939800,32.05,32.45,31.5,32.25,116843
1556026200,32.35,33.225,32.35,33.13,88883
1556112600,33.07,33.385,32.94,33.02,199359
1556199000,32.88,33,32.25,32.97,111164
1556285400,32.97,33.51,32.86,33.13,47990
1556544600,33.1,33.8,33.01,33.5,163974
1556631000,33.52,33.68,32.99,33.34,143393
1556717400,33.85,34.265,33.24,33.28,135028
1556803800,33.26,33.39,32.69,32.89,72108
1556890200,33.07,33.55,32.84,33.49,196878
1557149400,32.97,33.565,32.97,33.45,105197
1557235800,33.17,33.76,32.74,32.92,139574
1557322200,35.75,38.49,35.0816,38.25,580654
1557408600,38,40,37.92,39.68,535715
1557495000,39.55,39.65,39.13,39.47,450987
1557754200,39.17,39.82,38.57,39.33,397799
1557840600,39.57,40.51,39.44,40.39,262853
1557927000,40.34,41.72,40.1157,41.69,209756
1558013400,41.62,42.4824,41.62,42.07,244266
1558099800,41.64,41.9093,41.19,41.35,171285
1558359000,41.41,42.24,41.05,41.92,201439
1558445400,42.29,42.94,41.95,42.92,256461
1558531800,42.73,42.92,42.3447,42.57,134975
1558618200,42.1,42.17,41.135,41.54,152578
1558704600,41.8,41.87,40.84,41.39,313079
1559050200,41.58,41.95,41.17,41.81,152719
1559136600,41.46,41.76,40.51,40.73,523983
1559223000,40.95,41.24,40.59,40.93,225444
1559309400,40.49,40.93,40.24,40.67,154278
1559568600,40.56,41.54,40.51,41.23,189971
1559655000,41.73,42.1,41.24,41.4,197689
1559741400,41.64,43.42,41.64,43.37,336760
1559827800,43.5,44.34,43.11,43.75,210074
1559914200,43.78,43.89,42.71,42.73,403656
1560173400,43,43,42.22,42.27,240853
1560259800,42.42,42.98,42.3,42.94,358551
1560346200,43.07,43.75,42.71,43.35,183062
1560432600,43.73,44.22,43.3,44.2,263807
1560519000,42.65,42.65,38.65,39.485,557816
1560778200,39.72,39.72,37.9,38.85,472622
1560864600,38.96,39.63,38.61,39.09,237747
1560951000,39.31,39.52,38.4,38.87,342632
1561037400,39.41,39.41,38.27,38.82,370528
1561123800,38.71,39.19,37.55,39.09,801861
1561383000,39.09,40.65,39.09,40.41,394098
1561469400,40.37,41.7,40.08,40.98,232475
1561555800,41.32,41.4507,40.76,40.78,512681
1561642200,40.67,41.97,40.67,41.5,161851
1561728600,41.56,41.86,39.98,40.22,1093237
1561987800,41.47,42.08,40.7,41.86,467849
1562074200,41.99,41.99,40.67,41,159556
1562160600,41.11,41.425,40.54,41.01,171253
1562333400,40.9,40.97,40.11,40.87,264331
1562592600,40.7,40.77,39.32,39.84,227734
1562679000,39.7,40.04,39.3,39.59,310347
1562765400,39.85,40.19,38.74,38.94,236008
1562851800,39.09,39.29,38.03,38.2,173292
1562938200,38.09,39.04,38.02,38.99,270492
1563197400,39,39.26,38.19,38.72,198939
1563283800,38.78,39.04,38.18,38.61,201877
1563370200,38.72,38.72,38.02,38.13,135628
1563456600,38.13,38.29,37.82,38,222694
1563543000,38.01,39.08,37.89,37.91,226935
1563802200,37.95,38.24,37.38,37.68,259760
1563888600,37.82,38.41,37.38,38,298302
1563975000,37.98,38.5964,37.93,38.26,554406
1564061400,38.2,38.66,37.92,38.21,173965
1564147800,38.31,38.395,37.759,37.82,226181
1564407000,37.83,38.015,37.17,37.28,291888
1564493400,37.11,37.495,36.715,37.43,132143
1564579800,37.49,38.04,36.83,36.84,200068
1564666200,36.86,37.73,36.04,36.12,223912
1564752600,36,36.4,35.245,35.56,214127
1565011800,31.75,32.12,27.625,28,1120713
1565098200,28,28.45,26.6,27.21,650668
1565184600,27.26,28.09,27.2,27.64,451419
1565271000,27.77,28.45,27.43,28.37,429317
1565357400,28.39,28.39,27.31,27.51,348191
1565616600,27.24,27.3,26.12,26.14,309733
1565703000,26.15,27.53,26.11,26.97,503305
1565789400,26.48,26.4916,25.85,26.08,587897
1565875800,26.06,26.73,25.93,26.41,249821
1565962200,26.71,27.04,26.49,26.5,248100
1566221400,26.8,26.8769,26.32,26.44,255413
1566307800,26.33,26.98,26.15,26.75,360803
1566394200,27.03,27.76,26.6,27.53,323820
1566480600,27.61,28.02,27.38,27.78,311522
1566567000,27.58,28.42,27.331,27.68,464359
1566826200,28.01,28.14,27.18,27.53,467967
1566912600,27.61,27.61,26.67,26.9,300142
1566999000,26.77,27.52,26.54,27.28,437701
1567085400,27.62,28.26,27.36,27.9,259210
1567171800,28.11,28.5989,27.4716,27.51,366978
1567517400,27.23,27.83,26.98,27.58,306753
1567603800,27.83,28.1,27.42,27.5,235210
1567690200,27.64,28.7,27.6,28.18,247036
1567776600,28.24,28.57,27.41,27.56,186969
1568035800,27.59,27.84,27.31,27.53,205867
1568122200,27.51,28.39,27.39,28.37,220240
1568208600,28.44,29.63,28.02,29.55,246191
1568295000,29.72,29.9499,29.31,29.82,239705
1568381400,29.98,31.21,29.8084,31.1,390365
1568640600,31.11,32.01,30.6,31.21,243282
1568727000,30.93,31.25,30.36,31.17,161027
1568813400,31.67,32.34,31.27,32.27,347447
1568899800,32.31,33.02,31.9,31.92,247813
1568986200,32.07,32.81,31.04,31.19,1439631
1569245400,31.28,31.43,30.29,30.64,292893
1569331800,30.65,30.99,29.55,30.05,208423
1569418200,29.93,30.28,29.58,29.645,243799
1569504600,29.65,29.93,28.8,28.9,180493
1569591000,29.04,29.17,28.48,29,225410
1569850200,29.19,29.53,28.852,29.38,434615
1569936600,29.59,30.13,28.73,29.14,165543
1570023000,29.01,29.15,28.03,28.3,180255
1570109400,28.28,28.54,27.75,28.35,166568
1570195800,28.44,29.43,28.16,29.41,181610
1570455000,29.31,29.65,29.105,29.19,354730
1570541400,29.02,29.18,28.27,28.5,135323
1570627800,28.76,28.99,28.55,28.8,80120
1570714200,28.77,29.34,28.7,28.94,103453
1570800600,29.37,30.02,29.28,29.56,192316
1571059800,29.41,29.77,29.2,29.41,91910
1571146200,29.42,29.94,29.16,29.89,108584
1571232600,29.78,30.735,29.78,30.33,178134
1571319000,30.56,31.185,30.3,30.41,211787
1571405400,30.47,30.47,29.4,29.43,161729
1571664600,29.49,30.12,28.99,29.01,195432
1571751000,28.93,29.18,28.205,29.06,353046
1571837400,29.03,29.59,28.87,29.45,225845
1571923800,29.57,29.855,29.41,29.66,174927
1572010200,29.74,30.34,29.51,30.05,140722
1572269400,30.09,30.35,29.28,29.39,253707
1572355800,29.39,29.67,29.05,29.25,570001
1572442200,29.25,29.45,28.52,28.53,368034
1572528600,28.53,29.12,28.24,28.94,576501
1572615000,29.11,31.42,29.11,31.15,248820
1572877800,31.3,31.63,31.01,31.08,385691
1572964200,29.53,33.24,29.5,31.5,448188
1573050600,30.92,31.85,30.42,31.35,194725
1573137000,31.55,32.26,30.76,30.91,233441
1573223400,30.94,31.56,30.855,31.07,172424
1573482600,30.83,31.385,30.62,31.12,118050
1573569000,31.06,31.47,30.69,31.02,173909
1573655400,30.74,30.9754,29.82,29.83,147148
1573741800,29.87,30.6,29.84,30.52,119173
1573828200,30.71,30.89,30.29,30.67,96225
1574087400,30.57,30.72,29.77,29.89,136576
1574173800,30.1,30.63,29.98,30.5,139607
1574260200,30.33,30.64,30.01,30.12,217296
1574346600,30.2,30.2,29.3,29.54,143481
1574433000,29.67,29.72,28.835,28.89,200202
1574692200,29,29.67,28.8207,29.6,170818
1574778600,29.64,30.1,29.48,29.89,113488
1574865000,29.91,30.25,29.805,29.965,110405
1575037800,29.83,29.945,29.14,29.15,59839
1575297000,29.2,29.4,28.43,28.58,189803
1575383400,28.45,28.815,28.35,28.68,169286
1575469800,28.72,29.25,28.58,28.68,272403
1575556200,28.84,29.41,28.74,29.28,181966
1575642600,29.4,30.24,29.4,30.04,176967
1575901800,29.86,30,29.15,29.45,310215
1575988200,29.41,29.55,29.19,29.33,146753
1576074600,29.25,29.51,29.12,29.35,149176
1576161000,29.26,30.34,29.26,29.59,209329
1576247400,29.39,29.53,28.94,29.26,218894
1576506600,28.92,29.555,28.53,28.94,340739
1576593000,28.94,29.01,28.5,28.76,273648
1576679400,28.77,29.02,28.25,29.005,409691
1576765800,29.11,29.11,27.92,28.09,258894
1576852200,27.95,28.59,27.87,28.52,1143799
1577111400,28.61,28.78,28.14,28.47,190342
1577197800,28.64,28.64,28.095,28.3,74475
1577370600,28.32,28.52,28.03,28.3,213102
1577457000,28.41,28.75,27.89,28.22,259014
1577716200,28.33,28.38,27.97,28.23,123355
1577802600,28.12,28.345,27.93,27.95,146517
1577975400,28.15,28.34,27.55,27.96,227351
1578061800,27.71,28.64,27.71,28.54,162918
1578321000,28.49,28.97,28.24,28.92,153170
1578407400,28.73,28.78,28.25,28.4,215140
1578493800,28.29,28.29,27.51,28.09,434179
1578580200,28.04,28.46,27.95,28.33,158683
1578666600,28.24,28.3,27.97,28.07,238775
1578925800,28.18,28.305,27.96,28.1,197837
1579012200,28.09,28.615,27.91,28.35,184875
1579098600,28.34,28.76,28.34,28.61,205828
1579185000,28.85,29,28.64,28.92,157804
1579271400,29.11,29.11,28.68,28.9,135804
1579617000,28.7,28.7552,27.98,28.21,233476
1579703400,27.6,28.14,27.395,28.06,350549
1579789800,27.84,28.21,27.72,28.02,205947
1579876200,28.04,28.1,27.655,28.045,303874
1580135400,27.84,28.12,27.5,28,422101
1580221800,28.07,28.38,27.831,27.89,177749
1580308200,28.07,28.1782,27.3,27.31,131666
1580394600,27.06,27.2,26.31,26.36,177994
1580481000,26.21,26.22,25.14,25.2,199888
1580740200,25.04,26.53,24.93,26.39,364429
1580826600,26.53,27.205,26.53,26.71,260668
1580913000,26.98,26.985,26.465,26.67,217116
1580999400,26.87,26.91,26.3,26.54,134665
1581085800,26.42,26.42,25.34,25.515,140065
1581345000,25.44,25.825,25.28,25.64,147394
1581431400,25.72,25.85,25.19,25.35,110970
1581517800,25.47,25.72,25.2,25.65,143356
1581604200,25.47,25.65,25.23,25.46,81031
1581690600,25.44,25.505,25.06,25.19,132955
1582036200,25.03,25.17,24.01,24.3,194551
1582122600,24.31,24.73,24.09,24.22,173162
1582209000,24.17,24.435,23.84,24.26,199475
1582295400,24.09,24.64,23.83,24.55,297972
1582554600,23.78,24.11,23.7256,24.01,178072
1582641000,24.01,24.01,22.6,22.73,295589
1582727400,21.1,22.39,20.61,21.5,413113
1582813800,20.85,21.97,19.65,19.69,407192
1582900200,18.75,20.27,18.7,20.27,417558
1583159400,20.3,20.45,19.4429,20.22,232529
1583245800,20.29,21.29,19.59,19.66,269950
1583332200,19.94,20.46,19.21,19.79,240165
1583418600,19.24,19.42,18.01,18.24,220587
1583505000,17.6,18.44,17.3,18.21,219078
1583760600,16.86,17.32,16.31,16.67,274017
1583847000,17.29,17.6325,15.91,16.75,403598
1583933400,16.18,16.85,16.05,16.43,360193
1584019800,15.35,15.63,12.74,12.94,357243
1584106200,13.67,14.76,12.31,14.71,584265
1584365400,8,14.5,8,12.95,431605
1584451800,13.19,13.55,11.25,12.33,443501
1584538200,11.42,11.8683,8.83,9.25,388460
1584624600,9.17,10.69,8.7701,10.15,490165
1584711000,10.26,10.74,7.14,7.37,539858
1584970200,7.93,7.93,6.99,7.15,575468
1585056600,7.58,8.4056,7.35,7.55,647515
1585143000,8.02,8.49,7.42,8.23,951728
1585229400,8.42,9.83,8.3454,9.74,692436
1585315800,9.44,9.53,8.61,9.36,974369
1585575000,9.34,9.34,8.04,8.49,430804
1585661400,8.64,9.5,8.59,9.18,341337
1585747800,8.67,8.76,7.32,7.41,325107
1585834200,7.34,8.26,7.22,7.8,481837
1585920600,7.77,8.0957,7.12,7.37,441235
1586179800,7.84,8.53,7.74,8.48,514284
1586266200,8.91,9.5,8.22,8.5,631833
1586352600,8.9,9.6,8.62,9.08,629172
1586439000,9.55,10.22,9.46,9.57,478200
1586784600,9.49,9.66,8.765,8.9,342455
1586871000,9.28,9.55,8.73,8.82,402378
1586957400,8.4,8.7,8.03,8.56,309355
1587043800,8.55,8.55,7.47,7.52,326979
1587130200,8.07,8.6,7.97,8.09,488516
1587389400,7.9,8.3,7.76,8.09,332836
1587475800,7.8,8.05,7.63,7.68,195410
1587562200,7.85,8.09,7.6,7.62,248490
1587648600,7.76,8.35,7.7,8.05,438246
1587735000,8.07,8.29,7.67,7.98,177573
1587994200,8.06,8.63,8,8.45,213269
1588080600,8.84,9.18,8.49,8.84,342597
1588167000,9.24,9.9,9.24,9.63,382785
1588253400,9.34,9.76,8.97,8.98,271317
1588339800,8.79,9.225,8.53,8.82,312640
1588599000,8.62,8.71,7.84,7.9,450223
1588685400,8.02,8.32,7.64,7.655,402380
1588771800,7.7,7.95,7.09,7.14,618255
1588858200,7.25,8.12,7.25,7.99,556197
1588944600,8.12,8.94,8.12,8.775,506624
1589203800,8.77,8.82,7.94,8.36,769352
1589290200,8.32,9.09,8.32,8.53,402517
1589376600,8.36,8.43,7.56,7.82,295728
1589463000,7.58,7.97,7.1,7.71,252820
1589549400,7.6,7.94,7.53,7.69,204174
1589808600,8.14,8.95,8.14,8.89,298441
1589895000,8.84,9.09,8.36,8.63,329395
1589981400,8.82,9.35,8.81,9.17,231359
1590067800,9.25,9.5,9.2,9.32,210069
1590154200,9.43,9.43,8.8,9,186724
1590499800,9.47,9.75,9.32,9.46,341387
1590586200,9.85,10.05,9.2,9.36,624021
1590672600,9.77,9.77,9.11,9.33,641085
1590759000,9.16,9.45,8.67,9.13,657923
1591018200,9.17,9.75,9.13,9.43,391593
1591104600,9.49,9.83,9.47,9.57,638654
1591191000,9.73,11.54,9.6865,11.41,708766
1591277400,11.81,12.66,11.42,12.52,700746
1591363800,13.64,15.57,13.64,15.31,934979
1591623000,15.89,16.8,15.05,15.46,1032120
1591709400,15.01,15.3,13.08,13.15,749958
1591795800,13.31,13.35,11.37,12.09,552875
1591882200,10.98,11.3599,10.15,10.185,624567
1591968600,11.22,11.46,10.68,11.11,536002
1592227800,10.47,11.05,9.88,11.05,875535
1592314200,11.83,11.99,10.93,11.15,676393
1592400600,11.16,11.16,10.31,10.39,513173
1592487000,10.12,10.79,9.97,10.28,551844
1592573400,10.57,10.605,9.81,10.09,1782436
1592832600,10.06,10.45,9.64,10.28,519357
1592919000,10.46,10.73,10.3,10.62,569059
1593005400,10.36,10.38,9.26,9.3,532801
1593091800,8.92,10.26,8.8,10.08,556484
1593178200,10.06,10.525,9.6298,10.03,1216574
1593437400,10.25,10.88,10.05,10.8,386969
1593523800,10.66,10.85,10.33,10.56,351378
1593610200,10.55,10.95,10.07,10.11,257933
1593696600,10.48,10.7,9.865,9.91,268447
1594042200,10.24,10.49,10,10.37,178983
1594128600,10.18,10.4123,9.52,9.56,193670
1594215000,9.48,9.8,9.37,9.67,223265
1594301400,9.58,10.22,8.82,8.85,297051
1594387800,8.78,9.32,8.6301,9.2,274925
1594647000,9.34,9.69,9.01,9.23,300402
1594733400,9.18,9.48,9.02,9.19,233457
1594819800,9.55,9.94,9.55,9.705,404377
1594906200,9.67,9.67,9.25,9.51,204386
1594992600,9.51,9.68,9.28,9.32,223641
1595251800,9.18,9.335,8.78,8.98,285923
1595338200,9.49,9.8,9.13,9.28,342034
1595424600,9.21,9.675,9.2,9.26,180792
1595511000,9.26,9.63,9.02,9.315,227457
1595597400,9.24,9.47,8.99,9.02,149765
1595856600,8.93,9.11,8.7901,8.985,385975
1595943000,8.96,9.26,8.95,9.03,160758
1596029400,9.05,9.18,8.78,8.81,167961
1596115800,8.85,8.87,8.39,8.64,173486
1596202200,8.64,8.92,8.12,8.7,265992
1596461400,8.62,8.89,8.51,8.74,249330
1596547800,8.8,9.19,8.8,9.16,246954
1596634200,9.26,9.67,9.19,9.64,259049
1596720600,9.67,10.16,9.52,10.12,382885
1596807000,9.99,10.74,9.99,10.69,304702
1597066200,10.79,10.96,10.38,10.6,281257
1597152600,10.82,11.56,10.69,10.72,372641
1597239000,10.92,11.01,9.85,10.13,276236
1597325400,10,10.6498,9.86,10.17,253237
1597411800,10.02,10.46,9.98,10.33,153606
1597671000,10.46,10.949,10.01,10.08,298433
1597757400,10.08,10.19,9.645,9.83,193512
1597843800,9.89,10.17,9.8,9.85,137146
1597930200,9.69,9.83,9.56,9.62,109824
1598016600,9.5,9.63,9.26,9.32,204979
1598275800,9.41,9.66,9.18,9.58,267871
1598362200,9.69,9.7422,9.24,9.45,225508
1598448600,9.46,9.56,9.165,9.22,153527
1598535000,9.22,9.74,9.21,9.3,150650
1598621400,9.43,9.73,9.32,9.68,149367
1598880600,9.58,9.58,9,9.04,387131
1598967000,8.96,9.0699,8.75,8.96,208080
1599053400,8.97,9.56,8.96,9.29,262333
1599139800,9.27,9.57,8.88,8.92,204038
1599226200,9.16,9.25,8.7,8.83,229537
1599571800,8.7,8.81,8.48,8.49,200715
1599658200,8.6,8.6,8.22,8.26,137947
1599744600,8.28,8.35,7.9,7.92,198614
1599831000,8,8.205,7.76,8.14,155974
1600090200,8.22,8.22,8.01,8.14,154881
1600176600,8.21,8.38,7.89,7.98,211814
1600263000,8,8.67,7.92,8.52,331160
1600349400,8.42,8.58,8.2701,8.54,422675
1600435800,8.6,9.14,8.56,9,445455
1600695000,8.67,8.73,8.21,8.26,335381
1600781400,8.33,8.57,8.18,8.32,252875
1600867800,8.36,8.53,7.89,7.9,199405
1600954200,7.85,7.85,7.42,7.6,357235
1601040600,7.55,7.99,7.55,7.87,179360
1601299800,8,8.29,7.96,7.99,119958
1601386200,7.93,7.93,7.67,7.7,139172
1601472600,7.68,7.95,7.62,7.72,287491
1601559000,7.74,8.01,7.74,7.91,171614
1601645400,7.65,8.1,7.65,8.05,114039
1601904600,8.12,8.265,8.09,8.2,125298
1601991000,8.34,8.45,7.72,7.74,181841
1602077400,8.16,8.16,7.81,8.07,105667
1602163800,8.14,8.2113,7.79,8.09,253286
1602250200,8.23,8.4471,8.07,8.24,127878
1602509400,8.29,8.43,8.1392,8.29,113953
1602595800,8.14,8.14,7.88,7.97,709069
1602682200,7.94,8.12,7.9,7.91,110839
1602768600,8.065,8.065,7.6,7.77,123659
1602855000,7.84,7.88,7.67,7.74,227931
1603114200,7.77,7.93,7.49,7.51,163170
1603200600,7.63,7.74,7.57,7.63,151572
1603287000,7.63,7.65,7.41,7.44,119289
1603373400,7.45,7.62,7.39,7.52,148135
1603459800,7.59,7.6499,7.4,7.52,213041
1603719000,7.58,7.6274,7.05,7.14,305585
1603805400,7.1,7.15,6.95,7,191957
1603891800,6.81,7,6.61,6.62,955740
1603978200,6.68,7.06,6.56,6.92,263885
1604064600,6.92,7.15,6.2993,6.4,395530
1604327400,6.51,6.74,6.32,6.71,363884
1604413800,6.84,7.1204,6.7219,6.97,372832
1604500200,6.87,7.17,6.54,6.76,278397
1604586600,6.77,6.9,6.7415,6.81,208215
1604673000,6.84,6.88,6.735,6.79,239191
1604932200,7.55,8.92,7.55,8.5,1247595
1605018600,8.77,9.21,8.66,8.85,772738
1605105000,8.93,8.93,8.28,8.4,652698
1605191400,8.19,8.1902,7.52,7.64,586922
1605277800,7.76,8.76,7.7538,8.71,292353
1605537000,9.08,9.47,9.05,9.26,503043
1605623400,9.01,9.33,8.55,9.29,375951
1605709800,9.76,10.124,9.2,9.29,586827
1605796200,9.2,9.54,8.99,9.5,352131
1605882600,10.33,11.4494,10.31,11.28,1325962
1606141800,12.27,13.15,11.84,12.82,1083122
1606228200,13.46,13.6,11.95,12.64,888882
1606314600,12.38,12.82,11.95,12.55,378767
1606487400,12.64,12.73,11.92,12.3,202150
1606746600,12.2,12.2,11.25,11.42,1050286
1606833000,12.4,12.65,11.98,12.02,379449
1606919400,11.8,12.59,11.5,12.5,393948
1607005800,12.86,12.94,12.31,12.69,430709
1607092200,12.9,13.18,12.65,13.15,381264
1607351400,13.12,13.24,12.36,12.48,456442
1607437800,12.36,12.73,12.225,12.62,354709
1607524200,12.83,12.9533,11.7801,12.2,353982
1607610600,12.01,12.34,11.92,12.12,316206
1607697000,12.03,12.03,11.48,11.68,270034
1607956200,11.91,12.22,11.59,11.64,229992
1608042600,11.79,12.17,11.57,12.09,236124
1608129000,12.13,12.34,11.71,11.95,287538
1608215400,11.93,12.37,11.8,12.26,260327
1608301800,12.28,12.59,12.025,12.4,516020
1608561000,11.85,12.29,11.79,11.98,437192
1608647400,12.12,12.17,11.71,11.95,205641
1608733800,12.13,13.13,12,13.09,379863
1608820200,13.03,13.5,12.75,13.08,381510
1609165800,13.25,14.11,13.21,13.64,353688
1609252200,13.65,13.65,12.58,12.75,310839
1609338600,12.82,13.4,12.82,13.15,191443
1609425000,13.06,13.32,12.94,13.23,192266
1609770600,13.34,13.34,12,12.14,263779
1609857000,12.12,12.7,12.12,12.47,207114
1609943400,12.77,13.435,12.58,13.02,460899
1610029800,13.12,13.2,12.65,12.71,164659
1610116200,12.92,13.18,12.45,13.14,321669
1610375400,12.85,13.38,12.8,12.91,177886
1610461800,12.97,13.42,12.97,13.39,176761
1610548200,13.31,14.09,13.22,14,376280
1610634600,14.25,14.72,14.09,14.38,412749
1610721000,14.07,14.175,13.8,14.14,334165
1611066600,14.42,14.56,14.24,14.52,241535
1611153000,14.58,14.64,14.4143,14.5,233794
1611239400,14.55,14.55,14.07,14.45,384806
1611325800,14.23,14.8,14.03,14.67,274186
1611585000,14.64,14.66,13.89,14.03,931979
1611671400,14.29,14.61,14.15,14.39,443756
1611757800,14.01,14.31,13.46,13.53,359221
1611844200,13.78,13.9594,13.11,13.35,333630
1611930600,13.42,13.5,12.41,12.46,285619
1612189800,12.59,12.7999,12.11,12.29,278341
1612276200,12.58,13.15,12.31,13.09,206758
1612362600,13.16,13.65,13.16,13.61,212036
1612449000,13.76,14.0821,13.64,14.01,183186
1612535400,14.26,14.31,13.99,14.08,148677
1612794600,14.29,14.84,14.14,14.81,386624
1612881000,14.81,15.29,14.4367,15.17,481289
1612967400,15.4,15.6807,15.2,15.35,243047
1613053800,15.36,15.83,15.05,15.56,250894
1613140200,15.55,15.95,15.29,15.74,244551
1613485800,15.97,16.25,15.83,16.14,228352
1613572200,16.44,16.8,15.67,16.77,224134
1613658600,16.67,16.8987,16.101,16.25,203365
1613745000,16.47,16.83,16.33,16.6,152986
1614004200,16.58,17.77,16.53,17.52,294882
1614090600,16.88,17,14.865,15.95,627666
1614177000,16.08,17.65,15.98,17.57,385544
1614263400,17.69,17.69,16.05,16.3,392534
1614349800,16.43,16.605,15.52,15.8,355388
1614609000,16.44,16.67,16.1,16.445,227438
1614695400,16.32,16.74,15.58,15.58,196664
1614781800,15.72,17.08,15.69,16.38,345040
1614868200,16.42,17.16,15.12,15.78,357958
1614954600,16.1,16.33,14.7864,15.77,281939
1615213800,15.88,16.315,15.41,15.79,237744
1615300200,15.67,15.99,15.375,15.61,216056
1615386600,15.85,17.05,15.835,16.52,298225
1615473000,16.7,17.25,16.4,17.24,181422
1615559400,17.34,18.58,17.34,18.41,296652
1615815000,18.68,18.95,17.608,17.87,438190
1615901400,17.95,17.95,17.235,17.77,267690
1615987800,17.73,18.65,17.58,18.65,205815
1616074200,18.59,19.575,17.865,19,427009
1616160600,19.16,19.3,18.11,18.78,485271
1616419800,18.76,18.83,18.04,18.42,286435
1616506200,18.18,18.18,16.805,17.03,316341
1616592600,17.29,18.02,16.65,16.66,231987
1616679000,16.34,17.36,15.9702,17.26,232800
1616765400,17.69,17.94,17,17.33,170419
1617024600,17.17,17.8,17.08,17.47,194132
1617111000,17.54,18.275,17.4,17.97,196007
1617197400,18.1,18.22,17.81,18.04,325683
1617283800,18.22,18.4899,17.95,18.24,218994
1617629400,18.43,18.64,18.205,18.51,123264
1617715800,18.4,18.78,18.37,18.43,154382
1617802200,18.41,18.41,18.09,18.2,144657
1617888600,18.31,18.4,17.9,18.39,97166
1617975000,18.49,18.87,18.03,18.36,132135
1618234200,18.62,18.62,17.7,18.29,113804
1618320600,18.03,18.03,17.44,17.57,159535
1618407000,17.64,18.07,17.52,17.59,71783
1618493400,17.84,17.85,16.94,17.1,182345
1618579800,17.31,17.41,16.89,17.36,124116
1618839000,17.27,17.42,16.97,17.21,199492
1618925400,17.12,17.395,16.52,16.63,194969
1619011800,16.44,17.265,16.17,17.22,155035
1619098200,17.35,17.45,16.9712,16.98,176834
1619184600,17,17.25,16.51,17.19,77239
1619443800,17.34,17.65,17.19,17.23,87119
1619530200,17.22,17.28,17,17.11,86091
1619616600,17.1,17.23,17.05,17.15,109532
1619703000,17.26,17.78,17.015,17.22,70175
1619789400,17,17.47,17,17.41,174426
1620048600,17.57,17.98,17.39,17.9,138313
1620135000,17.79,17.95,17.195,17.69,124944
1620221400,17.91,18.22,17.46,17.57,166317
1620307800,17.56,17.56,16.22,17.11,355182
1620394200,16.76,17.2585,15.51,15.61,361565
1620653400,15.69,15.8594,15.25,15.68,252238
1620739800,15.37,16.1,15.1179,15.91,164709
1620826200,15.83,15.97,15.57,15.61,298576
1620912600,15.7,16.52,15.7,16.41,208055
1620999000,16.51,16.62,16.04,16.09,151012
1621258200,15.97,16.07,15.51,15.69,127987
1621344600,15.8,16.14,15.655,16,171426
1621431000,15.71,15.95,15.33,15.6,121069
1621517400,15.66,15.66,15.195,15.5,106462
1621603800,15.7,16.15,15.63,15.99,113120
1621863000,16.01,16.35,16,16.31,70216
1621949400,16.49,16.99,16.035,16.06,145941
1622035800,16.15,16.46,16.04,16.41,127009
1622122200,16.66,17.28,16.66,17.14,162129
1622208600,17.14,17.26,16.8,16.96,157363
1622554200,17.18,17.64,16.99,17.55,176339
1622640600,17.69,17.96,17.13,17.61,137333
1622727000,17.55,17.77,17.34,17.69,90411
1622813400,17.43,18.27,17.43,18.24,117508
1623072600,18.33,18.82,18.2,18.77,110295
1623159000,18.79,19.42,18.37,18.62,156626
1623245400,18.72,18.85,18.07,18.11,104770
1623331800,18.18,18.42,18.02,18.03,128938
1623418200,18.19,19.26,18.19,19.23,190365
1623677400,19.38,20.61,19.21,20.51,386901
1623763800,20.53,20.9279,19.34,19.78,246664
1623850200,19.68,19.9899,19.33,19.45,174867
1623936600,19.31,19.65,18.4,18.54,188504
1624023000,18.21,18.44,17.35,17.39,1480510
1624282200,17.44,18.24,17.14,18.16,281608
1624368600,18.17,18.17,17.21,17.92,221106
1624455000,17.91,18.26,17.56,17.97,169695
1624541400,17.99,18.01,17.56,17.92,175745
1624627800,18,18.02,17.54,17.55,433988
1624887000,17.42,17.45,16.68,16.83,149842
1624973400,17,17.02,16.47,16.5,139599
1625059800,16.47,17.6,16.37,17.51,187588
1625146200,17.88,17.99,17.34,17.94,169818
1625232600,17.93,18.06,17.52,17.81,107738
1625578200,17.98,17.98,17.24,17.43,122467
1625664600,17.26,17.67,16.79,17.18,158907
1625751000,16.79,17.85,16.62,17.68,240904
1625837400,17.99,19,17.92,18.43,170178
1626096600,18.22,19.28,18.19,19.25,169707
1626183000,19.09,19.22,18.61,18.79,207051
1626269400,18.88,19.16,18.345,18.56,165496
1626355800,18.35,18.66,18.22,18.41,185515
1626442200,18.71,19.07,18.54,18.93,220987
1626701400,17.94,18.4,16.97,17.38,470158
1626787800,17.47,18.9,17.47,18.68,202402
1626874200,18.68,19.09,18.145,18.45,181570
1626960600,18.3,18.42,17.64,17.85,340893
1627047000,18.01,18.19,17.36,17.42,146664
1627306200,17.46,17.835,17.46,17.7,84821
1627392600,17.5,17.845,17.26,17.33,113334
1627479000,17.6,17.9,17.185,17.5,174722
1627565400,17.75,17.95,17.53,17.55,52549
1627651800,17.51,17.65,16.96,17.08,92489
1627911000,17.16,17.74,17.01,17.06,121406
1627997400,17.19,17.19,16.25,16.53,238997
1628083800,16.17,16.36,15.7201,15.96,148487
1628170200,16.1,17.105,16.1,16.59,243226
1628256600,15.61,16.8,15.1,15.56,266467
1628515800,15.4,15.44,13.95,14.13,437381
1628602200,14.16,14.3001,13.62,14.22,388672
1628688600,14.48,14.87,14,14.57,376850
1628775000,14.66,14.667,14.03,14.12,171127
1628861400,14.2,14.2,13.55,13.59,168307
1629120600,13.57,14.28,13.26,13.98,196132
1629207000,13.78,13.85,13.34,13.43,122348
1629293400,13.36,13.68,13.03,13.22,85881
1629379800,13.15,13.39,12.56,12.77,264750
1629466200,12.74,13.26,12.5433,13.14,159836
1629725400,13.3,13.45,12.93,13.2,109057
1629811800,13.25,13.75,13.24,13.41,91582
1629898200,13.32,13.46,13.12,13.365,142726
1629984600,13.38,13.51,13.16,13.32,106974
1630071000,13.57,14.03,13.35,13.9,81434
1630330200,14.06,14.06,13.43,13.5,103139
1630416600,13.52,13.635,13.26,13.36,80950
1630503000,13.48,13.54,13.32,13.41,76038
1630589400,13.44,13.76,13.44,13.63,57801
1630675800,13.97,13.97,13.4225,13.69,88845
1631021400,13.58,13.88,13.39,13.62,78903
1631107800,13.65,13.735,13.28,13.29,62030
1631194200,13.23,13.48,13.08,13.08,93665
1631280600,13.27,13.46,13.02,13.19,135070
1631539800,13.36,13.78,13.24,13.52,92916
1631626200,13.63,13.65,12.93,12.99,129388
1631712600,13,13.16,12.77,13.12,83223
1631799000,13.11,13.11,12.815,12.96,65037
1631885400,13,13.2,12.59,12.61,661444
1632144600,12.82,14.26,12.55,13.66,387210
1632231000,13.61,13.65,12.89,13.03,165002
1632317400,13.08,13.64,13.08,13.54,93179
1632403800,13.59,14.16,13.59,14.08,100541
1632490200,14.03,14.245,14.01,14.11,59674
1632749400,14.24,14.6699,14.24,14.42,131591
1632835800,14.54,14.65,14.03,14.24,195607
1632922200,14.29,14.415,13.93,14.23,95274
1633008600,14.2,14.375,14.05,14.06,84620
1633095000,14.17,14.87,14.1208,14.84,162501
1633354200,14.78,14.955,14.27,14.38,104029
1633440600,14.47,14.47,14,14.24,53530
1633527000,14.01,14.13,13.74,14,85746
1633613400,14.04,14.34,14.04,14.17,89959
1633699800,14.13,14.15,13.9,13.9,55056
1633959000,14.08,14.24,13.75,13.77,71781
1634045400,13.72,13.95,13.61,13.69,64684
1634131800,13.67,13.8,13.265,13.65,55039
1634218200,13.78,13.86,13.42,13.68,99953
1634304600,13.96,14.36,13.3661,14.13,150546
1634563800,13.94,13.94,13.47,13.71,81165
1634650200,13.81,13.87,13.52,13.8,86111
1634736600,13.72,13.895,13.24,13.56,91225
1634823000,13.55,13.85,13.37,13.53,86029
1634909400,13.45,13.6,13.14,13.27,70266
1635168600,13.24,13.96,13.13,13.18,65765
1635255000,13.25,13.42,12.96,13.19,77554
1635341400,13.15,13.335,12.85,12.87,62597
1635427800,12.87,13.24,12.64,12.76,124202
1635514200,13.26,13.26,12.57,12.9,185450
1635773400,12.9,13.59,12.9,13.52,106152
1635859800,13.58,13.58,13.06,13.27,59932
1635946200,13,13.6699,13,13.51,82640
1636032600,13.54,13.64,13.21,13.48,75614
1636119000,13.87,14.58,13.87,14.55,119606
1636381800,14,14.45,13.26,14.31,231042
1636468200,14.31,14.39,13.91,14.24,98166
1636554600,14.13,14.5484,13.74,14.38,85438
1636641000,14.4,14.78,14.16,14.44,162453
1636727400,14.43,14.7,14.01,14.14,143627
1636986600,14.32,14.47,13.83,14,140229
1637073000,13.96,13.96,13.45,13.72,97646
1637159400,13.62,13.765,13.44,13.52,84357
1637245800,13.51,13.54,13.01,13.06,119662
1637332200,12.89,13.0698,12.65,12.7,190684
1637591400,13.05,13.07,12.5,12.61,125940
1637677800,12.62,12.91,12.36,12.42,123078
1637764200,12.6,12.6,12.26,12.3,87333
1637937000,11.61,11.67,10.81,11.42,182336
1638196200,11.48,11.52,10.62,10.64,281498
1638282600,10.75,10.75,10.225,10.46,362406
1638369000,11,11.08,10.07,10.17,260162
1638455400,10.36,10.5,10,10.3,232547
1638541800,10.3,10.43,9.94,10.04,263572
1638801000,10.22,11,10.08,10.8,175434
1638887400,10.93,11.2,10.75,10.8,127984
1638973800,10.73,11.32,10.73,11.13,226457
1639060200,10.96,11.29,10.7,10.74,131258
1639146600,11.04,11.04,10.51,10.7,86614
1639405800,10.59,10.59,10.1,10.33,181829
1639492200,10.37,10.49,10.16,10.26,130551
1639578600,10.23,10.5,10,10.5,168118
1639665000,10.56,10.85,10.22,10.31,190647
1639751400,10.31,12.22,10.1,11.22,1082012
1640010600,10.81,10.92,10.35,10.54,149268
1640097000,10.67,11.32,10.67,11.25,124203
1640183400,11.3,11.56,11.215,11.56,152214
1640269800,11.61,11.87,11.55,11.7,161963
1640615400,11.73,11.94,11.58,11.91,115860
1640701800,11.92,12.28,11.53,11.98,137003
1640788200,11.95,12.13,11.66,12.07,224596
1640874600,12.07,12.3205,11.871,11.97,117004
1640961000,12,12.16,11.87,12,102844
1641220200,12.05,12.305,11.92,12.02,232194
1641306600,12.13,12.89,12.13,12.87,127969
1641393000,12.94,13.37,12.92,13.24,143311
1641479400,13.27,13.48,12.98,13.33,114492
1641565800,13.24,13.755,13.2,13.63,143900
1641825000,13.57,13.75,12.93,13.26,169256
1641911400,13.26,13.56,12.875,13.17,199721
1641997800,13.32,13.46,13.02,13.03,93013
1642084200,13.08,13.2625,12.72,12.75,118948
1642170600,12.68,13.17,12.48,13.11,153665
1642516200,13.21,13.21,12.79,13,186806
1642602600,12.86,13.24,12.715,12.99,158328
1642689000,12.99,13.2,12.35,12.37,156240
1642775400,12.18,12.49,12.08,12.36,198225
1643034600,12.14,12.5,11.76,12.41,194815
1643121000,12.22,13.065,12.02,13,140105
1643207400,13.08,13.27,12.2694,12.38,110681
1643293800,12.4,12.4,11.5,11.61,188856
1643380200,11.56,12.25,11.24,11.94,240029
1643639400,11.79,12.18,11.7,12.03,183325
1643725800,12.12,12.55,11.885,12.03,124090
1643812200,11.97,12.19,11.47,12.03,160334
1643898600,11.87,12.13,11.47,11.49,89683
1643985000,11.45,11.48,11.11,11.38,137403
1644244200,11.44,11.76,11.38,11.6,114359
1644330600,12.16,12.84,12.16,12.49,241748
1644417000,12.52,12.89,12.48,12.87,308559
1644503400,12.67,13.29,12.67,13.1,123388
1644589800,13.03,13.55,13.03,13.5,188931
1644849000,13.55,13.77,13.29,13.43,189469
1644935400,13.03,13.965,13.03,13.83,113432
1645021800,13.84,14.1,13.77,14.08,138115
1645108200,14.01,14.22,13.71,14.15,89931
1645194600,14.13,14.57,13.882,13.93,141959
1645540200,13.76,14.02,13.42,13.6,127921
1645626600,13.71,13.75,13.48,13.56,146643
1645713000,13.06,14.04,13.06,14.02,114362
1645799400,14.06,14.29,13.97,14.23,60862
1646058600,14.25,14.87,14.24,14.71,132267
1646145000,14.7,14.7,14.05,14.17,106279
1646231400,13.5,14.365,12.3279,14.21,197837
1646317800,14.16,14.16,13.005,13.18,127165
1646404200,13.02,13.02,12.45,12.9,127938
1646663400,13,13.5195,12.88,12.88,236550
1646749800,13.02,13.86,12.89,13.18,153599
1646836200,13.34,13.985,13.28,13.68,161212
1646922600,13.49,13.6796,13.2,13.28,144399
1647009000,13.38,13.4499,12.78,12.78,142494
1647264600,12.89,12.97,12.64,12.95,125381
1647351000,12.99,13.11,12.71,12.99,428181
1647437400,13,13.365,12.85,13,286227
1647523800,13,13,12.73,12.9,125370
1647610200,12.92,13.37,12.83,13.14,356963
1647869400,13.12,13.2,12.855,13,138947
1647955800,13.09,13.52,13,13.24,250398
1648042200,13.24,13.26,12.94,13,192739
1648128600,13.12,13.89,12.97,13.77,454805
1648215000,13.74,14.38,13.64,13.74,243515
1648474200,13.7,13.8,13.12,13.38,159558
1648560600,13.52,13.76,13.32,13.4,100046
1648647000,13.32,13.475,13.02,13.07,83865
1648733400,13.11,13.31,12.78,12.93,144456
1648819800,13,13.19,12.68,13.02,147068
1649079000,13,13.11,12.44,12.51,106645
1649165400,12.52,12.7,11.6,11.63,165263
1649251800,11.43,11.6,11.0004,11.43,144285
1649338200,11.4,11.75,11.23,11.7,132315
1649424600,11.83,11.87,11.31,11.37,112434
1649683800,11.28,11.68,11.2,11.29,62788
1649770200,11.39,11.815,11.29,11.58,63791
1649856600,11.57,11.98,11.57,11.92,54892
1649943000,12.09,12.255,11.92,11.97,75461
1650288600,11.94,11.94,11.48,11.7,78134
1650375000,11.69,12.01,11.61,11.63,63772
1650461400,11.75,11.755,11.52,11.59,79160
1650547800,11.65,11.75,11.01,11.13,85880
1650634200,11.06,11.4,10.915,10.98,94296
1650893400,10.83,11.17,10.45,10.73,135298
1650979800,10.59,11.03,10.1995,10.32,105453
1651066200,10.29,10.5,9.98,10,160927
1651152600,10.08,10.2738,9.24,10.08,263288
1651239000,9.99,10.44,9.66,9.69,126205
1651498200,9.62,9.8,9.375,9.62,83319
1651584600,9.55,9.76,9.34,9.5,205361
1651671000,9.59,9.93,9.39,9.9,125690
1651757400,9.76,9.92,9.7,9.8,289842
1651843800,10.05,11.38,9.69,10.73,252607
1652103000,10.45,10.45,9.67,10.12,258884
1652189400,10.26,10.64,10.1,10.59,153712
1652275800,10.68,11.12,10.3,10.36,152878
1652362200,10.25,10.56,10.15,10.54,103691
1652448600,10.57,10.86,10.47,10.71,90879
1652707800,10.7,11.1,10.575,10.64,82163
1652794200,10.84,11.4,10.72,11.2,96440
1652880600,11.02,11.35,10.65,10.76,88253
1652967000,10.75,11.14,10.45,10.51,109791
1653053400,10.59,10.88,9.905,10.15,96055
1653312600,10.15,10.2,9.82,10.03,95960
1653399000,9.97,10.12,9.53,9.9,88460
1653485400,9.83,10.1225,9.83,10.06,71256
1653571800,10.16,10.42,10.11,10.22,59286
1653658200,10.31,10.6,10.08,10.55,141769
1654003800,10.53,10.63,10.365,10.5,63945
1654090200,10.59,10.75,10.45,10.52,89056
1654176600,10.47,10.93,10.39,10.8,63680
1654263000,10.77,10.89,10.4,10.74,89747
1654522200,10.87,11.5,10.71,10.83,71017
1654608600,10.72,10.93,10.64,10.89,58569
1654695000,10.9,11.71,10.85,11.68,129149
1654781400,11.57,11.635,11.26,11.28,85768
1654867800,11.05,11.6,10.87,11.51,169049
1655127000,11.16,11.65,10.8,11.55,581513
1655213400,11.55,11.55,10.56,10.84,199750
1655299800,10.91,11.5,10.89,11.34,191675
1655386200,11.07,11.1,10.15,10.83,132192
1655472600,10.94,11.15,10.685,11.08,248963
1655818200,11.22,11.45,10.9,10.97,128651
1655904600,10.8,10.95,10.61,10.76,117543
1655991000,10.75,10.82,10.3901,10.76,63757
1656077400,10.79,11.05,10.72,10.76,159401
1656336600,10.87,10.93,10.428,10.85,98981
1656423000,10.86,11.12,10.54,10.54,71834
1656509400,10.71,10.99,9.675,9.83,97878
1656595800,9.67,10.19,9.555,10.17,127602
1656682200,10,10.49,10,10.4,56020
1657027800,10.18,10.18,9.84,10.06,73283
1657114200,10.07,10.17,9.62,9.93,59954
1657200600,9.88,10.47,9.88,10.19,78020
1657287000,10.25,10.39,9.99,10.11,92145
1657546200,10.55,10.55,9.79,9.84,39065
1657632600,9.77,10.1656,9.77,10.02,27142
1657719000,9.76,10,9.73,9.88,31392
1657805400,9.71,9.82,9.5301,9.75,48672
1657891800,9.96,10.6875,9.65,10.08,58455
1658151000,10.17,10.8599,10.17,10.49,86243
1658237400,10.53,10.7,10.414,10.49,47270
1658323800,10.42,10.71,10.1953,10.49,55717
1658410200,10.52,10.52,10.14,10.41,60918
1658496600,10.35,10.46,10.14,10.24,58386
1658755800,10.29,10.49,10.1527,10.465,44539
1658842200,10.505,10.54,10.24,10.32,31861
1658928600,10.34,10.7,10.34,10.66,78403
1659015000,10.78,10.88,10.55,10.77,54653
1659101400,10.7,11.27,10.7,11.22,66912
1659360600,11.1,11.33,10.725,11.11,74336
1659447000,11,11.21,10.78,10.95,60241
1659533400,11.06,11.3,10.72,11.16,49339
1659619800,11.08,11.5,10.94,11.34,57642
1659706200,11.16,11.27,10.92,11.02,53290
1659965400,11,11.22,10.66,11.17,73199
1660051800,11.23,11.71,11.01,11.52,74518
1660138200,11.55,11.7429,11.3401,11.5,136982
1660224600,11.5,11.66,11.455,11.5,93351
1660311000,11.5,11.88,11.12,11.67,77884
1660570200,11.54,11.95,10.6997,11.93,67564
1660656600,11.85,12.31,11.66,12.23,98402
1660743000,12.05,12.18,11.815,11.86,66469
1660829400,11.78,12.025,11.74,11.9,35670
1660915800,11.72,11.72,11.47,11.52,58404
1661175000,11.32,11.38,11.02,11.25,94696
1661261400,11.2,11.5,11.06,11.07,70377
1661347800,11.06,11.22,10.67,10.73,75970
1661434200,10.69,10.9,10.55,10.64,63728
1661520600,10.94,10.94,10,10.07,69069
1661779800,10.09,10.24,9.81,9.85,74024
1661866200,9.79,9.83,9.42,9.47,92694
1661952600,9.44,9.47,9.19,9.21,149364
1662039000,9.3,9.3,8.72,8.76,188817
1662125400,8.9,9.1,8.63,8.76,219667
1662471000,8.76,8.77,8.5,8.6,153737
1662557400,8.55,8.69,8.445,8.6,124274
1662643800,8.5,8.9,8.46,8.83,88186
1662730200,9.02,9.07,8.81,8.84,141040
1662989400,8.87,9.45,8.8,9.41,98587
1663075800,9.28,9.42,8.65,8.78,103345
1663162200,8.86,8.94,8.64,8.86,143293
1663248600,8.85,8.87,8.55,8.7,233927
1663335000,8.54,8.54,8.19,8.38,229062
1663594200,8.31,8.51,8.12,8.32,178543
1663680600,8.31,8.76,8.23,8.75,259295
1663767000,8.81,9.0738,8.62,8.85,153851
1663853400,8.75,8.83,8.27,8.62,197205
1663939800,8.62,8.62,8.25,8.33,131310
1664199000,8.28,8.59,8.25,8.34,110109
1664285400,8.39,8.565,8.3,8.35,116859
1664371800,8.44,8.455,8.24,8.36,95063
1664458200,8.23,8.23,7.885,8.07,100508
1664544600,8.03,8.23,7.84,7.86,91153
1664803800,7.91,8.41,7.83,8.35,107154
1664890200,8.42,8.72,8.29,8.37,117801
1664976600,8.2,8.35,8,8.02,98616
1665063000,7.95,8.125,7.86,7.93,98642
1665149400,7.91,7.91,7.61,7.61,111641
1665408600,7.75,8.05,7.6,7.96,145652
1665495000,7.87,8.3,7.86,8.15,162576
1665581400,8.07,8.07,7.56,7.72,212304
1665667800,7.56,8.2,7.53,8.04,100439
1665754200,8.03,8.23,7.985,8.02,79506
1666013400,8.14,8.31,8.02,8.15,101361
1666099800,8.27,8.455,8.25,8.3,242097
1666186200,8.33,8.385,8.13,8.37,81656
1666272600,8.32,8.49,8.07,8.14,72376
1666359000,8.22,8.36,8.05,8.26,68024
1666618200,8.27,8.44,8.1,8.42,89505
1666704600,8.37,8.67,8.37,8.54,113480
1666791000,8.58,8.849,8.4,8.67,71144
1666877400,8.75,9.1151,8.75,8.9,54792
1666963800,8.91,9.295,8.81,9.14,66781
1667223000,9.08,9.33,8.8,9.26,85613
1667309400,9.41,9.595,9.31,9.56,118907
1667395800,9.5,9.64,9.01,9.02,110189
1667482200,8.86,9.32,8.78,9.17,79409
1667568600,9.32,9.44,9.05,9.44,66581
1667831400,9.48,9.54,9.295,9.48,115973
1667917800,9.25,9.32,8.135,8.18,181893
1668004200,8.1,8.165,7.59,7.61,97388
1668090600,7.91,8.66,7.6851,8.65,158681
1668177000,8.65,8.96,8.54,8.78,122641
1668436200,8.66,8.66,8.23,8.36,153812
1668522600,8.59,8.9699,8.34,8.9,142593
1668609000,8.55,8.69,7.53,7.62,244205
1668695400,7.6,7.82,7.46,7.79,119230
1668781800,7.96,8.35,7.835,8.14,148128
1669041000,8.06,8.4694,7.945,8.11,132297
1669127400,8.18,8.4,7.95,8.3,106877
1669213800,8.28,8.49,8.19,8.31,72837
1669386600,8.36,8.36,8.111,8.3,38165
1669645800,8.17,8.26,7.66,7.76,110128
1669732200,7.71,8.14,7.65,7.98,172749
1669818600,7.92,8.4,7.805,8.4,158902
1669905000,8.43,8.83,8.225,8.67,163143
1669991400,8.51,9.15,8.25,9.13,106606
1670250600,9.11,9.2,8.92,9,96088
1670337000,9.51,10.85,9.51,10.4,659397
1670423400,10.25,10.8924,10.085,10.6,225934
1670509800,10.64,10.91,10.46,10.88,194666
1670596200,10.69,10.875,10.44,10.45,189336
1670855400,10.45,10.45,9.69,9.84,221069
1670941800,10.04,10.41,9.88,10.32,203960
1671028200,10.36,10.47,10.1,10.14,197075
1671114600,10.08,10.08,9.65,9.74,175242
1671201000,9.57,9.8,9.39,9.67,229993
1671460200,9.67,9.74,9.59,9.59,153610
1671546600,9.62,9.73,9.23,9.58,173359
1671633000,9.71,9.93,9.67,9.84,113639
1671719400,9.74,9.74,9.2627,9.53,136843
1671805800,9.55,9.69,9.33,9.48,54708
1672151400,9.37,9.86,9.335,9.77,146376
1672237800,9.8,9.931,9.04,9.6,174721
1672324200,9.63,10.06,9.485,10.01,136582
1672410600,9.92,10.36,9.86,10.3,85855
1672756200,10.38,10.73,10,10.14,188314
1672842600,10.33,10.43,10.17,10.28,164253
1672929000,10.13,10.41,9.93,10.33,57617
1673015400,10.34,10.82,10.34,10.63,143939
1673274600,10.8,10.8,10.17,10.18,92639
1673361000,10.06,10.335,9.92,10.29,148702
1673447400,10.21,10.88,10.21,10.74,93744
1673533800,10.75,11.02,10.5,10.97,197666
1673620200,10.82,11.13,10.82,10.99,106261
1673965800,10.93,10.9799,10.63,10.65,127195
1674052200,10.72,10.775,10.45,10.5,295324
1674138600,10.45,10.585,10.23,10.34,83144
1674225000,11.75,14.86,11.56,14.66,3737932
1674484200,14.44,15.04,13.7,14.6,928199
1674570600,14.6,15.2132,14.43,14.86,348512
1674657000,14.52,15.0899,14.3171,14.91,278382
1674743400,15.01,15.22,14.2,14.46,269207
1674829800,14.6,15.21,14.46,14.78,165570
1675089000,14.51,14.93,14.51,14.68,161021
1675175400,14.73,15.065,14.73,14.85,167961
1675261800,14.81,15.35,14.6,14.79,203286
1675348200,14.82,15.45,14.74,14.94,198684
1675434600,14.8,15.155,14.52,14.66,173179
1675693800,14.56,14.67,14.23,14.49,137405
1675780200,14.49,14.8,14.33,14.6,183600
1675866600,14.41,14.51,14.21,14.28,97334
1675953000,14.43,14.6143,13.79,13.81,174679
1676039400,13.73,14.09,13.51,13.94,227278
1676298600,13.88,14.49,13.79,14.44,156043
1676385000,14.26,15.15,14.26,14.97,204515
1676471400,14.93,15.35,14.768,15.22,137967
1676557800,14.96,15.115,14.1,14.81,173329
1676644200,14.89,15.12,14.56,14.59,113002
1676989800,14.45,14.72,14.45,14.51,114884
1677076200,14.54,15.11,14.43,14.79,137368
1677162600,14.92,15.3,14.83,15.04,142328
1677249000,14.78,14.78,14.34,14.59,170391
1677508200,14.75,15,14.67,14.79,105580
1677594600,14.74,15.54,14.74,15.24,249472
1677681000,15.24,15.27,14.55,15.2,137528
1677767400,14.95,15.98,14.89,15.71,265094
1677853800,14.3,14.99,12.51,14.71,449596
1678113000,14.87,14.87,13.82,14.12,242189
1678199400,14.1,14.53,14.07,14.47,163425
1678285800,14.57,14.65,13.81,13.98,107271
1678372200,14.03,14.105,13.42,13.51,166785
1678458600,13.37,13.55,12.92,13.14,181997
1678714200,12.89,13.5675,12.53,12.82,200610
1678800600,13.26,13.395,12.92,13.11,205777
1678887000,12.79,12.885,12.13,12.63,237946
1678973400,12.43,13.02,12.355,12.79,131277
1679059800,12.54,12.54,12.21,12.4,615705
1679319000,12.63,12.9,12.57,12.62,135994
1679405400,12.88,13.205,12.88,13.15,84083
1679491800,13.15,13.15,12.72,12.73,100223
1679578200,12.78,12.93,12.48,12.59,69249
1679664600,12.49,12.73,12.26,12.69,91199
1679923800,12.82,13.1,12.765,13.06,105469
1680010200,13,13.39,12.41,13.35,96006
1680096600,13.47,13.53,13.31,13.36,63042
1680183000,13.42,13.45,13.11,13.26,61729
1680269400,13.41,13.61,13.18,13.36,99821
1680528600,13.37,13.75,13.26,13.62,110472
1680615000,13.7,13.7,13.03,13.45,184286
1680701400,13.42,13.815,12.9101,13.13,486762
1680787800,13.47,13.82,13.2637,13.77,196120
1681133400,13.8,14.73,13.8,14.69,218384
1681219800,14.77,15.2,14.67,14.92,250141
1681306200,15.02,15.57,14.96,15.47,218490
1681392600,15.53,15.73,15.245,15.59,132569
1681479000,15.58,15.58,14.97,15.22,199327
1681738200,15.24,15.83,15.105,15.76,117282
1681824600,15.86,16.16,15.76,16,162651
1681911000,15.75,16.05,15.65,15.9,151987
1681997400,15.8,16.33,15.715,16.12,134124
1682083800,16.19,16.27,15.4266,15.96,169416
1682343000,15.82,16.155,15.66,15.69,107261
1682429400,15.5,15.68,14.995,15.04,151419
1682515800,14.95,15.09,14.5,14.58,124981
1682602200,14.58,14.84,14.3501,14.72,101070
1682688600,14.64,14.9405,14.61,14.74,102850
1682947800,14.67,15.27,14.67,14.96,125072
1683034200,14.88,14.88,14.63,14.8,94400
1683120600,14.92,15.46,14.85,15.02,194565
1683207000,14.88,14.905,14.065,14.51,119552
1683293400,14.69,15.27,14.66,15.17,108525
1683552600,15.31,15.4,14.7,14.8,71344
1683639000,14.79,15.3146,14.49,15.1,162846
1683725400,16.81,17.0777,15.45,15.86,209381
1683811800,15.64,15.73,15.4597,15.6,135383
1683898200,15.64,16.31,15.38,15.58,229648
1684157400,15.59,16.44,15.56,16.26,161816
1684243800,16.05,16.31,16.005,16.1,117758
1684330200,16.26,16.92,16.01,16.85,184333
1684416600,16.79,17.26,16.79,17.22,120709
1684503000,17.47,17.47,16.98,17.09,104320
1684762200,17.11,17.575,17.11,17.31,138421
1684848600,17.28,17.515,17.01,17.02,121248
1684935000,16.97,16.97,16.4599,16.61,101932
1685021400,16.49,16.71,16.27,16.52,104027
1685107800,16.45,16.71,16.303,16.36,98654
1685453400,16.34,16.43,16.05,16.1,77140
1685539800,16.06,16.24,15.795,15.9,523362
1685626200,15.88,16.16,15.61,15.97,77143
1685712600,16.3,16.95,16.26,16.94,96955
1685971800,16.82,16.8396,16.51,16.73,107645
1686058200,16.58,17.4,16.58,17.34,183531
1686144600,17.46,18.125,17.34,17.87,171594
1686231000,17.81,17.86,17.44,17.53,75712
1686317400,17.42,17.63,17.145,17.44,126189
1686576600,17.76,18.19,17.57,18.04,142922
1686663000,18.05,18.61,18.05,18.16,132009
1686749400,18.19,18.325,17.725,17.81,83745
1686835800,17.67,18,17.66,17.9,78321
1686922200,18.14,18.18,17.76,17.88,242004
1687267800,17.87,18.5,17.61,18.28,91213
1687354200,18.17,20.19,18.02,19.61,613813
1687440600,19.4,19.45,18.93,19.09,153126
1687527000,18.83,18.91,18.06,18.44,355088
1687786200,18.38,19.24,18.2403,19.17,208975
1687872600,19.25,19.619,19.09,19.43,189645
1687959000,19.44,20.67,19.3389,20.07,427599
1688045400,20.08,20.54,19.8,20.16,187447
1688131800,20.25,20.3599,19.78,19.86,365726
1688391000,19.9,20.08,19.75,19.96,73075
1688563800,19.73,19.82,19.16,19.5,144453
1688650200,19.21,19.47,18.635,18.79,189754
1688736600,18.8,19.29,18.77,18.79,99097
1688995800,18.59,19,18.59,18.89,76835
1689082200,18.93,19.08,18.75,19.05,82870
1689168600,19.39,19.39,18.61,18.66,118737
1689255000,18.63,18.98,18.3,18.69,81478
1689341400,18.65,18.65,18.06,18.29,66577
1689600600,18.24,18.65,18.16,18.55,71341
1689687000,19.74,22.05,19.5593,22.01,375929
1689773400,22.02,22.44,21.57,21.81,167856
1689859800,21.79,21.93,21.36,21.7,103213
1689946200,21.77,21.9397,21.0485,21.52,177576
1690205400,21.42,21.73,20.94,20.99,111858
1690291800,20.76,20.99,20.5,20.55,99408
1690378200,20.6,21.43,20.6,20.86,92325
1690464600,20.91,21.05,20.2,20.34,115552
1690551000,20.47,21.08,20.16,20.24,80679
1690810200,20.25,21.16,20.24,20.98,102563
1690896600,20.87,21.78,20.87,21.53,97780
1690983000,21.12,21.66,20.9346,21.06,184622
1691069400,20.81,21.6,20.59,21.13,123018
1691155800,19.02,19.5399,16.5,17.02,517406
1691415000,17.36,18.64,17.34,17.42,239571
1691501400,17.4,18.425,17.39,18.11,147640
1691587800,17.01,17.6325,16.85,17.22,239042
1691674200,17.37,17.7,16.975,17.09,134344
1691760600,17.03,17.36,16.86,16.96,110399
1692019800,16.86,17.26,16.8,17.1,110881
1692106200,16.97,17.13,16.58,16.64,196191
1692192600,16.73,17.11,16.72,16.83,111877
1692279000,16.87,17.1574,16.79,16.81,88692
1692365400,16.72,17.0099,16.575,16.84,77602
1692624600,16.87,17.9893,16.86,16.99,78856
1692711000,17.09,17.5,16.93,17.17,96500
1692797400,17.17,17.495,16.98,17.02,105874
1692883800,16.86,16.99,16.64,16.67,138223
1692970200,16.81,16.95,16.45,16.95,139088
1693229400,17.03,17.46,17.03,17.21,66134
1693315800,17.21,17.73,17.01,17.63,80303
1693402200,17.51,17.83,17.38,17.8,73497
1693488600,17.82,17.885,17.39,17.53,96591
1693575000,17.68,17.88,17.54,17.6,63964
1693920600,17.41,17.5,16.7669,16.78,65464
1694007000,16.75,17.26,16.75,17.18,114445
1694093400,17.05,17.15,16.81,16.95,98392
1694179800,17.01,17.05,16.62,16.7,79534
1694439000,16.73,16.86,16.6,16.82,119131
1694525400,16.77,16.91,16.53,16.53,104922
1694611800,16.45,16.55,16.27,16.5,125981
1694698200,16.63,16.76,16.47,16.59,82147
1694784600,16.58,16.68,16.41,16.57,169329
1695043800,16.61,16.695,16.35,16.66,68192
1695130200,16.65,16.8,16.585,16.73,74742
1695216600,16.8,17.07,16.41,16.44,59127
1695303000,16.26,16.385,16.13,16.18,117522
1695389400,16.18,16.405,15.58,15.6,103220
1695648600,15.5,15.83,15.45,15.69,116786
1695735000,15.56,15.69,15.3801,15.48,84393
1695821400,15.58,15.92,15.5,15.86,124317
1695907800,15.9,16.28,15.865,16.06,101876
1695994200,16.19,16.345,15.77,15.86,300281
1696253400,15.76,15.99,15.64,15.92,95932
1696339800,15.67,15.95,15.66,15.7,70591
1696426200,15.69,15.93,15.53,15.89,73781
1696512600,15.93,16.09,15.835,15.91,77312
1696599000,15.76,16.22,15.56,16.1,67746
1696858200,16.06,16.375,15.3495,16.23,49331
1696944600,16.32,16.4565,16.24,16.39,112170
1697031000,16.43,16.7,16.203,16.31,53123
1697117400,16.32,16.32,15.78,15.83,77371
1697203800,15.81,15.81,15.12,15.27,116323
1697463000,15.49,15.585,15.32,15.38,73836
1697549400,15.35,15.78,15.315,15.57,100596
1697635800,15.46,15.65,15.16,15.51,83886
1697722200,15.53,15.59,15.3,15.37,63493
1697808600,15.44,15.47,15.07,15.12,84091
1698067800,15.07,15.5,15.01,15.45,109399
1698154200,15.58,15.59,15.025,15.07,71305
1698240600,15.01,15.6,14.82,14.98,64162
1698327000,15.01,15.28,14.84,14.96,69452
1698413400,14.92,14.99,14.66,14.8,73682
1698672600,14.92,15.09,14.8,15.07,104190
1698759000,15.07,15.38,15.0578,15.33,79766
1698845400,15.31,15.31,14.98,15.27,78116
1698931800,15.53,15.93,15.5,15.84,91684
1699018200,16.1,16.3,15.95,16.05,84589
1699281000,16,16,15.81,15.97,56634
1699367400,15.96,16.22,15.87,16.17,60546
1699453800,16.24,16.55,16.11,16.55,81445
1699540200,16.15,16.55,14.305,14.33,232949
1699626600,14.32,14.93,14.11,14.72,160858
1699885800,14.54,14.89,14.535,14.79,119884
1699972200,15.23,15.5,15.11,15.46,124671
1700058600,15.45,15.99,15.45,15.57,124909
1700145000,15.42,15.62,15.06,15.52,104196
1700231400,15.67,15.81,15.465,15.55,107203
1700490600,15.5,15.65,15.47,15.5,96111
1700577000,15.37,15.665,15.37,15.5,107975
1700663400,15.56,15.64,15.28,15.39,78499
1700836200,15.28,15.61,15.28,15.47,61102
1701095400,15.31,15.79,15.185,15.77,108919
1701181800,15.65,15.815,15.26,15.26,100910
1701268200,15.26,15.485,14.78,14.9,94092
1701354600,14.9,15.395,14.58,14.85,130654
1701441000,14.73,15.38,14.73,15.33,215162
1701700200,15.21,15.84,15.21,15.75,163290
1701786600,15.69,15.91,15.51,15.73,87988
1701873000,15.75,15.9009,15.13,15.15,106924
1701959400,15.1,15.2,14.85,15.15,121807
1702045800,15.07,15.32,15.01,15.15,104171
1702305000,15.19,15.59,15.19,15.57,167360
1702391400,15.5,15.83,15.45,15.63,152481
1702477800,15.72,16.29,15.58,16.06,229220
1702564200,16.28,16.56,15.87,16.1,192373
1702650600,16.3,16.3,15.75,15.77,1043807
1702909800,15.87,16.204,15.74,16.14,159099
1702996200,16.18,16.66,16.135,16.64,148133
1703082600,16.58,17.35,16.445,16.55,223177
1703169000,16.71,16.92,16.5053,16.8,144463
1703255400,16.9,17.1955,16.82,16.98,120857
1703601000,17.08,17.7463,16.985,17.58,101272
1703687400,17.6,17.76,17.355,17.7,92584
1703773800,17.59,17.66,16.73,17.59,93642
1703860200,17.55,17.7,17.285,17.42,143261
1704205800,17.29,17.47,16.83,17.23,162599
1704292200,17.13,17.13,16.44,16.45,156160
1704378600,16.55,16.59,16.13,16.14,99559
1704465000,16.05,16.24,15.67,15.72,158417
1704724200,15.69,15.96,15.555,15.96,82693
1704810600,15.79,15.79,15.29,15.59,132194
1704897000,16.33,17.8041,16.05,16.66,273098
1704983400,16.45,16.7,15.97,16.64,302585
1705069800,16.93,17.075,16.7488,16.94,188702
1705415400,16.76,16.9079,16.17,16.32,163375
1705501800,16.03,16.33,15.87,16.09,91982
1705588200,16.24,16.575,16.13,16.45,129216
1705674600,16.69,16.94,16.36,16.87,132594
1705933800,16.95,17.35,16.95,17.16,124345
1706020200,17.33,17.56,17.09,17.22,104943
1706106600,17.28,17.65,17.28,17.43,128376
1706193000,17.71,17.98,17.26,17.4,135321
1706279400,17.42,17.4461,17.06,17.28,89701
1706538600,17.29,17.52,16.975,17.44,108004
1706625000,17.32,17.59,17.2,17.4,70276
1706711400,17.41,17.49,16.89,16.91,138067
1706797800,16.97,17.61,16.9,17.56,180457
1706884200,17.38,17.75,17.265,17.64,105523
1707143400,17.52,17.53,17.19,17.44,72332
1707229800,17.45,17.99,17.45,17.74,113157
1707316200,17.87,18.19,17.7,17.79,153030
1707402600,17.78,18.08,17.6456,17.99,101429
1707489000,18.1,18.47,18.01,18.33,99799
1707748200,18.4,19.25,18.4,19.16,165252
1707834600,18.56,18.56,18.04,18.21,216729
1707921000,18.54,19,18.47,18.87,103001
1708007400,19.09,19.5,18.86,19.21,127875
1708093800,19.13,19.265,18.8828,19.19,121433
1708439400,18.92,19.22,18.855,19.06,89543
1708525800,19,19.13,18.865,18.91,78242
1708612200,18.89,19.02,18.528,18.65,170010
1708698600,18.74,18.955,18.5501,18.94,87629
1708957800,18.78,19.28,18.78,19.22,90243
1709044200,19.38,19.5997,19.23,19.36,135187
1709130600,19.17,19.67,19.07,19.51,208983
1709217000,20.11,20.355,18.53,19.17,308906
1709303400,19.25,19.29,18.53,19.11,225961
1709562600,19.07,19.25,18.43,18.9,188229
1709649000,18.95,18.95,18.11,18.21,155931
1709735400,18.28,18.615,18.24,18.5,99649
1709821800,18.61,18.885,18.45,18.5,92310
1709908200,18.6,18.78,17.99,18.15,92545
1710163800,18.1,18.27,17.97,18.08,87270
1710250200,18,18,17.64,17.91,95218
1710336600,17.85,18.06,17.6,17.74,115222
1710423000,17.78,17.93,17.345,17.41,97180
1710509400,17.39,17.77,17.39,17.65,503156
1710768600,17.63,17.7,17.46,17.5,93617
1710855000,17.43,17.88,17.43,17.65,82808
1710941400,17.56,18.165,17.54,18.08,97302
1711027800,18.26,19.04,18.2375,18.99,158917
1711114200,19.09,19.31,18.34,18.41,90405
1711373400,18.49,18.65,18.34,18.46,54965
1711459800,18.63,18.63,18.16,18.19,101578
1711546200,18.38,19.03,18.3,18.92,141438
1711632600,18.97,19.35,18.83,19.04,119386
1711978200,19.2,19.2,18.4,18.41,61734
1712064600,18.11,18.335,17.67,17.7,90808
1712151000,17.55,18.15,17.5,18.09,108200
1712237400,18.33,18.33,17.655,17.7,70000
1712323800,17.66,17.793,17.64,17.7,49884
1712583000,17.92,17.97,17.7,17.72,95378
1712669400,17.82,17.99,17.46,17.49,101935
1712755800,17.04,17.195,16.72,17.08,134338
1712842200,17.18,17.18,16.79,17,67404
1712928600,16.95,17.27,16.82,17.01,111860
1713187800,17.03,17.16,16.67,16.77,53534
1713274200,16.62,16.83,16.535,16.66,49671
1713360600,16.86,16.935,16.12,16.12,100330
1713447000,16.25,16.45,15.96,16,108333
1713533400,15.92,16.22,15.83,16.02,118460
1713792600,16.16,16.4,15.98,16.32,146860
1713879000,16.4,16.95,16.2,16.79,115333
1713965400,16.68,16.98,16.35,16.46,115078
1714051800,16.3,16.3,16.05,16.12,138292
1714138200,16.23,16.68,16.05,16.58,94285
1714397400,16.65,16.79,16.41,16.66,75700
1714483800,16.53,16.9,16.53,16.77,94063
1714570200,16.86,17.405,16.86,17.03,97491
1714656600,17.26,17.3099,17.0425,17.22,127510
1714743000,17.49,18.38,17,18.37,183127
1715002200,18.46,19.163,18.22,18.77,156833
1715088600,18.79,19.02,18.64,18.69,145266
1715175000,18.52,18.715,18.21,18.27,79838
1715261400,18.36,18.75,18.34,18.61,83075
1715347800,18.63,18.78,18.09,18.47,273922
1715607000,18.7,18.93,18.3,18.89,100350
1715693400,19.03,19.2,18.625,18.92,93105
1715779800,19.18,20.705,19.03,20.64,327895
1715866200,20.57,20.9,20.375,20.88,151967
1715952600,20.96,21.08,20.31,20.36,158622
1716211800,20.38,21.35,20.25,21.27,156062
1716298200,21.13,21.83,21.08,21.75,146011
1716384600,21.83,21.84,21.08,21.26,122839
1716471000,21.37,21.46,20.39,20.53,144600
1716557400,20.74,21.05,20.53,20.92,78894
1716903000,21.12,21.61,21.1,21.28,172462
1716989400,20.89,21.155,20.68,20.7,131791
1717075800,20.75,20.9182,20.37,20.43,89157
1717162200,20.52,20.79,20.265,20.56,82408
1717421400,20.79,20.94,20.17,20.19,97850
1717507800,20.01,20.07,19.675,19.96,115320
1717594200,20.19,20.24,19.8,20.2,102732
1717680600,20.08,20.19,19.26,19.35,84455
1717767000,19.11,19.27,18.57,18.71,139659
1718026200,18.57,18.91,18.42,18.63,83322
1718112600,18.48,18.5,18.115,18.36,72705
1718199000,18.91,19.28,18.58,18.8,102357
1718285400,18.77,19.07,18.36,18.78,104318
1718371800,18.47,18.49,17.716,18.42,603004
1718631000,18.3,18.42,17.91,18.22,186756
1718717400,18.62,19.2599,18.5,18.59,289402
1718890200,18.54,19.08,18.03,19.03,232907
1718976600,19.21,19.65,18.69,19.53,603520
1719235800,19.63,20.09,19.47,20,140288
1719322200,19.91,19.91,19.2,19.44,115840
1719408600,19.34,19.94,19.29,19.88,115559
1719495000,20.01,20.3,19.72,20.01,130838
1719581400,20.17,20.31,19.645,20.03,659740
1719840600,19.93,20.2,19.45,19.69,112581
1719927000,19.72,20.99,19.72,20.35,165828
1720013400,20.37,20.575,20.1796,20.4,71671
1720186200,20.3,20.3,19.54,19.62,101058
1720445400,19.87,20.41,19.73,20.4,147062
1720531800,20.41,20.455,20.092,20.33,70922
1720618200,20.48,20.48,20.014,20.42,60997
1720704600,20.67,21.365,20.67,21.3,136733
1720791000,21.66,21.66,20.74,20.84,121647
1721050200,21,21.55,21,21.33,176314
1721136600,21.6,22.72,21.53,22.66,187615
1721223000,22.26,22.88,22.245,22.38,140093
1721309400,22.19,22.656,21.07,21.14,168176
1721395800,21.22,21.44,20.915,21.25,133190
1721655000,21.28,22.37,21.15,22.26,135832
1721741400,22.1,23.74,22.1,23.39,284599
1721827800,22.69,23.51,22.02,22.35,187300
1721914200,22.51,23.105,21.9401,22.22,182200
1722000600,22.68,22.68,22.17,22.48,208967
1722259800,22.59,22.64,22.1,22.32,117090
1722346200,22.3,22.585,22.07,22.23,77373
1722432600,22.44,23.65,22.325,23.03,200592
1722519000,23.04,23.36,21.5,21.82,299614
1722605400,20.3,21.86,18.75,20.14,570117
1722864600,18.78,19.38,18.15,18.3,341309
1722951000,18.51,18.69,18,18.41,376196
1723037400,18.79,19.15,18.21,18.37,281892
1723123800,18.69,19.27,18.61,19.02,185050
1723210200,19.14,19.5,18.7,18.97,132356
1723469400,19.12,19.34,18.25,18.81,171415
1723555800,18.98,19.15,18.62,19.02,171309
1723642200,19.02,19.15,18.5,18.53,93475
1723728600,19.2,19.36,18.79,19.25,237993
1723815000,19.15,19.61,18.91,19.07,121085
1724074200,19.05,19.1,18.73,19.01,136519
1724160600,19.05,19.08,18.42,19.04,158420
1724247000,19.26,19.38,18.875,19.33,142961
1724333400,19.49,20.155,19.1,19.91,137807
1724419800,20.03,20.8999,19.935,20.72,133910
1724679000,20.97,21.22,20.79,20.99,128316
1724765400,20.9,21.1999,20.675,21.05,126789
1724851800,21.05,21.82,21,21.72,128400
1724938200,21.74,22.36,21.6,22.27,225565
1725024600,22.38,22.45,22.07,22.42,120226
1725370200,22.07,22.2,20.91,20.92,158578
1725456600,20.77,21.16,20.42,20.83,85110
1725543000,20.87,21.01,20.41,20.61,77291
1725629400,20.56,20.57,18.96,19.1,210200
1725888600,19,19.28,18.67,18.94,257142
1725975000,18.93,18.955,18.38,18.7,131242
1726061400,18.59,18.88,18.19,18.79,86888
1726147800,18.88,19.06,18.51,18.91,90923
1726234200,19.02,19.43,18.81,19,103920
1726493400,19.1,19.55,18.89,19.23,119823
1726579800,19.52,19.95,19.3279,19.86,196065
1726666200,19.87,20.47,19.73,19.98,165876
1726752600,20.68,20.71,20.125,20.7,125266
1726839000,20.71,20.76,20.42,20.43,310873
1727098200,20.44,20.615,20.01,20.16,104780
1727184600,20.21,20.21,19.91,20.12,73594
1727271000,20.11,20.34,19.84,19.89,71389
1727357400,20.25,20.2669,19.9,19.92,75427
1727443800,20.15,20.2271,19.79,20.05,78753
1727703000,19.93,20.115,19.38,19.48,104646
1727789400,19.39,19.7999,19.19,19.56,83964
1727875800,19.5,19.925,19.495,19.71,62061
1727962200,19.65,19.65,19.2,19.32,71479
1728048600,19.74,20.06,19.65,19.98,68615
1728307800,19.79,19.94,19.67,19.82,52195
1728394200,19.86,20.09,19.72,19.95,83941
1728480600,19.88,20.19,19.77,19.99,96845
1728567000,19.66,19.78,19.33,19.35,97639
1728653400,19.34,20.55,19.03,20.4,156703
1728912600,20.4,20.485,20.18,20.34,69275
1728999000,20.33,20.66,20.1,20.28,76215
1729085400,20.57,20.6,20.38,20.49,64721
1729171800,20.55,21.06,20.45,21.04,70246
1729258200,20.98,21.105,18.755,19.01,215405
1729517400,19.07,19.41,18.67,18.82,152625
1729603800,18.75,18.9,18.3498,18.62,148727
1729690200,18.47,18.56,18.23,18.46,98220
1729776600,18.5,18.55,17.985,18.05,107162
1729863000,18.16,18.22,17.77,18.13,115314
1730122200,18.4,18.5,18.27,18.38,91501
1730208600,18.19,18.45,18.18,18.41,75127
1730295000,18.31,18.75,18.31,18.33,98129
1730381400,18.3,18.31,17.39,17.39,80495
1730467800,17.65,18.11,17.48,17.71,170340
1730730600,17.67,18.31,17.61,18.19,189060
1730817000,18.13,18.58,18.08,18.58,217817
1730903400,19.99,20.7331,19.685,20.57,322394
1730989800,19.95,19.95,17.87,18.13,465395
1731076200,18.03,18.665,18,18.09,264141
1731335400,18.26,18.295,17.03,17.36,311475
1731421800,17.34,17.57,16.67,16.87,291171
1731508200,16.91,17.21,16.48,16.5,301610
1731594600,16.58,17.235,16.18,16.28,251629
1731681000,16.4,16.61,15.88,16.54,307621
1731940200,16.73,16.8,15.98,16.09,222647
1732026600,15.92,16.58,15.92,16.32,252029
1732113000,16.52,17.345,16.5,17.18,589309
1732199400,17.37,17.5,17.05,17.14,301452
1732285800,17.22,17.3,16.8,17.22,395972
1732545000,17.41,17.81,17.34,17.61,261675
1732631400,14.13,15.84,14.13,15.66,3259360
1732717800,15.74,16.5488,15.65,16.04,1810958
1732890600,16.15,16.5,16.0601,16.15,406873
1733149800,16.17,16.67,16.1,16.57,692532
1733236200,16.57,16.76,16.1,16.41,376323
1733322600,16.59,16.72,16.23,16.55,426136
1733409000,16.45,16.75,16.39,16.41,276371
1733495400,16.48,16.6,16.1725,16.44,450856
1733754600,16.65,16.78,15.985,16.23,409161
1733841000,16.27,16.49,15.9601,16.48,262257
1733927400,16.48,16.725,16.23,16.31,231187
1734013800,16.26,16.37,16.08,16.21,206989
1734100200,16.21,16.35,15.9,16.31,397655
1734359400,16.46,16.81,16.11,16.6,286498
1734445800,16.54,16.74,16.22,16.36,245714
1734532200,16.43,16.54,15.41,15.7,716750
1734618600,15.96,16.2328,15.6,15.86,394928
1734705000,15.61,16.18,15.57,15.89,315449
1734964200,15.82,16.02,15.5701,15.76,191417
1735050600,15.71,16.17,15.565,16.11,138965
1735223400,16.04,16.17,15.883,16.14,249839
1735309800,16.03,16.1999,15.79,16.03,303226
1735569000,15.78,16.07,15.43,15.8,208381
1735655400,15.86,16.1142,15.78,15.96,372479
1735828200,16.23,16.3,15.66,15.79,159150
1735914600,15.77,16.03,15.7,15.96,113489
1736173800,16.04,16.4132,15.74,15.77,196794
1736260200,15.79,16.05,15.6882,15.81,224415
1736346600,15.63,15.79,15.4872,15.6,207912
1736519400,15.78,16.59,15.57,16.04,418779
1736778600,15.82,16.3,15.76,16.18,232472
1736865000,16.24,16.4361,15.556,16.07,332656
1736951400,16.54,17.1,16.2,16.91,455520
1737037800,16.79,17.08,16.71,16.72,260058
1737124200,16.94,16.9762,16.69,16.91,165692
1737469800,17.06,17.5,17.0501,17.35,310496
1737556200,17.21,17.33,16.88,17.17,208721
1737642600,17.18,17.2,16.92,17.16,174924
1737729000,17.1,17.27,16.89,17.12,163471
1737988200,16.99,17.21,16.775,17.12,200550
1738074600,17.18,17.35,16.94,17.04,149805
1738161000,16.96,17.26,16.77,17.09,252274
1738247400,17.18,17.95,16.99,17.75,535632
1738333800,17.65,17.925,17.51,17.7,289430
1738593000,17.3,18.59,17.2,18.3,305868
1738679400,18.22,18.6348,18.16,18.43,200463
1738765800,18.55,18.76,18.3401,18.59,181313
1738852200,18.69,18.95,18.62,18.86,186376
1738938600,18.98,19.35,18.77,19.12,356544
1739197800,19.31,19.54,18.71,18.9,319268
1739284200,18.92,19,18.623,18.77,226551
1739370600,18.57,18.77,18.39,18.45,186188
1739457000,18.66,18.95,18.41,18.71,142294
1739543400,18.77,18.8,18.28,18.51,145951
1739889000,18.65,18.9,18.58,18.89,200283
1739975400,18.73,19.03,18.5437,18.91,124512
1740061800,18.85,18.94,18.58,18.78,174911
1740148200,19.65,20.3,19.4,20.2,1062165
1740407400,20.15,20.2,19.41,20,592370
1740493800,19.88,20.31,19.88,19.96,337721
1740580200,20.06,20.06,19.695,19.82,300816
1740666600,19.9,20.03,19.65,19.94,342752
1740753000,19.82,20.02,19.71,20.01,632303
1741012200,20.14,20.6338,19.83,19.96,323482
1741098600,19.75,20.23,19.51,19.96,580884
1741185000,21.81,25.54,21.48,24.91,3585405
1741271400,24.56,25.305,24.112,24.5,1116337
1741357800,24.53,25.17,24.0701,24.45,1060396
1741613400,24.1,25.0534,23.96,24.03,592646
1741699800,24.09,24.98,23.65,24.59,652643
1741786200,24.59,24.8299,24.1127,24.28,486415
1741872600,24.24,24.49,23.71,24.23,433769
1741959000,24.65,25.0793,24.515,24.77,540410
1742218200,24.7,25.2646,24.58,24.91,667408
1742304600,24.79,25.205,24.48,25.01,740495
1742391000,25,25.45,24.65,25.08,568400
1742477400,24.95,25.28,24.7,25,504514
1742563800,24.91,25.375,24.7873,25.35,509034
1742823000,25.625,26.54,25.54,26.4,1250529
1742909400,26.39,26.59,26.1957,26.5,726817
1742995800,26.63,26.63,25.81,26.01,543448
1743082200,26.03,26.3664,25.33,25.35,383550
1743168600,25.31,25.49,24.44,24.67,646013
1743427800,24.23,24.43,23.54,24.17,337022
1743514200,23.98,24.73,23.82,24.73,263435
1743600600,24.4,24.94,24.3,24.62,252683
1743687000,23.96,24.3,23.585,23.75,358666
1743773400,22.88,23.4,21.54,22.32,521684
1744032600,21.44,22.81,20.61,21.69,452522
1744119000,22.73,22.98,21.21,21.43,574187
1744205400,21.17,23.23,21.055,23.01,526667
1744291800,22.77,22.78,21.8,22.18,405948
1744378200,22.24,22.78,21.86,22.48,408439
1744637400,23,23.37,22.5,22.81,443242
1744723800,22.61,23.6,22.3768,23.23,318959
1744810200,23,23.43,22.61,22.79,503797
1744896600,22.72,22.87,21.75,21.76,434536
1745242200,21.51,21.84,19.903,20.27,525536
1745328600,20.41,20.71,19.89,20.03,451253
1745415000,20.8,21.15,20.35,20.46,576832
1745501400,20.42,21.24,20.33,21.2,266045
1745587800,21.18,21.91,20.965,21.87,297279
1745847000,21.96,22.28,21.74,22.05,435036
1745933400,22.04,22.66,22,22.64,242572
1746019800,22.32,22.84,22.16,22.69,322758
1746106200,22.67,23.425,22.495,23.03,334748
1746192600,23.46,23.98,23.45,23.87,353611
1746451800,23.61,24.065,23.38,23.84,250588
1746538200,23.5,23.77,23.2504,23.49,275664
1746624600,25.32,28.3914,25.24,27.4,1961831
1746711000,27.64,27.71,26.22,26.85,1242576
1746797400,26.5,27.9842,26.38,27.52,704022
1747056600,28.39,29.2184,27.75,29.19,660153
1747143000,29.44,29.905,28.98,29.78,634690
1747229400,30,30.2,29.39,29.57,356555
1747315800,29.45,30.31,29.43,30.2,313504
1747402200,30.26,30.2964,29.6997,30.17,274104
1747661400,29.85,30.37,29.6548,30.04,251984
1747747800,29.98,31.15,29.4,31.05,658103
1747834200,30.84,31.055,30.16,30.59,401488
1747920600,30.26,30.61,29.79,29.86,311114
1748007000,29.5,30.32,29.28,30.19,229313
1748352600,30.69,31.77,30.3054,31.72,350966
1748439000,31.74,31.81,31.3561,31.64,367453
1748525400,31.65,31.9,31.13,31.29,356439
1748611800,31.2,31.5,30.75,31.22,292196
1748871000,31.32,32.005,31.0542,31.85,353034
1748957400,32.14,32.4,31.87,32.11,340511
1749043800,32.21,32.3215,31.9001,32.11,331459
1749130200,32.2,32.38,31.92,32.31,385793
1749216600,32.62,33.5,32.495,33.44,362074
1749475800,33.5,33.75,32.855,33.2,441632
1749562200,33.24,33.4,32.57,33.01,457309
1749648600,33.2,33.92,32.56,33.56,486146
1749735000,33.485,36.3187,33.455,35.81,1652706
1749821400,35.07,35.24,33.32,34.85,781133
1750080600,35.47,35.78,34.2024,34.43,678987
1750167000,34.2,35.41,33.87,34.5,661439
1750253400,34.77,35.3877,33.12,33.52,616198
1750426200,34.14,34.42,32.835,33.07,1328384
1750685400,33.2,34.72,32.61,33.47,534200
1750771800,33.99,34.4731,32.83,33.38,567612
1750858200,33.48,33.71,32.83,32.97,643839
1750944600,33,34.08,32.91,33.57,413081
1751031000,33.66,34.599,32.9,33.44,1606863
1751290200,34.24,34.24,32.97,33.48,517009
1751376600,33.16,33.35,32.25,32.43,567065
1751463000,32.51,32.665,30.87,32.53,837101
1751549400,32.53,33.11,32.36,32.63,444571
1751895000,32.67,33.0908,31.76,31.88,569738
1751981400,31.97,32.2765,30.95,31.92,831731
1752067800,32.5,32.6,31.51,31.73,391407
1752154200,31.53,31.74,29.91,31.09,717690
1752240600,32.85,36.48,32.825,36.11,1628566
1752499800,36.21,36.21,34.56,35.78,861327
1752586200,36.14,37.315,34.9075,35.29,936124
1752672600,35.34,35.43,34.2508,34.37,396924
1752759000,34.6,35.1,34.2192,34.95,330970
1752845400,35.71,35.9284,34.245,34.56,427618
1753104600,34.68,35.16,33.72,34.6,518338
1753191000,34.06,34.21,33.14,33.71,444808
1753277400,34.2,34.885,34.11,34.68,305335
1753363800,34.81,35.03,34.415,34.5,302966
1753450200,34.94,35.36,34.22,34.49,320288
1753709400,34.46,34.51,33.66,34.41,307806
1753795800,34.83,34.9774,34.06,34.65,269102
1753882200,34.81,36.19,34.73,36.18,656859
1753968600,36.15,36.75,35.14,36.12,478476
1754055000,35,35.16,33.9062,34.26,330611
1754314200,34.85,36.1856,34.85,35.87,403846
1754400600,35.87,36.495,34.9369,35.84,337566
1754487000,35.15,35.965,34.97,35.37,754470
1754573400,29,30.07,27.2701,30.01,2516009
1754659800,30.25,30.715,29.7201,30.51,970572
1754919000,30.85,32.06,30.2,31.5,640266
1755005400,31.69,32.93,31.04,32.81,579548
1755091800,33,34.5,32.7361,34.25,655177
1755178200,33.79,34.06,32.54,32.88,719751
1755264600,33.01,33.84,32.865,33.45,501655
1755523800,33.58,35.07,33.5,35.04,477020
1755610200,35.04,35.25,33.7601,33.99,620129
1755696600,33.79,34.42,33.4701,34.41,941898
1755783000,34.65,36.04,34.6,35.6,557534
1755869400,35.68,36.87,35.61,36.34,800413
1756128600,36.36,36.9099,36.02,36.43,1199420
1756215000,36.5,37.14,36.06,36.69,559305
1756301400,36.65,37.03,36.32,36.53,574694
1756387800,36.6,38.26,36.3,37.83,499079
1756474200,37.83,38.0005,36.01,36.37,837395
1756819800,36.51,36.62,35.5803,36.51,819272
1756906200,36.65,37.24,36.49,36.8,459467
1756992600,36.9,39.11,36.82,39.06,643998
1757079000,39.39,39.5,36.87,38.68,818966
1757338200,38.79,39.41,38.12,38.39,747516
1757424600,38.47,38.605,37.35,38.29,813122
1757511000,39.93,46.61,39.61,43.9,5735134
1757597400,44.04,44.04,39.24,40.46,2315243
1757683800,40.75,40.9,39.27,39.89,1389227
1757943000,39.72,40.83,39.41,40,560934
1758029400,40.07,40.5899,39.73,40.15,495457
1758115800,39.46,40.4815,39.14,40.08,634256
1758202200,40.56,42.4,40.32,41.92,771059
1758288600,42.23,42.4363,40.89,41.6,903830
1758547800,41.48,42.7,41.33,42.65,489926
1758634200,42.74,43.54,42.17,42.51,552425
1758720600,43,43.07,42.16,42.72,405450
1758807000,42.14,43.74,41.81,43.72,525068
1758893400,43.9,44.8,43.455,44.71,722446
1759152600,45.26,45.69,44.01,44.04,515981
1759239000,44.04,45.71,43.98,45.61,939752
1759325400,44.5,46.75,44.25,44.98,845289
1759411800,45.52,46.65,44.33,46.54,540853
1759498200,46.72,47.5,46.43,47.23,593079
1759757400,47.53,48.34,46.57,48.25,648492
1759843800,48.595,48.94,47.55,47.87,868240
1759930200,48.34,48.64,47.15,47.44,710340
1760016600,47.49,47.49,45.94,46.03,418596
1760103000,47.42,48.43,45.81,45.97,709596
1760362200,47.04,48.26,46.72,48.22,631334
1760448600,47.29,49.3,47.29,48.11,745527
1760535000,49.075,49.96,47.876,49.04,950808
1760621400,49.31,49.45,47.87,47.9,892123
1760707800,46.94,47.975,45.84,46.23,828122
1760967000,47.87,49.12,47.04,48.25,752845
1761053400,48.36,48.815,47.18,48.38,493297
1761139800,48.8,49.03,47.3201,47.63,435761
1761226200,47.37,50,46.9,49.99,708620
1761312600,50.25,51.46,50.08,50.31,623657
1761571800,51.27,51.8824,50.058,50.61,329064
1761658200,51,51.5605,50.27,50.75,284172
1761744600,50.67,51.7499,49.31,49.79,565181
1761831000,49.81,50.6,49.025,49.09,521621
1761917400,49.52,49.87,48.695,49.18,396497
1762180200,49.29,49.745,48.01,48.74,631964
1762266600,47.43,48.94,47,47.99,944410
1762353000,43.05,47.878,41.5,47.35,1518941
1762439400,47.58,48.13,46.69,47.01,707276
1762525800,46.62,47.22,44.91,46.98,447209
1762785000,47.71,48.7399,47.315,47.83,388317
1762871400,47.8,47.995,46.63,47.94,319084
1762957800,48.51,50.01,47.9,48.99,684360
1763044200,49.09,50.48,48.12,49.19,1053010
1763130600,47.35,52.58,47.15,52.15,1164706
1763389800,52.15,53.4199,49.45,50.12,861289
1763476200,49.27,51.1799,49.27,49.59,522672
1763562600,50.06,50.43,48.8714,49.355,397620
1763649000,50.69,51.3,46.85,47.13,626024
1763735400,46.66,47.86,45.75,47.48,627095
1763994600,47.88,50.8545,47.5772,50.47,800829
1764081000,50.69,51.44,49.58,51.07,440488
1764167400,51.97,54.95,51.6,54.63,722004
1764340200,55,55.285,53.54,54.57,196999
1764599400,53.76,54.16,52.75,53.15,369293
1764685800,53.22,55.015,52.5,53.24,407692
1764772200,53.24,53.24,49.51,51.72,900056
1764858600,51.72,52.3401,50.67,50.88,454415
1764945000,50.96,51.24,49.91,51.14,322996
1765204200,51.76,53.78,51.06,52.65,662966
1765290600,52.66,53.3,51.98,53.15,423421
1765377000,53.15,53.15,49.68,51.65,766827
1765463400,51.65,55.22,50.93,54.8,588669
1765549800,54.99,55.65,53.9,54.4,631733
1765809000,54.67,55.65,51.862,52.31,581423
1765895400,51.58,53.265,51.33,52.19,664310
1765981800,52.51,52.79,50.01,50.54,633410
1766068200,51.61,52.9,51.5,51.94,757703
1766154600,52,55,51.94,54.79,1910676
1766413800,55.16,56.72,55,55.71,698568
1766500200,55.24,56.225,54.79,55.35,406683
1766586600,55.5,55.76,55.01,55.27,207201
1766759400,55.27,56.2199,54.44,55.41,337228
1767018600,55.58,56,54.45,54.98,314321
1767105000,55.25,55.57,54.21,54.45,489619
1767191400,54.73,54.97,54.01,54.24,571402
1767364200,54.41,57.16,53.5895,56.61,584049
1767623400,57.54,58.9015,56.25,58.13,889947
1767709800,58.505,59.82,57.6,59.48,1056211
1767796200,59.31,59.95,57.9,58.25,842073
1767882600,60.06,65.47,60.06,64.81,1477096
1767969000,65.78,67.54,64.5,66.15,1470845
1768228200,66.13,70.21,65.8272,69.97,1277708
1768314600,69.86,70.4499,65.31,67.35,1680068
1768401000,68.13,72.24,66.861,71.58,1630105
1768487400,71,73.46,70,72.41,1151877
1768573800,72.86,75.8,71.01,74.71,905381
1768919400,73.25,74.707,72.6,74.17,763881
1769005800,74.66,76.143,73.02,76.03,771266
1769092200,76.595,77,74.91,75.96,570518
1769178600,76.46,76.9099,73.78,76.34,586975
1769437800,75.5,77.805,75.33,77.58,659109
1769524200,78.65,79.99,77.705,78.45,468225
1769610600,78.84,79.0999,75.18,76.59,581090
1769697000,77.78,78.43,75.84,76.8,387445
1769783400,76.1,77.77,74.5,75.75,535362
1770042600,75.82,78.41,75,77.3,422541
1770129000,79,81.8899,77.87,80.4,790471
1770215400,80.09,80.55,71.72,74.37,1055840
1770301800,72.88,75.79,72.35,73.4,630455
1770388200,75.39,78.415,74.72,76.58,591302
1770647400,75.92,79.39,75.65,77.72,587198
1770733800,77.33,77.33,73.62,74.62,538557
1770820200,75.47,75.7746,72.01,75.37,500882
1770906600,76.3,78.89,74.815,75.89,416546
1770993000,75.6,78.88,74.57,76.94,368474
1771338600,76.15,77.5499,75.2,76.97,323621
1771425000,76.66,79.76,76.01,78.29,366732
1771511400,78.35,81.2499,77.67,78.88,465128
1771597800,79.24,79.89,77,78.25,539000
1771857000,77.64,77.98,75.01,76.3,674148
1771943400,76.13,80.68,75,79.39,641423
1772029800,77.65,79.5,69.72,78.84,1581724
1772116200,77.61,80.6,73.3962,80.2,930502
1772202600,79.33,80.695,77.4284,80.62,730465
1772461800,81.15,83.96,78.42,81.35,658971
1772548200,80.15,81.2,74.5,75.68,855589