time,open,high,low,close,Volume
1447943400,11.2,14.78,9,13.07,47466050
1448029800,13.92,14.05,12.5,12.85,16550328
1448289000,13,13.15,12.1,12.12,5172246
1448375400,12,12.23,11.52,12.02,4714682
1448461800,12.12,12.4,11.85,11.9,3583421
1448634600,12.05,12.31,11.9,12.05,942319
1448893800,12.28,12.35,11.9,12.04,1997100
1448980200,12.12,12.18,11.89,11.91,1256106
1449066600,11.97,12.155,11.9,11.93,1708251
1449153000,12.04,12.25,11.91,11.92,1431370
1449239400,11.95,12.04,11.8,12.04,1331595
1449498600,12.14,12.6,12.1,12.36,2660354
1449585000,12.36,12.44,12.03,12.12,1047684
1449671400,12,12.24,11.9,11.99,1075773
1449757800,12,12.13,11.91,12.05,711304
1449844200,12,12.02,11.9,11.95,882507
1450103400,12.2,12.4,11.87,12.33,2163733
1450189800,12.5,12.7,12.305,12.47,1257986
1450276200,12.55,12.8,12.13,12.27,1592885
1450362600,12.3,12.5,12.26,12.32,618856
1450449000,12.4,12.58,12.1,12.34,1608918
1450708200,12.37,12.48,12.02,12.24,704399
1450794600,12.32,12.46,12.12,12.46,502437
1450881000,12.41,12.66,12.31,12.5,512322
1450967400,12.59,12.6,12.45,12.6,318490
1451313000,12.6,12.84,12.49,12.83,1622706
1451399400,12.83,12.83,12.5,12.74,852340
1451485800,12.66,12.83,12.53,12.78,939321
1451572200,12.7,13.5,12.65,13.09,2462306
1451917800,12.75,12.9,12.05,12.16,2751500
1452004200,12.2,12.34,11.5,11.51,2352830
1452090600,11.5,11.64,11.015,11.52,1850671
1452177000,11.13,11.37,11,11.16,1635990
1452263400,11.25,11.54,11.2,11.31,587311
1452522600,11.43,11.87,11.4,11.84,1676890
1452609000,11.94,12.2251,11.71,12.09,2136059
1452695400,12.06,12.17,11.08,11.61,2095222
1452781800,11.51,11.645,10.79,10.82,1604884
1452868200,10.62,10.8,10.1,10.27,1203692
1453213800,10.33,10.47,9.05,9.47,2742195
1453300200,9.19,9.57,8.265,9.49,3751354
1453386600,9.57,10.176,9.43,10.02,1384545
1453473000,10.35,10.6499,9.75,9.85,1128922
1453732200,9.87,10.08,9.7,9.81,737467
1453818600,9.78,9.9,9.54,9.54,756604
1453905000,9.41,9.5,8.88,9.05,1347275
1453991400,9.13,9.26,8.65,8.74,1202192
1454077800,8.7,9.01,8.58,8.77,1986762
1454337000,8.79,8.86,8.6,8.76,865385
1454423400,8.67,8.73,8.45,8.47,663241
1454509800,8.4,8.6,8.061,8.43,1236136
1454596200,8.43,8.977,8.33,8.9,1042983
1454682600,8.95,9,8.56,8.63,1872034
1454941800,8.5,8.61,8.3396,8.37,1142523
1455028200,8.27,8.72,8.22,8.62,1799475
1455114600,8.76,9.06,8.63,8.88,1411898
1455201000,8.4,8.81,8.32,8.62,1102816
1455287400,9.7,9.8399,8.71,9.3,8306917
1455633000,9.75,10.25,9.52,9.93,3491829
1455719400,10.05,10.14,9.69,9.84,2046652
1455805800,9.81,10.1,9.81,9.98,954537
1455892200,10.11,10.11,9.75,9.97,1039543
1456151400,10.154,10.5,10.07,10.38,1224076
1456237800,10.39,10.405,9.46,9.71,1004235
1456324200,9.58,9.94,9.3201,9.89,623011
1456410600,9.85,10.3,9.63,10.26,861134
1456497000,10.25,10.55,10.151,10.32,1081872
1456756200,10.36,10.88,10.31,10.44,1071125
1456842600,10.6,10.85,10.24,10.72,905128
1456929000,10.82,12,10.8,11.97,2662937
1457015400,12.03,12.65,11.87,12.25,2687371
1457101800,12.25,12.4699,11.9101,12.01,1960835
1457361000,12,12.645,11.99,12.26,2091946
1457447400,12.16,12.22,11.23,11.48,1816657
1457533800,11.78,12.2,11.23,12.03,5849484
1457620200,12.38,12.43,10.9,11.3,9802005
1457706600,11.39,11.48,11.01,11.1,2337737
1457962200,11.14,11.83,11.01,11.61,3553607
1458048600,11.63,12,11.25,11.95,1764040
1458135000,11.95,12.06,11.726,11.87,976980
1458221400,11.83,12.05,11.7501,11.95,1309502
1458307800,12,12.09,11.75,12.04,3161896
1458567000,12.05,13.48,12.0499,13.4,5097705
1458653400,13.25,13.43,12.95,13.06,2755926
1458739800,13.19,13.8,12.06,12.59,5390013
1458826200,12.35,12.99,12.3011,12.88,1765588
1459171800,13.11,13.73,12.771,13.4,3367459
1459258200,13.38,14.18,13.15,13.74,3605771
1459344600,14.03,15.1325,13.8,15.02,5110357
1459431000,14.75,15.9099,14.37,15.28,5629318
1459517400,15.23,15.76,14.032,14.22,4776702
1459776600,14.28,14.4,13.74,14.28,2242573
1459863000,14.06,14.63,13.85,14.26,1886350
1459949400,14.39,15.2893,14.275,14.97,3038855
1460035800,15,15.29,14.51,14.81,1759421
1460122200,15.01,15.5,14.75,15.13,1869545
1460381400,15.15,15.87,15.13,15.36,3104428
1460467800,15.55,15.81,15.05,15.48,2358904
1460554200,15.52,15.68,14.784,15.01,2646765
1460640600,15.1,15.25,14.6,14.82,1754262
1460727000,14.85,14.87,14.18,14.33,2405130
1460986200,14.2,14.71,14.13,14.51,1385002
1461072600,14.59,14.74,13.63,14.09,2539169
1461159000,14,14.35,13.37,13.63,4211917
1461245400,13.68,13.83,13,13.24,2085828
1461331800,13.2,13.79,13.19,13.34,1587097
1461591000,13.55,14.23,13.41,13.59,1956920
1461677400,13.63,14.288,13.6,14.18,1702164
1461763800,14,14.85,14,14.69,1671491
1461850200,14.69,15.67,14.52,15.35,3022049
1461936600,15.42,15.5,14.52,14.89,1819473
1462195800,14.9,15,13.72,14,2547075
1462282200,13.87,13.87,13.214,13.45,2263505
1462368600,13.45,13.74,12.9,13.39,3135114
1462455000,13.5,13.58,12.86,13.05,4973888
1462541400,10.89,11.19,10.1525,10.22,13716846
1462800600,10.17,10.42,9.5685,9.85,4881801
1462887000,9.95,10.16,9.8,10,3068830
1462973400,10.2,10.2,9.64,9.68,2430193
1463059800,9.78,9.82,9.2,9.28,2703646
1463146200,9.3,9.6847,9.28,9.36,1968912
1463405400,9.3,9.56,8.91,9.16,5488548
1463491800,8.98,9.5627,8.63,9.18,13089314
1463578200,9.11,9.99,9.11,9.4,5261521
1463664600,9.36,9.65,9.245,9.6,3792579
1463751000,9.61,9.66,9.25,9.39,4165941
1464010200,9.6,9.68,9.4,9.46,4961252
1464096600,9.63,10.22,9.48,10.14,7870678
1464183000,10.13,10.15,9.81,10,4934898
1464269400,10,10.14,9.75,9.75,2578433
1464355800,9.88,9.93,9.5,9.63,2404682
1464701400,9.7,9.73,9.46,9.53,3815677
1464787800,9.5,9.65,9.35,9.6,2171736
1464874200,9.5,9.68,9.4,9.65,2332657
1464960600,9.57,9.58,9.33,9.46,3083024
1465219800,9.42,9.53,9.35,9.51,1865826
1465306200,9.49,9.59,9.41,9.57,2524713
1465392600,9.59,9.67,9.35,9.55,2951566
1465479000,9.48,9.59,9.3,9.34,2496523
1465565400,9.27,9.44,9.045,9.14,3925615
1465824600,9.12,9.26,8.87,8.92,3509083
1465911000,8.98,9.06,8.8,8.89,3510516
1465997400,8.89,9.14,8.68,9.06,3241748
1466083800,8.65,9.11,8.64,9.05,2876282
1466170200,8.94,9.3234,8.91,9.04,4075171
1466429400,8.99,9.28,8.82,9.2,4263201
1466515800,9.2,9.38,9.12,9.35,2594613
1466602200,9.28,9.42,8.75,8.78,6097961
1466688600,9.05,9.16,8.85,9.13,3792859
1466775000,8.68,8.895,8.52,8.77,4909534
1467034200,8.72,8.72,8.42,8.62,3957044
1467120600,8.75,9.03,8.71,8.9,2374117
1467207000,9,9.32,8.91,9.3,3367198
1467293400,9.24,9.24,9,9.05,3589076
1467379800,9.2,9.42,9.09,9.27,4211334
1467725400,9.2,9.2,8.91,8.94,3407616
1467811800,8.85,9.05,8.78,9,1182463
1467898200,9.02,9.2,8.91,9.08,2740468
1467984600,9.4,9.4,9.17,9.3,3183849
1468243800,9.35,9.45,9.16,9.24,2607130
1468330200,9.25,9.4,9.22,9.4,1613174
1468416600,9.4,9.5,9.21,9.29,1831207
1468503000,9.31,9.5,9.3,9.37,1850181
1468589400,9.33,9.34,9.1,9.17,2338489
1468848600,9.12,9.34,9.1,9.27,1543732
1468935000,9.24,9.44,9.22,9.35,1484575
1469021400,9.34,9.65,9.31,9.58,2608188
1469107800,9.59,9.891,9.42,9.46,2687911
1469194200,9.5,9.79,9.5,9.73,1741883
1469453400,9.71,10.1799,9.6501,9.85,5623797
1469539800,9.77,10.18,9.75,10.1,2816635
1469626200,10.2,10.3,10.02,10.13,3082483
1469712600,10.1,10.28,10.07,10.12,2129327
1469799000,10.13,10.15,9.9,10.07,2717590
1470058200,10.02,10.32,10.02,10.19,2792878
1470144600,9.91,10.23,9.85,10.05,2980085
1470231000,10.05,10.47,10.01,10.44,8043840
1470317400,12.09,12.28,11.26,11.32,30313799
1470403800,11.32,11.47,10.85,11.15,12881001
1470663000,11.13,11.45,11.04,11.26,5226682
1470749400,11.27,11.4261,11.19,11.3,4700506
1470835800,11.26,11.26,10.98,11.07,3376485
1470922200,11.08,11.45,11.08,11.37,6812525
1471008600,11.33,11.74,11.23,11.66,5723191
1471267800,11.62,11.66,11.25,11.48,5912072
1471354200,11.54,11.75,11.5,11.64,3509456
1471440600,11.54,11.61,11.33,11.4,4809074
1471527000,11.38,11.845,11.37,11.75,7219950
1471613400,11.93,12,11.78,11.8,5882377
1471872600,11.78,11.86,11.59,11.82,3198891
1471959000,12.35,12.54,12.15,12.39,19081921
1472045400,12.4,12.4,12.11,12.16,6771342
1472131800,12.18,12.41,12.115,12.31,6605647
1472218200,12.31,12.32,11.91,12.04,6469630
1472477400,11.84,12.32,11.79,12.01,4370051
1472563800,11.98,12.09,11.97,12.07,3751658
1472650200,12.04,12.22,12.02,12.19,5458497
1472736600,12.21,12.24,11.99,12,6005260
1472823000,12.05,12.07,11.9,12.05,3357129
1473168600,12.05,12.16,11.79,11.83,4337971
1473255000,11.83,11.97,11.83,11.93,2580348
1473341400,11.9,11.91,11.74,11.78,2031239
1473427800,11.67,11.675,11.16,11.27,5310840
1473687000,11.15,11.35,11.021,11.33,3019425
1473773400,11.3,11.4,11.1131,11.23,3389447
1473859800,11.28,11.35,11.02,11.28,3424142
1473946200,11.25,11.38,11.14,11.38,2881756
1474032600,11.35,11.56,11.3,11.37,5550596
1474291800,11.46,11.61,11.355,11.55,2925508
1474378200,11.55,11.71,11.5001,11.66,2801767
1474464600,11.66,11.9,11.58,11.9,2297731
1474551000,11.9,11.969,11.66,11.68,3113464
1474637400,11.74,11.94,11.55,11.83,2781586
1474896600,11.83,11.83,11.51,11.55,4612822
1474983000,11.52,11.82,11.51,11.78,2314255
1475069400,11.93,12.02,11.56,11.83,3749202
1475155800,11.8,11.81,11.59,11.64,2707245
1475242200,11.69,11.74,11.59,11.66,3562443
1475501400,11.61,11.82,11.52,11.67,2480369
1475587800,11.63,11.85,11.58,11.63,2132091
1475674200,11.65,11.755,11.55,11.69,1675444
1475760600,11.55,11.64,11.29,11.52,2370582
1475847000,11.4,11.49,11.28,11.48,1660239
1476106200,11.54,11.73,11.44,11.47,1581273
1476192600,11.42,11.5,11.14,11.18,2345117
1476279000,11.15,11.28,11.065,11.27,2510419
1476365400,11.16,11.33,11.06,11.19,2600007
1476451800,11.24,11.35,11.07,11.12,1897747
1476711000,11.02,11.14,10.88,10.93,2452674
1476797400,11.01,11.38,11.01,11.34,6320918
1476883800,11.28,11.34,11.16,11.3,2549032
1476970200,11.3,11.38,11.1,11.19,2024180
1477056600,11.14,11.34,11.04,11.32,2957334
1477315800,11.36,11.5,11.22,11.35,2172839
1477402200,11.31,11.32,11.01,11.07,2853158
1477488600,11.05,11.21,11,11.21,2453171
1477575000,11.25,11.25,11.08,11.15,1910189
1477661400,11.15,11.32,11.05,11.14,3150482
1477920600,11.14,11.25,11.06,11.2,2960612
1478007000,11.2,11.35,11,11.07,8190936
1478093400,11.45,11.89,11.29,11.78,19530924
1478179800,11.69,12.05,11.67,11.99,7371516
1478266200,11.96,12.3,11.94,12.18,13462801
1478529000,12.26,12.44,12.19,12.22,5571336
1478615400,12.16,12.395,12.12,12.34,4045860
1478701800,11.69,12.19,11.67,12,6211487
1478788200,12.05,12.11,11.5813,11.65,5720629
1478874600,11.63,11.95,11.43,11.88,4766493
1479133800,12.12,12.62,12.12,12.35,19712966
1479220200,12.32,12.49,12.02,12.03,4553074
1479306600,12,12.05,11.76,12.04,4296228
1479393000,11.88,12.36,11.88,12.22,4801125
1479479400,12.26,12.47,12.145,12.16,2937028
1479738600,12.24,12.36,12.08,12.22,3760118
1479825000,12.25,12.51,12.25,12.46,4479961
1479911400,12.4,12.5,12.32,12.43,3051058
1480084200,12.51,12.77,12.49,12.75,2312701
1480343400,12.65,12.84,12.51,12.53,4204934
1480429800,12.53,12.69,12.38,12.46,5073685
1480516200,12.47,13,12.46,12.94,7805401
1480602600,12.74,12.88,12.46,12.71,9372904
1480689000,12.93,13.275,12.93,13.06,7325733
1480948200,13.18,13.395,13.08,13.2,4764403
1481034600,13.21,13.33,13.03,13.27,3094550
1481121000,13.49,14.16,13.4,14.12,11375114
1481207400,14.12,14.17,13.7,13.94,5539033
1481293800,13.98,13.99,13.73,13.89,3715238
1481553000,13.93,14.09,13.65,13.85,4707960
1481639400,13.74,14.11,13.73,14.07,5392863
1481725800,13.93,14.19,13.8,13.83,3072577
1481812200,13.78,14.37,13.75,14.13,4517052
1481898600,14.29,14.47,14.23,14.38,7372816
1482157800,14.35,14.6,14.3,14.36,4170545
1482244200,14.73,14.82,14.41,14.48,5822772
1482330600,14.45,14.54,14.2701,14.38,4275265
1482417000,14.33,14.34,13.9301,14.05,4086004
1482503400,13.94,14.24,13.88,14.07,1610827
1482849000,14.12,14.2463,14,14,2705706
1482935400,14.08,14.12,13.85,13.95,2389032
1483021800,13.94,14.11,13.64,13.73,2978663
1483108200,13.71,13.77,13.53,13.63,2986620
1483453800,13.82,14.015,13.66,13.81,3363911
1483540200,13.86,14.26,13.725,14.25,4977442
1483626600,14.25,14.61,14.01,14.56,5779832
1483713000,14.56,15.0747,14.53,15,6382850
1483972200,14.98,15.195,14.85,15.06,4960156
1484058600,15.09,15.49,14.7,14.91,6739895
1484145000,14.95,14.99,14.71,14.9,3952588
1484231400,14.84,14.88,14.545,14.74,2324832
1484317800,14.79,14.92,14.69,14.75,1921854
1484663400,14.69,14.77,14.54,14.69,3198942
1484749800,14.8,14.84,14.62,14.64,8076779
1484836200,14.64,14.89,14.6,14.73,2511796
1484922600,14.75,15,14.715,14.89,3153304
1485181800,14.9,14.96,14.57,14.61,3881911
1485268200,14.61,14.75,14.43,14.66,3651872
1485354600,14.69,14.99,14.52,14.6,3234557
1485441000,14.5,14.63,14.13,14.41,4310366
1485527400,14.47,14.55,14.265,14.53,2320034
1485786600,14.46,14.49,14.18,14.45,2422176
1485873000,14.4,14.77,14.365,14.62,3124127
1485959400,14.49,14.565,14.18,14.36,4678993
1486045800,14.25,14.5,14.19,14.36,2376156
1486132200,14.29,14.44,14.11,14.28,3632456
1486391400,14.29,14.5,14.03,14.4,3157568
1486477800,14.38,14.5,14.26,14.4,3085589
1486564200,14.44,14.555,14.35,14.47,2586244
1486650600,14.5,14.745,14.47,14.73,2548295
1486737000,14.74,14.74,14.53,14.61,2160530
1486996200,14.65,15.04,14.45,14.5,7216869
1487082600,14.47,14.52,14.03,14.33,5903867
1487169000,14.31,14.41,14.21,14.31,4068756
1487255400,14.3,14.35,13.84,13.89,5932089
1487341800,14.02,14.6,13.99,14.47,7726391
1487687400,14.63,14.66,14.34,14.63,6042251
1487773800,14.75,15.215,14.6,15.04,12329759
1487860200,16.67,17.75,16.32,17.15,43946638
1487946600,16.95,17.63,16.9,17.43,15892263
1488205800,17.42,18.17,17.31,17.93,12652687
1488292200,17.79,17.79,17.27,17.32,12769726
1488378600,17.53,17.64,17.06,17.22,13025561
1488465000,17.2,17.35,16.98,16.99,7293731
1488551400,16.83,17.2,16.57,16.89,13050544
1488810600,16.91,17.155,16.71,16.86,6005743
1488897000,16.9,16.9,16.5,16.76,5762731
1488983400,16.76,17,16.7,16.83,3872065
1489069800,16.85,17.205,16.7,17.07,5693724
1489156200,17.14,17.18,16.83,16.91,4865642
1489411800,16.91,17.0916,16.83,16.93,3717992
1489498200,16.95,16.95,16.64,16.77,3950492
1489584600,16.8,17,16.74,16.95,4548747
1489671000,17,17.28,17,17.21,8838380
1489757400,17.18,17.34,17.06,17.28,5685873
1490016600,17.28,17.37,17.1701,17.24,4596089
1490103000,17.25,17.28,16.4,16.51,6528121
1490189400,16.46,16.565,16.11,16.41,5054249
1490275800,16.4,17.03,16.4,16.61,6410198
1490362200,16.75,16.94,16.47,16.59,4008488
1490621400,16.37,17.27,16.22,17.25,6935536
1490707800,17.38,17.5,16.92,17.23,7385346
1490794200,17.22,17.59,17.19,17.22,5380168
1490880600,17.25,17.395,17.12,17.32,4580854
1490967000,17.32,17.42,17.22,17.28,2356270
1491226200,17.24,17.3,16.69,17.03,8709084
1491312600,16.97,17.18,16.93,17.04,5979232
1491399000,17.05,17.08,16.74,16.75,5388480
1491485400,16.84,17.01,16.69,17,4800134
1491571800,17,17,16.69,16.69,4319486
1491831000,16.78,17.1,16.7775,16.99,3781535
1491917400,16.93,16.99,16.66,16.92,3198961
1492003800,16.88,17.51,16.78,17.3,11161398
1492090200,17.27,17.37,16.75,16.92,5285972
1492435800,16.92,17.1,16.8201,17.08,2195952
1492522200,17.01,17.04,16.87,16.98,3282058
1492608600,17,17.4273,16.98,17.2,3799343
1492695000,17.31,17.75,17.3,17.71,4892227
1492781400,17.83,17.83,17.32,17.49,5177302
1493040600,17.75,17.935,17.5848,17.85,5380808
1493127000,17.97,18.3,17.815,18.22,7958373
1493213400,18.25,18.25,17.92,18.08,4504943
1493299800,18.18,18.455,18.1505,18.23,5680420
1493386200,18.32,18.4,17.945,18.24,4644522
1493645400,18.33,18.795,18.15,18.61,5865160
1493731800,18.97,19.03,18.47,18.81,9125386
1493818200,18.9,18.9,18.08,18.28,14720665
1493904600,19.23,20.42,19.18,19.9,26533638
1493991000,19.75,19.9,19.35,19.78,9608330
1494250200,19.73,19.84,19.47,19.56,6361646
1494336600,19.64,20.05,19.52,19.8,8102357
1494423000,19.73,19.97,19.65,19.95,5784532
1494509400,19.95,19.99,19.55,19.71,4439223
1494595800,19.75,20.5,19.75,20.08,7809175
1494855000,20.19,20.385,20.12,20.25,4503245
1494941400,20.25,20.69,20.125,20.34,8379003
1495027800,19.87,20.16,19.53,19.56,12443073
1495114200,19.53,19.9399,19.45,19.68,5818709
1495200600,19.88,20,19.725,19.91,5086741
1495459800,19.98,21,19.98,20.95,9835980
1495546200,20.98,21.75,20.9,21.64,12887966
1495632600,21.64,21.98,21.42,21.92,6625731
1495719000,21.97,22.73,21.93,22.33,9841468
1495805400,22.34,22.61,22.22,22.33,6402179
1496151000,22.37,22.86,22.28,22.74,7032588
1496237400,23.07,23.5699,22.81,22.99,10844297
1496323800,23.05,23.235,22.741,23.23,5882159
1496410200,23.1974,23.23,22.55,23.2,8156486
1496669400,23.11,23.73,22.85,23.39,7817437
1496755800,23.5,24.44,23.49,24.21,14665091
1496842200,24.45,24.5,23.7,24.29,9844901
1496928600,24.31,24.83,24.07,24.78,6943208
1497015000,24.72,24.97,22.4134,23.03,16322145
1497274200,22.7,23.74,22.41,23.6,16378790
1497360600,24.11,24.2,23.34,23.48,6790568
1497447000,23.59,23.67,23.03,23.47,6888309
1497533400,23.12,24.17,22.45,23.99,8937169
1497619800,23.58,23.99,23.31,23.56,9809466
1497879000,23.62,24.225,23.56,24.2,8147606
1497965400,24.25,24.46,23.58,23.85,7159920
1498051800,24.04,24.34,23.96,24.16,4203063
1498138200,24.23,24.35,23.93,24.28,5175123
1498224600,24.33,24.42,23.88,24.17,15013719
1498483800,24.33,24.5,23.84,23.93,5205385
1498570200,23.93,24.24,23.21,23.32,5745779
1498656600,23.64,24.34,23.4,24.3,6957710
1498743000,24.27,24.3,23.23,23.4,7136266
1498829400,23.45,23.67,23.3032,23.46,4259014
1499088600,23.55,23.6,22.66,22.83,3584138
1499261400,23.3,24.16,23.05,23.76,9202982
1499347800,23.72,23.9,23.19,23.22,5135124
1499434200,23.43,23.82,23.391,23.59,3423880
1499693400,23.58,24.13,23.4397,23.94,4661096
1499779800,24,25.56,23.81,25.44,17666020
1499866200,25.61,26.435,25.16,26.21,15317864
1499952600,26.18,26.5,25.66,25.98,8412977
1500039000,26.03,26.65,25.97,26.33,6816658
1500298200,26.49,26.62,26.06,26.19,4231257
1500384600,26.3,26.79,26.17,26.59,7662488
1500471000,26.75,26.772,26.2,26.36,4567482
1500557400,26.44,26.55,26.22,26.39,4154795
1500643800,26.54,27.11,26.37,26.85,5700541
1500903000,26.85,26.995,26.22,26.75,9104230
1500989400,26.85,26.92,26.35,26.89,4223350
1501075800,26.93,27.68,26.85,27.31,7892839
1501162200,27.94,27.97,25.2,25.92,14476131
1501248600,26.1,26.58,25.6,26.2,7787898
1501507800,26.47,26.84,26.03,26.35,6473219
1501594200,26.58,26.9,26.39,26.81,6999168
1501680600,27.25,27.3,25.6,26.46,16149726
1501767000,25.4,25.84,24.7,25.22,15868206
1501853400,25.27,25.77,25,25.21,8209666
1502112600,25.34,25.85,25.3,25.68,5918518
1502199000,25.9,26.27,25.47,26.02,7229765
1502285400,25.8,25.86,25.37,25.59,5717295
1502371800,25.49,25.5,24.58,24.65,8546192
1502458200,24.41,25.09,24.36,24.82,5266455
1502717400,25.25,25.47,25.03,25.2,4258150
1502803800,25.36,25.38,24.8,24.83,5047452
1502890200,25.08,25.18,24.865,24.99,4170567
1502976600,25,25.47,24.51,24.54,5352669
1503063000,24.78,25.08,24.635,24.83,5325691
1503322200,24.92,25,24.22,24.46,5867222
1503408600,24.72,25.34,24.7,25.34,7065362
1503495000,25.3,25.88,25.2,25.48,6008590
1503581400,25.7,25.85,25.35,25.66,4734149
1503667800,25.85,25.88,24.92,24.99,5619917
1503927000,25.11,25.15,24.8,24.91,3555813
1504013400,24.76,25.1,24.64,25.04,3640625
1504099800,25.43,25.91,25.18,25.76,4453294
1504186200,25.9,26.49,25.87,26.11,5352808
1504272600,26.1,26.25,25.66,25.93,3257335
1504618200,25.75,25.82,25.24,25.77,4970534
1504704600,25.9,26.17,25.72,26.05,6502455
1504791000,26.12,26.69,25.86,26.3,7855733
1504877400,26.47,26.99,26.4,26.53,5933441
1505136600,26.8,27.66,26.78,27.57,8612745
1505223000,27.6,27.64,26.8,27.27,6133930
1505309400,27.4,27.5,26.671,27.49,6271748
1505395800,27.47,28.8,27.28,28.64,16225444
1505482200,28.23,28.73,28.01,28.5,19504752
1505741400,28.59,29,28.5,28.69,9366432
1505827800,28.7,28.85,28.35,28.56,5885287
1505914200,28.53,28.67,28.22,28.47,4327015
1506000600,28.38,28.5,28.07,28.4,3976436
1506087000,28.4,28.94,28.31,28.75,4841490
1506346200,28.75,28.76,27.21,27.45,9481912
1506432600,27.88,28.48,27.38,27.61,5850944
1506519000,28.46,28.55,27.8145,28.07,4849307
1506605400,28.45,28.57,27.96,28.49,5875689
1506691800,28.51,28.875,28.27,28.81,5705534
1506951000,28.8,29.55,28.78,29.39,6336044
1507037400,29.45,30.025,29.37,29.94,8843313
1507123800,30.03,30.399,29.56,30.15,7434094
1507210200,30.18,30.9,30,30.76,7507263
1507296600,30.55,30.88,30.5,30.76,4008147
1507555800,30.77,31.52,30.76,31.07,5893157
1507642200,31.44,31.44,30.65,31.32,5774666
1507728600,31.34,32,31.21,32,6896452
1507815000,32.35,33.1611,32.21,32.81,10527822
1507901400,33.22,33.22,32.41,32.81,7135562
1508160600,32.95,33.2954,32.58,33.22,6299754
1508247000,33.25,33.305,32.13,32.69,10864422
1508333400,33.02,33.06,32.341,32.52,5477174
1508419800,32.09,32.26,31.441,32.12,6978060
1508506200,32.61,32.75,32.2,32.5,5925969
1508765400,32.74,32.9757,32.46,32.53,4885705
1508851800,32.8,32.8425,32.5,32.71,3847943
1508938200,32.99,32.99,32.2,32.9,6198100
1509024600,33,34.75,32.82,34.11,14738223
1509111000,34.69,35.29,34.215,35.2,10183525
1509370200,35.8,35.81,34.66,35.75,10321352
1509456600,35.82,37.44,35.82,37.19,13075854
1509543000,37.48,37.52,35.87,36.47,10587397
1509629400,35.87,36.36,34.75,36.07,8884519
1509715800,36.23,36.98,35.911,36.89,6615572
1509978600,37.31,37.75,36.8,37.18,8502953
1510065000,37.69,37.69,36.29,36.76,10536686
1510151400,36.94,37.159,36,36.71,13485388
1510237800,36.45,38.01,34.83,37.96,23511431
1510324200,37.65,39.7312,37.39,39.21,19473500
1510583400,39.13,40.19,38.31,39.98,14399360
1510669800,39.98,40.5,39.51,39.74,11567507
1510756200,41.15,41.8,40.17,40.66,20675996
1510842600,40.95,41.97,40.52,41.9,19901909
1510929000,42.49,45.74,42.44,44.18,39206539
1511188200,44.99,46.06,44.58,45.21,28654917
1511274600,46,48.24,45.7025,48.06,28904547
1511361000,49.53,49.55,46.1,48.81,44557632
1511533800,48.61,49.56,48.11,48.86,16296077
1511793000,47.21,47.4,40.37,41.02,76437517
1511879400,39.89,44.05,39.5,42.55,56515896
1511965800,43.2,43.39,37.18,39.13,52069596
1512052200,39.27,40.78,38.82,39.22,39352700
1512138600,39.34,39.55,36.72,38.22,25390126
1512397800,38.41,38.69,35.9,36.87,29566927
1512484200,36.75,38.59,36.74,37.6,21276177
1512570600,38.47,39.77,37.27,37.61,28820442
1512657000,37.97,39.46,37.96,38.73,23721619
1512743400,39.61,39.79,37.94,38.09,20917818
1513002600,38.01,38.68,37.7,38.3,15780181
1513089000,38.07,39.64,37.93,38.08,18834100
1513175400,38.17,38.45,36.07,36.19,25376218
1513261800,35.85,37.54,35.8,37.01,20939467
1513348200,37.3,37.6525,36.87,37.03,12932032
1513607400,37.41,38,37.22,37.75,11897341
1513693800,38.1,38.1,36.52,36.92,12019125
1513780200,36.98,37.04,35.58,35.66,14012003
1513866600,35.68,36.4699,35.66,35.87,9669061
1513953000,35.07,35.33,34.14,35.14,14382353
1514298600,35,35.5,34.72,35.05,7131296
1514385000,35.01,36.09,35.01,35.75,9559542
1514471400,35.92,36.1,34.96,35.13,8217510
1514557800,34.79,35.08,34.38,34.67,10462309
1514903400,34.7,36.24,34.68,36.17,11240539
1514989800,36.43,37.36,36.05,37.31,11617851
1515076200,38.3,38.66,37.4,38.1,20469808
1515162600,38.39,41.15,38.19,41.14,31102014
1515421800,41,41.91,39.81,40.76,26626094
1515508200,40.45,41.4814,39.22,40.88,14710920
1515594600,40.62,41.2,40,40.84,11265588
1515681000,41.03,43.08,41.03,42.3,21023562
1515767400,42.37,42.5,41.01,41.25,13852322
1516113000,41.15,41.25,38.67,39.32,17333857
1516199400,39.32,40.31,39.22,40.06,10952264
1516285800,40.29,41.13,40.02,40.27,9836363
1516372200,42.17,42.98,41.66,42.56,24141608
1516631400,42.8,45.44,42.76,45.29,27197419
1516717800,45.06,45.67,43.5,45.01,19997967
1516804200,45.22,45.82,43.04,44.32,13960533
1516890600,44.83,45.49,44.03,45.12,9049890
1516977000,45.5,46.25,44.85,45.97,11110108
1517236200,46.08,46.249,44.9,45.43,7653110
1517322600,44.42,45.94,42.56,45.52,10229313
1517409000,45.9688,47.5,45.8,46.91,15334375
1517495400,45.75,46.71,44.02,44.45,15925079
1517581800,43.9,45.35,43.35,43.61,14284125
1517841000,42.04,44.23,40.12,41.02,16631590
1517927400,39.92,41.98,39.1,41.61,20298767
1518013800,42.01,42.79,41.5,41.67,11060632
1518100200,42.85,42.85,39.5,39.5,16509071
1518186600,39.97,40.57,36.76,39.57,18780033
1518445800,39.81,40.46,38.8,39.92,9912845
1518532200,39.85,42.68,39.74,42.11,13293846
1518618600,41.81,42.49,40.72,41.85,16185711
1518705000,42.3,45.04,42.22,44.29,19642257
1518791400,44.03,45.19,43.54,44.11,10391473
1519137000,44.56,46.44,44.36,44.93,15746963
1519223400,45.85,45.9,43.8,44.1,11365412
1519309800,44.37,45,44.01,44.9,7078201
1519396200,45.02,45.46,44.22,44.86,7901449
1519655400,45.5,46.85,45.25,46.55,13615246
1519741800,46.56,47.11,45.41,45.91,19449243
1519828200,45.9,48,45.55,46.05,24022042
1519914600,46,46.25,44.29,46.01,17570464
1520001000,45.34,46.12,45.01,46.02,11010491
1520260200,45.46,50.5,45.44,50.42,30623235
1520346600,49.55,50.01,47.81,49.6,20827152
1520433000,48.7,51.89,48.55,50.72,18318010
1520519400,50.72,52.97,50.7,52.25,16961324
1520605800,52.7,53.22,52.15,52.49,11545289
1520861400,52.62,53.79,52.1,53.19,12482061
1520947800,53.4,53.6472,50.76,51.83,13500432
1521034200,53.2,54.84,53.2,54.61,22042999
1521120600,55.1,55.54,54.09,54.84,13423122
1521207000,54.52,55.05,53.9,54.89,10818320
1521466200,54.78,55.8855,53.15,54.58,16600570
1521552600,54.39,58.0686,54.3,57.69,17238235
1521639000,57.81,58.46,56.52,57.09,13534285
1521725400,56.77,56.77,54.27,55.16,15707051
1521811800,54.06,54.63,51.12,51.67,20521859
1522071000,53.05,53.66,51.11,53.55,11332747
1522157400,54.86,55.15,50.35,51.06,13509342
1522243800,50.4,50.4,46.14,47.39,27553936
1522330200,47.85,49.79,47.65,49.2,18350457
1522675800,48.88,49.37,47.02,47.68,11918444
1522762200,48.7,48.87,46.75,47.58,9794639
1522848600,45.46,47.84,45.16,47.67,10540067
1522935000,48.3,48.88,47.57,48.02,9375247
1523021400,47.5,47.65,44.94,45.87,14184761
1523280600,46.13,47.1901,45.83,45.89,8445269
1523367000,46.99,47.88,46.5015,47.8,8741130
1523453400,47.67,48.99,47.46,47.76,7832292
1523539800,48.45,50.14,48.15,49.69,10479904
1523626200,50.34,50.42,47.21,47.5,11286221
1523885400,47.78,47.9,46.37,47.03,7414688
1523971800,47.93,49.69,47.87,49.13,8250241
1524058200,49.34,51.68,48.76,51.38,11145526
1524144600,51.13,51.58,50.09,50.63,8926374
1524231000,50.89,52.4999,50.66,51.46,9079211
1524490200,51.8,51.99,50.12,50.35,7092091
1524576600,50.35,50.35,45.31,46.01,18383863
1524663000,46.8,46.9,43.72,44.75,16085066
1524749400,46.11,47.37,45.6,46.74,10236845
1524835800,48,48.77,47.19,47.57,10176418
1525095000,47.7,48.92,45.76,47.34,16758047
1525181400,47.11,48.5,46.69,48.2,7669999
1525267800,48.34,50,48.3,48.66,18113334
1525354200,46.7,49.48,46.501,49.21,20472828
1525440600,48.3,49.67,48.15,49.1,10442063
1525699800,49.1,51.82,49.05,51.12,13758940
1525786200,51.21,53.68,50.24,53.32,18013422
1525872600,53.15,54.89,52.43,54.26,12653548
1525959000,54.52,55.5,53.86,54.65,10628753
1526045400,54.54,55.4797,54.01,54.73,7470522
1526304600,55.05,56.08,54.05,54.28,10681870
1526391000,54.02,55,53.13,54.65,7653631
1526477400,54.78,56.72,54.4601,56.59,10878774
1526563800,56.5,57.19,54.6,54.82,14528418
1526650200,53.54,55.33,53,55.04,10012165
1526909400,56.04,57.05,55.705,56.39,8228795
1526995800,56.4,56.62,54.49,54.63,9693795
1527082200,54.17,55.09,53.66,55.09,9545810
1527168600,55,55.84,54.76,55.55,7574112
1527255000,55.84,56.86,55.41,55.77,5509684
1527600600,56,57.839,55.89,56.92,10204100
1527687000,57.67,58.39,56.92,57.91,9456970
1527773400,58,58.9,57.6,58.25,7980874
1527859800,58.7,60.26,58.281,59.41,10479585
1528119000,60.49,61.49,59.71,61.2,10717891
1528205400,61.36,61.93,60.43,61.57,8752797
1528291800,61.6,62.83,61.08,62.72,8590945
1528378200,62.65,62.77,59.3,60.67,14474633
1528464600,60.58,62.04,60.19,61.78,8300920
1528723800,61.97,62.46,59.5,61.29,6047975
1528810200,61.77,64.08,61.65,63.21,9585627
1528896600,62.25,63.86,62.17,62.5,11262030
1528983000,63.2,64.85,63.2,63.88,11913140
1529069400,63.65,64.6,62.53,64.48,7904386
1529328600,64.15,66.44,63.88,66.2,10486276
1529415000,65.32,66.1,63.5501,65.96,9504451
1529501400,66.59,68.97,66.55,67.59,12382528
1529587800,68.78,69.4,66.27,67.1,9999482
1529674200,68.17,68.17,65.11,65.75,11540481
1529933400,64,64.15,60.87,61.89,15115365
1530019800,62.03,63.4,61.11,62.55,13168856
1530106200,63.85,64.16,59.83,60.09,11139657
1530192600,61.02,61.83,59.4,61.55,11836912
1530279000,62.3,62.77,61.44,61.64,6764464
1530538200,60.47,63.23,60.26,63.14,5427128
1530624600,63.32,63.65,61.52,61.75,4234664
1530797400,62.55,64.43,62.28,64.15,7670960
1530883800,64.6,66.52,63.76,66.44,10443622
1531143000,67.3,67.5,64.85,66.48,9067762
1531229400,66,66.85,64.41,64.76,9162679
1531315800,64.29,65.84,64.12,65.33,5857122
1531402200,65.81,67.4897,65.7,67.28,8927270
1531488600,67.03,67.28,65.5,66.97,7686604
1531747800,66.69,68.3383,66.69,66.95,5407869
1531834200,66.57,68.67,66.37,68.33,6293097
1531920600,68.45,68.83,67.42,68.29,4913121
1532007000,69.4,71.3195,68.85,70.32,11981314
1532093400,70.95,72.09,70.17,70.41,9267085
1532352600,70.5,72.21,69.65,71.6,7059718
1532439000,72.57,72.8,68.2,69.36,12188124
1532525400,69.73,72.53,69.63,72.53,8309289
1532611800,71.18,72.33,70.11,71.99,6744477
1532698200,72.48,73.19,68.76,69.85,8700981
1532957400,70.04,70.2,64.2101,65.62,13598977
1533043800,65.88,66.8,63.21,64.65,10692312
1533130200,65.1,67.41,65,66.86,11990436
1533216600,65.2499,72.82,64.22,72.65,20831930
1533303000,72.1,72.43,67.83,68.36,14949028
1533562200,69.61,71,68.74,70.92,10876048
1533648600,70.89,71.59,69.93,71,6589678
1533735000,70.85,71.1,69.551,70.82,5008557
1533821400,71.12,71.27,69.3,69.38,6312666
1533907800,69.22,72.23,68.9,70.6,13376613
1534167000,70.69,74.49,70.6,72.37,13091017
1534253400,73.67,75.15,73.48,74.97,10883342
1534339800,74.49,75.45,71.451,72.24,13050926
1534426200,73.4,73.43,71.6,72.76,8180411
1534512600,72.83,73.39,71.801,72.9,5561358
1534771800,72.95,74.4,72.01,74.26,7076703
1534858200,74.26,76.31,74.26,75.19,8587771
1534944600,75.19,76.83,74.75,76.44,6827755
1535031000,76.96,78.43,76.661,77.12,7721737
1535117400,77.84,78.47,77.45,78.18,7050599
1535376600,78.79,79.06,77.26,78.25,8257205
1535463000,78.84,81.41,78.6233,80.8,11452011
1535549400,82.405,86.17,81.44,85.7,22510552
1535635800,85.72,89.22,85.5,87.76,20083757
1535722200,87.83,89.695,87.3801,88.64,11165101
1536067800,88.74,91.64,87.76,91.25,13753247
1536154200,91.3,91.41,84.34,87.2,18020934
1536240600,87.83,89.7999,86.7,88.54,12523565
1536327000,87.66,91.5,86.55,89.97,10503810
1536586200,90.34,90.83,87.79,89.39,10223464
1536672600,88.9,92.919,88.7,92.28,12004277
1536759000,92.29,92.4,88.4,90.44,12707892
1536845400,91.16,92.39,89.43,90.22,9672818
1536931800,90.26,91.29,89.31,90.82,7278501
1537191000,90.14,91.95,86.51,86.86,10516422
1537277400,87.94,89.38,87.06,87.99,10583017
1537363800,88.3,88.56,83.33,84.8,13187712
1537450200,85.98,87.32,84.82,86.51,9195778
1537536600,87.05,87.7399,85.16,85.3,10113956
1537795800,83.9,87.13,81.53,86.04,8152089
1537882200,88.74,96,88.19,95.35,28195216
1537968600,97.46,98.47,94.05,94.65,25510945
1538055000,94.91,99.13,94.77,97.96,21040352
1538141400,97.36,100.39,97.07,99.01,15268212
1538400600,100.8,101.15,96.6,97.28,12616925
1538487000,97.66,100.4164,97.25,97.83,11894954
1538573400,98.48,98.7,95.69,96.96,9820557
1538659800,96.99,97.06,92.3,94.49,13896305
1538746200,94.41,96.31,91.63,94.11,12099821
1539005400,92.4,92.64,83.55,86.06,30365080
1539091800,83.69,87.66,83,86.17,16738447
1539178200,86.74,86.9,76.9,77.45,32581896
1539264600,72.36,74.38,65,69.03,63545654
1539351000,76.25,76.38,71.52,73.97,38121505
1539610200,74.56,75.9,72.75,73.77,22583454
1539696600,76.5,79.1,73.86,78.72,23256369
1539783000,79.93,80.32,75.91,78.05,16656849
1539869400,76.19,77.57,73.6,74.96,15367972
1539955800,77.48,78.7,74.01,74.07,16924750
1540215000,74.8,76.3499,72.28,75.72,15948047
1540301400,72.79,74.42,71.55,74.15,16952900
1540387800,74.07,75.21,69.1,69.34,15587857
1540474200,70.15,74.4,69.5,73.49,13715090
1540560600,70.71,73.31,68.9,71.12,16771822
1540819800,72.47,73.55,65.37,67.28,20295596
1540906200,65.91,68.9,64.4941,68.76,17359133
1540992600,71.11,74.52,71.04,73.45,17915795
1541079000,74.01,77.17,72.5,76.74,13574021
1541165400,76.77,79.94,76.32,77.76,13561636
1541428200,76.87,76.97,72.22,75.01,16851418
1541514600,76.91,79.37,76.27,77.31,18563340
1541601000,78.52,83,78.44,82.69,24041889
1541687400,79.43,80.5999,73.66,75.23,35811591
1541773800,73.1,74.6,71.5,73.27,17267065
1542033000,73.01,73.8,67.211,69.83,19982104
1542119400,70.29,72.8,68.5,71.85,18485887
1542205800,72.45,73.42,68.51,69.81,14251935
1542292200,70.19,74.22,69.06,73.6,12244430
1542378600,71.51,73.2,69.94,70.59,13311397
1542637800,70.09,70.4,62.7,62.97,22491247
1542724200,56,63.58,55.37,61.82,34865547
1542810600,63.31,63.96,60.27,62.62,15670474
1542983400,61.67,64,61.53,63.47,6010525
1543242600,64.8,66.9,63.78,66.52,12630427
1543329000,65.59,67.3,65.12,65.88,9608102
1543415400,67.01,70.1,65.43,69.89,16478193
1543501800,69.44,70.72,67.55,69.9,13912768
1543588200,69.4,70.68,68.4,69.84,12218093
1543847400,73.07,73.09,71.07,71.95,16213819
1543933800,70.05,70.8,63.27,63.51,31179667
1544106600,61.51,65.7,60.2,65.69,23253555
1544193000,64.94,66.09,59,60.78,20672247
1544452200,59.77,64.13,59.75,63.38,18276837
1544538600,64.85,65.75,61.1442,61.78,17887280
1544625000,63,65.69,62.7838,63.65,15966574
1544711400,63.97,64.4,62.13,62.9,10708125
1544797800,61.94,63.94,61,62.14,10528110
1545057000,61.08,61.86,58.18,58.62,16517265
1545143400,59.17,60.995,58.31,59.92,16083636
1545229800,60,62.49,58.81,59.03,18705333
1545316200,58.1,59.9,53.76,55.9,24787642
1545402600,55.14,55.98,52.15,52.51,24945198
1545661800,50.38,52.5,49.82,50.72,11331816
1545834600,51.19,55.47,50.4,55.32,19549195
1545921000,54.44,56.37,52.51,56.15,20228781
1546007400,56.7,57.1,54.92,55.87,18413306
1546266600,56.44,57.35,55.46,56.09,13258786
1546439400,54.1,57.83,53.56,57.2,13440953
1546525800,55.58,56.73,52.26,52.42,19076341
1546612200,54.4,59.66,53.8611,58.18,30228637
1546871400,59,61.29,58.0501,60.72,18146946
1546957800,62.6,63.8002,61.15,63.12,21511751
1547044200,63.3,66.9,62.56,65.93,21012425
1547130600,64.75,66.2,63.72,66.1,13562225
1547217000,65.69,67.64,65.2201,66.23,14448253
1547476200,64.72,65.72,63.74,65.18,12364349
1547562600,65.14,66.77,64.8601,65.96,12099396
1547649000,66.34,67.63,65.23,65.9,13368284
1547735400,66.1,69.7,65.95,68.84,20971674
1547821800,69.7,72.26,69.24,72.24,22074139
1548167400,71.61,71.75,67.27,67.85,19149904
1548253800,69.58,70.59,68.02,69.1,17864388
1548340200,69.37,74.03,69.3001,73.94,24611638
1548426600,74.9,78.15,74.5,77.97,25132212
1548685800,75.39,77.01,74.12,76.22,15701712
1548772200,72.26,72.43,68.05,68.56,32382900
1548858600,71.01,71.6,68.72,71.53,18710390
1548945000,70.03,73.8599,69.98,71.35,15679443
1549031400,71.05,71.2798,69.72,70.8,12677818
1549290600,71,72.62,70.4,71.75,10582051
1549377000,73,75.17,72.27,72.28,19150466
1549463400,72.31,73.28,70.82,72.67,10068533
1549549800,71.77,72.98,70.52,71.95,9549733
1549636200,70.62,73.49,70.23,73.49,9947776
1549895400,74.56,75.88,73.56,74.32,13317465
1549981800,75.55,75.89,74.8429,75.59,8947711
1550068200,76,77.2473,75.4,75.63,10212309
1550154600,74.89,76.0599,73.8,75.67,7671771
1550241000,76.22,76.8547,75.1,75.64,7148905
1550586600,75.96,77.1,75.793,76.64,7438604
1550673000,77,77.67,75.11,75.97,8773808
1550759400,75.95,76.5,74.135,74.43,7663074
1550845800,74.88,76.08,74.85,76.08,7614840
1551105000,77.8,78.56,76.78,77.13,8757591
1551191400,77.3,78.19,76.8664,77.95,8544307
1551277800,78,79.56,77.39,79.32,19712494
1551364200,75.92,82.78,74.57,81.24,41440976
1551450600,80.97,81.03,76.69,77.46,22485850
1551709800,77.99,78.49,73.05,74.69,16804759
1551796200,74.89,76.51,73.76,76.04,9711825
1551882600,75.55,75.95,74.29,75.14,7173957
1551969000,74.79,75.2863,73.18,74.11,9561731
1552055400,71.95,74.4,71.1,74.4,9030267
1552311000,74.99,75.95,74.62,75.53,7901664
1552397400,76,78,75.8,76.77,9494819
1552483800,77.39,78.85,76.95,77.85,8664031
1552570200,78,78.72,77.1,77.38,6579206
1552656600,77.81,78.25,76.25,76.65,8485835
1552915800,76.61,76.83,73.51,75.23,12755267
1553002200,75.68,77.27,75.44,76.81,8170890
1553088600,76.18,76.23,73.95,75.26,9422965
1553175000,74.87,78.74,74.77,78.53,10707653
1553261400,78.24,79.2,74.95,75.09,9924329
1553520600,74.45,75.4735,73.33,74.55,8266954
1553607000,75.66,75.77,73.16,73.93,8891339
1553693400,75.38,75.6,71.64,72.97,11690839
1553779800,73.66,74.78,72.85,74.26,7500711
1553866200,74.62,75.54,74.25,74.92,6437146
1554125400,75.59,76.7,75.1,76.32,8764309
1554211800,76.05,76.5699,75.13,75.6,6626079
1554298200,75.99,77.84,75.99,77.05,10123148
1554384600,76.79,77.23,73.63,74.52,10713582
1554471000,75.23,76.48,74.73,75.03,7396193
1554730200,74.76,75.33,73.76,75,6564136
1554816600,74.63,75.9,74.4,74.6,7236088
1554903000,75.06,75.65,73.92,74.74,7779341
1554989400,75.05,76.05,74.9407,75.5,6971343
1555075800,76.35,76.46,74.8177,75.28,6318607
1555335000,75.23,76.33,74.095,74.39,6840195
1555421400,74.9,75.1795,72.77,73.49,6391516
1555507800,73.89,73.9,72.21,72.76,5901198
1555594200,72.5,72.75,69.79,70.74,11829457
1555939800,70.05,72.88,70,72.58,7867678
1556026200,72.99,73.2,72.02,72.45,6249954
1556112600,72.7,73.56,71.7303,71.99,7056534
1556199000,72.34,73.5,72.01,72.65,6384942
1556285400,73.15,73.17,70.855,71.55,7426885
1556544600,71.54,73.87,71.5,72.72,8627261
1556631000,72.59,73.85,72.27,72.82,7192097
1556717400,73.95,74.73,73.171,73.62,15731099
1556803800,69.8,70.5,66.05,67.74,34399626
1556890200,67.91,68.67,66.6,68.52,9187206
1557149400,65.46,70.29,65.41,70.14,13595822
1557235800,69.98,70.34,67.37,68.42,10764077
1557322200,68.22,68.29,66.78,67.25,9863028
1557408600,66.53,66.62,64.6845,66.39,9178454
1557495000,65.93,67.09,64.46,65.99,7689854
1557754200,63.9,64.31,61.65,62.39,14597103
1557840600,62.99,65.24,62.483,64.11,10036584
1557927000,63.6,65.23,63.44,65.23,7857658
1558013400,65.11,67.15,65.0525,66.4,8587767
1558099800,65.22,66.49,64.65,65.31,6868387
1558359000,64.15,64.6999,63.58,64.39,6715061
1558445400,65.21,66.09,65.15,65.92,5698664
1558531800,65.68,67.0427,65.66,66.46,6695070
1558618200,65.05,65.33,62.77,63.75,9444481
1558704600,64.15,65.04,63.76,64.66,7993956
1559050200,65.2,67.67,65.1,65.82,10027489
1559136600,65.06,65.06,62.7,63.23,10392814
1559223000,63.78,64.29,63.2,63.67,5590361
1559309400,62.24,62.5,61.31,61.95,7220492
1559568600,61.95,62.5435,59.8922,60.62,9309724
1559655000,61.55,63.45,60.73,63.39,8234436
1559741400,63.45,65.64,63.43,64.93,9330703
1559827800,64.88,65.87,64.2,65.77,6021813
1559914200,66.48,69.07,66.16,68.46,9995129
1560173400,69.57,71.7,69.12,70.37,10668192
1560259800,71.2,71.88,69.11,70.18,7130723
1560346200,70,70.92,69.53,70.46,6612073
1560432600,70.76,72.75,70.53,72.18,8201368
1560519000,71.81,72.08,70.92,71.59,5344666
1560778200,72,72.93,71.8,72.21,5353061
1560864600,72.9,73.505,71.6,71.82,7651584
1560951000,71.77,72.78,71.27,72.66,6079121
1561037400,73.76,74.55,73.31,74.42,8796757
1561123800,74.08,74.2595,72.29,72.87,8396728
1561383000,72.98,73.679,72.52,72.71,4468022
1561469400,72.93,73.17,69.26,69.87,12035262
1561555800,70.98,72,69.91,69.95,7911769
1561642200,70.57,71.54,70.05,71.28,5163832
1561728600,72.43,73.1476,71.57,72.53,9464965
1561987800,73.9,74.2,72.7,73.2,8092426
1562074200,72.98,73.97,72.65,73.97,5902281
1562160600,74,74.32,73.35,74.26,2904582
1562333400,73.75,74.36,73.2,74.31,3523528
1562592600,73.8,74,73.06,73.43,4287981
1562679000,74.03,78.39,73.96,77.96,21399725
1562765400,77.91,78.7,77.4,78.37,10342804
1562851800,78.45,79.96,78.43,79.44,7916441
1562938200,80.05,82.66,79.73,82.28,13586310
1563197400,82.48,82.51,81.2,82.17,6428485
1563283800,81.8,81.8,80.31,80.59,5771988
1563370200,80.21,82.17,80.19,80.87,6263978
1563456600,80.87,82.14,80.22,81.06,6855061
1563543000,81.61,81.7,78.42,78.51,6877515
1563802200,79.13,79.63,78.38,78.57,4005413
1563888600,79,79.37,77.8605,78.84,3624763
1563975000,78.67,80.5,78.43,80.43,4751046
1564061400,80.15,81.09,79.13,80.02,6000395
1564147800,80.63,82.32,80.63,81.81,5668247
1564407000,81.88,82,79.06,80.2,7211431
1564493400,80.23,81.19,79.38,80.49,5369340
1564579800,81.17,81.95,79.01,80.41,7406911
1564666200,81.1,83.2,80,80.98,16099736
1564752600,70.8,70.81,67.25,69.6,43721986
1565011800,66.2,66.5,63.685,64.85,21651489
1565098200,66.85,67.4,63.15,64.6,14970787
1565184600,63.18,65.26,62.85,65,9246512
1565271000,66.07,66.57,64.93,66.27,9461941
1565357400,65.97,66.12,64.32,65.01,7216927
1565616600,64.02,64.2365,61.55,62.3,9886772
1565703000,62,63.5,61.52,63,11967135
1565789400,61.85,62.35,60.47,61.55,8577901
1565875800,62.01,62.68,61.24,62,7080349
1565962200,62.61,63.21,62.13,62.87,5421368
1566221400,64,64.433,63.2,64.08,6975837
1566307800,64.24,65.105,63.8276,64.37,7009601
1566394200,65.32,66.14,64.81,65.41,5538601
1566480600,65.92,65.97,63.37,64.68,4701192
1566567000,64.3,65.05,61.4,61.78,9178668
1566826200,62.92,63.52,62.36,62.8,5261491
1566912600,63.16,63.43,61.12,61.75,5216928
1566999000,61.28,62.219,60.6,62.15,4561375
1567085400,63.02,63.41,62.3,62.84,4423980
1567171800,63.15,63.46,61.1507,61.84,5832648
1567517400,62.43,63.98,60.96,61.13,12072052
1567603800,61.75,62.69,60.77,61.17,6658138
1567690200,61.88,63.47,61.669,63.02,8162318
1567776600,63.5,63.85,61.89,62,4744128
1568035800,62.55,62.73,59.07,61.47,11684380
1568122200,60.72,62.1,59.45,60.55,9394002
1568208600,60.85,60.85,58.91,59.2,11561543
1568295000,59.5,59.86,57.75,57.79,15301156
1568381400,57.18,58.85,55.91,58.29,11657460
1568640600,57.34,59.63,57.24,59.25,12394011
1568727000,60.2,60.7,59.15,59.6,9446621
1568813400,59.99,60.42,58.76,59.75,8695475
1568899800,59.96,60.18,58.41,59.03,7162322
1568986200,59,59.14,56.925,57.85,9323830
1569245400,57.07,57.45,56.39,56.76,8963285
1569331800,56.85,58.75,54.4101,57.5,19637264
1569418200,57.42,58.89,56.2288,58.51,10186564
1569504600,60.04,61.15,59.83,60.8,16725954
1569591000,60.98,61.65,59.93,60.75,10700909
1569850200,60.96,62.28,60.85,61.95,7360555
1569936600,62.3,62.99,61.05,61.63,7588884
1570023000,61.23,61.23,58.86,60.08,8906984
1570109400,59.48,62.44,59.06,62.05,8149872
1570195800,62.51,62.92,61.44,62.65,5136043
1570455000,62.24,62.85,61.69,62.25,4168498
1570541400,61.85,62.19,60.63,60.8,4693609
1570627800,61.43,62.52,61.27,62.22,4150517
1570714200,62.25,62.63,61.56,62.03,4490486
1570800600,62.76,63.56,61.47,61.54,9138383
1571059800,61.52,62.29,61.4,61.83,3746414
1571146200,62.22,64.49,62.22,64.29,6247673
1571232600,63.82,63.88,62.56,63,4241251
1571319000,63.02,64.55,63.02,63.4,5586685
1571405400,63.17,63.439,59.7825,60.45,7909514
1571664600,60.7,61.48,59.8301,61.15,5489779
1571751000,61.28,61.49,58.55,58.83,7198711
1571837400,58.9,59.69,57.62,58.36,7752335
1571923800,59.62,61.77,59.59,61.72,8144656
1572010200,61.48,63.25,61.11,62.89,5189341
1572269400,62.82,63.43,61.91,62.8,7171180
1572355800,62.8,63.6168,62.38,62.41,4030930
1572442200,62.51,62.73,61.475,62.16,4832848
1572528600,62,62.65,60.9,61.43,4416135
1572615000,61.57,62.8143,61.46,62.6,6184870
1572877800,63.3,63.83,62.36,62.38,6046730
1572964200,62.5,62.55,59.91,61.06,8552027
1573050600,61.33,61.93,60.5779,61.34,12855557
1573137000,61.91,66.6,60.54,64.41,25983957
1573223400,63.18,63.4507,61.33,62.45,11649973
1573482600,61.88,64.895,61.88,63.79,12712809
1573569000,63.88,63.99,60.82,61.54,11296297
1573655400,61.3,62.14,60.85,61.51,5582771
1573741800,61.65,63,61.35,62.99,7419842
1573828200,63.2,64.72,63.1,64.7,7794373
1574087400,64.5,66.38,64.23,65.74,7409914
1574173800,65.7,66.5,65.14,66.37,6902423
1574260200,66.36,67.75,66.02,67.17,9598298
1574346600,67.17,67.67,66.28,67.42,7864380
1574433000,67.49,68.07,67.0345,67.75,5804164
1574692200,68.32,69.53,68.09,68.25,9601543
1574778600,69.13,69.44,67.93,68.94,9983357
1574865000,68.94,69.73,68.4,69.65,4417868
1575037800,69.34,69.6,68.94,69.12,2478403
1575297000,68.95,68.96,66.11,66.88,6776908
1575383400,65.3,67.33,64.68,67.04,4497439
1575469800,67.47,68.43,67.19,67.78,3717148
1575556200,67.59,67.89,66.66,67.14,4266580
1575642600,67.67,68.3232,67.61,67.98,4058420
1575901800,67.78,68.06,66.72,67.06,4344800
1575988200,67.3,67.4299,65.42,65.84,6049013
1576074600,65.9,66.07,64.875,65.75,6521403
1576161000,65.65,66.2,65.09,65.86,4831390
1576247400,66.02,66.34,64.4849,64.8,7048793
1576506600,65,67.3,65,66.53,6329068
1576593000,66.53,66.55,65.12,65.55,4938904
1576679400,65.91,66.3,65.1,65.14,3998971
1576765800,64.9,65.57,64.12,64.55,6123091
1576852200,64.57,65.13,63.54,63.63,6264312
1577111400,63.52,64.22,62.675,62.8,5405255
1577197800,62.8,64.02,62.37,63.96,3538745
1577370600,64.08,64.9153,63.73,64.03,4251140
1577457000,64.33,64.4,63.06,63.8,4312481
1577716200,63.5,63.76,61.55,61.8,6508136
1577802600,61.15,62.7,61,62.56,5342570
1577975400,62.99,64.05,62.95,63.83,5267495
1578061800,62.59,63.27,62.33,63,5092971
1578321000,61.36,62.58,61.13,62.57,5909080
1578407400,64.57,65.49,63.66,64.59,10427413
1578493800,64.56,68,64.15,67.6,11912207
1578580200,68.22,68.3099,66.7,67.93,8747080
1578666600,68.46,69.51,67.89,67.99,6706477
1578925800,68.24,69.05,67.82,68.66,9771545
1579012200,68.99,69.28,68.1,68.17,6082749
1579098600,68.54,71,68.5,70.36,9214619
1579185000,70.95,71,69.19,69.52,6087219
1579271400,69.84,70.3,69.19,69.38,4960178
1579617000,69.2,69.62,68.31,68.31,4912861
1579703400,68.92,70.047,68.69,68.69,4916474
1579789800,68.86,69.44,67.55,69.29,4552678
1579876200,70.63,71.92,70.02,71.14,10976676
1580135400,68.39,72.45,68.34,71.05,11085077
1580221800,71.47,74.98,71.03,74.8,15597155
1580308200,74.5,77.07,74.24,76.16,11956265
1580394600,75.42,76.39,74.06,76.1,8730012
1580481000,75.8,76.38,74.33,74.69,7514187
1580740200,74.89,79.805,74.6,79.8,15190120
1580826600,79.9,81.68,79.25,80.9,10405833
1580913000,81.98,82.1,77.84,78.25,10671601
1580999400,78.66,79.2,77.8217,78.51,6172287
1581085800,77.8,80,77.34,78.86,4650625
1581345000,79.6,80.62,78.9,80.17,4150161
1581431400,80.56,81.45,79.61,79.88,3973060
1581517800,80.01,80.9059,79.61,80,3574922
1581604200,79.3,82.54,79.08,80.99,6872117
1581690600,81.39,82.59,81.01,81.86,5073161
1582036200,81.68,82.98,81.3508,82.42,4730556
1582122600,83.01,86.48,82.93,85.24,9115010
1582209000,85.23,87.25,80.3,85.7,12070033
1582295400,85.63,86.21,82.725,83.49,7744995
1582554600,76.57,80.8451,76.07,80.21,11071534
1582641000,80.74,81.3999,75.79,77.05,9425262
1582727400,77.68,79.0775,76,76.59,11305000
1582813800,81.39,85.9354,79.05,79.31,35935010
1582900200,76.44,84.15,76.42,83.33,23486738
1583159400,82.8,84.42,79.57,80.67,17799995
1583245800,80.49,80.6,75.81,78.84,18049732
1583332200,78.35,79.49,75.82,79.26,13374580
1583418600,77.78,79.02,75.66,76.32,11269412
1583505000,75.03,75.94,70.27,73.09,16409445
1583760600,67.21,67.41,63.33,65.73,16418442
1583847000,68.32,68.56,63.37,67.24,11806908
1583933400,66.35,66.35,60.82,62.44,13632442
1584019800,55,58.045,52.9701,53.57,19529238
1584106200,56.74,57.79,52.31,57.77,14666101
1584365400,49.25,49.25,40,41.27,27721253
1584451800,43.79,45.2917,39,44.73,22695550
1584538200,41.03,42.0805,32.33,39.5,27154641
1584624600,40.18,47.42,37,40,24555613
1584711000,41.85,43.84,37.8,38.09,26896774
1584970200,38.47,40.55,36.11,40.01,21783449
1585056600,43.5,48.88,42.56,46.31,26174687
1585143000,50.29,58.1,49.53,52.39,34929309
1585229400,53.79,59.25,53.78,56.03,23628715
1585315800,54,54.4173,51.48,53.34,14655619
1585575000,52.9,55.44,51.5301,55,12054281
1585661400,54.69,55.24,51.135,52.38,18349363
1585747800,49.78,50.01,46.05,46.81,16596388
1585834200,46.33,48.03,45,45.88,12871451
1585920600,46.02,46.68,42.33,43.72,18748622
1586179800,47.22,51.1,46.19,50.42,25521719
1586266200,54.78,54.91,49.7,50.31,17104987
1586352600,51.81,57.75,51.81,57.04,24785127
1586439000,58.88,64.94,58.5,59.21,30870886
1586784600,60.1,60.1,56.12,59.42,15199517
1586871000,60.02,62.61,59.6145,62.41,17905475
1586957400,59.67,61.76,59.33,61.38,12468779
1587043800,58.1,59.3,56.63,57.32,19879165
1587130200,59.5,61.44,58.7,61.09,14044774
1587389400,59.44,63.59,59.15,61.06,14342418
1587475800,60,60.44,56.86,57.4,15333926
1587562200,59.35,61.25,58.01,60.96,13461030
1587648600,61.31,63.5,60.9209,61.82,13098756
1587735000,62.23,62.56,61.04,62.01,9628491
1587994200,63.61,64.24,61.81,63.55,10241675
1588080600,64.17,65.025,60.9,61.75,11852090
1588167000,63.44,66.72,63.39,65.77,14387325
1588253400,65,66.89,64.72,65.14,10525869
1588339800,62.84,63.9095,61.44,63,10042418
1588599000,61.34,64.17,61.09,63.69,7556932
1588685400,66,68.59,65.21,66.69,12011488
1588771800,67.32,69.81,67.12,68.1,16202941
1588858200,69.86,76.8,69.58,74.62,31027015
1588944600,72.04,76.4,72,76.05,20041144
1589203800,75.7,75.9027,74.36,74.9,12720571
1589290200,76,77.39,74.31,75.21,17015465
1589376600,75.32,75.8,70.82,73.79,13970120
1589463000,72.17,78.25,71.07,78.2,16038940
1589549400,77.75,81.13,76.65,80.26,16311988
1589808600,78.7,81.35,76.44,76.63,16255256
1589895000,76.45,82.14,76.25,79.25,14225545
1589981400,81.5,83.1,80.52,82.04,10152180
1590067800,79.5,81.7,78.76,81.49,10082071
1590154200,81.23,82.49,80.83,81.49,6262001
1590499800,83.98,84.09,80.5,80.79,9682757
1590586200,80.04,81.14,76.02,81.02,11637081
1590672600,81.02,82.32,79,79.62,9942677
1590759000,79.73,81.95,79.34,81.08,8329131
1591018200,81,83.42,80.12,82.72,8709651
1591104600,82.96,88.27,82.38,88,18364243
1591191000,88,92.5496,87.09,91.97,17089219
1591277400,90.96,92.9599,86.19,87.72,13368095
1591363800,90,91.45,88.067,89.93,11127653
1591623000,90.5,91.23,88.03,89.62,8751124
1591709400,89.02,91.6538,87.87,89.53,7748990
1591795800,90.26,92.97,89.5,91.91,9486666
1591882200,87.75,90,85.77,86.09,14754700
1591968600,89.02,89.18,84.25,86.72,9937283
1592227800,84.79,91.3,84.06,91,9813033
1592314200,93.07,95.8681,92.56,94.74,13026437
1592400600,94.78,100,94.7,97.03,17113699
1592487000,97,98.6499,95.82,98.27,8766867
1592573400,100.1,102.26,97.92,97.98,13879793
1592832600,99.74,105.46,99.25,104.22,17116981
1592919000,105,106.36,103.05,104.75,14042844
1593005400,104,105.7492,98.93,100.88,13250376
1593091800,102.46,106.15,101.286,104.78,13569788
1593178200,105.03,107.84,102.5176,104.3,19759110
1593437400,105.15,105.28,101.22,103.68,9210828
1593523800,103.5,105.3,102.8875,104.94,7605064
1593610200,106.92,117.13,106.54,115.9,22480939
1593696600,118,118.78,113.23,113.39,15066346
1594042200,118.79,128.36,118.03,118.97,34424018
1594128600,121.2,129.84,120.03,125.6,28573937
1594215000,127.2,133.43,127,133.35,25627376
1594301400,132.54,133.81,127.67,129.39,21959347
1594387800,128.39,129.6,125.255,128.05,11260837
1594647000,131.05,133.24,116.67,118.65,18489526
1594733400,118.59,121.8536,111.14,121.24,17175130
1594819800,124.01,124.48,117.66,122.2,9606889
1594906200,119.94,123.3,117.55,119.95,11827551
1594992600,120.98,122.38,118.59,120.73,6968161
1595251800,121.26,129.46,120.53,128.39,12423992
1595338200,129.95,130.8,125.07,126.99,10787519
1595424600,127.49,131.71,127.06,129.18,8437494
1595511000,127.74,129.8494,121.32,122.93,11010216
1595597400,119.89,122.91,117,121.41,8059974
1595856600,124.62,126.77,122.34,125.75,9685703
1595943000,125.2,127.53,123.32,123.51,7126066
1596029400,125.14,128.95,124.9,128.55,8693399
1596115800,128.54,131.37,125.33,129.13,10192331
1596202200,131.34,131.9,127.36,129.85,8606777
1596461400,130.26,136.135,130.26,134.8,11472572
1596547800,135.88,137.8,133.6,136.83,10870280
1596634200,153.16,158.43,146.2,146.55,39629708
1596720600,149.76,155.89,149.12,154,19352781
1596807000,151.51,153.8399,143.35,147.22,15577281
1597066200,147.53,147.82,138.66,139.34,13066330
1597152600,137.94,142.9475,135.03,138.25,13157143
1597239000,140.01,143.42,137.69,139.02,10603820
1597325400,140.9,145.51,140.2,143.19,9834960
1597411800,143.89,143.9999,139.7303,141.96,6654720
1597671000,144.49,153.68,143.18,152.48,13280509
1597757400,151.97,153.19,147.4121,151.04,8523389
1597843800,151.22,152.355,148.56,150.37,6539856
1597930200,150.17,158.1,149.82,155.86,12428092
1598016600,156.4,159.47,153.12,155.1,8630546
1598275800,159,159,150.98,151.79,8807667
1598362200,151.8,155.74,149,155,6429420
1598448600,156.09,158.69,151.73,153.74,7689908
1598535000,156.87,161.5399,155.5,155.61,11617224
1598621400,159.15,159.15,154.06,155.93,6296358
1598880600,157,160.7745,156.02,159.56,7630240
1598967000,164.81,170.46,162,166.66,12318671
1599053400,170.6,170.61,158.11,162.88,11214784
1599139800,157,157.23,149.51,152.86,16421239
1599226200,149.63,152.22,134,146.39,17995164
1599571800,137.01,146.14,136.89,139.11,10681379
1599658200,145.65,145.65,139.25,144.21,9463558
1599744600,147.02,148.545,139.82,141.07,6711455
1599831000,143.9098,143.9098,134.26,137.45,8428436
1600090200,140.07,145.4,138.81,144.4,7754847
1600176600,146.13,158.5,146.13,154.5,18549994
1600263000,155.2,159,149.8801,151.05,10207732
1600349400,146.27,147.6899,142.24,145.64,11972190
1600435800,147.37,149.13,141.64,145.01,8886573
1600695000,140.42,151.98,139.3101,151.12,12662663
1600781400,152.82,156.34,148.59,155.59,11189711
1600867800,155.87,157.98,147.8,149.59,8866980
1600954200,151.01,155.9227,148,152.31,13213853
1601040600,153.06,158.98,151.751,157.72,8782784
1601299800,160.49,164.5,158.23,160.76,10287141
1601386200,164,167.56,163.13,164.81,12088373
1601472600,164.47,166.19,161.23,162.55,6561202
1601559000,166.14,168.61,164.5801,168.49,6723499
1601645400,164.05,171.24,163.8006,169.61,11160161
1601904600,172.43,181.89,171.5,180.92,16666741
1601991000,180.13,182.24,172.61,175.34,12543957
1602077400,180.61,182.75,179.02,180.18,7119275
1602163800,183.18,185.3699,181.72,183.5,7133438
1602250200,185.12,188.74,183.73,187.28,6719664
1602509400,190.68,191.94,184.26,185.17,7964706
1602595800,186.81,191.36,186,190.47,6399879
1602682200,191.59,193.4399,185.11,187.49,6176616
1602768600,182.6,188.68,181.2,188.6,6818697
1602855000,191.68,192.84,184.7,186.35,5299708
1603114200,188.11,191.3999,185.91,186.96,5454020
1603200600,188.1,189.7,184.33,185.74,4875972
1603287000,183.55,184.74,175.5901,177.82,10477235
1603373400,178.5,181.98,173.61,175.93,6681642
1603459800,177.5,177.79,173.34,176.77,4167570
1603719000,175.01,176.86,166.77,169.89,6489402
1603805400,175.31,176.26,169.26,171.02,6937558
1603891800,166.59,168.9399,164.45,167.13,5420308
1603978200,170.08,172.08,168.11,169.86,4431756
1604064600,166.49,167.3974,152.43,154.88,14948427
1604327400,158,161.24,152.1,155.23,8753566
1604413800,153.22,161.05,151.1,158.21,8001436
1604500200,166.38,171.36,162.15,171.29,7760592
1604586600,177.1,177.29,172.65,175.23,15519726
1604673000,185.24,201.33,182.99,198.08,27088286
1604932200,191.305,197,181.83,184.08,14985958
1605018600,182.37,183.46,167.11,172,14840004
1605105000,179.65,184,177.7,183.42,9040818
1605191400,184.26,185.1899,177,178.51,9151584
1605277800,180.6,180.9,175.5,177.19,6965709
1605537000,175.83,179.22,173.01,179.16,7428200
1605623400,180.12,190.74,180.12,187.9,11140670
1605709800,187.49,187.5,182.2703,185.54,5627316
1605796200,190.78,194.01,185.74,191.66,12280087
1605882600,193.69,200.99,191.55,195.97,10935076
1606141800,200.11,209.36,199.27,207.78,12509644
1606228200,208,208.04,199.55,202.9,12288948
1606314600,207.45,214.52,204.57,212.92,12948072
1606487400,215,215,205.9,212.52,6525960
1606746600,213,213.54,200.23,210.96,14091108
1606833000,212.56,212.95,200.5,203,10814393
1606919400,200.13,204.0596,195.13,202,10483654
1607005800,207,208.69,204.05,205.53,6918231
1607092200,206.29,209.75,203.58,208.15,6566152
1607351400,209.79,213.6615,208.25,212.58,5895304
1607437800,213.33,213.9,208.25,213.01,5373248
1607524200,213.96,220.5,205.01,207.04,11133017
1607610600,205.39,217.61,203.57,217.25,7919206
1607697000,218.26,222.2,213.17,216.59,7914599
1607956200,218.01,220.43,214.5008,215.86,7379020
1608042600,218.415,221.7199,216.7301,219.99,5713631
1608129000,223.86,227.96,220.03,227.08,8216471
1608215400,230,237.09,227.7,230.74,10440067
1608301800,235,236.37,231.1,235.45,8099521
1608561000,236.09,241.85,232.26,233.5,11155405
1608647400,236.5,243.38,236,241.58,9440011
1608733800,241.36,241.82,230.58,230.68,13482696
1608820200,234.23,236,225.9,228.28,8411200
1609165800,232.38,232.95,219.65,223.34,11640019
1609252200,223.88,224.59,208.81,214,15453083
1609338600,215.94,221.51,214.0671,221.04,9836969
1609425000,217.71,219.45,214.42,217.64,6872354
1609770600,222.495,225.98,216,221.16,9838438
1609857000,219.42,230.34,219,229.75,9699380
1609943400,223.41,233.5,223.161,226.89,12003503
1610029800,232.52,240.4,231.5,239.48,10214207
1610116200,244.35,246.49,237.18,241.45,9102059
1610375400,231.61,232.74,225.3,225.5,14107525
1610461800,228.51,229.3299,223.72,227.52,8452892
1610548200,228.95,234.8213,226.8,230.92,7601353
1610634600,233.9,238.76,229.59,232.79,6706528
1610721000,233.63,236.43,225.58,227.75,7049176
1611066600,231.07,231.59,223.25,227.26,6505627
1611153000,230.12,230.88,225.5,226.65,6012419
1611239400,227,227.5,218.2001,219.62,10472442
1611325800,219,222.91,217.71,222.88,6867511
1611585000,225,225.94,209.75,216.64,11328134
1611671400,217.09,219,208.71,209.17,10039511
1611757800,204.01,209.3503,197.7,202.46,10892749
1611844200,208.72,222.58,206.56,219.91,12500800
1611930600,224.97,225.9,212.58,215.96,9383862
1612189800,215.81,223.01,213.44,221.94,7849340
1612276200,225.19,230.2199,221.99,227.63,6545320
1612362600,228.5,234.57,221.88,227.94,5193375
1612449000,233.53,239.31,231.07,237.72,8893436
1612535400,238,240.57,235.27,240.38,5090772
1612794600,245.08,264.2669,244,259.97,17149920
1612881000,256.58,262.57,250.55,258.12,10815078
1612967400,259.77,263.15,252.75,257.49,8644634
1613053800,262,269.6651,258.5,265.93,10214068
1613140200,265.15,273.84,262.5312,272.75,6780809
1613485800,277.12,283.1898,272.3201,276.02,9193550
1613572200,274.37,274.47,260.76,270.94,11094327
1613658600,265.49,272.79,261.8525,270.85,7236412
1613745000,275.12,280.9391,273.59,276.57,7373362
1614004200,271.85,278.1,266.36,268.08,9740392
1614090600,247.55,261.3,232.5,256.59,18971868
1614177000,243.11,246,230.68,237.32,26123119
1614263400,244.87,245.84,223.66,227.11,15916265
1614349800,226.32,232.78,217.4,230.03,14913781
1614609000,238.11,241.7194,232.1001,241,8989220
1614695400,251.9,258.4899,246.47,252.2,17345760
1614781800,249,250.95,232.0064,234.2,12151695
1614868200,228.76,232.63,210,218.41,18495966
1614954600,221.27,222.01,191.36,216.44,24773606
1615213800,217.71,221.63,201,201.87,13488132
1615300200,215.37,226.49,211.5,225.09,14495532
1615386600,231.61,237.92,223.205,226.73,12973062
1615473000,234.97,243.49,231.01,241.72,11727987
1615559400,232,242.22,230.05,242.11,8850054
1615815000,243.52,251.26,239.6171,251.23,8889573
1615901400,252.26,252.5,238.67,243.36,7491649
1615987800,235,248.68,232.75,246.47,10154044
1616074200,242.8,243.4,222.56,224.3,12481349
1616160600,227.19,229.4,219.52,224.84,10480756
1616419800,225.24,230.18,221.74,226.13,6386097
1616506200,226.39,228.38,221.49,223.2,5591488
1616592600,224.3,225.9,212.155,213.51,9262534
1616679000,204.6,211.96,202.1,208.47,12878863
1616765400,209.32,216.79,203.96,213.6,9196199
1617024600,212,214.39,202.93,207.18,9695810
1617111000,204.49,214.3,202.83,212.83,9735707
1617197400,218.41,232.76,218.41,227.05,14453736
1617283800,231.26,236.46,227.57,229.51,9260798
1617629400,231.62,233.32,224.1,229.95,7534968
1617715800,230.49,238.5,228.0801,236.5,8768483
1617802200,237.51,249.9,236,245.12,17012173
1617888600,248.83,258.59,248.82,258.37,15728207
1617975000,255.89,265.3,253.68,261.65,14969047
1618234200,258.19,266.96,255.85,265.2,9051274
1618320600,267.48,275.45,266.9,273.23,10561683
1618407000,274.13,278.13,256.575,258.4,12486381
1618493400,262.85,268.4142,260.74,263.08,8944424
1618579800,263.24,263.44,254.669,256.1,8549254
1618839000,250.22,253.3,242.58,245.33,10735492
1618925400,247.59,253,243.68,245.5,12580005
1619011800,243.11,251.4817,240.3401,245.25,9965195
1619098200,246.46,255.805,242.71,245.11,12730803
1619184600,243.39,247.5703,240.3401,246.43,8467380
1619443800,248.27,256.97,246.3,255.77,8494373
1619530200,256.96,260.81,253.4,253.79,6791542
1619616600,253,258.97,249.4,254.2,6140714
1619703000,257.358,259.88,245.01,247.76,6592836
1619789400,244.24,249.9599,243.39,244.82,6188255
1620048600,246.6,249.4194,241.79,243.68,5268790
1620135000,238.83,240.19,228.6191,231.19,9123591
1620221400,237.5,240.2,229.8,231.87,6660953
1620307800,235.21,235.35,216.7,223.96,14759100
1620394200,240.09,241.6994,231.1793,233.35,14836327
1620653400,229.62,230,216.01,216.43,13256919
1620739800,205.89,221.78,205.69,220.65,13676089
1620826200,215.3,218.76,205.6,206.67,11778333
1620912600,208.2,211.5,192.29,197.13,21397114
1620999000,200.28,208.3,198.17,207.85,11497776
1621258200,205,205,195.55,202.92,12133751
1621344600,202.5,209.73,199.729,203.16,10087957
1621431000,193.8,200.85,192.21,200.11,16413293
1621517400,202.59,206.69,202.2,204.91,8336519
1621603800,207,208.9,199.62,200.01,9250344
1621863000,202.17,212.8,197.3,210.95,13214987
1621949400,212.07,219.09,211.77,216.2,14778974
1622035800,218.04,223.83,215.8,222.34,11914389
1622122200,222.38,223.39,217.66,220.9,8555693
1622208600,221.88,225.9,221.65,222.52,6779787
1622554200,223.54,227.065,218.577,221.95,6902884
1622640600,221.33,224.8799,219.49,220.41,7147510
1622727000,218.87,219.94,211.25,211.43,7255738
1622813400,212.51,218.2808,211.74,213.69,8988498
1623072600,214.25,217.31,211.65,216.95,5770770
1623159000,218,221.41,212.21,214.12,6074024
1623245400,216.93,217.9459,210.06,210.21,6817943
1623331800,211.01,217.63,209.8,217.14,7575807
1623418200,218.1,222.7899,218,219.34,7533159
1623677400,223.05,231.45,221.64,230.95,11591734
1623763800,231.15,233.21,226,227.75,9437416
1623850200,226.15,229.12,220.11,225.11,9148966
1623936600,223.79,237.8399,223.59,236.13,10830215
1624023000,235.03,239.96,233,237.05,8518347
1624282200,234.91,235.66,228.82,233.89,6628926
1624368600,232.89,236.2782,229.8065,235.97,6748942
1624455000,236.9,243,236.86,238.7,8165471
1624541400,244.3,248.9,243.01,244.15,8165694
1624627800,243.19,244.87,237.15,239.94,7614834
1624887000,241.7,247.7298,241.7,246.6,7372311
1624973400,247.84,251.91,246.1407,248.87,6186846
1625059800,248.08,248.79,243.34,243.8,6655458
1625146200,242.82,245.05,237.8,241.85,5627948
1625232600,243,245.41,239.36,241.08,4403474
1625578200,241.31,249.37,241.31,246.7,6252170
1625664600,250,254.78,244.31,244.64,7238276
1625751000,238.75,239,230.6,235.9,7683000
1625837400,239,241.9599,235.56,241.89,5404636
1626096600,243.58,247.22,241.7805,243.35,5722683
1626183000,243.35,247.49,239.84,241.43,6304526
1626269400,244.35,246.1899,238.48,239,6188270
1626355800,239.83,241.6213,233.11,235.16,7143467
1626442200,238.7,241.77,234.4,237.52,7879883
1626701400,231.91,234.02,225.28,233.69,7309999
1626787800,234.61,247.69,232.2,246.47,8851602
1626874200,246.28,258.5,244.8,257.25,9068901
1626960600,256.93,262.5688,256.5,260.59,6660077
1627047000,261.85,267.77,261.28,264,6374083
1627306200,264.97,265.74,260.4,261.99,5928282
1627392600,261.28,261.86,245.057,251.73,7828102
1627479000,254.03,259.87,250.77,258.61,4698860
1627565400,255.51,261.83,254.53,255.28,4713837
1627651800,249.28,254.36,244.35,247.26,7566513
1627911000,247.93,280.875,247.01,272.38,45730624
1627997400,270.43,274.95,261.75,269.49,21445072
1628083800,268,268.39,261,266.42,10241437
1628170200,265.6,289.23,264.77,281.81,19413650
1628256600,279.51,285.86,273.1,275.1,9490663
1628515800,272.99,286.52,270.63,279.73,10561694
1628602200,280.01,283.59,272.6401,273.08,6694815
1628688600,277.76,281.34,269.615,271.09,8018190
1628775000,270.45,272.84,265.55,268.59,5215901
1628861400,269.95,271.91,266.46,267.88,4267542
1629120600,266.35,267.3799,257.6,263.4,6550548
1629207000,260.98,264.25,257.91,260.88,5707835
1629293400,261.54,266.6667,259.08,259.66,4705093
1629379800,256.84,260.4799,254.14,257.35,5121004
1629466200,257.14,263.5,257.085,263.05,4749643
1629725400,267.71,273.5,267.07,270.44,6071292
1629811800,272.4,274.188,269.13,270.17,4258055
1629898200,269.53,270.325,266.22,267.57,3428707
1629984600,268,268,260.94,262.13,4314383
1630071000,262,270.4838,261.6153,268.01,4646212
1630330200,271,273.87,268.5001,271.92,6348103
1630416600,273.5,276.14,266.26,268.07,6309250
1630503000,269.01,273.15,267.94,268.25,3941962
1630589400,272.37,274.37,265.47,265.94,5224640
1630675800,266.54,270.63,263.68,269.74,4908525
1631021400,270.08,270.45,263.75,265.83,5679829
1631107800,264.76,265,251.73,254.72,10481768
1631194200,256,258.63,251.38,251.54,5606223
1631280600,253.01,254.75,247.38,247.9,6509321
1631539800,248.74,248.84,237.91,246.68,7879068
1631626200,249.1,253.42,245.68,247.05,4940366
1631712600,247.73,248.9,245.07,248.8,4092159
1631799000,248.8,255.49,247.48,255.09,5795078
1631885400,256.06,257.27,252.38,255.79,5893621
1632144600,245.33,251.72,244.61,250.23,5861465
1632231000,252.82,254.0999,249.83,251.3,4658653
1632317400,253,261.79,252.29,261.07,6270964
1632403800,263.49,268.17,262.7,266.72,7837891
1632490200,263.99,264.97,257.91,262.5,6958900
1632749400,258.1,259.86,255.7932,258.11,4683153
1632835800,252.51,252.85,241.62,242.7,11052230
1632922200,245.52,246.24,235.2201,236.04,7323712
1633008600,236.69,243.27,236.27,239.84,5474019
1633095000,239.44,242.05,236.88,239.29,5934560
1633354200,235.61,236.285,222.92,226.25,12376667
1633440600,226.91,239.14,226.26,235.98,9928190
1633527000,231.97,241,231.33,239.12,7079553
1633613400,246.09,251.65,244.92,249.16,9170897
1633699800,249.3,251.44,238.12,238.49,8488297
1633959000,238.49,240.72,232,232.33,7632272
1634045400,237.75,240.32,234.08,237.41,5800287
1634131800,239.3,243.53,238.67,242.73,5422801
1634218200,248.115,251.34,247.1001,247.41,6756603
1634304600,250,250.4599,246.51,249,4673527
1634563800,247.45,253.6,244.16,252.2,6911138
1634650200,253.94,256.97,251.8101,254.41,5248578
1634736600,257.89,260.38,253.02,255.35,4695141
1634823000,255.54,265.65,253.6,265.08,7003131
1634909400,259.88,262,251.94,253.06,7656210
1635168600,252.55,262.41,252.53,262,5747711
1635255000,263.03,270.16,259.06,263.39,7089469
1635341400,261.92,262.31,252.28,253.02,6305703
1635427800,257.19,261.61,254.6653,261.33,4912935
1635514200,258.16,258.7499,253.975,254.5,4093759
1635773400,255.12,255.54,251.12,255.04,4426630
1635859800,253.04,255.2242,247.4,249.01,5465929
1635946200,249.4,252.82,248.23,252.48,4205636
1636032600,252.64,253.3195,244.55,247.46,10195338
1636119000,247.64,255.9499,237.08,237.38,15227987
1636381800,237.99,241.42,234.15,236.77,7458695
1636468200,238.4,240.9,229.7172,230.78,7280613
1636554600,230,234.6899,225.25,227.21,7326827
1636641000,231.01,231.22,225.65,226.51,4699475
1636727400,228.2,229.76,226.51,227.3,5668986
1636986600,229,238.5999,228.8,233.02,6501806
1637073000,231.3,238.9,230.4,238.47,5690782
1637159400,238.85,241.5,229.69,231.85,5185119
1637245800,234.69,237.82,228.114,230.35,5396129
1637332200,228.63,229.99,224.09,225.14,7451097
1637591400,222.71,224.57,205.28,211.31,15737621
1637677800,209.86,214.7,205.41,210.55,9836508
1637764200,207.31,217.09,207.31,215.65,6910333
1637937000,211.01,215.65,209.27,212.08,3687232
1638196200,220.46,220.6,209.05,212.87,5575358
1638282600,214.88,217.75,206,208.33,10092548
1638369000,210.19,211.61,193.93,194.5,13430430
1638455400,191.18,195.52,185.28,192.15,16858564
1638541800,192.66,192.89,174.335,181.31,19166046
1638801000,176.87,180.17,170.75,179.72,11654102
1638887400,187.975,192.89,187.17,189.51,10652871
1638973800,190,195.28,185.8,194.78,8883664
1639060200,191.51,194.53,185.4023,186.75,6251253
1639146600,187.51,189.87,179.69,181.32,7956449
1639405800,179.11,181.1,171.81,175.44,10548028
1639492200,170.3,175.9,168.61,170.72,8982805
1639578600,169.95,174.96,162.96,173.8,11626537
1639665000,175.26,176.91,163.85,165.88,10913698
1639751400,161.07,168.87,158.38,167.06,12713744
1640010600,162.99,163.5677,157.57,158.3,9387784
1640097000,160.87,171.89,159.41,170.47,10771035
1640183400,167.08,171.835,164.76,167.38,7471031
1640269800,166.36,168.8,164.59,167.71,6668618
1640615400,168.15,171.4,167.5,168.48,5477234
1640701800,168.5,169.24,162.88,163.67,6570549
1640788200,164.1,164.9,158.5,161.85,7021935
1640874600,161.56,168.625,161.27,165.34,6656720
1640961000,164,165.33,161.39,161.51,6448481
1641220200,162.87,165.2,159.31,164.03,7323995
1641306600,163.5,163.89,151.02,156.33,14768493
1641393000,155,156.45,143.31,143.49,17546227
1641479400,140.62,148.36,138.09,144.66,16244220
1641565800,143.25,148.5199,141.19,141.54,9426004
1641825000,139.65,144.62,133.13,144.48,15594383
1641911400,142.19,151.5,141.84,148.43,10880713
1641997800,150.7,152.7,145.34,145.47,9341606
1642084200,147.47,148.35,136.1,136.95,10133101
1642170600,135,138.66,129.3076,133.29,19694021
1642516200,130.03,137.09,128.23,130,14219830
1642602600,129.005,132.74,127.2501,128.14,25601900
1642689000,128.22,135.7,127.08,127.58,13835498
1642775400,125.89,127.61,117.81,118.1,14992614
1643034600,113.5,117.46,102,117.3,30492948
1643121000,114.05,118.99,109.56,115.3,16983695
1643207400,119.01,121.91,110.6,111,15188048
1643293800,107.84,111.1199,103.73,105.64,21500675
1643380200,104.95,111.18,101.75,110.38,16820256
1643639400,112.86,122.32,112.68,122.29,14373973
1643725800,128.5,130.73,121.05,127.61,17461853
1643812200,118.63,120.61,111.53,114.04,26703215
1643898600,107,109.65,100.04,101.5,29660717
1643985000,102.49,110.2,99.81,108.87,18824687
1644244200,106.86,108.99,101.81,102.81,24622303
1644330600,101.91,103.77,99.5,102.29,20091486
1644417000,104.81,112.9,104.61,112.84,24064648
1644503400,109.25,119,107.3,108.94,26289571
1644589800,112.59,118.0447,106.8709,107.88,31484587
1644849000,107.79,116.36,106.63,111.64,22821530
1644935400,113.02,115.37,110.27,115.21,16898989
1645021800,113.95,113.95,108.87,109,17971462
1645108200,110.24,110.78,103.3555,104.02,12975371
1645194600,103.615,103.89,96.83,97.72,20520495
1645540200,95.77,99.45,93.13,93.91,16625698
1645626600,94.66,95.2,88.57,88.72,18330806
1645713000,83.08,96.163,82.72,94.99,31915048
1645799400,114.9,120.7,109.3004,119.82,64569095
1646058600,118.31,131.95,118.31,127.5,52481677
1646145000,126.55,131.49,124.3608,126.06,25688200
1646231400,124.93,125.53,118.7613,124.26,18998514
1646317800,123.13,123.6436,113.08,114.22,18089145
1646404200,116.68,119.71,105.07,106.52,23149283
1646663400,107.17,108.08,95.4201,97.51,29481409
1646749800,96.71,105.15,93.3001,100.62,25280923
1646836200,103.99,113.82,103.39,111.92,27721852
1646922600,110.35,110.58,104.64,108.87,15651077
1647009000,109.88,110.68,101.7,101.93,13636538
1647264600,100.03,102.07,92.7198,94.85,22494573
1647351000,95.71,103.885,94.87,103.09,17524040
1647437400,105.56,116.379,105.26,116.05,25527236
1647523800,114.78,128.32,113.3,127.96,31316944
1647610200,126.69,142.94,125.6,140.64,39354182
1647869400,138.36,139.73,129.6401,134.82,30703536
1647955800,133.66,146.79,133.565,141.79,27938471
1648042200,138.83,142.89,134.35,135.4,18069895
1648128600,136.43,137.73,129.81,135.06,16790059
1648215000,135.51,136.2,127.23,130.33,13467028
1648474200,132,138.88,131.738,138.12,19074011
1648560600,141,149,137.91,146.84,21939472
1648647000,147.01,147.62,137.68,140.1,20231845
1648733400,139.52,140.4999,135.48,135.6,13569578
1648819800,136.5,138.41,131.73,133.62,15216100
1649079000,136.85,145.58,135.75,145.19,15678255
1649165400,145,145,134.7,135.92,15798829
1649251800,133.73,133.95,124.6,128.77,21077238
1649338200,128,132.8,120.11,125.93,19030561
1649424600,124.53,127.5,122.12,123.22,13654105
1649683800,120.28,125.73,118.92,123.08,12964961
1649770200,126.02,130.89,121.5,122.89,15351351
1649856600,121.4,126.66,120.5,126.05,10789101
1649943000,126.03,126.46,121.13,121.31,9447543
1650288600,120.79,121.27,115.8496,119.39,10364988
1650375000,119,127.1495,118.69,125.62,10900432
1650461400,125.21,125.21,114.5,114.52,13309025
1650547800,117.1,119.48,106.445,107.71,14430402
1650634200,108.11,109.95,102.02,102.67,12495261
1650893400,101.8701,108.3,101.8701,107.38,14059482
1650979800,105.643,105.643,99.8254,100.47,12854536
1651066200,98.68,103.9682,98.07,99.93,14308627
1651152600,101.54,106,97.39,104.64,16650913
1651239000,103.64,110.4398,99.32,99.54,13448815
1651498200,98.3,105.97,97.27,105.86,14661667
1651584600,104.16,108,100.48,102.33,14675906
1651671000,102.25,107.21,93.65,106.79,25333851
1651757400,103.51,104.14,93.12,95.55,22914529
1651843800,98.67,98.68,88.5567,96.19,36801942
1652103000,93.06,93.9685,80.82,83.86,31319614
1652189400,87.29,91.465,80.39,84.39,25789587
1652275800,82.97,85.1499,70.33,71.22,39549291
1652362200,68.79,78.14,65.1,75.76,35208119
1652448600,80.37,85.23,80.13,84.15,28356481
1652707800,82.27,84.69,79.31,79.7,18879569
1652794200,82.5,85.56,78.88,84.79,21675264
1652880600,82.73,89.0962,81.48,82.06,24811368
1652967000,82.9,89.9191,82.085,87.14,24086920
1653053400,88.01,90.25,78.8924,83.44,22714334
1653312600,83.82,84.15,79.05,83.4,19684109
1653399000,81.4,81.62,74.16,75.88,20583922
1653485400,75.8,78.95,74.31,77.95,17738163
1653571800,75.57,83.86,74.76,83.41,16587508
1653658200,84.29,90.99,83.5,90.52,19837495
1654003800,90,90.6,85.8,87.51,19307162
1654090200,87.35,89.2109,81.3531,81.91,20519248
1654176600,81.52,88.8485,81.4,87.44,19120031
1654263000,85.36,86.67,82.66,83.1,13965948
1654522200,84.86,87.09,81.95,83.38,13972737
1654608600,81.88,85.2,80.25,84.6,14313260
1654695000,84.6,87.55,83.87,84.75,12757327
1654781400,84.63,84.96,76.49,76.58,19630720
1654867800,75.86,76.24,70.23,71.87,21307192
1655127000,66.16,68.78,62.5,62.76,26455823
1655213400,63.52,63.69,59.4501,60.3,23258516
1655299800,61.17,64.4269,60.47,62.91,24356706
1655386200,60.42,61.14,56.723,57.51,22705174
1655472600,56.21,59.45,56.01,58.51,21814811
1655818200,59.72,62.6136,59.45,60.52,17100124
1655904600,59.43,62.88,59.24,60.65,15109397
1655991000,61.41,67.63,60.8,67.27,23240167
1656077400,68.22,71.01,66.83,71,23357166
1656336600,70.79,71.75,66.95,69.43,14687431
1656423000,69.1,70.2,64.81,65.6,14808176
1656509400,64.77,65.722,62.41,63.84,13450901
1656595800,62.75,63,59.08,61.46,16793051
1656682200,61.95,65.14,61.86,63.9,15218058
1657027800,61.84,66.91,60.35,66.73,14514957
1657114200,66.6,68.47,64.28,64.97,11788086
1657200600,65.13,69.58,64.51,68.63,13885204
1657287000,66.8,68.97,64.75,67.02,16403235
1657546200,66.15,66.88,63.05,63.23,11151344
1657632600,63.96,66.5364,63.13,65.03,14386650
1657719000,62.2,65.61,60.82,64.15,13548750
1657805400,63.27,63.75,61.0396,62.42,11377075
1657891800,64.19,66.04,62.7001,65.98,12267151
1658151000,67.88,69.5899,65.83,66.27,14204946
1658237400,66.94,69.3076,64.265,69.25,16120431
1658323800,70,75.24,69.22,74.78,18594278
1658410200,73.31,75.17,72.17,74.76,14683040
1658496600,74.66,76.44,70.96,71.8,12130132
1658755800,72.04,72.47,69.6,71.43,9267746
1658842200,69.09,69.23,65.9,66.39,10924142
1658928600,68.46,72.94,67.6,72.76,13865445
1659015000,73.04,75.16,70.51,74.68,11281578
1659101400,73.23,76.09,72.725,76.06,10554320
1659360600,75.48,79.05,74.45,77.81,11563081
1659447000,76.62,80.77,76.36,79.09,12648892
1659533400,81.03,88.83,80.7,88.07,26179540
1659619800,88.15,90.67,86.83,89.7,22719353
1659706200,83.65,93.1899,82.8776,87.73,31022633
1659965400,88.05,91.8,84.87,85.5,19001542
1660051800,84.18,84.87,79.95,81.13,13286957
1660138200,86.76,89.03,84.42,88.84,16527762
1660224600,90.87,92.1,85.36,85.99,15075909
1660311000,88.01,88.63,85.01,87.95,10433157
1660570200,87.72,89.1937,86.02,86.72,9905151
1660656600,86.23,87.1,82.07,85.88,12197977
1660743000,83.53,84.44,79.93,80.33,15368529
1660829400,80.44,80.55,78.27,79.72,11799695
1660915800,77.4,77.88,73.8802,74.36,13024118
1661175000,72.37,75.52,71.33,73.01,13297432
1661261400,72.52,74.21,70.85,70.94,12146495
1661347800,71.54,74.64,71.37,72.62,9751396
1661434200,73.15,74.77,72.11,74.63,8979232
1661520600,74.32,74.35,68.76,68.87,13750145
1661779800,67.59,69.99,67.34,67.75,9590860
1661866200,68.6,70.13,66.69,69.05,11902023
1661952600,70.59,71.7524,68.41,68.91,10039228
1662039000,67.43,68.785,65.03,68.75,11949626
1662125400,69.83,70.07,65.9,66.33,12389858
1662471000,66.06,66.38,63.65,65.3,12852726
1662557400,65.38,67.94,64.6,67.82,10955508
1662643800,66.18,70.63,65.93,70.59,9406282
1662730200,71.62,74.73,71.62,74.29,12335785
1662989400,75.21,76.7135,73.91,75.25,10257403
1663075800,70.07,71.375,69.25,69.58,12943150
1663162200,66.7,68.71,65.6001,68.56,19270226
1663248600,66.44,71.55,66.44,69.18,18009060
1663335000,67.09,67.165,64.75,64.89,15775339
1663594200,64.3,65.2,63.01,63.71,13219554
1663680600,62.97,63.699,61.4,61.47,13407655
1663767000,61.36,63.51,59.45,59.45,14568706
1663853400,58.47,58.98,55.02,55.93,20936987
1663939800,55,56.98,54.43,56.27,14897648
1664199000,56.22,57.74,54.13,54.14,12472968
1664285400,55.55,56.85,53.9,55.08,11592910
1664371800,55.06,59.24,54.87,59.07,14669532
1664458200,57.48,57.48,55.34,55.9,13288800
1664544600,55.62,58.02,54.89,54.99,13401325
1664803800,55.15,56.53,53.71,55.78,15202977
1664890200,58.275,63.14,58.15,62.41,22480768
1664976600,60.7,62.71,59.89,62.15,10667418
1665063000,61.79,63.44,61.29,61.93,8298383
1665149400,59.86,60.45,56.89,57.41,11231976
1665408600,57.42,57.88,55.52,56.62,9657384
1665495000,56.22,56.3389,52.67,53.45,18196176
1665581400,53.59,56.5499,52.43,56.14,16651660
1665667800,53.03,56.5912,51.89,56.23,18321774
1665754200,57,58.28,51.45,51.51,16298551
1666013400,53.6,56.77,53.35,55.92,15378351
1666099800,58.93,59.74,55.51,57.27,15248878
1666186200,56.55,56.55,53.49,53.94,13618095
1666272600,53.95,57.64,53.66,55.18,12554759
1666359000,54,56.33,52.34,55.99,13987717
1666618200,55.62,57.71,53.97,56.99,12593783
1666704600,56.96,60.32,56.96,59.66,12990552
1666791000,58.24,62.48,57.97,59.47,12565071
1666877400,60.23,61.93,59.52,60.26,9601777
1666963800,59.61,61.325,58.77,61.29,10612191
1667223000,61.25,61.94,59.87,60.07,10545330
1667309400,62.28,62.83,58.625,59,12013887
1667395800,58.64,59.56,54.51,54.64,15357914
1667482200,53.4,55.0999,51.34,53.91,20802142
1667568600,60.35,63.7,57.66,60.11,44563441
1667831400,62.17,64.75,61.37,62.67,22867907
1667917800,63.19,65.8,60.16,62.51,26565391
1668004200,60.395,60.48,57.09,57.21,18952046
1668090600,63.09,68.5852,63.09,67.4,28630312
1668177000,65.09,72.43,64.37,71.66,21128130
1668436200,70.25,72.35,69.44,70.27,11823312
1668522600,74.77,75.77,72.02,73.38,13335415
1668609000,71.63,72.92,68.615,69.55,11779562
1668695400,67.02,68.92,66.29,67.99,9264381
1668781800,69.04,69.32,65.135,65.82,9734572
1669041000,64.6,64.94,60.8,61.85,12252695
1669127400,61.53,63.07,60.1,62.72,9000536
1669213800,62.64,64.26,61.92,63.92,8189976
1669386600,63.99,63.99,62.5093,63.38,4168804
1669645800,61.91,63.83,61.12,61.37,7250649
1669732200,62.07,63.89,61.73,62.11,8219903
1669818600,62.1,68,61.852,67.77,14298550
1669905000,68.02,69.24,66.66,69.17,9429975
1669991400,67.27,68.94,66.6201,68.18,7721112
1670250600,67.4,67.86,62.4,63.14,12610909
1670337000,63.12,63.8787,60.2,61.3,9408919
1670423400,60.83,61.85,59.6248,61.07,8734791
1670509800,61.6,63.6997,60.5,63.37,7849752
1670596200,63.1,65.83,63.1,64.6,8418142
1670855400,63.79,66.7132,63.36,66.2,9126607
1670941800,70.37,72.37,68.8,71.03,15385200
1671028200,71.07,72.47,69.64,71.25,10557751
1671114600,68.49,69.35,65.43,65.89,9277797
1671201000,64.98,65.17,60.71,62.51,18776795
1671460200,62.24,62.4,59.985,60.44,9310081
1671546600,59.34,61.87,58.9,61.41,8766456
1671633000,61.74,63.33,60.63,62.58,7847515
1671719400,61.2,61.2,58.62,60.59,9740178
1671805800,59.875,60.94,58.82,60.89,7281818
1672151400,60.205,61.06,58.34,59.86,8572400
1672237800,59,60.24,58.4,59.08,7563243
1672324200,60,63.47,59.9,62.92,9995107
1672410600,61.05,63.1,60.8,62.84,8014416
1672756200,66.3,67.5,62.5022,64.64,16416489
1672842600,65.79,68.12,64.78,66.3,11749526
1672929000,64.85,65.56,63.0194,64.71,11336178
1673015400,65.28,69.5,63.36,68.99,15529608
1673274600,69.7,70.61,68.44,69.06,12987644
1673361000,68.675,70.19,67.66,70.03,9056284
1673447400,70.96,71.89,70.02,71.67,9034285
1673533800,71.88,72.11,68.11,71.8,11852613
1673620200,69.81,71.99,69.51,71.65,9344663
1673965800,72.36,75.21,71.73,75.1,14314409
1674052200,75.29,76.22,72.07,72.11,12147227
1674138600,70.8,71.79,69.235,70.94,12051331
1674225000,71.7,76.19,71.04,76.16,12798396
1674484200,76.84,81.67,76.72,81.66,16814099
1674570600,80.16,82.73,79.51,80.79,12152070
1674657000,77,81.04,74.7701,80.77,17119363
1674743400,83.03,83.91,78.3207,81.19,13296807
1674829800,80.69,85.5,80.67,83.83,15424753
1675089000,81.93,83.24,79.64,79.79,10482647
1675175400,80.88,82.32,80.2,81.72,8801934
1675261800,82.07,84.755,80.06,83.9,11087226
1675348200,86.8,89.97,86.22,88.41,13349943
1675434600,84.9,87.98,84.25,84.71,12679111
1675693800,82.69,83.699,81.3101,82.55,8593510
1675780200,82.08,83.855,80.66,83.18,9804479
1675866600,82.9,84.29,81.12,81.13,7213392
1675953000,81.35,82.08,75.6,76.18,17350898
1676039400,75.1,76.0105,74.14,75.23,11274090
1676298600,75.51,77.5684,74.74,76.82,9590469
1676385000,76.04,79.45,75.55,78.8,9780864
1676471400,78.7,82.7,78.53,82.69,10122896
1676557800,80.27,81.33,78.5,78.63,9541478
1676644200,76.97,77.03,74.17,75.02,11261643
1676989800,73.09,74.49,71.92,71.95,7855159
1677076200,72.72,73.68,71.8,72.94,10562071
1677162600,74.27,74.89,71.84,74.15,22855159
1677249000,77.47,78.02,73.52,77.36,43473237
1677508200,77.29,77.73,74.86,75.14,18197369
1677594600,75.33,78.02,74.52,76.73,13187266
1677681000,76.31,76.73,74.65,76.63,10075860
1677767400,75.44,78.59,74.545,78.04,10129929
1677853800,78.67,81.13,77.65,80.88,11059712
1678113000,81.4,83.08,80.29,80.81,10328557
1678199400,80.48,81.4,77.93,78.04,8082827
1678285800,77.97,78.69,75.83,77.95,8610498
1678372200,77.82,79.6199,73.5,73.8,12475188
1678458600,70.61,73.58,68.47,71.01,18383068
1678714200,70,71.1,67.25,69.46,14357360
1678800600,71.675,73.86,71.4,73.63,13136711
1678887000,72.44,74.14,71.67,74.07,9832228
1678973400,76.12,76.5,73.81,75.09,11457981
1679059800,74.945,75.23,73.09,73.98,9756673
1679319000,73.39,75.64,72.69,74.5,10704491
1679405400,75.84,77.97,75.72,77.46,10458733
1679491800,77.15,77.15,72.61,72.65,17616525
1679578200,60,65.75,56.5,61.88,140313854
1679664600,59.75,61.57,59.1,60.68,48994433
1679923800,62.46,65.11,61.55,64.4,33436715
1680010200,64,65.85,63.5,63.76,17257753
1680096600,64.805,67.21,64.56,66.49,17574593
1680183000,68.99,70.53,67.79,68.49,21097692
1680269400,68.59,70.32,68.05,68.65,17878468
1680528600,67.6,68.3899,65.805,67.83,16969841
1680615000,68.26,69.74,67.67,68.84,15229030
1680701400,67.215,68.24,66.62,67.66,11586729
1680787800,66.8,69.03,66.16,68.1,11359782
1681133400,66.33,66.8,65.47,66.36,11598892
1681219800,67.05,67.89,65.76,66.42,11471390
1681306200,67.28,67.62,62.6,62.74,15733666
1681392600,63.29,65.62,63.2,64.56,12875849
1681479000,64.3,65.47,63.69,64.04,12061508
1681738200,63.82,64.359,63.11,64.19,10833113
1681824600,64.8,65.15,63.845,63.9,9487486
1681911000,63,63.51,61.43,62.87,13775715
1681997400,61.72,62.915,61.54,62.36,9367809
1682083800,62.18,63.57,62.02,63.48,10855252
1682343000,63.7,64.75,63.05,64.5,8466033
1682429400,63.92,64.36,60.97,61,10416168
1682515800,61.21,61.7971,60.01,60.57,9262112
1682602200,61.18,61.41,58.91,60.58,14361193
1682688600,59.83,61.03,58.97,60.79,11809495
1682947800,60.69,61.7455,59.75,60.22,9293612
1683034200,59.61,59.9,57.63,57.76,10440344
1683120600,57.98,60.82,57.42,59.32,14798391
1683207000,59.22,61.38,59.21,60.43,16023924
1683293400,60.64,62.07,58.795,59.25,25485616
1683552600,59.27,59.77,57.77,58.8,13623615
1683639000,58.41,59.715,57.89,59.32,8384487
1683725400,59.97,60,57.15,57.53,12456973
1683811800,56.65,57.9999,55.7,57.31,11818535
1683898200,57.3,57.3,55.11,55.56,11804401
1684157400,55.3,57.1199,55.05,56.87,9421458
1684243800,55.74,56.595,55.05,55.54,8386036
1684330200,56.07,57.83,55.46,57.76,9165901
1684416600,57.94,60.13,57.52,59.52,9851281
1684503000,59.475,59.6,58.145,58.65,6615229
1684762200,58,61.32,57.54,60.62,11142136
1684848600,60.33,62.55,59.82,61.56,12693604
1684935000,60.595,62.025,59.96,61.86,8886729
1685021400,62.02,62.17,59.01,59.3,8927247
1685107800,59.5,60.4,58.97,59,10088428
1685453400,59.76,60.0799,57.78,58.84,9715759
1685539800,58.41,61.2,58.36,60.39,15274673
1685626200,59.68,62.405,59.04,61.5,8765250
1685712600,62.5,63.99,61.27,63.46,10653283
1685971800,63.71,64.14,62.5732,63.54,6715564
1686058200,62.36,66.18,62.21,65.98,10479607
1686144600,66.5,67.61,65.11,66.24,9270858
1686231000,66.37,66.91,64.82,65.09,8673016
1686317400,65.26,66.5,64.57,64.94,6562157
1686576600,65.21,65.6494,63.58,64.2,6172690
1686663000,65.38,66.4,64.87,65.52,10102885
1686749400,64.84,65.87,62.87,63.69,9173935
1686835800,63.65,66.86,63.56,66.19,9395452
1686922200,66.51,67.7896,65.701,66.51,12250812
1687267800,65.89,67.515,65.35,66.8,7460510
1687354200,66.71,67.28,64.81,65.46,8858980
1687440600,64.89,65.15,63.14,64.11,7225469
1687527000,62.8,63.3399,61.855,62.86,17221726
1687786200,62.66,64.1493,61.65,61.75,5506313
1687872600,62.33,64.56,62.045,63.93,5865424
1687959000,63.7,65.61,63.33,64.77,6638505
1688045400,64.875,65.77,63.74,64.39,6240855
1688131800,65.1,66.8976,64.81,66.57,8721401
1688391000,66.67,67.3,66.04,66.2,5669889
1688563800,65.73,69.4,65.14,68.97,12995781
1688650200,67.38,67.38,63.44,64.61,16455859
1688736600,64.2,68.42,64.1,67.27,11732918
1688995800,66.84,69.65,66.72,69.06,9165934
1689082200,69.75,72.12,69.06,71.1,10022646
1689168600,72.83,73.0399,70.58,71.22,7823919
1689255000,72.74,76.65,72.53,76.2,15648336
1689341400,76.315,77.11,74.84,75.46,9343857
1689600600,75.305,78.8,74.31,78.06,10001947
1689687000,78.065,79.21,77.57,79.03,6736793
1689773400,79.15,80.6,78.11,78.19,8320687
1689859800,77.225,77.95,75.66,76.17,7231342
1689946200,76.88,77.605,75.08,76.12,5260141
1690205400,75.86,77.26,74.36,77.14,5015956
1690291800,77.58,78.25,76.79,76.87,3362612
1690378200,76.16,77.845,75.76,77.41,4235244
1690464600,78.83,79.44,75.4,75.77,5911856
1690551000,78.315,78.98,77.35,78.36,6228303
1690810200,79.38,81.47,79.16,80.53,7815048
1690896600,79.88,79.9,77.78,78.76,6745084
1690983000,77.135,77.135,73.87,74.49,10439823
1691069400,73.36,73.88,71.51,73.55,13871067
1691155800,67.68,70.3983,63.2,63.52,33475980
1691415000,64.16,65.15,63.28,64.01,16331223
1691501400,62.8,63.58,62.32,62.38,11439272
1691587800,63.63,64.5467,62.41,62.71,12169229
1691674200,63.06,64.26,61.81,62.24,8642458
1691760600,61.6,62.36,60.53,60.57,7740658
1692019800,60.06,60.49,59.64,60.15,7408116
1692106200,60.09,60.36,58.13,58.36,9501060
1692192600,58.14,58.95,57.44,57.49,8309160
1692279000,57.07,57.52,56.08,56.1,10195218
1692365400,55.03,57.27,54.725,56.88,9841116
1692624600,56.84,57.56,55.99,57.56,9422938
1692711000,57.81,58.0002,55.63,56.07,10503847
1692797400,56.3,57.4,55.9,57.22,12207274
1692883800,57.57,57.57,55.31,55.63,7952746
1692970200,55.4,56.63,54.97,55.86,7741021
1693229400,56.01,56.45,55.26,55.87,5333590
1693315800,55.57,57.9,55.46,57.76,7329804
1693402200,57.33,58.21,56.98,57.72,6813238
1693488600,57.8,58.5,57.17,57.65,7392938
1693575000,58.39,59.04,57.85,58.17,5752348
1693920600,58.16,59.195,57.785,58.74,5987049
1694007000,57.68,59.72,57.49,57.64,10491583
1694093400,56.22,56.5,55.14,56.04,9075765
1694179800,56,56,52.78,53.08,20720751
1694439000,53.955,55.2,53.2701,53.94,10420035
1694525400,53.785,55.7291,53.65,54.33,10233084
1694611800,54.075,54.58,53.61,54.15,5735346
1694698200,54.61,54.73,53.57,53.85,8089954
1694784600,53.68,54.08,52.26,52.83,11915074
1695043800,52.81,52.81,51.24,51.25,11564036
1695130200,49.94,50.63,49.37,49.8,17981673
1695216600,49.99,50.06,47.52,47.57,15313470
1695303000,46.51,46.93,45.27,45.62,19540764
1695389400,45.89,46.18,44.6,44.71,11866500
1695648600,44.62,45.74,44.33,45.59,8841345
1695735000,44.94,45.7398,44.56,44.81,10168217
1695821400,45.26,45.36,43.75,44.14,11656103
1695907800,44.03,44.56,42.77,44.35,16585056
1695994200,45.21,45.63,44.21,44.26,11965284
1696253400,44.32,44.72,42.98,43.19,10433167
1696339800,42.57,43.29,41.49,41.9,11399945
1696426200,42,42.22,41.24,41.9,11047998
1696512600,41.51,42.815,40.77,42.64,15916712
1696599000,42.15,44.05,42.15,43.83,13244321
1696858200,43.12,43.815,42.89,43.71,7787594
1696944600,44.3,46.54,44.3,46,15783367
1697031000,46.34,47.535,46.02,46.69,15563042
1697117400,47.05,47.225,45.121,45.45,13842976
1697203800,44.63,44.87,43.14,43.17,13516788
1697463000,43.84,44.95,43.595,44.76,9192184
1697549400,44.18,46.38,44.09,45.9,11581256
1697635800,45.275,45.88,44.55,44.58,8206403
1697722200,44.38,45.57,43.96,44.17,10885056
1697808600,44.515,44.56,43.7003,43.98,9985879
1698067800,43.58,44.565,42.81,43.9,9641632
1698154200,44.78,46.15,44.7114,45.35,11482236
1698240600,43.56,43.65,41.3,41.72,20833391
1698327000,41.66,42.89,41.5448,41.68,11861548
1698413400,40.36,40.52,38.91,40.02,19872597
1698672600,40.37,40.86,38.85,39.22,15531817
1698759000,39.48,40.38,38.885,40.25,9734511
1698845400,39.95,41.095,39.34,40.96,11957107
1698931800,43.71,44.0999,42.78,43.98,30573874
1699018200,50.8,52.13,48.4,48.68,49424179
1699281000,49.1899,49.9211,48.152,49.52,22090151
1699367400,49.705,51.63,49.705,51.05,22098671
1699453800,50.96,53.05,50.63,52.27,19517528
1699540200,52.795,53.35,50.98,51.05,16380540
1699626600,50.99,51.7,50.87,51.5,9520253
1699885800,50.95,52.21,50.86,52.02,9727524
1699972200,53.96,55.33,53.82,55.1,15519220
1700058600,55.52,57.27,55.45,56.3,14683056
1700145000,56.02,56.45,55.49,56.28,9462602
1700231400,56.44,58.4,56.4001,58.19,12038185
1700490600,57.92,59.535,57.4764,59.27,10473083
1700577000,58.67,59.335,58.06,58.67,8125080
1700663400,59.13,59.73,58.3392,59.02,7709245
1700836200,58.97,60.04,58.68,59.65,5162580
1701095400,59.11,60.78,59,60.31,10451642
1701181800,60.5,64,60.39,63.34,15851184
1701268200,63.58,65.11,63.58,63.73,13983731
1701354600,64.09,64.2,62.68,63.43,9036601
1701441000,63.5,65.17,63.39,65.04,11954239
1701700200,65,65.33,64.19,65,8865226
1701786600,64.32,64.9399,63.38,64.89,8606243
1701873000,65.79,69.95,65.79,68,20160625
1701959400,67.0293,68.88,66.88,68.47,12668252
1702045800,67.85,70.6669,67.6,69.17,11485275
1702305000,68.925,70.26,68.24,68.56,8109682
1702391400,69.21,69.57,68.33,69.57,6414749
1702477800,69.73,70.54,66.73,70.06,16627992
1702564200,71.8,75.44,71.775,74.76,20563594
1702650600,74.83,75.49,73.66,74.21,11130109
1702909800,74,74.8696,73.4,73.88,7546034
1702996200,74.6,77.76,74.6,77.31,11958278
1703082600,77.03,79.1,76,76.11,12378232
1703169000,77.17,77.85,75.83,76.9,8829357
1703255400,77.08,77.55,76.2501,77.14,7045417
1703601000,77.3,78.64,77.3,78.18,6135458
1703687400,78,79.73,77.96,79.6,7418793
1703773800,79.77,80.29,79.21,79.51,6830491
1703860200,79.32,79.7699,76.855,77.35,8244876
1704205800,75.5,75.9,71.47,72.22,15249544
1704292200,69,70.6,68.1402,68.63,15374149
1704378600,68,69.065,66.86,68.15,10020968
1704465000,67.53,68.57,66.595,66.96,11150662
1704724200,67.68,69.3398,67.365,69.31,9210757
1704810600,68.76,70.64,68.76,69.53,8077134
1704897000,69.95,69.95,67.48,67.9,8705667
1704983400,68.61,68.8,66.11,67.87,7617722
1705069800,68,68.67,66.43,66.48,6612370
1705415400,65.48,65.98,64.2,65.16,9984057
1705501800,63.72,63.965,62.07,63.9,9588261
1705588200,64.51,65.23,63.43,64.47,8226598
1705674600,64.76,66.06,63.75,65.85,8642493
1705933800,67.13,69.36,66.26,66.69,10438374
1706020200,67.25,67.69,65.685,66.2,7247496
1706106600,67.09,67.3,62.55,62.57,12081150
1706193000,63.17,63.3,61.83,62.71,10939175
1706279400,62,65.57,61.94,64.97,11500921
1706538600,65.12,69.07,64.95,68.98,13236222
1706625000,70.35,71.409,67.8,68.22,13270642
1706711400,67.68,68.37,64.825,65.01,10919023
1706797800,66.05,67.3396,64.97,66.67,9050596
1706884200,66.42,68.43,65.29,67.88,9373539
1707143400,67,67.23,65.45,65.85,6646395
1707229800,66.25,68.86,66.2,67,10748700
1707316200,67.09,68.8393,65.58,68.31,7908102
1707402600,67.91,69.42,66.86,68.83,8515875
1707489000,69.23,69.9,66.67,66.88,11405007
1707748200,67.02,69.59,67.02,68.84,9112814
1707834600,65.82,66.66,64.38,64.98,11784133
1707921000,66.08,67.745,65.881,67.41,8346411
1708007400,68.28,70.1,68.06,69.48,9393631
1708093800,67.2,67.98,65.555,65.64,12642888
1708439400,65.58,66.5825,64.835,65.73,10182080
1708525800,64.425,65,63.6289,64.47,8838777
1708612200,65.78,68.44,65.6501,67.96,23963910
1708698600,79.81,83.29,78.47,78.92,53427594
1708957800,77.52,77.78,74.56,74.66,23003243
1709044200,75.95,77.96,75.3401,77.71,14699152
1709130600,77.01,79.93,76.7,78.42,12752694
1709217000,79.5,80.96,78.54,79.47,12228242
1709303400,79.79,80.63,78.11,79.25,9376886
1709562600,79.42,79.67,76.89,77,8523301
1709649000,76.1,76.55,73.77,74.43,7204447
1709735400,75.67,77.135,75.1869,75.53,7376783
1709821800,76.82,77.79,75.67,77.22,6906612
1709908200,77.95,81.85,77.5,80.74,12875655
1710163800,81.5,83.83,80.8415,81.53,10344766
1710250200,82.955,83.02,79.29,81.71,8477064
1710336600,81.34,87.52,81.2,85.72,15124865
1710423000,85.74,86.1671,80.1604,81.24,11603633
1710509400,80.56,82.09,79.94,80.17,8467078
1710768600,80.31,81.53,79.31,80.86,6175226
1710855000,79.74,80.46,78,79.32,6112526
1710941400,78.71,81.82,78.21,81.46,6652560
1711027800,82.41,85,82.3404,84.05,10383651
1711114200,83.02,84.0473,80.75,80.77,6375621
1711373400,80.61,83.535,80.58,82.62,6631894
1711459800,83.65,85.8,83.505,83.8,8171729
1711546200,84.94,85.6699,82.24,83.18,5742321
1711632600,83.795,84.92,83.2,84.58,5816809
1711978200,84.915,84.915,81.045,81.46,7400078
1712064600,79.57,79.69,77.18,79.21,7585252
1712151000,78.41,80.3071,77.81,79.65,5126281
1712237400,79,80.56,74.67,74.73,14148363
1712323800,72.9,77.33,72.77,77.17,8942170
1712583000,77.94,78.74,77.5,78.35,4708470
1712669400,78.3,80,77.99,79.98,5477588
1712755800,77.7,79.1,77.36,78.51,4959411
1712842200,79.4,80.095,77.63,80.06,4242849
1712928600,78.845,79,76.01,76.99,6190596
1713187800,77.54,78,73.4,73.5,7972266
1713274200,72.37,74.19,72.12,73.14,5643623
1713360600,73.57,74.525,71.89,73.51,5921785
1713447000,73.5,74.0902,71.65,72.06,6556707
1713533400,70.91,72.5399,69.81,70.42,7071572
1713792600,71.19,72.36,69.81,71.6,6090200
1713879000,71.87,75.28,71.6575,75.21,9937253
1713965400,75.57,76.15,73.52,74.03,5831443
1714051800,71.5,73.3,71.03,72.79,5296451
1714138200,74,75.89,73.56,74.48,4649162
1714397400,74.58,76.3,74.28,75.31,6131233
1714483800,75.01,75.23,72.61,73,6864781
1714570200,67.91,69.5,65.69,66.84,22168510
1714656600,68.4,70.55,67.17,70.3,17693828
1714743000,76.49,76.5,68.98,69.47,28948341
1715002200,70.24,73.55,70.11,73.53,11675491
1715088600,73.11,73.6,71.4,71.6,6609829
1715175000,70.59,72.05,70.535,71.14,5927585
1715261400,71.44,73.31,70.7157,73.2,4862356
1715347800,73.66,73.9994,70.72,71.31,5714214
1715607000,71.84,72.2485,69.57,69.74,7261545
1715693400,70.2,71.98,70.2,71.2,5988354
1715779800,72.42,73.7,71.365,71.52,5369531
1715866200,71.24,72.18,70.87,71.75,6911935
1715952600,71.82,73.43,71.27,72.26,5967045
1716211800,72.41,73.65,71.61,73.54,6162180
1716298200,73,73.3,70.5,71.51,9187502
1716384600,70.86,71,67.015,67.34,12737542
1716471000,67.8,68.12,65.77,66.62,6723740
1716557400,66.73,67.13,65.82,66.34,6857107
1716903000,66.47,66.76,64.83,66.08,7708522
1716989400,64.98,66.19,64.25,65.56,7605617
1717075800,65.51,66.23,64.6,65.02,6194312
1717162200,64.87,65.2,62.46,64.08,10928661
1717421400,64.1,64.775,63.7,64.3,6473079
1717507800,64.08,65.3199,63.88,64.25,8256836
1717594200,65.22,65.62,63.89,64.8,7811844
1717680600,64.8,66.9563,64.64,66.4,9206616
1717767000,65.9,66.57,65.08,65.1,6602293
1718026200,64.27,64.94,63.52,64.34,9067059
1718112600,64,64.5,62.945,64.16,5250569
1718199000,66,67.2,64.3,64.63,7049752
1718285400,65.075,65.85,62.21,62.36,7080163
1718371800,61.81,62.33,61.37,62.15,4916673
1718631000,61.73,62.66,60.9,62.5,5916185
1718717400,62.36,63.17,61.78,61.9,7176711
1718890200,61.5,63.335,61.19,62.74,7487166
1718976600,62.27,62.97,61.77,62.97,7967153
1719235800,64.12,65.35,63.8,64.4,7607782
1719322200,64.2,64.9,63.47,64.02,6953538
1719408600,63.58,63.78,62.62,63.29,3645378
1719495000,63.2,64.11,62.64,63.39,4332258
1719581400,63.58,64.6,63.13,64.49,6802597
1719840600,64.62,64.95,62.8145,63.84,5278345
1719927000,63.98,65.38,63.77,64.58,4402300
1720013400,64.41,65.18,63.925,64.44,2837236
1720186200,64.18,65.79,63.99,65.78,5390084
1720445400,65.92,66.74,63.93,64.23,6166072
1720531800,64.48,65.35,63.83,64.51,3631931
1720618200,64.76,64.76,62.83,64.34,4838050
1720704600,65.41,67.06,65.11,66.49,7319041
1720791000,67.81,69.63,67.81,68.74,8697485
1721050200,69.49,72.295,68.75,72.06,9038305
1721136600,72.18,73.36,71.17,72.07,7104614
1721223000,70.63,72.53,70.6204,71.85,6016531
1721309400,72.33,72.55,67.96,68,13075359
1721395800,68.01,68.69,67.31,68.1,5161385
1721655000,68.23,68.47,66.95,68.25,4649014
1721741400,67.7,68.39,66.84,66.89,4353256
1721827800,65.89,66.15,61.67,61.71,9676307
1721914200,61.995,63.73,61.47,61.58,7174570
1722000600,60.55,61.66,59.86,60.18,11388681
1722259800,60.59,62.27,59.9,60.74,7073972
1722346200,61.83,62.98,59.7705,60.09,7195224
1722432600,60.96,62.94,60.545,61.88,6839154
1722519000,61.99,63.8499,59.4653,59.9,12935692
1722605400,58.45,60.82,57.67,60.38,17898418
1722864600,55,59.24,55,57.21,13286854
1722951000,57.4,58.61,56.25,57.25,8112084
1723037400,58.4,59.78,57.662,58.05,9056676
1723123800,59.23,61.45,59.07,61.21,7085488
1723210200,61.78,62.68,60.7,62.14,5941025
1723469400,62.16,62.31,60.36,61.09,5746206
1723555800,61.88,63.65,61.37,63.37,4887470
1723642200,63.46,63.6,61.81,62.2,5065529
1723728600,63.58,64.73,63.49,64.25,6944511
1723815000,64.47,65.93,64.47,65.87,5486461
1724074200,66,66.9,65.73,66.88,4454527
1724160600,66.81,67.267,64.83,64.88,4906882
1724247000,64.925,65.7,64.09,65.65,5672221
1724333400,64.98,65.88,63.63,63.84,4767265
1724419800,64.55,65.7029,64.4,65.36,5618465
1724679000,65.46,66.58,65.41,65.56,4375109
1724765400,65,66.8,64.985,66.64,3643573
1724851800,66.235,66.46,63.86,64.68,5095980
1724938200,65.34,68.49,65.34,66.42,7233788
1725024600,66.87,66.965,64.75,66.08,5850662
1725370200,64.65,65.66,63.779,64.17,4583007
1725456600,63.86,65.24,63.67,64.08,4050915
1725543000,63.97,65.23,63.695,64.58,3689295
1725629400,64.68,65.41,60.98,61.24,6448467
1725888600,62.09,63.05,61.06,61.31,5535141
1725975000,61.49,61.59,59.2,61.37,7279556
1726061400,60.96,63.57,60.2,63.38,5833553
1726147800,63.445,63.76,62.11,63.67,3781459
1726234200,63.73,64.88,63.71,63.99,4682930
1726493400,64.04,66.18,63.98,65.78,5428360
1726579800,66.77,67.845,66.48,67.33,4502746
1726666200,67.22,68.24,66.26,66.74,5595059
1726752600,68.97,69.4,67.98,68.64,6547792
1726839000,68.6,69,66.628,67.46,7744793
1727098200,67.58,68.57,67.05,67.83,5289691
1727184600,68.45,68.61,66.51,67.54,6374641
1727271000,67.65,67.86,65.14,65.24,5782322
1727357400,66.27,66.6278,64.915,66.52,5902043
1727443800,67.145,67.54,65.18,66.97,7327722
1727703000,66.58,68.3499,66.5,67.13,5304050
1727789400,67,67.26,64.43,65.94,6599324
1727875800,65.59,66.13,63.9347,65.06,5265566
1727962200,64.5,65.71,64.39,65.64,4346099
1728048600,66.95,67.06,65.38,67.02,4554065
1728307800,66.8,67.3,65.38,65.71,4076836
1728394200,65.66,68.51,65.59,68.25,5336700
1728480600,68.69,68.93,67.14,68.27,4594438
1728567000,67.22,71.01,67.22,70.02,8347478
1728653400,69.96,70.61,68.8,69.7,6098576
1728912600,69.96,71.76,69,71.65,6955684
1728999000,72.25,72.55,69.8585,71.79,5465749
1729085400,71.89,73.59,71.324,73.53,5292058
1729171800,73.755,74.18,72.63,73.68,4860951
1729258200,73.67,74.94,72.708,74.66,4293354
1729517400,74.56,75,73.295,73.91,4239955
1729603800,73.31,73.9399,72.54,72.82,4704453
1729690200,72.47,73.83,70.7512,71.39,4723109
1729776600,72.18,73.01,71.7611,72.55,3006180
1729863000,73.06,73.46,72.12,72.61,3964224
1730122200,73.01,74.6,73,74.48,4104639
1730208600,74.79,74.79,73.21,73.22,4501293
1730295000,72.73,74.48,72.73,73.29,4161920
1730381400,72.5,73.73,71.6,72.32,4373606
1730467800,72.23,73.1126,71.75,72.15,5643079
1730730600,72.2,73.71,72.04,72.69,4577238
1730817000,71.63,72.895,71.63,72.38,5489718
1730903400,74.97,78.1,74.16,77.64,10380759
1730989800,77.41,78.08,74.935,75.27,19111781
1731076200,71.89,74.82,69.03,74.56,24843731
1731335400,75.9,83.9499,75.8,83.4,20910660
1731421800,82.66,87.41,82.39,87.25,15209253
1731508200,86.3,90,85.2526,85.82,12982370
1731594600,85.37,85.95,82.92,83.42,9206349
1731681000,82.55,84.52,81.84,84.3,6915237
1731940200,83.76,91.83,83.36,90.79,16671521
1732026600,90,93,89.79,92.42,13334187
1732113000,92,93,89.471,89.7,7897370
1732199400,90.735,93.96,89.624,92.7,14160511
1732285800,92.61,94.12,91.8145,92.26,9117000
1732545000,92.5,92.51,89.27,90.75,11126928
1732631400,89.835,90.72,88.58,89.01,7855259
1732717800,89.43,90.65,88.2,88.78,6646061
1732890600,89.41,90.0764,88.46,88.55,4527358
1733149800,92.44,95.95,92,92.78,14027754
1733236200,91.85,93.78,90.76,93.2,8252691
1733322600,95.15,98.95,94.3,98.92,12564122
1733409000,99.115,99.26,95.5475,95.87,9374172
1733495400,97.48,98.819,96.04,98.25,9410655
1733754600,97.29,98.05,94.4,95.42,8420281
1733841000,96.88,97.04,93.8,94.04,6371807
1733927400,95.755,98.99,95.51,98.19,7707348
1734013800,96.42,96.98,93.96,94.11,9777432
1734100200,94.62,95.39,91.91,91.98,8351614
1734359400,92.72,94.62,91.55,93.78,6678728
1734445800,93.59,95.59,93.15,94.55,6004331
1734532200,94.26,95.78,87.19,87.3,11011207
1734618600,90.08,91.81,87.3,87.64,8398197
1734705000,86.84,90.78,86.2015,89.65,8834262
1734964200,89.48,89.84,87.66,89.29,4208478
1735050600,89.63,91.14,88.88,91.08,2197731
1735223400,90.5,91.63,90.2892,91.48,2999953
1735309800,91,91.29,88.05,88.97,4140775
1735569000,88.405,88.69,86.83,87.48,5383763
1735655400,87.72,88,84.82,84.99,4989399
1735828200,86.15,87.55,84.8425,86.75,5695433
1735914600,90.645,92.65,89.2301,92.16,10633362
1736173800,93.63,93.83,91.22,91.94,6464807
1736260200,92.36,93.58,86.82,87.68,6851729
1736346600,87.525,88.3788,85.69,86.75,5932650
1736519400,84.97,84.97,81.65,82.54,8229742
1736778600,80.72,82.19,80.2,82.01,6934287
1736865000,83.03,84.28,81.65,82.42,5221767
1736951400,86.12,86.8,84.321,84.79,6120509
1737037800,85.1,87.22,84.9,86.38,6124822
1737124200,87,88.15,86.1,86.96,5796988
1737469800,88.06,89.84,87.63,89.5,4269116
1737556200,90.2,90.56,87.28,87.48,6010013
1737642600,87.11,88.56,86.47,87.8,4899219
1737729000,88.555,89.99,88.06,88.67,5330011
1737988200,84.51,87.43,84.25,85.01,6136311
1738074600,85.48,88.71,84.36,88.64,4797125
1738161000,88.365,90.77,87.96,90.03,4662054
1738247400,91.59,94.25,91.11,92.95,5828393
1738333800,93.35,93.75,90.31,90.82,6826242
1738593000,88.64,91.29,87.71,90.2,4760242
1738679400,90.2,90.23,85.89,86.17,5698180
1738765800,87.39,87.815,85.38,86,4632712
1738852200,87.65,88.13,85.22,86.08,4908612
1738938600,87.63,88.73,84.95,85.32,4741001
1739197800,86.44,86.78,84.26,84.85,3980375
1739284200,84.9,85.3283,82.34,82.59,3988757
1739370600,81.25,83.06,81.1,82.99,4284296
1739457000,83.89,85.09,82.45,84.29,4552366
1739543400,84.18,84.53,82.23,84,5658320
1739889000,84.555,85.15,83.2,84.18,6128959
1739975400,83.45,84.52,82.55,83.89,7185340
1740061800,84.34,85.55,81.7001,83.04,12435287
1740148200,74.97,76.5,67.43,68.35,36825091
1740407400,68.01,68.73,65.02,65.92,17087386
1740493800,66.22,66.4,62.6,62.84,18883337
1740580200,63.45,65.61,63.25,65.29,19627278
1740666600,65.01,66.76,63.91,64.28,12273326
1740753000,63.87,65.41,63.11,65.3,7843563
1741012200,65.75,66.9,62.31,62.79,10062454
1741098600,60.39,61.14,57.9,59.43,15104847
1741185000,59.8,61.65,59.43,61.12,9759100
1741271400,59.05,60.9654,58.674,59.8,10868941
1741357800,59.805,61.02,57.61,60,10863935
1741613400,58.14,58.42,53.54,54.74,15663165
1741699800,54.76,56.14,53.95,55.29,11439971
1741786200,56.38,56.746,55.21,55.9,9003682
1741872600,55.34,55.71,53.88,54.04,8632458
1741959000,55.5,57.5209,55.3467,57.22,8942303
1742218200,56.65,59.435,56.65,58.65,7701845
1742304600,59.9,60.09,58.78,59.65,8248552
1742391000,60.455,62.43,59.6,61.37,8622518
1742477400,60.57,62.38,60.44,61,6344104
1742563800,60.35,61.58,59.6,61.11,11395626
1742823000,62.38,63.18,62,62.58,9048790
1742909400,62.765,63.69,61.21,61.33,7366119
1742995800,60.89,61.36,58.8,59.05,8962337
1743082200,58.76,58.9,56.88,56.99,7927094
1743168600,56.54,57,54.69,55.33,10691958
1743427800,53.89,54.69,52.25,54.33,8163748
1743514200,53.89,55.52,53.77,55.41,7649914
1743600600,54,58.71,53.903,57.86,9187888
1743687000,54.74,55.4406,52.47,53.97,13288061
1743773400,50.3101,51.88,47.69,50.26,15195686
1744032600,47.05,53.45,46.42,50.47,13017673
1744119000,52.93,53.339,48.13,49.08,9909735
1744205400,49.05,56.77,47.95,55.99,12475669
1744291800,54.34,54.88,50.93,52.91,9573964
1744378200,52.86,54.15,51,53.94,8623134
1744637400,55.31,55.7,53.64,54.66,7027231
1744723800,54.82,55.9,54.58,55.08,4012871
1744810200,54.2,55.5,52.77,53.75,6318002
1744896600,53.65,54.4175,53.03,53.9,4510036
1745242200,52.92,53.45,51.3987,52.39,5836774
1745328600,53.02,54.83,52.995,54.33,6058768
1745415000,56.9,58.75,55.22,55.66,8388837
1745501400,55.79,57.52,55.18,57.5,6468768
1745587800,57.67,58.27,57.22,58.09,5625894
1745847000,58.55,59.27,57.52,58.32,4578683
1745933400,58.74,59.82,58.5,59.56,4547704
1746019800,57.02,58.7,56.4135,58.47,6625537
1746106200,59.02,59.68,58.21,58.48,10666951
1746192600,45.325,47,44.27,46.53,54280115
1746451800,45.92,46.94,45.025,46.64,18628227
1746538200,45.7,48.0199,45.65,47.29,18029106
1746624600,47.48,48.18,47.11,47.95,14816902
1746711000,48.125,50.785,48.125,50.11,13090465
1746797400,50.23,51.27,50.09,50.36,12274629
1747056600,53.185,55.06,53.185,55.02,13204520
1747143000,55.185,58.6851,54.8604,58.17,20820340
1747229400,59.61,59.85,57.71,58.5,13394026
1747315800,57.145,57.88,56.46,57.01,11546459
1747402200,56.49,58.12,56.48,57.66,7034758
1747661400,56.18,58.49,56.08,58.33,7197391
1747747800,58.445,58.65,57.03,57.34,5689738
1747834200,56.55,57.01,55.19,55.44,10101725
1747920600,55.6001,59.08,55.6,58.35,12529792
1748007000,56.415,59.095,55.88,58.74,9695939
1748352600,60.05,62.66,59.85,62.15,12008406
1748439000,62.515,62.515,61.33,61.81,6605890
1748525400,62.27,63.11,61.675,62.16,7510012
1748611800,61.72,62.09,60.885,61.75,11486779
1748871000,60.36,61.8875,59.9,61.76,6094155
1748957400,63.725,63.8,62.01,63.51,7697552
1749043800,63.72,64.07,62.55,63.86,7559276
1749130200,63.62,64.9,63.15,63.6,8165546
1749216600,64.54,65.22,63.4828,64.99,7824511
1749475800,65.45,66.46,64.775,65.84,7128063
1749562200,65.48,65.6848,63.99,64.48,9970953
1749648600,64.91,65.45,63.78,64.06,6419751
1749735000,63.6,65.32,63.31,63.85,5193918
1749821400,62.21,62.9906,61.345,61.57,7035110
1750080600,62.73,65.18,62.66,64.82,6561696
1750167000,64.045,64.54,63.06,63.32,5408209
1750253400,63.06,63.91,61.34,63.09,8344451
1750426200,63.54,64.3,63,63.59,6941923
1750685400,62.995,63.99,61.87,63.62,6018683
1750771800,64.61,65.72,64.3,65.34,6303221
1750858200,65.765,65.765,64.33,64.81,5395949
1750944600,64.88,65.205,63.8012,65.11,5097188
1751031000,65.38,67.01,65.08,66.63,9854322
1751290200,67.14,68.4,67.06,67.93,5628569
1751376600,67.74,68.93,66.875,68.27,7204246
1751463000,68.17,70.09,68,69.22,7032657
1751549400,69.665,69.7,68.58,69.23,4369301
1751895000,68.71,70.2699,67.73,69.41,7545042
1751981400,70.215,70.98,67.7009,67.84,6872856
1752067800,68.32,69.04,67.45,69.01,5340813
1752154200,68.95,69.23,67.8,68.76,4166248
1752240600,67.8,68.56,64.85,65.14,12851619
1752499800,66.73,69.84,66.4001,68.68,11130915
1752586200,67.98,68.22,65.96,66.01,6706060
1752672600,66.53,69.1,66.262,69.03,8209948
1752759000,69.82,71.52,69.615,70.73,7795251
1752845400,72.01,73.25,71.17,72.82,10786378
1753104600,78.61,79.44,76.8,78.08,49143462
1753191000,78.46,79.585,78.26,79.27,139479528
1753277400,79.81,80.36,78.45,79.7,13249814
1753363800,79.445,81.13,79.31,79.77,9377457
1753450200,79.755,81.08,78.93,80.74,6348691
1753709400,81.2,82.18,80.365,80.57,9578650
1753795800,79.7,81.06,77.64,78.18,10631992
1753882200,77.705,78.75,77.049,77.59,7352217
1753968600,76.78,78.08,76,77.26,6769769
1754055000,75,75.22,72.9845,74.03,8235263
1754314200,75.02,76.63,74.42,76.12,6082223
1754400600,75.98,76.1,74.0101,75.29,7207358
1754487000,75.33,76.88,75.33,76.13,6488668
1754573400,76.125,77.37,76,76.85,14968786
1754659800,82.125,82.5,73.2,73.39,22800821
1754919000,74.08,74.7575,72.39,73.03,10171970
1755005400,73.58,75.5,73.58,74.54,7060824
1755091800,74.765,77.0625,74.758,76.95,8084345
1755178200,76.17,76.5398,74.47,76.04,6560309
1755264600,76.19,76.88,75.23,75.8,6691825
1755523800,76,77.46,75.76,76.73,6781357
1755610200,76.85,77.25,74.04,74.3,5387018
1755696600,73.58,74.28,71.45,74.18,7093111
1755783000,73.72,74.15,72.51,74.09,6961876
1755869400,73.55,79.385,73.47,79.12,12035339
1756128600,78.39,80.32,78.39,79.08,6549253
1756215000,78.46,79.01,77.73,78.78,5128313
1756301400,78.58,79.685,78.44,79.39,4027606
1756387800,79.98,81.39,79.756,80.78,5019582
1756474200,80.8,82.25,79.14,79.64,6205702
1756819800,76.81,77.1,75.185,76.23,6813698
1756906200,76.3,76.375,75.34,75.79,4974978
1756992600,75.73,75.96,73.72,75.75,4804865
1757079000,76.3,77.075,73.69,74.94,4785770
1757338200,75.05,75.98,74.885,75.82,5191548
1757424600,75.63,76.67,75,75.51,4162343
1757511000,75.795,76.79,73.05,73.75,5756264
1757597400,73.94,74.77,73.4462,74.23,4196722
1757683800,73.6,74.215,72.845,72.87,4621316
1757943000,73.33,75.2,73.1,74.63,6474819
1758029400,74.56,75.96,73.801,75.78,5512156
1758115800,75.88,77.25,74.53,75.71,5296920
1758202200,76.2,78.3,75.76,77.37,5443779
1758288600,77.7,77.71,76.17,77.03,7600290
1758547800,76.5,77.69,74.72,77.41,9005266
1758634200,77.69,79,75.48,76.54,7218095
1758720600,76.23,78.41,75.99,76.49,5065809
1758807000,75.04,75.79,72.84,73.68,7447972
1758893400,73.385,73.83,71.44,73.67,6578225
1759152600,74.45,76.155,74.335,75.39,7237194
1759239000,75.32,75.665,71.61,72.27,7838116
1759325400,72.57,73.62,71.835,73.4,6640706
1759411800,73.8,77.24,73.7,76.81,7856009
1759498200,76.69,78.245,76.1,76.95,5761668
1759757400,77.55,78.8,76.69,77.78,5324080
1759843800,78.4,79.97,77.74,79.02,5428046
1759930200,79.86,81.685,79.05,81.11,6024895
1760016600,81.09,81.5,80.01,80.85,4193555
1760103000,80.66,80.97,74.2902,74.67,8802335
1760362200,75.97,76.05,74.43,75.02,5383772
1760448600,73.22,77.44,71.92,76.18,5239310
1760535000,76.89,77.8,75.33,76.13,3672518
1760621400,76.35,77.69,74.4,74.54,5590257
1760707800,73.78,75.71,73.38,75.2,4416733
1760967000,75.94,76.87,74.8401,76.5,4538172
1761053400,76.24,78.87,76.05,77.73,4362411
1761139800,77.34,77.34,75.23,75.92,4609949
1761226200,76.13,79.29,75.76,78.56,4695938
1761312600,79.8,80.38,79.2005,79.54,3866928
1761571800,80.58,81.49,79.9,80.15,5158545
1761658200,80.16,81.7,79.77,80.18,3954617
1761744600,77.805,78.15,75.07,76.51,8029398
1761831000,76.47,76.47,73.715,73.92,6301836
1761917400,74.61,76.4378,74.44,75.94,7364668
1762180200,76.15,76.6499,73.638,74.3,5317834
1762266600,73.11,73.625,71.26,72.58,4983615
1762353000,72.88,74.6493,72.35,73.65,5310773
1762439400,74.34,75.1,70.86,70.93,11236387
1762525800,61.36,66.74,61.36,65.45,21402416
1762785000,66.64,68.05,64.97,66.8,8017427
1762871400,66.285,66.7,65.3901,65.91,5397381
1762957800,65.85,66.45,64.985,65.77,5145915
1763044200,65.37,65.67,61.63,62.3,8568851
1763130600,61.03,62.19,60.17,60.48,9189364
1763389800,61.31,61.414,58.15,58.89,7088427
1763476200,58.38,59.54,57.29,57.64,7519653
1763562600,58.54,62.75,56.96,62,19762995
1763649000,64.31,65.62,61.83,61.95,17531004
1763735400,62.59,62.95,59.57,61.95,13057362
1763994600,62.015,62.72,61.18,61.86,7393553
1764081000,62.04,63.775,61.81,63.69,7223766
1764167400,63.86,66.13,63.55,65.03,6770474
1764340200,65.73,67.48,65.5,66.8,3459937
1764599400,65.66,66.56,64.32,64.35,8119926
1764685800,64.73,65.275,59.97,60.11,20737707
1764772200,61.04,62.9,60.29,61.11,13314656
1764858600,61.29,62.22,60.7,62.19,6966772
1764945000,61.26,62.37,60.73,61.11,6670947
1765204200,61.35,61.71,60.42,61.04,6154323
1765290600,60.58,62.0799,60.2226,61.57,5117966
1765377000,61.45,63.35,60.9821,63.29,5490994
1765463400,63.12,64.11,62.67,63.61,5945385
1765549800,63.61,65.12,62.8,64.75,6642301
1765809000,65.63,66.4,63.95,64.02,6711926
1765895400,64.3,65.5,63.875,64.55,6213156
1765981800,64.68,65.74,63.64,63.77,4947465
1766068200,64.65,65.9,64.16,64.39,4593672
1766154600,64.59,65.77,64.56,65.33,10063111
1766413800,65.58,66.41,64.84,65.15,6321965
1766500200,64.39,65.18,63.92,64.94,5068231
1766586600,64.75,66.74,64.61,66.05,3017685
1766759400,65.875,66.47,65.34,66.27,3118434
1767018600,65.99,66.4,65.4751,65.92,4216682
1767105000,65.83,65.99,65.45,65.54,2958790
1767191400,65.5,65.9,65.035,65.09,3487538
1767364200,65.72,65.72,62.52,65.15,6830089
1767623400,65.095,69.3,64.9,68.45,8109861
1767709800,68.57,70.01,68.39,70,5470864
1767796200,71.194,72.22,70.045,71.47,6117325
1767882600,71.05,71.56,69.572,70.16,5711879
1767969000,70.59,70.88,68.38,69.55,3996519
1768228200,70.01,71.22,68.93,70.26,5100060
1768314600,70.175,70.175,66.645,67.26,7599705
1768401000,66.715,66.79,64.44,65.61,7194783
1768487400,65.535,65.5813,64.4,64.92,7183174
1768573800,65.18,66.05,64.4,65.95,5539324
1768919400,63.68,64.57,62.48,62.63,7509262
1769005800,62.895,65.4,62.85,64,8105370
1769092200,63.98,65.6774,63.98,65.05,6016402
1769178600,65.03,67.79,65,66.83,6443896
1769437800,66.85,67.33,65.76,65.9,5136978
1769524200,66.37,66.5,63.86,64.59,4546849
1769610600,65,65.92,64.02,64.22,4927458
1769697000,64.35,64.73,61.62,62.21,6381064
1769783400,61.53,61.7906,60.01,60.43,7234170
1770042600,59.4,60.785,59.08,60.4,8220751
1770129000,58.32,58.43,55.85,56.79,10360075
1770215400,56.38,57.87,55.0708,57.43,8466985
1770301800,56.27,57.32,53.35,53.38,10267287
1770388200,55.05,56.42,54.81,55.97,8982901
1770647400,56.05,57.51,55.54,56.78,7350187
1770733800,57.16,58.5299,56.98,57.3,6007204
1770820200,57.46,57.46,53.37,53.81,9787330
1770906600,53.06,53.4,48.21,49.09,17158086
1770993000,49.685,50.41,48.89,49.8,10012014
1771338600,50.2162,51.34,49.58,50.81,9297041
1771425000,52.01,54.23,51.62,53.6,8434344
1771511400,53.03,53.42,52.2,52.89,7740866
1771597800,52.57,54.635,52.13,53.22,7318292
1771857000,52.05,52.52,50.01,50.75,13712901
1771943400,50.4,51.77,49.33,51,9921169
1772029800,51.655,52.06,50.6,51.94,7970966
1772116200,51.84,54.805,51.799,54.53,18400435
1772202600,63.09,66.12,61.2,63.7,40658065
1772461800,60.01,64.97,59.6544,64.45,19625643
1772548200,63.23,64.77,61.325,62.9,9733401