time,open,high,low,close,Volume
1387377000,103.9640962,107.27056641,102.44637217,102.44637217,1702986.18492519
1387463400,102.44637217,105.64443352,101.9585323,105.64443352,182106.16658019
1387549800,106.51170439,107.16215756,105.15659366,106.67431768,83591.24613875
1387809000,107.27056641,108.35465501,105.69863795,106.99954427,79122.42729615
1387895400,106.99954427,107.4331797,105.69863795,105.86125124,24213.49690184
1388068200,105.9696601,107.86681514,104.8855715,107.21636198,47199.78895949
1388154600,108.02942843,111.60692079,105.86125124,109.16772146,85932.56554309
1388413800,108.95090374,109.16772146,107.43534788,108.30045057,27973.88721141
1388500200,108.19204172,112.31157837,108.19204172,111.39010307,35575.2884735
1388673000,111.76953408,113.50407583,108.19204172,109.38453918,48258.37305389
1388759400,108.95090374,109.92658347,107.21636198,108.51726829,33976.15864946
1389018600,108.67988158,108.95090374,107.37897528,108.46306387,57768.10367683
1389105000,108.62567716,109.33033474,108.02942843,108.67988158,97100.46170115
1389191400,108.95090374,108.95090374,107.81261071,108.19204172,56482.97004113
1389277800,108.19204172,108.67988158,107.37897528,108.57147273,32891.56194486
1389364200,108.67988158,109.22192588,108.35519705,108.62567716,74807.83924876
1389623400,107.86681514,108.46306387,107.05374869,108.30045057,44488.94290107
1389709800,107.64999742,110.25181005,107.05374869,109.05931259,24458.31061625
1389796200,109.38453918,110.0566741,107.37897528,108.35465501,35336.1938436
1389882600,107.975224,111.06487649,107.86681514,110.03499233,31658.45352955
1389969000,109.38453918,111.06487649,108.62567716,109.70976575,14894.15644716
1390314600,110.57703663,113.82930241,110.1569523,113.01623597,70294.92810945
1390401000,113.50407583,116.48531946,113.39620901,115.23861758,37040.66551461
1390487400,115.29282201,115.29282201,111.11908092,115.29282201,17481.58097209
1390573800,115.29282201,117.13577262,112.74521381,115.83486631,46360.00596929
1390833000,115.23861758,116.37691061,113.93771126,115.72645745,56353.82942313
1390919400,119.08713209,119.08713209,114.37134671,118.76190551,37696.88434064
1391005800,118.81610995,118.81610995,115.72645745,117.29838591,8745.77162417
1391092200,118.59929223,119.24974538,116.16009289,116.70213718,13904.75482668
1391178600,115.18441316,118.27406565,114.69657328,115.83486631,26156.14076976
1391437800,116.53952389,116.53952389,113.88350684,114.10032456,26315.90616288
1391524200,114.10032456,114.73180616,111.77007612,113.93771126,35300.95690355
1391610600,112.96203154,114.53395999,110.03499233,114.04612013,41031.11061081
1391697000,113.77509798,114.69657328,112.25737395,114.69657328,23985.84044097
1391783400,114.96759544,115.61804859,113.36314431,115.56384416,14724.24429119
1392042600,115.18441316,115.83486631,114.18705164,115.83486631,13406.0875546
1392129000,116.32270617,118.05724793,115.4554353,118.0030435,17703.70283505
1392215400,117.67781692,119.73758524,116.32270617,119.4665631,16766.51092156
1392301800,117.84043021,121.68894472,117.73202135,119.79178968,20781.86170838
1392388200,120.22542512,120.22542512,115.56384416,119.24974538,19564.61914043
1392733800,119.79178968,119.79178968,118.16565679,119.19554095,20827.24541128
1392820200,118.81610995,120.60485613,117.94883906,118.87031437,23896.17995476
1392906600,118.16565679,119.57497196,117.25502237,118.97872324,20373.7773555
1392993000,119.24974538,122.71882888,118.11145235,120.9300827,34426.12145989
1393252200,121.41792257,121.95996686,118.70824313,121.36371814,27809.69413995
1393338600,121.85155801,124.29075734,120.9300827,121.79735358,28673.27590118
1393425000,123.31507761,124.01810906,117.4609992,122.06837573,64316.63992902
1393511400,122.06837573,124.34496177,120.0086074,123.26087318,42419.37225431
1393597800,123.26087318,124.34496177,121.14690042,124.07393963,34701.37546283
1393857000,124.50757506,127.92245413,123.42348647,124.39916621,49064.21051022
1393943400,125.10382379,132.58403509,125.10382379,129.98222246,131146.90974412
1394029800,130.30744904,134.42698571,130.30744904,133.66812369,40275.08453572
1394116200,134.31857684,137.07216187,133.28869268,136.70357175,39809.44036453
1394202600,137.84186478,139.9016331,134.21179412,138.0586825,55273.66039686
1394458200,137.13720719,143.09969446,134.10175912,134.48119013,45162.13449404
1394544600,135.18584771,144.61741849,129.98222246,129.98222246,139027.0702545
1394631000,130.0364269,133.23232007,124.75203704,126.24211682,57589.1516776
1394717400,126.51313896,133.12607939,126.51313896,129.38597374,93794.64636694
1394803800,129.27756488,134.42698571,128.62711173,130.68688005,64264.43022203
1395063000,131.01210663,137.84186478,131.01210663,135.83630088,98486.50950549
1395149400,136.43254961,136.86618504,131.93358193,132.25880852,62048.74619034
1395235800,129.54858702,129.54858702,125.70007252,127.81404528,64512.56469519
1395322200,127.21779655,128.19347629,124.56177949,127.43461427,48638.04647082
1395408600,126.18791239,128.41029401,123.69450862,124.99541494,186531.81555906
1395667800,124.67018835,125.91689023,120.87587827,125.64586809,43692.145288
1395754200,126.35052567,131.22892435,126.27463947,130.14483575,45155.30848995
1395840600,130.47006233,130.47006233,128.46449843,129.33176931,27014.00344647
1395927000,128.84392944,130.47006233,126.07950353,126.9467744,32296.59266907
1396013400,126.9467744,130.0364269,126.72995668,129.54858702,32141.25495428
1396272600,130.0364269,131.44574207,126.72995668,131.44574207,264891.57526262
1396359000,131.17471991,133.99335026,129.38597374,133.99335026,42454.60919437
1396445400,134.0475547,136.26993631,132.90926167,134.42698571,36437.76331514
1396531800,134.75221228,135.5110743,127.02808105,127.27200098,42470.47504172
1396618200,127.92245413,128.45907799,122.44780674,124.77859721,36589.59578459
1396877400,124.72439278,125.53745923,122.17678459,124.77859721,27038.90913709
1396963800,124.88700607,131.06631106,123.64030419,129.92801803,59162.08440485
1397050200,130.41585791,130.74108448,127.75984084,128.13927185,31964.51679421
1397136600,127.86824971,128.13927185,124.0197352,124.0197352,13369.92818156
1397223000,123.20666875,128.51870286,118.76190551,127.92245413,65902.11774487
1397482200,129.44017817,130.14483575,127.43461427,127.86824971,34589.20761177
1397568600,128.24768072,129.76540474,120.17122069,121.472127,29998.07415526
1397655000,121.68894472,122.66462445,119.35815424,122.0141713,21644.33655003
1397741400,121.63474029,122.77303331,117.51520363,120.87587827,41602.28111557
1398087000,120.87587827,128.13927185,120.87587827,126.78416111,35400.7641526
1398173400,126.67575225,127.27200098,122.77303331,123.53189533,22948.84127843
1398259800,123.69450862,127.16359212,123.26087318,123.96553076,34236.83821123
1398346200,124.56177949,129.33176931,123.80345952,126.72995668,15269.21769915
1398432600,125.86268581,125.97109466,118.97872324,119.73758524,37201.53782732
1398691800,120.17122069,123.04405546,118.54508779,122.44780674,32820.16563176
1398778200,123.20666875,123.74871304,120.0086074,121.85155801,17109.84047885
1398864600,122.0141713,125.64586809,115.07654634,125.42905037,67885.53315076
1398951000,125.15802822,130.41585791,124.39916621,130.09063132,71661.78930768
1399037400,129.98222246,133.25074958,128.08506743,128.68131615,39214.28660215
1399296600,127.75984084,128.35608957,123.58609976,124.07393963,21660.20239738
1399383000,123.42348647,124.07393963,119.90019854,120.33383397,27023.04328973
1399469400,120.55065169,121.95996686,117.62361249,119.35815424,23116.53959523
1399555800,118.87031437,120.54523125,114.47975556,115.50963973,22333.39399036
1399642200,115.13020872,115.50963973,113.77509798,114.58816443,22949.94819801
1399901400,114.80498215,117.67781692,113.82930241,117.13577262,21495.82483933
1399987800,116.86475047,118.05724793,115.13020872,117.40679477,15434.70217679
1400074200,116.64793276,117.35259034,115.4554353,116.16009289,15303.34771962
1400160600,115.4554353,117.24418148,115.18441316,116.32270617,22138.39165718
1400247000,116.05168403,116.26850175,114.53395999,115.29282201,29743.11367801
1400506200,115.18441316,119.52076753,114.87002746,119.03292766,17721.78252157
1400592600,119.19554095,119.68338082,117.97594129,119.03292766,18222.84811941
1400679000,119.24974538,121.472127,119.24974538,119.68338082,17174.41078785
1400765400,119.52076753,122.06837573,119.35815424,121.36371814,12893.76827433
1400851800,121.74314914,123.36928204,120.76746941,122.33939787,10561.48871325
1401197400,125.26643708,127.21779655,124.99541494,125.75427694,19757.22314785
1401283800,125.64586809,125.97109466,121.36371814,124.67018835,21769.0494897
1401370200,124.67018835,125.15802822,122.28519344,122.71882888,34875.89978373
1401456600,123.04405546,124.99541494,122.66462445,122.88144217,27365.45041403
1401715800,121.03849156,124.07393963,119.35815424,122.55621559,29397.38579497
1401802200,122.23098902,122.9356466,120.11701625,122.28519344,99630.14192118
1401888600,121.36371814,124.67018835,120.76746941,122.23098902,20820.41940719
1401975000,122.66462445,124.67018835,120.44224284,124.39916621,15269.21769915
1402061400,125.26643708,131.58125314,124.72439278,130.09063132,47045.74265087
1402320600,129.44017817,132.20460409,128.1398139,131.06631106,12857.60890129
1402407000,131.17471991,131.28312878,129.33176931,131.12051549,11767.29311218
1402493400,131.12051549,133.5055104,129.87381361,130.74108448,11667.48586312
1402579800,130.74108448,131.33733321,128.32898736,130.36165347,13518.25540566
1402666200,130.63267562,132.9634661,129.4943826,131.28312878,22085.2595172
1402925400,131.39153764,132.80085281,130.90369777,131.60835536,24033.43798303
1403011800,131.28312878,132.63823952,129.33176931,129.60279146,32399.72067687
1403098200,129.60279146,132.25880852,128.36205206,132.25880852,13802.73373846
1403184600,132.25880852,134.26437241,131.66255979,133.61391926,16209.91485798
1403271000,133.99335026,134.37278127,131.96068415,133.39710154,21868.67225215
1403530200,133.61391926,133.61391926,130.79528891,131.01210663,21133.12418934
1403616600,130.9579022,133.55971482,130.37249436,131.39153764,9740.89232916
1403703000,130.74108448,132.52983066,130.09063132,132.47562623,10409.6562438
1403789400,132.31301294,133.34289711,131.01210663,133.01767053,4797.38947211
1403875800,132.20460409,133.99335026,131.44574207,133.39710154,40618.5985796
1404135000,133.12607939,135.24005215,132.42142181,134.80641671,13946.63328423
1404221400,135.18584771,135.5110743,132.36721737,132.63823952,28171.10338376
1404307800,132.47562623,134.42698571,132.25880852,134.15596355,8529.36884572
1404394200,134.37278127,134.96903,133.28869268,133.5055104,6162.95926416
1404739800,134.15596355,134.15596355,130.30744904,130.47006233,16683.67643944
1404826200,130.14483575,130.52426676,125.86268581,127.86824971,13972.83038102
1404912600,127.86824971,129.11495159,127.21779655,128.19347629,11848.83618811
1404999000,125.97109466,126.9467744,124.75149499,126.51313896,19633.80161436
1405085400,126.18791239,127.21779655,125.21223265,126.18791239,10153.40436037
1405344600,127.16359212,128.05254476,124.61598393,124.99541494,11465.84201245
1405431000,124.67018835,125.51577746,120.71326498,121.25530928,14696.94027481
1405517400,121.472127,122.77303331,119.79178968,120.82167385,36977.20212519
1405603800,120.27962955,122.39360231,119.90019854,121.74314914,26262.58953631
1405690200,121.58053586,123.40288879,120.06281183,122.12258015,31624.50799568
1405949400,121.79735358,123.26087318,120.38858045,122.77303331,17089.36246656
1406035800,123.15246432,124.12814405,121.41792257,123.80291748,14882.90276473
1406122200,124.0197352,124.12814405,122.28573549,122.50201116,4830.2280864
1406208600,122.9356466,123.42348647,121.90576244,122.50201116,9056.44705376
1406295000,121.63474029,124.99541494,121.63474029,124.72439278,19803.71377033
1406554200,124.56177949,125.50493657,122.39360231,125.10382379,12332.92901902
1406640600,125.04961936,126.18791239,122.0141713,122.39360231,10910.53735504
1406727000,122.77303331,123.3638616,120.87587827,122.0141713,17456.67528147
1406813400,126.0252991,126.0252991,119.73758524,122.71882888,35012.05089242
1406899800,122.9356466,125.10382379,122.39360231,124.67018835,21050.47419382
1407159000,125.26643708,126.72995668,122.98985104,126.62154783,24250.94768106
1407245400,125.80848138,127.38040984,124.77859721,125.53745923,18379.10826719
1407331800,125.32064151,129.92801803,125.32064151,128.13927185,18026.73886665
1407418200,128.19347629,129.54858702,126.45893453,127.65143199,10709.81593735
1407504600,127.4888187,127.65143199,125.15802822,126.62154783,8343.5908424
1407763800,126.62154783,128.13927185,126.51313896,127.05518326,11328.76847077
1407850200,126.35052567,126.89256997,124.77859721,125.97109466,6610.70823543
1407936600,126.67575225,126.88281318,124.72439278,125.15802822,9425.78922124
1408023000,125.59166366,125.59166366,122.9356466,123.26087318,10083.11496686
1408109400,124.39916621,125.97109466,121.30951371,125.21223265,13463.83185951
1408368600,126.29632124,128.62711173,125.64586809,127.00097883,16308.61518745
1408455000,126.9467744,129.71120032,126.51313896,127.70563642,13724.51142127
1408541400,127.43461427,128.030863,125.86268581,127.75984084,6964.18455556
1408627800,127.43461427,127.86824971,124.88700607,126.56734339,13471.76478318
1408714200,126.40473011,129.16915602,126.24211682,127.32620541,9123.23120192
1408973400,128.24768072,129.06074716,127.02808105,127.75984084,3887.3170884
1409059800,127.4888187,129.00654273,127.16359212,127.97665856,9735.17324465
1409146200,127.75984084,128.41029401,127.00097883,128.30188514,10660.00455612
1409232600,127.59722756,128.46449843,126.48874697,128.13927185,7893.62803196
1409319000,128.030863,128.62711173,126.89256997,128.30188514,6680.99762894
1409664600,128.19347629,130.0364269,127.32620541,129.76540474,17175.51770743
1409751000,129.81960918,133.07187496,127.92245413,130.14483575,20054.24656925
1409837400,130.0364269,132.15039965,128.84392944,131.28312878,12984.53568013
1409923800,130.90369777,133.45130597,130.25324462,132.52983066,15583.21388749
1410183000,132.69244395,135.67368759,132.15039965,134.42698571,33449.08044142
1410269400,135.02323443,135.02323443,132.12871789,133.28869268,29029.15054707
1410355800,133.28869268,133.28869268,131.55415092,132.9634661,20616.37723074
1410442200,132.25880852,133.93914583,131.66255979,133.39710154,7481.11600075
1410528600,133.07187496,133.88494141,130.19904019,133.39710154,45562.10143665
1410787800,134.64380342,137.3540249,133.18028381,133.34289711,21646.55038919
1410874200,133.34289711,134.53539456,131.60835536,133.88494141,10799.47642356
1410960600,133.55971482,134.42698571,133.28869268,134.37278127,9473.3867633
1411047000,134.48119013,135.47855164,133.61391926,133.83073698,11683.35171048
1411133400,133.77653254,134.21016799,132.25880852,133.34289711,22808.2624914
1411392600,133.28869268,134.96903,132.90926167,133.28869268,23457.65531335
1411479000,134.91482557,134.91482557,128.08506743,128.84392944,18346.2696529
1411565400,128.62711173,129.34803064,126.56734339,127.92245413,12750.97564814
1411651800,128.030863,128.030863,125.15802822,126.0252991,8209.83805947
1411738200,125.97109466,127.79236351,124.77859721,127.32620541,6320.51081812
1411997400,126.45893453,127.4888187,125.43447081,127.00097883,13324.54447866
1412083800,126.72995668,127.70563642,123.09825989,124.61598393,22582.6353831
1412170200,124.67018835,125.04961936,123.35302071,124.18234849,30970.50300881
1412256600,123.91132633,126.07950353,121.68894472,125.75427694,27545.50933284
1412343000,126.62154783,127.70563642,125.21223265,126.89256997,6535.80667699
1412602200,126.9467744,127.92245413,125.80793933,125.86268581,6535.80667699
1412688600,125.64586809,126.35377794,121.68894472,121.79735358,12837.13088901
1412775000,121.36371814,122.98985104,117.94883906,122.61042003,11354.78108097
1412861400,122.28519344,122.61042003,120.22542512,120.87587827,10098.98081421
1412947800,120.22542512,121.23362751,117.18997706,117.94883906,15024.58847134
1413207000,117.89463464,120.82167385,114.85918657,115.83486631,21926.41655706
1413293400,116.9189549,119.62917639,115.40123087,117.4609992,28859.0539045
1413379800,116.37691061,119.79178968,114.37134671,119.4665631,19076.0986312
1413466200,118.05724793,124.88700607,115.9974796,123.53189533,36871.86027822
1413552600,124.9412105,126.29632124,119.73758524,120.33383397,33766.39738851
1413811800,119.79178968,121.14690042,117.62361249,120.65906055,21849.48564605
1413898200,121.52633143,126.67575225,120.84335561,126.56734339,16425.39520344
1413984600,126.45893453,127.59722756,120.87587827,121.63474029,16435.54196629
1414071000,124.07393963,125.42905037,121.49380877,124.77859721,14480.53749636
1414157400,125.15802822,127.32620541,122.67817556,126.9467744,9418.96321714
1414416600,126.78416111,129.82502962,125.59166366,127.86824971,11151.84582411
1414503000,128.62711173,132.74664838,127.65143199,132.25880852,33281.38212462
1414589400,132.69244395,138.16709135,129.27756488,136.37834517,77136.7980511
1414675800,136.43254961,138.0586825,133.72232811,137.78766034,17031.61816166
1414762200,138.22129579,139.03436223,136.9745939,137.67925149,16789.01828641
1415025000,138.0586825,139.30538438,132.80085281,135.24005215,25292.55900853
1415111400,135.29425658,136.81198061,132.09619522,132.90926167,33672.30922397
1415197800,133.39710154,133.88494141,129.65699589,132.36721737,20912.10924597
1415284200,132.58403509,136.48675403,130.41585791,135.99891416,32191.0663355
1415370600,135.61948316,139.84742868,134.86062114,139.41379324,19305.04649825
1415629800,139.30538438,139.79322424,135.5110743,138.76334008,11446.65540634
1415716200,139.30538438,140.38947297,137.57084262,140.11845082,12031.29343269
1415802600,139.3595888,142.01560586,138.65493122,139.95583753,13852.72960628
1415889000,139.84742868,141.63617486,137.46243377,138.92595337,9467.85216539
1415975400,138.81754451,140.4436774,137.24561605,138.32970464,18826.85723846
1416234600,137.67708331,139.25117995,135.5110743,137.57084262,18807.48614576
1416321000,138.16709135,140.76890398,137.3540249,139.3595888,24247.62692231
1416407400,139.03436223,139.9016331,136.70357175,139.08856666,11333.1961491
1416493800,138.70913565,139.84742868,137.8960692,138.98015779,15459.792354
1416580200,140.55208626,140.55208626,135.32135879,135.67368759,39576.98725213
1416839400,138.70913565,141.63617486,137.08300276,140.66049512,39369.62431694
1416925800,141.63617486,145.43048494,140.28106411,142.77446788,63527.77523964
1417012200,142.82867231,144.4548052,141.85299258,143.20810331,8752.59762826
1417185000,143.9127609,144.56321406,142.01560586,142.12401472,6643.54684972
1417444200,142.50344573,145.21366721,137.24561605,143.26230775,43282.95401554
1417530600,143.80435204,144.83423621,140.98572169,141.41935714,18851.76292907
1417617000,140.33526854,142.39503687,137.73345591,137.95027363,20821.52632677
1417703400,138.27550021,141.09413056,138.11288692,139.3595888,22529.50324312
1417789800,136.59516289,138.09933581,133.93914583,136.86618504,33566.967377
1418049000,136.86618504,137.40822934,134.31857684,136.81198061,24282.67937577
1418135400,135.24005215,137.78766034,134.69800785,135.67368759,14306.01317546
1418221800,135.34846101,135.34846101,132.52983066,133.93914583,13724.51142127
1418308200,134.15596355,137.46243377,134.15596355,134.75221228,17016.85923389
1418394600,132.63823952,138.22129579,132.63823952,135.02323443,17082.72094907
1418653800,135.67368759,137.73345591,134.69800785,135.13164329,17577.8829758
1418740200,135.40266544,135.48397208,131.12051549,131.17471991,23449.72238967
1418826600,133.55971482,138.92595337,131.22892435,137.67925149,54529.07249079
1418913000,139.5222021,141.85299258,137.95027363,140.4436774,35727.12094295
1418999400,140.49788183,144.02116976,140.28106411,141.85299258,60082.48803799
1419258600,141.25674385,144.83423621,141.25674385,143.53332989,28111.14523968
1419345000,144.78003178,146.78559568,143.31651218,145.3762805,34707.09454734
1419431400,145.26787165,146.35196024,143.80435204,144.29219191,20242.42289834
1419604200,144.99684949,146.18934695,142.23242359,143.04549003,11265.30508135
1419863400,143.09969446,144.83423621,141.09413056,142.77446788,26958.47298073
1419949800,142.61185459,144.83423621,141.3651527,141.47356157,25981.61644886
1420036200,142.01560586,142.96418338,141.69092133,141.907197,43152.70647796
1420209000,142.34083244,142.55765016,135.13164329,138.92595337,47697.34931198
1420468200,138.16709135,138.51942015,135.13164329,135.34846101,27941.04859712
1420554600,135.45686987,138.76334008,131.55415092,136.43254961,30961.46316555
1420641000,137.19141161,139.14277109,135.56527872,138.65493122,19908.13318431
1420727400,139.63061096,141.58197042,137.19141161,140.01004196,21850.59256563
1420813800,140.01004196,145.86412038,139.79322424,145.64730266,34675.36285263
1421073000,145.59309822,149.17059058,143.3707166,149.00797729,45217.66495978
1421159400,149.33320387,152.20603865,147.59866212,148.30331971,43372.61450175
1421245800,148.68275072,150.57448532,145.50637114,148.73695515,26875.82298521
1421332200,148.68275072,149.33320387,145.9183248,147.9238887,21187.5477355
1421418600,147.16502668,148.89956844,146.10804031,146.67718682,15018.86938683
1421764200,147.43604884,147.95641136,146.24355138,146.29775581,33348.16627279
1421850600,145.97252923,148.30331971,145.78823417,147.11082226,32291.98050414
1421937000,147.3818444,151.60978992,147.21923111,150.52570133,60846.26255016
1422023400,150.09206589,156.27137088,149.41993096,153.3985361,29294.25778716
1422282600,153.66955826,155.62091772,152.09762979,154.32001141,16736.99306602
1422369000,152.85649181,154.75364685,151.3929722,154.37421584,23874.77950949
1422455400,154.4826247,155.2143845,148.89956844,149.55002159,16768.72476073
1422541800,149.49581717,153.18171838,147.43604884,153.12751396,17592.64190357
1422628200,152.15183422,154.32001141,150.36308804,152.42285636,14294.57500644
1422887400,153.29012725,154.37421584,147.70707098,153.29012725,37237.88168695
1422973800,153.99478483,160.44511196,151.9350165,157.24705061,87139.6613482
1423060200,156.92182404,160.17408982,156.92182404,158.87318351,72790.478309
1423146600,159.63204552,159.84886324,157.89750377,159.52363666,15486.91188378
1423233000,159.63204552,159.79465881,157.89750377,159.46943224,12030.18651311
1423492200,161.25817841,163.37215117,159.14420565,162.5048803,49255.70759805
1423578600,162.66749359,165.05248849,161.36658727,163.58896889,23441.78946599
1423665000,163.80578661,164.56464863,163.15533345,164.18521762,10780.10533086
1423751400,165.32351064,165.54032836,163.99550211,164.72726192,23611.70162196
1423837800,164.40203533,168.19634542,164.40203533,165.9739638,47748.45209939
1424183400,167.4374834,169.11782073,165.48612394,167.49168783,97595.80821448
1424269800,169.93088717,171.34020234,163.29138657,170.85236247,197233.88305933
1424356200,171.23179348,178.71200479,171.06918019,176.05598772,67452.54310726
1424442600,176.92271656,177.02191067,173.67587122,176.76064531,35662.55063395
1424701800,177.35689404,177.95260072,175.78496558,177.19428075,24937.79128223
1424788200,178.0073472,178.60359592,176.81484974,178.5493915,18691.99753594
1424874600,178.76620921,180.66336425,177.70922284,178.76620921,31436.33166659
1424961000,178.9288225,183.26517688,178.65780035,182.28949714,33293.92721323
1425047400,185.16233192,188.08937112,183.21097245,186.35482938,58073.06002191
1425306600,187.38471354,192.15470336,186.62639357,191.01641033,47342.58158568
1425393000,190.79959261,191.77527235,185.8669895,188.956642,67908.04051561
1425479400,189.28186857,193.23879195,188.4145977,189.98652617,32732.90347131
1425565800,189.98652617,190.79959261,188.1012961,189.01084643,39438.80679087
1425652200,187.65573568,189.11925529,183.75301675,184.07824332,31957.69079012
1425907800,184.45767433,189.98652617,183.91563004,189.06505086,20760.27677652
1425994200,187.38471354,187.76414455,183.04835916,183.21097245,31474.8893654
1426080600,183.80722118,187.43891797,183.80722118,187.00528253,27722.4319795
1426167000,188.25198441,190.04073059,183.37358574,186.02960279,39726.60588241
1426253400,185.59596736,191.55845463,184.78344296,189.17345972,38103.67728735
1426512600,190.9622059,192.20890778,189.66129958,190.58277489,23165.24405687
1426599000,189.60709516,191.72106791,189.11925529,190.47436603,16727.95322276
1426685400,189.8781173,192.80515651,188.956642,191.45004576,12922.17921029
1426771800,191.93788564,193.23879195,191.07061476,192.15470336,25748.05641688
1426858200,192.37152107,194.37708497,191.8836812,193.40140524,32574.24499777
1427117400,193.50981409,195.84060457,193.07617866,194.37708497,14363.75748037
1427203800,194.21447168,194.66165823,189.11925529,189.44448187,20290.0204404
1427290200,190.09493502,190.25754831,186.19221608,187.05948696,20040.59456106
1427376600,187.49312239,189.22766415,185.43389611,187.70994011,10671.44272515
1427463000,187.43891797,191.34163691,186.62585152,189.44448187,14251.58962931
1427722200,190.85379704,193.45560966,190.05373966,192.53413436,26893.90267173
1427808600,192.15470336,194.64539689,190.58277489,192.37152107,22979.46605355
1427895000,191.72106791,193.07617866,185.27074078,188.4145977,37038.45167544
1427981400,188.36039328,191.39584134,187.8725534,190.69118375,13525.08140976
1428327000,190.74538818,193.23879195,190.14913946,191.77527235,17681.0109836
1428413400,191.99209007,192.85936094,187.92675784,188.14357556,19349.32328157
1428499800,188.52300656,191.50425019,187.27630467,190.79959261,25630.1694813
1428586200,188.36039328,189.98652617,184.83710534,185.65017178,27249.77731762
1428672600,185.75858065,185.97539837,184.45767433,184.83710534,13265.50876758
1428931800,181.15120412,182.57678062,176.97746303,181.25961298,50625.88955503
1429018200,183.04835916,184.13244776,180.44654653,182.61472372,26783.94865984
1429104600,184.29506104,187.03238474,183.53619903,183.80722118,8837.64594954
1429191000,183.53619903,184.29506104,180.5549554,180.82597754,10229.41283839
1429277400,178.76620921,179.74188895,173.77940168,177.79052948,40154.98376098
1429536600,178.22416491,182.66892815,177.62791619,182.61472372,18527.61997789
1429623000,183.21097245,183.80722118,179.47086679,180.88018197,11712.86956602
1429709400,180.28393324,180.28393324,177.4653029,178.33257378,10771.0654876
1429795800,178.87461807,179.47086679,176.27280544,178.71200479,20207.18595828
1429882200,178.76620921,179.95870667,176.92325861,178.16996049,15742.97928061
1430141400,178.16996049,180.22972881,171.23179348,173.67099281,43328.33771844
1430227800,173.72519725,177.70922284,172.85792637,175.51394343,49211.43081474
1430314200,174.64667255,178.27836934,174.21303711,176.16439659,27613.58488719
1430400600,173.9962194,174.10462826,158.71057022,162.93851574,114023.41725709
1430487000,163.9683999,167.27487011,163.18243567,166.67862139,48334.38153192
1430746200,167.32907454,167.32907454,161.20397398,165.26930621,46360.00596929
1430832600,165.81135051,165.81135051,161.23107619,162.45067586,33631.537686
1430919000,162.5048803,162.61328915,158.38534364,160.11988539,22367.33952423
1431005400,158.76477465,162.17965372,158.76477465,161.69181385,33050.2204184
1431091800,162.83010687,163.91419547,160.71613412,160.77033854,17569.95005212
1431351000,160.77033854,164.34783091,160.77033854,162.45067586,19925.10595125
1431437400,161.80022271,161.80022271,154.83495349,157.24705061,28008.01723188
1431523800,158.4937525,159.46943224,157.4096639,159.30681895,19647.45362255
1431610200,159.30681895,161.14976955,156.70500632,159.68624995,44444.66611775
1431696600,159.03579679,159.19841008,156.81341517,157.78909491,22828.55601709
1431955800,157.4096639,162.99272016,157.4096639,162.07124486,25661.90117601
1432042200,161.25817841,162.93851574,158.65636579,159.36102337,19818.4726981
1432128600,159.74045438,160.11988539,157.19284618,159.68624995,13828.93083525
1432215000,159.63204552,160.93295184,158.22273035,159.19841008,16183.90224778
1432301400,159.19841008,160.71613412,157.24705061,160.44511196,19269.99404479
1432647000,160.39090754,160.98715626,157.93815709,160.01147653,19289.1806509
1432733400,160.39090754,161.25817841,158.43954806,158.60216135,23538.0914697
1432819800,157.9517082,159.14420565,155.56671329,158.54795693,15414.4086511
1432906200,158.16852592,158.16852592,154.91626014,156.70500632,29799.75106334
1433165400,155.45830444,155.51250886,146.83980011,151.77240321,84143.0455508
1433251800,149.55002159,152.53126523,149.55002159,151.06774563,56694.94514125
1433338200,151.71819878,154.75364685,151.71819878,154.15739812,28251.72402671
1433424600,153.07330953,153.37143389,151.66399436,153.07330953,17824.91052937
1433511000,153.88637597,156.75921075,150.90513234,156.27137088,26948.32621789
1433770200,155.83773544,156.43398416,151.98922093,153.88637597,22714.17432686
1433856600,154.04898926,155.16018007,151.50138107,154.53682913,28148.5960189
1433943000,154.97046456,154.97046456,152.20603865,152.96490066,26387.30247598
1434029400,152.15183422,156.16296202,151.90249384,154.86205571,17934.86454127
1434115800,154.04898926,154.75364685,152.58546966,154.32001141,18292.95302632
1434375000,152.96490066,156.81341517,151.23035891,156.4881886,50578.29201297
1434461400,156.37977974,156.54239303,154.04898926,154.32001141,26093.78429992
1434547800,154.69944242,156.10875759,151.82660764,151.82660764,23854.3014972
1434634200,156.4881886,164.18521762,155.24148671,160.33670311,76394.42398419
1434720600,160.87874741,163.91419547,160.22829424,163.15533345,31970.05139213
1434979800,163.85999104,167.38327897,162.28806258,165.59453279,25412.65978327
1435066200,165.59453279,165.59453279,163.64317332,164.88987521,17874.9063972
1435152600,164.56464863,165.21510178,161.63760942,163.31794674,13693.88664614
1435239000,163.48056004,164.40203533,160.22829424,164.13101319,21532.16869896
1435325400,164.61885305,172.31588208,163.78410484,171.50281563,67357.34802314
1435584600,172.42429093,172.45139315,163.64317332,164.99828406,41455.06081105
1435671000,166.78703024,167.11225683,163.91419547,166.29919038,33476.3844578
1435757400,167.70850555,168.57577642,163.9683999,164.67305749,31821.72416802
1435843800,168.03373212,169.55145616,163.69737775,166.84123467,19665.53330907
1436189400,165.26930621,168.30475428,164.34783091,165.91975937,16114.71977386
1436275800,166.94964353,168.03373212,162.88431131,167.22066568,23344.3805427
1436362200,165.4319195,167.11225683,163.69737775,165.16089735,14903.19629042
1436448600,166.89543911,168.03373212,165.21510178,166.02816823,14363.75748037
1436535000,167.49168783,170.25611374,167.27487011,169.93088717,26569.75972055
1436794200,170.79815804,172.69531309,170.79815804,172.58690422,21059.51403708
1436880600,173.4541751,177.95314277,172.58744627,176.92325861,34716.1343906
1436967000,176.70644089,177.68212061,172.47849536,176.16439659,24853.84988053
1437053400,177.57371176,177.95856321,174.91769471,176.76064531,19189.55788844
1437139800,176.92325861,178.16996049,175.54104565,177.89893834,16344.77456049
1437399000,177.8447339,178.82041364,175.29712571,178.33257378,23053.07620581
1437485400,177.51950733,177.62791619,172.26167764,172.85792637,33968.22572578
1437571800,172.91213081,177.03166746,172.5326998,175.24292128,28447.64879287
1437658200,175.29712571,178.11575606,174.10462826,174.59246812,29407.71704441
1437744600,174.32144598,175.83917,166.94964353,168.30475428,30452.64913063
1438003800,165.59453279,168.41316313,164.34783091,166.67862139,16571.50858838
1438090200,168.14214099,168.14214099,158.06011706,162.23385814,118407.1877784
1438176600,162.77590244,165.59128053,161.25817841,164.94407963,42872.84031009
1438263000,166.62441695,175.02610356,165.32351064,171.77383778,65380.75862135
1438349400,172.85792637,175.35133014,171.58954271,174.80928584,34596.03361586
1438608600,175.73076115,175.89337444,172.47849536,174.37565041,21442.50821275
1438695000,174.5382637,174.80928584,170.47293146,171.23179348,16137.4116253
1438781400,171.82804221,173.56258396,163.85999104,165.64873722,30001.57940061
1438867800,166.67862139,168.57577642,156.4881886,159.74045438,56583.88420977
1438954200,159.19841008,163.58896889,159.14420565,160.39090754,40500.71164403
1439213400,161.47499614,162.01704043,158.65636579,160.98715626,33375.47028916
1439299800,160.01147653,161.31238284,152.18977732,153.29012725,40525.61733464
1439386200,152.69387852,155.78353101,152.22446816,153.72376268,45915.76224337
1439472600,151.82660764,159.4152278,150.25467918,157.57227719,50619.06355094
1439559000,157.03023289,159.90306767,156.46650683,159.68624995,23218.56068345
1439818200,158.71057022,166.89543911,158.00591263,166.73282582,44185.09347557
1439904600,166.73282582,166.73282582,165.05248849,165.81135051,29020.11070381
1439991000,164.67305749,169.11782073,163.64317332,168.03373212,36902.30056675
1440077400,165.91975937,166.57021253,161.36658727,161.52920056,85097.39471782
1440163800,158.87318351,162.12544929,155.56671329,158.65636579,64742.61948183
1440423000,149.60422602,157.54517498,145.83701816,151.77240321,73965.8424194
1440509400,156.43398416,156.54239303,152.26024308,154.26580698,46807.75494056
1440595800,157.03023289,157.03023289,152.36865194,155.9461443,22921.53726205
1440682200,157.24705061,159.19841008,154.80785127,156.43398416,18459.72891014
1440768600,156.21716645,159.03579679,155.35043762,157.24705061,16020.63160931
1441027800,156.97602846,158.73767243,156.27137088,157.08443733,19721.06377481
1441114200,154.80785127,155.83773544,149.87524817,150.20047475,27529.64348549
1441200600,151.66399436,151.66399436,149.06218173,151.23035891,25372.99516489
1441287000,150.79672347,152.63967409,146.67718682,148.68275072,33748.31770199
1441373400,147.11082226,151.50138107,146.28962515,150.20047475,19038.83233857
1441719000,153.99478483,154.75364685,150.25467918,151.28456335,16488.85859286
1441805400,153.34433167,153.61535382,147.21923111,147.21923111,18281.6993439
1441891800,147.54445769,147.9238887,143.75014761,147.05661783,20420.26797798
1441978200,145.86412038,146.35196024,143.26230775,145.97252923,18463.04966889
1442237400,145.97252923,147.54445769,144.56321406,146.02673366,10989.86659182
1442323800,146.02673366,147.49025327,144.72582735,147.00241339,11438.72248267
1442410200,147.16502668,149.17004854,145.97252923,147.32763998,9583.3407752
1442496600,151.23035891,151.33876777,148.14070642,149.65843046,10022.0499032
1442583000,148.19491085,151.98922093,146.94820897,151.71819878,34931.43024947
1442842200,152.53126523,153.34433167,146.4603691,147.3818444,23113.03434988
1442928600,145.53889379,146.34111935,139.30538438,140.22685969,14675.35534294
1443015000,140.49788183,143.15389889,135.61948316,136.54095846,21089.03189263
1443101400,136.16152745,140.0642464,136.0531186,138.87174894,32953.91841469
1443187800,139.9016331,139.95583753,137.24561605,138.16709135,24655.5267886
1443447000,138.00447806,138.00447806,132.25880852,132.58403509,22625.80524683
1443533400,132.58403509,134.42698571,129.87381361,131.55415092,19820.68653727
1443619800,133.07187496,136.86618504,133.07187496,136.54095846,20633.34999768
1443706200,136.81198061,137.3540249,132.63823952,134.91482557,17926.93161759
1443792600,132.15039965,137.08300276,131.87937751,136.64936732,25905.60797084
1444051800,137.08300276,141.41935714,135.99891416,139.30538438,17182.34371152
1444138200,139.3595888,143.26230775,139.3595888,141.907197,24444.84309466
1444224600,142.61185459,145.05105393,141.69037929,144.99684949,15151.51525017
1444311000,144.23798749,148.465933,143.20810331,148.14070642,38236.32315069
1444397400,147.65286656,150.30888361,145.64730266,147.49025327,33467.16012794
1444656600,147.81547984,148.95377287,145.53889379,148.19491085,20708.25155612
1444743000,147.11082226,152.69387852,146.89400454,147.27343555,18699.93045962
1444829400,147.27343555,148.52013743,144.4548052,146.24355138,19118.16157535
1444915800,146.18934695,148.14070642,141.52776599,147.21923111,51021.42881931
1445002200,147.54445769,147.54445769,144.40060077,145.3762805,12297.69207896
1445261400,144.50900963,148.08650199,144.29273396,147.43604884,17600.57482725
1445347800,146.73139125,146.73139125,140.98572169,143.31651218,25560.06457439
1445434200,143.80435204,144.18378305,137.02879833,138.16709135,21767.75808352
1445520600,138.65493122,143.15389889,136.59516289,140.93151727,16839.01415424
1445607000,142.4492413,145.53889379,140.22685969,144.61741849,15532.29558667
1445866200,145.05105393,145.53889379,142.82867231,144.12957862,12428.12410314
1445952600,143.09969446,143.09969446,139.03436223,142.06981029,27321.17363072
1446039000,142.77446788,150.68831462,142.15653738,148.465933,30266.6866407
1446125400,148.465933,149.33320387,145.59309822,148.08650199,15460.89927358
1446211800,148.14070642,149.44161274,146.89400454,148.35752414,25302.70577137
1446474600,148.73695515,150.20047475,147.46315105,149.06218173,45778.68870169
1446561000,147.59866212,149.3874083,133.83127902,143.75014761,81558.01935163
1446647400,143.64173876,143.80435204,136.48675403,140.0642464,53889.82643169
1446733800,147.32763998,147.32763998,140.33526854,142.99128559,39286.97432142
1446820200,142.55765016,149.06218173,141.59552153,146.78559568,36225.78821503
1447079400,146.35196024,147.32763998,143.75014761,145.05105393,29025.64530172
1447165800,144.83423621,148.84536401,144.29219191,147.97809313,23261.54606058
1447252200,148.465933,149.22479501,146.4603691,146.78559568,13774.50728909
1447338600,145.70150708,147.54445769,141.907197,144.50900963,13359.59693212
1447425000,143.75014761,144.56321406,141.41935714,142.34083244,12852.99673636
1447684200,141.96140143,142.17821915,139.84742868,141.69037929,13963.79053776
1447770600,141.52776599,142.23242359,139.68481539,140.38947297,19259.84728195
1447857000,140.38947297,143.58753432,138.65493122,141.74458371,34855.60625804
1447943400,141.41935714,142.06981029,137.46243377,139.08856666,16432.03672094
1448029800,139.73901981,140.71469955,137.8960692,138.49231793,11978.16129271
1448289000,139.08856666,139.3595888,135.24005215,136.16152745,28116.8643242
1448375400,135.29425658,135.78209644,133.5055104,134.86062114,21425.53544581
1448461800,135.07743886,138.11288692,134.10175912,136.92038947,24222.7212317
1448634600,137.19141161,138.11288692,135.18584771,135.78209644,7384.62951045
1448893800,135.18584771,138.32970464,134.48119013,137.73345591,33285.99428955
1448980200,138.16709135,139.88808199,136.21573189,137.8960692,14566.69273723
1449066600,137.8960692,138.11288692,133.93914583,134.69800785,19123.69617326
1449153000,133.88494141,134.42698571,130.74108448,133.34289711,20985.90388482
1449239400,133.07187496,134.02045248,128.41029401,128.68131615,21342.88545029
1449498600,126.9467744,127.70563642,121.28241149,126.78416111,46976.56017694
1449585000,125.53745923,129.54858702,123.31507761,127.75984084,23964.2555091
1449671400,127.65143199,128.41029401,122.9356466,125.15802822,23224.09528136
1449757800,125.21223265,128.51870286,123.80291748,127.81404528,17883.94624046
1449844200,126.24211682,128.19347629,124.23655292,125.10382379,42511.24657969
1450103400,125.15802822,126.89256997,121.472127,124.18234849,19608.89592375
1450189800,125.91689023,131.77096864,125.91689023,130.79528891,27499.01871036
1450276200,132.80085281,138.32970464,132.09619522,137.67925149,42155.3719338
1450362600,139.19697551,140.22685969,134.42698571,136.26993631,54575.56311327
1450449000,135.5110743,138.38390907,132.15039965,134.31857684,53973.76783339
1450708200,135.13164329,135.41513246,129.71120032,130.84949334,24003.92012749
1450794600,131.44574207,134.10175912,128.30188514,133.18028381,25283.51916527
1450881000,133.39710154,133.39710154,127.10938769,127.27200098,38022.13421141
1450967400,127.38040984,127.46171648,125.4832548,126.0252991,25855.79658961
1451313000,124.67018835,126.07950353,123.36928204,124.83280164,47688.30946872
1451399400,125.64586809,127.65143199,124.56177949,127.05518326,32874.58917792
1451485800,126.72995668,129.38597374,126.40473011,128.24768072,28015.95015556
1451572200,128.030863,131.17471991,127.38040984,130.09063132,25894.35428841
1451917800,128.30188514,128.78972501,122.9356466,125.59166366,51965.44673689
1452004200,126.0252991,129.11495159,124.72439278,127.05518326,62398.90175172
1452090600,124.83280164,129.33176931,124.83280164,125.75427694,35526.58401185
1452177000,123.09825989,125.05070345,121.68894472,122.61042003,56318.59248308
1452263400,123.31507761,124.56177949,120.87587827,121.30951371,33288.20812872
1452522600,121.68894472,123.80291748,120.55065169,120.82167385,59732.33247661
1452609000,121.95996686,123.09825989,119.90019854,121.20110485,42841.10861538
1452695400,121.52633143,122.71882888,117.35259034,118.27406565,31423.78657799
1452781800,118.81610995,119.4665631,115.34702644,116.9189549,28944.10222579
1452868200,114.20873342,115.78066188,111.01067207,113.55828026,56710.8109886
1453213800,114.53395999,116.37691061,112.25737395,113.34146254,24171.61844429
1453300200,111.33589864,111.39010307,106.56590883,109.81817461,23288.85007696
1453386600,110.19760562,111.49851193,108.46306387,109.16772146,17533.79067908
1453473000,111.11908092,112.09476066,108.46306387,109.49294803,23044.03636255
1453732200,109.49294803,109.9807879,107.64999742,108.8966993,14601.74519068
1453818600,112.9078271,118.43667894,111.71532965,118.38247451,23810.02471389
1453905000,117.73202135,117.73202135,113.12464482,113.39566697,39930.64805885
1453991400,113.39566697,114.04612013,111.11908092,112.41998724,14876.07676064
1454077800,112.20316952,118.16565679,112.14950713,118.16565679,25339.04963101
1454337000,117.40679477,117.40679477,113.77509798,115.56384416,17432.87651044
1454423400,114.20873342,114.85918657,110.79385435,113.01623597,25549.73332495
1454509800,113.88350684,114.64236886,111.28169421,113.9919157,16687.18168479
1454596200,114.15452899,118.05724793,114.15452899,117.13577262,28749.09989261
1454682600,118.65349665,119.14133652,108.62567716,109.87237904,46704.62693276
1454941800,108.73408601,112.63680496,104.50614049,109.76397018,37811.26603087
1455028200,107.92101957,111.11908092,106.67431768,108.73408601,19289.1806509
1455114600,109.27613031,113.50407583,108.35465501,108.8966993,18820.03123436
1455201000,106.94533984,112.74521381,105.75338442,112.52839609,17367.19928186
1455287400,113.23305368,113.23305368,106.72852211,110.9022632,49256.81451763
1455633000,111.93214736,122.50201116,111.93214736,121.58053586,37569.95756181
1455719400,122.50201116,124.72439278,117.62361249,117.73202135,30960.35624596
1455805800,118.27406565,118.9245188,113.88350684,117.56940806,21210.23958695
1455892200,116.86475047,118.76190551,114.31714227,118.54508779,14443.08671714
1456151400,119.35815424,121.85155801,118.76190551,120.76746941,18368.96150435
1456237800,120.60485613,121.74314914,118.70770108,119.4665631,25224.48345419
1456324200,118.70770108,122.88144217,116.55090683,122.23098902,15593.36065033
1456410600,122.55621559,122.82723774,118.16565679,121.79735358,21754.29056192
1456497000,122.44780674,127.16359212,122.44780674,126.29632124,31240.22241383
1456756200,133.77653254,136.81198061,120.33383397,130.25324462,79505.42147182
1456842600,130.25324462,137.73345591,129.98222246,134.86062114,43511.9018826
1456929000,135.18584771,137.62504706,133.45184801,137.40822934,20096.1250268
1457015400,136.81198061,139.73901981,136.23199321,139.30538438,29976.4892234
1457101800,143.09969446,147.65286656,137.67925149,146.4603691,143317.85953085
1457361000,146.29775581,155.78353101,145.48468937,155.45830444,49125.46006047
1457447400,154.26580698,156.32557531,153.3985361,153.88637597,55078.84255028
1457533800,154.64523799,156.54239303,152.91069624,154.15739812,35007.43872749
1457620200,154.53682913,157.46386834,151.82660764,156.92182404,27493.48411245
1457706600,158.33113921,161.09014468,155.83773544,160.11988539,33927.45418782
1457962200,159.52363666,162.17965372,159.25261451,159.30681895,21231.82451881
1458048600,158.81897907,159.63204552,155.69951414,156.54239303,29390.55979087
1458135000,155.89193987,158.76477465,155.89193987,157.19284618,43486.99619198
1458221400,156.92182404,158.71057022,156.10875759,157.08443733,42802.55091658
1458307800,157.73489048,159.79465881,156.4881886,159.4152278,74752.30878302
1458567000,158.92738794,159.90306767,155.9461443,156.37977974,23543.81055421
1458653400,156.16296202,156.92182404,151.50138107,153.66955826,39342.50478716
1458739800,155.24148671,157.19284618,151.3929722,151.60978992,26057.44044029
1458826200,151.06774563,152.31444751,147.86968428,152.09762979,22685.7633909
1459171800,153.50694496,157.19284618,152.74808295,155.72932658,25502.13578289
1459258200,155.51250886,157.46386834,152.69387852,156.92182404,24462.92278118
1459344600,152.85649181,155.07887343,150.95933677,153.72376268,29391.85119705
1459431000,153.56114939,155.16018007,151.33876777,151.71819878,23857.62225595
1459517400,151.01354119,155.78353101,149.44161274,155.24148671,30994.30177984
1459776600,155.45830444,155.62091772,150.03786146,150.85092791,24868.6088083
1459863000,149.44161274,151.24065776,147.81547984,149.17059058,13963.79053776
1459949400,149.82104374,152.69387852,149.22479501,152.42285636,17464.60820515
1460035800,151.9350165,152.91069624,146.35196024,147.97809313,19467.21021714
1460122200,148.95377287,149.71317693,146.4603691,148.30331971,11446.65540634
1460381400,149.65843046,149.98365703,145.70150708,146.08093809,21878.819015
1460467800,146.08093809,149.9294526,145.64730266,148.465933,17802.21867792
1460554200,149.9294526,153.56114939,149.43348207,152.63967409,21386.97774701
1460640600,152.09762979,152.36865194,149.71263488,151.01354119,22068.10226366
1460727000,151.23035891,152.47651875,149.27899945,149.44161274,10028.6914207
1460986200,148.52013743,153.01910509,148.52013743,152.96490066,16422.99687768
1461072600,153.77796711,155.07887343,150.03786146,150.41729247,13382.28878357
1461159000,151.55558549,152.69387852,149.11638616,150.52570133,16172.64856536
1461245400,151.06774563,153.12697191,147.65286656,148.84536401,19666.64022865
1461331800,149.49581717,150.41729247,146.89400454,148.84536401,22975.96080821
1461591000,146.67718682,147.54445769,144.94264507,146.29775581,44011.86056085
1461677400,147.00241339,149.33320387,144.4548052,148.62854629,30449.14388528
1461763800,149.9294526,153.23592281,148.14070642,151.82660764,24292.82613861
1461850200,153.12751396,154.26580698,151.88081207,153.01910509,46199.13365658
1461936600,159.90306767,159.90306767,141.33805049,152.74808295,71269.57080215
1462195800,152.80228737,158.16852592,149.9294526,156.59659745,36710.80347891
1462282200,155.02466899,156.65080189,154.20076166,154.64523799,31165.50534199
1462368600,153.12751396,156.59659745,153.01910509,155.89193987,28130.33184579
1462455000,156.86761961,157.89750377,155.56671329,156.4881886,19854.81655774
1462541400,156.37977974,160.87874741,154.4826247,158.00591263,18116.21486626
1462800600,158.00591263,158.76477465,155.56725534,158.00591263,26312.58540414
1462887000,158.38534364,162.34226701,158.00591263,162.23385814,21476.63823322
1462973400,161.74601828,164.29362648,159.9572721,160.71613412,26755.72221047
1463059800,161.25817841,161.63760942,157.03023289,158.43954806,12068.74421191
1463146200,158.27693478,159.14420565,157.00313068,158.87318351,17115.55956336
1463405400,158.87318351,159.84886324,156.35267752,158.98159236,17611.82850967
1463491800,159.36102337,160.11988539,158.43954806,158.87318351,25919.25997903
1463578200,158.4937525,159.4152278,155.72932658,156.65080189,18147.94656097
1463664600,156.05455316,156.43398416,151.23035891,151.9350165,21677.17516432
1463751000,151.9350165,153.50694496,150.90513234,153.01910509,32330.53820295
1464010200,152.80228737,155.05177121,151.77240321,152.58546966,15634.31667489
1464096600,153.23592281,156.21716645,152.60660938,155.34989557,19718.84993564
1464183000,155.24148671,155.83773544,153.12751396,154.37421584,22541.86384513
1464269400,154.42842026,156.59659745,154.21160255,154.64523799,15532.29558667
1464355800,154.4826247,158.06011706,154.4826247,157.84329934,16217.84778166
1464701400,158.33113921,158.71057022,155.02466899,155.78353101,16636.07889738
1464787800,155.02466899,157.08443733,152.50416302,156.81341517,27612.47796761
1464874200,155.51250886,157.13864175,154.53682913,157.13864175,26200.23306648
1464960600,157.08443733,157.08443733,153.66955826,154.91626014,15701.10082306
1465219800,155.51250886,155.56671329,152.4770608,152.80228737,18001.83317603
1465306200,152.15183422,152.31444751,151.17615448,151.28456335,20625.417074
1465392600,152.04342536,152.31444751,150.57990576,151.23035891,17275.32495648
1465479000,150.36308804,150.95933677,148.98087508,150.79672347,11482.81477938
1465565400,148.73695515,149.06218173,145.3762805,146.02673366,22749.22678032
1465824600,147.21923111,147.76127541,142.72026345,143.80435204,20637.96216261
1465911000,143.69594319,146.4603691,143.26230775,144.07537419,25255.10822931
1465997400,144.29219191,146.35196024,143.31651218,145.59309822,14167.64822761
1466083800,148.84536401,148.89956844,144.52527096,147.59866212,21171.68188815
1466170200,148.03229756,150.57990576,146.18934695,146.62298239,24452.77601834
1466429400,148.95377287,150.25467918,148.50929654,148.52013743,12447.31070925
1466515800,148.35752414,149.60422602,144.61741849,146.89400454,9596.99278339
1466602200,146.56877796,149.00797729,145.70150708,145.97252923,9916.52356964
1466688600,147.76127541,149.44161274,147.11082226,147.65286656,10631.77810676
1466775000,142.82867231,146.18934695,142.28662801,146.02673366,34696.9477845
1467034200,144.12957862,144.12957862,139.57640652,141.03992613,28083.84122331
1467120600,143.04549003,144.59031627,142.17821915,143.69594319,32129.81678525
1467207000,144.72582735,149.22479501,144.72582735,148.62854629,17249.31234629
1467293400,148.68275072,150.90513234,147.49025327,149.65843046,22306.08997398
1467379800,150.03786146,153.18171838,148.24911528,152.80228737,24032.33106345
1467725400,151.77240321,151.77240321,146.89400454,148.57434186,12250.0945369
1467811800,147.11082226,148.68275072,146.18934695,146.94820897,8496.53023143
1467898200,147.49025327,149.98365703,147.49025327,149.55002159,8625.67084943
1467984600,150.74251905,151.77240321,149.06218173,149.55002159,16236.11195478
1468243800,149.44161274,150.85092791,149.22479501,150.52570133,24248.7338419
1468330200,154.37421584,164.07680876,151.77240321,161.52920056,45256.22265858
1468416600,162.01704043,167.54589226,160.87874741,166.02816823,43820.17898642
1468503000,167.22066568,170.31031818,164.13101319,165.86555494,36870.56887204
1468589400,166.67862139,167.16646125,162.61328915,166.02816823,22477.29353613
1468848600,165.86555494,166.19078152,163.04692459,165.64873722,24388.02122274
1468935000,164.56464863,166.13657709,163.15533345,165.26930621,27216.93870333
1469021400,164.94407963,165.4319195,162.83010687,162.93851574,18090.20225606
1469107800,162.01704043,164.88987521,161.63760942,163.04692459,20036.16688273
1469194200,163.04692459,166.29919038,162.01704043,165.86555494,31038.57856315
1469453400,165.37771507,165.37771507,159.84886324,162.17965372,104636.00124806
1469539800,162.61328915,163.15533345,161.25817841,162.28806258,36545.31900128
1469626200,161.90863157,162.66749359,154.97100661,158.60216135,44989.82401231
1469712600,157.73489048,160.17408982,156.73210853,160.06568096,38502.72179697
1469799000,159.68624995,162.12544929,157.89750377,159.46943224,44913.81553429
1470058200,149.06218173,157.46386834,148.30331971,154.26580698,83141.28332831
1470144600,154.53682913,154.53682913,150.74251905,150.85092791,35616.06001147
1470231000,150.85092791,153.18171838,148.73695515,153.01910509,43753.39483826
1470317400,152.91069624,158.65636579,152.63967409,155.34989557,79001.21960183
1470403800,156.97602846,157.51807276,155.51250886,157.35545947,54641.24034185
1470663000,157.19284618,158.33113921,154.53682913,156.75921075,40772.64488821
1470749400,157.4096639,157.4096639,155.13307786,156.4881886,42116.814235
1470835800,156.75921075,159.63204552,155.51250886,159.36102337,55584.15133985
1470922200,159.36102337,160.77033854,157.57227719,160.71613412,31372.86827718
1471008600,160.55352083,161.58340499,159.52363666,161.52920056,30144.3720268
1471267800,161.962836,162.23385814,159.90306767,161.04136069,60201.48189315
1471354200,160.06568096,161.80022271,159.90306767,161.25817841,27349.58456668
1471440600,161.14976955,161.63760942,159.79465881,160.77033854,17091.76079233
1471527000,160.33670311,163.26374231,160.28249868,163.10112903,29237.62040184
1471613400,162.88431131,164.13101319,161.09556513,162.12544929,18922.05232258
1471872600,157.46386834,160.82454297,157.46386834,160.77033854,29623.01290327
1471959000,160.82454297,163.48056004,160.39090754,161.25817841,21937.85472608
1472045400,162.72169802,163.20953788,161.36658727,163.15533345,32334.96588128
1472131800,162.66749359,163.69737775,162.34226701,163.48056004,16857.09384076
1472218200,163.64317332,164.67305749,160.22829424,160.60772525,11457.90908877
1472477400,161.04136069,162.28806258,159.90306767,161.47499614,16766.51092156
1472563800,161.20397398,162.01704043,161.04136069,161.63760942,12383.84731983
1472650200,160.98715626,164.99828406,160.98715626,164.83567077,32267.07481353
1472736600,164.18521762,165.37771507,162.83010687,165.37771507,26040.46767335
1472823000,165.9739638,166.40759923,164.56464863,165.32351064,13296.1335427
1473168600,165.26930621,165.56743058,163.58896889,165.48612394,24867.50188871
1473255000,164.78146634,168.08793656,164.34783091,167.9795277,28666.44989709
1473341400,168.35895871,169.44250526,166.40759923,167.11225683,20487.23661274
1473427800,165.37771507,166.29919038,163.85999104,164.23942204,27276.8968474
1473687000,163.31794674,168.30475428,162.93851574,168.03373212,26637.8352749
1473773400,167.32907454,168.30475428,164.48334199,167.76270998,26190.08630363
1473859800,167.9795277,169.11782073,165.91975937,168.03373212,26101.7172236
1473946200,168.46736756,171.66542891,167.65430112,171.34020234,16715.40813415
1474032600,171.39440677,173.23735738,169.93088717,172.96633523,44351.68487279
1474291800,173.4541751,173.4541751,171.71963335,172.58690422,31504.22273434
1474378200,173.4541751,174.97189913,171.28599791,172.20747321,27070.6408318
1474464600,172.42429093,173.39997067,169.38884287,170.74395362,24681.72388539
1474551000,172.31588208,173.18315295,170.74395362,171.61122449,18005.15393478
1474637400,170.63554475,172.31588208,169.82247831,169.82247831,21127.58959143
1474896600,168.41316313,170.5271359,165.81135051,166.02816823,26492.64432295
1474983000,166.5160081,169.9850916,165.70294165,169.76827388,41484.39417999
1475069400,170.47293146,170.74395362,168.08793656,169.71406945,17381.77372303
1475155800,170.09350046,170.96077133,166.84123467,166.94964353,16419.67611893
1475242200,167.16646125,169.65986502,166.35339481,168.521572,20558.63292584
1475501400,172.64110865,174.64667255,169.76827388,174.64667255,29042.61806866
1475587800,175.51394343,175.51394343,168.62998085,171.4486112,37412.40600785
1475674200,172.42429093,173.9962194,171.4486112,173.12894852,20521.18214662
1475760600,173.4541751,176.97746303,172.74951751,175.94757887,24279.35861702
1475847000,176.76064531,177.96073138,174.1859349,174.75508141,24932.07219771
1476106200,173.9962194,177.24848518,173.72519725,175.08030799,23411.16469087
1476192600,175.35133014,176.16439659,170.47293146,170.74395362,23312.64884799
1476279000,171.28599791,173.9962194,171.01497576,172.91213081,21847.08732029
1476365400,171.01497576,171.82804221,169.65986502,169.93088717,22326.56798626
1476451800,171.01497576,173.18315295,170.47293146,172.09906436,19390.09481953
1476711000,171.28599791,172.09906436,170.47293146,171.01497576,13051.31982829
1476797400,172.91213081,173.4541751,171.01497576,171.28599791,10644.13870877
1476883800,172.37008651,172.37008651,169.93088717,171.01497576,16577.22767289
1476970200,171.82804221,172.09906436,170.20190932,171.28599791,20896.24339861
1477056600,170.74395362,173.04764187,169.65986502,172.37008651,23635.50039299
1477315800,174.5382637,174.80928584,171.71963335,173.9962194,24995.53558713
1477402200,174.26724154,174.5382637,170.47293146,171.28599791,24794.99865604
1477488600,169.93088717,174.26724154,169.93088717,171.82804221,29991.24815117
1477575000,172.91213081,172.91213081,168.30475428,170.47293146,19914.77470181
1477661400,170.20190932,172.23457543,168.57577642,169.93088717,23936.95149272
1477920600,169.38884287,171.01497576,168.84679857,170.47293146,23831.60964576
1478007000,171.28599791,171.28599791,165.32351064,166.40759923,25292.55900853
1478093400,166.40759923,167.22066568,164.78146634,165.86555494,26847.41204925
1478179800,165.05248849,167.76270998,165.05248849,166.94964353,25289.05376319
1478266200,167.76270998,172.37008651,167.76270998,169.65986502,28346.91911083
1478529000,171.01497576,174.80928584,169.65986502,173.9962194,22955.48279592
1478615400,175.35133014,178.33257378,171.28599791,174.80928584,45367.28359006
1478701800,171.55702006,184.02403889,171.55702006,181.04279526,51165.32836508
1478788200,183.48199459,185.10812749,179.41666237,181.04279526,34998.39888423
1478874600,182.397906,188.08937112,181.47643069,187.00528253,72030.02455558
1479133800,188.90243757,189.44448187,186.19221608,187.00528253,35490.24015222
1479220200,186.19221608,188.2248822,185.65017178,187.27630467,46406.49659177
1479306600,185.92119394,188.08937112,185.10812749,187.00528253,57135.68362182
1479393000,188.08937112,193.23879195,186.19221608,192.4257255,46587.84691676
1479479400,190.79959261,191.34163691,188.36039328,189.98652617,31515.66090336
1479738600,190.79959261,191.61265906,187.27630467,188.36039328,35803.12942097
1479825000,189.71550401,189.98652617,187.81834897,188.08937112,32306.73943191
1479911400,188.63141542,189.98652617,187.54732683,189.17345972,26192.3001428
1480084200,189.98652617,189.98652617,188.63141542,189.44448187,21315.58143392
1480343400,189.71550401,190.12203724,183.48199459,183.75301675,21838.04747703
1480429800,184.83710534,187.6828379,184.02403889,187.27630467,52559.30909309
1480516200,188.63141542,188.63141542,183.48199459,184.02403889,31436.33166659
1480602600,184.29506104,185.65017178,180.22972881,181.58483956,59301.55627229
1480689000,181.8558617,182.12688386,173.18315295,174.80928584,59963.49418283
1480948200,176.16439659,180.77177311,175.35133014,179.41666237,26686.53973655
1481034600,177.79052948,184.83710534,177.51950733,183.21097245,42666.58429449
1481121000,183.48199459,183.48199459,176.70644089,176.97746303,89302.02875331
1481207400,178.06155162,179.68768451,172.91213081,173.9962194,108356.72693924
1481293800,174.26724154,176.97746303,173.18315295,176.70644089,61856.14218293
1481553000,175.62235229,177.24848518,173.4541751,175.35133014,60787.41132568
1481639400,174.80928584,176.16439659,172.91213081,173.4541751,46296.54257987
1481725800,172.64110865,174.26724154,170.74395362,172.09906436,44317.73933892
1481812200,172.09906436,175.08030799,171.28599791,173.4541751,48969.01542609
1481898600,173.18315295,175.35133014,171.82804221,172.91213081,57976.7580182
1482157800,174.5382637,180.50075096,172.91213081,179.95870667,54131.31938735
1482244200,180.50075096,182.66892815,179.14564022,181.31381741,80896.08144108
1482330600,182.66892815,189.71550401,180.77177311,188.08937112,92608.02857412
1482417000,187.54732683,190.39305939,187.27630467,190.25754831,99911.11500863
1482503400,189.71550401,191.34163691,187.54732683,191.34163691,59886.37878523
1482849000,192.15470336,192.4257255,190.79959261,192.15470336,39476.25757009
1482935400,192.15470336,192.4257255,187.00528253,187.27630467,57969.93201411
1483021800,187.54732683,188.08937112,182.397906,185.37914964,63718.16540789
1483108200,185.37914964,185.92119394,182.12688386,182.397906,42850.14845864
1483453800,184.56608319,188.36039328,183.75301675,188.36039328,86822.34440111
1483540200,184.29506104,188.63141542,184.29506104,185.37914964,62097.45065199
1483626600,185.65017178,186.73426038,181.58483956,184.29506104,50230.35029076
1483713000,184.56608319,186.19221608,182.66892815,183.21097245,38218.24346417
1483972200,182.397906,184.56608319,180.22972881,180.50075096,47044.63573129
1484058600,181.04279526,187.00528253,180.50075096,185.10812749,79912.39890512
1484145000,185.37914964,187.00528253,184.29506104,185.92119394,23822.5698025
1484231400,185.37914964,186.46323823,181.8558617,184.29506104,21764.43732477
1484317800,185.37914964,186.46323823,183.75301675,185.65017178,20425.98706249
1484663400,185.10812749,185.92119394,183.48199459,183.75301675,20555.12768049
1484749800,183.48199459,183.75301675,180.50075096,183.21097245,28597.26742316
1484836200,183.21097245,183.75301675,181.8558617,183.75301675,24218.10906677
1484922600,184.02403889,186.46323823,183.75301675,185.92119394,36340.16990525
1485181800,186.19221608,189.17345972,182.66892815,184.83710534,56919.28084338
1485268200,186.19221608,187.54732683,185.10812749,185.92119394,37474.76247768
1485354600,187.54732683,187.54732683,184.56608319,185.10812749,34379.63083741
1485441000,185.65017178,187.54732683,185.10812749,185.65017178,38379.11577688
1485527400,185.65017178,185.92119394,183.75301675,184.29506104,34018.03710701
1485786600,187.81834897,187.81834897,183.119909,185.10812749,44406.10841895
1485873000,184.29506104,184.97261642,182.9399503,182.9399503,51321.77299946
1485959400,181.58483956,183.48199459,177.24848518,178.87461807,100435.9793775
1486045800,179.41666237,181.04279526,177.92604055,179.14564022,49595.71639659
1486132200,179.41666237,180.50075096,178.06155162,178.33257378,27032.08313299
1486391400,177.24848518,178.60359592,176.70644089,176.97746303,27910.42382199
1486477800,177.79052948,178.33257378,175.35133014,176.16439659,31801.24615574
1486564200,168.30475428,171.96355328,166.94964353,168.30475428,1407653.21421437
1486650600,168.03373212,169.38884287,167.76270998,168.03373212,304264.70482491
1486737000,168.84679857,170.74395362,168.03373212,169.93088717,354983.7601115
1486996200,170.20190932,170.74395362,168.57577642,169.93088717,160938.91237038
1487082600,170.47293146,170.74395362,169.11782073,170.20190932,135554.47903647
1487169000,169.65986502,171.01497576,168.84679857,170.74395362,107802.52920142
1487255400,169.93088717,170.47293146,168.57577642,169.38884287,78331.3487676
1487341800,169.38884287,169.79537609,168.03373212,169.11782073,188167.28924273
1487687400,169.38884287,169.38884287,165.05248849,167.22066568,135982.85691504
1487773800,166.94964353,170.20190932,166.13657709,169.93088717,174589.99812599
1487860200,169.38884287,170.47293146,168.30475428,169.93088717,144703.90733519
1487946600,168.57577642,170.47293146,167.76270998,170.20190932,128797.6574161
1488205800,169.38884287,170.74395362,168.1692432,170.47293146,200954.60875052
1488292200,168.84679857,170.74395362,167.76270998,169.93088717,449194.2392684
1488378600,170.74395362,171.01497576,158.81897907,164.78146634,438880.88502831
1488465000,163.9683999,165.86555494,161.25817841,161.25817841,205363.28496245
1488551400,160.98715626,161.52920056,157.73489048,159.36102337,299053.696402
1488810600,159.36102337,160.71613412,158.27693478,158.81897907,127544.07098852
1488897000,158.81897907,160.71613412,158.54795693,159.63204552,139530.1652049
1488983400,159.90306767,162.07124486,159.09000123,160.17408982,119917.94852241
1489069800,159.63204552,162.07124486,159.36102337,160.17408982,126704.28799832
1489156200,160.98715626,163.69737775,160.71613412,163.4263556,168099.3906653
1489411800,162.61328915,166.13657709,162.34226701,164.78146634,216363.4828037
1489498200,164.5104442,167.08515461,163.9683999,165.59453279,178580.44322219
1489584600,162.61328915,164.64595527,160.17029551,163.15533345,134602.52819521
1489671000,163.15533345,164.78146634,162.61328915,163.69737775,115037.72456818
1489757400,164.23942204,166.40759923,164.23942204,165.86555494,199416.72847673
1490016600,165.59453279,168.84679857,165.59453279,165.86555494,107304.96884893
1490103000,166.67862139,168.03373212,163.4263556,163.4263556,93852.39067185
1490189400,162.88431131,165.32351064,162.34226701,164.23942204,95545.60866043
1490275800,164.78146634,166.40759923,163.69737775,163.69737775,96777.42566955
1490362200,164.78146634,167.89822106,164.23942204,167.22066568,195151.95181057
1490621400,164.5104442,167.76270998,163.9683999,166.94964353,162952.76806479
1490707800,166.40759923,166.67862139,163.9683999,165.59453279,148746.56213838
1490794200,165.59453279,168.03373212,164.78146634,167.76270998,156795.52788514
1490880600,167.49168783,169.38884287,166.40759923,168.84679857,186876.43652252
1490967000,169.11782073,171.28599791,168.03373212,170.47293146,198801.28118866
1491226200,172.64110865,173.9962194,170.74395362,172.64110865,274691.50330286
1491312600,172.91213081,173.72519725,171.01497576,171.01497576,211592.10594179
1491399000,172.09906436,172.37008651,167.35617676,168.03373212,138931.87517037
1491485400,167.76270998,168.03373212,164.5104442,166.94964353,105632.22887263
1491571800,166.40759923,167.49168783,163.9683999,164.5104442,124557.78644056
1491831000,165.59453279,166.40759923,163.15533345,166.13657709,88678.64854157
1491917400,165.86555494,167.22066568,164.5104442,166.40759923,80754.39573448
1492003800,165.59453279,167.09274323,163.15533345,164.23942204,127170.11665611
1492090200,164.5104442,165.86555494,162.34226701,163.69737775,124374.2222764
1492435800,165.05248849,166.40759923,164.23942204,166.40759923,66030.15144329
1492522200,165.86555494,166.40759923,163.69737775,165.32351064,71440.7743643
1492608600,165.59453279,166.40759923,163.83288882,164.78146634,82031.7809331
1492695000,165.86555494,170.47293146,165.32351064,167.76270998,222511.68314009
1492781400,168.03373212,169.11782073,165.86555494,167.49168783,111803.30554707
1493040600,169.11782073,169.11782073,165.05248849,166.40759923,161898.79613531
1493127000,167.22066568,169.65986502,167.22066568,168.03373212,94853.04597475
1493213400,168.03373212,170.20190932,167.22066568,169.11782073,123771.32007694
1493299800,169.11782073,169.38884287,165.59453279,166.40759923,87707.5110942
1493386200,166.40759923,166.40759923,162.61328915,164.23942204,155055.81927408
1493645400,165.05248849,165.59453279,160.98715626,161.52920056,144309.47499049
1493731800,161.25817841,162.88431131,160.3096009,162.88431131,119560.96695694
1493818200,161.80022271,163.5022418,161.25817841,163.15533345,94288.70147409
1493904600,163.4263556,163.4263556,158.81897907,159.36102337,140525.28590989
1493991000,159.63204552,160.58062304,157.19284618,157.73489048,148242.17578179
1494250200,158.81897907,159.18756919,154.4826247,156.10875759,214219.19508511
1494336600,158.81897907,163.15533345,155.83773544,156.65080189,346824.84035284
1494423000,156.10875759,156.65080189,148.52013743,151.50138107,318618.50002903
1494509400,151.50138107,152.04342536,148.52013743,149.06218173,163181.71593185
1494595800,149.06218173,149.06218173,144.72582735,145.80991594,227257.04739181
1494855000,146.35196024,146.35196024,140.38947297,143.3707166,290239.84922349
1494941400,144.18378305,145.53889379,138.22129579,139.57640652,263601.82946199
1495027800,138.22129579,138.76334008,133.07187496,133.34289711,223369.73030341
1495114200,133.07187496,134.15596355,131.71676422,132.80085281,188644.37158295
1495200600,132.52983066,138.49231793,132.52983066,137.13720719,239126.36159221
1495459800,137.13720719,138.76334008,134.96903,135.5110743,212185.96829799
1495546200,135.78209644,137.13720719,133.34289711,133.61391926,150365.98548811
1495632600,133.88494141,133.88494141,127.10938769,127.38040984,371670.94179629
1495719000,127.65143199,129.27756488,125.34774372,126.83836554,310553.66843492
1495805400,127.10938769,136.59516289,126.56734339,133.88494141,380950.61763259
1496151000,132.80085281,133.34289711,126.29632124,126.56734339,271239.39009712
1496237400,126.56734339,127.65143199,121.14690042,121.95996686,409039.25550742
1496323800,121.41792257,129.00654273,121.14690042,127.10938769,307246.56169453
1496410200,128.73552058,134.69800785,128.46449843,134.42698571,473497.58114305
1496669400,133.61391926,138.62782901,132.52983066,135.5110743,440227.45270085
1496755800,134.42698571,135.78209644,130.09063132,132.25880852,385803.53757044
1496842200,132.52983066,134.42698571,128.73552058,128.73552058,302621.48270415
1496928600,128.46449843,129.27756488,125.75427694,128.19347629,181208.63928509
1497015000,127.92245413,129.00654273,126.0252991,126.29632124,220612.3936225
1497274200,126.83836554,128.73552058,125.75427694,127.38040984,189727.86136797
1497360600,127.92245413,132.25880852,127.92245413,131.44574207,182320.35551948
1497447000,133.07187496,133.34289711,130.63267562,131.17471991,125747.72499213
1497533400,130.09063132,131.52000214,128.87103166,130.36165347,95339.35264482
1497619800,129.81960918,133.88494141,128.73552058,133.61391926,210410.10031389
1497879000,133.88494141,135.78209644,133.45401619,134.15596355,192692.56098406
1497965400,133.07187496,133.34289711,126.0252991,127.92245413,292280.82444768
1498051800,127.65143199,127.92245413,122.50201116,124.9412105,223311.9859985
1498138200,123.85712191,125.07672158,120.06281183,124.9412105,364556.95412385
1498224600,125.21223265,128.73552058,121.95996686,127.92245413,269327.55549093
1498483800,127.38040984,128.87103166,126.0252991,127.65143199,180780.26140653
1498570200,127.92245413,129.81960918,125.75427694,126.56734339,131438.21408101
1498656600,127.38040984,131.17471991,127.38040984,129.54858702,158613.27432679
1498743000,129.54858702,130.09063132,126.29632124,128.19347629,117345.28292525
1498829400,128.46449843,128.46449843,122.77303331,123.31507761,246294.7728108
1499088600,124.12814405,126.56734339,123.58609976,125.75427694,94865.59106336
1499261400,126.0252991,127.92245413,120.60485613,121.68894472,215154.17315943
1499347800,120.87587827,120.87587827,116.26850175,117.35259034,233001.96002685
1499434200,117.08156819,120.60485613,115.18441316,118.97872324,166308.57926683
1499693400,118.43667894,119.24974538,116.26850175,116.53952389,147741.29467055
1499779800,116.53952389,121.41792257,116.53952389,120.87587827,121567.99664726
1499866200,121.41792257,121.41792257,115.18441316,115.9974796,180253.18319849
1499952600,115.4554353,120.87587827,115.4554353,120.06281183,110641.59344486
1500039000,119.79178968,119.92730075,118.03014571,118.70770108,99333.11849978
1500298200,115.18441316,115.18441316,106.51170439,106.78272655,707713.2784925
1500384600,106.78272655,111.11908092,106.78272655,108.95090374,446715.66183578
1500471000,107.86681514,110.84805877,107.32477084,107.59579299,378413.18897548
1500557400,108.13783729,113.96481349,107.86681514,111.66112522,286934.95632227
1500643800,111.39010307,113.01623597,109.35743696,110.30601447,144598.56548822
1500903000,110.57703663,112.74521381,109.76397018,111.11908092,178592.8038242
1500989400,111.11908092,113.82930241,111.11908092,113.01623597,154271.56674963
1501075800,113.01623597,114.913391,112.20316952,114.10032456,184189.20474854
1501162200,114.64236886,114.64236886,111.11908092,112.20316952,213964.23460786
1501248600,111.39010307,112.47419166,110.84805877,111.11908092,152732.39506966
1501507800,111.66112522,112.20316952,109.76397018,110.57703663,175246.03246543
1501594200,110.84805877,113.28725811,110.03499233,112.74521381,244135.72616443
1501680600,85.64299895,86.9981097,82.11971103,82.39073317,1915626.72819855
1501767000,82.39073317,82.66175532,80.22255598,81.84868887,644356.52232841
1501853400,84.82993251,90.25037548,84.01686606,88.08219829,748165.28567488
1502112600,87.81117614,89.16628689,86.9981097,87.26913184,349202.50361682
1502199000,87.26913184,89.16628689,87.26913184,87.540154,266877.20450767
1502285400,86.72708755,87.26913184,83.74584392,84.01686606,279277.10216145
1502371800,83.74584392,84.01686606,78.05437879,78.32540095,383649.103089
1502458200,78.05437879,78.86744524,73.98904656,76.15722376,411708.22310829
1502717400,77.5123345,78.32540095,73.17598012,73.71802442,359294.84291354
1502803800,74.26006871,75.07313516,69.92371434,71.82086937,417735.21575036
1502890200,72.36291367,74.53109086,71.27882508,72.09189153,291308.58008074
1502976600,72.09189153,75.34415731,71.27882508,71.27882508,370984.09819512
1503063000,71.00780293,71.54984723,65.31633781,70.46575864,806975.18516578
1503322200,70.46575864,71.27882508,67.34900393,70.73678078,459234.55334472
1503408600,71.27882508,72.90495797,67.89104823,69.65269219,338921.06555804
1503495000,69.11064789,69.38167004,67.21349285,68.02655929,302665.57500087
1503581400,68.02655929,72.49842475,67.75553715,69.38167004,243080.64731537
1503667800,70.19473648,71.82086937,69.11064789,69.92371434,223978.35158738
1503927000,70.73678078,71.82086937,69.11064789,70.73678078,387963.69113639
1504013400,69.65269219,70.19473648,67.484515,69.65269219,342921.65741708
1504099800,69.38167004,73.17598012,68.56860359,72.90495797,371975.71365477
1504186200,72.90495797,74.26006871,71.82086937,72.63393582,267517.55748635
1504272600,71.54984723,77.78335665,71.54984723,76.69926806,366307.91641734
1504618200,76.9702902,79.00295631,76.15722376,78.59642309,626463.53624469
1504704600,78.59642309,79.13846739,76.69926806,78.05437879,338165.03948294
1504791000,78.05437879,79.13846739,74.39557979,74.80211301,875804.73623412
1504877400,73.17598012,75.07313516,70.73678078,72.36291367,244257.11834535
1505136600,73.44700226,78.05437879,73.17598012,76.4282459,264064.33736103
1505223000,75.88620161,78.73193417,75.88620161,76.9702902,273918.68894743
1505309400,77.24131235,83.20379962,76.69926806,82.39073317,413017.15551502
1505395800,82.39073317,88.62424259,82.39073317,86.9981097,816088.26960486
1505482200,87.26913184,92.82508589,87.26913184,91.87650837,756295.97898417
1505741400,93.23161911,95.67081845,87.81117614,90.25037548,474743.05016036
1505827800,90.52139763,90.52139763,84.01686606,84.82993251,442186.88484911
1505914200,85.37197681,88.08219829,82.39073317,83.20379962,331506.73370545
1506000600,83.74584392,85.91402111,81.84868887,85.64299895,294275.49353599
1506087000,85.64299895,86.72708755,83.47482176,86.18504325,187474.72655706
1506346200,85.37197681,87.540154,81.57766673,82.11971103,526876.37970065
1506432600,82.39073317,85.37197681,81.84868887,83.47482176,206451.3869124
1506519000,84.01686606,85.23646573,81.44215565,84.01686606,244952.81730318
1506605400,83.20379962,83.20379962,79.95153384,81.30664458,351335.53765299
1506691800,80.49357814,81.30664458,77.24131235,79.68051169,383620.69215304
1506951000,81.30664458,82.11971103,78.32540095,79.68051169,223415.1140063
1507037400,79.95153384,86.4560654,79.95153384,86.18504325,373177.09037536
1507123800,86.18504325,86.9981097,84.01686606,85.64299895,158202.97613475
1507210200,87.26913184,89.43730903,84.96544359,86.9981097,213142.53130418
1507296600,86.4560654,87.33905556,81.84868887,82.39073317,323724.16660497
1507555800,82.39073317,82.39073317,74.93762409,75.88620161,716992.9543288
1507642200,76.69926806,77.5123345,73.98904656,75.07313516,391005.50615008
1507728600,75.07313516,76.69926806,73.44700226,74.53109086,302900.24195244
1507815000,75.34415731,75.61517946,72.36291367,75.07313516,258199.32395125
1507901400,74.53109086,76.15722376,74.53109086,74.53109086,127638.15915306
1508160600,74.26006871,76.4282459,73.98904656,74.53109086,145540.36956663
1508247000,75.07313516,75.88620161,73.71802442,74.53109086,149910.48807976
1508333400,74.26006871,76.15722376,73.44700226,73.71802442,284323.7330263
1508419800,73.44700226,77.5123345,73.17598012,77.24131235,256829.14199427
1508506200,77.78335665,78.86744524,75.61517946,75.88620161,234478.59075038
1508765400,75.88620161,77.78335665,75.61517946,76.69926806,130897.66835138
1508851800,76.69926806,78.02727658,75.88620161,77.5123345,142625.29684517
1508938200,79.40948954,79.95153384,75.88620161,76.15722376,191285.11273445
1509024600,76.4282459,81.03562243,76.4282459,79.68051169,287919.93026441
1509111000,79.40948954,81.03562243,77.5123345,79.95153384,180743.91754689
1509370200,79.68051169,80.49357814,74.53109086,75.34415731,443681.77974576
1509456600,74.80211301,77.5123345,74.80211301,75.34415731,261279.69666375
1509543000,76.4282459,76.4282459,71.00780293,72.90495797,423748.74087084
1509629400,72.09189153,72.36291367,68.83962574,69.65269219,414060.98068166
1509715800,70.19473648,70.73678078,63.96122707,64.50327137,660671.96351996
1509978600,65.31633781,66.9424707,62.06407203,66.12940426,752145.58400824
1510065000,64.23224921,69.92371434,60.97998343,66.67144856,951578.36281893
1510151400,65.31633781,66.4004264,63.14816062,63.96122707,511925.40138158
1510237800,63.69020492,65.04531566,61.52202773,61.79304988,512891.00423102
1510324200,62.06407203,62.87713848,59.0828284,59.62487269,462338.72482825
1510583400,60.43793914,63.41918277,58.5407841,63.14816062,461379.9479829
1510669800,63.96122707,66.4004264,62.33509418,66.12940426,367533.09190896
1510756200,66.4004264,68.83962574,64.50327137,68.02655929,410026.25880214
1510842600,68.29758145,70.19473648,66.67144856,67.484515,303168.85443788
1510929000,67.75553715,71.27882508,67.21349285,70.19473648,325957.93032318
1511188200,69.38167004,69.92371434,66.67144856,69.11064789,231606.68789265
1511274600,69.65269219,70.19473648,67.75553715,68.83962574,184173.33890118
1511361000,68.29758145,72.2274026,67.75553715,71.54984723,283464.76343
1511533800,71.00780293,76.15722376,70.98070072,75.07313516,197123.92904744
1511793000,75.88620161,81.30664458,75.47966839,80.76460028,453332.08915572
1511879400,81.03562243,88.89526474,78.05437879,87.540154,853985.87536319
1511965800,88.35322044,88.89526474,81.30664458,83.47482176,480645.51434936
1512052200,84.82993251,84.82993251,76.15722376,77.24131235,598139.30898531
1512138600,76.15722376,77.5123345,73.92400125,75.88620161,256633.03274151
1512397800,76.69926806,79.40948954,76.15722376,77.5123345,251425.34507735
1512484200,79.40948954,80.76460028,77.5123345,78.32540095,359010.36458074
1512570600,80.76460028,81.30664458,76.69926806,77.24131235,433826.32123978
1512657000,76.69926806,78.59642309,76.15722376,77.78335665,218871.57809186
1512743400,78.05437879,79.68051169,76.9702902,79.40948954,215330.91131949
1513002600,79.13846739,83.74584392,79.13846739,82.66175532,354954.24225595
1513089000,84.82993251,86.72708755,82.11971103,82.66175532,374992.62297785
1513175400,83.20379962,83.20379962,79.27397846,82.11971103,305519.39817208
1513261800,82.39073317,85.64299895,82.39073317,85.64299895,270194.4580109
1513348200,85.37197681,86.18504325,80.76460028,81.84868887,500095.75179956
1513607400,81.84868887,83.47482176,77.78335665,82.66175532,415796.07712779
1513693800,82.66175532,83.20379962,81.30664458,82.66175532,169726.7469387
1513780200,82.93277747,82.93277747,80.22255598,80.49357814,256238.60039682
1513866600,81.84868887,84.55891036,81.57766673,83.47482176,324954.87669451
1513953000,83.47482176,84.01686606,79.68051169,80.76460028,299771.16477829
1514298600,80.22255598,81.03562243,76.56375698,78.05437879,396796.9094076
1514385000,77.78335665,78.05437879,75.88620161,76.4282459,228987.71615961
1514471400,76.15722376,80.76460028,75.88620161,80.49357814,284028.00101108
1514557800,80.49357814,83.61033284,79.95153384,81.84868887,300722.00869997
1514903400,82.39073317,84.82993251,80.76460028,83.47482176,255829.59361095
1514989800,83.74584392,84.01686606,80.76460028,81.30664458,184923.64589176
1515076200,81.30664458,81.84868887,77.78335665,78.32540095,242640.83126778
1515162600,78.59642309,78.937911,76.15722376,76.4282459,227683.21143121
1515421800,77.5123345,77.78335665,73.98904656,74.80211301,266034.10075873
1515508200,74.53109086,75.88620161,73.44700226,75.34415731,227204.83768482
1515594600,73.71802442,77.24131235,73.44700226,75.61517946,303981.51789829
1515681000,75.34415731,76.69926806,74.53109086,76.4282459,243547.58289274
1515767400,76.69926806,79.68051169,75.61517946,78.32540095,527837.37038517
1516113000,78.59642309,79.13846739,73.74512663,73.98904656,256455.18766186
1516199400,74.26006871,75.61517946,74.01614878,74.53109086,116031.73835359
1516285800,74.53109086,74.80211301,72.36291367,72.63393582,223063.66703875
1516372200,72.36291367,72.90495797,71.00780293,71.54984723,148987.87060745
1516631400,71.82086937,72.63393582,70.73678078,71.82086937,224563.17410033
1516717800,72.36291367,74.26006871,71.27882508,72.63393582,196611.79425377
1516804200,72.63393582,73.98904656,71.00780293,71.54984723,195471.48259682
1516890600,71.82086937,72.06478931,70.46575864,71.27882508,133262.97101336
1516977000,71.27882508,71.54984723,67.21349285,69.65269219,405164.29902102
1517236200,69.38167004,70.19473648,68.56860359,69.65269219,231813.12839486
1517322600,69.11064789,69.65269219,67.75553715,68.29758145,282729.21536719
1517409000,68.29758145,69.65269219,68.02655929,69.38167004,134934.60407007
1517495400,69.38167004,73.71802442,68.56860359,73.17598012,247802.02830946
1517581800,73.17598012,77.10580128,72.36291367,75.61517946,303875.99156473
1517841000,74.80211301,75.34415731,71.54984723,72.36291367,184006.74750396
1517927400,70.46575864,74.80211301,69.38167004,74.53109086,218417.0031165
1518013800,74.53109086,78.05437879,74.26006871,76.9702902,309583.45342054
1518100200,77.5123345,77.5123345,73.85353549,74.53109086,177270.21940928
1518186600,74.26006871,74.80211301,69.92371434,72.90495797,238172.19691178
1518445800,73.98904656,77.64784557,72.63393582,75.34415731,195761.68001413
1518532200,75.34415731,76.4282459,73.44700226,75.07313516,210684.24739725
1518618600,74.26006871,78.56932088,74.26006871,77.24131235,224515.57655826
1518705000,78.05437879,80.6290892,77.10580128,79.40948954,243234.69362399
1518791400,79.40948954,80.76460028,77.5123345,78.05437879,162696.70066796
1519137000,79.40948954,81.30664458,77.53943671,78.59642309,227010.01983823
1519223400,78.59642309,80.49357814,77.78335665,78.05437879,131933.56059434
1519309800,78.59642309,80.76460028,77.24131235,77.5123345,165788.51154948
1519396200,78.86744524,80.76460028,77.5123345,80.49357814,207048.57002735
1519655400,80.49357814,86.18504325,80.46647591,83.74584392,416393.44472934
1519741800,83.74584392,86.04953218,82.41783539,85.37197681,245632.83490025
1519828200,85.64299895,86.04953218,80.49357814,81.30664458,424333.56338378
1519914600,86.4560654,86.72708755,78.59642309,79.95153384,423798.55225206
1520001000,79.68051169,85.91402111,78.59642309,85.37197681,370784.66818361
1520260200,85.64299895,86.72708755,84.28788821,85.37197681,244839.54253254
1520346600,85.64299895,87.13362078,82.93277747,86.4560654,193993.74495371
1520433000,86.18504325,86.59157648,82.66175532,85.10095466,157112.84483223
1520519400,84.55891036,86.72708755,84.01686606,84.28788821,144642.65778493
1520605800,83.47482176,85.91402111,82.93277747,85.10095466,156070.12658517
1520861400,85.10095466,85.77851003,83.74584392,84.82993251,127986.10087527
1520947800,85.10095466,85.91402111,79.40948954,79.95153384,250056.27003995
1521034200,80.76460028,81.98419995,79.68051169,81.57766673,120279.35776621
1521120600,81.57766673,82.11971103,79.40948954,79.95153384,119509.86416953
1521207000,80.22255598,80.22255598,75.88620161,76.9702902,267838.37967879
1521466200,76.9702902,76.9702902,74.53109086,76.69926806,225305.36368063
1521552600,76.9702902,78.59642309,75.61517946,76.15722376,129835.76349823
1521639000,75.61517946,79.13846739,75.61517946,76.69926806,114407.70283894
1521725400,75.61517946,77.5123345,73.58251334,74.80211301,160306.49231537
1521811800,75.07313516,77.5123345,74.26006871,75.34415731,166967.19641863
1522071000,76.4282459,76.69926806,74.53109086,75.61517946,107284.67532324
1522157400,76.15722376,76.4282459,73.44700226,73.71802442,157759.83932841
1522243800,73.98904656,76.4282459,72.90495797,73.17598012,146175.00346081
1522330200,73.71802442,77.24131235,73.71802442,76.15722376,162235.4841751
1522675800,75.61517946,79.13846739,75.61517946,76.69926806,211261.13698651
1522762200,76.9702902,83.06828854,76.9702902,82.66175532,273404.155828
1522848600,81.30664458,85.64299895,80.22255598,83.47482176,328978.16040501
1522935000,84.55891036,88.89526474,83.20379962,88.62424259,327949.09416614
1523021400,87.81117614,91.06344192,87.26913184,89.16628689,261689.9948558
1523280600,89.97935333,91.33446408,89.16628689,89.16628689,161450.12473106
1523367000,89.97935333,92.14753052,89.43730903,91.06344192,179271.71450169
1523453400,90.52139763,92.14753052,90.25037548,90.52139763,110304.90540507
1523539800,90.79241978,91.60548622,88.89526474,89.43730903,101599.90531887
1523626200,89.70833119,92.14753052,88.35322044,91.87650837,123634.06204866
1523885400,92.96059697,95.12877416,91.33446408,92.96059697,207365.88697443
1523971800,94.31570771,95.94184061,92.96059697,94.31570771,175348.05355365
1524058200,95.12877416,96.75490705,93.23161911,95.12877416,166612.42869232
1524144600,95.67081845,97.29695134,92.96059697,93.50264126,179921.10732363
1524231000,94.04468556,94.85775201,90.79241978,92.14753052,241229.87777283
1524490200,92.14753052,95.12877416,91.60548622,92.96059697,136105.35601554
1524576600,93.77366341,93.77366341,91.06344192,93.23161911,116791.08518743
1524663000,93.23161911,93.77366341,91.60548622,93.50264126,137147.889776
1524749400,93.50264126,94.85775201,92.68957481,93.23161911,99029.45356088
1524835800,93.23161911,95.39979631,92.14753052,93.23161911,131808.84765467
1525095000,93.50264126,94.99326308,92.96059697,94.58672986,121920.5505344
1525181400,94.31570771,95.37269409,88.35322044,88.89526474,229342.29939932
1525267800,89.16628689,91.33446408,88.62424259,89.43730903,104107.81612044
1525354200,89.43730903,90.79241978,88.08219829,89.70833119,167150.76058279
1525440600,89.70833119,91.06344192,87.540154,88.35322044,180269.04904584
1525699800,89.16628689,94.31570771,88.62424259,93.23161911,290463.07800603
1525786200,95.39979631,95.39979631,89.43730903,91.06344192,535451.13224927
1525872600,90.79241978,91.33446408,86.18504325,86.9981097,256674.91119906
1525959000,87.540154,91.33446408,87.540154,89.16628689,196085.82296531
1526045400,89.43730903,89.97935333,87.26913184,88.35322044,122917.88507855
1526304600,88.62424259,90.25037548,88.62424259,88.89526474,110141.8192532
1526391000,88.89526474,90.52139763,88.35322044,89.70833119,104274.59200425
1526477400,89.43730903,90.79241978,88.92236696,89.97935333,89912.86387645
1526563800,90.52139763,92.14753052,88.62424259,89.97935333,96698.09643278
1526650200,89.97935333,90.52139763,86.4560654,87.26913184,166483.10358772
1526909400,87.26913184,88.08219829,85.91402111,86.9981097,158856.98112162
1526995800,87.26913184,87.81117614,84.28788821,84.55891036,188023.38969696
1527082200,84.55891036,85.23646573,81.84868887,82.39073317,181247.1969839
1527168600,82.39073317,84.01686606,81.57766673,82.66175532,242888.04330796
1527255000,82.66175532,84.15237714,80.76460028,81.57766673,162710.35267615
1527600600,81.30664458,81.30664458,77.78335665,78.32540095,266812.63419867
1527687000,78.59642309,81.03562243,78.05437879,80.49357814,149458.31143016
1527773400,80.49357814,81.03562243,79.40948954,80.22255598,114223.95418818
1527859800,80.49357814,81.03562243,79.13846739,80.22255598,105143.7083634
1528119000,79.95153384,80.76460028,78.05437879,78.86744524,159727.38888694
1528205400,78.86744524,81.1711335,78.32540095,79.95153384,151599.09390341
1528291800,79.68051169,79.95153384,78.32540095,79.68051169,158661.97878844
1528378200,79.68051169,80.6290892,78.59642309,79.40948954,141377.6139887
1528464600,78.59642309,79.00295631,77.21421013,78.32540095,154576.33860811
1528723800,78.32540095,81.98419995,78.32540095,81.03562243,180564.78106106
1528810200,81.03562243,85.10095466,80.22255598,84.82993251,180746.13138605
1528896600,86.4560654,86.4560654,83.33931069,83.74584392,118343.72438899
1528983000,83.74584392,85.64299895,83.20379962,85.37197681,146969.4027481
1529069400,85.37197681,85.64299895,83.61033284,84.55891036,164438.62311818
1529328600,84.28788821,87.26913184,84.01686606,86.72708755,159411.17885944
1529415000,86.18504325,88.08219829,84.96544359,88.08219829,111457.57766402
1529501400,89.16628689,90.6569087,86.72708755,89.97935333,182143.61735941
1529587800,91.60548622,95.12877416,90.52139763,93.23161911,272376.19650872
1529674200,93.50264126,94.31570771,89.16628689,89.97935333,259987.73702396
1529933400,89.97935333,90.52139763,87.81117614,89.43730903,163971.68754082
1530019800,89.43730903,89.65412675,85.37197681,85.91402111,248738.29778996
1530106200,85.91402111,88.35322044,84.01686606,84.55891036,150743.44506586
1530192600,84.82993251,87.81117614,84.82993251,87.540154,123404.00726203
1530279000,87.81117614,87.81117614,85.64299895,86.18504325,113224.40580486
1530538200,85.91402111,86.18504325,84.28788821,85.37197681,131331.76531446
1530624600,86.4560654,86.4560654,84.42339928,85.91402111,82650.54897991
1530797400,86.72708755,91.33446408,86.72708755,91.06344192,183993.09549577
1530883800,90.79241978,94.58672986,90.41298877,93.77366341,196038.22542325
1531143000,94.04468556,95.39979631,91.87650837,92.96059697,169322.16783116
1531229400,93.77366341,94.31570771,92.14753052,94.04468556,101651.93053927
1531315800,94.04468556,96.75490705,92.71667704,94.31570771,194989.97257828
1531402200,94.31570771,95.39979631,91.60548622,92.14753052,215191.62393865
1531488600,92.41855267,92.96059697,89.57282011,92.41855267,163513.79180671
1531747800,92.96059697,93.23161911,89.43730903,90.52139763,143916.14956539
1531834200,90.79241978,92.68957481,89.70833119,91.33446408,118185.06591544
1531920600,90.25037548,91.03633971,87.26913184,88.62424259,163542.20274267
1532007000,88.08219829,90.79241978,85.37197681,89.16628689,182866.62033362
1532093400,88.89526474,89.16628689,86.18504325,86.4560654,148040.53193112
1532352600,85.91402111,86.72708755,82.66175532,84.28788821,281009.98476842
1532439000,84.01686606,85.10095466,82.93277747,84.01686606,182195.64257981
1532525400,84.28788821,84.96544359,82.39073317,82.66175532,160182.88629529
1532611800,82.93277747,86.32055433,82.66175532,85.10095466,144974.73365979
1532698200,85.37197681,86.4560654,83.29540511,85.10095466,123747.52130591
1532957400,84.28788821,84.55891036,82.66175532,83.20379962,131275.12792914
1533043800,83.74584392,91.06344192,83.74584392,88.35322044,416751.53321439
1533130200,90.52139763,91.03633971,84.01686606,86.9981097,488080.13972763
1533216600,85.91402111,91.33446408,84.82993251,89.70833119,363928.03931419
1533303000,89.97935333,94.85775201,89.97935333,92.96059697,346110.8772219
1533562200,92.96059697,95.94184061,91.87650837,93.77366341,236495.95169014
1533648600,94.31570771,97.29695134,92.96059697,93.23161911,245536.53289654
1533735000,92.96059697,95.53530738,92.14753052,94.85775201,289466.85038146
1533821400,95.12877416,99.46512853,90.52139763,91.60548622,509765.24781563
1533907800,91.33446408,94.85775201,89.70833119,94.58672986,209954.41841895
1534167000,94.04468556,96.07735167,93.50264126,94.58672986,147538.35941369
1534253400,95.12877416,96.4838849,93.63815234,94.85775201,206373.16459521
1534339800,94.58672986,96.89041812,93.77366341,95.94184061,260453.56568174
1534426200,93.77366341,100.00717283,93.23161911,98.11001779,435661.22493496
1534512600,97.83899564,101.90432787,97.43246242,99.46512853,221800.11833491
1534771800,100.00717283,101.36228358,98.11001779,100.54921713,195292.5305976
1534858200,100.82023928,104.75006044,100.82023928,102.17535002,171357.60845744
1534944600,102.17535002,105.9696601,101.36228358,102.98841647,183749.57318754
1535031000,102.98841647,104.34352721,100.33239941,104.07250506,123460.64464735
1535117400,103.80148291,105.15659366,102.98841647,103.80148291,147446.48508832
1535376600,103.80148291,104.22427746,101.36228358,101.36228358,168460.7999091
1535463000,101.36228358,104.07250506,100.27819498,103.80148291,135920.5004452
1535549400,103.53046076,104.34352721,102.71739431,102.71739431,102542.81631687
1535635800,102.17535002,102.98841647,101.09126142,101.90432787,90071.52235
1535722200,101.63330572,103.53046076,100.27819498,103.25943861,142408.89406673
1536067800,103.25943861,104.8855715,102.44637217,104.34352721,193737.49307028
1536154200,104.07250506,110.84805877,101.19967029,104.61454936,458790.3096188
1536240600,105.4276158,108.40885944,104.34352721,107.05374869,244912.04576521
1536327000,105.69863795,109.49294803,105.4276158,107.86681514,276297.45913099
1536586200,108.13783729,109.22192588,105.69863795,107.86681514,170269.69099409
1536672600,108.40885944,108.95090374,105.4276158,107.32477084,164521.4576003
1536759000,106.78272655,109.22192588,106.24068225,108.67988158,122542.63933996
1536845400,108.67988158,109.22192588,107.32477084,108.95090374,83533.31734724
1536931800,113.82930241,115.4554353,106.78272655,107.32477084,587556.23534019
1537191000,107.05374869,108.67988158,103.80148291,108.13783729,260983.96464853
1537277400,107.86681514,111.93214736,106.78272655,108.40885944,196476.75006466
1537363800,109.49294803,112.20316952,108.13783729,111.93214736,298924.555784
1537450200,113.55828026,113.55828026,111.36300086,112.47419166,158550.91785696
1537536600,112.74521381,116.26850175,112.20316952,115.72645745,364721.3316819
1537795800,107.86681514,112.20316952,106.78272655,110.57703663,246498.81498724
1537882200,110.57703663,110.57703663,105.4276158,107.86681514,259525.22912492
1537968600,107.59579299,110.30601447,107.05374869,109.22192588,175560.02865376
1538055000,108.95090374,111.66112522,108.67988158,110.84805877,178351.49535514
1538141400,110.57703663,111.66112522,109.49294803,111.11908092,207057.60987061
1538400600,111.33589864,111.66058317,107.05374869,107.64999742,219834.78261555
1538487000,107.32477084,109.22192588,105.86125124,107.10795312,248210.11266234
1538573400,107.32477084,109.87237904,106.29488668,108.8966993,210220.81706522
1538659800,108.19204172,109.76397018,106.97244205,108.24624615,156274.16876162
1538746200,108.40885944,109.00510817,105.59022909,106.78272655,177554.69774208
1539005400,105.86125124,107.64999742,103.90989177,106.24068225,177648.78590662
1539091800,106.40329554,107.59579299,105.91545567,106.29488668,113134.92980525
1539178200,106.51170439,108.02942843,101.38938579,101.63330572,199320.42647302
1539264600,100.54921713,102.12114559,99.73615069,99.79035511,174057.20083344
1539351000,101.03705699,102.77159875,100.27440067,102.22955445,232486.31998783
1539610200,102.12114559,104.72295821,100.98285257,104.45193607,178758.28830184
1539696600,105.21079809,109.27613031,104.99398037,109.22192588,277818.36663784
1539783000,108.40885944,110.03499233,106.94533984,107.37897528,189949.98323093
1539869400,106.51170439,108.13783729,105.39509314,106.45749997,182376.9929048
1539955800,107.16215756,110.36021891,106.51170439,107.37897528,173168.71338159
1540215000,107.975224,109.81817461,107.16215756,107.32477084,218291.18325725
1540301400,105.91545567,107.10795312,104.56034493,106.78272655,133795.58381931
1540387800,105.48182023,105.91545567,96.64649819,96.64649819,413960.06651302
1540474200,97.51376906,101.9585323,97.13433806,101.416488,254238.39671059
1540560600,100.11558169,100.27819498,94.42411657,96.64649819,292608.47264421
1540819800,97.94740451,102.82580318,97.89374211,101.47069243,175050.10769926
1540906200,101.25387471,104.28932278,101.19967029,104.28932278,195903.36572074
1540992600,106.24068225,106.40329554,103.4220519,104.39773164,142199.31729237
1541079000,104.39773164,104.66875378,101.90432787,104.28932278,146441.21762048
1541165400,104.8855715,107.75840628,101.03705699,102.98841647,162004.32246888
1541428200,103.4220519,104.26222056,102.8800076,103.9640962,172109.0223676
1541514600,103.36784748,104.12670949,99.70904846,99.84455954,209268.86622397
1541601000,100.27819498,100.27819498,96.92456691,99.62774182,398484.40831167
1541687400,99.89876397,102.54394014,97.62217792,98.27263108,183163.64375502
1541773800,94.31570771,96.70070261,81.14457334,84.88413694,771161.90898197
1542033000,85.15515909,85.96822553,82.28232431,82.33652874,273067.46778821
1542119400,81.84868887,84.77572808,81.84868887,84.23368378,234029.91934613
1542205800,84.4505015,86.18504325,84.28788821,84.9925458,194161.44327051
1542292200,84.01686606,84.08191138,79.89732941,79.89732941,245481.0024308
1542378600,79.40948954,79.95153384,75.83199717,76.15722376,283922.65916411
1542637800,76.15722376,77.5123345,71.52274502,73.12177569,337037.4574012
1542724200,71.65825609,74.31427315,70.68257636,72.03768709,348760.65821666
1542810600,72.74234468,77.24185439,72.52552697,75.56097503,184969.02959466
1542983400,75.07313516,76.22497929,72.74234468,75.23574845,97379.22094943
1543242600,75.88620161,77.18710792,74.80211301,76.75347248,198839.83888746
1543329000,76.59085919,76.69926806,72.85075354,72.90495797,199056.24166591
1543415400,72.90495797,75.39836174,72.63393582,75.01893073,159390.70084715
1543501800,74.53109086,77.24131235,74.47797052,75.66938389,120312.3808671
1543588200,75.99461046,76.59085919,72.98626461,73.98904656,163781.29737256
1543847400,75.07313516,78.54221866,73.71802442,77.07869906,226191.63729331
1543933800,76.69926806,78.9758541,76.4282459,77.29551678,160210.19031166
1544106600,76.4282459,79.46369396,75.5067706,79.30108068,193595.99185027
1544193000,78.32540095,79.65340947,76.59085919,77.34972121,111101.70301813
1544452200,77.18710792,78.32540095,74.15165986,77.5123345,135608.90258263
1544538600,78.54221866,82.55334646,78.54221866,81.95709774,229548.55541492
1544625000,82.71595975,83.69163949,81.57766673,82.77016418,204893.02862633
1544711400,83.09539076,83.47482176,79.19267182,80.54778256,123153.6589497
1544797800,79.73471612,81.19823572,78.32540095,78.65062752,88142.71497687
1545057000,78.4338098,80.16835155,75.88620161,76.26563261,115890.05264698
1545143400,76.91608577,78.32540095,74.31427315,75.66938389,136405.70019569
1545229800,75.66938389,76.26563261,71.98348267,72.47132254,153566.64346194
1545316200,72.52552697,74.26006871,68.62280802,70.35734977,169519.38400351
1545402600,70.84518964,71.54984723,66.69855077,66.88826628,187372.70546884
1545661800,66.56303969,67.97235487,65.37054224,66.45463084,97621.82082468
1545834600,66.9424707,69.16485232,64.70491184,68.73121688,178400.19981678
1545921000,67.37610614,67.7696303,63.20236505,66.12940426,201469.14186995
1546007400,66.4004264,68.56806155,65.15372452,67.32190171,189046.73685132
1546266600,67.75553715,68.9480346,64.547719,66.56303969,141302.71243026
1546439400,65.09952009,70.89939407,64.50327137,69.86950991,155950.02581043
1546525800,69.38167004,73.39279784,68.46019474,70.79098521,157803.00919214
1546612200,71.65825609,74.20586428,70.57416749,73.39279784,116167.70497568
1546871400,73.44700226,77.29551678,72.47132254,76.53665476,126844.86678534
1546957800,77.02449463,79.68051169,76.37404147,78.9758541,127238.19221045
1547044200,79.89732941,79.95153384,75.28995288,75.61517946,163618.02673409
1547130600,74.80211301,75.45310821,72.90495797,74.422682,110700.44466935
1547217000,74.58529529,76.29273483,73.77222885,76.04881489,65576.86787411
1547476200,75.77779275,77.29551678,74.80644936,76.59085919,160274.76062066
1547562600,76.86188134,78.32540095,75.69648611,77.56653893,73284.71790275
1547649000,77.45813006,79.11136518,76.10301933,76.4282459,108807.79666926
1547735400,76.37404147,78.37960537,76.37404147,76.48245034,93878.40328205
1547821800,76.75347248,78.92164967,76.75347248,78.37960537,108093.83353831
1548167400,75.94040604,76.04881489,72.63393582,73.23018455,180805.16709714
1548253800,73.66381999,78.05437879,73.55107477,74.74790858,167802.3672439
1548340200,74.85631744,77.34972121,74.48230688,77.24131235,67266.58061734
1548426600,78.00017436,78.59642309,75.45256616,75.94040604,87564.71846802
1548685800,75.72358832,76.80767691,75.23574845,75.94040604,78083.21429444
1548772200,76.21142818,77.62074335,75.88620161,76.91608577,70344.73949068
1548858600,77.78335665,77.78335665,75.56097503,76.53665476,61875.32878903
1548945000,76.86188134,79.62630725,76.79629399,79.40948954,102680.99677813
1549031400,78.70483195,78.70483195,75.66938389,76.91608577,143810.80771842
1549290600,76.80767691,78.37960537,75.99461046,77.78335665,97327.19572904
1549377000,77.78335665,79.08426296,75.28995288,76.26563261,134245.54662974
1549463400,75.83199717,76.40114369,74.53109086,74.74790858,115563.69585664
1549549800,74.09745543,74.53109086,71.65825609,72.20030038,169466.06737693
1549636200,71.98348267,74.47688644,71.98348267,74.36847757,71891.84409432
1549895400,74.47688644,74.74790858,70.33024756,71.38723394,192250.7155839
1549981800,71.54984723,72.4171181,69.4900789,71.87507381,260935.26018688
1550068200,72.09189153,73.23018455,71.26093762,73.23018455,171730.45587027
1550154600,72.85075354,75.88620161,72.4171181,73.98904656,133001.18453201
1550241000,74.422682,76.63964318,73.98904656,74.74790858,115291.57812585
1550586600,74.36847757,75.12733959,71.44143837,71.54984723,232243.72011259
1550673000,72.20030038,75.23574845,71.82466369,74.09745543,200785.80351413
1550759400,73.98904656,75.28995288,73.55541113,74.26006871,83073.20777397
1550845800,75.01893073,77.62074335,74.58475324,75.18154402,113563.30768381
1551105000,75.99461046,76.75347248,73.93484214,73.93484214,154009.78026828
1551191400,73.93484214,74.74790858,70.89939407,73.5012067,220206.52310879
1551277800,73.44700226,76.15722376,72.9591624,75.18154402,157571.84748592
1551364200,75.45256616,77.94596994,75.23574845,76.04881489,246332.22359002
1551450600,84.88413694,89.43730903,82.39073317,86.72708755,1138523.98181538
1551709800,87.32333628,87.540154,81.63187115,84.01686606,392214.81579435
1551796200,84.82993251,86.13083883,82.66175532,84.66731922,239418.77284868
1551882600,84.72152365,85.36276205,81.68607559,82.01130216,178106.68164073
1551969000,82.01130216,82.33652874,79.57210283,80.22255598,130215.43691515
1552055400,78.59642309,79.89732941,77.83756107,79.78892055,98427.658281
1552311000,80.05994269,81.5234623,78.86744524,79.40948954,153890.78641312
1552397400,79.78892055,79.89732941,77.89176551,78.16278765,115210.03504991
1552483800,77.78335665,79.95153384,77.34972121,78.21699208,145723.93373079
1552570200,78.54221866,79.19267182,76.69926806,78.48801424,123925.36638555
1552656600,78.4338098,79.87022719,78.16278765,78.59642309,199608.22556457
1552915800,78.4338098,81.46925786,77.94596994,81.30664458,367104.7140304
1553002200,81.90289331,82.55334646,79.24687625,79.95153384,128836.03062831
1553088600,79.73471612,82.11971103,79.62630725,81.08982686,147659.56710802
1553175000,81.03562243,84.50470594,81.03562243,83.58323063,177022.08493612
1553261400,83.20379962,83.96266164,81.5234623,81.63187115,128731.79570092
1553520600,81.5234623,84.53180815,81.36084901,82.93277747,153193.79604912
1553607000,83.85425277,84.34209264,79.68051169,80.981418,194384.67205305
1553693400,80.92721357,81.68607559,79.03005853,80.4393737,144431.974091
1553779800,80.22255598,81.03562243,79.19267182,80.05994269,141740.31463868
1553866200,80.27676041,81.03562243,79.73471612,80.49357814,85128.01949295
1554125400,81.03562243,82.06550659,80.4393737,81.25244014,123152.36754352
1554211800,81.30664458,81.30664458,79.24687625,80.11414713,134823.54313859
1554298200,80.49357814,80.87300914,78.75036367,79.19267182,132288.32832065
1554384600,79.68051169,81.46925786,79.30108068,81.36084901,189572.52365317
1554471000,81.36084901,81.95709774,80.27676041,81.19823572,111858.83601281
1554730200,83.20379962,91.06344192,83.04118633,88.40742487,410201.89004262
1554816600,87.26913184,88.84106031,86.23924768,87.540154,131222.91822215
1554903000,87.59435843,88.02799386,86.56447426,87.540154,105151.64128707
1554989400,87.48594956,88.4616293,86.78129198,87.37754071,104835.43125957
1555075800,86.72708755,89.21073452,86.23924768,89.05787802,166431.07836733
1555335000,89.11208246,89.81674004,86.9981097,89.43730903,202906.29246169
1555421400,89.43730903,90.52139763,88.13640273,89.92514891,190296.81803356
1555507800,89.87094447,92.49985931,88.62424259,89.92514891,232536.13136906
1555594200,89.87094447,89.87094447,86.40186097,86.9981097,134073.23614801
1555939800,86.4560654,86.4560654,82.33652874,82.71595975,263404.79777624
1556026200,82.82436861,83.04118633,80.60307108,82.66175532,207917.87087309
1556112600,82.77016418,84.34209264,81.74028002,83.69163949,144880.64549525
1556199000,83.69163949,84.23368378,81.63187115,82.93277747,144927.13611773
1556285400,83.42061734,84.82993251,83.04118633,83.47482176,133954.24229285
1556544600,85.96822553,86.51026984,82.82436861,84.01686606,292743.33234672
1556631000,83.5290262,83.63743505,80.65619142,82.17391545,188567.25618534
1556717400,82.11971103,82.93277747,79.68051169,79.73471612,213488.25918723
1556803800,79.62630725,80.22255598,77.67494779,79.68051169,118196.31959787
1556890200,80.60198699,81.08982686,78.48801424,79.08426296,200979.51444113
1557149400,78.00017436,81.30664458,77.5123345,80.60198699,175877.34560085
1557235800,80.65619142,82.49914204,80.33096485,81.14403129,175220.01985523
1557322200,80.81880471,81.11692908,78.9758541,79.40948954,198255.01637452
1557408600,74.74790858,75.34415731,70.57416749,73.88063771,668450.10294211
1557495000,73.60961556,75.5067706,72.01058488,74.91052187,255590.31449445
1557754200,73.33859341,74.53109086,70.763883,72.03768709,264697.86433562
1557840600,72.57973139,73.98904656,72.43066921,73.17598012,177869.80085
1557927000,72.36291367,74.36847757,72.17102999,73.60961556,184780.85326557
1558013400,73.55541113,74.09745543,72.25450481,72.63393582,203231.54233246
1558099800,72.20030038,73.44700226,71.06200736,71.17041622,225805.32235889
1558359000,71.4956428,71.65825609,69.92371434,70.46575864,230306.79532918
1558445400,70.9535985,72.25450481,70.62837192,71.60405166,198615.50318534
1558531800,71.54984723,72.25450481,70.62837192,70.68257636,111429.16672806
1558618200,70.35734977,70.46575864,68.70411467,70.19473648,239663.58656309
1558704600,70.46575864,70.79098521,68.56860359,68.78542131,126711.11400241
1559050200,68.78542131,69.43587447,67.484515,67.75553715,158158.88383803
1559136600,67.53871943,67.86394601,65.09952009,65.37054224,213814.61597757
1559223000,65.37054224,67.15928842,64.55747579,65.09952009,183848.08903042
1559309400,64.3948625,65.80417768,63.4733872,64.9369068,163152.3825629
1559568600,64.72008909,65.20792895,63.74440935,64.50327137,184999.65436979
1559655000,65.09952009,65.4789511,63.66310271,63.85281821,228085.57669958
1559741400,64.23224921,64.34770466,60.32953028,60.60055242,391304.74341065
1559827800,60.60055242,60.70896129,57.9987398,60.11271256,456306.01310167
1559914200,59.62487269,60.78105318,58.10769071,58.26976195,276247.64774976
1560173400,58.59498852,59.67907712,58.48657967,59.29964611,256817.70382525
1560259800,59.62487269,60.60055242,59.43515719,59.84169041,171627.32786246
1560346200,59.89589484,60.43793914,57.72771765,57.94453537,188710.04881153
1560432600,58.26976195,59.4622594,57.61930879,59.35385054,360904.30398701
1560519000,59.24544169,59.71431,58.70339739,59.40805497,171154.85768718
1560778200,59.51646383,61.25100559,58.97441953,60.60055242,140383.60020329
1560864600,61.0883923,61.90145874,60.65475686,61.84725431,211605.75794998
1560951000,62.33509418,63.31077391,61.4678233,62.49770747,173251.36337711
1561037400,62.76872961,62.82293404,58.97441953,59.24544169,309757.97774144
1561123800,58.97441953,58.97441953,55.88476704,57.45669551,344526.50632563
1561383000,57.67351322,57.78517435,54.04181643,54.25863415,329684.37509887
1561469400,54.25863415,54.36704301,51.0605728,51.38579937,415134.32370383
1561555800,51.65682152,52.57829682,50.46432407,51.22318609,331538.46540016
1561642200,51.22318609,51.71102595,50.68114179,51.44000381,230008.8494748
1561728600,51.27739052,51.60207505,50.32827095,50.57273292,288299.41919474
1561987800,53.39136327,53.66238542,49.59705319,50.24750635,331649.52633164
1562074200,50.03068863,50.41011964,49.00080446,49.92227977,233653.56668796
1562160600,50.03068863,50.46432407,48.78398674,49.32603104,221896.42033862
1562333400,48.94660003,51.54841266,48.91949782,50.95216393,355412.13799006
1562592600,50.62693736,50.78955064,47.69989815,48.02512473,506678.04909903
1562679000,47.86251144,49.73256427,47.32046714,48.29614688,406679.48744336
1562765400,48.89239561,50.5185285,48.5129646,49.9764842,244077.98185953
1562851800,49.9764842,51.76523038,49.48864433,51.22318609,283950.88561348
1562938200,51.76523038,52.09045696,50.46432407,51.27739052,208713.37707997
1563197400,50.89795951,51.65682152,49.10921333,51.44000381,256865.30136731
1563283800,50.89795951,53.22874999,50.5185285,53.01193226,248149.97003167
1563370200,53.01193226,53.87920314,52.25307025,53.17454555,198708.2999437
1563456600,52.14466139,53.66238542,51.44000381,52.14466139,234242.81687923
1563543000,53.93340757,59.84169041,53.82499871,57.13146892,1251521.83807895
1563802200,57.67351322,59.0828284,54.58386072,56.42681134,625563.61062383
1563888600,55.61374489,57.0772645,55.18010945,55.83056261,338543.60598028
1563975000,55.9931759,59.02862396,55.9931759,58.43237524,301611.60307139
1564061400,58.59498852,59.73328155,57.83612651,59.29964611,250629.83887047
1564147800,59.62487269,61.25100559,59.35385054,60.97998343,265187.49176444
1564407000,61.25100559,62.06407203,59.24544169,62.06407203,311292.53725648
1564493400,61.4678233,63.63600049,60.32953028,63.63600049,314853.49755453
1564579800,63.69020492,64.90980459,62.57901411,64.12384036,319450.35009555
1564666200,63.41918277,64.06963593,59.84169041,61.03418786,521547.48434217
1564752600,60.70896129,63.09395619,60.05850813,62.98554733,325273.30056118
1565011800,61.95566317,62.22614328,59.02862396,60.16691699,324272.64525827
1565098200,60.49214357,61.84725431,59.62487269,61.35941444,202924.37214821
1565184600,60.16691699,62.06407203,59.19123725,61.52202773,367168.17741981
1565271000,65.85838211,67.70133272,62.06407203,65.09952009,953024.36876733
1565357400,64.88270238,66.99667513,63.96122707,66.02099539,403118.7116319
1565616600,65.69576882,67.21349285,62.87713848,63.74440935,297313.98779094
1565703000,63.52759163,66.45463084,62.60611632,63.25656949,345251.723139
1565789400,62.22668531,62.33509418,58.21555751,58.26976195,431756.75059303
1565875800,57.9987398,58.86601068,56.69783349,58.75760181,237768.72472383
1565962200,59.35385054,61.25100559,59.0828284,60.43793914,213327.20238792
1566221400,61.79304988,63.08419939,60.925779,61.73884545,177058.24430916
1566307800,61.68464102,62.52480968,61.03418786,61.4678233,142068.88526819
1566394200,61.79304988,62.71452519,60.87157458,61.84725431,187993.87184142
1566480600,62.00986759,62.87713848,60.87157458,62.3892986,243410.50935106
1566567000,61.90145874,62.17248089,58.9202151,59.67907712,351259.52917497
1566826200,60.27532585,61.68464102,59.77122465,61.30521001,161029.49528958
1566912600,61.63043659,61.63043659,58.21555751,58.86601068,297896.59646472
1566999000,58.59498852,61.30521001,57.51089993,60.97998343,173306.89384285
1567085400,61.57623216,62.33509418,60.925779,61.25100559,162940.40746278
1567171800,61.41361887,61.7383034,59.62487269,60.22112141,207754.60023461
1567517400,60.65475686,62.17302293,59.4622594,61.79304988,281418.99155428
1567603800,62.49770747,63.96122707,61.95566317,63.4733872,224815.92073841
1567690200,64.55747579,65.37054224,63.96122707,65.15372452,270939.04591697
1567776600,64.06963593,64.88270238,62.33509418,62.44350304,191841.52431144
1568035800,62.71452519,63.74440935,61.57623216,63.31077391,214857.14973803
1568122200,63.14816062,63.90160219,62.17248089,63.14816062,219456.21611821
1568208600,63.20236505,64.34065808,62.17248089,63.63600049,162781.74898924
1568295000,63.63600049,64.34065808,62.44350304,63.41918277,192386.68220599
1568381400,63.96122707,64.9369068,63.25656949,64.82849794,187504.2444126
1568640600,64.23224921,65.74997325,64.06963593,64.55747579,178181.39871257
1568727000,64.44906694,64.50327137,61.35941444,62.28088975,238400.03785925
1568813400,62.22668531,62.56275278,60.05850813,60.546348,219879.05939886
1568899800,60.546348,60.87157458,58.21555751,58.3781708,314198.38564808
1568986200,58.32396638,60.43793914,57.56510436,58.81180624,262135.3455013
1569245400,58.5407841,59.19123725,56.58942462,58.10714866,255814.83468318
1569331800,58.5407841,59.13703282,57.56510436,58.05294423,177298.63034524
1569418200,58.05294423,60.35663249,57.34828664,58.59498852,213438.2633194
1569504600,58.59498852,59.35385054,56.88754899,58.64919296,219688.66923061
1569591000,58.9202151,59.89589484,57.86322873,58.43237524,108348.79401556
1569850200,58.64919296,59.4622594,57.72771765,57.9987398,147068.10307758
1569936600,58.26976195,59.35385054,57.45669551,57.56510436,146023.17099136
1570023000,57.13146892,57.18567335,53.66238542,55.39692717,249366.10568004
1570109400,54.96329173,55.18010945,53.17454555,53.82499871,315330.57989475
1570195800,53.93340757,54.42124744,52.30727468,53.22874999,285853.86486301
1570455000,52.68670569,53.96050978,52.36147911,53.01193226,169236.01259029
1570541400,52.57829682,53.74369206,51.11477722,53.28295442,271077.41086483
1570627800,53.49977213,53.49977213,49.0550089,50.89795951,523631.6294301
1570714200,50.73534622,51.0605728,49.43443991,49.65125763,239541.27194918
1570800600,50.30171078,51.49420823,49.80953456,49.9764842,246553.2385334
1571059800,49.75966648,50.13909749,47.59148929,48.5129646,303476.02462212
1571146200,49.0550089,51.42645269,48.62137346,49.70546205,464782.24980741
1571232600,49.9764842,51.76523038,49.9764842,50.62693736,263437.63639053
1571319000,50.78955064,50.95216393,49.59705319,50.62693736,190375.04035075
1571405400,50.5185285,51.22318609,49.86807534,50.73534622,199922.2217529
1571664600,51.11477722,51.71102595,49.75966648,49.9764842,204574.42027306
1571751000,49.92227977,53.71658985,49.81387091,52.90352341,250735.18071744
1571837400,53.22874999,54.96329173,52.71218177,53.49977213,320807.98696393
1571923800,53.66238542,53.82499871,50.57273292,52.03625253,288712.11571255
1572010200,51.92784367,53.17454555,50.84375508,52.68670569,178078.27070477
1572269400,53.01193226,54.5296563,52.84931898,53.71658985,135503.56073566
1572355800,53.66238542,53.987612,52.79511454,53.17454555,139142.55886431
1572442200,53.01193226,53.0661367,49.92227977,50.95216393,320417.05986458
1572528600,51.44000381,51.71102595,49.86807534,50.78955064,215313.93855255
1572615000,51.22318609,53.31005663,50.57273292,52.14466139,246805.98517148
1572877800,52.79511454,53.12034112,51.41777999,52.84931898,232647.19230054
1572964200,53.0661367,54.66516737,52.90352341,53.01193226,260090.86503176
1573050600,53.0661367,53.44556771,51.81943481,52.5240924,201955.44854002
1573137000,53.87920314,56.10158476,49.43443991,50.08489306,635408.92236697
1573223400,50.78955064,52.74091012,50.11199527,52.14466139,270808.79837939
1573482600,51.76523038,52.41568354,50.24696431,51.71102595,186192.91368011
1573569000,51.71102595,52.14466139,50.30171078,50.30171078,270670.43343153
1573655400,50.13909749,50.30171078,46.26673303,47.69989815,770745.89170541
1573741800,47.53728486,48.83819118,46.99524056,48.13353359,368259.60012851
1573828200,48.67557789,48.72978232,47.18495607,47.48308043,366272.86396388
1574087400,47.48308043,47.64569373,44.55604123,45.91115197,845289.73063366
1574173800,46.88683171,49.0550089,45.53172096,45.91115197,672753.43730707
1574260200,46.01956084,46.01956084,43.9597925,44.06820136,471762.30021032
1574346600,44.06820136,45.15228995,42.65888619,43.0383172,500427.82767442
1574433000,43.14672605,43.68877035,40.490709,43.14672605,647567.32706509
1574692200,43.79717921,45.80274311,43.63456593,45.42331211,403633.24475133
1574778600,45.53172096,45.53172096,42.82149948,42.82149948,541641.39552981
1574865000,43.36354377,46.88683171,43.36354377,45.69433425,651301.70476446
1575037800,44.77285894,45.53172096,43.79717921,44.33922351,272928.18040737
1575297000,44.66445009,47.21205829,44.55604123,46.99524056,472698.56969082
1575383400,46.45319627,46.52203589,44.5018368,44.82706338,416541.77195344
1575469800,44.98967666,45.09808553,42.71309062,42.98411276,486867.50932461
1575556200,43.09252163,43.47195264,42.11684189,42.65888619,311620.185453
1575642600,42.71309062,44.17661022,42.71309062,43.63456593,179754.51592641
1575901800,43.52615706,44.82706338,42.4962729,44.61024566,215966.83661984
1575988200,44.39342794,45.58592539,43.85138364,43.90558807,276832.47026271
1576074600,43.68877035,44.33922351,43.41774821,44.23081465,192442.21267173
1576161000,44.71865452,45.74853868,44.33922351,44.98967666,272894.0503869
1576247400,44.98967666,45.58592539,44.39342794,44.55604123,156686.68079283
1576506600,45.80274311,47.59148929,45.26069882,45.26069882,542850.70517408
1576593000,45.26069882,45.53172096,43.79717921,44.01399694,406495.9232792
1576679400,42.17104632,44.06820136,41.52059316,43.14672605,498103.29655042
1576765800,43.14672605,43.35703924,41.62900203,42.27945518,622452.61313621
1576852200,42.38786404,43.14672605,41.84581975,41.90002417,479025.90651304
1577111400,41.90002417,42.00843304,39.62343813,39.67764255,743262.5543558
1577197800,40.490709,41.57479759,40.27389128,40.70752672,410064.81650094
1577370600,40.92434444,40.97854886,39.67764255,39.78605141,374668.66451327
1577457000,39.56923369,40.11073594,39.0271894,39.56923369,443310.03925252
1577716200,39.62343813,40.21968685,39.18980269,39.24400712,382142.95450992
1577802600,39.24400712,39.54213148,38.75616725,39.24400712,371672.04871587
1577975400,39.56923369,40.97854886,39.18980269,40.43650457,513361.44505374
1578061800,40.38230014,41.19536659,39.59633591,39.67764255,251373.31985696
1578321000,39.29821155,39.56923369,38.53934953,38.59355396,329084.79365815
1578407400,38.53934953,39.0271894,37.9431008,38.64775839,366705.85400737
1578493800,38.53934953,38.75616725,35.82912805,35.88333247,744634.95015195
1578580200,36.10015019,36.20855906,34.41981287,35.0160616,770170.10903572
1578666600,34.90765274,36.15435462,34.74449741,35.07026603,589801.25274083
1578925800,35.23287932,35.96463911,34.79924388,35.55810589,321923.20844366
1579012200,35.50390146,37.72628308,34.96185716,37.13003435,307505.02741713
1579098600,37.13003435,39.7589492,36.85901221,38.53934953,528170.55317961
1579185000,38.97298496,40.32809571,38.97298496,39.73184698,379707.36245444
1579271400,39.89446027,40.00991571,38.64775839,39.46082484,228577.41796756
1579617000,39.35241597,39.67764255,38.75616725,38.91878054,207552.95638394
1579703400,39.08139383,39.1361403,37.56366979,37.78048751,307928.79313077
1579789800,37.56366979,37.9431008,36.21506359,36.85901221,230000.91655112
1579876200,36.64219449,36.85901221,35.77492361,36.53378563,258713.85707068
1580135400,35.28708375,35.42259482,33.87776857,34.4740173,358569.62610017
1580221800,34.41981287,36.85901221,34.09458629,36.80480778,237402.7033151
1580308200,37.18423879,37.34685207,36.26276348,36.69639892,162995.93792853
1580394600,35.88333247,37.29264765,35.0160616,37.07582993,185932.23411834
1580481000,36.91321664,37.23844322,35.23287932,35.34128817,213434.94256065
1580740200,35.23287932,35.72071918,34.74503945,34.96185716,160202.25738799
1580826600,35.0160616,36.26276348,34.60952838,36.04594576,227177.71815504
1580913000,36.42537677,38.45804289,36.26276348,37.9431008,245615.86213331
1580999400,38.10571409,38.64775839,36.4795812,36.58799006,307519.7863449
1581085800,36.31696791,36.58799006,35.44969704,35.50390146,233817.94424601
1581345000,35.50390146,37.0216255,35.07026603,36.80480778,154169.54566141
1581431400,36.85901221,37.83469195,36.01884355,37.61787423,177757.63299893
1581517800,37.56366979,38.37565215,36.96742106,37.18423879,217839.00660765
1581604200,36.58799006,38.37673624,36.42537677,37.9431008,176055.37516709
1581690600,37.99730524,38.97298496,37.29264765,38.4851451,193363.53873787
1582036200,38.43094067,39.29821155,38.10571409,38.15991852,242924.202681
1582122600,38.4851451,40.32809571,38.26832738,39.62343813,261627.63838596
1582209000,39.67764255,42.17104632,39.08139383,42.06263746,413560.09957041
1582295400,41.73741088,42.00843304,39.73184698,40.43650457,343988.17443517
1582554600,38.70196282,38.70196282,37.07582993,38.21412296,363905.34746274
1582641000,37.9431008,39.44022716,35.12447046,35.50390146,473842.01761992
1582727400,35.61231033,35.88333247,31.81800025,32.14322682,813874.98389893
1582813800,30.95072937,33.60674643,27.75266801,33.0104977,713316.50542093
1582900200,35.28708375,36.04594576,32.41424897,33.931973,856388.44431779
1583159400,34.20299516,34.25719958,30.51709393,33.11890656,519679.7420327
1583245800,33.06470213,33.22731542,30.57129836,31.49277367,435536.5119953
1583332200,31.76379581,31.98061354,29.4508928,31.54697809,508152.65047
1583418600,30.35448064,30.40868508,25.74710411,26.66857942,663350.15545069
1583505000,25.04244653,25.63869526,23.68733579,24.55460666,521324.25555963
1583760600,21.41074974,22.06066085,19.94723014,20.86870544,385786.5648035
1583847000,22.6032472,23.25370035,20.38086558,22.76586049,417854.20960552
1583933400,21.57336303,22.06120289,19.29677698,19.73041241,462430.59915363
1584019800,14.52678716,17.07439536,14.36417388,15.77348905,913242.23241918
1584106200,17.02019093,17.74110985,15.17724032,17.45382637,697938.25614287
1584365400,14.30996944,15.71928461,14.09315172,14.09315172,963092.90929302
1584451800,14.20156059,14.90621817,10.5698638,13.44269857,871042.58370206
1584538200,12.35860998,16.26132891,11.43713467,13.38849414,878728.84879884
1584624600,14.30996944,18.80893711,12.90065427,18.26689281,976320.04484839
1584711000,18.4295061,19.5135947,16.36973778,17.29121308,652117.68898363
1584970200,17.5080308,18.4295061,14.68940045,17.07439536,734545.009181
1585056600,18.97155041,19.29677698,17.7123815,19.29677698,585738.30441194
1585143000,21.24813645,21.57336303,17.61643966,18.75473269,919464.22739443
1585229400,18.75473269,21.41074974,18.64632382,20.055639,578489.457037
1585315800,19.35098141,20.32666114,17.8874618,19.5135947,388888.52244786
1585575000,18.70052825,18.97155041,16.47814663,16.47814663,478229.10889998
1585661400,17.07439536,17.83325738,16.69496435,17.12859979,412585.4568777
1585747800,16.26132891,16.47814663,13.55110743,14.20156059,668508.9541666
1585834200,14.85201374,15.06883146,11.81656568,12.14179226,998246.64589204
1585920600,12.5754277,12.68383655,10.84088594,12.30440554,849248.44403516
1586179800,13.55110743,16.09871562,13.00906313,15.61087576,783361.08521806
1586266200,17.18280422,20.21825229,16.53235106,17.02019093,1017398.93748786
1586352600,16.53235106,17.99587067,15.17724032,17.8874618,906396.85723218
1586439000,17.8874618,17.8874618,13.98474287,14.09315172,1584533.61344389
1586784600,12.68383655,12.79224542,10.5698638,11.27452138,2242196.78505104
1586871000,11.97917897,12.81934763,11.59974796,11.81656568,1331430.91622532
1586957400,11.65395239,13.33428971,10.94929481,13.06326756,1289505.41459155
1587043800,12.73804099,13.496903,11.65395239,13.22588085,712959.52385546
1587130200,20.86870544,20.86870544,16.53235106,17.34541751,3037319.62878336
1587389400,17.45382637,18.64632382,16.5865555,17.23700865,1222552.64567595
1587475800,17.34541751,18.32109724,17.07439536,17.61643966,656018.65808022
1587562200,18.37530168,18.37530168,17.12859979,17.23700865,518176.91421237
1587648600,17.34541751,17.58933745,16.69496435,16.85757764,489468.40137113
1587735000,17.02019093,17.34541751,16.36973778,16.53235106,413944.20066566
1587994200,17.29121308,18.4295061,16.5865555,18.21268839,642283.63092291
1588080600,20.70609215,25.74710411,18.97155041,22.4406339,2448122.38516158
1588167000,24.60881109,29.97504964,24.22938009,28.13209902,3078401.84218158
1588253400,27.15641929,27.59005473,24.39199338,26.66857942,1273372.43064458
1588339800,25.04244653,25.47608197,23.30790478,24.77142439,764633.85074206
1588599000,22.27802061,25.9097174,21.68177189,23.30790478,634827.42061277
1588685400,25.31346868,25.42187754,20.65188772,21.08552316,850511.070306
1588771800,22.11540732,22.22381619,20.76029659,21.24813645,351973.49230591
1588858200,21.73597631,22.65745162,21.41074974,21.62756746,465835.11481731
1588944600,22.4406339,22.87426934,21.90672027,22.22381619,408889.63687714
1589203800,34.69083502,34.74503945,26.50596613,28.83675661,12076042.87066554
1589290200,31.27595595,31.65538696,26.61437499,27.75266801,2230614.16302261
1589376600,27.21062372,27.26482815,24.4461978,24.93403767,1182447.2888096
1589463000,23.03688263,25.20505982,22.11540732,24.66301552,670993.25068373
1589549400,24.22938009,25.04244653,24.06676679,24.50040223,394756.85661639
1589808600,26.01812627,26.72278385,25.09665096,25.58449083,688368.38288927
1589895000,26.12653512,26.993806,24.39199338,24.71721995,558709.3575511
1589981400,25.42187754,25.74710411,24.87983324,25.25926425,395473.2180731
1590067800,25.36767311,25.93681962,24.66301552,25.09665096,516235.56175063
1590154200,25.25926425,25.36767311,24.71721995,24.82562881,273000.68364005
1590499800,26.01812627,27.83397466,25.47608197,27.69846358,1004599.07289147
1590586200,29.70402748,30.62550279,27.69846358,30.35448064,891068.41933535
1590672600,30.62550279,30.76101386,27.21062372,27.48164587,748497.36154974
1590759000,27.10221486,29.16198319,26.18128159,27.80687245,584678.61339795
1591018200,27.26482815,29.10777876,27.21062372,28.78255218,443485.670493
1591104600,28.9993699,30.62550279,28.89096104,30.30027621,779486.12873166
1591191000,28.56573446,32.4684534,27.59005473,29.54141419,1740084.7792313
1591277400,28.02369017,29.27039205,27.10221486,29.16198319,971555.49399057
1591363800,31.33016037,33.33572427,30.57129836,32.03481797,1047305.32180435
1591623000,33.98617744,37.07582993,33.44413314,34.96185716,973209.04736076
1591709400,33.06470213,33.54657951,30.13766292,32.4684534,838020.58973303
1591795800,39.56923369,39.84025585,34.04038187,34.09458629,1736563.48355163
1591882200,29.97504964,30.62550279,27.10221486,28.02369017,1040331.91291893
1591968600,30.84232051,32.14322682,28.29471231,31.9264091,833326.32826872
1592227800,29.37880091,32.14322682,28.72834775,31.43856924,628029.82745444
1592314200,32.63106669,32.84788441,29.81243635,30.13766292,670018.60799102
1592400600,29.32459647,30.52793482,28.78255218,29.37880091,343491.72100226
1592487000,28.9993699,31.0049338,28.94516547,30.51709393,636901.41893786
1592573400,33.60674643,33.87776857,29.59561863,29.9208452,1488904.06338176
1592832600,29.70402748,29.70402748,28.24104993,28.89096104,500121.76440976
1592919000,29.10777876,29.27039205,27.31903258,27.64425916,645920.59969899
1593005400,27.04801043,27.75266801,24.4461978,25.96392184,918467.99976986
1593091800,24.77142439,24.87983324,22.6032472,23.14529149,935159.79361958
1593178200,23.09108706,25.40778439,22.49483833,22.65745162,634779.82307071
1593437400,21.19393202,24.06676679,20.32666114,23.95835794,1056442.20501446
1593523800,23.52472249,23.63313136,22.82006491,23.25370035,414053.04775798
1593610200,23.09108706,24.93403767,23.09108706,24.77142439,556978.8732699
1593696600,25.42187754,25.42187754,24.22938009,24.55460666,442948.44552212
1594042200,25.04244653,25.15085539,22.38642948,23.19949592,622169.24172299
1594128600,22.65745162,23.25370035,22.11540732,22.38642948,302331.28528685
1594215000,24.33778894,24.50040223,22.76586049,24.01256237,633172.760323
1594301400,24.28358451,24.90693545,22.65745162,24.77142439,478906.91265788
1594387800,23.79574465,24.93403767,23.74154021,24.93403767,374693.57020388
1594647000,25.80130855,26.10431131,23.03688263,23.09108706,506008.3627514
1594733400,23.03688263,23.14529149,22.22381619,22.87426934,373028.57866466
1594819800,23.68733579,24.82562881,22.90137155,24.39199338,547482.61016855
1594906200,23.47051807,24.28358451,23.36210921,23.74154021,226380.92054198
1594992600,23.63313136,23.68733579,22.76586049,23.14529149,238618.65447687
1595251800,22.82006491,22.92847377,22.03410068,22.49483833,271216.69824567
1595338200,22.49483833,22.95557599,22.11540732,22.49483833,218962.16101106
1595424600,22.22381619,22.6070415,21.68177189,21.84438518,317192.78760631
1595511000,22.11540732,22.63034941,21.68177189,22.00699847,409619.46585543
1595597400,21.68177189,22.65745162,21.46495417,21.68177189,371999.5124258
1595856600,21.73597631,21.84438518,20.65188772,20.9771143,337788.68682477
1595943000,20.86870544,23.03688263,20.81450101,22.49483833,705678.9447858
1596029400,22.06120289,22.76586049,21.41074974,22.54904276,622133.08234995
1596115800,22.33222504,23.52472249,22.00699847,22.33222504,419226.78988826
1596202200,22.11540732,22.49483833,21.41074974,21.8985896,293855.04858111
1596461400,21.95279404,22.73875826,20.92290987,22.27802061,458860.59901231
1596547800,22.06120289,22.9826782,22.00699847,22.22381619,370349.46430095
1596634200,22.11540732,22.6032472,22.06120289,22.49483833,192928.33485521
1596720600,22.27802061,22.9826782,21.62756746,22.4406339,424164.5736608
1596807000,22.4406339,28.51153003,22.16961176,25.74710411,2823976.37606149
1597066200,25.20505982,25.69289968,23.57892693,24.22938009,572123.56251598
1597152600,25.47608197,26.28914841,24.60881109,24.71721995,656747.38013893
1597239000,25.04244653,25.80130855,24.71721995,25.15085539,279532.0626387
1597325400,27.64425916,31.27595595,26.12653512,28.78255218,2636043.75377032
1597411800,30.13766292,30.51709393,27.37323701,30.02925407,1366327.29402133
1597671000,31.0049338,31.70959138,29.41674401,30.35448064,811372.42320869
1597757400,30.19186736,30.19186736,27.80687245,28.9993699,656276.93931622
1597843800,28.94516547,29.64982306,28.07789459,29.21618762,649207.2284271
1597930200,30.19186736,31.33016037,28.72834775,30.84232051,1555885.24323333
1598016600,30.78811608,30.80329332,28.07789459,28.13209902,931245.1725148
1598275800,28.9993699,29.54141419,26.7650633,29.32459647,963128.14623307
1598362200,29.59561863,30.24607178,28.24050788,30.02925407,600314.03699243
1598448600,29.54141419,30.73391165,28.89096104,30.35448064,500864.13847666
1598535000,31.49277367,38.4851451,30.89652494,35.34128817,3617730.32924301
1598621400,35.17867489,35.44969704,33.11890656,34.14879072,1122452.06293206
1598880600,34.31140401,34.96185716,31.22175152,31.87220467,1112959.30507606
1598967000,31.38436481,33.49833756,31.38436481,32.90208884,1100395.21435082
1599053400,37.99730524,41.79161531,35.0160616,38.15991852,4879705.91586248
1599139800,37.61787423,38.70196282,35.1250125,35.77492361,1204347.87724306
1599226200,36.64219449,38.05150966,33.76935971,38.05150966,1057263.90831813
1599571800,36.64219449,37.65635937,34.52822173,34.79924388,755643.08091688
1599658200,35.44969704,35.44969704,33.11999065,33.931973,632197.01071071
1599744600,34.04038187,34.4740173,31.87220467,32.19743126,666606.15940367
1599831000,32.84788441,32.87823889,30.35448064,31.38436481,551139.87247032
1600090200,31.65538696,31.81962638,29.86664077,30.02925407,525648.99036986
1600176600,30.35448064,31.81800025,29.9208452,29.9208452,577921.79177759
1600263000,29.9208452,31.84510246,29.37880091,31.22175152,497625.10729062
1600349400,30.73391165,31.38436481,30.24607178,31.0049338,296894.64975564
1600435800,30.95072937,31.11334266,30.19186736,30.73391165,275225.40751499
1600695000,29.37880091,29.70402748,27.15641929,28.83675661,517156.88781676
1600781400,28.29471231,28.83675661,27.86107688,28.24050788,236873.41126789
1600867800,28.29471231,28.67414332,25.69289968,25.9097174,485650.26675666
1600954200,25.42187754,26.56017056,23.61849616,24.9882421,517895.75663832
1601040600,25.15085539,26.72278385,24.41475924,26.4517617,269217.60147903
1601299800,27.31903258,27.31903258,24.9882421,26.61437499,530007.85520056
1601386200,26.4517617,26.77698829,25.74710411,26.34335284,285799.44131685
1601472600,26.01812627,26.83119271,25.47608197,25.53028639,285080.86602098
1601559000,25.9097174,26.01812627,25.09665096,25.20505982,365363.89849975
1601645400,24.28358451,25.25926425,23.95835794,25.20505982,405278.86519785
1601904600,23.30790478,23.63313136,21.95279404,22.38642948,1073129.38669925
1601991000,23.09108706,23.14529149,21.95279404,22.00699847,952473.67627486
1602077400,22.11540732,22.27802061,21.35654531,21.8985896,784005.86587507
1602163800,22.38642948,22.68455384,21.79018075,22.4406339,891760.98202103
1602250200,22.6032472,22.65745162,21.8985896,21.95279404,569091.89426512
1602509400,21.84438518,22.16961176,21.68177189,22.11540732,367842.47593237
1602595800,21.13972759,21.19393202,19.07995926,19.18836812,1152003.86400883
1602682200,16.74916879,17.34541751,14.41837831,16.0445112,3599609.31772522
1602768600,15.39405804,16.0445112,14.96042261,15.06883146,1111640.04141989
1602855000,15.55667133,17.83325738,15.17724032,16.47814663,2104123.87947697
1603114200,17.94166624,21.03131873,17.5080308,19.18836812,4576973.37222684
1603200600,17.8874618,17.94166624,16.53235106,16.74916879,1810928.37048065
1603287000,16.80337321,16.96544446,16.15292006,16.26132891,824760.61556336
1603373400,16.0445112,17.07439536,15.39405804,16.91178207,1398486.81314872
1603459800,16.96598651,17.07439536,15.99030677,16.09871562,751962.01984409
1603719000,15.82769348,15.88189791,14.52678716,14.90621817,1185329.52291677
1603805400,15.61087576,15.71928461,14.14735616,15.12303589,1275142.76403077
1603891800,14.5809916,14.85201374,13.98474287,14.14735616,922657.87487757
1603978200,14.36417388,14.52678716,13.44269857,13.65951629,1022187.28711671
1604064600,13.44269857,13.496903,12.35860998,12.79224542,1248166.02687692
1604327400,12.46701883,12.5754277,11.43713467,11.65395239,1267074.42719131
1604413800,12.68383655,14.0389473,12.46701883,12.68383655,1750084.13728306
1604500200,13.00906313,13.17113438,12.1423343,12.52122326,862368.02390439
1604586600,12.73804099,13.93053844,12.30440554,13.33428971,913040.40408191
1604673000,13.17167642,14.20156059,12.62963212,13.496903,1025604.1633824
1604932200,23.14529149,23.79574465,17.5080308,20.43507,15017907.65819427
1605018600,21.62756746,21.84438518,18.10427952,19.02575483,4774649.28517293
1605105000,17.51236715,17.56223523,16.26132891,16.96598651,2727490.07024223
1605191400,16.64075992,16.64075992,15.82769348,15.93610234,1681417.85685319
1605277800,16.15292006,16.20712449,15.06883146,16.09871562,2544545.22759142
1605537000,18.37530168,18.37530168,16.53235106,16.85757764,5395158.51649483
1605623400,16.31553334,16.47814663,15.71928461,16.15292006,2548067.63019068
1605709800,16.69496435,18.26689281,16.31553334,17.67064409,3594625.0433302
1605796200,17.12859979,18.29399503,17.07439536,17.29121308,1585129.68963926
1605882600,17.61643966,18.26689281,17.39962194,18.15848396,1936728.30517978
1606141800,19.02575483,20.86870544,18.48371053,20.65188772,3571651.11187457
1606228200,22.54904276,27.10221486,22.49483833,24.82562881,7126921.2898156
1606314600,24.77142439,26.28914841,22.76586049,24.33778894,2566693.95049804
1606487400,24.60881109,25.04244653,23.63313136,24.12097122,1144368.51721287
1606746600,23.9041535,24.12097122,21.62756746,23.14529149,1876230.90678481
1606833000,24.01256237,24.01256237,22.16961176,22.49483833,1393262.15271763
1606919400,22.11540732,23.52472249,21.41074974,23.41631364,1342730.16684054
1607005800,21.73597631,22.84716713,18.97155041,19.67620799,7489167.36482364
1607092200,20.32666114,20.38086558,17.8874618,19.02575483,3757822.62510941
1607351400,18.70052825,20.27245671,18.0500751,19.29677698,2323769.56333045
1607437800,19.56779913,21.79018075,19.56779913,21.57336303,3346804.56636103
1607524200,22.87426934,23.47051807,20.32666114,20.92290987,2379001.52975635
1607610600,20.54347886,22.22381619,20.43507,22.16961176,2252255.17881388
1607697000,21.8985896,23.03688263,20.9771143,21.24813645,2528508.54564816
1607956200,21.73597631,21.73597631,16.26132891,17.29121308,7611349.88632598
1608042600,17.56223523,17.56223523,14.96042261,15.5024669,6168973.52723031
1608129000,15.55667133,15.66508019,14.74360489,15.06883146,2881299.31357942
1608215400,15.17724032,15.99030677,14.85201374,15.44826247,2697252.71697047
1608301800,15.44826247,15.44826247,14.96042261,15.17724032,2486720.30204267
1608561000,14.14735616,14.85201374,13.98474287,14.52678716,2572642.72082292
1608647400,14.79780931,14.90621817,13.65951629,14.0389473,2457815.67994867
1608733800,13.98474287,14.36417388,13.76792515,13.87633401,1782139.42148307
1608820200,14.0389473,14.09315172,13.44269857,13.60531186,1257340.36086625
1609165800,14.25576501,14.25576501,12.79224542,12.95485871,2713504.6947726
1609252200,13.22588085,13.33428971,12.35860998,12.41281441,2389762.44848111
1609338600,12.46701883,12.46701883,11.54554353,11.70815682,4564888.57768098
1609425000,11.76236125,12.0333834,11.27452138,11.4913391,3199881.65423541
1609770600,11.92497454,11.92497454,10.84088594,10.89509037,3385696.18590477
1609857000,10.78668152,11.00349923,10.35304608,10.73247709,3190141.68433923
1609943400,11.00349923,12.08758782,10.67827265,10.89509037,7634510.70270452
1610029800,11.27452138,11.43713467,10.94929481,11.11190809,2963720.91469228
1610116200,11.32872581,11.98459941,11.22031695,11.59974796,4482711.79028253
1610375400,11.70815682,12.30440554,11.65395239,11.92497454,4725527.33035781
1610461800,12.14179226,12.95485871,12.11469004,12.41281441,4735557.31318469
1610548200,12.62963212,12.90065427,11.54554353,11.81656568,5196066.85340227
1610634600,12.0333834,12.5754277,11.54554353,11.81656568,5625729.49663112
1610721000,11.92497454,13.82212958,11.81656568,12.62963212,18400388.42719744
1611066600,15.17724032,17.34541751,13.93053844,16.5865555,29044614.39812799
1611153000,17.83325738,18.10427952,14.90621817,16.09871562,20611050.36473901
1611239400,16.26132891,16.5865555,15.44826247,16.15292006,7346701.83337159
1611325800,15.77348905,20.27245671,15.23144475,19.02575483,30404314.01114694
1611585000,25.53028639,26.4517617,20.86870544,23.95835794,50233652.41635976
1611671400,27.59005473,28.13209902,23.68733579,26.88539714,51776359.22849937
1611757800,110.25181005,110.36021891,59.67907712,107.86681514,142035402.24221584
1611844200,64.9369068,89.43730903,35.28708375,46.77842284,67005377.4826169
1611930600,77.56653893,86.72708755,62.87713848,71.87507381,68248576.20786572
1612189800,92.14753052,93.50264126,69.97791877,72.09189153,49255570.89348183
1612276200,51.38579937,54.74647401,32.52265783,42.38786404,52447935.27234346
1612362600,47.9709203,52.95772783,42.76729504,48.62137346,25092572.21646996
1612449000,47.15785385,47.37467157,37.9431008,38.43094067,18471721.64587561
1612535400,38.86457611,44.82706338,35.34128817,37.0216255,22337723.3373312
1612794600,37.29264765,37.34685207,31.16754709,33.49833756,14592340.98639518
1612881000,31.49277367,31.49277367,28.51153003,29.81243635,11626650.12381861
1612967400,30.95072937,35.72071918,29.54141419,31.43856924,17318557.17668415
1613053800,30.4628895,31.70959138,29.64982306,30.40868508,6337642.98148078
1613140200,31.0049338,32.36004454,29.9208452,30.30027621,5300943.2406864
1613485800,32.68527112,32.79367998,29.75823191,30.62550279,6932113.7744819
1613572200,30.24607178,30.4628895,28.83675661,30.08345849,4402891.08121619
1613658600,31.65538696,33.87776857,29.59561863,29.86664077,14794626.11248429
1613745000,30.02925407,31.27595595,29.86664077,30.89652494,4561564.49817366
1614004200,32.14322682,36.20855906,31.16754709,35.50390146,19653015.33999327
1614090600,37.78048751,42.60468176,32.57686226,41.73741088,30019324.05946991
1614177000,39.18980269,53.28295442,37.88889637,49.27182662,42713264.93816138
1614263400,59.02862396,59.62487269,42.55047733,44.93547223,50514641.9231159
1614349800,44.39342794,48.83819118,41.35852192,43.41774821,15529843.39082528
1614609000,48.02512473,51.19608387,45.64012983,49.75966648,16273134.35611705
1614695400,49.54284876,50.95216393,46.12796969,48.40455574,8855349.83686621
1614781800,48.5129646,49.54284876,46.07376526,46.5074007,6307211.91728202
1614868200,44.71865452,46.56160513,40.65332229,43.52615706,8819897.9699262
1614954600,43.79717921,44.82706338,41.35797987,43.63456593,6769866.85213777
1615213800,46.23637855,51.38579937,45.0438811,50.35591521,12958966.20673702
1615300200,50.84375508,58.3781708,49.9764842,56.91465121,17047105.8114869
1615386600,59.73328155,67.59292386,51.54841266,53.39136327,29684106.74683612
1615473000,57.72771765,58.9202151,53.66238542,55.72215375,9512472.27825713
1615559400,55.0717006,61.79304988,53.87920314,60.49214357,12596624.75215827
1615815000,66.02099539,78.54221866,64.23224921,76.10301933,31616503.49120158
1615901400,73.82643327,73.82643327,66.88826628,70.57416749,14276330.20441677
1615987800,71.76666495,74.04325099,70.46575864,73.5012067,8846079.01638657
1616074200,77.72915222,78.81324081,73.55541113,75.88620161,13850723.86799931
1616160600,76.64506362,76.86188134,71.98348267,75.5067706,17363344.24992619
1616419800,71.27882508,71.4956428,63.74440935,67.70133272,10059775.93642646
1616506200,62.11827646,64.66588466,56.20999361,57.78192208,9964632.6930344
1616592600,58.64919296,60.76316571,48.40455574,48.89239561,9276413.74428882
1616679000,48.56716902,61.33231223,48.5129646,59.29964611,14868520.5585906
1616765400,61.0883923,62.49770747,54.25863415,55.50533603,9591747.82942891
1617024600,55.93897147,58.32396638,54.69226959,56.10158476,4230812.49913712
1617111000,55.88476704,57.02306006,52.90352341,56.10158476,4422322.1320603
1617197400,56.37260691,56.75203791,54.47545187,55.34272274,3380996.20535595
1617283800,55.45113161,55.61374489,49.59705319,50.73534622,8780376.32865321
1617629400,54.74647401,60.97998343,52.68670569,57.51089993,10889328.40686402
1617715800,56.37260691,56.91465121,54.20442971,55.28851831,4994254.19748844
1617802200,54.58386072,55.18010945,53.39136327,53.39136327,3264489.59850132
1617888600,54.25863415,54.25863415,51.49420823,53.0661367,3786315.84209178
1617975000,52.03625253,52.79511454,50.08489306,51.0605728,3315521.17408347
1618234200,51.16898165,51.44000381,46.12796969,46.72421842,5810577.31853146
1618320600,46.94103613,49.43443991,45.04442314,47.91671587,4992234.62270951
1618407000,48.78398674,53.17454555,48.24194245,50.68114179,5798851.71939023
1618493400,53.55397656,55.45113161,51.92784367,53.66238542,5122540.82703045
1618579800,54.20442971,54.36704301,49.27182662,50.57273292,4612290.37946434
1618839000,51.38579937,53.17454555,50.84375508,52.36147911,3718956.09574288
1618925400,52.57829682,52.63250126,48.83819118,50.30171078,3061008.63028953
1619011800,50.13909749,53.17454555,49.54284876,53.01193226,2674464.93249135
1619098200,53.93340757,57.72771765,53.0661367,54.15022529,5657997.67836423
1619184600,54.69226959,56.26419805,53.987612,55.0717006,3127455.90592896
1619443800,57.94453537,64.82849794,57.29408221,62.33509418,8907192.96898919
1619530200,63.31077391,66.25407445,60.81737014,62.11827646,5851378.37435563
1619616600,58.81180624,61.73884545,57.72771765,58.81180624,4501653.21369781
1619703000,59.35385054,59.84169041,54.69226959,55.28851831,4282063.06031008
1619789400,54.58386072,55.18010945,53.55397656,54.36704301,3143983.32222062
1620048600,54.80067844,54.85488288,52.09045696,52.63250126,3541804.87018875
1620135000,52.1717636,52.84931898,49.0550089,50.89795951,3991868.59478949
1620221400,51.00636836,51.87363924,49.21762219,49.70546205,3128988.25160483
1620307800,50.57273292,50.95216393,48.40455574,48.78398674,4486443.76965614
1620394200,50.5185285,53.0661367,49.54284876,51.54841266,4334428.65847617
1620653400,53.66238542,55.01749616,51.81943481,52.79511454,4648396.06690462
1620739800,53.82499871,56.80624234,52.03625253,54.47545187,5621443.1350331
1620826200,54.36704301,57.59220657,54.31283858,55.93897147,6167993.16545309
1620912600,58.97441953,76.9702902,57.67351322,69.21905675,33606160.81661514
1620999000,72.14609596,77.70205001,68.13496816,70.35734977,23526858.63426044
1621258200,74.09745543,77.94596994,72.57973139,75.61517946,18012419.01697654
1621344600,77.24131235,79.5178984,73.56787815,76.04881489,19548684.11060369
1621431000,70.19473648,72.14609596,65.80417768,68.51439917,10089397.84241015
1621517400,68.24337701,70.4115542,65.20792895,68.02655929,6960901.4320733
1621603800,68.35178588,69.59848776,65.31633781,65.4789511,6112940.33551301
1621863000,67.10508399,75.66938389,65.96679097,74.15165986,12842840.38021889
1621949400,73.77222885,90.35878434,73.45784315,88.94946917,24213000.26392219
1622035800,96.26706718,108.13783729,93.5568457,106.02386453,42960594.49629556
1622122200,100.8744437,161.31238284,99.24831081,143.75014761,79961843.711476
1622208600,172.42429093,199.03866593,131.01210663,141.58197042,74870677.9665619
1622554200,172.85792637,181.74745285,154.64523799,173.67099281,57652055.70365742
1622640600,203.37502031,393.63256862,192.91356536,339.04870789,86865745.42654957
1622727000,314.92773666,372.92647646,204.13388232,278.28554217,67789453.82237206
1622813400,264.46341259,311.56706202,249.55719442,259.69342279,38273810.0892842
1623072600,283.92280286,323.49041043,279.15281305,298.12436345,39564087.3957982
1623159000,309.83252027,328.58725295,286.03677563,298.3953856,24308894.92122441
1623245400,282.94712314,289.39745027,260.8317158,267.44465623,17040948.38682066
1623331800,259.80183164,279.15281305,215.24579041,232.04916363,25484198.88899263
1623418200,242.18539198,268.8539714,227.71280925,267.76988281,24707408.84739162
1623677400,280.94155924,328.20782194,279.26122191,308.96524939,34166293.85723638
1623763800,316.49966513,350.75686471,307.50172979,320.02295306,32365973.46609145
1623850200,304.30366844,310.80820001,281.10417252,299.10004319,18864406.90249267
1623936600,292.70392048,345.98687489,287.17506865,329.18350168,34405281.11593434
1624023000,332.05633646,352.08487324,308.15218295,321.21545051,27613205.39825928
1624282200,332.4899719,341.54211166,289.61426799,301.8644691,21065962.39711267
1624368600,293.24596478,318.39682016,276.71361371,315.84921197,19209335.77408667
1624455000,309.18206711,331.18906558,307.8811608,316.01182526,13179737.25883307
1624541400,314.27728351,318.50522903,301.70185581,307.3391165,9106470.41008508
1624627800,302.18969569,305.11673488,287.12086422,293.02914706,8794317.42733952
1624887000,298.66640775,321.75749481,294.49266666,314.98194109,11255160.53234732
1624973400,320.13136192,330.64702129,304.52048616,305.8755969,7208468.05548481
1625059800,303.54480642,315.3613721,296.22720841,307.23070765,6689003.42482438
1625146200,308.20638738,312.81376391,284.73912158,293.89641793,6546810.93353611
1625232600,286.03677563,288.63858825,258.93456077,281.64621682,10286393.92224576
1625578200,289.77688128,298.50379446,269.3960157,270.80533087,7068630.53560906
1625664600,258.55512976,265.54750119,231.99495919,244.29936474,10802957.13219292
1625751000,221.96713969,269.88385556,210.09636959,259.85603607,16442198.2427122
1625837400,262.18682655,265.16807018,248.36469697,250.37026087,6557305.63810119
1626096600,240.07141923,252.32162034,228.03803583,230.96507503,7138457.42122156
1626183000,219.90737137,228.41746684,209.77114301,213.29443094,9838157.16841654
1626269400,210.31318731,212.10193349,180.2026266,181.20540855,15620806.90587246
1626355800,174.5382637,202.72456714,174.21303711,195.13594699,22619576.61033517
1626442200,205.05535763,208.95807656,185.92119394,189.49868629,14373581.57615438
1626701400,178.60359592,191.55845463,168.84679857,187.65573568,12794348.44713301
1626787800,190.47436603,240.61346352,190.4201616,233.56688766,19116317.44732051
1626874200,226.57451622,252.32162034,217.4139676,221.04566439,17909348.01553205
1626960600,217.68498975,226.24928965,201.36945641,201.85729627,10651729.59429616
1627047000,204.78433548,208.14501012,188.03516669,200.50218553,9687140.4987003
1627306200,207.71137468,221.4250954,203.64604245,218.38964734,11104123.38461881
1627392600,216.76351444,218.44385177,200.88161654,206.03103736,6266074.17341806
1627479000,202.77877158,214.43272397,195.56958243,210.85523161,8049093.0425097
1627565400,205.97683293,218.17282961,203.10399815,206.68149052,6737234.86283509
1627651800,203.48342916,212.42716007,199.41809694,200.66479882,6006232.54977904
1627911000,203.70024688,208.57864556,189.76970845,190.79959261,6693654.70091156
1627997400,190.58277489,190.87873107,177.68212061,182.07267942,6997212.45309621
1628083800,186.62585152,191.01641033,161.58340499,161.74601828,9689611.14320925
1628170200,168.46736756,184.9455142,156.70500632,181.63904399,12304038.9713655
1628256600,181.15120412,182.01847499,171.12338462,177.24848518,5990666.12417189
1628515800,177.14007632,191.77527235,175.35133014,183.21097245,9186189.09806319
1628602200,200.01434566,201.42095061,170.42414748,172.09906436,13167234.23317149
1628688600,171.17758905,172.96633523,159.36102337,171.01497576,7897548.18766585
1628775000,167.54589226,184.83710534,166.67862139,179.25404908,8069800.18714625
1628861400,174.5382637,186.89687367,172.80372194,181.42222627,6572289.45503456
1629120600,183.48199459,196.11162672,177.30268961,193.45560966,9831701.7978959
1629207000,189.66129958,210.18418076,187.49312239,201.42366084,9845143.12239055
1629293400,202.29093171,209.77114301,197.79196405,198.11719062,6567438.74893587
1629379800,198.33400834,199.36389251,180.66336425,183.31938131,5430996.69836926
1629466200,183.75301675,187.54732683,174.5382637,186.51744266,6282356.77599531
1629725400,189.8781173,205.59740193,186.46323823,199.36389251,8536189.49970137
1629811800,201.58627413,261.26535124,197.03310203,239.90880594,25895492.38623055
1629898200,243.37788943,261.80739554,234.00052309,238.28267305,23717436.60986804
1629984600,231.94075476,242.72743628,217.19714989,218.4980562,12433824.9234825
1630071000,216.8719233,225.38201877,213.51124866,221.37089097,8217501.81719841
1630330200,226.46610737,247.76844824,223.75588588,234.86779397,12282029.53583973
1630416600,239.36676164,255.62809055,238.77051291,255.46547726,14468084.46656776
1630503000,255.62809055,259.3681962,233.35006994,236.81915344,9380867.2882923
1630589400,237.79483317,243.37788943,229.66416872,240.55925909,7701606.26424631
1630675800,236.00608699,242.83584514,230.20621301,238.60789962,5917431.21765037
1631021400,243.91993373,259.80183164,243.26948058,259.25978734,11575157.14725701
1631107800,254.92343297,267.76988281,247.87685711,256.92899687,11035597.49848937
1631194200,250.58707859,265.60170562,245.87129321,262.99989299,9742239.81926287
1631280600,266.41477207,280.23690164,265.33068348,271.88941946,10217305.90545483
1631539800,280.8873548,286.14518449,272.91930364,280.18269722,8512575.39975365
1631626200,275.90054726,279.43088178,254.54400196,256.38695257,7463036.12974449
1631712600,251.67116719,258.77194748,237.25278888,253.89354881,8637610.45302101
1631799000,251.94218933,263.9213683,249.06935456,249.55719442,6525946.23734561
1631885400,249.88242101,251.40014503,239.58357935,239.58357935,7789428.15703075
1632144600,227.38758267,234.86020535,208.84966771,218.38964734,8024863.49527391
1632231000,222.07554856,224.8941789,204.07967789,210.42159617,7332247.30848542
1632317400,208.68705442,219.90737137,204.56751776,217.25135431,5943344.94303148
1632403800,222.53628621,226.84553838,216.00465243,216.70931001,4677389.05807865
1632490200,215.78783471,219.63634922,212.75238664,216.8719233,3689664.05179488
1632749400,217.46817203,220.23259795,212.53556892,213.0234088,3538892.19579306
1632835800,210.85523161,212.10193349,199.9059368,200.50218553,4479308.38153843
1632922200,201.9115007,207.38614811,191.72106791,192.64254322,4874213.74986552
1633008600,190.74538818,226.46610737,182.88574587,206.30205951,11652911.79092194
1633095000,213.61965752,217.52237646,204.62172219,208.4702367,7470819.98825116
1633354200,210.85523161,211.55988919,196.92469316,199.30968807,4526894.85440553
1633440600,199.79752795,206.51887722,196.16583116,200.88161654,4272986.13524404
1633527000,197.08730645,204.07967789,193.18458752,199.63491465,4017725.49829868
1633613400,199.36389251,208.95807656,198.38821277,206.73569494,4273152.72664126
1633699800,205.54319749,210.20477845,200.88161654,201.58627413,3359554.61957619
1633959000,199.74332351,209.55432529,196.75232308,201.9115007,4233163.04287132
1634045400,201.9115007,203.64604245,196.32844444,199.58071023,2858651.92340072
1634131800,199.03866593,206.78989938,195.78640015,205.48899306,3794904.24664858
1634218200,204.89274433,222.78020614,204.62172219,217.19714989,7671327.032517
1634304600,217.90180747,226.52031179,215.62522142,220.82884668,5272798.14991284
1634563800,221.12697104,236.49392686,219.47373593,233.24166108,5677574.84259327
1634650200,232.86223007,240.88665385,220.82884668,221.15407325,5980513.8267311
1634736600,220.3410068,226.30349408,218.44385177,221.58770869,3538260.88265763
1634823000,221.64191312,227.33337824,210.31318731,212.69818221,3850790.03357476
1634909400,202.23672728,204.19296515,194.91912926,198.38821277,5250070.32357779
1635168600,196.38264887,205.15943013,193.94344954,199.63491465,3502616.41171021
1635255000,198.00878176,202.72456714,193.95374838,195.40696914,3136471.58144474
1635341400,196.92469316,199.41809694,187.43891797,188.4145977,2935792.22669717
1635427800,190.20334388,195.50995755,188.956642,190.9622059,2698719.38541776
1635514200,191.55845463,198.54974197,187.16789582,191.72106791,3722032.04077704
1635773400,193.23879195,201.55917191,191.82947677,200.93582096,3859521.23075775
1635859800,203.9170646,210.31318731,198.55516241,210.25898288,5027658.07871356
1635946200,222.18395741,239.63778379,210.74682274,221.09986882,9315774.3287625
1636032600,218.93169163,223.86429474,211.99352463,217.08874102,3236083.6436794
1636119000,223.10543272,227.49599153,216.43828787,226.03247193,4542058.73025771
1636381800,230.26041745,249.06935456,226.41190294,244.24516031,7972755.07142424
1636468200,229.98939529,230.9108706,212.75238664,216.43828787,4294594.31242102
1636554600,210.25898288,221.52862586,206.24785508,207.54876139,3679203.29276367
1636641000,205.97683293,217.90180747,203.26661144,213.89067967,3453727.83244047
1636727400,214.64954169,219.20217174,212.04772906,216.81771888,2677283.5187225
1636986600,218.71487391,234.32574967,217.9560119,231.34450604,4524129.40031436
1637073000,227.49599153,240.84383235,223.48486373,230.9108706,4350661.4496722
1637159400,229.50155543,238.49949076,227.76701367,228.3632624,2643156.45003658
1637245800,229.77257757,229.82678201,215.62522142,219.0401005,2863027.76099836
1637332200,217.90180747,224.29738813,214.97476826,221.53350426,2345130.71295386
1637591400,225.00258776,233.02484336,218.38964734,223.53906816,3267606.13058686
1637677800,223.59327259,227.82121811,206.35626394,212.26454678,3103801.03444326
1637764200,212.15613791,213.18602209,203.53763359,210.80102718,2070686.05271798
1637937000,196.70787545,206.84410381,195.84060457,203.97126904,2236267.20133227
1638196200,207.38614811,208.30762341,194.70231155,199.68911908,2727234.0028454
1638282600,199.30968807,200.82741211,177.51950733,183.96983447,4686873.88301098
1638369000,188.14357556,189.36967976,145.53889379,154.86205571,7197862.28998824
1638455400,158.65636579,169.22080914,146.40616467,164.13101319,6222141.64209397
1638541800,167.11225683,168.3833507,137.19195366,157.24705061,7501368.93938549
1638801000,152.31444751,165.16089735,147.16502668,156.05455316,5107637.44625344
1638887400,162.77590244,171.71963335,159.90306767,168.25054984,5431734.46027123
1638973800,166.84123467,183.8614256,161.36658727,175.35133014,5240704.30801403
1639060200,172.09906436,178.60359592,158.87318351,159.68624995,4143100.56036458
1639146600,159.09000123,162.23385814,140.93151727,148.73695515,6670674.12793842
1639405800,149.00797729,149.76683931,121.74314914,125.97109466,9542641.55597455
1639492200,113.34146254,136.16152745,112.74521381,132.80085281,12131851.54219411
1639578600,133.34289711,137.02879833,122.12258015,133.66812369,6030260.26867755
1639665000,137.40822934,140.22685969,130.51776223,132.52983066,4952936.39470566
1639751400,132.20460409,166.46180366,128.19347629,157.84329934,16405348.88979883
1640010600,156.97602846,166.40759923,152.36865194,160.98715626,7586324.64839671
1640097000,159.36102337,174.70087699,157.46386834,164.23942204,5309945.4486806
1640183400,162.28806258,165.21510178,151.98922093,155.45830444,4191496.19144675
1640269800,156.43398416,159.52363666,145.3762805,154.59103356,4193999.67456998
1640615400,153.66955826,159.30681895,146.40616467,155.56671329,3489034.50842853
1640701800,152.74808295,161.20397398,149.55002159,150.25467918,3579983.44903454
1640788200,150.39019025,153.66955826,144.29219191,151.50138107,3511449.62998142
1640874600,151.28456335,163.64317332,150.05683301,156.86761961,4086395.28397389
1640961000,155.89193987,159.36102337,146.94820897,147.43604884,2652907.67361518
1641220200,148.60144407,152.4770608,143.20810331,143.75014761,3038558.45628318
1641306600,144.56321406,144.56321406,133.55971482,138.16709135,3779430.80228639
1641393000,136.43254961,137.13720719,121.21086165,123.31507761,5119500.11893634
1641479400,124.45337064,128.84392944,112.74521381,121.74314914,6699441.49200414
1641565800,127.97665856,131.71676422,121.63474029,124.61598393,5607845.36590406
1641825000,121.52633143,123.9671569,115.18441316,123.4776909,4282186.66633016
1641911400,121.41792257,128.73552058,119.73758524,123.53189533,4087226.02712083
1641997800,123.91132633,126.62046373,119.52076753,123.15246432,3113503.36907362
1642084200,122.77303331,125.4832548,111.254592,111.9863518,4647231.03404367
1642170600,110.19760562,114.26293785,105.75284239,111.49851193,6459619.06248092
1642516200,107.27056641,107.80122778,96.4838849,102.12114559,6323983.9628015
1642602600,100.44080827,105.26500251,97.73058679,99.30251524,3977641.7263642
1642689000,100.76603485,109.27613031,97.29695134,97.94740451,5788922.65073199
1642775400,96.32127161,100.60342156,87.91958501,97.4053602,7387706.93137221
1643034600,88.02799386,93.71945899,77.13290349,90.19617105,9354415.41550733
1643121000,86.13083883,90.08776219,84.28788821,86.83549641,4809251.2223599
1643207400,87.86538057,98.40814215,84.82993251,86.40186097,8695258.4559231
1643293800,87.32333628,89.92514891,78.02727658,78.70483195,5726753.61928031
1643380200,79.13846739,82.66175532,72.63393582,81.63187115,6114512.34580727
1643639400,82.06550659,88.08219829,81.30664458,87.05231413,4697428.54572013
1643725800,98.38103994,101.416488,89.5457179,91.38866851,14101804.77659979
1643812200,89.70833119,92.49985931,83.36641291,83.58323063,5510951.16021852
1643898600,81.5234623,85.91402111,79.40948954,80.60198699,4444380.08756112
1643985000,81.30664458,85.10095466,79.89732941,83.20379962,3671607.79507269
1644244200,84.66731922,86.72708755,79.57210283,80.81880471,3372250.24924519
1644330600,80.76460028,91.17185079,79.40948954,89.05787802,5810878.76963119
1644417000,88.35322044,102.98841647,87.48594956,102.66318989,8598300.78684814
1644503400,97.0259292,113.61248469,96.75490705,100.76603485,11215170.84857738
1644589800,100.92864814,106.56590883,99.36214012,101.9585323,7754935.25142269
1644849000,102.06694116,104.93977594,95.72502289,96.21286275,5225429.37123037
1644935400,97.83899564,105.9696601,97.35115578,105.59022909,4516556.59447483
1645021800,104.8855715,111.55271636,104.39773164,106.62011326,5603721.16802493
1645108200,105.59022909,109.54715246,100.11558169,102.66318989,4548093.84031006
1645194600,102.93421204,104.07250506,95.86053396,97.0259292,3621401.05906636
1645540200,94.09888999,98.27263108,87.32333628,89.27469574,4869766.70044139
1645626600,90.68401092,92.25593938,84.66731922,85.26356794,3417668.63562266
1645713000,81.14403129,96.32127161,81.08982686,95.83343174,6165983.73743701
1645799400,95.99604503,96.80911148,89.59992232,95.72502289,4186998.96166819
1646058600,97.54087128,104.83136708,95.45400073,102.22955445,4847530.71537432
1646145000,102.98841647,105.31920694,96.64649819,99.30251524,4987009.96227842
1646231400,97.62217792,101.30862119,93.82786784,100.44080827,3970991.35351038
1646317800,100.98285257,101.36228358,96.47033379,97.89320007,2813606.38443607
1646404200,97.83899564,99.30251524,88.62424259,89.81674004,4491190.24082744
1646663400,91.65969065,92.68957481,80.76189006,82.4449376,4477492.84893595
1646749800,82.11971103,88.13640273,77.94651198,83.42061734,4008648.57323264
1646836200,85.20936352,88.19060715,83.61033284,85.15515909,2856721.82462141
1646922600,84.72152365,85.69720339,80.11414713,83.04118633,2908871.02000905
1647009000,82.9869819,83.47482176,77.322619,77.5123345,3309656.16067369
1647264600,76.15722376,76.72637027,69.92371434,73.5012067,3735439.41973782
1647351000,74.58529529,79.63552201,71.38723394,78.48801424,4630022.49323535
1647437400,78.65062752,85.04675023,77.13290349,82.55334646,4431838.68868733
1647523800,80.81880471,84.61311479,80.54778256,82.33652874,2734780.79607473
1647610200,81.19823572,86.18504325,81.14403129,85.64299895,3625768.96374032
1647869400,85.04675023,89.70833119,82.79726639,85.96822553,3882428.19357863
1647955800,86.07663439,102.50057659,85.37739725,98.97728867,9270543.01179453
1648042200,101.63330572,121.14690042,98.54365323,112.41998724,19282830.25325038
1648128600,108.67988158,111.49851193,102.22955445,109.65556132,7760123.56799414
1648215000,108.13783729,117.62361249,106.83693098,109.70976575,8139003.69254699
1648474200,111.71532965,161.14976955,111.28169421,158.98159236,25693134.57242216
1648560600,162.77590244,186.08380722,143.15389889,159.57784109,24059889.11786859
1648647000,154.80785127,158.4178663,137.40822934,139.19697551,10810211.51416578
1648733400,134.26437241,140.49788183,126.07950353,133.55971482,10113749.88874644
1648819800,136.21573189,137.02879833,121.09269599,126.29632124,7450046.98189944
1649079000,127.27200098,128.73552058,118.9245188,126.35052567,5840774.82269824
1649165400,125.64586809,129.87381361,113.82930241,114.96759544,4717394.42320935
1649251800,111.93214736,118.80960541,108.46469,110.52283219,5917384.91151449
1649338200,111.82373851,113.50407583,100.95575035,106.94533984,6048658.93252404
1649424600,106.78272655,106.78272655,98.27263108,98.8688798,4836462.44197872
1649683800,97.73058679,101.98563452,96.05024946,101.47069243,4256186.78570818
1649770200,102.33796331,103.04262089,93.23161911,94.42411657,4768284.49757149
1649856600,95.12877416,100.71183041,91.82230394,100.44080827,4164858.17168526
1649943000,99.0314931,101.29886439,97.0259292,97.67638235,2871138.89872836
1650288600,98.11001779,98.59785766,91.95781502,94.74934315,2707826.75077233
1650375000,94.20729885,102.52767881,92.68957481,101.25387471,3597755.22742393
1650461400,99.73615069,101.14546586,93.77366341,93.99048113,2710193.16035388
1650547800,94.36991214,97.94740451,90.30457991,91.33446408,2988909.23877342
1650634200,92.79798368,95.45400073,87.26913184,89.5457179,2995595.95548687
1650893400,88.84106031,92.31014381,88.27191379,91.93071281,2997004.69514266
1650979800,91.5512818,92.63537039,83.96266164,84.01686606,2803048.21648157
1651066200,83.42061734,88.08219829,82.66175532,85.91402111,3015336.39035438
1651152600,85.15515909,87.40464292,79.68051169,84.77572808,3383870.32205285
1651239000,84.72152365,86.9981097,82.49914204,82.93277747,2418842.70181559
1651498200,81.84868887,83.96266164,79.19267182,82.71595975,2706763.73899959
1651584600,82.17391545,87.35043849,79.84204089,84.07107049,3607886.12441945
1651671000,82.49914204,86.23924768,79.57210283,85.20936352,2994461.54740104
1651757400,84.9925458,85.58879453,77.83756107,79.62630725,3058593.51624633
1651843800,79.43659175,80.4393737,73.28493102,74.58529529,3743749.06504634
1652103000,73.88063771,73.88063771,67.37610614,67.86394601,4616312.55625526
1652189400,71.27882508,75.94040604,62.33509418,64.17804479,6311923.15151326
1652275800,62.66032076,63.14816062,53.74369206,56.20999361,6630990.50743314
1652362200,54.44834966,74.31427315,52.57829682,60.70896129,11887285.03982535
1652448600,65.64156439,67.70133272,62.28088975,64.01543149,6587981.51601436
1652707800,64.50327137,68.62280802,62.33509418,63.4733872,4642135.51423057
1652794200,65.37054224,70.03212319,64.17804479,69.92371434,4327460.96867527
1652880600,69.00223903,77.07869906,67.80974158,69.16485232,6089336.38232813
1652967000,69.21905675,73.17598012,68.62280802,70.89939407,5716938.93231229
1653053400,71.44143837,72.36291367,61.95566317,65.20792895,4690629.66115562
1653312600,65.09952009,65.15372452,62.06407203,62.76872961,2816834.16193969
1653399000,61.41361887,61.73884545,55.83056261,56.31840248,4271455.08097435
1653485400,56.80624234,64.3948625,56.37260691,64.3948625,6077834.19645605
1653571800,63.69020492,69.81530547,62.82293404,66.29201755,8046935.10278292
1653658200,68.56860359,78.4338098,67.21349285,78.21699208,10189346.59268459
1654003800,85.37197681,87.43174513,75.5067706,77.72915222,12123840.02722658
1654090200,75.94040604,77.6017718,69.38167004,69.43587447,6294494.70268115
1654176600,68.78542131,73.39279784,66.67144856,72.09189153,5135120.78360305
1654263000,69.27326118,70.79098521,66.02153744,67.484515,4445617.80814135
1654522200,67.32190171,68.18917258,63.79861378,64.77429351,3914297.51528871
1654608600,65.15372452,71.82086937,64.01543149,70.84518964,4575328.85869991
1654695000,69.38167004,77.24131235,68.89383018,73.28438898,5864112.56172344
1654781400,72.47132254,73.33859341,68.10786594,69.27326118,3667831.53891576
1654867800,68.46019474,69.00223903,65.42474667,67.37610614,3018351.0858383
1655127000,64.55747579,66.12940426,60.11271256,62.22668531,3163811.01924858
1655213400,62.44350304,65.31633781,60.22112141,64.61168022,2915333.21653378
1655299800,62.60611632,70.30314535,62.55191189,69.21905675,4217537.76603968
1655386200,66.23781311,67.75553715,61.95566317,63.90702264,3005386.84368386
1655472600,64.28645365,68.89383018,64.28645365,67.91815044,3744797.31789131
1655818200,69.11064789,70.08632763,66.23781311,67.75553715,3440500.6968851
1655904600,67.75553715,71.65825609,67.05087956,68.29758145,3031637.07261816
1655991000,69.32746561,69.43587447,62.00986759,65.31633781,4088286.8250544
1656077400,65.96679097,68.13496816,64.66588466,67.59292386,9152685.40958902
1656336600,68.18917258,79.95153384,66.69855077,76.59085919,8794877.34416186
1656423000,75.88620161,77.5123345,72.14609596,72.52552697,4505304.75691507
1656509400,70.84518964,75.28995288,69.38167004,73.98904656,3138239.51650517
1656595800,72.63393582,75.07313516,69.97791877,73.44700226,2872803.89026757
1656682200,73.06757126,77.56653893,71.87507381,73.33859341,3507963.5712418
1657027800,73.44700226,73.60961556,68.08076373,69.27326118,3438801.75981201
1657114200,68.73121688,70.68257636,65.91258654,68.13496816,2919705.73337267
1657200600,67.97235487,79.59920504,67.26769728,78.48801424,7113167.07605219
1657287000,75.28995288,83.04118633,75.01893073,79.46369396,5544356.14836323
1657546200,78.54221866,81.25244014,76.26563261,81.03562243,3683069.2094068
1657632600,81.03562243,87.48594956,80.27676041,84.55891036,5987999.37041019
1657719000,81.57766673,86.34765654,80.76460028,82.06550659,4155559.30924285
1657805400,81.03562243,84.97574243,79.84312497,81.63187115,4000972.6393853
1657891800,82.77016418,83.42061734,79.73471612,83.31220848,2963026.32265403
1658151000,84.55891036,91.93071281,84.17947935,89.65412675,6124587.71233705
1658237400,94.36991214,96.59229376,88.08219829,88.67844702,5725768.82982476
1658323800,89.5457179,96.09307096,88.51583373,94.96616087,5392724.03135893
1658410200,97.0259292,99.5735374,91.87650837,92.14753052,4459662.03483547
1658496600,90.52139763,91.50575007,82.82436861,84.01686606,3566584.00299743
1658755800,84.28788821,84.40117547,80.19545377,80.81880471,2344236.50641751
1658842200,79.46369396,79.84312497,75.56097503,76.04881489,2415934.45509823
1658928600,77.13290349,78.79914766,74.88341966,78.48801424,2628424.27282171
1659015000,79.30108068,82.87857304,76.9702902,79.03005853,2790116.99742802
1659101400,77.56653893,80.60198699,76.10301933,78.92164967,2065213.25781372
1659360600,77.67494779,84.01686606,77.62074335,83.31220848,2710901.58888691
1659447000,83.74584392,92.06622387,82.9869819,91.38866851,4843210.40824243
1659533400,93.23161911,99.0314931,90.95503307,98.70626651,4754546.33414204
1659619800,102.8800076,107.05374869,98.92308424,101.14546586,7546353.22879988
1659706200,91.98491723,123.42348647,89.43730903,120.22542512,14255084.72788977
1659965400,130.41585791,149.06218173,125.21223265,129.87381361,15052836.87460457
1660051800,125.75427694,129.27756488,117.84043021,121.68894472,7068377.78897098
1660138200,126.78416111,128.98648709,112.36578281,128.30188514,7271128.92820447
1660224600,130.47006233,141.3651527,128.35608957,138.00447806,8991623.99811813
1660311000,146.02673366,147.43604884,129.87381361,132.47562623,8317084.36157752
1660570200,130.47006233,132.74664838,122.88144217,131.22892435,5687366.83770984
1660656600,130.14483575,141.79228361,126.83836554,134.48119013,8194122.38420225
1660743000,133.28869268,137.95027363,115.34702644,115.78066188,6733363.22710745
1660829400,118.49088336,119.73758524,103.63886962,104.56034493,5715285.3789421
1660915800,97.78479121,102.77159875,94.85775201,97.67638235,5945634.23721543
1661175000,99.97058824,115.14705882,90.88235294,92.29411765,17131318.2
1661261400,94.58823529,96.52941176,83.55882353,84.35294118,9087989.2
1661347800,84.61764706,87.35294118,81.44117647,84.52941176,5720875.13333333
1661434200,86.29411765,87.70588235,82.14705882,84.44117647,3580918.53333333
1661520600,84.52941176,85.32352941,79.05882353,80.91176471,4124821.06666667
1661779800,79.76470588,84.79411765,78.61764706,83.55882353,4488298.06666667
1661866200,84.61764706,85.08088235,79.67647059,81.79411765,2852318.93333333
1661952600,80.38235294,81.88235294,76.58823529,80.47058824,3741100.46666667
1662039000,79.67647059,79.67647059,73.23529412,75.70588235,2984699.06666667
1662125400,77.47058824,80.91176471,73.67647059,78.35294118,3129670.53333333
1662471000,76.32352941,77.20588235,72.08823529,72.26470588,2364879.06666667
1662557400,71.20588235,74.60294118,69.61764706,74.02941176,2464799.4
1662643800,73.23529412,76.94117647,72.70588235,76.23529412,1893639.06666667
1662730200,78.17647059,85.85294118,77.47058824,85.76470588,4146210.46666667
1662989400,88.32352941,94.85294118,86.91176471,90.17647059,5352229
1663075800,84.97058824,87.23911765,83.38235294,85.76470588,2823273.86666667
1663162200,84,87.61764706,81.26470588,87.44117647,2502193.73333333
1663248600,86.02941176,91.67647059,85.67647059,87.17647059,2840163.93333333
1663335000,84.88235294,85.36764706,79.23529412,79.23529412,3625488
1663594200,80.02941176,82.5,78.04411765,81,2668051.4
1663680600,81.44117647,82.23529412,76.05882353,76.85294118,1947853.2
1663767000,77.02941176,79.05882353,74.64705882,75.88235294,2290846.33333333
1663853400,76.05882353,76.41176471,68.20588235,69.26470588,3051756.13333333
1663939800,68.11764706,71.82352941,67.5,70.5,2256478
1664199000,67.5,70.32352941,60.08823529,60.26470588,4905605
1664285400,63.17647059,66.35294118,61.58823529,65.73529412,3780810.2
1664371800,64.41176471,68.02941176,62.73529412,67.67647059,2772077.8
1664458200,65.82352941,67.14705882,60.88235294,62.64705882,2550225.53333333
1664544600,61.5,64.23529412,60.17647059,61.5,1876461.13333333
1664803800,60.35294118,61.32352941,58.32352941,60.70588235,2436656.46666667
1664890200,61.58823529,71.73529412,61.5,69.08823529,4822135
1664976600,66.61764706,66.61764706,62.11764706,64.67647059,2572630.4
1665063000,65.11764706,67.23529412,62.82352941,62.82352941,2192505.86666667
1665149400,62.64705882,62.64705882,56.47058824,57.61764706,2656107.2
1665408600,57,61.14705882,55.32352941,56.02941176,2651168.13333333
1665495000,56.47058824,57.17647059,53.55882353,54,2563765.46666667
1665581400,54,55.05882353,49.58823529,51.61764706,3682405.13333333
1665667800,49.67647059,55.36764706,48.26470588,53.29411765,3350754.4
1665754200,54.79411765,56.02676471,52.45588235,52.94117647,2489733.86666667
1666013400,54.52941176,57.17647059,53.74852941,56.11764706,2105816.06666667
1666099800,58.23529412,60,56.20588235,57.44117647,2498023.06666667
1666186200,56.55882353,57.35294118,53.38235294,53.91176471,1548829.2
1666272600,54.70588235,58.05882353,54.08911765,56.02941176,1961735.4
1666359000,56.02941176,57.97058824,54.88235294,57.26470588,1693695.26666667
1666618200,57,57.79411765,54.70588235,56.11764706,1627814.6
1666704600,55.58823529,61.72058824,55.32352941,59.55882353,3037131.6
1666791000,57.70588235,62.73529412,57.35294118,58.58823529,2521743.73333333
1666877400,60.26470588,61.14705882,57.22058824,57.44117647,1572302.8
1666963800,57.79411765,59.11764706,56.11764706,57.44117647,1775773.53333333
1667223000,60.17647059,63.97058824,57.70588235,58.76470588,3950695.73333333
1667309400,59.64705882,60.44823529,54.08823529,54.26470588,2420149.46666667
1667395800,55.23529412,55.85294118,51.08823529,51.26470588,2506113.93333333
1667482200,50.73529412,51.61764706,49.23529412,50.29411765,1874893.73333333
1667568600,51.44117647,51.61764706,47.82352941,49.85294118,2055252.4
1667831400,49.05882353,49.47441176,45.61764706,47.02941176,2270956.33333333
1667917800,47.47058824,49.58823529,46.76470588,49.58823529,3081506.13333333
1668004200,47.38235294,47.55882353,44.55882353,45.79411765,2913933.73333333
1668090600,48.52941176,55.32352941,47.20588235,54.08823529,4539283.33333333
1668177000,53.02941176,64.23529412,52.32352941,63.52941176,4966528.46666667
1668436200,70.76470588,73.67647059,64.32352941,64.76470588,6016174.2
1668522600,69.08823529,72.26470588,65.82352941,70.14705882,5026314.06666667
1668609000,68.29411765,68.82352941,63.17647059,66.44117647,3392031.53333333
1668695400,64.32352941,65.47058824,62.64705882,65.20588235,1940266.66666667
1668781800,66.44117647,69.17647059,64.76470588,66.97058824,2444833.46666667
1669041000,64.41176471,66.70588235,62.20588235,64.14705882,1914503.73333333
1669127400,63.61764706,66.25588235,62.38235294,64.58823529,1653752.06666667
1669213800,64.85294118,70.45588235,64.23529412,67.41176471,4251017.73333333
1669386600,67.58823529,68.29411765,66.17647059,66.26470588,939265.86666667
1669645800,65.64705882,65.64705882,62.82352941,64.67647059,2033929.86666667
1669732200,64.32352941,67.23441176,62.47058824,65.55882353,1849355.2
1669818600,66,66,61.41176471,63.79411765,5090225
1669905000,64.32352941,80.73529412,63.61764706,72.08823529,10960295.53333333
1669991400,72.17647059,76.14705882,69.88235294,72.08823529,3940105.86666667
1670250600,72.17647059,75.35294118,65.38235294,65.73529412,3208850.86666667
1670337000,65.82352941,66,58.94117647,59.55882353,2967986.93333333
1670423400,59.73529412,62.91176471,52.94117647,53.38235294,4446566.46666667
1670509800,55.05882353,59.11764706,52.67647059,53.55882353,3456256.4
1670596200,53.38235294,54.08823529,51.26470588,52.41176471,2624393.13333333
1670855400,52.85294118,52.94117647,49.5,52.5,1986032.93333333
1670941800,57.35294118,57.44117647,48.79411765,50.47058824,3958999.66666667
1671028200,50.91176471,51.88235294,49.45588235,50.73529412,2511006.53333333
1671114600,49.41176471,53.36911765,48.79411765,49.41176471,3253397.66666667
1671201000,49.85294118,50.55882353,45.26470588,46.85294118,3365380.06666667
1671460200,46.14705882,46.94117647,42.17647059,43.14705882,3342355.26666667
1671546600,42.97058824,45.44117647,41.82352941,44.82352941,2524367.4
1671633000,45.35294118,47.38235294,44.55882353,46.76470588,2222198.06666667
1671719400,36.52941176,43.94117647,36.26470588,43.32352941,6285625.33333333
1671805800,41.47058824,42.52941176,38.02941176,38.82352941,3435262.53333333
1672151400,37.05882353,37.14705882,35.29411765,35.55882353,2456671.13333333
1672237800,35.38235294,36.44117647,33.61764706,33.88235294,3371016.13333333
1672324200,34.41176471,36.97058824,34.05882353,36.52941176,2405538.53333333
1672410600,35.64705882,36.08823529,34.41176471,35.91176471,2091094.06666667
1672756200,36.52941176,38.73529412,34.17529412,34.67647059,2504722.2
1672842600,35.29411765,36.66176471,33.88235294,36.08823529,2039920.66666667
1672929000,35.55882353,35.82352941,34.05882353,34.94117647,1445842.06666667
1673015400,35.11764706,35.20588235,33.26470588,33.97058824,1734613.13333333
1673274600,34.58823529,35.47058824,33.44117647,34.67647059,1945256.73333333
1673361000,34.5,35.95588235,34.5,35.82352941,1455723.6
1673447400,39.08823529,43.94117647,38.02941176,43.41176471,6119429.93333333
1673533800,44.91176471,47.20588235,41.82352941,44.29411765,4755597
1673620200,42.70588235,45.35294118,42.08823529,44.64705882,2937636.26666667
1673965800,47.38235294,54.44117647,44.64705882,53.55882353,6528812.6
1674052200,56.20588235,57.79411765,48.17647059,49.85294118,7040879.8
1674138600,48.26470588,49.85294118,46.41176471,48.70588235,3369954.2
1674225000,48.79411765,51.22058824,48.08823529,48.70588235,3544153.2
1674484200,48.79411765,52.23529412,47.82352941,49.94117647,3863858.6
1674570600,52.5,52.5,47.64705882,48.52941176,2753307.53333333
1674657000,47.91176471,48.26470588,46.58823529,47.02941176,2603843.53333333
1674743400,48.52941176,49.49911765,45,46.58823529,2447743.86666667
1674829800,46.32352941,49.54411765,45.00882353,48.61764706,3793221.33333333
1675089000,46.58823529,47.11764706,43.67647059,44.20588235,3866574.06666667
1675175400,45,47.20588235,44.11764706,47.20588235,2479894.26666667
1675261800,46.76470588,51.13235294,46.5,50.38235294,4190036.46666667
1675348200,55.41176471,56.91176471,52.32352941,53.64705882,5631634.2
1675434600,53.77941176,59.73529412,53.20588235,53.64705882,5933380.8
1675693800,55.67647059,64.67647059,53.38235294,60,7084909.8
1675780200,61.23529412,61.41176471,53.38235294,54.52941176,5373243.26666667
1675866600,54,54.08823529,49.5,50.47058824,3561432
1675953000,51.79411765,51.88235294,45.35294118,47.29411765,3299508.46666667
1676039400,45.97058824,45.97058824,40.94117647,43.23529412,4382686.13333333
1676298600,41.91176471,43.32352941,40.41176471,41.29411765,2971534.26666667
1676385000,40.14705882,40.76470588,38.73529412,39.70588235,4102577.13333333
1676471400,40.23529412,46.5,39.97058824,45.61764706,5294176.26666667
1676557800,46.23529412,48.44117647,44.55882353,46.32352941,3636351
1676644200,46.94117647,48.79411765,45.97058824,46.23529412,3127134.13333333
1676989800,48.26470588,54.70588235,48,53.82352941,8331475.6
1677076200,56.64705882,59.91176471,53.11764706,55.23529412,7782286.06666667
1677162600,55.5,58.67647059,52.14705882,54.97058824,4776350.6
1677249000,54.08823529,55.05794118,52.85294118,54.70588235,2651797.13333333
1677508200,55.67647059,72.26470588,54.61764706,67.14705882,13903464.73333333
1677594600,68.64705882,75.26470588,62.73529412,63,12858633.4
1677681000,60,62.70617647,57,57.97058824,4666768.6
1677767400,55.05882353,56.20588235,52.05882353,53.82352941,3211985.66666667
1677853800,54.70588235,59.02941176,54.17647059,58.05882353,3861217.93333333
1678113000,58.01470588,59.55882353,55.14705882,55.14705882,2974178.33333333
1678199400,54.97058824,56.02941176,52.94117647,53.02941176,1839383
1678285800,53.29411765,54.04411765,50.04264706,51.52941176,2251042.53333333
1678372200,50.64705882,52.23529412,49.05882353,49.85294118,1833558.8
1678458600,49.05882353,49.58823529,46.76470588,47.47058824,1765136.06666667
1678714200,48,49.05882353,46.23529412,48.17647059,1758714.6
1678800600,48.35294118,48.61764706,38.47058824,40.94117647,7352081.8
1678887000,39.97058824,40.67735294,36.61764706,37.14705882,4116638.4
1678973400,37.23529412,41.02941176,35.82352941,38.73529412,3198011.66666667
1679059800,37.94117647,38.29411765,36.24529412,36.88235294,3109136.8
1679319000,37.5,38.64705882,36.52941176,37.67647059,1992551.86666667
1679405400,38.20588235,39.22764706,37.16029412,38.91176471,2362667.93333333
1679491800,41.73529412,41.91176471,38.02941176,38.29411765,3563948
1679578200,39.17647059,41.29411765,38.29411765,39.44117647,2204503.33333333
1679664600,38.82352941,40.05882353,38.64705882,39.44117647,1193202.8
1679923800,39.79411765,40.41176471,37.94117647,40.14705882,2302303.2
1680010200,39.79411765,48.52941176,39.35294118,45.44117647,10178632.13333333
1680096600,45.35294118,45.95647059,42.61764706,44.11764706,3184421.86666667
1680183000,45.08823529,45.52941176,42.92647059,43.85294118,2293134.53333333
1680269400,43.32352941,44.60294118,42.97058824,44.20588235,2153705.06666667
1680528600,44.02941176,45.39705882,43.58823529,45.08823529,3809877.93333333
1680615000,36,39.26470588,34.23529412,34.5,10245281.2
1680701400,35.91176471,36.08823529,34.76470588,35.73529412,3474483.8
1680787800,39.26558824,45.49147059,38.02941176,43.23529412,11509548.53333333
1681133400,42.08823529,47.38235294,41.82352941,46.23529412,5731916.06666667
1681219800,48.08823529,49.67647059,46.32352941,47.91176471,4151447.6
1681306200,49.58823529,50.64705882,47.11764706,47.11764706,3810351.66666667
1681392600,48.35294118,49.94117647,47.55882353,48.17647059,2321679.8
1681479000,50.64705882,50.82352941,43.23529412,45.17647059,4079775.6
1681738200,46.23529412,46.76470588,45.26470588,45.88235294,1837481.26666667
1681824600,46.14705882,46.14705882,43.94117647,44.55882353,1556329.6
1681911000,43.67647059,45.61764706,43.41176471,45,1452248.8
1681997400,44.11764706,44.29411765,43.10294118,43.85294118,1166859.6
1682083800,43.58823529,44.73529412,43.32352941,44.02941176,1583632.73333333
1682343000,43.23529412,44.38235294,40.94117647,43.76470588,2536898.66666667
1682429400,43.58823529,47.11764706,43.41176471,45.44117647,3744333.86666667
1682515800,45.70588235,46.94117647,44.55882353,45.79411765,1617845.8
1682602200,46.05882353,49.05882353,45.54705882,47.38235294,2381714.73333333
1682688600,48.17647059,48.88235294,47.11764706,48.52941176,2150564.6
1682947800,48.79411765,50.20588235,47.42647059,49.85294118,2305338.26666667
1683034200,50.02941176,50.64705882,46.94205882,48.52941176,1840503.86666667
1683120600,47.73529412,51.35294118,47.73529412,50.64705882,2839810.33333333
1683207000,51.52941176,53.38235294,50.47058824,52.23529412,2834177.66666667
1683293400,53.82352941,53.91176471,49.94117647,51.97058824,3227657.4
1683552600,51.44117647,53.20588235,50.82352941,52.05882353,1930759.13333333
1683639000,51.26470588,52.5,48.79411765,48.88235294,2127578.33333333
1683725400,49.41176471,49.5,47.60294118,48.44117647,1651085.33333333
1683811800,47.82352941,48.35294118,45.79411765,47.11764706,1574381.33333333
1683898200,46.5,46.94117647,44.77941176,45.88235294,1518070.53333333
1684157400,45,46.23529412,44.38235294,45.35294118,1373039
1684243800,45,45.35294118,43.58823529,43.76470588,1349913.33333333
1684330200,43.85294118,45.44117647,42.97058824,45,1579604.86666667
1684416600,44.82352941,45.52941176,44.02941176,44.73529412,1211702.2
1684503000,44.91176471,44.91176471,43.76470588,44.38235294,1210623.26666667
1684762200,44.38235294,45.97058824,43.76470588,45.17647059,1587725.2
1684848600,44.91176471,45.35294118,43.94117647,44.38235294,1382362.93333333
1684935000,44.11764706,44.82352941,42.35294118,43.05882353,1936388.4
1685021400,43.5,43.5,40.76470588,41.47058824,1913529.06666667
1685107800,41.91176471,42.79411765,40.85294118,40.94117647,1342279.2
1685453400,41.82352941,42.13235294,39.70588235,40.85294118,1575393.4
1685539800,40.36764706,40.66058824,38.64705882,39.70588235,1515880.93333333
1685626200,39.79411765,41.11764706,39.44117647,40.14705882,1408848.93333333
1685712600,40.85294118,41.20588235,39.97058824,40.14705882,1074165.4
1685971800,41.02941176,41.20588235,40.14705882,40.85294118,1076072.8
1686058200,40.5,42.08823529,40.14705882,40.94117647,1715296.6
1686144600,42,42,40.67647059,41.73529412,1716824.33333333
1686231000,41.20588235,41.73529412,39.88235294,41.29411765,1781014.06666667
1686317400,41.02941176,42.52941176,41.02941176,42.08823529,1683605.2
1686576600,42.18264706,43.05882353,41.82352941,42.26470588,1181464.86666667
1686663000,42.88235294,45.44117647,42.52941176,44.11764706,2901650.66666667
1686749400,44.73529412,44.82352941,42.52941176,43.23529412,1762180.33333333
1686835800,42.79411765,42.79411765,41.29411765,42,1825073.53333333
1686922200,42.52941176,42.61764706,41.20588235,41.47058824,2126619.53333333
1687267800,41.38235294,41.73529412,39.61764706,40.5,1864358.26666667
1687354200,40.58823529,40.94117647,39.70588235,39.97058824,1476376.33333333
1687440600,37.5,37.76470588,35.91176471,36.79411765,4345546.8
1687527000,36.35294118,36.61676471,35.38235294,35.38235294,1651913.8
1687786200,36,36.44117647,35.38235294,35.55882353,1598281.06666667
1687872600,36,36.61764706,35.38235294,36.17647059,1806835.93333333
1687959000,36.08823529,40.14705882,36,38.91176471,2953963.06666667
1688045400,38.47058824,39.08823529,36.88235294,39,3205582.33333333
1688131800,38.20588235,38.82352941,37.5,38.82352941,1966923.8
1688391000,38.73529412,40.58823529,38.11764706,39.17647059,1822880.53333333
1688563800,39.17647059,39.17647059,37.23529412,37.5,2319747.46666667
1688650200,37.23529412,38.20588235,36.97058824,37.85294118,2369108.66666667
1688736600,38.02941176,38.42647059,37.05882353,37.05882353,1756532.93333333
1688995800,36.88235294,37.85294118,36.79411765,37.41176471,2659671.53333333
1689082200,37.94117647,39.17647059,37.53441176,38.73529412,2639988.93333333
1689168600,39.08823529,39.44117647,38.38235294,38.82352941,2136055.66666667
1689255000,39.08823529,39.88235294,38.77941176,39.17647059,2424368.86666667
1689341400,40.14705882,40.32352941,37.94117647,38.20588235,1971504.73333333
1689600600,38.29411765,38.73529412,37.67647059,38.55882353,1397082.66666667
1689687000,38.38235294,40.05882353,37.67647059,38.02941176,2109951.6
1689773400,38.38235294,38.82352941,37.76470588,38.55882353,2289136.13333333
1689859800,38.20588235,38.55882353,37.32352941,38.20588235,2254314.46666667
1689946200,38.29411765,39.52941176,37.80882353,38.82352941,9657160.53333333
1690205400,51.52941176,54.97058824,42.97058824,51.61764706,29117462.86666667
1690291800,47.29411765,48.35294118,44.38235294,45.17647059,6619191.4
1690378200,45.44117647,46.32352941,43.32352941,44.73529412,3535738.2
1690464600,45.08823529,45.44117647,39.79411765,39.88235294,4806301.2
1690551000,41.11764706,41.20588235,39.88235294,40.94117647,2812138.86666667
1690810200,41.11764706,44.82352941,40.93235294,43.85294118,4213298.13333333
1690896600,43.5,45.61764706,42.70588235,43.5,2723849.93333333
1690983000,42.79411765,43.05882353,41.29411765,42.35294118,1760399.86666667
1691069400,42.26470588,43.94117647,41.82352941,43.32352941,1680561.06666667
1691155800,43.32352941,44.82352941,42.52941176,43.5,2365882.06666667
1691415000,44.47058824,46.58823529,44.20588235,45.17647059,3063634.6
1691501400,48.17647059,48.17647059,44.02941176,44.91176471,3447943.4
1691587800,44.91176471,45.52941176,42.88235294,43.23529412,2050270.26666667
1691674200,43.67647059,45,43.23529412,43.94117647,1577981.93333333
1691760600,43.32352941,46.58823529,43.32352941,46.41176471,6762798.33333333
1692019800,29.38235294,32.11764706,28.05882353,29.91176471,15204938.26666667
1692106200,30.79411765,33.52941176,29.11764706,32.47058824,7978897.86666666
1692192600,32.47058824,33.88235294,30.61764706,33.08823529,6459146.6
1692279000,32.38235294,35.82352941,32.11764706,35.64705882,8100838.86666666
1692365400,35.82352941,36.97058824,34.05882353,36.08823529,5854627.73333333
1692624600,35.29411765,35.55882353,26.91176471,27.52941176,12887423.46666667
1692711000,27.35294118,27.44117647,21.70588235,22.5,12404184.86666667
1692797400,19.5,22,19.4,19.6,19985436
1692883800,16.31,16.6,13.325,14.37,26407969
1692970200,13.435,14.45,12.395,12.43,24061647
1693229400,11.99,12.35,11.05,11.07,24658930
1693315800,11.24,11.7,10.72,10.91,27312516
1693402200,11.1,13.64,10.73,12.73,55170296
1693488600,13.9,13.9,12.55,12.55,38962109
1693575000,12.68,13.23,12.12,13.1,22944879
1693920600,13,13.76,12.64,13.64,20097276
1694007000,11.7,11.7,8.43,8.62,84989558
1694093400,8.25,8.38,7.71,8.12,47792107
1694179800,7.96,8,7.1,7.18,32634548
1694439000,7.42,7.64,7.05,7.34,26368733
1694525400,7.38,8.14,7.22,7.57,37788051
1694611800,7.57,8.35,7.38,8.24,37600396
1694698200,8.91,9.1,8.045,8.14,46855415
1694784600,8.09,8.54,7.88,8.36,24215671
1695043800,8.25,8.319,7.68,7.8,18562172
1695130200,7.7,8.365,7.33,8.25,23462345
1695216600,8.05,8.69,7.97,8.16,23101728
1695303000,8.11,8.34,7.69,7.7,14920216
1695389400,7.77,8.09,7.59,7.62,13921804
1695648600,7.69,8.5,7.46,8.14,20448721
1695735000,8.08,8.46,7.77,7.91,16714155
1695821400,7.95,8.1,7.5,7.57,15769670
1695907800,7.5,7.79,7.31,7.79,15141040
1695994200,7.84,8.31,7.835,7.99,17752321
1696253400,8.06,8.4,7.765,8.15,17438877
1696339800,8.11,8.28,7.835,7.85,11379775
1696426200,7.88,8.5,7.73,8.34,18725938
1696512600,8.25,8.83,8.155,8.3,20160558
1696599000,8.26,9.4299,8.21,9.26,35656343
1696858200,9.12,9.86,9.06,9.82,26758503
1696944600,9.91,10.38,9.62,9.92,27390137
1697031000,10,10.52,9.81,10.42,23782904
1697117400,10.64,11.17,10.21,11,31698595
1697203800,10.74,10.835,9.34,9.5,31338822
1697463000,9.23,9.54,8.96,9.33,19021240
1697549400,9.17,10.26,9.15,9.86,23503223
1697635800,9.82,10.22,9.16,9.16,17228613
1697722200,9.3,9.83,8.97,9.36,18145637
1697808600,9.13,9.7,9,9.08,13827866
1698067800,9.37,9.62,8.91,9.16,17172855
1698154200,9.34,9.96,9.19,9.33,15333443
1698240600,9.42,9.54,9.08,9.28,12729060
1698327000,9.34,9.47,9.08,9.23,12472791
1698413400,9.27,9.66,9.13,9.15,13892260
1698672600,9.29,10.01,9.2401,9.96,16581382
1698759000,10,10.69,9.96,10.68,18157043
1698845400,10.76,10.799,10.01,10.03,14634262
1698931800,10.22,10.67,10.21,10.49,14482059
1699018200,10.635,11.2981,10.53,10.72,22573364
1699281000,11,11.43,10.76,10.95,20742367
1699367400,10.98,11.03,10.11,10.22,16037830
1699453800,10.3,10.3599,9.96,10.09,19309412
1699540200,8.18,9.37,8.02,8.71,63400577
1699626600,8.42,8.4467,7.84,8.01,29212857
1699885800,7.95,7.96,7.61,7.9,17230500
1699972200,8.18,8.25,7.78,8.07,20005170
1700058600,8.18,8.295,7.77,7.89,20265455
1700145000,7.84,7.85,7.36,7.39,19837051
1700231400,7.42,7.5,7.26,7.43,13223986
1700490600,7.5,7.52,7.15,7.16,13454386
1700577000,7.07,7.09,6.52,6.65,26428344
1700663400,6.72,7.105,6.6,6.99,18536310
1700836200,6.97,7.03,6.82,6.9,8594097
1701095400,6.88,6.89,6.67,6.8,11484298
1701181800,6.73,6.8,6.5342,6.7,17932142
1701268200,6.95,7.34,6.86,7.17,32449055
1701354600,7.15,7.18,6.64,6.65,20347073
1701441000,6.66,6.99,6.53,6.86,24079316
1701700200,6.87,7.54,6.81,7.49,30553658
1701786600,7.42,7.45,6.88,7.02,21060440
1701873000,7.07,7.145,6.77,6.79,17025001
1701959400,6.79,6.92,6.711,6.82,11599393
1702045800,6.82,7.04,6.79,6.93,11951452
1702305000,6.86,7.12,6.73,7.11,14619128
1702391400,7.14,7.15,6.7,6.72,16793921
1702477800,6.77,6.915,6.5,6.81,21774780
1702564200,6.94,7.22,6.67,6.71,28592919
1702650600,6.79,6.81,6.62,6.65,36845529
1702909800,6.66,6.84,6.47,6.74,17455515
1702996200,6.78,6.82,6.63,6.74,16633624
1703082600,6.69,6.7,6.17,6.17,26820098
1703169000,6.33,6.38,5.93,6.07,28731756
1703255400,6.05,6.2,5.96,6.1,15846548
1703601000,6.08,6.19,5.96,6.11,13107025
1703687400,6.11,6.26,6.04,6.16,11129261
1703773800,6.18,6.5,6.14,6.21,18490616
1703860200,6.2,6.23,6.06,6.12,15129633
1704205800,6.09,6.33,6.01,6.11,13559542
1704292200,6.05,6.065,5.55,5.58,29667210
1704378600,5.56,5.6,5.25,5.3,22982925
1704465000,5.26,5.28,5.08,5.17,16213469
1704724200,5.14,5.415,5.09,5.29,14387803
1704810600,5.24,5.3,5.03,5.04,13134188
1704897000,5.05,5.05,4.71,4.91,22955046
1704983400,4.86,4.87,4.64,4.7,13427947
1705069800,4.67,4.789,4.465,4.56,14495004
1705415400,4.54,4.54,4.13,4.21,17836958
1705501800,4.07,4.26,4.01,4.11,15468010
1705588200,4.15,4.44,4.08,4.43,17689971
1705674600,4.5,4.53,4.3,4.51,11258100
1705933800,4.6,4.81,4.43,4.48,14325906
1706020200,4.53,4.72,4.33,4.33,12718266
1706106600,4.4,4.44,4.11,4.13,11173111
1706193000,4.13,4.23,4.07,4.08,11252925
1706279400,4.12,4.26,4.06,4.07,11291576
1706538600,4.11,4.27,3.98,4.27,10971987
1706625000,4.23,4.23,4.08,4.11,8874381
1706711400,4.12,4.32,4.025,4.05,14591585
1706797800,4.1,4.15,4.02,4.06,10616884
1706884200,4.04,4.055,3.93,4.01,12933902
1707143400,3.97,3.98,3.6,3.67,19878639
1707229800,3.65,4.16,3.585,4.07,20769154
1707316200,4.08,4.08,3.84,3.94,13338831
1707402600,3.98,4.16,3.94,4.09,10763947
1707489000,4.15,4.49,4.1013,4.38,19574091
1707748200,4.38,4.72,4.31,4.56,15646920
1707834600,4.37,4.675,4.265,4.49,12040689
1707921000,4.62,4.87,4.47,4.8,13270834
1708007400,4.8,5.05,4.7629,4.89,12504550
1708093800,4.77,4.95,4.62,4.83,10243206
1708439400,4.76,4.8063,4.5501,4.66,9115678
1708525800,4.59,4.815,4.51,4.57,8125596
1708612200,4.66,4.69,4.36,4.42,9668410
1708698600,4.39,4.54,4.28,4.44,9598604
1708957800,4.46,4.6101,4.37,4.45,10444100
1709044200,4.49,4.85,4.485,4.81,17026495
1709130600,4.93,5.1,4.75,4.99,28664110
1709217000,4.46,4.75,4.22,4.32,28656073
1709303400,4.34,4.5,4.23,4.36,12695472
1709562600,4.36,4.39,4.12,4.32,14610482
1709649000,4.23,4.55,4.21,4.5,13744893
1709735400,4.52,4.69,4.4007,4.56,12789174
1709821800,4.6,4.9,4.52,4.6,19618810
1709908200,4.68,4.78,4.24,4.3,17507601
1710163800,4.3,4.5,4.25,4.36,12463047
1710250200,4.38,4.41,4.27,4.34,7131875
1710336600,4.32,4.45,4.3,4.36,8553919
1710423000,4.37,4.38,4.17,4.27,9477880
1710509400,4.2,4.54,4.2,4.44,17770873
1710768600,4.43,4.49,4.36,4.39,8581603
1710855000,4.35,4.41,4.24,4.27,8181242
1710941400,4.25,4.28,4.15,4.25,8398335
1711027800,4.25,4.3,4.15,4.2,7592106
1711114200,4.17,4.18,4.06,4.08,7325477
1711373400,4.11,4.24,4.06,4.09,8252161
1711459800,4.14,4.3,4.06,4.07,13948728
1711546200,4.13,4.37,4.07,4.34,12992367
1711632600,3.84,3.96,3.65,3.72,44200801
1711978200,3.74,3.77,3.12,3.14,46101718
1712064600,3.18,3.21,3.06,3.1,19707354
1712151000,3.12,3.12,2.935,3.02,22202871
1712237400,3.02,3.15,2.98,3,16686821
1712323800,3.01,3.05,2.95,3.01,11341102
1712583000,3.04,3.045,2.95,2.95,9716619
1712669400,2.97,3.015,2.95,2.97,9334024
1712755800,2.9,2.91,2.77,2.83,16257064
1712842200,2.89,2.89,2.73,2.8,15594644
1712928600,2.76,2.78,2.61,2.65,16726536
1713187800,2.67,2.68,2.46,2.47,16163207
1713274200,2.44,2.89,2.38,2.72,31338582
1713360600,2.94,3.03,2.82,2.98,26016426
1713447000,2.99,3,2.76,2.92,13960268
1713533400,2.89,3.3,2.83,3.16,28616236
1713792600,3.2,3.49,3,3.42,26989495
1713879000,3.4,3.55,3.36,3.39,16326144
1713965400,3.38,3.5,3.17,3.28,13666551
1714051800,3.15,3.28,3.1,3.28,13258774
1714138200,3.28,3.49,3.22,3.41,15423909
1714397400,3.33,3.35,2.96,3.03,24403237
1714483800,3.02,3.03,2.92,2.93,9370199
1714570200,2.92,3.07,2.835,2.97,14826032
1714656600,3.04,3.22,2.9711,3.13,16254112
1714743000,3.15,3.39,3.12,3.3,35844131
1715002200,3.26,3.44,3.04,3.29,41059305
1715088600,3.27,3.27,3.06,3.19,24452723
1715175000,3.15,3.27,3.07,3.19,26939029
1715261400,3.02,3.175,2.91,3.05,31669448
1715347800,3.06,3.185,2.9,2.91,24069827
1715607000,3.52,5.88,3.16,5.19,522639587
1715693400,11.88,11.88,5.85,6.85,634246623
1715779800,6.1,6.6,4.71,5.48,309600892
1715866200,5.05,5.3,4.62,4.64,129501882
1715952600,4.51,4.98,4.32,4.4,100445554
1716211800,4.35,4.93,4.32,4.83,84265211
1716298200,4.67,5.11,4.6,4.65,67250523
1716384600,4.64,5.23,4.45,5.06,62876996
1716471000,5,5.18,4.55,4.55,48253254
1716557400,4.66,4.95,4.62,4.84,41243170
1716903000,5.01,5.37,4.66,4.88,77858622
1716989400,4.76,4.78,4.43,4.5,40969489
1717075800,4.44,4.495,4.225,4.23,33054608
1717162200,4.25,4.39,4.1,4.33,29705763
1717421400,5.44,5.7,4.64,4.81,139690677
1717507800,4.67,4.91,4.57,4.79,33712603
1717594200,4.71,5.31,4.62,5.15,61745778
1717680600,5.05,5.96,4.97,5.79,131091555
1717767000,5.3,5.94,4.78,4.91,157290561
1718026200,4.93,4.9791,4.56,4.71,30729772
1718112600,4.7,5.495,4.63,5.22,64375830
1718199000,5.13,5.445,4.89,4.91,45701416
1718285400,4.96,5.385,4.94,5.2,33608498
1718371800,5.18,5.53,4.89,4.99,33427162
1718631000,4.95,5.18,4.74,4.89,27613495
1718717400,4.81,5.07,4.71,4.86,18998003
1718890200,4.82,4.98,4.72,4.81,18315924
1718976600,4.83,4.87,4.47,4.55,31059166
1719235800,4.49,4.58,4.44,4.57,15029720
1719322200,4.5,4.54,4.33,4.53,18788888
1719408600,4.48,4.69,4.39,4.68,17566022
1719495000,4.63,4.9,4.61,4.78,16376056
1719581400,4.72,4.99,4.67,4.98,48889125
1719840600,4.87,5.165,4.825,5.04,19104758
1719927000,5.02,5.36,5,5.21,24162922
1720013400,5.25,5.33,4.95,5.03,13782575
1720186200,5.06,5.1562,4.95,5.05,10995871
1720445400,5.08,5.73,5.075,5.47,34771726
1720531800,5.43,5.57,5.29,5.46,15880957
1720618200,5.48,5.62,5.16,5.21,20709933
1720704600,5.26,5.44,5.14,5.22,15559504
1720791000,5.29,5.35,5.18,5.26,11742326
1721050200,5.27,5.42,5.2,5.33,18449472
1721136600,5.4,5.54,5.31,5.47,18243243
1721223000,5.4,5.705,5.36,5.42,20459092
1721309400,5.43,5.46,5.03,5.1,18044246
1721395800,5.1,5.13,4.96,5.01,9392511
1721655000,5.08,5.76,4.82,5.28,37944101
1721741400,5.3,5.32,5.02,5.08,21909389
1721827800,5.04,5.1,4.54,4.69,23990642
1721914200,4.71,5.18,4.66,5.14,20827465
1722000600,5.15,5.29,5.1,5.18,17755874
1722259800,5.25,5.3,5.11,5.17,13690244
1722346200,5.16,5.34,5.11,5.11,14632103
1722432600,5.2,5.39,5.17,5.31,14787509
1722519000,5.3,5.435,5.11,5.12,14201710
1722605400,4.99,5.08,4.89,4.94,16404420
1722864600,4.41,5.12,4.41,4.95,20833500
1722951000,5.01,5.16,4.93,5.08,11281381
1723037400,5.12,5.21,4.78,4.82,14212281
1723123800,4.86,5.09,4.8401,5.08,10016991
1723210200,4.99,5.16,4.97,5,8433463
1723469400,5.05,5.18,4.96,5.04,11115908
1723555800,5.05,5.16,5.01,5.15,7773654
1723642200,5.14,5.18,4.98,5.12,9934248
1723728600,5.14,5.155,5.09,5.13,9351825
1723815000,5.1,5.15,4.98,4.99,9340590
1724074200,5.03,5.1,4.975,5.01,8796396
1724160600,5,5.02,4.92,5,5838330
1724247000,4.99,5.06,4.98,5.01,5322396
1724333400,5.01,5.05,4.9,4.92,6460303
1724419800,4.96,5.07,4.93,5.05,9168488
1724679000,5.08,5.25,5.035,5.05,12034059
1724765400,5.05,5.09,4.99,4.99,5803863
1724851800,4.99,5.0199,4.71,4.74,10967554
1724938200,4.91,4.955,4.76,4.82,7446209
1725024600,4.89,4.92,4.79,4.82,7669141
1725370200,4.83,4.85,4.63,4.63,9174391
1725456600,4.63,4.78,4.61,4.7,5102049
1725543000,4.72,4.83,4.685,4.73,5400503
1725629400,4.74,4.98,4.65,4.98,12999742
1725888600,4.88,5.11,4.87,5.01,11904052
1725975000,5.02,5.04,4.87,4.95,7753871
1726061400,4.87,4.975,4.715,4.95,7767055
1726147800,4.9,5.015,4.8908,4.9,5831130
1726234200,4.93,5.015,4.9,4.96,4974261
1726493400,4.95,5.01,4.85,4.85,7440544
1726579800,4.9,4.95,4.8,4.82,6521926
1726666200,4.85,4.9,4.75,4.78,8353728
1726752600,4.87,4.895,4.66,4.71,10375277
1726839000,4.7,4.805,4.635,4.76,27893790
1727098200,4.72,4.72,4.565,4.66,12049506
1727184600,4.7,4.7,4.51,4.52,11861924
1727271000,4.51,4.52,4.36,4.38,12689488
1727357400,4.45,4.55,4.39,4.54,9028661
1727443800,4.55,4.66,4.5,4.5,7075239
1727703000,4.51,4.69,4.4901,4.55,9137988
1727789400,4.62,4.6377,4.39,4.4,8019580
1727875800,4.39,4.46,4.3611,4.37,5487749
1727962200,4.3,4.5,4.29,4.43,5895349
1728048600,4.47,4.51,4.3316,4.4,9380809
1728307800,4.39,4.39,4.12,4.18,13000072
1728394200,4.18,4.245,4.14,4.17,7297525
1728480600,4.16,4.16,4.04,4.07,7474475
1728567000,4.03,4.21,4.03,4.19,5932021
1728653400,4.15,4.24,4.14,4.17,7126500
1728912600,4.15,4.24,4.12,4.12,5554909
1728999000,4.12,4.18,4.11,4.15,5138405
1729085400,4.18,4.26,4.15,4.23,5835270
1729171800,4.2,4.24,4.1512,4.22,4504093
1729258200,4.23,4.37,4.23,4.36,5506976
1729517400,4.34,4.42,4.24,4.29,5228526
1729603800,4.23,4.36,4.23,4.34,3755003
1729690200,4.26,4.32,4.17,4.24,5427273
1729776600,4.23,4.38,4.16,4.36,5966029
1729863000,4.35,4.51,4.32,4.32,6446671
1730122200,4.36,4.53,4.32,4.44,8438512
1730208600,4.43,4.47,4.3629,4.44,5172639
1730295000,4.44,4.65,4.43,4.56,9731238
1730381400,4.51,4.57,4.39,4.39,5852004
1730467800,4.43,4.56,4.42,4.51,4745218
1730730600,4.5,4.54,4.35,4.35,5368388
1730817000,4.33,4.45,4.31,4.39,6122299
1730903400,4.485,4.8,4.43,4.58,24378971
1730989800,4.45,4.47,4.23,4.3,16198187
1731076200,4.29,4.3,4.17,4.27,12998569
1731335400,4.3,4.65,4.25,4.49,25731563
1731421800,4.44,4.67,4.3,4.56,19585553
1731508200,4.54,4.87,4.53,4.56,20294655
1731594600,4.63,4.785,4.54,4.57,11358392
1731681000,4.58,4.675,4.45,4.48,8892255
1731940200,4.45,4.47,4.34,4.36,8117094
1732026600,4.34,4.35,4.26,4.34,9523460
1732113000,4.3,4.57,4.28,4.44,12564166
1732199400,4.46,4.53,4.4,4.49,7842489
1732285800,4.48,4.62,4.4307,4.55,11997236
1732545000,4.69,4.95,4.685,4.86,31663669
1732631400,4.87,5.01,4.711,4.8,21620444
1732717800,4.86,5,4.85,4.97,15100747
1732890600,5,5.091,4.91,4.95,9863005
1733149800,5.02,5.19,4.94,5.04,17700039
1733236200,4.95,4.99,4.77,4.86,10560359
1733322600,4.84,4.95,4.8,4.91,7355552
1733409000,4.89,5.56,4.83,5.2,48635306
1733495400,4.83,4.88,4.61,4.73,37389521
1733754600,4.69,4.76,4.49,4.51,16633381
1733841000,4.53,4.56,4.35,4.45,19291472
1733927400,4.42,4.46,4.33,4.35,14759672
1734013800,4.36,4.47,4.28,4.31,19337810
1734100200,4.3,4.32,4.16,4.18,18338910
1734359400,4.15,4.15,3.93,4.06,25674611
1734445800,4.08,4.35,4.02,4.25,19878296
1734532200,4.27,4.39,4.015,4.05,19250023
1734618600,4.12,4.15,3.98,4.09,13516304
1734705000,4.08,4.21,4.04,4.18,23155078
1734964200,4.14,4.19,4.06,4.12,13691447
1735050600,4.12,4.13,4.05,4.06,5860494
1735223400,4.06,4.15,4.02,4.05,11415812
1735309800,4.02,4.03,3.96,4,10586740
1735569000,3.97,4.01,3.87,3.97,11218305
1735655400,3.97,4,3.87,3.98,10055866
1735828200,4,4.06,3.95,4.02,8163373
1735914600,4.02,4.065,3.95,4.02,9686153
1736173800,4.05,4.12,3.9912,4.06,11350944
1736260200,4.07,4.13,4.02,4.07,12002279
1736346600,4.03,4.03,3.925,3.95,8847781
1736519400,3.9,3.92,3.72,3.8,10200844
1736778600,3.76,3.76,3.5,3.51,15174877
1736865000,3.56,3.56,3.23,3.24,19684407
1736951400,3.32,3.6,3.21,3.51,23345260
1737037800,3.51,3.65,3.44,3.58,9519800
1737124200,3.63,3.77,3.49,3.5,16280770
1737469800,3.5,3.58,3.46,3.48,8135269
1737556200,3.49,3.55,3.38,3.39,12760298
1737642600,3.37,3.47,3.345,3.41,9897277
1737729000,3.42,3.5,3.38,3.42,7541578
1737988200,3.39,3.47,3.24,3.25,12032206
1738074600,3.26,3.34,3.22,3.3,7754899
1738161000,3.3,3.32,3.16,3.21,9124600
1738247400,3.25,3.27,3.13,3.14,9927794
1738333800,3.12,3.18,3.075,3.11,8658018
1738593000,3,3.15,2.95,3.08,9542582
1738679400,3.11,3.21,3.08,3.16,7883274
1738765800,3.18,3.2,3.11,3.13,4851257
1738852200,3.14,3.18,3.08,3.1,4956810
1738938600,3.1,3.12,3.03,3.1,6157851
1739197800,3.12,3.19,3.11,3.17,6629524
1739284200,3.17,3.45,3.16,3.31,15575111
1739370600,3.33,3.55,3.3157,3.5,18230193
1739457000,3.51,3.54,3.38,3.48,13778665
1739543400,3.49,3.6399,3.49,3.55,10028310
1739889000,3.59,3.77,3.59,3.7,12923397
1739975400,3.7,3.73,3.47,3.57,9430282
1740061800,3.54,3.54,3.4214,3.49,7964135
1740148200,3.53,3.565,3.39,3.43,10778537
1740407400,3.45,3.54,3.3212,3.36,8831809
1740493800,3.38,3.4,3.16,3.27,15535860
1740580200,3.34,3.45,3.225,3.26,10938679
1740666600,3.3,3.395,3.21,3.22,8855612
1740753000,3.225,3.375,3.15,3.3,10807265
1741012200,3.31,3.39,3.0234,3.05,11853188
1741098600,3,3.115,2.95,3.08,8747042
1741185000,3.1,3.14,3.01,3.05,6383848
1741271400,3,3.08,2.98,3.01,6771777
1741357800,2.97,3.08,2.97,3.06,6612133
1741613400,2.99,3.1,2.97,2.98,9339603
1741699800,2.98,3.07,2.96,2.97,7809895
1741786200,2.99,3.03,2.94,2.94,5692973
1741872600,2.95,2.97,2.8221,2.84,8181774
1741959000,2.88,3,2.8602,2.9,7900123
1742218200,2.91,3.05,2.91,3.01,7618510
1742304600,2.98,3.065,2.98,3.02,6063202
1742391000,3.03,3.1,3.02,3.04,6544471
1742477400,3.03,3.07,2.98,2.99,6661657
1742563800,2.98,3.06,2.95,3.04,15405852
1742823000,3.06,3.09,3.04,3.08,7171427
1742909400,3.08,3.1,3.05,3.07,6142142
1742995800,3.1,3.18,3.03,3.03,8913227
1743082200,3,3.01,2.91,2.96,7067447
1743168600,2.9,2.96,2.85,2.88,6577018
1743427800,2.81,2.92,2.79,2.87,6047436
1743514200,2.86,2.8784,2.7229,2.78,9277296
1743600600,2.74,2.79,2.7,2.75,7265263
1743687000,2.675,2.7,2.61,2.64,9533237
1743773400,2.6,2.675,2.45,2.65,15543794
1744032600,2.65,2.9599,2.5635,2.75,18982969
1744119000,2.82,2.85,2.62,2.65,8447422
1744205400,2.63,2.925,2.6201,2.89,12893567
1744291800,2.84,2.95,2.79,2.92,8195126
1744378200,2.93,2.97,2.861,2.95,6018809
1744637400,2.97,3,2.85,2.88,6260456
1744723800,2.88,2.96,2.8601,2.96,5017131
1744810200,2.9,2.9288,2.77,2.8,7203157
1744896600,2.81,2.83,2.76,2.78,5704887
1745242200,2.75,2.8,2.65,2.69,6815756
1745328600,2.73,2.76,2.68,2.72,6926328
1745415000,2.79,2.83,2.69,2.71,7580142
1745501400,2.69,2.76,2.6835,2.71,6191107
1745587800,2.71,2.73,2.7,2.71,5428232
1745847000,2.71,2.76,2.695,2.72,5703035
1745933400,2.72,2.75,2.66,2.68,6546320
1746019800,2.65,2.67,2.5331,2.67,9621080
1746106200,2.68,2.6893,2.63,2.65,8140612
1746192600,2.65,2.71,2.65,2.68,7792988
1746451800,2.65,2.67,2.57,2.64,6193026
1746538200,2.64,2.72,2.6201,2.68,6745627
1746624600,2.69,2.73,2.66,2.71,8706402
1746711000,2.69,2.79,2.65,2.7,10674092
1746797400,2.73,2.775,2.69,2.73,8517412
1747056600,2.79,2.8399,2.72,2.73,8816394
1747143000,2.75,2.82,2.74,2.74,7598395
1747229400,2.76,2.811,2.73,2.74,7859428
1747315800,2.74,2.82,2.67,2.81,7490642
1747402200,2.8,3.185,2.8,2.95,26103652
1747661400,2.92,2.92,2.83,2.9,6958704
1747747800,2.9,3.03,2.86,3.01,8015223
1747834200,2.99,3.045,2.92,2.93,9743673
1747920600,2.93,3.27,2.88,3.24,19260523
1748007000,3.14,3.34,3.125,3.24,14773096
1748352600,3.47,4.08,3.39,4.01,67202088
1748439000,3.98,4.0077,3.45,3.46,33127767
1748525400,3.54,3.62,3.33,3.42,13749038
1748611800,3.37,3.595,3.32,3.56,15905919
1748871000,3.5,3.56,3.4,3.44,9924178
1748957400,3.44,3.46,3.315,3.33,9144854
1749043800,3.31,3.435,3.23,3.4,10230250
1749130200,3.4,3.49,3.35,3.4,7331425
1749216600,3.43,3.54,3.39,3.4,8062009
1749475800,3.43,3.44,3.32,3.35,7675819
1749562200,3.36,3.38,3.29,3.34,7738885
1749648600,3.32,3.38,3.2846,3.29,7542215
1749735000,3.24,3.25,3.09,3.13,11061255
1749821400,3.1,3.23,3.0814,3.15,7925145
1750080600,3.16,3.23,3.11,3.13,6307055
1750167000,3.09,3.12,3,3,6602514
1750253400,3,3.07,2.98,3.02,6361817
1750426200,3.01,3.0599,2.98,3.01,9671088
1750685400,2.96,3.01,2.93,2.99,6562265
1750771800,3,3.05,3,3,4379887
1750858200,3.01,3.08,2.95,2.98,4968114
1750944600,2.97,3.03,2.97,3.02,4237091
1751031000,3.02,3.08,3,3.07,9739939
1751290200,3.1,3.14,3.03,3.1,6322139
1751376600,2.905,2.93,2.79,2.82,30341542
1751463000,2.85,2.89,2.79,2.88,9585368
1751549400,2.88,2.96,2.86,2.95,6594042
1751895000,2.925,2.93,2.84,2.85,9381135
1751981400,2.86,2.94,2.82,2.9,9004662
1752067800,2.92,3.03,2.89,2.95,12546501
1752154200,2.95,3.06,2.92,3,9193961
1752240600,3.23,3.39,3.17,3.33,34923765
1752499800,3.34,3.36,3.25,3.29,11778166
1752586200,3.3,3.3,3.11,3.12,30213941
1752672600,3.14,3.22,3.08,3.18,8624956
1752759000,3.19,3.54,3.18,3.48,23181565
1752845400,3.53,3.595,3.45,3.54,19410524
1753104600,3.56,3.6,3.41,3.44,13628616
1753191000,3.45,3.55,3.405,3.5,9085944
1753277400,3.5,3.52,3.4,3.47,8219339
1753363800,3.45,3.45,3.34,3.36,7856987
1753450200,3.35,3.39,3.23,3.25,9856573
1753709400,3.23,3.245,3.1,3.11,9131094
1753795800,3.1,3.11,2.95,2.96,11377521
1753882200,2.96,2.98,2.91,2.91,9855008
1753968600,2.92,2.98,2.87,2.9,9408158
1754055000,2.89,2.94,2.84,2.85,9577700
1754314200,2.89,2.9,2.85,2.87,10687007
1754400600,2.88,2.93,2.84,2.84,8841060
1754487000,2.85,2.85,2.78,2.78,9712694
1754573400,2.82,2.849,2.78,2.81,6688774
1754659800,2.82,2.95,2.79,2.93,10447530
1754919000,3.24,3.26,2.98,3.03,41044307
1755005400,2.99,3.15,2.93,3.07,27214133
1755091800,3.1,3.14,3.03,3.07,10222046
1755178200,3.03,3.07,2.99,3.04,11650263
1755264600,3.05,3.0556,3,3,8980008
1755523800,3.01,3.02,2.93,2.93,10411966
1755610200,2.94,2.96,2.86,2.86,9554943
1755696600,2.86,2.8759,2.81,2.84,6809137
1755783000,2.83,2.88,2.825,2.83,5218070
1755869400,2.86,2.95,2.85,2.95,8739704
1756128600,2.95,2.97,2.875,2.88,7681670
1756215000,2.89,2.9,2.85,2.86,10998362
1756301400,2.87,2.88,2.83,2.84,6857834
1756387800,2.86,2.87,2.82,2.83,6550582
1756474200,2.84,2.85,2.8,2.81,7039595
1756819800,2.8,2.8077,2.73,2.77,10720446
1756906200,2.74,2.7738,2.7,2.71,12918711
1756992600,2.72,2.735,2.67,2.72,8847449
1757079000,2.73,2.77,2.69,2.75,10638106
1757338200,2.75,2.84,2.72,2.83,10214263
1757424600,2.82,2.85,2.78,2.81,5784880
1757511000,2.82,2.87,2.75,2.76,9706860
1757597400,2.77,2.87,2.76,2.8,13390905
1757683800,2.81,2.845,2.78,2.81,6931155
1757943000,2.82,2.92,2.815,2.9,9608649
1758029400,2.9,2.9176,2.85,2.9,6333472
1758115800,2.9,2.9076,2.8,2.82,11783811
1758202200,2.82,2.86,2.8,2.84,12047863
1758288600,2.84,3.08,2.83,3.01,56986248
1758547800,2.95,3.04,2.94,3,19782921
1758634200,2.98,3,2.92,2.96,12616245
1758720600,2.94,2.96,2.87,2.92,12231262
1758807000,2.88,2.89,2.81,2.83,12968571
1758893400,2.83,2.91,2.8,2.89,12286035
1759152600,2.9,3.07,2.9,3,23002191
1759239000,2.99,3.01,2.88,2.9,14271440
1759325400,2.91,3.04,2.9,2.95,19091701
1759411800,2.99,3.17,2.93,3.15,23383441
1759498200,3.13,3.18,3.035,3.06,17660881
1759757400,3.08,3.08,2.9,2.9,21733929
1759843800,2.93,2.93,2.81,2.84,20116066
1759930200,2.835,2.88,2.79,2.84,16041556
1760016600,2.84,2.955,2.81,2.93,19120318
1760103000,2.93,3,2.88,2.95,26872675
1760362200,2.92,2.98,2.85,2.87,25035763
1760448600,2.85,2.9,2.82,2.83,18932660
1760535000,2.86,2.91,2.82,2.82,25087159
1760621400,2.83,2.9799,2.74,2.75,57914861
1760707800,2.75,2.81,2.71,2.74,23037681
1760967000,2.78,2.8,2.72,2.77,23659210
1761053400,2.76,2.92,2.73,2.89,34173255
1761139800,2.87,2.8989,2.72,2.75,35125976
1761226200,2.76,2.82,2.72,2.73,32674597
1761312600,2.76,2.77,2.62,2.69,35154464
1761571800,2.695,2.75,2.66,2.7,23305825
1761658200,2.71,2.73,2.68,2.72,25078692
1761744600,2.7,2.72,2.65,2.66,30893977
1761831000,2.65,2.66,2.52,2.54,31081552
1761917400,2.55,2.6,2.49,2.59,24480039
1762180200,2.59,2.64,2.52,2.58,24246459
1762266600,2.55,2.61,2.51,2.51,18963494
1762353000,2.53,2.56,2.5,2.5,24288167
1762439400,2.52,2.6399,2.46,2.6,23689078
1762525800,2.55,2.56,2.39,2.41,30573290
1762785000,2.42,2.48,2.36,2.46,24846297
1762871400,2.45,2.47,2.41,2.43,12408608
1762957800,2.43,2.5,2.43,2.46,13126165
1763044200,2.44,2.45,2.33,2.34,18466752
1763130600,2.31,2.32,2.25,2.28,17314764
1763389800,2.26,2.28,2.12,2.17,30624277
1763476200,2.15,2.22,2.11,2.18,22567188
1763562600,2.19,2.21,2.11,2.13,14508703
1763649000,2.15,2.17,2.07,2.07,16487622
1763735400,2.07,2.21,2.05,2.2,26151030
1763994600,2.22,2.23,2.17,2.2,14655716
1764081000,2.19,2.33,2.1722,2.26,13881429
1764167400,2.26,2.3,2.24,2.3,13179760
1764340200,2.33,2.47,2.32,2.45,16117856
1764599400,2.4,2.44,2.33,2.35,11294274
1764685800,2.35,2.37,2.285,2.3,17189884
1764772200,2.3,2.34,2.25,2.28,11853386
1764858600,2.3,2.33,2.27,2.33,14825069
1764945000,2.3,2.31,2.245,2.27,15178747
1765204200,2.26,2.34,2.255,2.32,17470596
1765290600,2.32,2.33,2.25,2.28,12083451
1765377000,2.26,2.31,2.2,2.21,20305688
1765463400,2.2,2.22,2.135,2.16,16978941
1765549800,2.18,2.2,2.09,2.12,21452126
1765809000,2.08,2.11,1.97,1.97,30899372
1765895400,1.98,1.98,1.92,1.93,24735715
1765981800,1.94,1.95,1.815,1.82,24079710
1766068200,1.85,1.86,1.78,1.78,24073297
1766154600,1.78,1.825,1.73,1.75,37320769
1766413800,1.77,1.77,1.68,1.7,31437540
1766500200,1.69,1.7067,1.63,1.68,30343986
1766586600,1.68,1.69,1.6301,1.68,17862419
1766759400,1.68,1.72,1.61,1.69,22763898
1767018600,1.7,1.7,1.62,1.63,26661088
1767105000,1.63,1.65,1.6,1.61,21312636
1767191400,1.61,1.62,1.54,1.56,28432697
1767364200,1.57,1.61,1.5,1.61,37523109
1767623400,1.6,1.65,1.515,1.53,35920824
1767709800,1.54,1.62,1.52,1.52,30088494
1767796200,1.55,1.59,1.5,1.52,28041704
1767882600,1.52,1.52,1.44,1.45,29422403
1767969000,1.47,1.7,1.45,1.64,72240939
1768228200,1.635,1.79,1.57,1.73,61329395
1768314600,1.73,1.76,1.6,1.61,46111498
1768401000,1.61,1.62,1.55,1.55,31172881
1768487400,1.56,1.66,1.54,1.6,36442899
1768573800,1.6,1.68,1.59,1.61,31136332
1768919400,1.57,1.62,1.55,1.57,37449320
1769005800,1.58,1.7,1.57,1.61,51348816
1769092200,1.63,1.7,1.6,1.65,44640238
1769178600,1.65,1.68,1.55,1.56,55284395
1769437800,1.55,1.57,1.48,1.49,55918304
1769524200,1.5,1.51,1.44,1.45,33674523
1769610600,1.45,1.47,1.41,1.43,33824483
1769697000,1.43,1.46,1.36,1.37,48727304
1769783400,1.37,1.43,1.35,1.39,55477452
1770042600,1.38,1.48,1.35,1.4,50445427
1770129000,1.4,1.45,1.35,1.38,54958347
1770215400,1.37,1.535,1.365,1.47,70065168
1770301800,1.46,1.49,1.39,1.4,55744236
1770388200,1.42,1.51,1.41,1.48,57264773
1770647400,1.44,1.45,1.33,1.34,38690183
1770733800,1.35,1.39,1.33,1.33,22996864
1770820200,1.33,1.34,1.26,1.27,50878489
1770906600,1.27,1.3,1.21,1.22,50943596
1770993000,1.23,1.33,1.23,1.23,49699204
1771338600,1.25,1.28,1.22,1.25,49847154
1771425000,1.245,1.31,1.24,1.24,34850955
1771511400,1.23,1.27,1.21,1.22,18812521
1771597800,1.23,1.23,1.19,1.2,31499174
1771857000,1.19,1.21,1.15,1.15,24691188
1771943400,1.165,1.2,1.15,1.17,19187028
1772029800,1.18,1.21,1.16,1.16,23430064
1772116200,1.16,1.2,1.13,1.14,31019037
1772202600,1.14,1.18,1.12,1.16,32776212
1772461800,1.13,1.16,1.11,1.14,27617394
1772548200,1.13,1.17,1.1,1.13,31216468