time,open,high,low,close,Volume
1411133400,92.7,99.7,89.95,93.89,271879430
1411392600,92.7,92.95,89.5,89.89,66657827
1411479000,88.94,90.48,86.62,87.17,39009788
1411565400,88.47,90.57,87.22,90.57,32088108
1411651800,91.09,91.5,88.5,88.92,28597506
1411738200,89.73,90.46,88.66,90.46,18339716
1411997400,89.62,89.7,88.02,88.75,25302002
1412083800,89,90.88,88.46,88.85,24419426
1412170200,88.7,88.94,86.04,86.1,24029603
1412256600,86.27,88.2,85.611,87.06,21469688
1412343000,88.1,89.94,87.65,88.1,18485725
1412602200,89.15,89.65,88.06,88.31,9276113
1412688600,87.95,89.7,87.06,87.67,12791745
1412775000,88,88.5,87.06,88.3,10259807
1412861400,88.51,90.35,88,88.79,21506963
1412947800,88.25,88.74,85.24,85.88,15431445
1413207000,86.85,86.89,84.92,85.12,14845004
1413293400,85.81,85.88,83.22,84.95,15567286
1413379800,84.04,86.49,82.81,85.6,16824274
1413466200,84.98,89.175,84.015,88.85,15231729
1413552600,90.4,90.9,87.6701,87.91,17360731
1413811800,88,89.5,87.86,88.26,9891384
1413898200,89.1,92.5,88.5,90.9,23243839
1413984600,92.25,93.5,91.01,91.63,20364544
1414071000,92.92,94.7,92.82,94.45,20640967
1414157400,95.07,98,94.78,95.76,32132556
1414416600,97,98.85,96.3,97.79,28302370
1414503000,99.84,100.67,98.61,99.68,32127642
1414589400,99.88,100,96.82,98.31,28655356
1414675800,98.48,99.44,97.3,98.73,15484601
1414762200,100.1,100.22,98.1356,98.6,18128280
1415025000,99.67,102.8,99.05,101.8,41295786
1415111400,100.425,106.359,99.51,106.07,67814005
1415197800,108.48,110.14,106.48,108.67,48344248
1415284200,109.3,111.7,107.21,111.57,33608596
1415370600,112.93,114.77,111.75,114.56,51457292
1415629800,117.27,119.45,115.2,119.15,75970621
1415716200,117.25,117.55,113.69,114.54,71152418
1415802600,115.05,119.07,114.02,118.2,53908024
1415889000,119.3,120,114.55,114.84,62162512
1415975400,115.06,115.39,113.35,115.1,29848790
1416234600,115.44,115.63,113.13,114.25,22573052
1416321000,114.33,114.38,110.41,110.81,41097971
1416407400,109.83,110.68,107.22,108.82,46840584
1416493800,107.81,112.44,107.26,109.82,36489321
1416580200,113.21,113.5,110.4354,110.73,27432207
1416839400,112,113.93,111.55,113.92,20645684
1416925800,114.94,115.17,112.33,113.47,23484800
1417012200,113.33,113.74,112.33,112.67,11832909
1417185000,113.14,113.23,111.11,111.64,8077842
1417444200,110.02,110.05,103.8961,105.99,38464170
1417530600,107.35,110,106.61,109.89,18785046
1417617000,110.4,111.68,108.798,110.64,16221061
1417703400,110.1,110.5,108.91,109.17,10860303
1417789800,109.6,110.35,107.76,107.9,12148064
1418049000,105.97,107.4,104.2101,105.07,19217254
1418135400,102.27,107.95,101.2,107.48,24866811
1418221800,107.09,107.38,103.51,103.88,18466661
1418308200,104.44,106.84,104.29,104.97,15684278
1418394600,104.7,107.45,104.179,105.11,14537588
1418653800,106.39,107.77,103.7,104.7,16521759
1418740200,103.75,107.68,103.7,105.77,21700589
1418826600,107.11,109.19,106.28,109.02,17311145
1418913000,110.58,111.2,108.26,109.25,22788099
1418999400,109.93,110.65,108.04,110.65,14857753
1419258600,110.63,110.98,108.53,108.77,13041238
1419345000,108.3,108.47,103.88,105.52,19096295
1419431400,105.68,107.21,105.6,105.95,5870358
1419604200,105.99,106.94,105.5,105.95,6529104
1419863400,105.95,107.66,105.64,105.98,8068606
1419949800,105.64,106.71,105.13,105.75,10205745
1420036200,106.46,106.47,103.69,103.94,10283426
1420209000,104.24,104.72,102.52,103.6,12303388
1420468200,102.76,103.02,99.9,101,18337015
1420554600,101.25,103.85,100.11,103.32,15720408
1420641000,104.59,104.74,102.03,102.13,11052156
1420727400,102.95,105.3399,102.68,105.03,12942054
1420813800,105.24,105.3,102.89,103.02,10222235
1421073000,103.2,103.36,101.21,101.62,7997243
1421159400,102.59,102.85,100.01,100.77,11294447
1421245800,99.28,100.18,98.06,99.58,17807989
1421332200,99.67,100.14,96.02,96.31,18260075
1421418600,96.09,97.8,95.52,96.89,13327946
1421764200,98.3,100.21,97.59,100.04,12105566
1421850600,100.75,103.86,100.32,103.29,15186903
1421937000,104.6,104.92,103.1,104,11432954
1422023400,104.02,105.2,103.02,103.11,9873817
1422282600,104.4,105.13,103.33,103.99,10664933
1422369000,102.89,103.57,100.58,102.94,15659923
1422455400,100.3,101.49,97.79,98.45,42144722
1422541800,90.53,90.74,87.36,89.81,76561394
1422628200,89.6,92,88.11,89.08,36806855
1422887400,91.13,91.66,88.61,90.13,18865339
1422973800,91.65,91.65,89.9,90.61,13512263
1423060200,90.99,91.88,89.48,90,14643641
1423146600,89.58,89.84,86.1,87,28926155
1423233000,87.11,87.4,85.42,85.68,17632088
1423492200,85.83,86.75,85.47,86,12109549
1423578600,87.01,87.47,86.52,87.26,12043343
1423665000,87.58,87.7,85.82,86,12391883
1423751400,85.6,88.3,85.55,87.1,15177782
1423837800,88.2,89.3,87.65,89.05,14665220
1424183400,88.78,88.99,86.7,86.85,15191655
1424269800,87.1,87.43,86.5,86.74,7422267
1424356200,86.81,87.87,86.71,86.89,7604050
1424442600,87.25,87.29,86.38,86.64,7821725
1424701800,86.51,86.68,85.25,85.47,9367921
1424788200,85.53,85.53,83.88,84.69,15846433
1424874600,84.38,86.83,84.36,86.19,13645741
1424961000,86.92,87.16,85.2,85.37,8763283
1425047400,85.95,86.56,85,85.12,8377156
1425306600,85,85.02,83.75,84,11213400
1425393000,82.95,83.25,80.03,81.58,39246079
1425479400,80.27,85.8265,80.17,85.49,36607207
1425565800,85.75,86.27,84.01,86.1,18514791
1425652200,85.74,86,84.05,84.4,10673713
1425907800,84.35,84.35,81.48,82.53,17616541
1425994200,81.09,83.15,80.65,82.97,13817017
1426080600,83,83.38,81.19,81.99,12768747
1426167000,82.1,82.9,81.53,81.92,11232001
1426253400,81.8,81.92,80.77,81.86,12663261
1426512600,82.01,85.2,81.94,84,16905669
1426599000,84.01,85.1,83.51,84.5,17638969
1426685400,83.87,85.95,83.3,84.59,35662979
1426771800,85.11,87.04,85,85.74,30454698
1426858200,86.33,86.8,85.09,85.2,21181463
1427117400,85.25,85.53,84.21,84.25,11184040
1427203800,84.35,84.5,82.39,83.63,14545075
1427290200,83.94,84.48,82.67,83.75,13507223
1427376600,83.2,84.995,82.96,84.17,12208015
1427463000,84.78,85.15,83.34,84.58,9703760
1427722200,85.03,85.15,83.75,83.9,10020509
1427808600,83.64,84.45,83.2,83.24,11812889
1427895000,83.37,83.72,82.18,82.36,14896406
1427981400,82.88,83,81.25,82.28,19868163
1428327000,82.05,82.59,81.6139,81.82,12810548
1428413400,81.94,82.95,81.88,82.21,9443023
1428499800,83.3,85.54,83.0655,85.39,26161527
1428586200,87.03,87.69,85.2,86.14,27800359
1428672600,86.68,86.69,84.15,84.58,18300267
1428931800,85.16,85.71,83.82,84.28,15797050
1429018200,84.63,85.13,83.53,85,11819027
1429104600,85.08,85.36,84.16,84.67,12225844
1429191000,85.15,85.4,83.89,84.06,12048583
1429277400,83.08,83.25,81.61,81.9,22791777
1429536600,82.25,82.69,81.52,82.2,13470955
1429623000,82.86,82.92,82.14,82.42,10055961
1429709400,82.78,82.84,81.52,82.05,13316927
1429795800,81.88,82.75,81.62,82.28,11483253
1429882200,82.88,84.99,82.8,84.57,21058385
1430141400,85.53,86.27,84.65,84.9,17434201
1430227800,85.54,85.57,83.82,85.08,11110498
1430314200,84.06,84.4,81.64,82.45,21098023
1430400600,82.22,82.65,80.4399,81.29,14209658
1430487000,81.03,82.25,80.11,81.17,17910494
1430746200,81.17,81.56,80.12,80.59,21551458
1430832600,80.44,80.9,77.77,79.54,32661944
1430919000,79.65,80.85,79.51,80,24953501
1431005400,88.83,89.29,84.91,86,69448768
1431091800,87.82,88.27,86.89,87.06,30140638
1431351000,86.7,87.67,86.06,86.72,19776949
1431437400,87.05,87.5,86.14,86.77,16077757
1431523800,87.08,88.47,87,87.53,19015929
1431610200,87.74,88.48,87.53,88.4,12087851
1431696600,88.51,88.96,88.05,88.46,13424597
1431955800,87.61,87.93,86.61,87.11,13490194
1432042200,86.99,88.8,86.47,88.21,20727734
1432128600,88.14,90.8,87.3,90.7,29812284
1432215000,91.35,94.77,90.92,93.88,40729389
1432301400,94.28,95.06,93.19,93.27,22183344
1432647000,93.65,93.92,91.55,92.52,15674909
1432733400,92.22,92.99,91.6,92.6,9519276
1432819800,91.69,91.93,90.58,90.95,14212989
1432906200,91.35,91.5,89.32,89.32,13893161
1433165400,90.09,90.99,89.49,90.78,9905935
1433251800,90.55,91.54,90.19,90.51,9865253
1433338200,90.73,91.04,89.9,90.79,9428006
1433424600,90.71,91.41,90.27,90.59,8689039
1433511000,90.46,91.6,90.46,90.71,11353884
1433770200,90.65,91.6,88.2427,88.29,15702324
1433856600,88.04,88.18,86.12,87.58,16081784
1433943000,87.7,88.99,87.2,88.9,12551297
1434029400,89.03,89.48,87.1,87.21,13716159
1434115800,87.42,87.79,86.48,86.63,9977141
1434375000,86.3,87.17,86.05,86.12,10230405
1434461400,86.003,86.7,85.6101,86.09,10974185
1434547800,86.58,87.8,86.48,86.8,10241517
1434634200,86.97,87.59,86.32,86.75,11737153
1434720600,86.51,86.6,85.17,85.74,10316974
1434979800,86.07,86.4,85.58,85.68,7154206
1435066200,85.98,86.34,84.83,85.08,11411344
1435152600,85.163,85.81,84.85,85.17,9434264
1435239000,85.47,85.6,84.9,85.24,8949824
1435325400,84.63,84.65,82.82,83.28,12668574
1435584600,81.64,82.88,80.8,81.07,15199761
1435671000,82.58,83.69,81.96,82.27,12624595
1435757400,82.6,83,81.99,82.46,5949978
1435843800,82.12,82.32,81.78,82.07,6760209
1436189400,80.56,81.5,80.12,80.23,11864204
1436275800,79.45,79.79,76.21,79.62,34221659
1436362200,76.58,78.79,76.22,77.94,22714886
1436448600,80.93,81.19,79.04,79.04,19778690
1436535000,81.13,81.2,79.84,80.3,11224480
1436794200,80.92,82.2,80.7,81.86,10350512
1436880600,81.58,82.02,81.1301,81.5,7519316
1436967000,80.9,81.5,80.21,80.73,9514204
1437053400,81.39,82,80.9,81.53,8604535
1437139800,81.99,83.7,81.58,83.36,14505365
1437399000,83.56,83.68,82.05,82.67,8126115
1437485400,83.11,83.25,82.22,82.54,5750662
1437571800,82.16,84.75,82,84.15,11209240
1437658200,84.66,84.97,83.25,83.88,7452287
1437744600,85.17,85.38,82.65,83.02,8759920
1438003800,80.85,81.7,79.68,81.4,12185711
1438090200,80.67,80.8,79.25,80.56,12122816
1438176600,80.98,81.3689,80.01,80.26,7177109
1438263000,80.11,80.64,79.45,79.96,6934742
1438349400,79.85,79.905,78.2,78.34,12686961
1438608600,78.2,78.5,77.11,77.99,9276951
1438695000,78.07,79.354,77.8,78.87,8501158
1438781400,79.59,80.42,79.48,79.82,7502631
1438867800,79.85,80.75,78.64,78.96,9297795
1438954200,79.65,80.2,78.66,78.82,8738846
1439213400,79.86,80.99,79.5,80.47,11276691
1439299800,79.481,80,76.15,77.34,22976585
1439386200,72.32,73.85,71.03,73.38,41189332
1439472600,74,76.73,73.66,75.11,23230714
1439559000,74.53,75.49,74.46,74.76,12367296
1439818200,74.85,75.24,74.16,75.19,12677386
1439904600,74.05,75.13,73.73,73.88,11155139
1439991000,73.15,73.56,72.81,73.12,18179411
1440077400,71.98,72.78,70.03,70.32,20995615
1440163800,69.32,70.66,68.18,68.18,29128632
1440423000,58.16,67.48,58,65.8,31376441
1440509400,68.84,70.33,67.49,68.57,29948392
1440595800,68.95,69.45,65.75,68.66,26389196
1440682200,70.84,71.59,70.02,70.84,18123836
1440768600,69.68,70.5,69.045,70.07,10604633
1441027800,69.18,69.3,66.02,66.12,18479893
1441114200,64.38,66.84,64.05,64.83,23460927
1441200600,65.69,66,64.971,65.54,13376254
1441287000,65.821,66.89,65.41,66.47,15803187
1441373400,65.405,65.57,63.34,63.91,18186409
1441719000,65.78,66.81,60.25,60.91,50328411
1441805400,62.73,64.67,62.53,64.04,33147863
1441891800,63.52,64.25,63.34,63.83,13281586
1441978200,63.37,64.79,62.7,64.63,17746965
1442237400,62.55,63.26,61.48,62.6,26763268
1442323800,61.45,65.36,61.11,64.85,29035034
1442410200,65.61,68.08,65.26,67.23,25801007
1442496600,66.41,66.65,65.6,66,16594558
1442583000,65.4,65.75,64.01,65.75,20127316
1442842200,65.38,66.4,62.96,63.9,22355098
1442928600,62.94,63.27,61.58,61.9,14897867
1443015000,61.96,62.3,59.68,60,22684620
1443101400,59.42,60.34,58.21,59.92,20645737
1443187800,60.63,60.84,58.92,59.24,17009052
1443447000,58.81,60.12,57.315,57.39,20661638
1443533400,57.3,58.65,57.2,57.82,16771037
1443619800,58.87,60.08,58.35,58.97,16767074
1443706200,59.5,59.83,58.23,58.87,8147714
1443792600,58.36,63.24,58.2,63.2,22356301
1444051800,63.47,64.775,62.2,63.93,13583461
1444138200,63.72,64.73,63.28,63.92,9620882
1444224600,64.84,66.66,64.38,66.28,15798364
1444311000,66.04,68.41,65.96,67.7,18667535
1444397400,68.2,69.45,67.31,68.71,14762889
1444656600,69.64,70.47,69,70.3,15549080
1444743000,69.49,70.32,68.38,69.68,13052831
1444829400,69.5,69.7,67.425,68.54,12286059
1444915800,69.34,72.44,69.26,71.78,18202981
1445002200,72.5,73.64,71.21,71.99,15953520
1445261400,71.8,73,71.522,72.65,10886932
1445347800,72.99,73,71.55,71.79,11093433
1445434200,71.66,71.79,68.89,69.48,16861233
1445520600,70.16,71.63,70.07,70.99,10811421
1445607000,73.98,75.76,72.84,75.62,22510817
1445866200,75.44,77.42,75.13,76.35,24819715
1445952600,82.11,82.79,78.25,79.44,50815752
1446039000,79.48,82.545,79.2001,82.35,25027054
1446125400,81.97,82.53,80.82,82.22,16431699
1446211800,82.7,84.44,82.6,83.83,20740519
1446474600,83.52,84.83,82.75,84.35,13827413
1446561000,84,84.59,83.13,83.44,11641315
1446647400,84.45,85.6,84.03,85.4,23728526
1446733800,85.22,86.42,84.2,85.38,20657187
1446820200,85.53,86.35,80.77,83.61,38530985
1447079400,83.44,83.47,80.22,81.38,19091538
1447165800,81.1,82.43,79.62,81.43,22004409
1447252200,82.28,82.49,78.12,79.85,29636606
1447338600,78.99,80.5,78.45,78.76,18839783
1447425000,77.15,78,75.64,75.85,24235506
1447684200,75.83,78.75,75.77,78.3,17045472
1447770600,78.9,79.14,77.47,78.13,12471386
1447857000,78.25,78.31,76.15,77.69,16735364
1447943400,78.06,79.15,77.403,77.87,15692710
1448029800,78.44,80.785,78.4,79.95,21025813
1448289000,80.45,82.19,79.97,81.31,18766372
1448375400,80.85,81.11,79.27,80.86,15283587
1448461800,80.91,82.675,80.82,81.71,16330912
1448634600,80.57,81.41,79.275,81.38,12600339
1448893800,81.5,84.47,81.38,84.08,97914052
1448980200,83.77,84.39,83.5,84,26235460
1449066600,84.27,85.82,84.25,85,36611541
1449153000,85.05,85.1,82.1,82.59,23029237
1449239400,82.58,85,82.42,84.85,15554984
1449498600,84.8,85.1299,84.2,84.76,11875479
1449585000,82.77,84.67,82.61,84.38,14667441
1449671400,84.37,85.2,82.97,83.42,21919178
1449757800,83.34,84.34,82.85,84.33,10474745
1449844200,82.85,83.05,79.422,79.74,20793568
1450103400,80.15,80.76,78.99,80.57,12077721
1450189800,81.06,83.39,80.9,82.49,13054779
1450276200,83.3,85.05,82.995,84.63,16575557
1450362600,85,85.32,82.85,83.56,13003014
1450449000,83.2,83.75,82.03,82.65,12168724
1450708200,83.15,83.73,82.43,82.87,8094552
1450794600,82.89,85.1,82.89,84.84,12778246
1450881000,85.05,85.09,83.72,84.8,11238523
1450967400,84.56,84.8,83.41,83.71,3775327
1451313000,82.56,82.75,81.52,82.14,9319397
1451399400,82.5,83.51,82.41,83.26,6942676
1451485800,82.95,83.11,81.5,81.68,6984289
1451572200,81.48,82.17,81.25,81.27,6744517
1451917800,78.18,78.31,75.18,76.69,23066273
1452004200,77.92,78.68,77.26,78.63,14258895
1452090600,77.12,78.485,76.97,77.33,11569250
1452177000,73.29,75.5,71.54,72.72,27288086
1452263400,74.33,74.66,70.67,70.8,20814578
1452522600,71.29,71.73,69.02,69.92,16961399
1452609000,71.45,72.77,71,72.68,13456017
1452695400,72.77,73.239,70.22,70.29,12480235
1452781800,70.29,72.72,68.27,72.25,17719647
1452868200,68.7,71,67.541,69.59,20722464
1453213800,71.94,72.31,69.81,70.13,17421675
1453300200,68.025,69.1124,65.34,68.71,19464371
1453386600,68.78,71.65,67.1437,70.72,16576491
1453473000,72.51,73.34,69.89,70.37,15834702
1453732200,70.8,70.8,69.02,69.72,14782802
1453818600,69.01,70.19,68.88,69.77,11473319
1453905000,69.96,71.42,68.745,69.54,18257579
1453991400,72.55,73.15,66.67,66.92,33165129
1454077800,67.98,68.93,65.4,67.03,25594680
1454337000,66.5,67.7,65.35,67.03,16213789
1454423400,67.05,67.7399,64.66,65.09,19150801
1454509800,65.6,65.73,60.87,63.44,31918623
1454596200,64.33,65.72,63.1,64.86,22911548
1454682600,64.71,64.86,62.18,62.64,12842834
1454941800,60.9,62.05,60.45,61.1,16157911
1455028200,60.11,62.22,59.25,61.39,12738302
1455114600,61.9,63.09,60.87,61.78,8998555
1455201000,60.25,61.63,59.85,60.57,15008495
1455287400,61.27,62.78,60.28,60.89,13669574
1455633000,64.42,66.89,64.04,66.29,21735387
1455719400,67.17,67.39,65.68,66.38,14457123
1455805800,67,68.5,66.23,66.52,14547793
1455892200,66.8,67.75,66.09,67.28,12334936
1456151400,68.3,69.53,67.98,68.84,13405383
1456237800,68.5,68.66,66.465,66.97,12930625
1456324200,66.17,67.69,65.21,67.23,10781450
1456410600,65.67,66.72,64.66,66.66,14686063
1456497000,68.09,68.83,66.86,66.91,12084083
1456756200,67.64,70.58,67.56,68.81,17984155
1456842600,70.02,71.84,69.86,70.86,14007655
1456929000,72.04,72.04,70.75,71.25,10503045
1457015400,71.31,72.59,70.46,71.02,11596375
1457101800,70.96,72.96,70.72,72.22,10763583
1457361000,72.2,73.98,72,72.89,11244533
1457447400,72.4,72.65,70.96,71.07,8670739
1457533800,71.59,72.61,70.68,72.43,7283370
1457620200,72.5,73.05,70.605,71.97,11247868
1457706600,72.58,74.01,72.22,74.01,11219201
1457962200,74.01,74.4199,72.89,73.35,11069776
1458048600,72.62,72.84,71.75,72.23,8373721
1458135000,72.01,73.66,71.86,73.5,7701181
1458221400,73.76,74.3701,73.51,74.25,9423899
1458307800,74.97,76.3,74.71,76.25,13350099
1458567000,77.09,79.6804,76.94,78.11,15493250
1458653400,77,78.55,76.908,78.18,9148448
1458739800,78.16,78.98,76.15,76.56,10806847
1458826200,75.15,76.15,73.53,75.86,8833367
1459171800,76.45,76.89,74.9,76.48,6082051
1459258200,75.6,78.24,75.57,78.08,12534992
1459344600,79.01,79.55,78.54,78.86,10696031
1459431000,78.5,79.84,78.41,79.03,11318526
1459517400,78.24,79.02,78.2,78.73,9262187
1459776600,78.33,79.55,78.32,79.08,9817315
1459863000,78.2,78.3,76.91,77.32,9603910
1459949400,77.3,79.15,77.19,78.68,9071942
1460035800,77.6,78.6,77.1825,77.61,10937914
1460122200,78.27,78.76,76.621,77.47,8401183
1460381400,78.07,78.589,77.43,77.71,7896503
1460467800,78,78.24,76.87,77.86,7115386
1460554200,78.74,79.72,78.5,79.64,14150926
1460640600,79.31,79.858,78.36,79.61,12611504
1460727000,79.45,79.75,78.46,78.97,11709125
1460986200,78.52,79.12,77.71,79.01,7767005
1461072600,79.2,80.48,78.47,79.46,14742025
1461159000,79,81.735,78.99,81.21,14911857
1461245400,81.08,81.78,80.2,80.78,8818957
1461331800,80.12,81.44,79.155,79.89,8649349
1461591000,79.8,79.84,78.68,78.84,9207614
1461677400,78.85,79.56,77.8001,78.61,9632708
1461763800,78.3,78.62,76.57,77.65,11491918
1461850200,77.65,77.9,76.09,76.4,9959913
1461936600,76.81,77.28,75.66,76.94,10124250
1462195800,76.89,77,75.94,76.61,7718058
1462282200,75.96,76.27,75.425,75.91,8019171
1462368600,75.64,75.91,75.01,75.82,14326645
1462455000,79.52,79.94,78.1,78.83,27950855
1462541400,78.35,79.72,78.25,79.2,12862054
1462800600,78.94,79.98,78.89,79.41,11795753
1462887000,79.79,79.98,79.15,79.72,9319729
1462973400,79.43,80.485,79.41,79.8,11072489
1463059800,80.01,80.45,78.32,79.16,8791371
1463146200,78.825,79.16,76.97,77.16,10077984
1463405400,77.86,79.93,77.59,79.29,11661034
1463491800,79.83,80.2,79.31,79.35,10970726
1463578200,78.71,80,78.47,79.03,9085812
1463664600,78.65,79.26,77.6,78.32,8317470
1463751000,79.07,79.45,78.3501,78.79,11043922
1464010200,78.95,79.5,78.6,79,7187516
1464096600,79.17,81.31,79.07,81.12,16707662
1464183000,78.53,79.2,74.12,75.59,49685518
1464269400,76.99,78.865,76.8,78.35,26968572
1464355800,78.49,81,78.39,80.97,24552935
1464701400,81,82.03,80.2,82,78861383
1464787800,79.15,80.14,76.55,76.69,62531511
1464874200,76.65,77.75,76.56,77.3,45379470
1464960600,77.24,77.8,75.71,76.62,23685736
1465219800,77.11,78.33,76.7,78.06,19166096
1465306200,78.19,78.37,77.32,77.84,12877981
1465392600,78,78.53,77.375,77.64,11614055
1465479000,77.39,78.07,76.78,77.56,8994449
1465565400,76.43,77.05,75.76,75.92,10421059
1465824600,75.25,76.455,74.85,75.45,11300757
1465911000,76.89,78.45,76.75,77.77,22358857
1465997400,78.31,78.7686,77.51,78.39,14734824
1466083800,77.84,78.4,76.2,78.27,13570656
1466170200,78.45,78.45,76.48,77,15582575
1466429400,77.9,78.7899,77.84,78.15,9625641
1466515800,78.75,79.08,78.4,78.62,8881825
1466602200,79.04,79.12,78.21,78.73,8170856
1466688600,79.16,79.46,78.55,79.14,8279464
1466775000,76.83,77.5,75.43,76.29,18224791
1467034200,75.8,76.29,73.3,74.23,15251773
1467120600,75.5,76.6,75.5,76.28,11266195
1467207000,76.98,78.48,76.9,78.04,11459983
1467293400,78.31,79.76,78.28,79.53,12485338
1467379800,79.12,80.05,79.12,79.65,7271279
1467725400,79.04,79.55,78.37,78.97,6845232
1467811800,78.47,78.82,77.68,78.64,7737637
1467898200,79,79.4899,78.71,79.35,6819170
1467984600,78.44,79.35,77.8,78.99,14029075
1468243800,79.33,81.9,79.24,81.46,17417457
1468330200,81.79,82.88,81.51,81.74,15294115
1468416600,81.83,81.88,80.37,80.57,10739182
1468503000,81.18,82.24,80.86,81.74,9361454
1468589400,81.78,82.49,80.965,81.25,8919868
1468848600,80.6,82.79,80.6,82.65,12113575
1468935000,82.48,83.69,82.05,82.77,9799375
1469021400,83.27,84.7,83.23,84.42,13990957
1469107800,84.71,85,83.66,84.18,10192080
1469194200,84,84.5,83.81,84.49,5988370
1469453400,84.47,84.79,82.61,83.19,13185912
1469539800,82.86,83.63,82.63,83.59,7714661
1469626200,83.6,83.64,83,83.1,11628979
1469712600,83.46,83.49,82.1201,83.12,7476531
1469799000,83.37,83.42,81.945,82.48,8709279
1470058200,82.79,84.8,82.59,84.34,13401193
1470144600,84.34,84.34,82.91,83.8,7691627
1470231000,83.3,83.84,83.17,83.67,5365813
1470317400,83.75,84.98,83.69,84.75,10731563
1470403800,85.01,85.08,84.44,84.59,9401657
1470663000,84.99,85.02,84.3,85,11528244
1470749400,85.05,85.63,84.8,85.24,15349237
1470835800,86.01,87.73,86.01,87.33,28195881
1470922200,92.14,92.8,91.26,91.77,54169169
1471008600,92.98,98.35,92.91,98.25,71968347
1471267800,98.28,98.86,96.82,97.17,33813431
1471354200,96.15,97.15,95.05,96.66,27513961
1471440600,96.17,97.25,96.05,97,14980944
1471527000,97.25,97.94,96.62,97,15009049
1471613400,96.91,97.24,96.34,96.86,14267089
1471872600,96.47,96.63,94.75,95.65,16222875
1471959000,95.59,96.48,95.41,95.79,9646830
1472045400,95.68,96.3,93.56,93.88,12726565
1472131800,93.75,94.69,93.12,93.94,13039874
1472218200,94.15,95.45,94.08,95.06,14133920
1472477400,94.6,95.16,94.21,94.88,8818346
1472563800,95.35,96.68,95.17,96,13994246
1472650200,96.14,97.2,96.01,97.19,28617010
1472736600,97.3,98,97.01,97.42,13387366
1472823000,97.97,99.665,97.97,99.25,17482617
1473168600,100.45,104.3,100.45,103.78,32803767
1473255000,103.84,104,102.26,102.32,15758762
1473341400,101.93,103.78,101.63,102.57,15475494
1473427800,101.8,102.21,99.05,99.62,21250414
1473687000,97.38,101.38,97,100.8,17318186
1473773400,100.38,101.49,98.84,100.28,20004920
1473859800,100.08,102.59,100.02,102.4,19604724
1473946200,102.62,104.48,102.53,104.45,20841027
1474032600,104,105.39,103.86,104.64,20363471
1474291800,105.16,105.5,102.195,103.03,15234574
1474378200,102.94,103.73,100.93,101.45,12863809
1474464600,102.46,106.19,102.21,106,22997062
1474551000,107.57,109.76,107.48,109.36,35627728
1474637400,108.25,108.4,106.71,107.71,23082976
1474896600,106.52,107.06,105.3,105.89,16805335
1474983000,106.52,108.49,106.37,108.26,17556710
1475069400,108.44,109.87,107.16,108.75,16371600
1475155800,106.51,106.69,104.57,105.55,30236671
1475242200,106.5,107.1,105.79,105.79,15577503
1475501400,105.45,106.29,104.98,105.38,10849473
1475587800,105.93,106.23,105.05,105.45,11068841
1475674200,105.87,107.45,105.66,106.96,13176546
1475760600,107.3,107.51,106.185,107.08,9885558
1475847000,106.89,107.55,105.56,106,8954371
1476106200,106.79,109,106.56,108.41,11516628
1476192600,107.89,107.97,104.75,105.23,14916564
1476279000,105.05,105.11,101.82,103.62,18434983
1476365400,102.06,102.55,99,102.15,22389979
1476451800,104.27,104.7,101.03,101.85,12789498
1476711000,101.5,103.47,101.27,102.84,10351713
1476797400,104.47,104.99,103.31,103.34,11107198
1476883800,104.33,104.8,103.65,103.93,8918931
1476970200,104.2,104.74,103.57,103.85,7109782
1477056600,103.7,103.94,102.75,103.94,8073095
1477315800,104.98,105.3,103.55,104.5,10898833
1477402200,104.86,105.2002,104.02,104.22,8985668
1477488600,103.68,104,102.7,102.78,7579847
1477575000,103.38,104.11,101.85,102.38,8807090
1477661400,102.35,103.05,101.55,101.93,8479491
1477920600,102.65,103.21,101.42,101.69,15837901
1478007000,100.43,101.24,99.21,101.15,21287287
1478093400,103.85,104.1,97.3,98.51,37066972
1478179800,98.04,99.3,96.46,97.75,17412642
1478266200,96.9,98.79,96.67,97.57,9048524
1478529000,100.07,100.62,99.16,99.35,11198343
1478615400,99.39,99.99,98.36,99.85,8091111
1478701800,97.38,98.58,95.8,96.67,20948039
1478788200,98.34,98.5,92.22,94.34,27346656
1478874600,93.86,94.09,91.1,92.99,23725758
1479133800,92.451,92.54,87.88,89.77,27356192
1479220200,91,93.49,90.75,91,16722956
1479306600,91.39,93.68,91.33,92.86,14079662
1479393000,94.71,94.98,93.64,94.07,10380231
1479479400,94.85,95.3,92.67,93.39,10032576
1479738600,94.05,94.66,93,93.41,8960045
1479825000,94.24,94.42,93.16,93.21,10403624
1479911400,92.53,93.4,91.45,93.03,11743806
1480084200,93.55,93.75,92.77,93.01,4868511
1480343400,93.02,95.7411,93,93.76,14340055
1480429800,93.67,96.055,93.39,94.99,14146870
1480516200,95.28,95.48,93.3,94.02,11447742
1480602600,94,94.055,89.18,89.86,24030681
1480689000,90.38,91.74,89.95,90.48,11718827
1480948200,90.05,91.4,89.57,90.99,8902646
1481034600,91.56,91.93,89.96,90.4,7787821
1481121000,90.52,91.65,89.5,91.07,13240009
1481207400,91.8,93.08,91.03,92.31,10919524
1481293800,92.51,93.64,92.28,93.28,9177566
1481553000,92.05,92.89,91.7,92.47,9355867
1481639400,92.8,93.73,91.87,92.16,10491316
1481725800,91.83,92.26,90.83,91.19,9153726
1481812200,90,90.6,88.74,88.85,19215542
1481898600,89,90.1,88.56,88.67,11341520
1482157800,88.61,89.82,88.41,88.93,10226275
1482244200,89.19,90.31,88.94,89.84,8434744
1482330600,89.96,90.43,89.25,89.25,9044867
1482417000,87.89,88.26,86.01,86.8,14404521
1482503400,86.62,87.68,86.62,86.79,6360165
1482849000,86.72,87.94,86.71,87.54,5228010
1482935400,88.3,88.75,87.22,87.37,6421078
1483021800,87.82,88.2,87.16,87.33,5467104
1483108200,87.57,88.1,87.2,87.81,7211060
1483453800,89,89,88.08,88.6,8789386
1483540200,88.985,90.89,88.58,90.51,11490165
1483626600,91.91,94.81,91.64,94.37,16821545
1483713000,94.4,94.5,93,93.89,7639786
1483972200,94.16,95.65,93.31,94.72,10829512
1484058600,96.4,97.904,95.55,96.75,14780567
1484145000,96.92,97.45,95.6,96.94,8735888
1484231400,96.85,96.85,94.8,95.9,8424702
1484317800,95.95,97.38,95.76,96.27,10701089
1484663400,96.32,96.59,95,96.12,6342427
1484749800,96.27,96.27,95.26,96,6610650
1484836200,96.42,96.7,95.58,96.17,7089962
1484922600,96.45,97.15,95.6707,96.06,9685787
1485181800,96.48,98.67,96.26,98.41,14090338
1485268200,103.15,103.19,99.94,101.43,37181541
1485354600,102.46,104.27,101.9,104.06,23322771
1485441000,103.92,104.57,102.17,102.75,12504773
1485527400,102.25,102.7,101.29,102.07,8031012
1485786600,101.2,101.46,100.09,101.02,8619760
1485873000,100.24,102.09,100.06,101.31,7530026
1485959400,102.07,102.38,100.87,101.57,5736373
1486045800,101.28,101.47,100.56,100.84,5371631
1486132200,101.5,101.56,100.3,100.39,6197622
1486391400,100.17,101.706,100.02,100.9,6866702
1486477800,101.04,101.6,100.5,100.83,5655631
1486564200,101.55,103.99,101.16,103.57,10178465
1486650600,103.325,104.18,102.56,103.34,8435817
1486737000,103.88,103.94,102.31,102.36,7680312
1486996200,102.82,104.44,102.62,103.1,9728978
1487082600,103.14,103.6,100.896,101.59,10240705
1487169000,102.06,102.13,100.11,101.55,12384440
1487255400,101.86,102.1,100.5,100.82,7464034
1487341800,100.69,101.73,100.3,100.52,8258244
1487687400,101.03,102.54,100.91,102.12,8189639
1487773800,102.48,105.2,102.42,104.2,15779442
1487860200,104.72,104.86,101.82,102.46,10095637
1487946600,101.39,103,101.3,102.95,7356558
1488205800,102.5,103.825,102.2201,103.6,6865880
1488292200,103.89,103.99,102.03,102.9,8017478
1488378600,103.68,104.99,103.21,104.04,10331843
1488465000,103.8,104.58,102.77,103.19,7983012
1488551400,102.99,103.42,102.44,103.31,6320936
1488810600,102.76,103.25,102.1,102.31,6290674
1488897000,102.3,103.3078,102.11,102.63,4985200
1488983400,102.63,104.29,102.54,103.22,7066707
1489069800,102.97,103.75,102.76,103.24,4523635
1489156200,103.43,103.7,102.63,103.39,4120725
1489411800,103.52,106.25,103.47,105.18,16118945
1489498200,104.61,106,103.8221,104.25,7748369
1489584600,104.37,104.49,102.6,103.69,11695195
1489671000,105.25,105.65,104.301,105.63,12445226
1489757400,105.17,106.5,104.86,105.61,8778885
1490016600,106.23,108.2,105.94,107.25,12447932
1490103000,108.46,108.7,104.7,105.09,13877719
1490189400,104.64,106.12,103.98,106.09,7153035
1490275800,106.95,108.83,106.44,108.25,13410771
1490362200,108.4,109.13,107.23,108.04,7578379
1490621400,106.65,108.19,106.51,108.08,7709376
1490707800,108.23,108.95,107.4601,107.8,6472004
1490794200,107.97,109.74,107.69,109.51,8782609
1490880600,109.729,110.45,108.66,108.85,10592470
1490967000,108.5,109.1186,107.78,107.83,9002786
1491226200,108.85,109.47,107.52,108.09,8391448
1491312600,107.87,108.26,106.88,107.52,6480113
1491399000,108.36,108.82,107.32,107.44,8205387
1491485400,107.59,108.42,107.15,108.04,5211109
1491571800,107.88,109.07,106.76,108.99,8354942
1491831000,109,111.88,108.84,111.7,14798611
1491917400,111.4,111.79,109.46,110.44,10012135
1492003800,110.5,111.7,110.31,110.63,8099810
1492090200,110.72,111.45,109.82,110.21,6857001
1492435800,110.91,111.87,110.3,111.76,7128051
1492522200,111.2,112.2,110.8674,111.23,8305129
1492608600,111.99,112.2,110.57,110.76,9603782
1492695000,111.53,113.6,111.48,112.96,13772552
1492781400,112.8,113.17,112.3,113.11,8968296
1493040600,114.04,115.16,114.02,114.86,13386574
1493127000,115.54,115.82,114.8,115.48,11332044
1493213400,115.37,115.75,114.6223,114.97,6678780
1493299800,115,115.96,114.83,115.43,9441465
1493386200,115.9,115.99,115,115.5,6984928
1493645400,115.63,117.24,115.5,116.68,7332129
1493731800,117.07,118.69,117,118.09,10048174
1493818200,117.95,118,115.12,116.57,10591095
1493904600,115.94,116.41,115.15,115.86,6977804
1493991000,116.05,116.15,114.8,116.04,7099447
1494250200,116.9,117.51,116.2,116.86,6461932
1494336600,118.62,120,118.07,120,15219945
1494423000,120.01,120.33,119.1,119.98,9347289
1494509400,120.13,120.5,118.25,120.16,11375510
1494595800,120.37,120.4677,119.51,120.34,9823899
1494855000,121.03,121.49,120.031,121.4,11125450
1494941400,121.98,124.34,121.74,124.02,18222134
1495027800,123.25,123.89,120.5,120.72,19834651
1495114200,116.31,122.63,114,121.27,37121943
1495200600,123.96,126.4,123.07,123.22,21101695
1495459800,124.98,125.59,123.555,124.75,13493167
1495546200,124.67,125.675,122.85,122.93,14370124
1495632600,123.07,123.684,121.95,122.81,8376742
1495719000,123.74,124.45,122.31,123.63,12486528
1495805400,123.93,124.65,123.1,123.99,7558893
1496151000,124.08,124.88,123.53,123.91,8343401
1496237400,123.64,124.1753,122,122.46,11582152
1496323800,122.82,124,122.26,123.97,8901367
1496410200,123.72,124.53,123.24,124.13,7342128
1496669400,124.02,125.56,123.87,125.37,10030644
1496755800,125.61,126.2,124.27,124.62,9257144
1496842200,125.08,125.91,124.11,125.64,9431588
1496928600,142.51,143.7,135.21,142.34,81381531
1497015000,144.57,148.29,137.01,139.44,54367382
1497274200,139.17,142.2,136.05,139.08,32177599
1497360600,141.88,142.244,135.9,136.6,40879593
1497447000,137.8,139.25,135.26,136.67,32862037
1497533400,135.64,135.67,133.1,135.08,30510350
1497619800,136.28,136.5,133.55,134.87,36431311
1497879000,137.81,140.4,137.4,139.47,24951612
1497965400,140.08,140.63,137.93,138.38,20580535
1498051800,138.82,143.5,138.02,143.29,30911557
1498138200,142.05,144.68,140.88,142.27,21897597
1498224600,142.1,143.34,141.6,143.01,11759007
1498483800,144.03,145.36,141.27,142.73,17828140
1498570200,143.9,144.38,141.1,141.53,17374776
1498656600,142.65,144.37,141.48,143.95,17759787
1498743000,143.16,143.56,137.52,140.81,24130279
1498829400,141.03,142.38,139.92,140.9,12276690
1499088600,141.75,142.49,139.495,140.99,6975712
1499261400,141.16,145,140.33,144.87,16995802
1499347800,143.01,143.62,141.83,142.2,11934243
1499434200,142.65,143.3785,141.831,142.43,8046241
1499693400,143,144.16,142.25,143.81,10351503
1499779800,144.29,145.87,143.26,145.81,13519912
1499866200,147.38,149.3,146.85,149,14955833
1499952600,149.52,150,148,149.52,11683407
1500039000,150.12,152.25,149.69,151.83,11469369
1500298200,153.53,153.7,150.42,151.23,15342672
1500384600,151.08,154.6,150.48,153.75,15313034
1500471000,155.14,156.41,152.64,153.15,16896075
1500557400,153.96,154.12,151.84,152.11,16739772
1500643800,151.79,152.15,150.31,151.89,11452728
1500903000,152.77,153.23,151.6,152.26,10649112
1500989400,152.36,152.75,150.85,152.44,8460318
1501075800,152.53,156,152.36,155.79,14466317
1501162200,157.85,160.39,151.33,154.15,26058549
1501248600,153.96,158.96,152.82,157.56,14449438
1501507800,158.9,159.39,153.5,154.95,17782398
1501594200,156.25,156.61,153.8,154.73,12035333
1501680600,155.47,155.75,149.1,151.91,19529328
1501767000,152.1,153.8,149.6,153.32,12435439
1501853400,154.32,154.32,152.16,153.33,10035631
1502112600,154.83,158.99,154.37,158.84,15906365
1502199000,158.56,159.84,156.8,157.5,15447059
1502285400,156.05,157.71,155.2,157.49,11022555
1502371800,156.2,156.5,151.25,151.77,19298943
1502458200,150.51,152.57,147.5,151.7,22327427
1502717400,154.77,155.08,153.1,154.61,14601839
1502803800,155.74,158.32,154,157.75,18635683
1502890200,160,160.35,158.535,159.5,21318321
1502976600,166.12,168,163.51,163.92,56840344
1503063000,165.36,169.5,164.1,167.5,31492502
1503322200,168.29,170.6,166.98,169.25,22352336
1503408600,170.02,174.77,169.64,174.46,24481894
1503495000,172.9,176.23,172.75,175.8,21939044
1503581400,177,177,174.3,175,20795227
1503667800,174.8,174.94,171.11,171.74,24184674
1503927000,171.15,171.34,167.06,168.3,24615864
1504013400,165.15,169.23,164.35,167.41,19587326
1504099800,169.15,172.39,169.15,171.25,17769969
1504186200,172.54,172.9,170.25,171.74,16486770
1504272600,171.99,172.3863,170.65,171.04,11166595
1504618200,169.47,171.93,168.7378,169.92,15021149
1504704600,170.17,171.11,167,168.14,19988321
1504791000,169.26,170.97,168,170.48,15141851
1504877400,169.99,171.22,168.92,169,12345308
1505136600,171.5,174.2,171.5,174.06,18257911
1505223000,174.89,175.62,173.37,175.31,15629672
1505309400,175.75,179.1,175.56,178.97,22060679
1505395800,177.54,179.93,176.02,177.1,22827671
1505482200,177.9,179.75,176.7,176.7,26567550
1505741400,178.89,180.29,177.75,179.98,22919809
1505827800,180.69,180.87,179.25,180.07,14751937
1505914200,180.02,180.5,176.151,177.95,15396680
1506000600,178.05,178.8611,175.3,177.39,14578768
1506087000,176.2,178.42,175.68,178.14,12749689
1506346200,176.48,177,167.5,169.59,34033654
1506432600,170.01,171.9,166.79,167.02,23696220
1506519000,169.84,171.95,169.45,170.99,19444188
1506605400,170.91,171.88,169.5667,170.24,13956972
1506691800,171.11,173.54,170.74,172.71,13401803
1506951000,174.57,175.13,172.57,173.61,12563384
1507037400,176.06,178.78,173.61,178.56,16714610
1507123800,178.06,180,177.3,178.71,11420594
1507210200,179,179.73,176.03,178.89,11895266
1507296600,177.85,179.87,177.61,179.2,8749276
1507555800,178.97,183.1322,178.75,182.09,15011614
1507642200,181.65,184.46,181.36,183.12,13201284
1507728600,183,184.7,182.6005,184.69,11974445
1507815000,184.04,184.39,180.3478,180.53,15441222
1507901400,180.96,181.4,177.97,178.45,18107742
1508160600,180,180.05,178.51,179.56,12855874
1508247000,179.58,180.12,175.3,175.32,20132223
1508333400,177.09,180,176.28,179.61,21766267
1508419800,177.001,179.61,175.45,177.93,13538966
1508506200,179.02,179.52,177.08,177.32,11953220
1508765400,177.8,178.0098,173.05,173.13,17610881
1508851800,174,175.98,173.26,173.7,11945951
1508938200,174.69,175.44,169.3,170.22,18109375
1509024600,170.62,171.45,168.58,170.32,13527415
1509111000,173.19,177,171.11,176.15,19712550
1509370200,178.43,181.9,177.59,181.58,20219707
1509456600,183.57,185.12,181.811,184.89,21256673
1509543000,187.88,188.88,183.58,186.08,28594733
1509629400,190.99,191.22,183.31,184.81,41239871
1509715800,186.51,186.93,182.06,183.21,19697343
1509978600,184.07,188.25,184,187.84,19873148
1510065000,189.58,189.86,187,188.51,17781234
1510151400,187.98,188.15,185.1,185.9,13944586
1510237800,184.21,185.13,181.05,185.13,19755550
1510324200,187.03,187.17,185.4,186.41,15030991
1510583400,186.77,187.88,184,184.54,17185607
1510669800,184.3,184.38,181.15,181.79,14475342
1510756200,179.37,181.88,176.7356,181.48,16566977
1510842600,183.31,186.27,183.12,185.43,18389473
1510929000,185.92,186.5,184.67,185.13,13422728
1511188200,187.6,190,186.611,188,25992271
1511274600,190.35,191.56,188.8,190.9,19639467
1511361000,191.54,191.75,189.37,189.84,14417615
1511533800,189.39,191.7,188.7,191.19,9874520
1511793000,190.49,191.4503,187.55,188.03,14952763
1511879400,188.83,189.1,186.5,186.69,13378145
1511965800,185.25,185.41,173.62,179.91,40204058
1512052200,179.53,179.8,176.32,177.08,25851122
1512138600,175.27,179.8,173.8,174.61,26782304
1512397800,177.2,177.58,168.26,169.58,35895142
1512484200,165.28,172.96,164.25,168.96,31609904
1512570600,168.3,173.23,167.8653,172.63,23897802
1512657000,173.76,175.82,172.26,174.47,15697869
1512743400,177.72,178.96,176.37,177.62,23543371
1513002600,179.19,180.68,178.15,179.29,15626196
1513089000,178,178.16,173.77,174.64,22656450
1513175400,175.19,177.7,174.3,176.47,18653366
1513261800,173.11,173.39,169.61,171.75,32830024
1513348200,172.89,173.55,170,173.55,41356671
1513607400,174.6,174.7,172.37,173.37,17023342
1513693800,171.97,173,170.51,171.28,23936180
1513780200,171.79,172.9,170.8,172.64,17121392
1513866600,172.8,176.25,172.6508,175.32,14812355
1513953000,175.84,176.66,175.04,176.29,12524722
1514298600,174.55,175.15,171.73,172.33,12913823
1514385000,172.29,173.87,171.73,172.97,10152340
1514471400,173.04,173.53,171.67,172.3,9508057
1514557800,172.28,173.67,171.2,172.43,9704583
1514903400,176.399,184.1,175.7,183.65,29916943
1514989800,185.19,185.635,181.4,184,20121856
1515076200,185.9,187.7472,184.43,185.71,19473795
1515162600,187.17,190.75,186.301,190.7,18168345
1515421800,190.46,191.66,189.07,190.33,16230147
1515508200,191.13,192.49,188,190.8,19495092
1515594600,188.1,190.39,186.58,189.79,17943839
1515681000,189.73,190.43,188.1,188.75,12400372
1515767400,189.91,190.2,187.25,187.79,11789627
1516113000,190.4,191.74,181.75,182.4,27428505
1516199400,183.3,184.8,179.32,183.83,21346502
1516285800,184.28,185.845,182.69,184.4,14190653
1516372200,185.15,185.239,182.8,184.05,15349322
1516631400,184.975,185.04,181.68,184.02,16016347
1516717800,185.28,192.4,183.54,192.28,31305926
1516804200,194.71,198.86,192.4,195.53,34497260
1516890600,196.34,199.59,194.1001,198.33,23421605
1516977000,200.33,205.23,199.21,205.22,23768628
1517236200,204.83,205.69,201.82,203.01,21920480
1517322600,198.68,202.54,196.49,199.66,23377519
1517409000,202.82,206.2,202.8,204.29,26982494
1517495400,192.75,199.49,191.14,192.22,52628863
1517581800,194.79,195.68,186.8,187.31,32233916
1517841000,183.7,190.4699,179.9,180.53,31083967
1517927400,174.72,185.59,174.17,185.17,35804470
1518013800,183.5,186.83,180.3,180.3,19672104
1518100200,182.27,183.1,171.39,173.7,32051314
1518186600,175.12,177.6164,168.88,176.67,28049543
1518445800,180.44,180.79,175.0861,177.44,18280259
1518532200,177.42,182.15,177,179.25,15506955
1518618600,179.22,186.93,178.9002,186.76,21047363
1518705000,189.25,189.56,184.431,187.45,14361054
1518791400,186.75,188.27,183.54,183.68,16114051
1519137000,183.67,188.83,183,187.19,14854901
1519223400,189.37,193.17,188.46,188.82,22071585
1519309800,190.2,190.74,187.77,188.75,12282843
1519396200,190.18,193.405,189.95,193.29,16937275
1519655400,194.46,195.15,190.65,194.19,19463072
1519741800,192.59,193.5667,187.21,188.26,23218450
1519828200,187.25,188.24,185,186.14,19367576
1519914600,186.18,187.48,180.05,181.99,17286309
1520001000,178.01,180.23,175.45,179.76,18909123
1520260200,179.41,181.95,177.07,181.6,15656661
1520346600,185.19,188.01,184.82,187.37,17856088
1520433000,184.37,189.07,184.32,189.05,13728910
1520519400,189.05,190.23,186.5699,187.18,14331400
1520605800,189.64,190.7,188.01,190.55,14208356
1520861400,192.3,194.4,190.9,192.74,17826186
1520947800,193.88,194.25,187.39,188.41,14826665
1521034200,190.29,193.63,190.22,192.56,20032271
1521120600,198.44,201.5,196.52,199.06,33626797
1521207000,198.4,200.38,197.26,200.28,26948659
1521466200,198,198.43,192.801,194.53,19681421
1521552600,194.95,199.21,194.54,198.95,11952024
1521639000,198.8,198.88,194.57,195.3,12047301
1521725400,190.75,192.39,184.6,184.65,25355700
1521811800,186.85,188.48,180.401,181.2,18714404
1522071000,187.89,190.62,184.32,190.5,16758711
1522157400,192.24,192.25,180.66,181.89,16627873
1522243800,180.73,183.44,177.57,178.91,20081071
1522330200,180.88,185.13,178.62,183.54,16378866
1522675800,182.81,183.51,175.75,177.61,16028747
1522762200,179.26,179.58,173,174.67,19978343
1522848600,166.88,172.4099,166.13,172.07,24573593
1522935000,175.48,176.56,171.17,172.57,18250947
1523021400,169.84,172.27,166.4,167.52,18209969
1523280600,169.75,172.72,168.61,169.87,14717312
1523367000,175.1,177.88,173.85,177.1,20596194
1523453400,176.48,178.16,174.74,175.36,10170536
1523539800,175.93,177.9,174.56,175.92,11133871
1523626200,176.72,176.8,171.07,172.04,13526198
1523885400,172.01,174.79,171.01,174.7,9876207
1523971800,174.83,179.34,174.83,178.7,16285805
1524058200,178.9,182.88,177.64,182.68,16972731
1524144600,183.26,183.63,179.52,181.39,11988977
1524231000,179.36,181.39,177.53,179.11,14473079
1524490200,178.63,179.32,174.71,175.57,12033892
1524576600,177.63,178,170.68,173.09,14567517
1524663000,170.52,171.3,166.64,170.22,17132871
1524749400,173.25,174.36,172.05,173.9,13398037
1524835800,177.11,178.2,174.01,177.16,15062517
1525095000,178.09,180.04,177.05,178.54,14653977
1525181400,177.58,180.3199,177.44,179.5,10787699
1525267800,180.8,184.264,180.11,181.45,20681841
1525354200,183.5,183.59,175.77,182.45,26265148
1525440600,180.4,190.6,178.62,188.89,57788340
1525699800,190.41,196.6,190.3,195.35,29862192
1525786200,194.2,197.34,193.01,196.31,21856348
1525872600,195.84,197.38,194.5,195.43,13780627
1525959000,196.3,199.77,195.16,195.96,21295038
1526045400,196.4,196.46,193.38,194.36,12741110
1526304600,195.9,200,195.87,198.64,17627130
1526391000,195.23,196.78,193.86,196.61,12694857
1526477400,196.75,199.75,196.3,198.11,12887456
1526563800,196,198.43,195.57,196.02,13470547
1526650200,196.43,197.78,194.72,195,14242305
1526909400,197.8,199.79,196.4,197.64,13830526
1526995800,198.3,198.6274,195.7,195.87,9700121
1527082200,193.88,196.9,192.8011,196.8,12807376
1527168600,198.12,199.72,195.6974,197.37,18527694
1527255000,197.57,201.5,197.21,199.2,21269952
1527600600,197.94,202.28,197,198,18768743
1527687000,199.7,200.54,197.5,197.98,13930634
1527773400,198,199.48,196.85,198.01,17982536
1527859800,199.5,204.99,199.45,204.34,23131917
1528119000,205.12,209.75,204.73,208.95,19357012
1528205400,209.95,211.7,207.13,208.37,17787704
1528291800,209.86,210.46,207.2893,208.3,13800519
1528378200,207.46,209,200.88,203.62,26747768
1528464600,201.11,206.23,200.43,205.07,17525218
1528723800,206.5,207.6,205.01,205.7,12061370
1528810200,206.95,209.8,206.9,209.08,15910860
1528896600,209.44,209.65,206.6,206.62,13844190
1528983000,207.72,211.12,207.51,210.86,18838274
1529069400,207.49,210.08,206.01,208,28665573
1529328600,205.16,208.6,203.88,208.57,14645182
1529415000,203.53,204.51,199.5,204.43,24484164
1529501400,205.05,207.23,205.02,206.23,15559583
1529587800,205.84,206,201.04,202.21,13963829
1529674200,203.38,203.8,200.25,202.01,9623682
1529933400,197.85,198.1,187.86,191.25,32750867
1530019800,193.34,193.66,188.42,191.42,20740355
1530106200,193.46,193.6,184.89,185.02,23886981
1530192600,183.2,188.96,182.04,188.38,19553796
1530279000,185.36,188.97,184.26,185.53,26023406
1530538200,181.66,186.36,181.06,186.36,17325917
1530624600,187.88,188.5,184.36,184.75,11673699
1530797400,187.17,187.44,182.9,186.88,18412131
1530883800,186.01,192.49,185.54,192.27,17035621
1531143000,194.45,194.69,190.87,192.75,15466403
1531229400,192.89,195.13,191.48,192.55,12611428
1531315800,188.6,190.05,187.42,187.42,15947024
1531402200,190.77,192.58,189.79,190.17,17440353
1531488600,191.61,192.12,189.3,190.04,12557906
1531747800,189.57,191.37,189.15,190.35,12205645
1531834200,188.65,192.95,187.9,192.66,13270692
1531920600,192.45,193.23,189.91,190.79,10796602
1532007000,188.68,189.68,186.87,187.34,13373064
1532093400,189.49,189.5,186.61,187.25,12812654
1532352600,187.18,187.81,184.8,187.04,10996150
1532439000,190.19,193.07,188.35,189,18414763
1532525400,190.61,198.35,190.14,197.98,20739329
1532611800,193.21,196.12,192.62,194.18,13885520
1532698200,196.1,196.27,186.93,189.42,19916587
1532957400,190.22,190.59,182.06,184.82,19906278
1533043800,186.4,188.948,183.99,187.23,17016639
1533130200,186,189.06,183.96,185.27,14370748
1533216600,181.54,182.9,179.78,182.6,20976524
1533303000,184.15,184.5,180.08,180.84,18185065
1533562200,180.7,180.86,177.49,178.62,35418962
1533648600,180.29,183,179.74,179.92,20620300
1533735000,180,180.18,176.55,177.52,21152413
1533821400,179.31,180.63,176.76,177.19,35220934
1533907800,175.57,180.45,174.75,180.01,22049178
1534167000,179.65,180.65,177,177.68,14680647
1534253400,175.14,176.2,170.77,172.53,38508592
1534339800,167.11,169.85,165.39,169.83,41278613
1534426200,172.33,175.7,171.57,171.99,34263288
1534512600,172.52,174.2,168.38,172.78,24695359
1534771800,175.22,178.86,174.36,176.29,25900658
1534858200,177.63,179.67,176.97,177.92,20337389
1534944600,178.15,179.74,175.5,177.85,27138492
1535031000,184.97,186.5,171.91,172.23,78843385
1535117400,175,176.37,172.45,174.23,30442809
1535376600,177.1,180.88,176.22,180.65,23533814
1535463000,182.15,182.38,177.5,178.19,15319030
1535549400,179.35,179.66,176.83,178.5,11911063
1535635800,177.33,178.1,174.122,174.6,17086172
1535722200,173.11,176.681,172.76,175.01,13730845
1536067800,173.5,173.95,169,170.44,23450454
1536154200,167.48,168.28,162.03,164.23,35694744
1536240600,164.16,166.48,158.67,159.87,33051954
1536327000,159.95,164.61,159.5095,162.37,19452377
1536586200,158.59,160.72,155,156.36,39092736
1536672600,153.18,158.45,152.85,157.46,25913010
1536759000,158.2,162.82,156.1808,161.46,32490453
1536845400,165.41,167.22,164.01,165.53,25696478
1536931800,167.88,168,163.381,164.74,23617709
1537191000,161.5,161.65,158.2886,158.89,20423197
1537277400,156.88,159.4,155.52,156.65,27240576
1537363800,158.82,163.13,158.82,162.63,23028307
1537450200,166.89,167.7,164.7163,165.88,22818127
1537536600,169.46,169.84,164.5,164.63,22081900
1537795800,162.81,163.399,160.1,163.16,13123393
1537882200,164.05,165.44,162.83,164.25,9588722
1537968600,165.52,167.39,164.87,165.4,13592549
1538055000,166.39,167.05,164.92,166.32,12689166
1538141400,164.9,165.66,163.3,164.76,10486460
1538400600,165.92,165.95,161.56,162,10615171
1538487000,159.79,161.0278,158.27,160.23,14730480
1538573400,163.15,164.54,161.93,162.37,13118816
1538659800,160.06,160.08,153.87,156.13,32176131
1538746200,156.14,157.12,152.25,154.63,20270970
1539005400,150.2,152.6357,148.34,151.14,25060388
1539091800,147.97,150.5898,146.47,146.94,31070180
1539178200,142.5,144,137.92,138.29,55828758
1539264600,135.53,142.91,135.14,141.9,43210320
1539351000,148.62,149,144.52,147.29,30764436
1539610200,144.77,145.69,142.3,144.16,18567106
1539696600,145.71,149.76,145.26,149.6,18365917
1539783000,150.68,150.68,146.37,148.14,16753741
1539869400,145.85,146.28,140.8,142.02,20618895
1539955800,145.34,146.77,142.61,142.93,14855111
1540215000,148.99,150.2,146.1,148.8,22589283
1540301400,143.22,147.51,142.62,146.65,19950477
1540387800,145.18,146.69,139.34,139.61,18512321
1540474200,142.5,144.91,141.01,144.6,13655058
1540560600,139,145.8293,138.55,142.87,19476905
1540819800,142.42,144,131.36,133.38,35121699
1540906200,132.28,136.4,130.06,136.33,25230037
1540992600,141.35,142.65,139.14,142.28,23654569
1541079000,144.98,152.3175,138.62,151.25,47039304
1541165400,152.56,154.36,146.28,147.59,45985757
1541428200,146.22,149.37,144.23,144.64,16197269
1541514600,145.87,149.96,145.325,147.44,17853812
1541601000,150.77,152.8,148.94,152.5,17884385
1541687400,150.99,151.88,146.69,148.99,17067089
1541773800,145.57,145.72,142.48,144.85,16220003
1542033000,145.01,146.406,139.97,142.82,16516466
1542119400,144.83,149.94,143.91,146.98,19575072
1542205800,150.21,152.15,148.44,150.44,21785982
1542292200,152.9,157.4,150.89,156.22,30083471
1542378600,155.04,155.8,152.1423,154.1,20039383
1542637800,152.02,153.21,148.77,149.53,18087831
1542724200,144.48,148.07,142.82,145.98,19473181
1542810600,149.06,151.48,148.65,149.41,14718565
1542983400,147.3,151.17,147,150.33,7437479
1543242600,153.21,156.53,152.37,156.01,16199683
1543329000,154.64,157.94,153.5802,156.46,17912197
1543415400,159.01,159.8,155.26,159.34,20767058
1543501800,158.08,159,153.54,156.28,20532236
1543588200,157.9,160.86,156.7201,160.86,35071161
1543847400,168.64,168.8,163.51,163.74,31078508
1543933800,164.88,164.98,156.46,158.34,22198642
1544106600,153,155.87,150.51,155.83,25335464
1544193000,155.4,158.05,151.73,153.06,17447930
1544452200,150.39,152.81,147.48,151.43,15525490
1544538600,155.26,156.24,150.9,151.83,13651857
1544625000,155.24,156.17,151.43,151.5,16619239
1544711400,153.05,153.46,150.52,151.48,12255795
1544797800,147.71,150.7,145.72,149,15560693
1545057000,146.5,147.94,142.24,143.98,15788110
1545143400,144.28,144.75,140.11,140.82,17846648
1545229800,141.04,141.325,135.73,137.14,27657760
1545316200,135.83,137.755,132.91,135.11,24103820
1545402600,137.08,137.19,130.23,132,28790626
1545661800,130,134.57,129.77,131.89,11240722
1545834600,132.87,138.02,130.18,138,14862443
1545921000,135.05,138.45,133.89,138.45,11457388
1546007400,139.2,140.98,136.79,139.09,11955273
1546266600,141.83,142.02,136.04,137.07,11186358
1546439400,134.13,137.7488,133.03,136.7,16708377
1546525800,134.27,134.8699,129.83,130.6,19531256
1546612200,134.26,141.08,133.66,139.75,22845435
1546871400,140.55,144.08,139.01,143.1,17238999
1546957800,145,147.55,142.06,146.79,16487647
1547044200,149.89,153.35,148.5,151.92,20214074
1547130600,149.81,152.03,148.88,151.69,14221099
1547217000,151.83,153.38,150.1401,151.32,9589415
1547476200,148.5,150.57,146.54,149.27,13356749
1547562600,150.68,154.17,149.9643,150.88,15003064
1547649000,152.81,155.39,151.5,154.84,14810795
1547735400,152.11,158.55,151.9,155.97,16153189
1547821800,158.45,159.49,154.73,157.02,19611360
1548167400,154.4,155.44,150.2069,152.15,21294975
1548253800,154.65,155.18,150.95,152.03,10195792
1548340200,151.47,156,151.21,155.86,10997894
1548426600,158.91,160.5,157.43,159.21,16459555
1548685800,157.8,159.69,155.3,158.92,10141096
1548772200,159.04,160.3746,155.92,156.88,18363230
1548858600,161.29,167.84,160.5,166.82,36997728
1548945000,167.8,169.73,165.7,168.49,21219504
1549031400,168,169.4,167.63,167.97,10771453
1549290600,166.32,167.55,165.61,166.7,7380402
1549377000,168.55,171.95,168,171.83,12801793
1549463400,171.86,173.09,169.99,171.52,11267804
1549549800,169.16,169.61,164.336,166.96,11911130
1549636200,163.83,167.65,163.75,167.36,8331463
1549895400,168.85,170.33,167.45,167.45,7260318
1549981800,169.6,170.49,168.61,168.71,8594401
1550068200,169.91,171.05,168.99,169.4,8661819
1550154600,167.64,168.5,166.61,168.38,8722094
1550241000,168.61,168.77,165.41,166.15,12099523
1550586600,166.98,171.15,166.5,170.18,12982304
1550673000,171,172.68,170.61,170.71,12454903
1550759400,171,171.78,169.8,171.66,8434769
1550845800,172.8,177.02,172.52,176.92,16175610
1551105000,181.26,183.72,180.73,183.25,22831795
1551191400,179.79,184.35,179.37,183.54,13870985
1551277800,181.72,184.93,180.88,184.58,16741572
1551364200,183.01,184.3,181.47,183.03,12370403
1551450600,185.09,186.9,183.38,183.88,14348493
1551709800,186,187.34,184.46,187.25,14761686
1551796200,186.94,188.08,185,185,11513174
1551882600,184.38,185.59,183.02,184.17,10009110
1551969000,180.91,181.8,176.73,177.32,16488914
1552055400,171.565,175.35,171.565,175.03,14684915
1552311000,177.83,181.72,177.58,180.41,13764041
1552397400,182.04,182.18,179.51,180.63,8659992
1552483800,180.73,182.535,179.26,180.7,8868194
1552570200,179.06,180.82,178.01,180.36,9272010
1552656600,180.66,181.45,179.66,180.97,10844077
1552915800,181.93,182.89,180.76,181.83,7847801
1553002200,181.63,183.36,180.85,182.14,10238626
1553088600,180.94,181.95,178.43,181.28,15901452
1553175000,178.95,181.73,178.52,181.5,9754460
1553261400,179.77,180.48,175.3362,176.26,11688442
1553520600,174.33,178.9,174.1,178.77,7511447
1553607000,179.7,180.65,177.095,178.08,7897854
1553693400,177.7,179.83,176.9125,177.03,8370972
1553779800,177.47,178.53,175.97,177.73,7232992
1553866200,180.73,182.6,179,182.45,13850865
1554125400,185.09,185.56,180.89,180.89,12714767
1554211800,181.46,183.5627,180.95,181.74,8021500
1554298200,179.51,180.7,176.76,178.32,26819027
1554384600,177.04,181.96,176.89,181.07,17002465
1554471000,182.51,185.5,182,185.35,18705035
1554730200,184.19,187.82,184.01,186.5,14725576
1554816600,186.49,187.89,186.16,187.19,11578209
1554903000,186.69,187.4,184,186.19,10655022
1554989400,185.15,186.06,183.75,184.98,8900299
1555075800,187.71,189.79,187.14,188.91,12600038
1555335000,188.06,188.17,182.56,183.07,14616599
1555421400,185.55,185.79,183.4,185.78,12195911
1555507800,187.34,188.2,185.78,187.55,11614169
1555594200,186.41,187.28,185.39,186.94,7892695
1555939800,184.5,186.47,183.61,185.38,8677765
1556026200,186,188.15,185.44,187.29,11410606
1556112600,186.76,186.9,184.58,185.67,9085262
1556199000,185.24,188.13,183.955,187.88,10328930
1556285400,187.88,188.74,185.51,187.09,9421120
1556544600,187.42,188,185.76,186.94,8660640
1556631000,186.3,188.25,183.82,185.57,15076485
1556717400,186.75,193.195,185.88,189.31,17405482
1556803800,189.42,192.7,186.65,190.39,11468106
1556890200,191.88,195.72,191.88,195.21,14521100
1557149400,185.17,189,184.83,188.24,23941223
1557235800,186.05,186.45,179.63,181.43,22663248
1557322200,180.95,183.2,178.58,179.59,16611096
1557408600,175.43,180.695,173.07,179.04,22727751
1557495000,180.18,180.79,174.1,178,18986985
1557754200,169.79,172.47,168.78,170.01,22330737
1557840600,172.75,175.15,171.48,174.84,17874110
1557927000,177.06,180.24,173.3212,177.6,37610416
1558013400,178.18,178.25,174.75,175.57,20579209
1558099800,171.69,172.29,168.49,169.57,22539384
1558359000,164.44,164.57,160.02,160.65,33413826
1558445400,163.16,165.5896,162.52,163.43,22006145
1558531800,162.41,162.82,158.07,158.83,25831223
1558618200,155.45,158.4795,154.41,156,26891864
1558704600,157.615,158.43,154.9,155,21489717
1559050200,156.4,157.07,153.22,154.81,38602961
1559136600,153.58,154.385,150.71,152.48,30073136
1559223000,152.36,153.37,150.25,151.07,17344653
1559309400,149.63,150.68,147.95,149.26,26881219
1559568600,149.6,151.77,148.845,149.91,25254432
1559655000,151.56,155.2,150.64,154.15,27417246
1559741400,155.17,156.11,149.31,151.65,23208594
1559827800,152,152.7,150.57,151.5,15762951
1559914200,152.95,155.69,152.2135,154.23,17817824
1560173400,158.78,161.98,157.4,159.85,36473289
1560259800,164.2,165.68,161.9245,162.65,23408398
1560346200,160.47,161.7,158.81,160.04,16329285
1560432600,160.55,161.32,159.8,160.33,17571394
1560519000,158.37,158.71,157.23,158.1,14981551
1560778200,157.53,160.55,157.42,159.91,16079839
1560864600,162.89,169.11,161.95,165.51,35754830
1560951000,167.77,167.9,163.42,165.46,20798071
1561037400,170.19,170.48,166.275,168.25,24004749
1561123800,167.48,169.471,166.77,167.55,17415777
1561383000,168.4,168.88,165.78,168.1,18422558
1561469400,167.04,167.34,164.62,165.8,20447749
1561555800,168.28,171.24,168.15,168.99,22416435
1561642200,170.62,171.98,169.38,170.9,18349357
1561728600,170.2,170.89,167.96,169.45,19974264
1561987800,175.865,177.95,174.36,175.05,25911000
1562074200,175.13,175.55,174.25,175.45,14155171
1562160600,175.69,175.85,173.85,174.67,8532590
1562333400,173.75,173.82,172.82,173.3,12618589
1562592600,170.09,170.28,168.35,168.45,16531017
1562679000,167.085,168.98,166.5,168.8,15782800
1562765400,171.24,171.37,166.86,166.93,16675575
1562851800,167.56,168.424,165,166.55,14796404
1562938200,168,170.2,167.65,169.07,18103648
1563197400,171.5,173.75,170.42,173.5,22199049
1563283800,174.2,175.52,173.46,174.19,19039650
1563370200,172.75,176.22,172.49,174.82,15031587
1563456600,173.41,174.4,172.06,172.8,15613202
1563543000,174.87,175.15,172.99,172.99,13647241
1563802200,173.5,174.28,171.4373,174,18497918
1563888600,175.39,178.64,174.845,178.09,20881546
1563975000,178,178.96,176.9382,178.67,14933112
1564061400,178.49,179.15,175.369,177.29,14048992
1564147800,178.25,179.4,176.88,178.74,15281019
1564407000,178.43,179.88,175.35,177.02,15130314
1564493400,174.25,175.71,172.89,174.1,14300635
1564579800,173.71,174.89,170.09,173.11,14628866
1564666200,174.54,175.7145,162.1,165.65,32728170
1564752600,162.56,163.85,160.35,161,27104672
1565011800,155.03,157.23,151.85,153.67,28912590
1565098200,158.48,158.73,156.11,157.43,24996283
1565184600,155.73,159.48,155.3,159.17,17917383
1565271000,161.71,162.3,159.12,162.22,19267699
1565357400,160.98,161.99,159.11,159.12,11894293
1565616600,157.5,159.38,155.54,159.31,14426453
1565703000,160.64,167.36,159.57,164.03,23247913
1565789400,161.34,163,159.21,162.06,20803677
1565875800,170.11,171,164.36,166.97,36343492
1565962200,170,177.55,168.57,174.6,25952537
1566221400,177.43,178.8,175.59,178.28,16012796
1566307800,175.91,177.99,175.62,177.21,10339621
1566394200,177.22,178.5,174.89,175.24,10627504
1566480600,174.1,174.9796,170.5,171.91,11578161
1566567000,169.69,171.49,163.831,164.54,20909801
1566826200,166.49,167.45,165.53,165.9,8648151
1566912600,167.2,168.19,165.19,166.2,12783690
1566999000,164.64,168,164.2,167.48,9510283
1567085400,171,173.96,170.95,172.81,11577243
1567171800,174.35,175.25,172.66,175.03,10304874
1567517400,173,174.72,172.15,172.41,8509527
1567603800,176.26,176.55,173.99,174.33,7215487
1567690200,176.88,178.95,176.52,178.94,11168482
1567776600,179.01,179.22,176.21,176.69,8303976
1568035800,177.88,177.99,175.86,177.78,6931743
1568122200,176.28,176.3,172.22,174.99,9834972
1568208600,176,176.66,174.15,176.09,7039290
1568295000,177.89,180.5,177,178.24,12509426
1568381400,179.74,180.18,178.61,179.17,9479740
1568640600,177.75,179.17,175.37,177.07,10725137
1568727000,176.85,179.12,176.05,179,7573188
1568813400,179.15,180.17,177.58,180,9288193
1568899800,180.9,184.13,180.43,180.46,15160788
1568986200,182.31,183.82,178.84,182.51,24822055
1569245400,181.25,181.33,176.8,176.98,14146710
1569331800,179.17,179.49,171.3,171.55,14549173
1569418200,172.3,176.99,171.72,176.66,11842493
1569504600,177,178.23,174.83,175,10004675
1569591000,176,176.5,163.15,165.98,33312607
1569850200,169.8865,170.2,166.45,167.23,14945171
1569936600,168.01,168.23,163.64,165.15,14194192
1570023000,162.82,166.88,161.9,165.77,11595463
1570109400,166.65,170.18,165,169.48,10391648
1570195800,169.6,170.7,167.56,170.34,8856039
1570455000,168.83,172.3,167.21,168.32,12034720
1570541400,164.3,165.22,161.68,161.93,15936337
1570627800,165.5,166.58,163.42,165.19,11189683
1570714200,165.96,168.57,164.09,166.07,11537756
1570800600,170.77,174.88,169.57,172.94,19369497
1571059800,172.84,173.34,170.79,171.16,7859737
1571146200,172.91,176.75,172.69,175.29,13814343
1571232600,175.8,177.35,174.12,177.12,10903835
1571319000,178,178.59,175.23,176.85,8032763
1571405400,176,176.23,169,169.13,14585653
1571664600,172.64,173.91,170.87,173.52,9055175
1571751000,174.53,175.3602,169.26,169.89,10917326
1571837400,170.45,171.04,168.12,169.92,8906763
1571923800,171.28,172.75,170.21,172.55,7443497
1572010200,171.56,175.81,170.88,174.31,9891760
1572269400,176.5,179.64,176.41,178.68,11739624
1572355800,177.06,177.74,175.44,176.89,8026377
1572442200,175.42,177.88,173.9359,177.53,10213241
1572528600,179.16,179.24,175.5,176.67,15119035
1572615000,179.01,182.12,176.06,176.46,28924118
1572877800,180.66,182.4,178.02,179.69,44541236
1572964200,181.42,183.2,180.31,182,23690167
1573050600,183.61,185,182.2,184.16,14834855
1573137000,187.07,188.07,184.69,186.66,20162591
1573223400,187.9016,188.28,185.15,187.16,19737271
1573482600,184.82,187.2,181.37,186.71,20572434
1573569000,185.91,187.65,185.14,186.97,11797649
1573655400,185.47,185.674,181,182.48,15428495
1573741800,182.87,184.5,181.3212,182.8,12750091
1573828200,184,185.6,183.71,185.49,11312539
1574087400,186.98,186.98,184.16,184.61,11830906
1574173800,186.31,186.71,183.87,185.25,13457361
1574260200,183.67,183.7,181.06,182.35,16694397
1574346600,181.77,184.89,181.6,184.86,10254735
1574433000,185.8,186.78,183.935,186.78,10541033
1574692200,188.32,190.72,187.88,190.45,19193455
1574778600,190.39,195,189.04,194.7,51885411
1574865000,197.24,200.98,197,200.82,33129383
1575037800,199.81,200.43,198.3502,200,18593114
1575297000,198.58,198.67,193.51,196.31,19414420
1575383400,190.97,195,189.85,194.9,18440368
1575469800,195.53,196.66,193.23,193.74,14862556
1575556200,196.93,200.94,196.43,200,22310247
1575642600,201.11,202,199.51,201.89,14095652
1575901800,200.32,203.43,198.55,198.74,14340916
1575988200,200.71,202.48,199.23,200.45,11635945
1576074600,201.1,204.8,200.72,204.64,11770951
1576161000,203.71,206,202,204.5,22494328
1576247400,205.76,207.1,203.77,204.91,19283797
1576506600,206.33,209.15,206.19,206.97,16744467
1576593000,208.69,208.87,206.82,208.18,11299099
1576679400,208.53,210.05,208.04,210,13497200
1576765800,209.61,211.37,209.23,210.13,12168467
1576852200,211.35,213.98,210.42,212.25,26672844
1577111400,213.25,215.05,212.91,214.83,12538763
1577197800,215.01,215.43,213.35,214.26,5522987
1577370600,214.65,216.99,214.33,216.38,6917445
1577457000,217.99,218.11,215.17,215.47,11678669
1577716200,215.78,215.78,211.76,212.91,8745942
1577802600,212,213.64,210.73,212.1,6776071
1577975400,216.6,219.98,216.54,219.77,15882903
1578061800,216.35,218.2025,216.01,217,8608281
1578321000,214.89,217.16,214.09,216.64,11892484
1578407400,217.64,218.94,216.69,217.63,9539012
1578493800,216.6,220.65,216.32,218,11983091
1578580200,221.5,223.08,220.82,221.78,13143886
1578666600,223.9,225.96,222.061,223.83,12302125
1578925800,228.81,231.14,227.04,230.48,17571892
1579012200,230.05,230.175,224.88,226.49,17302163
1579098600,226.65,227.82,224.39,225.06,10743368
1579185000,226.3,226.33,222.73,223.94,13712552
1579271400,225.9,228,225.35,227.43,12956200
1579617000,222.45,222.6,220.7295,222.26,15831087
1579703400,224.69,225.58,222,222.37,10059579
1579789800,217.93,220.13,216.77,219.13,18519886
1579876200,218.49,219.83,211.3251,213.75,18143867
1580135400,201.22,208.02,199.5,205.47,24574680
1580221800,209.74,210.91,207.17,210.23,16196716
1580308200,212.56,213.98,209.52,212.02,12896298
1580394600,207.88,209.86,205.03,208.58,14375995
1580481000,206.5,207.93,204.7282,206.59,18181413
1580740200,208.67,215.02,208.67,213.1,14131887
1580826600,221.35,224.38,220.49,222.88,16695141
1580913000,226.52,226.7,217.54,220.22,15766067
1580999400,223.13,223.65,219.78,220.9,10790820
1581085800,217.46,217.84,214.88,216.53,13790255
1581345000,213.5,215.77,212.2,215.77,17420303
1581431400,219.91,220.01,215.29,217.21,16073464
1581517800,221.13,225.52,220.21,224.31,18671906
1581604200,220,225,218.99,220.36,28069666
1581690600,221.1,221.64,218.23,219.63,10689950
1582036200,218.55,220.85,217.51,220.52,13024897
1582122600,221.52,223.56,220.75,222.14,10798108
1582209000,222.5,222.5,214.22,218.04,14950089
1582295400,217.54,217.6,211.56,212.59,17700801
1582554600,203.55,207.28,202.51,206.16,19380226
1582641000,208.51,209.95,204.1,205.61,18132378
1582727400,206.8,213.08,206.79,208.74,19544272
1582813800,205.01,209.97,201.86,205.03,22741180
1582900200,198.98,208.92,198.561,208,31276197
1583159400,208.59,211.11,203.7563,210.98,21542239
1583245800,211.08,211.39,202.2398,207.41,20813800
1583332200,209.49,212.7,208.85,211.96,12474381
1583418600,210,215.15,209.14,211.46,13462891
1583505000,206.7,207,201.1,204.64,21700510
1583760600,195.62,199.89,193.93,197.66,25502567
1583847000,205.53,207.45,200.8,206.39,19022622
1583933400,201.65,203.1,196.11,198.91,18931796
1584019800,186.5,190.4865,183.93,185.1,30247100
1584106200,194.9,195.99,187.81,194,23650504
1584365400,176.15,188,174.5,178.85,26628481
1584451800,181.26,189.39,179.69,184.81,19276543
1584538200,176,182.41,170,180,22054204
1584624600,179.26,187.25,177.39,180.88,20905687
1584711000,187.74,188.3,180,181.3,21006082
1584970200,175.27,178.5,169.95,176.34,22554715
1585056600,183.09,188.8,181.18,185.75,20801494
1585143000,185.82,195.19,184.5151,188.56,19605247
1585229400,188.64,196.32,187.6,195.32,15426104
1585315800,189.97,192.74,188,188.59,13376354
1585575000,187.48,191.48,187.01,191.27,12254427
1585661400,192,196.79,190.6,194.48,19084779
1585747800,189.5,192.87,185.04,187.56,17948559
1585834200,186.08,191.3,185.6922,188.9,13412061
1585920600,190.12,190.55,185.41,187.11,9483140
1586179800,194.74,196.88,192.7,196.45,13248684
1586266200,200.05,201.45,197.05,198,14934472
1586352600,198.34,198.86,193.8835,195.98,13607953
1586439000,198.65,200.35,193.4,196.37,17821332
1586784600,197.4,200.325,195.53,199.44,16117865
1586871000,204.95,207.97,204.25,204.78,16757147
1586957400,204.77,209.15,201.31,208.17,10768071
1587043800,210.53,213.25,209.12,212.66,16353815
1587130200,214.9797,214.9797,208.8514,209.5,13558473
1587389400,209.87,216.1,209.36,212.13,19295401
1587475800,209.9,212.13,205.03,207.34,14107607
1587562200,212,212,209.21,209.96,13486061
1587648600,210.24,210.56,203.46,205.24,20424045
1587735000,205.89,206.5,202.82,204.36,14682374
1587994200,207.55,207.78,202.03,203.69,17286823
1588080600,204.81,205.19,199.407,201.15,17203784
1588167000,202.93,207.08,202.51,206.7,19117823
1588253400,206.25,206.7,199.29,202.67,20107378
1588339800,195.75,197.38,192.86,194.48,22276194
1588599000,194.76,195,189.53,191.15,25709379
1588685400,196.38,198.27,194.2,195.02,22957246
1588771800,197.67,198.91,194.93,195.17,18598890
1588858200,198,198.09,194.78,196.49,16164639
1588944600,199.8,203.02,198.68,201.19,23830133
1589203800,202.78,206.64,202.38,205.4,17920673
1589290200,206.95,208.05,200.02,200.31,17826809
1589376600,203.62,204.68,197.98,199.46,22429701
1589463000,195.5,201.77,194.03,201.3,20025896
1589549400,200.7,204.4899,200.1,203.68,17209463
1589808600,212.5,215.47,210.37,215.28,23646772
1589895000,216.73,220.59,215.19,217.2,21438090
1589981400,220,221.1574,210.58,216.79,38324065
1590067800,211.29,214.58,209.53,212.16,29850683
1590154200,203.23,204.88,198.99,199.7,51979253
1590499800,205.94,206.8,201,201.72,28683234
1590586200,202.99,202.99,196.75,201.18,23605372
1590672600,199,202.37,197.62,199.49,18787183
1590759000,200,207.88,196.7,207.39,43211476
1591018200,205.9,207.2,203.94,206.57,16169733
1591104600,207.21,214.57,207.17,214.33,22485811
1591191000,215.6,218.97,213.75,218.61,19999514
1591277400,217.28,220,216.32,218.04,14962424
1591363800,220,220.59,218.7,219.55,11983202
1591623000,219.6,220.4,215.33,219,12731207
1591709400,216.31,220.72,216.2,220.72,14140094
1591795800,222,225,220.6,223.68,13372410
1591882200,218,219.95,213.56,215.24,15560261
1591968600,218.5,219.5,213.88,217.64,12716540
1592227800,214.11,217.72,212.75,217.03,17419858
1592314200,221,224.84,220.1001,222.62,17212393
1592400600,224.4,225,222.5,224.25,12486737
1592487000,223.74,226.03,222.92,223.54,10358781
1592573400,226.38,226.5,220.09,220.64,19545194
1592832600,220.92,222.08,219.445,221.41,13303567
1592919000,225.12,230.225,224.53,228.75,18263426
1593005400,228.3,231.03,224.2524,226.22,12159460
1593091800,224.59,224.69,220.87,222.16,14953104
1593178200,222.21,222.26,213.5,215.71,19340638
1593437400,215.03,216.5,211.82,215.02,12333044
1593523800,215.74,216.43,212.89,215.7,12933794
1593610200,215.81,216.55,214.74,215.95,11788087
1593696600,221.85,225.025,220.06,223.6,18128692
1594042200,233.31,240.48,232.82,240,33702916
1594128600,241.01,241.3,236.13,236.51,16491638
1594215000,244.86,258.49,244.02,257.68,39922721
1594301400,265.55,268,255.91,261.58,36803870
1594387800,260.21,261.9,255.71,261.01,20335036
1594647000,261.45,265.66,250.68,251.67,21568745
1594733400,246.57,249.75,241.23,248.58,19782607
1594819800,251.48,252.5,246.54,249.21,12614711
1594906200,241.77,245.05,240.74,242.5,18032140
1594992600,246.55,247.9299,244.48,247.14,18752945
1595251800,256.45,257.67,252.43,254.81,19014963
1595338200,261.21,261.92,256.52,257.9,17130283
1595424600,255.76,256.27,249.6,251.7,19682212
1595511000,252.1,257.66,248.69,251.88,25711957
1595597400,244.96,249.48,241.89,249,17221468
1595856600,247.11,252.87,245.81,250.86,18966862
1595943000,251.15,251.65,248.53,249.05,9878735
1596029400,250.34,254.3,250.1,252.45,11493575
1596115800,251.7,253.86,249.62,252.74,7032900
1596202200,254.2,254.4,248.1,251.02,12310670
1596461400,254.02,260.65,254,257.94,11534531
1596547800,260.08,262.56,258.82,262.2,10994457
1596634200,263.74,265.976,261.755,264.91,10729172
1596720600,263.42,265.7,259.2,265.68,10359473
1596807000,257.41,257.76,247.57,252.1,22529642
1597066200,249.34,251.7499,246.1,248.13,13621712
1597152600,251.29,252.88,247.83,248.42,10681758
1597239000,249.25,256.08,248.68,255.19,11120394
1597325400,256.39,256.97,252.8799,253.72,8794502
1597411800,255.49,255.77,251.64,253.97,7876422
1597671000,253,257.375,250.085,256.96,9759984
1597757400,258.71,261.42,256.06,259.2,13267829
1597843800,260.89,261.29,257.38,260.59,14096512
1597930200,256.89,258.88,254.18,257.97,21460767
1598016600,259.03,267.43,258.31,265.8,25648217
1598275800,273.24,276.97,271.62,276.02,22475757
1598362200,278.06,289.12,276.04,286,27535466
1598448600,289.26,292.48,284.1,291.96,19530251
1598535000,290.17,290.25,282.1,284.17,14805798
1598621400,285.09,289.5,283.57,289,9689610
1598880600,288.62,289.19,283.61,287.03,13253796
1598967000,289.2,298,288.87,298,13815922
1599053400,299,299,289.79,296.07,12638553
1599139800,289,290.7334,278.16,282.5,16766248
1599226200,279.6,283.78,267.39,281.39,15885844
1599571800,270.23,273.97,266.59,270.02,12734048
1599658200,274.45,275.64,270.88,273.15,9465664
1599744600,274.9,277.1,267.4,267.55,10676758
1599831000,272.63,274.53,268.12,271.61,9412804
1600090200,275.36,276.29,271.76,274.1,7883271
1600176600,278,279.1,274.8,277.96,8291360
1600263000,281.03,283.605,278,278.14,9591242
1600349400,273.11,275.9,272.3213,275.72,8016913
1600435800,275.98,277.27,270.55,272.41,11753470
1600695000,269.1,274.22,266.4,273.82,9076431
1600781400,276.02,276.32,270.05,275.29,9673302
1600867800,275.4,277.83,271.5,272.95,7353201
1600954200,267.93,271.25,267.3338,269.73,9562132
1601040600,267.57,271.81,264.56,271.09,11466560
1601299800,275.53,278.84,274.1989,276.01,8761678
1601386200,275.43,279.3,274.9,276.93,7679306
1601472600,284.01,295,283.71,293.98,24777735
1601559000,295.26,295.59,288.25,290.05,16304018
1601645400,286.62,291.9794,286.51,288.17,11482752
1601904600,289.06,290,284.88,288.27,17876411
1601991000,287.41,296.84,286.91,292.39,15860391
1602077400,297.99,299.51,292.87,296.5,16669297
1602163800,298.11,302.3,295.441,300.54,15105805
1602250200,298.55,302.61,297.74,299.74,11442246
1602509400,303.95,309.64,301.2848,306.34,14780069
1602595800,306.36,310.01,303.03,308.78,10898535
1602682200,309,309.96,300.8,301.04,15186392
1602768600,293.8,299.8628,292.61,299.46,9709898
1602855000,303.99,310,302.95,307.31,12346464
1603114200,309.89,313.81,303.41,305.29,14107284
1603200600,307.6,311.8,307.06,309.81,8806118
1603287000,311.75,314,307.7,307.97,11139660
1603373400,311.46,311.85,304.2101,306.28,8013083
1603459800,307.27,310.33,304.06,309.92,6231438
1603719000,309.92,315.4599,303.2,306.87,9350118
1603805400,307.75,319.32,305.61,317.14,13175870
1603891800,313.5,313.5,306,307.94,13644451
1603978200,309.44,315.58,308.91,312.56,11174515
1604064600,308.55,310.83,300.19,304.69,14923854
1604327400,310.95,311.44,305.39,310.84,11857638
1604413800,286.2,294.28,280.78,285.57,58132486
1604500200,287.79,299.17,285.3,295.71,28791198
1604586600,289.09,291.25,279.6,287.75,49885852
1604673000,291.49,300.89,289.786,299.95,25259567
1604932200,303.77,304,290.5,290.53,22559869
1605018600,279.97,280,264.33,266.54,61063978
1605105000,261.92,271.92,261.205,265.65,41698984
1605191400,271.04,271.2,263.04,264.31,27181048
1605277800,264.72,265.44,257.17,260.84,33919958
1605537000,260.42,262.57,257.03,258.31,20864160
1605623400,260.28,260.28,256.54,256.8,19739461
1605709800,257.76,258.31,252.55,255.83,28307122
1605796200,255,261.4,253.5601,259.89,20752828
1605882600,263.97,272.3699,261.9,270.74,34178420
1606141800,274.75,275.73,266.4107,270.11,25317123
1606228200,276.235,280.61,272.8,279.96,20660477
1606314600,275.7,279.33,274.05,277.72,15229301
1606487400,278.8,278.92,275.6656,276.48,9583197
1606746600,268.97,268.97,262.52,263.36,30476124
1606833000,265.47,265.67,261.57,264.01,14606285
1606919400,262,263.1,260.11,261.32,13919668
1607005800,263.78,268.6,263.14,266.91,15520488
1607092200,271.02,271.3,266.27,267.25,15527567
1607351400,265.7,265.97,262.6,264,11388712
1607437800,265.2,268.4,263.87,266.09,9447654
1607524200,267.56,267.91,263.1,263.8,9060730
1607610600,261.99,266.0899,261.2001,264.87,10290254
1607697000,264.29,265.3199,262.5,264.54,7771290
1607956200,260.32,260.855,256.03,256.03,18369893
1608042600,255.34,255.68,252.3,255.11,16595641
1608129000,257.74,263.18,257.04,261.89,15804754
1608215400,264.7,264.85,260.2,264.43,14306570
1608301800,263.9,264.9,259.2,260,15981756
1608561000,255.17,260.46,254.5,260.43,10901780
1608647400,257.87,258.34,255.41,255.83,11485743
1608733800,255.5,257.3499,252.5301,256.18,10729152
1608820200,228.235,229.9,211.23,222,141830000
1609165800,216.88,224.99,215.3201,222.36,73512100
1609252200,231.76,239.19,229.6,236.26,69715948
1609338600,243.3484,243.39,234.6452,238.39,44812299
1609425000,237.46,238.92,231.0267,232.73,23451848
1609770600,226.5,230.38,225.04,227.85,24897858
1609857000,229.05,240.76,228.12,240.4,35823827
1609943400,234.95,238.3,225.86,227.61,37146057
1610029800,229.31,229.95,220.09,226.9,49361841
1610116200,227.88,238.6,226.6833,236.19,34884935
1610375400,229.9,230.8245,225.86,227.37,23036857
1610461800,228.385,229.75,225.14,225.6,19042931
1610548200,229.94,240.49,226.29,235.3,38805070
1610634600,245.31,245.7,241.47,242.98,31381635
1610721000,246.25,246.99,242.1501,243.46,21561645
1611066600,250,252.88,246.99,251.65,23681885
1611153000,267.5,269,262.7,265.49,44640838
1611239400,264.13,264.6,257.9,260,20709883
1611325800,256.8,260.33,255.5,258.62,13518247
1611585000,263.62,265.2,257.85,261.38,19478552
1611671400,263.8,266,261.12,265.92,14681226
1611757800,265.13,265.92,259.95,260.25,16050392
1611844200,259.17,261.57,257.33,260.76,10244931
1611930600,256.03,258.9,252.3,253.83,14692989
1612189800,258.8,265,255.195,264.69,15289300
1612276200,264.57,265,254.04,254.5,30534336
1612362600,264.7,268.28,261.2501,263.43,29179688
1612449000,269.58,269.99,265.5576,266.96,16762976
1612535400,264.61,266.45,263.21,265.67,11018671
1612794600,264.98,265,261.82,262.59,10758151
1612881000,263,267.2,262.54,266.49,12432765
1612967400,268.7,270.4,264.6,267.79,13090793
1613053800,268.75,274.26,267.2,268.93,15295792
1613140200,269.09,270.25,265.6804,267.85,9355082
1613485800,271,274.29,270.4,270.7,16708654
1613572200,270.89,272.316,267.81,270.83,13262396
1613658600,265.23,266.18,262.33,264.51,15382348
1613745000,266.05,269.39,262.85,263.59,14718443
1614004200,257.99,259.46,254,254,14403489
1614090600,247.31,254.9,241.62,252.75,15980265
1614177000,252,252,248.1,250.34,12831653
1614263400,250,250.34,240.07,240.18,17967251
1614349800,244.63,244.9,237.65,237.76,17470658
1614609000,241.05,242.79,239.26,241.69,14043349
1614695400,238.79,241.2,234.27,234.42,14644193
1614781800,237.5,239.6086,234.4506,236.27,13571668
1614868200,235,236.37,228.36,230.5,22964848
1614954600,235.42,236.43,228.34,233.89,15988377
1615213800,229.02,230.81,226.53,226.69,17138380
1615300200,233.38,238.74,233.075,238.14,15291260
1615386600,241,241.325,233.64,234.3,10491176
1615473000,237.2,241.72,235,240.8,15162534
1615559400,233.695,235.45,229.7058,231.87,17778446
1615815000,228.41,230.45,226.26,230.28,14520334
1615901400,228.07,229.85,225.53,226.93,19336592
1615987800,226.5,235.63,225.81,233.34,16949507
1616074200,238.56,239.5,235.56,236.43,14836080
1616160600,239.66,241.6,236.8838,239.79,15959658
1616419800,235.855,238.53,235,237.12,12215662
1616506200,237.3,241.12,235.5,237.67,12295566
1616592600,236.83,237.3,229.24,229.59,15949850
1616679000,225,229.24,222.5,222.72,24819815
1616765400,222,229.239,220.42,227.26,22030750
1617024600,225.49,232.38,225.1,231.86,18029105
1617111000,229.27,230.45,226.64,229.25,14828659
1617197400,229.89,231.52,226.47,226.73,16825400
1617283800,230.68,231.25,223.5,224.36,23497464
1617629400,226.53,226.57,222.52,225.3,14962135
1617715800,226.03,232,225.74,230.57,18100363
1617802200,226.11,228.19,224.8,225.42,18034852
1617888600,228.5,229.42,226.62,228.24,12211328
1617975000,224.85,225.07,221.32,223.31,19763033
1618234200,237.89,244.91,236.65,244.01,57500267
1618320600,243.66,245.69,239.69,241.89,20793040
1618407000,244.37,245.09,238.65,239.23,12405169
1618493400,240,240.95,238.1268,239.09,11288944
1618579800,241.89,241.89,237.82,238.69,14418796
1618839000,237.44,238.42,232.81,234.78,11216015
1618925400,232.87,234.63,228.4301,229.88,12093949
1619011800,229.33,229.49,226.0701,229.44,14315893
1619098200,228.765,234,227.8201,229.35,11986213
1619184600,230.65,233,230.51,232.08,8972039
1619443800,231.5,233.49,230.82,232.7,7792876
1619530200,233.44,236.93,232.08,235.92,11646347
1619616600,237.57,239.22,236.33,236.72,9187713
1619703000,237.79,238.05,232.6,234.18,9552775
1619789400,231.77,233.85,230.51,230.95,9326397
1620048600,231.27,236.1699,230.4052,230.71,13620874
1620135000,230.25,231.48,225.45,227.9,13260487
1620221400,228,229.3,226.73,226.78,10013842
1620307800,227.11,228.44,222.88,226.42,12247666
1620394200,227.9,228.79,225.05,225.31,10550046
1620653400,222.87,222.87,218.56,219.53,17266711
1620739800,213.71,221.39,213,221.38,13887678
1620826200,224.74,225.29,219,219.9,20366883
1620912600,213.15,215.5,204.39,206.08,51693884
1620999000,209.9235,210.94,206.02,209.51,31626841
1621258200,210.615,213.15,209.44,211.05,20529814
1621344600,212.5,215.17,211.42,213.72,19519449
1621431000,211.1,212.91,210.12,212.54,17030421
1621517400,212.995,217.63,212.63,216.99,19123430
1621603800,215.23,215.89,209.87,211.06,22825522
1621863000,210.03,212.01,208.7,210.44,15884245
1621949400,212.83,214.05,211.01,211.13,14116055
1622035800,212.3,213.75,211.54,211.78,9405776
1622122200,214.17,215.46,212.53,212.74,18680197
1622208600,212.76,214.53,212.06,213.96,10401474
1622554200,223.02,223.13,218.24,219.48,23052849
1622640600,219.43,219.94,217.46,219.59,13126417
1622727000,218,218.7,216.305,217.04,12448117
1622813400,218.28,219.08,217.14,219.02,8999092
1623072600,218,218.4,215.69,216.9,9928599
1623159000,217.29,218.23,214.74,215.82,9443049
1623245400,215.21,216.57,213.31,213.32,10233553
1623331800,213.5,214.8,212.21,213.07,10735896
1623418200,213.45,213.46,211,211.64,12276590
1623677400,212.25,215.165,212.2435,213.94,10773077
1623763800,214.17,214.49,209.64,210.06,12166955
1623850200,209.75,211.62,208.2256,209.32,10917787
1623936600,209.9,212.49,209.77,211.6,11233729
1624023000,212.01,213.84,210.59,212.3,13724626
1624282200,210.55,211.78,208.99,211.06,9273843
1624368600,210.42,211.66,209.86,211.32,11092087
1624455000,214.19,216.33,213.13,214.86,13785780
1624541400,216.99,219.58,215.56,218.38,13488244
1624627800,221.71,230.25,221.1,228.5,27383931
1624887000,229.5,230.89,226.72,228.59,13564910
1624973400,226.7,229.64,225.602,229.44,10273762
1625059800,226.99,227.98,225.68,226.78,9348629
1625146200,228.07,228.85,221.55,221.87,13327738
1625232600,219.16,219.5,216.46,217.75,12998035
1625578200,215.32,215.4,209.3733,211.6,23719916
1625664600,211.61,212.05,207.82,208,18340424
1625751000,201.71,202.28,198.26,199.85,33992496
1625837400,202.05,207.268,201.5,205.94,16911266
1626096600,203.9,206.455,203.02,205.48,11259481
1626183000,209.23,212.81,208.19,209.51,17375881
1626269400,215.5,216.35,211.03,211.5,19484214
1626355800,215.11,216.6,213.1606,214.76,14283583
1626442200,214.85,215.2,211.46,212.1,11150244
1626701400,206.1,209.08,203.24,208.91,15865819
1626787800,209,211.5,207.4668,210.59,9986819
1626874200,209.15,211.85,208.42,211.08,7650329
1626960600,212.64,216.39,212.6,214.04,10563112
1627047000,206.29,206.89,203.56,206.53,25539861
1627306200,198.37,198.575,190.88,191.76,55736768
1627392600,183.59,186.9,179.6701,186.07,59265660
1627479000,190.23,198,189.76,196.01,34535175
1627565400,201.045,201.14,194.91,197.54,23363233
1627651800,190.58,196.045,190.49,195.19,17250595
1627911000,196.27,202.07,196.25,200.09,17889194
1627997400,195.01,197.44,192,197.38,20115916
1628083800,197.49,203.275,196.91,200.71,22327281
1628170200,199.27,200.29,197.64,199.28,9881409
1628256600,199.25,199.32,195.68,196.39,11967719
1628515800,194.58,195.5,192.82,195.25,14657158
1628602200,197.27,198.45,195.0727,195.73,9983680
1628688600,196.6,196.92,194.73,194.86,8985075
1628775000,191.17,192.98,189.685,191.66,12885440
1628861400,188.61,189.26,186.71,188.62,15376980
1629120600,185,186.26,181.51,182.71,21044107
1629207000,175.92,177.89,173.15,173.73,40557975
1629293400,174.1,175.36,172.11,172.35,34339832
1629379800,166.7,167.2644,159.51,160.55,66662953
1629466200,164.12,166.93,155.5,157.96,75948868
1629725400,159.28,161.47,152.8,161.06,88699153
1629811800,169.04,174.1515,168.1575,171.7,62786404
1629898200,168.7,169.61,166.08,169.1,26055352
1629984600,167.46,168.45,164.82,165.24,18816499
1630071000,159.99,161.7699,158.55,159.47,31718050
1630330200,160.17,163.29,158.23,162.29,23769393
1630416600,167.7,169,166.14,166.99,24629105
1630503000,169.56,174.79,169.33,173.28,29550195
1630589400,178.01,178.18,171.67,172,29374892
1630675800,169.525,172.06,168.88,170.3,16440499
1631021400,174.15,176.84,173.37,175.16,24608473
1631107800,174.25,174.37,169.26,170.71,18993031
1631194200,167.3,169.04,165.58,167.32,17295795
1631280600,171.2,171.64,167.61,168.1,15064274
1631539800,164.49,166.8623,163.02,165.41,15458607
1631626200,162.86,163.069,159.48,160.15,20925922
1631712600,157.95,158.03,153.92,157.86,31796631
1631799000,154.92,157.6388,153.67,156.26,24358936
1631885400,158.48,160.38,158.09,160.05,25543294
1632144600,154.4,155.14,149.09,151.49,36177471
1632231000,151.58,152.58,149.571,150.18,19494706
1632317400,151.47,154,151.02,151.89,19832038
1632403800,152.58,152.68,149.61,151.19,24707475
1632490200,147.71,148,144.57,145.08,32067359
1632749400,144.92,150.99,144.44,150.18,24287443
1632835800,152.16,153.73,148.86,152.39,26299630
1632922200,150.46,152.1,147.48,147.58,17361309
1633008600,147.03,149.58,146.8644,148.05,14291489
1633095000,147.09,148.45,143.34,144.2,20210953
1633354200,141.7,141.9,138.43,139.63,25218515
1633440600,139.38,143.83,139.19,143.14,14032088
1633527000,140.56,144.892,139.96,144.1,14875904
1633613400,151.05,158.29,150.75,156,46035862
1633699800,159.86,162.78,157.91,161.52,33499195
1633959000,169.61,169.8,163.95,163.95,42193575
1634045400,163.825,165.73,162.24,163,24512652
1634131800,164.38,168.265,163.6,167.4,18595001
1634218200,168.26,168.99,164.46,166.78,17403731
1634304600,166.99,169.8,165.435,168,20762753
1634563800,166.58,169.25,166.58,166.82,18945873
1634650200,170.6,177.44,170.45,177,33538853
1634736600,180.95,182.09,176.1301,177.18,33714430
1634823000,177,179.78,176.71,177.42,16443998
1634909400,179.08,182.09,175.81,177.7,20807336
1635168600,177.86,178.28,173.83,176.17,13119711
1635255000,174.48,174.9,167.48,169.99,17576988
1635341400,167.53,172.45,167.34,169.23,11801789
1635427800,168.49,170.35,166.77,169.79,12440142
1635514200,167.07,168.56,162.72,164.94,17155367
1635773400,165.84,171.895,165.8,170.17,17609488
1635859800,167.1,167.1,162.76,162.9,19072886
1635946200,165.36,166.65,163.11,166.24,13569682
1636032600,169.28,169.94,164.5,164.79,16669249
1636119000,164.795,164.795,158.3,158.73,22098218
1636381800,161.765,162.16,159.48,162.16,16223104
1636468200,162.16,164.48,159.54,160.19,14010126
1636554600,163.68,166.48,161.82,163.97,17216798
1636641000,166.56,169.63,166.56,167.85,16747451
1636727400,165.1735,167.8,163.4,166.81,13741775
1636986600,167.22,168.46,165.67,166.54,9655711
1637073000,168.6,169.94,166.67,168.43,11887505
1637159400,168.02,168.3,161.135,161.58,18829528
1637245800,146.91,148.5,141.89,143.6,61571451
1637332200,143.04,145.06,140,140.34,28575742
1637591400,139.9,140.7,135.21,136.62,26390394
1637677800,136.032,136.8499,133.31,133.66,24102862
1637764200,133.1,136.76,131.22,136.52,20010443
1637937000,132.93,133.9804,131.22,133.35,14814898
1638196200,134.25,134.55,130.55,131.61,18648852
1638282600,129.9008,131.32,126.13,127.53,32625445
1638369000,128.37,129.155,121.9,122.49,29340503
1638455400,123.02,125,119.3401,122,34478644
1638541800,118,118.19,108.7,111.96,70266474
1638801000,113.64,123.82,113.43,123.6,43111395
1638887400,129.3,129.4499,123.4601,125.54,38542808
1638973800,123.21,126.97,121.32,125.08,22275034
1639060200,124.63,127.76,123.2117,123.91,23499301
1639146600,123.22,125.21,122.7797,125.06,15008280
1639405800,123,123.25,119.75,122.24,15820490
1639492200,120.93,127.65,120.3,126.58,17691502
1639578600,122.63,123.59,117.77,122.47,24893463
1639665000,122.32,125.69,118.9,120.25,22533387
1639751400,119.49,122.87,117.81,122.1,19781134
1640010600,118.5,118.83,113.695,115,23970493
1640097000,116.85,122.98,116.6,122.98,18036275
1640183400,117.09,118.66,115.15,117.81,24502010
1640269800,116.8,119.59,115.39,118.66,17563254
1640615400,117.8,121.8,116.1021,116.59,17864372
1640701800,116.26,116.42,114.47,114.8,17052102
1640788200,113.8,114.2,110.38,112.09,21100463
1640874600,112.63,124.3,112.3,122.99,45437131
1640961000,121.23,122.91,118.59,118.79,24287047
1641220200,119.38,121.95,115.82,120.38,16789353
1641306600,119.53,120.87,115.77,119.56,20824000
1641393000,118,126.62,117.7001,121.16,36651071
1641479400,124.26,128.3999,123.465,126.63,32045782
1641565800,130.24,133.88,128.18,129.81,38113003
1641825000,131.99,132.6,126.23,128.3,23372230
1641911400,129.21,134.23,127.47,132.19,23616430
1641997800,136.02,138.7,135.585,137.41,25961080
1642084200,135.2,135.92,131.3,131.37,19887678
1642170600,132.81,134.36,129.35,131.57,18614915
1642516200,126.27,132.13,124.82,128.6,26141712
1642602600,128.1,130.86,127.13,127.74,14665150
1642689000,135.77,136.75,130.68,131.03,28966440
1642775400,128.23,128.96,122.5207,123.23,26341433
1643034600,119.32,120.78,115.32,120.37,28552360
1643121000,119.91,122.4599,118.04,119.14,22224075
1643207400,120.93,120.93,112.9624,113.37,27513215
1643293800,113.11,114.54,110.27,111.79,21472705
1643380200,113.25,115.32,110.06,115.23,18892421
1643639400,118.17,125.87,117.5,125.79,20346454
1643725800,124.81,128,122.97,127.22,15036085
1643812200,127.63,127.63,121.17,122.88,14050109
1643898600,121.55,125.27,120.73,123.47,16651454
1643985000,121.27,123.94,119.66,122.22,13538229
1644244200,116.1,116.55,113.6,114.82,28589202
1644330600,118.16,122.24,116.8,121.9,22340508
1644417000,123.09,126.8,121.94,126.5,18253569
1644503400,124.11,128.34,123.4,123.98,16116607
1644589800,125.335,126.72,121.94,122.25,13889857
1644849000,120.56,122.384,119.37,121.92,13154932
1644935400,123.77,126.805,123.3776,126.24,14634690
1645021800,125.61,127.58,124.51,125.56,17993287
1645108200,125,129.4,124.0563,124.43,15905989
1645194600,120.88,120.88,117.2,118.99,21201449
1645540200,114,114.85,112.06,112.93,21755083
1645626600,115.1,115.4,109.6,109.72,24489234
1645713000,100.0735,108.95,100.02,108.93,35294738
1645799400,107.89,108.55,104,107.94,21428377
1646058600,105.97,107.49,103.64,105.19,23063511
1646145000,105.85,111.25,105.85,107.09,21218503
1646231400,107.39,107.39,103.24,105.42,20791836
1646317800,106.03,106.6299,101.07,102.05,21725873
1646404200,100.29,104.39,99.33,100.6,24591664
1646663400,99.56,103.36,98.6,98.66,20679440
1646749800,99.32,100.91,95.57,97.5,23275463
1646836200,100.26,100.97,98.32,100.93,20853630
1646922600,95.19,95.7,90.82,92.92,37671156
1647009000,93.26,93.95,86.68,86.71,39341801
1647264600,80.7,82.45,77.08,77.76,69992642
1647351000,75.1,80.14,73.28,76.76,86209274
1647437400,92,105.74,87.12,104.98,159834315
1647523800,99.14,101.89,95.77,100.37,80663212
1647610200,100.5,111.74,99.6,108.3,83781781
1647869400,102.81,105.68,98.7,103.59,58882855
1647955800,114.01,118.24,112.37,114.99,88193397
1648042200,115.7,124.1112,112.68,117.24,81605666
1648128600,112.86,116.5,110.82,115.15,55850182
1648215000,110.53,113.86,109.4,112.99,42396477
1648474200,113.86,116.23,111.92,115.09,30168019
1648560600,118.36,119.6,115.74,116.71,28060916
1648647000,115.54,120.1022,115.54,116.58,28381709
1648733400,115.03,115.09,108.71,108.8,31240219
1648819800,117.62,118.95,109.75,110.2,55873017
1649079000,115.7,118.22,113.375,117.5,39118587
1649165400,115,115,110.23,111,35226039
1649251800,109.24,109.47,106.12,107.68,23739792
1649338200,106.68,107.53,102.61,104.27,26814264
1649424600,104.48,106.47,103.3285,103.53,20814870
1649683800,101.09,103.92,99.16,101.55,23504132
1649770200,101.18,102.33,99.39,99.75,23953624
1649856600,99.24,101.35,98.21,100.03,18330407
1649943000,97.29,99.2707,95.305,95.49,20931243
1650288600,93.77,95.2799,91.82,94.71,19159168
1650375000,92.29,93.95,90.95,93.5,23869961
1650461400,93.48,93.7,89.27,89.41,20949708
1650547800,89.55,90.01,85.4,85.99,25639027
1650634200,86.5,90.6801,86.3106,86.49,25130266
1650893400,82.7,86.17,81.8,85.84,24673982
1650979800,85.87,86.24,83.28,83.99,21194574
1651066200,85.32,89.41,84.78,88.32,29351561
1651152600,88.62,90.98,86.94,90.91,17707498
1651239000,101.53,103.52,96.66,97.09,44933353
1651498200,96.41,101.32,95.15,101.21,25479548
1651584600,100.13,102.69,99.43,100.38,15216107
1651671000,97.72,101.57,96.61,101.41,17740624
1651757400,97.94,98.47,94.0501,94.64,18673098
1651843800,93.36,93.86,88.71,90.05,18568583
1652103000,86.955,88.6,84.43,84.84,23338572
1652189400,88.64,88.64,83.51,84.57,23400882
1652275800,85.51,87.52,81.47,81.73,24962414
1652362200,80.68,83.12,78.01,81.09,23833077
1652448600,82.12,88.36,82,87.99,20078383
1652707800,87.7,89.08,86.34,86.48,19644809
1652794200,92.75,94.48,89.54,91.99,27330326
1652880600,90,91.64,87,87.31,18991274
1652967000,86.18,90.09,85.74,87.69,20776427
1653053400,88.7,90.17,84.73,86.79,21020833
1653312600,87.06,87.415,84.76,87.23,13998246
1653399000,84.99,85.12,81.54,82.47,15214413
1653485400,83.72,84.07,81.07,82.31,23093704
1653571800,87.3,95.09,86.73,94.48,50825030
1653658200,92.21,94.5,90.37,93.41,26715972
1654003800,98.33,99.32,95.45,96.05,33790023
1654090200,95.9,96.9299,91.88,93.38,23730920
1654176600,93.67,97.63,93.4,97.5,23228126
1654263000,95.15,96,93.0227,93.21,15855929
1654522200,99.64,102.42,97.915,99.01,37287194
1654608600,99.99,104.4599,99.42,104.32,35958730
1654695000,108.26,121.055,107.81,119.62,92336977
1654781400,115,118.2196,109.44,109.9,72637209
1654867800,113.66,114.82,108.24,109.84,49897034
1655127000,103.61,104.53,97.58,98.52,36396684
1655213400,101.99,106.075,100.83,105.23,28567494
1655299800,106.81,108.63,104.3819,108.03,24026055
1655386200,102.79,104.91,100.51,101.45,22357761
1655472600,112.54,112.75,101.3263,102.24,73019300
1655818200,105.96,107.062,103.87,106.39,33974972
1655904600,104.23,107.1,103.08,105.15,24264479
1655991000,109.96,113.0898,108.0811,112.11,33228155
1656077400,115.3,118.09,114.3,117.62,27029850
1656336600,119.97,121.38,117.88,118.73,21724327
1656423000,118.98,120.93,116.51,116.76,18678983
1656509400,115.81,117.09,113.71,116.03,13793934
1656595800,113.77,114.6,111.38,113.68,13836210
1656682200,113.63,116.625,112.92,116,16679403
1657027800,114.51,120.53,112.14,120.13,21017804
1657114200,118.93,120,115.51,119.12,20222716
1657200600,120.63,125,120.63,122.39,24202036
1657287000,122.26,125.84,120.7,120.9,27221428
1657546200,115.46,115.58,109.33,109.57,31296867
1657632600,110.86,111,107.06,109.21,22318512
1657719000,106.84,110.64,106.75,109.1,16861432
1657805400,107.8,108.54,100.71,103.76,35314898
1657891800,103.49,103.64,97.84,102.44,33572295
1658151000,105.88,106.96,102.95,103.14,20503351
1658237400,103.97,104.82,101.53,104.75,19842524
1658323800,106.24,107.16,102.85,103.96,21897868
1658410200,104.06,106.61,103.68,105.13,17865507
1658496600,104.31,104.7,99.68,100.61,18819831
1658755800,100.5,101.27,98.74,101.06,16604302
1658842200,104.31,105.25,100.81,101.44,28004262
1658928600,102.2,102.97,99.8,102.78,19366620
1659015000,101.92,102.68,95.62,100.55,33875401
1659101400,94.22,94.22,89.11,89.37,59201756
1659360600,89.19,90.54,88,90.34,36050925
1659447000,88.2,94.87,88.2,92.62,34430523
1659533400,92,96.3,90.92,95.72,23921690
1659619800,101.07,103,95.06,97.43,42517833
1659706200,93.07,94.17,90.7301,92.56,27206134
1659965400,91.47,92.75,90.34,90.84,16194085
1660051800,91.19,93.1199,90.6,91.19,16744908
1660138200,91.17,92.95,88.56,92.43,17855365
1660224600,94.49,97.71,93.63,94.87,17521225
1660311000,91.51,94.8,91.43,94.77,17846425
1660570200,93.2,94.63,92.38,94.2,14425111
1660656600,92.69,93.5699,91.4,92.65,12003155
1660743000,91.87,92.39,89.76,89.77,14491455
1660829400,90.05,91.93,88.52,90.74,13418564
1660915800,90.41,91.65,89.18,89.63,12364344
1661175000,89.57,90.88,89.3,90.03,15545032
1661261400,89.17,90.18,86.71,89.83,17345880
1661347800,87.9,94.1482,87.55,92.52,22808330
1661434200,96.06,101.03,94.95,99.89,39170608
1661520600,104.84,104.85,97.61,98,45773441
1661779800,98.96,100.91,96.48,96.6,18323471
1661866200,95.86,96.97,92.62,93.84,17865794
1661952600,96.66,98.62,94.92,95.41,16169039
1662039000,92.75,94.52,91.67,93.71,11929077
1662125400,91.77,93.668,90.77,91.8,12378935
1662471000,89.32,89.47,87.8,88.45,15573459
1662557400,88.52,90.86,87.7564,90.6,12753290
1662643800,88.56,90.1799,88.28,89.52,13291754
1662730200,91.05,92.9,90.72,92.14,10759201
1662989400,92.42,94.84,91.81,94.69,15604001
1663075800,90.76,92.18,89.23,89.47,21149823
1663162200,89.46,89.78,88.17,88.92,10843634
1663248600,88.63,91.095,88.2,88.83,12188847
1663335000,87.7,88.25,85.42,86.43,18751507
1663594200,85.1,87.765,85,87.66,12822134
1663680600,87.95,88.73,85.01,85.8,19129016
1663767000,85.12,85.16,81.5,81.6,23847345
1663853400,82.63,83.28,80.17,80.71,19141219
1663939800,79.26,79.77,77.6,78.8,20492118
1664199000,79.94,80.9855,78.78,78.91,17880572
1664285400,79.43,80.41,77.1,77.87,16975106
1664371800,76.485,81.48,76.28,80.99,20725414
1664458200,78.05,79.19,76.74,79.06,17913631
1664544600,78.74,81.78,78.65,79.99,17116869
1664803800,79.76,80.925,78.05,80.45,13249570
1664890200,83,85.0326,82.34,84.11,18251994
1664976600,84.1,86.29,83.25,84.39,13193991
1665063000,84.07,85.25,83.52,84.32,11583629
1665149400,82.35,83.71,80.755,81.24,11632448
1665408600,79.77,79.79,77.7,79.24,14070870
1665495000,77.38,77.84,74.14,75.37,18387947
1665581400,74.9,76.678,74.03,75.73,13247869
1665667800,72.24,75.78,71.4,75.01,17563437
1665754200,76.05,76.14,72.78,73.02,13697586
1666013400,75.15,77.87,75.11,76.77,14487400
1666099800,78.01,78.64,75.06,76.34,14970556
1666186200,73.28,74.33,70.52,71.27,23094473
1666272600,71.6,74.94,71.55,72.02,19173394
1666359000,71.2,72.79,69.4652,72.18,19526824
1666618200,63.39,64.1,58.01,63.15,101023155
1666704600,65.08,66.1788,61.26,63.22,69302372
1666791000,63.36,69.8,62.92,68.51,53063309
1666877400,65.44,67.8799,65.42,65.84,25812645
1666963800,63.2,64.15,61.82,63.74,28638002
1667223000,63.49,64.8499,63.22,63.58,20645269
1667309400,68.01,68.4512,65.64,65.86,27256999
1667395800,66.48,67.67,64.33,64.7,28298088
1667482200,63.42,66.88,63.4,65.21,23360518
1667568600,71.17,71.64,67.45,69.81,50595584
1667831400,71.3,71.88,68.6722,69.71,26087638
1667917800,67.62,68.92,66.27,68.13,23870184
1668004200,66.43,66.78,64.8,64.84,22099340
1668090600,68.03,69.99,68,69.77,28757183
1668177000,72.32,72.7,69.31,70.77,38723358
1668436200,73.16,74,71.32,71.33,30310714
1668522600,78.93,80.37,77.81,79.3,53150492
1668609000,80.32,80.45,77.41,78.16,26637348
1668695400,76,85.68,75.76,84.26,62050577
1668781800,82.15,82.52,79.86,80.48,29528331
1669041000,78.69,79.06,76.47,76.93,19005149
1669127400,75.44,76.8,74.58,75.99,20694114
1669213800,78.19,78.845,76.85,78.5,19032677
1669386600,75.5,76.05,74.92,75.5,13036881
1669645800,74.74,77.417,74.68,75.88,19119393
1669732200,80.24,80.89,79.45,79.86,24178076
1669818600,82.74,89.625,82.25,87.56,60169613
1669905000,84.35,87.6,84.26,85.94,20243018
1669991400,86.05,91.85,86.05,90.06,35042629
1670250600,92.9,92.9,89.63,90.52,30929815
1670337000,91.88,92.57,89.2,91.45,26675734
1670423400,87.06,89.2595,86.62,88.33,19507404
1670509800,91.97,94.335,91.08,94.17,29241462
1670596200,93.27,93.75,91.225,91.34,15452118
1670855400,90.09,90.889,87.75,89.41,15190207
1670941800,93.45,94.98,90.3,91.41,21150557
1671028200,91.06,91.265,89.5,90.91,15575486
1671114600,93.09,94.08,86.05,86.21,30419400
1671201000,88.8,90.57,86.61,86.79,25084555
1671460200,89.75,89.78,86.5005,87.16,20737008
1671546600,85.04,87.2,85.04,85.92,15315427
1671633000,86.01,88.3869,85.46,87.81,18212852
1671719400,89.08,89.69,86.67,87.97,16004787
1671805800,87.85,88.65,85.5201,85.65,17949298
1672151400,86.55,90.6893,86.21,89.86,22959936
1672237800,88.98,90.15,86.4647,87.2,16268785
1672324200,87.625,89.52,87.06,89.13,12535405
1672410600,87.45,89.41,87.4101,88.09,11926714
1672756200,91.11,94.45,90.75,91.98,27891043
1672842600,98.85,104.52,96.97,103.92,53291751
1672929000,101.4,105.7,100.6401,104.58,30400384
1673015400,104.11,108,102.46,107.4,21072355
1673274600,111.99,113.11,108.12,110.83,42085274
1673361000,112.97,115.48,111.21,114.88,33478575
1673447400,114.6,115.2099,112.31,115.02,22804411
1673533800,113.66,113.79,111.45,113.15,16590604
1673620200,114.52,117.98,114.09,117.01,25615105
1673965800,115.52,117.01,114.34,115.19,16945555
1674052200,116.75,116.75,113.04,113.22,15347918
1674138600,114.02,117,113.97,116.58,18489927
1674225000,118.302,120.06,117.8,119.86,18342688
1674484200,120,120.3,118.1372,119.53,13590219
1674570600,115,120,115,119.44,7807114
1674657000,118.51,120.32,117.5,120.25,9704954
1674743400,121,121.3,118.762,120.57,11170977
1674829800,119.69,119.71,116.81,118.38,18027374
1675089000,111.69,113.15,109.78,111.2,21918217
1675175400,109.42,112.08,108.81,110.2,15329975
1675261800,111.86,113.95,110.15,112.82,16622999
1675348200,112.5,112.525,107.81,109.74,23396932
1675434600,108.05,109.5299,105.81,106.33,15982156
1675693800,103.82,106.28,103.22,105.45,15337475
1675780200,106.84,107.35,103.72,105.5,16861658
1675866600,107.1,107.14,103.55,105.11,14329488
1675953000,108.5,109.81,107.75,108.46,16281295
1676039400,105.8,106.64,102.79,103.65,18776035
1676298600,105.99,106.35,104.15,104.79,17577825
1676385000,103.55,104.48,101.85,104.22,12978395
1676471400,102.39,103.44,102,103.08,18910236
1676557800,102.71,104.52,102.03,103.11,21747094
1676644200,101,101.09,99.25,100.01,18121644
1676989800,96.5,97.625,94.7,95.1,27172733
1677076200,95.575,95.89,93.5546,94.78,24484024
1677162600,100.1,100.47,92.13,94.16,40482949
1677249000,90.07,91.68,88.03,89,36174519
1677508200,90.85,91.24,88.895,89.25,25839998
1677594600,88.46,89.34,87.27,87.79,24597162
1677681000,92.92,92.92,89.73,89.95,35434898
1677767400,88.96,90.919,87.97,89.75,25691768
1677853800,90.11,90.46,88.4,89.7,25834349
1678113000,89.585,91.3001,88.03,89.62,16983867
1678199400,89.52,90.05,88.2,88.73,14514657
1678285800,87.39,87.77,86.45,86.95,14721537
1678372200,85.12,85.69,82.875,83.37,24327736
1678458600,82.64,84.52,82.33,82.96,18124288
1678714200,83.01,83.755,81.97,82.9,17848336
1678800600,82.86,83.91,82.1601,83.85,20126118
1678887000,81.55,82.54,80.15,81.51,21025307
1678973400,81.46,82.48,80.66,82.22,22923290
1679059800,84,84.16,80.62,81.67,23711626
1679319000,80.15,81.9,79.48,81,19536496
1679405400,82.46,84.0875,82,83.7,16529397
1679491800,84.84,85.39,83.51,83.65,21205371
1679578200,87.68,88.38,85.26,86.52,26861427
1679664600,85.87,88.11,85.63,86.9,20349646
1679923800,87.13,88.22,85.5,86.12,18258302
1680010200,95.35,99.51,92.06,98.4,118875179
1680096600,97.59,101.33,96.28,99.92,53695033
1680183000,101.34,105.05,100.5,103.38,57780699
1680269400,102.86,103.6,101.132,102.18,28382576
1680528600,100.89,101.75,97.61,98.39,26888141
1680615000,98.94,101.47,97.26,100.72,26868408
1680701400,99.24,100.45,97.66,98.55,20117745
1680787800,98.53,103.24,98.27,102.74,26849216
1681133400,100.62,102.83,100.59,101.54,16308327
1681219800,102.46,102.54,99.2,99.76,19017682
1681306200,97.82,98.89,93.58,93.84,35515995
1681392600,95.875,97.19,95.095,96.17,24231741
1681479000,95.63,96.12,93.84,94.55,14098698
1681738200,96.74,97.23,95.49,96.42,15714118
1681824600,99.02,99.17,95.1805,95.49,20672320
1681911000,94.6,94.82,92.95,93.49,18985229
1681997400,93.35,93.79,90.05,90.74,25533867
1682083800,89.96,90.19,88.3,89.13,23097341
1682343000,88.4,88.48,86.04,86.89,22757093
1682429400,85.32,85.7,82.212,82.92,36441347
1682515800,85.04,85.22,82.76,82.82,24983000
1682602200,83.07,84.64,82.64,84.47,24506825
1682688600,84.18,85.08,83.87,84.69,18109260
1682947800,84.15,85.28,83.7711,84.16,12909246
1683034200,83.15,83.28,80.6538,81.53,20689482
1683120600,81.305,82,80.49,81.48,17759399
1683207000,82.39,83.13,81.8,82.49,23773830
1683293400,82.75,83.38,82.03,83.22,17527620
1683552600,83.63,83.7,82.34,83.31,17392861
1683639000,80.545,82.66,80.15,82.22,13457351
1683725400,82.14,84.5,81.77,82.95,16868062
1683811800,85.43,88.48,84.82,87.89,28104158
1683898200,86.71,86.71,84.76,85.34,19042794
1684157400,87.13,88.4,85.8329,88.34,23691178
1684243800,87.11,89.3699,87.06,88.76,18177862
1684330200,88.46,91.43,88.01,90.68,27670688
1684416600,90.81,91,85,85.77,60258607
1684503000,83.85,85.2,83.48,83.98,21571832
1684762200,85.67,87.48,85.65,86.1,16951329
1684848600,84.16,84.975,82.7,82.88,19917788
1684935000,82.165,82.6,80.88,81.21,17045795
1685021400,80.59,80.71,78.12,78.78,21811561
1685107800,79.9,81.5655,78.4,80.97,16419963
1685453400,80.12,80.7,78.17,78.67,21209566
1685539800,79.58,79.665,77.77,79.55,16206283
1685626200,79.35,84,79.35,83,23217608
1685712600,85.08,86.03,84.14,84.27,17616090
1685971800,83.99,84.57,83.24,84.4,9592699
1686058200,83.5,87.06,83.37,86.7,18451961
1686144600,85.72,86.95,85.09,85.28,12886683
1686231000,85.17,86.95,85.17,86.14,11280953
1686317400,86.06,86.8377,85.065,85.5,12903414
1686576600,86.01,87.29,85.63,85.86,11575889
1686663000,87.96,89.22,87.25,87.51,16814142
1686749400,87.97,90.12,87.71,89.36,21519342
1686835800,91.46,92.77,90.6,92.2,26570478
1686922200,94,94.29,91.52,92.1,25087713
1687267800,89.83,90.2,87.32,87.93,23382865
1687354200,87.38,89.16,86.62,86.77,15159909
1687440600,86.78,87.315,85.32,86.89,10272698
1687527000,85.81,85.938,84.37,84.92,14907127
1687786200,85.32,86.71,85.21,85.47,10808685
1687872600,86.82,87.615,86.715,87.13,13994520
1687959000,85.75,85.75,84.38,84.59,14113822
1688045400,83.39,83.99,83,83.55,13362547
1688131800,83.23,84.23,83.01,83.35,12174290
1688391000,84.87,85.635,84,84.07,11514390
1688563800,83.98,84.69,82.82,84.3,11203853
1688650200,83.12,83.95,82.64,83.84,12943666
1688736600,86.76,91.57,86.63,90.55,46992145
1688995800,90.05,92.04,89.6,90.56,25401783
1689082200,91.02,92.32,89.01,91.79,20768841
1689168600,94.11,95.03,92.55,94,24161384
1689255000,95.03,97.005,94.6,96.61,24021402
1689341400,95.22,96.09,94.24,94.56,18897112
1689600600,92.25,93.55,91.04,93.41,17317289
1689687000,91.54,92.21,90.15,91.2,20249720
1689773400,93.57,94.71,92.09,92.09,17228055
1689859800,91.69,93.12,91.35,91.9,14752965
1689946200,92.89,93.23,91.54,92.17,13899064
1690205400,92.07,97.4686,91.3,96.35,33376076
1690291800,98.17,98.49,94.61,94.98,25827317
1690378200,94.95,97.545,94.84,97.14,15833421
1690464600,97.75,97.99,95.1612,95.44,18685523
1690551000,98.07,101.22,97.96,100.55,31956520
1690810200,99.79,102.5,99.72,102.16,17726466
1690896600,99.87,101.16,99.3,100.1,14418435
1690983000,97.72,97.74,94.56,95.07,19452332
1691069400,96.71,98.49,96.58,97.58,15462655
1691155800,97.735,98.49,96.69,96.9,13477295
1691415000,97.78,97.8,95.03,96.56,13893855
1691501400,93.51,94.48,92.9218,94.22,13504738
1691587800,96.025,96.3,94.08,94.85,18640070
1691674200,98.31,101.84,97.12,99.21,53193104
1691760600,97.34,97.65,94.34,95.72,25222754
1692019800,94.24,94.45,92.53,93.46,17580971
1692106200,93,93.01,90.7446,91.59,14756289
1692192600,89.63,90.5,88.29,89.12,23292415
1692279000,91.94,91.95,90.26,90.65,15732323
1692365400,87.78,88.36,86.86,88.03,20424821
1692624600,87.6,88.82,87.22,88.57,14167291
1692711000,89.28,89.49,87.86,88.08,11611582
1692797400,88.37,90.59,88.31,89.84,12185729
1692883800,90.49,90.92,89.04,89.11,10684541
1692970200,89.25,90.04,88.27,89.82,11382199
1693229400,91.5,92.77,91.29,92.24,14613754
1693315800,93.45,94.095,92.34,94.03,16927977
1693402200,92.55,94.25,92.47,93.65,13779899
1693488600,92.98,93.36,92.16,92.9,13332433
1693575000,94.55,96.68,94.52,95.01,17470363
1693920600,94.53,95.3921,94.07,94.65,10097585
1694007000,94.15,95.8,94.13,94.45,10123603
1694093400,91.64,91.76,88.955,89.97,18667208
1694179800,89.6,90.3,88.73,90.05,10343582
1694439000,89.73,90.35,87.71,88.71,15773514
1694525400,88.19,89.96,88.18,88.3,10262471
1694611800,87.94,88.29,87.382,87.64,10634898
1694698200,88.55,88.6,87.44,88,8643075
1694784600,87.77,88.22,86.82,87.07,10147651
1695043800,86.15,87.17,85.395,87.02,9291628
1695130200,86.12,87.88,86.08,87.11,9247017
1695216600,86.97,87.5,85.65,85.74,9228231
1695303000,83.86,84.775,83.76,84.11,10638859
1695389400,87.365,88.875,87.11,88.3,22469600
1695648600,85.88,87.27,85.77,87.22,9897193
1695735000,86.46,87.07,85.7,85.91,9666610
1695821400,86.38,86.55,85.3,86.19,7233891
1695907800,84.89,85.89,84.305,85.54,10093639
1695994200,87.29,87.95,86.605,86.74,9654824
1696253400,86.75,87.105,85.89,86.53,8209831
1696339800,84.5,85,83.95,84.54,11448823
1696426200,84.275,84.54,83.6501,84.08,8904691
1696512600,83.52,83.71,82.45,83.67,10334535
1696599000,84.25,86.515,84,86.06,13423653
1696858200,83.91,85.21,83.57,84.85,10880041
1696944600,85.67,87.74,85.57,87.17,13557779
1697031000,88.01,88.7963,87.145,87.78,11111515
1697117400,87.58,87.67,84.2,84.51,16158058
1697203800,84.06,85.49,83.75,84.02,10333073
1697463000,83.7,84.965,82.63,84.31,10075338
1697549400,82.75,84.36,82.56,83.91,8270035
1697635800,82.96,83.73,82.76,83.01,9321627
1697722200,81.48,82.395,81.115,81.61,12624124
1697808600,80.23,80.86,79.783,79.94,14636224
1698067800,79.42,80.9262,79.02,80.51,12715187
1698154200,80.45,83.32,80.44,82.87,17925847
1698240600,81.3,82,80.78,81.03,11390178
1698327000,81.265,83.09,81.2,82.51,13010368
1698413400,83.87,84.12,82.48,82.82,10795598
1698672600,83.63,84.24,83.0112,83.14,8980455
1698759000,81.94,82.54,80.88,82.54,12094312
1698845400,81.705,82.49,81.21,82.48,9549988
1698931800,83.65,83.98,83.03,83.41,10606319
1699018200,84.94,86.08,84.5,85.31,15148303
1699281000,86.55,86.72,85.23,85.36,9786396
1699367400,84.86,85.66,84.11,85.41,8829376
1699453800,84.62,85.73,84.48,84.8,8154582
1699540200,84.58,84.69,82.475,82.73,10885073
1699626600,82.41,82.87,81.66,82.75,9797571
1699885800,82.75,83.315,82.08,82.26,11236852
1699972200,82.76,84.535,82.32,83.87,20897615
1700058600,86.96,87.83,85.89,87.07,28991019
1700145000,79.52,80.77,78.2305,79.11,63008526
1700231400,77.02,78.4658,76.75,77.6,35580411
1700490600,76.91,78.745,76.56,78.46,31564894
1700577000,77.85,79.275,77.6,78.94,20525451
1700663400,79.28,79.71,78.13,78.96,18982123
1700836200,78.27,79.07,78.21,78.49,12251659
1701095400,77.555,79.25,77.09,77.53,18248172
1701181800,76.56,76.84,75.26,76.74,23682173
1701268200,75,75.456,74.425,74.67,30969099
1701354600,74.7,74.94,74.01,74.88,17884211
1701441000,73.12,74.14,72.12,73.99,27998595
1701700200,72.67,73.58,72.48,73.03,21074948
1701786600,72.04,72.7,71.92,72.38,19128982
1701873000,72.36,72.95,71.49,71.49,30394488
1701959400,71.545,72.37,71.44,72.33,18966685
1702045800,72.02,72.44,71.83,72.14,16914758
1702305000,70.49,71.61,70.08,71.37,19719315
1702391400,71.38,71.955,70.93,71.39,14725908
1702477800,70.91,71.48,70.12,71.46,21721644
1702564200,71.47,73.24,71.42,72.51,25199289
1702650600,74,75.545,73.32,74.51,31327519
1702909800,74.05,74.23,73.21,73.84,17233510
1702996200,74.4,76.01,74.22,75.39,20939297
1703082600,74.58,75.295,73.33,73.35,27540228
1703169000,74.86,76.29,74.35,76.26,20812090
1703255400,74.5,75.68,74.44,75.28,20004348
1703601000,76.16,76.9687,75.73,75.85,13121280
1703687400,76.28,76.45,75.41,76.11,14904479
1703773800,77.23,77.79,76.98,77.24,18937893
1703860200,77.06,77.635,76.82,77.51,14094635
1704205800,76.05,76.075,74.51,74.76,21739596
1704292200,74.33,76.69,74.07,76.59,24444642
1704378600,75.56,75.725,74.4403,74.66,18454887
1704465000,74,74,72.86,73.01,21725165
1704724200,71.25,73.06,70.92,72.88,21999986
1704810600,71.25,72.12,70.96,72.02,21451778
1704897000,71.38,71.775,71.045,71.41,19540004
1704983400,72.545,73.13,71.53,72.38,18095272
1705069800,72.59,73.43,71.81,71.84,16147285
1705415400,70.13,70.531,69.3,69.46,27606901
1705501800,67.72,69,67.26,68.93,22684440
1705588200,68.6,69.08,68,68.05,19306968
1705674600,67.2,69.905,66.92,69.42,34547701
1705933800,67.28,68.7381,66.63,68.63,27294183
1706020200,72.755,74.5,72.55,74.02,53017674
1706106600,75.285,75.62,74.22,75.2,36503319
1706193000,75.19,75.5,73.56,73.85,23268568
1706279400,73.1,74.72,72.92,74.01,19418234
1706538600,74.67,74.81,72.83,73.58,17537439
1706625000,72.46,73.065,72.085,72.32,17089647
1706711400,71.495,72.94,71.495,72.17,15743608
1706797800,73.155,73.47,72.12,72.46,14445829
1706884200,72.13,72.23,71.05,71.85,18824232
1707143400,72.17,75.15,71.86,74.63,27721028
1707229800,77.045,78.34,75.73,78.23,39361024
1707316200,74.555,76.17,73.15,73.64,53766279
1707402600,71.885,73.2,70.65,70.78,33070577
1707489000,70.8,72.085,70,72.02,18998382
1707748200,72.31,74.13,72.31,73.14,18151149
1707834600,71.96,73.03,71.42,71.6,13560582
1707921000,72.31,73.41,72.23,73.39,12817470
1708007400,73.22,74.14,73.0846,73.82,12078127
1708093800,74.86,75.37,73.9,73.91,16393336
1708439400,73.46,73.67,72.18,73.14,14353321
1708525800,74.48,76.39,74.07,75.58,23533800
1708612200,75.1,76.38,75,76.12,14836613
1708698600,76.48,76.935,75.15,75.96,12301721
1708957800,75.62,76.57,75.34,76.51,13973149
1709044200,77.53,78.05,77.25,77.68,14490200
1709130600,76.02,76.18,74.45,74.59,16905340
1709217000,74.68,75.04,73.8,74.03,12549172
1709303400,74.48,75.09,74.37,74.62,11980147
1709562600,73.73,73.73,71.7,72,19550071
1709649000,71.25,72.71,71.04,72.07,15804478
1709735400,74.2,74.72,73.61,73.71,19785292
1709821800,72.6,72.7575,71.76,72.54,12374675
1709908200,72.81,73.76,72.76,73.55,16430409
1710163800,74.63,76.06,74.55,74.86,13510363
1710250200,75.87,76.48,75.215,76.06,13314717
1710336600,75.94,77.45,75.94,76.39,15319792
1710423000,75.235,75.39,73.23,73.4,18923480
1710509400,73.575,74.13,73.39,73.42,10233671
1710768600,73.42,74.02,73.33,73.52,8542538
1710855000,73.08,73.735,72.85,73.42,8164247
1710941400,73.55,74.33,73.3,74.18,11123241
1711027800,74.3,74.74,73.77,73.83,11860655
1711114200,72.48,72.62,72.04,72.13,12771525
1711373400,71.94,72.49,71.36,71.46,12422139
1711459800,71.84,71.87,71.09,71.48,10881917
1711546200,70.89,71.69,70.5825,71.59,13281277
1711632600,72.08,72.59,72.055,72.36,14073414
1711978200,73.24,73.582,72.81,73.37,14311746
1712064600,72.57,73.14,72.51,72.88,17290351
1712151000,72.42,72.87,72.11,72.44,11777913
1712237400,72.98,73.23,71.9,71.95,11087058
1712323800,71.68,72.025,71.41,71.66,12260274
1712583000,71.96,72.39,71.56,71.71,10560049
1712669400,72.37,73.24,72.31,72.99,14075949
1712755800,74.445,75.17,73.74,74.59,20572164
1712842200,75.215,75.43,74.37,74.85,14986818
1712928600,72.94,72.98,71.29,71.29,18231428
1713187800,71.73,72.05,70.17,70.62,15903893
1713274200,70.02,70.3074,69.29,69.61,17478883
1713360600,69.71,70.01,68.725,68.82,12760587
1713447000,69.09,69.625,68.8,68.88,9491021
1713533400,68.42,69.15,68.36,69.07,13084098
1713792600,69.695,70.9,69.12,70.68,15015564
1713879000,71.08,72.8,70.99,72.51,15268166
1713965400,73.74,74.7,73.5,74.63,16375157
1714051800,73.805,75.2,73.805,75.11,11921914
1714138200,76.185,76.93,75.06,75.55,14216073
1714397400,75.65,76.53,75.22,76.41,13226204
1714483800,75.89,76.29,74.48,74.85,12855978
1714570200,74.99,76.25,74.87,75.51,10568660
1714656600,77.59,81.415,77.16,80.33,36663857
1714743000,81.27,81.37,79.7,81.33,19355807
1715002200,81.755,82.22,80.5,81.55,11826084
1715088600,79.93,79.93,78.815,79.37,14589103
1715175000,77.92,78.99,77.81,78.46,11327088
1715261400,79.5,79.92,78.71,79.46,9627274
1715347800,80.08,80.52,79.77,80.04,10819572
1715607000,82.71,85,82.6,84.6,32010693
1715693400,79.65,80.51,77.72,79.51,44687713
1715779800,80.39,81.13,79.78,80.99,17803260
1715866200,81.96,87.49,81.646,86.7,47259474
1715952600,87.6,90.46,86.83,88.54,35152879
1716211800,87.47,89.24,86.95,88.28,16737222
1716298200,86.52,87.17,85.32,86.13,16512390
1716384600,84.61,85.13,82.68,82.68,19717820
1716471000,81.43,82.94,80.05,80.8,23930255
1716557400,80.5,82.56,79.73,81.26,41456371
1716903000,80.8,81.72,80.04,80.58,15211752
1716989400,78.76,79.36,78.23,79.06,18448528
1717075800,78.865,80.2,78.7,79.63,13895740
1717162200,77.96,78.4999,77.17,78.34,20023892
1717421400,79,79.32,77.22,77.9,14244431
1717507800,78.18,78.857,77.775,78.45,10784382
1717594200,78.98,79.935,78.86,79.83,13716208
1717680600,79.42,80.055,78.76,80.01,11205277
1717767000,78.95,79.32,78.135,78.41,12190292
1718026200,78.57,79.74,78.24,79.3,9490137
1718112600,79,79.08,77.67,77.9,11108400
1718199000,78.75,78.79,77.64,78.04,12069553
1718285400,76.5,76.99,75.49,75.68,14026743
1718371800,74.21,74.29,73.26,73.35,18282714
1718631000,74.025,75.08,73.83,74.55,13521132
1718717400,74.085,75.1,73.85,74.46,10305285
1718890200,74.57,75.2493,74.03,74.35,9709377
1718976600,73.79,74.6499,73.67,73.67,10410815
1719235800,74.12,75.935,74.12,74.79,20134412
1719322200,74.5,74.76,73.6101,73.79,16986435
1719408600,73.925,74.35,73.67,74.17,7010071
1719495000,73.46,73.55,72.35,72.37,11865132
1719581400,72.37,72.555,71.8,72,10334974
1719840600,72.51,73.02,72.02,72.18,9034233
1719927000,72.32,73.7767,71.97,73.68,13419140
1720013400,74.18,75.805,74.18,75.57,11768517
1720186200,74.67,74.715,73.61,74.52,14928681
1720445400,73.61,73.71,72.95,73.5,10919434
1720531800,74.01,76.06,73.97,75.7,14516557
1720618200,75.28,76.655,75.25,76.01,12235165
1720704600,77.66,78.83,77.4224,78.52,18896930
1720791000,80.3,81.01,79.425,79.65,14857248
1721050200,78.09,78.6,77.45,78.01,12614928
1721136600,77.29,78.58,76.98,78.38,12304469
1721223000,77.86,77.95,76.49,77.04,10815545
1721309400,77.36,78.32,76.3649,76.54,11108627
1721395800,75.66,76.045,75.18,75.27,7557264
1721655000,76.83,77.19,76.26,76.64,9166842
1721741400,75.675,76.32,75.44,76.1,7997090
1721827800,76.15,77.06,75.72,75.8,7924719
1721914200,75.37,76.215,75.13,75.4,8172638
1722000600,75.26,76.77,74.55,76.53,10884540
1722259800,78.46,79.4,78.205,78.62,17364101
1722346200,78.22,78.79,77.7,78,8431939
1722432600,79.33,80.015,78.34,78.85,12178625
1722519000,78.77,79.36,77.84,77.98,8559620
1722605400,76.79,77.47,75.765,77.45,10808670
1722864600,74.03,77.255,73.87,76.98,16143255
1722951000,76.51,78.85,76.51,77.9,12128907
1723037400,78.92,78.94,77.46,77.83,9693911
1723123800,78.85,80.31,78.75,80.31,14004330
1723210200,79.97,80.22,79.195,79.99,7755860
1723469400,80.59,81.5,80.23,80.91,12127711
1723555800,80.965,81.4,80.68,81.1,9365727
1723642200,80.55,80.98,78.07,79.47,18058094
1723728600,77.9,81.88,77.74,79.54,31619351
1723815000,82.05,84.16,81.98,83.18,25249172
1724074200,83.98,84.9,83.49,83.91,14750992
1724160600,82.46,82.6,80.775,81.04,17880059
1724247000,81.85,83.8,81.71,83.53,14689960
1724333400,83.5,83.79,81.83,82.96,9728952
1724419800,84.9,85.79,84.36,85.41,17317996
1724679000,81.89,82.305,80.3703,81.76,29321676
1724765400,82.27,82.65,81.27,81.45,9026068
1724851800,81.125,81.2799,79.205,79.62,14024406
1724938200,81.24,81.465,80.46,81.02,14154155
1725024600,84.72,84.75,82.58,83.34,20027304
1725370200,81.78,83.02,81.7,82.27,11638188
1725456600,82.87,83.4,82.3,82.47,11114067
1725543000,82.105,83.01,82,82.43,8461044
1725629400,82.12,82.62,81.17,81.18,11712670
1725888600,80.93,81.625,80.3199,81.44,10434425
1725975000,83.8,84.3,82.715,83.8,15327768
1726061400,83.575,84.84,83.5,84.81,11551734
1726147800,85.03,85.6801,84.86,85.49,10781344
1726234200,84.39,84.89,83.82,84.69,8985457
1726493400,84.035,84.38,83.26,83.6,11298241
1726579800,84.82,85.77,84.63,84.7,10113889
1726666200,84.85,85,84.04,84.42,7858842
1726752600,87.625,88.565,86.95,88.49,18618354
1726839000,89.22,89.52,88.05,88.29,12277036
1727098200,89.47,91.15,89.32,90.09,19744055
1727184600,96.07,97.5,94.4,97.19,47423157
1727271000,94.38,96.18,94.06,95.46,18816624
1727357400,102.69,105.97,101.76,105.07,67261624
1727443800,105.97,109.43,105.73,107.33,50075194
1727703000,111.72,112.22,106.105,106.12,58695541
1727789400,106.42,112.79,106.15,112.74,44505025
1727875800,115.31,116.57,112.22,115.25,53732816
1727962200,110.9,114.09,110.63,112.84,29266952
1728048600,115.665,115.73,113.75,114.53,25699080
1728307800,117.45,117.82,113.37,117.52,38404022
1728394200,110.1,110.76,108.04,109.68,37414363
1728480600,105.8,109.38,105.62,107.89,28792997
1728567000,108.98,110.84,107.48,109.28,19736630
1728653400,108.05,111.05,107.22,110.14,18042614
1728912600,108.31,110.08,106.92,107.81,21351601
1728999000,103.99,104.41,101.64,101.84,28942615
1729085400,102.505,103.85,101.78,102.17,16432574
1729171800,101.25,101.45,99.55,100.07,15808247
1729258200,103.365,103.365,101.66,102.43,20824610
1729517400,100.475,101.65,100.115,100.91,10328625
1729603800,100.01,101.89,99.8,100.4,20650129
1729690200,100.165,100.22,97.735,98,13638151
1729776600,96.79,97.41,95.52,96.36,13602870
1729863000,98.3,98.9,97.05,97.42,16977095
1730122200,99.03,101.05,98.78,99.93,16044384
1730208600,101.45,101.45,99.53,99.83,13685370
1730295000,98.215,99.8,97.58,98.7,10179903
1730381400,97.8,98.1,96.755,97.98,8379347
1730467800,98.22,98.2999,97.42,97.58,8501018
1730730600,98.82,99.88,98.36,98.4,8681889
1730817000,99.97,101.09,98.955,99.21,10804152
1730903400,95.8,97.32,94.76,96.73,18162861
1730989800,99.26,101.1,99.18,100.14,16340404
1731076200,96.11,96.38,93.69,94.19,24879795
1731335400,96.16,96.8,95.045,95.42,12556730
1731421800,92.68,93.33,91.03,91.78,21641878
1731508200,92.55,92.87,91.28,92,12874522
1731594600,90.89,91.555,90.01,90.58,16946771
1731681000,90.2,90.7,87.23,88.59,31018266
1731940200,88.9,89.5,87.85,89.35,13513838
1732026600,87.16,87.94,86.8184,87.11,19289022
1732113000,87.04,87.54,86.5,86.77,15174535
1732199400,86.98,87.0395,85.445,85.58,15869218
1732285800,83.6,83.68,82.635,83.13,24999202
1732545000,84.25,85.875,83.75,85.58,15120057
1732631400,85.815,86.08,84.86,85.18,10241468
1732717800,86.97,87.54,86.47,86.59,13607643
1732890600,86.42,87.49,85.97,87.37,7553510
1733149800,86.94,87,85.27,85.95,16537213
1733236200,86.005,86.64,85.38,85.68,13660713
1733322600,85.95,85.99,84.27,84.93,13613702
1733409000,84.795,85.1,83.925,84.15,12979565
1733495400,86.01,86.69,85.9,85.93,11751505
1733754600,92.01,94.12,91.83,92.32,32767317
1733841000,89.785,90.56,89.495,89.83,13859190
1733927400,88.895,89.165,88,88.98,9866019
1734013800,89.035,90,88.49,89.23,9951151
1734100200,88.19,88.39,87.24,87.82,11608633
1734359400,85.96,86.9189,85.87,86.06,13216622
1734445800,85.5,87.6,85.4,87.15,13288728
1734532200,86.391,87.22,84.8279,85,11319469
1734618600,85,85.39,84.24,84.31,13795127
1734705000,82.21,83,81.7,82.28,21270510
1734964200,82.85,85.31,82.77,85.14,20055113
1735050600,85.7,85.89,85,85.52,5235414
1735223400,85.72,87.27,85.56,86.08,12016516
1735309800,84.89,85.27,84.2901,85.06,8629350
1735569000,84.17,84.95,83.53,84.13,10730977
1735655400,84.42,85.3499,84.42,84.79,7414994
1735828200,84.39,85.43,84.2,84.95,10635704
1735914600,85.1,85.55,84.76,85.54,7689521
1736173800,86.55,87.3601,85.08,85.52,18077138
1736260200,84.305,85.11,83.78,84.48,11144054
1736346600,83.09,83.79,82.72,83.69,9661837
1736519400,82.25,82.25,80.4,80.53,15393850
1736778600,80.15,81.08,80.06,80.54,10726627
1736865000,82.39,82.65,81.49,81.68,8773675
1736951400,82.63,82.79,82.15,82.44,11655722
1737037800,82.02,82.59,81.82,82.43,7566488
1737124200,83.2,85.59,83.03,85.12,21132362
1737469800,86.87,86.9,84.92,85.38,17099520
1737556200,85,86.54,84.4204,86.4,10354750
1737642600,85.8,86.2,84.96,86.1,9225628
1737729000,86.71,89.19,86.48,89.14,18790950
1737988200,90.59,91.43,89.22,89.9925,25999791
1738074600,90.94,96.43,89.9,96.03,31296275
1738161000,99.39,101.28,96.45,96.72,75052980
1738247400,97.3,103.665,97.14,102.74,45929033
1738333800,102,102.5,98,98.84,36503531
1738593000,96.505,101.87,96.07,98.61,29282916
1738679400,100.59,103.6099,99.68,102.35,29877458
1738765800,100.165,101.82,99.03,99.28,17017947
1738852200,101.25,101.74,99.865,100.38,12774618
1738938600,104.46,107.51,103,103.51,39538154
1739197800,107.32,111.65,106.7,111.32,42429394
1739284200,113.96,115.54,111,112.78,55001297
1739370600,115.82,119.81,114.965,118.33,44024715
1739457000,115.33,119.57,114.76,119.54,34429294
1739543400,126.59,126.8,120.495,124.73,52729816
1739889000,127.74,129.02,125.61,126.9,42152768
1739975400,126,127.7,124.95,125.79,35155218
1740061800,137.81,144.51,131.41,135.97,118848968
1740148200,141.6,145.3,141.1,143.75,73892138
1740407400,135.8,135.8,128.44,129.04,74118310
1740493800,132.79,134.47,130.75,134.01,38881139
1740580200,140,141.95,138.2901,139.08,40670132
1740666600,138.675,140.105,135.87,136.55,23859370
1740753000,130.95,133.9499,130.14,132.51,24862578
1741012200,134.01,134.715,129.56,130.81,22528034
1741098600,129.6,132.1,126.1,129.85,25366513
1741185000,134.37,141.83,133.34,141.03,37284635
1741271400,142.2,144.76,138.09,139.95,35482111
1741357800,142.92,145.36,139.38,140.62,31904363
1741613400,135.995,137.95,131,132.54,33484184
1741699800,138.16,141.3325,136.04,139.02,29094794
1741786200,138.405,138.95,135.28,137.14,23880904
1741872600,134.77,140.28,134.34,138.35,20516289
1741959000,141.35,141.82,139.45,141.1,17381919
1742218200,140.16,148.43,140.03,147.57,33896965
1742304600,146.38,146.87,142.5,142.74,20950126
1742391000,145.07,145.2,141.87,143.2,16333817
1742477400,137.175,138.99,136.37,136.91,23646782
1742563800,133.99,136.47,133.3,135.14,13970265
1742823000,136.33,136.43,133.63,134.48,14019013
1742909400,132.94,136.245,132.35,132.75,17943385
1742995800,133.53,134.66,131.13,132.24,16023418
1743082200,133.45,137.785,132.88,135.63,16688316
1743168600,133.5,134.21,131.4,132.43,13271493
1743427800,130.03,132.87,128,132.23,12183816
1743514200,132.75,134.1,131.53,132.7,11627512
1743600600,131.96,132.83,129.15,129.79,21240902
1743687000,125.645,130.67,125.5,129.33,30607587
1743773400,117.57,118.87,111.3004,116.54,57154549
1744032600,106.62,114.12,102.64,105.98,61386612
1744119000,108.26,109,97.75,99.37,52100163
1744205400,100.6,107.04,95.73,104.78,74981920
1744291800,106.86,108.45,101.37,104.18,53133403
1744378200,104.78,108.0439,102.19,107.73,40522778
1744637400,111.87,116,111.7,113.97,32926103
1744723800,113.78,114,111.47,112.28,16172344
1744810200,108.175,108.97,105.95,106.75,18031571
1744896600,110.835,111.515,108.42,108.87,17884952
1745242200,108.73,110.23,107.2701,110.15,12145693
1745328600,114.36,117.43,113.01,115.88,27662424
1745415000,119.59,123.81,118.75,118.97,25762785
1745501400,117.935,119.34,117.58,119.29,13695999
1745587800,118.58,120.49,118.27,120.28,9306404
1745847000,119.5,120.67,117.29,118.37,10748004
1745933400,117.73,119.88,117.69,118.88,8295478
1746019800,119.09,119.94,118.19,119.43,10144809
1746106200,120.19,121.45,119.36,120.53,8690227
1746192600,126.005,126.62,124.2502,125.76,18092542
1746451800,125,127.13,124.71,126.57,9868775
1746538200,128.455,129.73,127.485,127.66,17919707
1746624600,124.91,124.965,122.91,123.23,16024031
1746711000,125.35,126.815,124.17,125.79,10846828
1746797400,126.99,127.77,125.19,125.33,11172185
1747056600,133.87,134.07,132.3,132.55,22631735
1747143000,131,133.031,130.2,131.65,16123609
1747229400,134.075,134.51,132.65,134.05,18278334
1747315800,126.24,126.32,122.65,123.9,35442760
1747402200,125.78,126.1,123.31,123.46,20089993
1747661400,120.18,123.06,120,122.96,11197016
1747747800,124.29,125.22,124.15,125.16,11789999
1747834200,125.45,126.06,122.77,123.59,8521416
1747920600,121.49,122.1699,120.92,121.48,7820944
1748007000,119.58,121.0417,119.2838,120.73,7163427
1748352600,119.875,120.005,118.89,119.52,8544496
1748439000,117.45,117.92,116.51,116.74,11707735
1748525400,119.035,119.34,116.7,117.18,12392828
1748611800,115.01,115.07,111.6,113.84,17213209
1748871000,114.9,115.4,113.6586,114.75,13147154
1748957400,115.38,115.81,114.415,114.97,14008938
1749043800,116.815,120,116.66,119.45,18115450
1749130200,120.95,121.55,119.14,119.96,15375413
1749216600,119,119.77,118.22,119.38,9753173
1749475800,121.09,122.155,120.12,121.48,10410563
1749562200,120.615,122.16,119.88,121.88,8892757
1749648600,122.63,123.46,120.05,120.33,10443073
1749735000,117.52,117.55,115.95,116.62,10204450
1749821400,113.67,114.78,112.269,112.87,13355129
1750080600,114.98,116.9,114.87,115.96,10242923
1750167000,115.94,116.61,115.03,115.03,10205739
1750253400,113.64,114.3,113.02,113.49,14002314
1750426200,114.11,114.4273,112.6215,113.01,12737319
1750685400,112.115,113.09,111.26,113.09,12536509
1750771800,114.615,117.32,113.62,117.01,17125097
1750858200,117.2,117.45,114.17,114.55,12835548
1750944600,114.1,114.2,113.38,113.93,8388014
1751031000,114.37,115.5,113.32,114.08,12355492
1751290200,112.46,113.49,111.4,113.41,10457272
1751376600,112.95,114.79,112.74,113.97,9243164
1751463000,111.57,111.82,110.37,110.71,13843810
1751549400,108.335,109.08,107.95,108.7,11847157
1751895000,107.43,108.2,105.94,106.27,17446167
1751981400,108.765,109.13,107.91,107.99,11319872
1752067800,105.48,105.525,103.71,103.83,24609268
1752154200,105.14,106.76,104.4137,106.64,13554454
1752240600,106.91,107.42,106.3,106.72,10774594
1752499800,107.645,108.8,107.19,108.22,13231335
1752586200,114.655,117.215,113.203578,116.97,34785371
1752672600,115.5,116.03,114.0401,115.73,14438970
1752759000,115.04,118.2,114.86,117.3,14573568
1752845400,121.38,122.16,119.77,120.23,26787681
1753104600,119.51,122.31,118.25,120.27,17937612
1753191000,120.44,121.84,119,120.71,11551511
1753277400,122.795,123.865,121.4,122.58,12874232
1753363800,121.85,123.99,120.45,121.15,11378418
1753450200,120.19,120.48,119.34,120.03,7060560
1753709400,122.03,123.45,121.53,122.15,11207373
1753795800,122.49,122.87,119.05,119.36,13599708
1753882200,119.045,119.5897,116.84,117.38,12794061
1753968600,117.82,121.34,117.52,120.63,13650447
1754055000,118.06,118.3699,116.11,117.07,12424282
1754314200,118.35,119.49,116.86,117.5,7272111
1754400600,118.1,118.65,116.87,117.04,5885633
1754487000,118.88,121.29,117.77,120.86,12079640
1754573400,121.34,122.28,119.6,120.96,9480594
1754659800,119.32,120.7,118.655,120.36,9763569
1754919000,120.43,121.3,118.12,118.64,12071979
1755005400,118.81,122.79,118.1,122.42,11994896
1755091800,126.69,127.93,125.08,126.86,19362542
1755178200,123.73,123.93,121.34,122.28,15045624
1755264600,120.98,122.1888,120.68,121.26,11141846
1755523800,121.92,123.15,120.9,121.4,8550427
1755610200,121.58,122.58,119.99,119.99,8106147
1755696600,119.92,120.81,118.67,119.49,7095804
1755783000,117.88,119.27,117.51,118.09,8231152
1755869400,120.475,123.4,120.28,122.94,13855325
1756128600,125.18,126.73,123.5,124.35,12888365
1756215000,125.295,126,123.72,124.19,8706053
1756301400,121.2,122.515,120.79,122.23,13833096
1756387800,119.53,121.25,117.6,119.57,14501143
1756474200,128.88,136.65,128.51,135,82165134
1756819800,134.47,138.83,133.06,138.55,41625384
1756906200,136.7,137.77,135.58,136.45,16470529
1756992600,133.16,134.25,130.06,130.92,24730939
1757079000,135.03,135.61,132.7,135.58,19202474
1757338200,139.88,141.22,138.7685,141.2,20095286
1757424600,145.4,148,144.65,147.1,32792264
1757511000,145.42,145.92,143.23,143.93,21079914
1757597400,148.12,156.8486,147.86,155.44,50089164
1757683800,154.07,155.46,152.06,155.06,20903285
1757943000,159.09,159.7,156.73,158.04,23567202
1758029400,158.36,163,157.59,162.21,26017688
1758115800,166,167.32,163.26,166.17,29344345
1758202200,162.5,164.79,161.3,162.48,19529564
1758288600,164.69,166.25,162.61,162.81,18183217
1758547800,163.76,167.435,163.0301,164.25,18667746
1758634200,165.01,167.83,162.8,163.08,18278591
1758720600,175.98,180.16,175,176.44,52642314
1758807000,173.4,175.77,170.435,175.47,20712240
1758893400,172.17,172.76,169.7,171.91,15971139
1759152600,178.08,181.344,177.59,179.9,21576309
1759239000,181.66,182.15,177.1,178.73,18681536
1759325400,179.98,183.08,178.87,182.78,14966893
1759411800,188.58,192.67,188.3,189.34,23687832
1759498200,190.72,191.07,187.1351,188.03,13990883
1759757400,186.5,189.61,186.31,187.22,10973537
1759843800,187.405,188.66,180.44,181.33,16942164
1759930200,180.79,182.09,177.3,181.12,15883673
1760016600,178.52,178.78,172.3,173.68,21211553
1760103000,170.03,172.93,157.25,159.01,50296820
1760362200,167.78,168.79,165.03,166.81,25703058
1760448600,160.05,166.5,160,162.86,18583211
1760535000,168.07,168.1,164.6,165.91,15337377
1760621400,166.52,168.3,164.46,165.09,10979714
1760707800,161.76,169.1,161.15,167.05,17765727
1760967000,167.29,174.97,165.79,173.47,20120474
1761053400,170.52,170.94,166.42,166.67,15662505
1761139800,167,169.67,163.58,165.86,15016541
1761226200,168.97,173.24,168.3166,171.9,12792123
1761312600,174.4,176.44,173.3623,174.7,11840994
1761571800,179.74,180,177.6204,179.45,12580845
1761658200,177.48,179.38,175.24,176.72,11906931
1761744600,180.295,182.5,178.09,179.97,12068930
1761831000,174.32,176.3803,173.78,173.93,10756273
1761917400,170.53,171.45,168.12,170.43,13181435
1762180200,168.31,168.94,165.58,167.69,9702276
1762266600,162.6,166.5,162.2,164.3,9693135
1762353000,164.4,166.88,163.6,164.82,8631419
1762439400,169,170.55,165.52,167.61,12438908
1762525800,162.96,166.38,161.2162,166.34,11581220
1762785000,167.62,168,163.64,165.89,9348727
1762871400,164.59,165.58,160.16,160.8,11354390
1762957800,160.98,161.19,156.2,157.91,13920804
1763044200,164,164,158.5,159.84,17212992
1763130600,156.94,162.62,151.78,153.8,33991002
1763389800,157.98,161.025,156.9,157.71,16911369
1763476200,157.31,161.28,156.7,159.72,12438918
1763562600,159.325,160.97,158.0408,158.89,7949937
1763649000,159,161.39,153,153.28,13466893
1763735400,151.98,155.88,148.64,152.93,16240767
1763994600,160,161.5,158.7,160.73,21796582
1764081000,165.2,166.37,156.15,157.01,27097482
1764167400,159.095,161.46,150,157.6,21453064
1764340200,156.16,158.69,155.68,157.3,7185491
1764599400,160.5,164.8499,159.41,164.26,15321150
1764685800,161.2,161.73,159.12,161.13,9878480
1764772200,157.4,158.4549,156.53,158.08,6967995
1764858600,158.27,158.8,156.41,157.44,6666349
1764945000,159.15,159.49,157.68,158.32,6277149
1765204200,157.57,158.74,156.4129,158.13,7342015
1765290600,154.44,156.6,154.3,155.96,6458051
1765377000,159.64,160.7399,157.5,158.82,10928552
1765463400,155.15,157.05,153.36,156.9,8171243
1765549800,157.765,158.95,153.8,155.68,6708382
1765809000,153.18,153.205,149.58,150.09,11233112
1765895400,148.95,149.97,147.51,149.29,9051912
1765981800,150.6,151.39,146.75,147.09,8271036
1766068200,148.65,149.2,147.116,147.32,6597386
1766154600,149.01,151.47,148.88,149.79,9004211
1766413800,150.405,151.82,149.12,150.96,6779097
1766500200,150.575,151.3,149.27,151.23,5373306
1766586600,150.5,150.79,149.9182,150.06,3274182
1766759400,150.29,152.9799,150.06,152.24,6037198
1767018600,147.72,148.75,147.21,148.49,8900020
1767105000,148.84,149.1,147.35,147.36,6832251
1767191400,146.69,147.37,145.64,146.58,6116035
1767364200,152.62,156.65,151.8014,155.74,15778326
1767623400,155.775,156.55,152.17,156.26,14743961
1767709800,155.22,155.84,150.86,150.9,12998105
1767796200,148.38,148.38,146.61,146.75,12613212
1767882600,146.095,155.29,145.27,154.47,20981676
1767969000,151.33,151.57,148.52,150.96,11437935
1768228200,157.47,167.69,157.47,166.31,35379014
1768314600,165.5,170.68,164.91,167.01,18850362
1768401000,171.57,172.8,169.845,169.9,17475064
1768487400,169.645,173.3,167.34,170.93,12606974
1768573800,169.78,169.85,163.495,165.4,18598277
1768919400,161.83,166.1746,161.68,162.39,9885048
1769005800,167.575,169.865,165.66,168.67,11713726
1769092200,176.43,181.1,174.77,177.18,32031059
1769178600,175.435,175.61,171.94,173.23,13064063
1769437800,169.79,172.99,168.68,171.37,10166147
1769524200,174.05,176.4599,172.2207,172.72,8931278
1769610600,176.25,177.8699,174.5625,175.66,9001486
1769697000,178.34,180.75,171.6,174.25,12062505
1769783400,172.7,174,169.47,169.56,10846082
1770042600,167.98,169.56,167.34,168.39,6551750
1770129000,163.88,165.35,160.61,163.65,10066594
1770215400,162.33,162.85,156.78,159.14,11851371
1770301800,161.14,161.4699,156.71,157.76,10936668
1770388200,160.46,162.86,159.5,162.51,10972061
1770647400,161.89,165.03,160.89,163,7260483
1770733800,163.74,168.255,162.3,166.51,10989984
1770820200,164.09,165.2,161.38,164.32,8756875
1770906600,163.12,163.37,156.96,158.73,11457824
1770993000,152.855,158.11,152.855,155.73,16045579
1771338600,156.375,158.13,153.46,155.43,6803612
1771425000,156.88,157.5,155.57,155.77,4506642
1771511400,155.225,155.5,153.15,154.27,6582473
1771597800,150.85,155.49,150.43,154.45,8758715
1771857000,155.5,156.33,152.57,152.78,6751014
1771943400,152.1,153.73,150.9,153.11,6655157
1772029800,152.8,153.55,150.9614,152.28,5813403
1772116200,148.355,149.06,145.6,148.05,10256414
1772202600,145.46,146.4,143.33,144.11,9780307
1772461800,139.19,143,139.055,142.56,9428263
1772548200,136.38,137.08,133.4,135.59,18476768